time_index,target,adaptive_ridge,adaptive_robust_norm,static_ridge,rolling_ridge,rls,hedge,exp3,fixed_share,passive_aggressive,dma,neural_gate,boosted_meta,ensemble_mean,oracle_best_member,validation_best_member
5947,3.205,3.011858344775926,3.011858344775926,2.883338418605974,3.0199392972857177,3.025592436492608,2.9480884112540577,2.9968076,3.0026173652472536,3.0613786977066844,2.937371656480786,2.996983028949329,2.9740745635938524,2.9058192084204104,2.9968076,2.9968076
5948,3.1283333333333334,3.4707647277516958,3.4707647277516958,3.444689503733624,3.4271308571269308,3.419836693612869,3.279562508511489,3.4125025,3.3914630687468716,3.4665463246010235,3.299127857855937,3.4123473903312327,3.4684372620219266,3.2614152178478597,3.4125025,3.4125025
5949,3.5450000000000004,3.254712543287533,3.254712543287533,3.272062543110091,3.2704681597429346,3.2671603757594663,3.3277501777335647,3.2640297,3.281059419321853,3.2853008608736176,3.318026424770615,3.2641447577096283,3.2298744673430937,3.335134136688792,3.2640297,3.2640297
5950,3.9866666666666664,3.8973299046819636,3.8973299046819636,3.853770624787531,3.9456758011982456,3.964873434401456,3.77312775597028,3.8708934999999998,3.8509906073520015,3.91361177837605,3.7813357243691854,3.870669104531475,3.7847120328325605,3.7712730440553437,3.8708934999999998,3.8708934999999998
5951,4.0666666666666655,3.7459436167267404,3.7459436167267404,3.7667983867539916,3.663033257477501,3.674095175350002,3.7551983194040868,3.7175648,3.7329095312531884,3.7476844078560427,3.7656736237218835,3.7177764349706646,3.7741141049628157,3.7497184761524665,3.7175648,3.7175648
5952,3.6200000000000006,3.701358331537136,3.701358331537136,3.6968525697211367,3.650866249244354,3.657690522979064,3.670521980814454,3.11226847580564,3.7085134781203757,3.7164936204544143,3.716490435359762,3.710922113188933,3.69283407995162,3.638957519211984,3.7114997000000005,3.7114997000000005
5953,2.691666666666667,3.0510607235860494,3.0510607235860494,2.9539133499037957,3.1014267079659708,3.0487404946827037,3.1357512982608324,3.1516637999999997,3.154033494224887,3.084279527283699,3.1940284850353113,3.1513333661998075,2.9407168102503047,3.081478700270743,3.1516637999999997,3.1516637999999997
5954,3.0366666666666675,2.1352101836001145,2.1352101836001145,2.165680323262931,2.17954542233949,2.1118977567386557,2.244323207853082,2.604081227149893,2.265103121145123,2.210357196313349,2.2889642272340094,2.2631242493928494,2.1397507216868927,2.1909114966715224,2.263225,2.263225
5955,1.8249999999999997,2.380751253104826,2.380751253104826,2.222092476455714,2.5519298618823623,2.556886820119839,2.5733016682633405,2.541799,2.5792183701620592,2.5941069280276956,2.669393153011292,2.536686826876636,3.0792031714026757,2.505750082461901,2.541799,2.541799
5956,1.8416666666666666,1.5383346430767166,1.5383346430767166,1.7972226522844261,1.667336118372754,1.6394663933881408,1.8072109588738852,1.7360626000000003,1.7542472264172821,1.7583532866168206,1.7925386157511358,1.736087045435374,2.008183990171054,1.7985441890753386,1.7360626000000003,1.7360626000000003
5957,2.8533333333333326,2.1706662196539313,2.1706662196539313,2.3096986158519517,2.042395552960075,1.976790807296386,1.897958250600788,1.7301096932203972,2.038476448237481,2.0796557074773845,1.9389521709589708,2.0971461241125073,2.2661357606609998,1.893837463205951,2.0980096,2.0980096
5958,2.643333333333332,3.2966075460061828,3.2966075460061828,3.168164597063951,3.1734503406233716,3.1771836583850885,2.788383988394629,3.08602,3.040239926395653,3.275760841606326,2.9584788196041174,3.074332892282074,3.68520868632219,2.7652247554906415,3.08602,3.08602
5959,3.2849999999999997,2.6024124161370406,2.6024124161370406,2.6375835443163087,2.567122291069246,2.554380516644491,2.5255451789771515,2.608555,2.6006231539568008,2.675756372294501,2.602801507391714,2.6085162232865313,2.765731755231365,2.4972576509291438,2.608555,2.608555
5960,3.089999999999999,3.4114236944826484,3.4114236944826484,3.257159596527573,3.5266236875173385,3.507447795515797,3.1926304453925507,3.4111593,3.3907954878563307,3.569138032029728,3.343831389979021,3.4112848503112483,3.71143088106669,3.1471854275526003,3.4111593,3.4111593
5961,3.3216666666666668,3.3043239828330893,3.3043239828330893,3.2542932848171064,3.262022832259537,3.254570796237961,3.113038226025653,3.2383337000000005,3.220047286176693,3.331399087565873,3.1867957070730353,3.238324915821326,3.297890025109801,3.0948518793703803,3.2383337000000005,3.2383337000000005
5962,3.3733333333333326,3.4665416855507285,3.4665416855507285,3.541835983324074,3.417671428004604,3.408635369938431,3.3055281795274043,3.4272697,3.3988224698284766,3.4628748634593984,3.370058161945943,3.42689299060445,3.4558950795088053,3.3041012788473667,3.4272697,3.4272697
5963,3.5516666666666667,3.625425568297012,3.625425568297012,3.6943041724886045,3.5747495565257834,3.5643350009798533,3.4065887795893666,3.4224808493862837,3.5213563179265535,3.6188815064669266,3.483379582021134,3.555364832019304,3.5515063246715646,3.4100758884765345,3.5556165999999996,3.5556165999999996
5964,3.9300000000000015,3.745372952691202,3.745372952691202,3.670454505363542,3.8026005254557975,3.7885130198577857,3.738036589273296,3.7319187999999994,3.7345570827089762,3.7780468412924657,3.7126574056919304,3.7320978644612497,3.764198169356253,3.7401813881389003,3.7319187999999994,3.7319187999999994
5965,3.6516666666666664,3.989832946883981,3.989832946883981,3.9638342482597095,3.930166868021304,3.9408137584872236,3.8334227136079453,3.9158082000000003,3.905970164918405,3.9776824114410476,3.9017807466374808,3.9158905649773987,3.7946279684391238,3.828526880944928,3.9158082000000003,3.9158082000000003
5966,4.006666666666666,3.6986696584986634,3.6986696584986634,3.655566675012168,3.7210716077714374,3.717169784981449,3.7011013501709242,3.6578809381874695,3.699304088118798,3.7265368774240737,3.6953980190120057,3.6938507251338355,3.5299768028535103,3.6986835534785847,3.6937902,3.6937902
5967,4.211666666666666,4.025505267769725,4.025505267769725,4.094650437012635,3.936404369392999,3.9447779144649324,3.845168879239587,3.9623332,3.936690455348041,3.9890463846910023,3.9314845477951907,3.9619859539237376,3.9703240406283156,3.8434962475498717,3.9623332,3.9623332
5968,4.496666666666667,4.150050959172666,4.150050959172666,4.124617771579518,4.190310083459962,4.193399590729904,4.075864525673985,4.1659913,4.151755319920514,4.170507902852022,4.1437353096525005,4.165793752253078,4.1374219338568246,4.070595904565469,4.1659913,4.1659913
5969,4.738333333333333,4.456512715302187,4.456512715302187,4.421897167934348,4.616496479870895,4.608630800524,4.613024411720626,4.551778,4.558544734639755,4.483359491747027,4.532905210715758,4.551760855354445,4.323729506568778,4.615588732892588,4.551778,4.551778
5970,4.443333333333333,4.9937961176812165,4.9937961176812165,5.0237768586044975,5.14724609107681,5.1371307829759365,5.140972087657129,5.0436873,5.0376901640430995,4.961331291318675,4.982317086751147,5.04343825905339,5.065143136043669,5.156144601005486,5.0436873,5.0436873
5971,4.796666666666669,5.107339999613125,5.107339999613125,5.295037639708789,5.24147488545368,5.208332601131354,5.03083222580026,4.325862325304787,5.0372878863479755,4.960786649484704,4.961720229115508,5.101497798968295,4.891863000132103,5.065005899346044,5.101743,5.101743
5972,5.784999999999999,5.083998490669492,5.083998490669492,5.482112334102104,5.0753538258038065,5.052839953633188,5.32791191723686,5.152024,5.118803591567934,4.966748778940455,5.080086668683924,5.151823053318671,5.0479156308170765,5.367081486424279,5.152024,5.152024
5973,6.191666666666668,5.806029773109027,5.806029773109027,5.84856235080001,5.862667403857635,5.890808092822256,5.91930573731651,5.7917438,5.799190789353559,5.7988218000769844,5.800129693306969,5.8559890060401205,5.732269536931991,5.942386075472244,5.7917438,5.7917438
5974,6.836666666666668,6.103469275874955,6.103469275874955,6.191458214989822,6.289396521063709,6.304448617082169,6.191057514811403,6.223253,6.191498516726442,6.326232395908502,6.160788106624548,6.221914330301338,6.092593287082247,6.204909401743827,6.223253,6.223253
5975,6.6033333333333335,6.1594165507274035,6.1594165507274035,6.314746800859966,6.566673004516879,6.607888476429855,6.376788045679088,6.4703349999999995,6.4461395681639,6.783349359151799,6.419623286770324,6.465479953618485,6.393924549239079,6.372792683338323,6.4703349999999995,6.4703349999999995
5976,5.653333333333332,5.982654535675962,5.982654535675962,5.977416088120657,5.966922846504833,6.035520863319565,5.698655447119887,5.9515085,5.912188377278161,6.2131706380718486,5.9273796895211355,5.951018065801515,5.865378498124155,5.688511245877519,5.9515085,5.9515085
5977,5.363333333333334,5.191321225029827,5.191321225029827,5.106555704509265,5.148178939975862,5.176543285875546,5.006449479342236,5.177795,5.142266058108311,5.188413145341526,5.139290222623421,5.177359501936592,4.799296209279826,4.996418575529487,5.177795,5.177795
5978,5.375000000000001,4.582601770229321,4.582601770229321,4.506253166234173,4.785485243711986,4.808727917844401,4.795368913858851,4.7940164,4.800954430679304,4.77737389300343,4.788703952963919,4.7933805732716674,4.65038495395685,4.783349716891921,4.7940164,4.7940164
5979,4.706666666666665,4.69650856152355,4.69650856152355,4.7245898538760285,4.992344180674941,5.0112026235355405,4.898070920708313,4.952602400000001,4.940578482302269,4.991361467522457,4.920775782785169,4.950320670534656,4.9070029814215514,4.890703198477702,4.952602400000001,4.952602400000001
5980,4.5233333333333325,4.382593827772811,4.382593827772811,4.344351745834846,4.431083582869983,4.435369567363142,4.435229143285256,4.4264526,4.422465246095574,4.4233540526273645,4.416422506264614,4.426402057895984,4.305193063567355,4.4366210271619915,4.4264526,4.4264526
5981,4.348333333333333,4.233749626384722,4.233749626384722,4.081784476115036,4.361265723094568,4.352445227142207,4.3863782292934435,4.306164,4.3322787090713515,4.345958155106513,4.321538646457754,4.306535296637819,4.146472798758436,4.383319233703274,4.306164,4.306164
5982,3.9783333333333335,4.132880255366016,4.132880255366016,4.1249426117056265,4.123890971930054,4.128654027772817,4.083287072080457,4.127487,4.123045325552677,4.151359492023821,4.130948191795125,4.127481697586132,4.118786419723316,4.080166837933658,4.127487,4.127487
5983,3.8066666666666658,4.096152474906146,4.096152474906146,4.219866073259566,4.116611536488094,4.077945485644059,4.357545311140979,4.0629144,4.104900845938331,4.160246016123795,4.105614249857045,4.0632644319356555,4.068179651369654,4.390888230914709,4.0629144,4.0629144
5984,3.5999999999999996,4.0964942017318275,4.0964942017318275,4.256220097168957,4.127891803607801,4.079066096164467,4.366673571734432,4.058244680851064,4.095184529516781,4.125281653684696,4.095523453730436,4.075782974937755,4.003655550800754,4.409774122946233,4.0751767,4.0751767
5985,6.325,4.040692865586757,4.040692865586757,4.240323811025549,4.126574474470836,4.046637257445293,4.42608594170636,4.0553737000000005,4.074111570196247,4.074164347893328,4.068031015625035,4.055991496594149,4.009441249350506,4.488319341473533,4.0553737000000005,4.0553737000000005
5986,5.996666666666668,5.792385901403755,5.792385901403755,6.247969455918175,6.6990724224515255,6.707615214750726,6.321774279747894,6.409807700000001,6.383136811966385,6.6413303770084005,6.423621075156498,6.626368199124372,6.508651310060697,6.330764506552605,6.409807700000001,6.409807700000001
5987,3.54406779661017,5.888968508984878,5.888968508984878,5.911776888366224,6.007472074764221,6.024284856871576,6.069891752729494,5.941218,5.939096234054795,5.75869953054887,5.900127757573459,5.941172856895436,5.865917968713743,6.093534065284068,5.941218,5.941218
5988,5.371666666666668,3.735431983714223,3.735431983714223,4.479115166664963,4.112457220485812,4.06404960272909,4.3143634850161865,4.1475425,4.119003137259646,3.9748988941177634,3.9861647618619744,4.147457896755925,4.057769721179129,4.3708397943441195,4.1475425,4.1475425
5989,5.28,5.29313337837071,5.29313337837071,5.335280536385452,5.796219431049748,5.760018108089791,5.40370450162473,5.582995400000001,5.542595180898925,5.499561195136737,5.535359231903387,5.343171360909141,5.70137412819863,5.400874389668637,5.582995400000001,5.582995400000001
5990,5.825,5.2612300287999005,5.2612300287999005,5.230050759735544,5.250460361210818,5.224770173439296,5.141854295480959,5.229318599999999,5.206150530859745,5.07055879684753,5.1873241245727515,5.229282997173952,5.033090435350562,5.144646816545175,5.229318599999999,5.229318599999999
5991,7.165000000000002,5.30978867335201,5.30978867335201,5.333729917525895,5.460166067489038,5.428116474733635,5.394693255636036,5.4321675,5.438822063452559,5.394086946655628,5.519789325836022,5.435281785378335,5.370873710181259,5.383662557240505,5.4321675,5.4321675
5992,6.498333333333331,5.35989898798571,5.35989898798571,5.940003569773552,6.603432848493952,6.502532747148534,6.452070164708951,6.6214004,6.6112834848813655,6.4421333920001755,6.567022589275218,6.504132753658401,6.6721852621714,6.415537643407136,6.6214004,6.6214004
5993,5.511666666666667,6.015074799626152,6.015074799626152,5.847270763512593,5.992086865413919,6.027505198316563,5.766772281912682,5.89537,5.903687413200569,5.949523230398735,6.068615861991615,5.895888861906868,5.755659589963892,5.7489863135646075,5.89537,5.89537
5994,6.246666666666669,5.608692113334645,5.608692113334645,5.465813868454776,5.6049574087189615,5.591293005203768,5.629779268698098,5.5816099999999995,5.582347176936849,5.377336924836751,5.558608301731814,5.581587121044555,5.4739359050645895,5.6369002192016255,5.5816099999999995,5.5816099999999995
5995,6.826666666666667,6.448083689417272,6.448083689417272,6.648144678861798,6.750313871576175,6.665234280673332,6.416965038221578,6.557228,6.504420850528389,6.526194733402386,6.4622795437427545,6.556530306990357,6.4092968601533915,6.434851484252934,6.557228,6.557228
5996,7.405,7.1823666907013255,7.1823666907013255,7.17529492677736,7.715655026848026,7.596589777735927,7.420211254341604,7.4290366,7.393460390601888,7.4630998659043435,7.277953567672331,7.427414050755471,7.263860848780663,7.442864855996312,7.4290366,7.4290366
5997,7.7399999999999975,7.831225381807861,7.831225381807861,7.716383173210687,7.941287113985028,7.874179973167713,7.586832498060927,7.605734,7.585697177100863,7.802433360252328,7.645108424298069,7.605669521555933,7.2463591761109765,7.610152224867206,7.605734,7.605734
5998,8.318333333333332,8.011543389497984,8.011543389497984,8.035446889954695,8.227216021015154,8.071678446874483,7.717314391112806,8.027287,7.936172989614328,8.085516909046024,7.836621053881932,8.025722559359782,7.199013186583865,7.736066731114383,8.027287,8.027287
5999,8.113333333333335,7.644928280734401,7.644928280734401,7.770093769595409,8.260467875376449,8.201549083507587,8.15885145489839,8.01088,8.023523053200027,8.172706336595581,8.038909954514988,8.012205512435013,7.372217870419204,8.168585738242871,8.01088,8.01088
6000,7.873333333333336,7.4708125920599215,7.4708125920599215,7.236598947486145,7.506385070098283,7.4764594101580615,7.598826636970861,7.4555869999999995,7.472730297655062,7.509711332513232,7.477522261707895,7.455679028224212,7.323238073314458,7.607919478820299,7.4555869999999995,7.4555869999999995
6001,7.743333333333331,6.885606408697085,6.885606408697085,6.924009413917156,7.348781819440913,7.317225858936687,7.349017913716626,7.3027773,7.302010292257375,7.477614163333309,7.24958298609228,7.30225641843075,7.22938908169182,7.34602743593368,7.3027773,7.3027773
6002,6.989130434782608,6.471748589062797,6.471748589062797,6.450677483672887,6.981548741882443,6.9490365368353455,6.906954824148923,6.954452000000001,6.953360296066372,7.155031850829586,6.93459623396592,6.953844100761147,6.790892408977818,6.891913635204883,6.954452000000001,6.954452000000001
6003,5.436666666666666,6.037394291275659,6.037394291275659,5.976837340396589,6.25718694416253,6.269952006488245,6.198603143924979,6.2250857,6.226272269016796,6.431056476585612,6.210226576594277,6.225030724493628,6.151932391065518,6.183711725385532,6.2250857,6.2250857
6004,5.547826086956522,5.273336678928207,5.273336678928207,5.084017240701085,5.145480818916669,5.142708815290146,5.088565178166265,5.1454477,5.127696455722472,5.123684325080919,5.07054040466093,5.145382978844127,4.8769597236565305,5.0892809167409245,5.1454477,5.1454477
6005,3.9850000000000003,5.210828725608633,5.210828725608633,5.142829324499683,5.43580281448293,5.378956073525034,5.218210385412786,5.2904205,5.289315968235606,5.445126131756837,5.345914069908137,5.291442269572263,5.004023457201503,5.212710737725269,5.2904205,5.2904205
6006,4.3999999999999995,3.768522498415188,3.768522498415188,4.214042275710139,3.9621523950294417,3.9665994424435222,4.096602834808671,4.046703430522958,3.9540052064210194,3.9900780835281413,3.9960046105881295,3.9236634767855922,3.9579654734386054,4.120304515315856,3.9236455,3.9236455
6007,5.143333333333332,4.508808989484362,4.508808989484362,4.459164602208895,4.689330890261512,4.609251755317345,4.692552734267157,4.909030468031784,4.570857283932567,4.65196598916019,4.628339749945604,4.547698642367589,4.381863128683162,4.706802924007625,4.539326,4.539326
6008,5.01304347826087,5.300972704438072,5.300972704438072,5.371806315379951,5.480066223960511,5.443026950989209,5.252079832601908,5.058510638297873,5.350199822605596,5.503122115194013,5.330851651465196,5.374200152864189,5.124025013514782,5.2546189501499025,5.3750334,5.3750334
6009,4.760000000000001,5.174745708223121,5.174745708223121,5.043847405610619,5.229889409892078,5.183454251761926,5.122725799026734,5.122596,5.122351050083235,5.167770620204962,5.127843585266147,5.122614496537116,4.884300627760202,5.128542476902183,5.122596,5.122596
6010,4.8478260869565215,4.926284041683507,4.926284041683507,4.912320603028894,4.973964729525537,4.929090418491388,4.937665835800156,4.8604080000000005,4.871421451595069,4.889431278391538,4.886062211247517,4.860453525190431,4.747637990749928,4.95075231293116,4.8604080000000005,4.8604080000000005
6011,4.4449999999999985,4.92550050792386,4.92550050792386,4.996317839461206,4.955710370705834,4.927091256593202,4.93396703997046,4.5726818181818185,4.891204345864673,4.893727956966271,4.9107422768596845,4.883452889319038,4.787028601476965,4.944260124969881,4.883382,4.883382
6012,4.371739130434783,4.66738261035833,4.66738261035833,4.677383450725841,4.696288368392379,4.668569530648346,4.654871238281942,4.6267447,4.627350391505916,4.579123384935853,4.6306089004773385,4.626714958483279,4.5915944539615365,4.666308658562832,4.6267447,4.6267447
6013,4.711666666666668,4.672975291983071,4.672975291983071,4.614551811901143,4.736174083929694,4.633817264053822,4.664741097780916,4.186730945821854,4.575025127294436,4.6185512173648915,4.68301981884001,4.541641103565703,4.330110732106237,4.677569432440161,4.5413485,4.5413485
6014,4.708695652173913,4.952899033808038,4.952899033808038,4.989180685067728,5.087430205419957,5.0186775900563285,4.998301949087869,4.947127,4.957849505025538,4.931725488297653,5.000964214421173,4.947350849081392,4.916259984468044,5.007469223346542,4.947127,4.947127
6015,4.831666666666666,5.122953744081,5.122953744081,5.077002619173435,5.17448585291277,5.1304171615605325,5.036296992796275,5.0715556,5.0528716988683495,4.943960393322073,5.028480000235289,5.071503237060329,4.875204165571812,5.045864587686429,5.0715556,5.0715556
6016,4.028260869565218,5.0818920841428845,5.0818920841428845,4.960304372958602,5.058555594728544,5.0284592923693,4.9155882011872105,5.008934,4.989363420805682,4.88372954493536,4.9757351787617035,5.0088867383451845,4.815368747037132,4.913147898977387,5.008934,5.008934
6017,4.483333333333333,4.702730752773583,4.702730752773583,5.065861949927354,4.795416796974487,4.776436494215494,4.700921715826851,4.72215,4.682852635577636,4.585171821775121,4.627612586349052,4.722068094270742,4.618547331698756,4.730604078103104,4.72215,4.72215
6018,6.13913043478261,5.484220999013358,5.484220999013358,5.632120720346155,5.509417274738358,5.444036009001881,5.2160207442962765,5.3529706,5.281258579653828,5.1681640816496515,5.222449872247427,5.351170890003559,5.069653105006313,5.245340315801941,5.3529706,5.3529706
6019,6.823333333333334,6.70306144934978,6.70306144934978,7.0144098132349075,7.04679873571483,6.9807481681734735,6.586366547069213,6.8506613,6.783975071535305,6.597476570746775,6.732644886653755,6.851514554626074,6.839775164952297,6.601566566003685,6.8506613,6.8506613
6020,7.658695652173913,7.3111887335161265,7.3111887335161265,7.286205444394925,7.595833605126929,7.519204779383447,7.475089537102571,7.433995200000001,7.404825962028301,7.001369997425259,7.336883790536535,7.433411020404156,7.2747574037417575,7.497399017738395,7.433995200000001,7.433995200000001
6021,7.771666666666669,7.960740682411749,7.960740682411749,8.061730574273088,8.259925097693262,8.15833043180237,7.84034827573363,7.995758500000001,7.96164826561723,8.120942088059444,7.957459725827482,7.9945798961346455,7.231468559300852,7.8586452066574095,7.995758500000001,7.995758500000001
6022,7.232608695652174,8.086646059769418,8.086646059769418,8.229434069017099,8.242541934559164,8.149377153041021,7.851935025687576,8.073875,8.021974029518933,7.9911510855871875,7.993704884945694,8.072778614929614,7.201827235242407,7.871928463836523,8.073875,8.073875
6023,7.603333333333333,7.760910897101624,7.760910897101624,7.817823721328139,7.564188846316691,7.453900196754354,7.413675109196912,7.509848,7.457706714752015,6.9648355317465676,7.438103422850945,7.509379952479155,7.093951465804141,7.445837719101727,7.509848,7.509848
6024,7.221739130434783,7.468616821383751,7.468616821383751,7.510512209052822,7.622548813963436,7.521679715903241,7.534636538499947,7.566930999999999,7.542079571348806,7.366620014920832,7.513636946603908,7.5665332346499525,7.150033389479117,7.555972820997361,7.566930999999999,7.566930999999999
6025,7.306666666666666,7.116781179099338,7.116781179099338,7.190896261754519,7.10557616588596,7.027897157415849,7.0469574606346,7.091622,7.056057323978918,6.93882048495568,7.020239599849052,7.09122932941821,6.73823811715079,7.069017325774273,7.091622,7.091622
6026,6.434782608695652,6.65922282675786,6.65922282675786,6.663737479111477,6.845945439537541,6.769521217821794,6.843537946547201,6.799408000000001,6.8071791977124345,6.847944835813771,6.824628335539418,6.800756233492693,6.561824413251285,6.849294040242889,6.799408000000001,6.799408000000001
6027,4.609999999999999,6.077720447729013,6.077720447729013,5.919833800566591,6.045143467401228,5.972849214325889,6.067207095112322,6.011705999999999,6.018776085910391,5.857735244548767,6.028778725305946,6.011728958182843,5.805424998463154,6.073659084952924,6.011705999999999,6.011705999999999
6028,5.8108695652173905,4.92697517000069,4.92697517000069,5.072662387883568,4.9352748365248855,4.9554810280334065,4.944509205349991,4.767111612469263,4.861527781404672,4.7564975585018665,4.8239562176147555,4.891853048315637,4.7241621651055405,4.976216768914529,4.891914,4.891914
6029,7.9700000000000015,5.500832635741171,5.500832635741171,5.4598318760349756,5.9064234566938305,5.7878738519103035,5.801589958592543,5.676427400000001,5.701082011059166,5.590276685074715,5.743124487279673,5.701753426073788,5.812017424502911,5.8076164142654,5.676427400000001,5.676427400000001
6030,6.782608695652174,5.898524600953751,5.898524600953751,6.742671784125907,7.619972112509395,7.544492455785437,7.2827689878882005,7.389657499999999,7.396963670096835,7.251184719352272,7.566567475828272,7.229055488169699,7.551487453108479,7.253322507122466,7.389657499999999,7.389657499999999
6031,5.15,6.604735007383411,6.604735007383411,6.172143899501823,6.375296672836807,6.292315638324859,6.335531730825149,6.3418209999999995,6.344191700372786,6.0208516950165745,6.337166163971878,6.341827413034881,6.253117340356114,6.3278285465760336,6.3418209999999995,6.3418209999999995
6032,5.4608695652173935,5.56463124102624,5.56463124102624,5.569948525799944,5.347853038698973,5.341379884293438,5.375919843125525,5.4024114999999995,5.368577598324286,5.069076467670101,5.200073098812776,5.402334917157223,5.195539821504215,5.3945594629584575,5.4024114999999995,5.4024114999999995
6033,6.114999999999998,5.637182236933252,5.637182236933252,5.5882646240918605,5.7407676378852095,5.727745121194565,5.62236064648105,5.677284769961458,5.6328182802217635,5.422164953378904,5.644109566849748,5.648431380037129,5.557795481043942,5.632608846927528,5.6493845,5.6493845
6034,6.86304347826087,5.693328287847023,5.693328287847023,5.628693711508964,5.9923616446002175,5.9241045042163165,5.982318106671007,5.8843174000000005,5.9053357088332845,5.715582469695139,6.014402372733581,5.88559930767702,5.706903485630812,5.983640174415569,5.8843174000000005,5.8843174000000005
6035,6.214999999999999,5.998213257443259,5.998213257443259,6.164176952651255,6.632493804881412,6.570738216074439,6.642422795696788,6.5096498,6.536128607137639,6.466392032023734,6.644290180740834,6.515170752270799,6.569471900157694,6.643478063993154,6.5096498,6.5096498
6036,6.3630434782608685,6.103526494576489,6.103526494576489,6.04813079464633,6.1547534947542974,6.057925964553126,6.239922517201958,6.0626016,6.089926377489861,6.0287015594980575,6.160430271879751,6.062660123591586,5.8441647658489515,6.258683367232973,6.0626016,6.0626016
6037,5.903333333333334,6.048838510188625,6.048838510188625,5.989846575148902,6.336436731679621,6.233991044068052,6.3395008793091066,6.0913900000000005,6.151084421687139,6.31228306440001,6.443616389061434,6.0940314760125265,5.936736397863465,6.354272517700942,6.0913900000000005,6.0913900000000005
6038,6.089130434782609,5.915323804271916,5.915323804271916,5.88430556335053,6.071005414754615,6.000247531672315,6.002211236519344,5.8646474,5.881018227760105,5.86189138470554,6.01306334173069,5.864749699250429,5.672835397127265,6.018983670232149,5.8646474,5.8646474
6039,6.498333333333334,5.943506557219852,5.943506557219852,5.799992690077138,6.135413362134044,6.110909654661052,6.0511677479014185,6.015545400000001,6.018827679865433,5.958498810337806,6.088437189539792,6.015562269613396,5.865029050721297,6.055557900832904,6.015545400000001,6.015545400000001
6040,6.702173913043478,5.9983203661098194,5.9983203661098194,6.04413956245133,6.1742472727390405,6.056654426641609,6.1876042805082605,6.1312857,6.155211517078683,6.284751702093749,6.286163041414715,6.132505208580202,6.081085055750062,6.188865578621275,6.1312857,6.1312857
6041,5.545,6.126828024381258,6.126828024381258,6.268126833877606,6.489768077094093,6.3944116867179615,6.562419236290113,6.2105785837651135,6.436052383792106,6.725888880501008,6.437106442816205,6.4191709621445705,6.388094775074496,6.56427795562745,6.417993,6.417993
6042,5.926086956521738,5.908731785477636,5.908731785477636,5.874043867112505,5.705980094298695,5.598170795390797,5.838921150958716,5.7127657,5.720185159562506,5.810064320697539,5.68392826809388,5.712750743492895,5.58908939145862,5.861741972391419,5.7127657,5.7127657
6043,5.294339622641509,6.223227070235188,6.223227070235188,6.331730017670829,6.209225757205392,6.113797842199351,6.152362403533869,5.952352221056307,6.131243351538886,6.336849703908809,6.212997048078651,6.13505246117923,6.080272438058207,6.168329972727998,6.1335809999999995,6.1335809999999995
6044,6.455000000000003,5.970311438008377,5.970311438008377,6.088420616177468,5.861523052061218,5.787568028349284,5.808860641360329,5.8115654,5.778130678850941,5.833187082154177,5.7923108574393325,5.811440196083791,5.6709080283640745,5.83225807677316,5.8115654,5.8115654
6045,5.953333333333332,6.662480150033634,6.662480150033634,6.718671315059311,6.9965405854417275,7.010924908101581,6.596596226389255,6.846964,6.810184706360042,7.0051123218945754,6.911280171527693,6.823881850365406,6.596333202923711,6.592598610477128,6.846964,6.846964
6046,5.275000000000002,6.387003248498888,6.387003248498888,6.032279648961738,6.116577289028296,6.063841237484434,6.048822074390214,6.139296,6.115792298940416,5.940106792933111,6.0814446003721905,6.139259605493182,6.019723547182146,6.049737280362082,6.139296,6.139296
6047,4.963333333333333,5.538954061533176,5.538954061533176,5.32138167951221,5.3177609699118324,5.247368374707481,5.2419891845773705,5.508452614193484,5.317148516952966,5.168667372842012,5.399726124013975,5.318294426460536,4.961165663914981,5.239030584694015,5.318278299999999,5.318278299999999
6048,4.633333333333334,4.810760425705653,4.810760425705653,4.678906644423861,4.718366046841139,4.63569794596876,4.7908905101311445,4.7669725,4.787304203174764,4.587137811219057,4.839187468030023,4.767076141400501,4.535195415607507,4.783409034542101,4.7669725,4.7669725
6049,3.1899999999999995,4.056630383254318,4.056630383254318,3.9511318120483074,3.9523858631272826,3.839327428027534,4.116671999031365,4.0155907,4.069280978278183,3.98282697050228,4.197192063104732,4.016026086013756,3.88658999187052,4.102660943381384,4.0155907,4.0155907
6050,2.753333333333333,3.11567207593038,3.11567207593038,3.124142043962151,2.93530890266738,2.927078612252318,2.997965389714324,3.1093078,3.0938769268943846,3.147281705278061,3.0345234212985845,3.109217921199168,2.877457973479264,2.986866216860862,3.1093078,3.1093078
6051,2.0533333333333332,2.5651728240583167,2.5651728240583167,2.52212513370118,2.334207427681749,2.323366752312326,2.4417646068669168,2.5427754,2.5516280994291582,2.7213435393004355,2.6016329104156406,2.54292805040605,2.29206307275665,2.418400130777294,2.5427754,2.5427754
6052,2.4,2.1023186986413935,2.1023186986413935,2.1827676492762533,1.964012890230513,1.9446405591010367,2.078551114922111,2.333485757268628,2.1270193265951374,2.259008558745643,2.1346341265050723,2.118871442921227,2.0399849337468083,2.064012777076848,2.1188586,2.1188586
6053,2.145,2.5874441769446577,2.5874441769446577,2.4985010738811306,2.378700654055531,2.4523901694613817,2.3439121179511515,2.4734507000000003,2.4803496931840106,2.7335904566489932,2.5982269140936523,2.4766310207725937,2.415623498899188,2.321963298269214,2.4734507000000003,2.4734507000000003
6054,2.7,2.4490609914904624,2.4490609914904624,2.4871582290887018,2.346480375490918,2.4309274621742016,2.248103322157106,2.4342432,2.4126532014018807,2.5513518844919165,2.4417183274017322,2.434300940653899,2.315383061563363,2.231733129249507,2.4342432,2.4342432
6055,2.918333333333332,2.908101798435314,2.908101798435314,2.7755795545218094,2.7119679842198607,2.7538015728402447,2.6786340201834347,2.7848406000000003,2.7921286606845834,2.9168101292809263,2.8636797145589727,2.786966229210256,2.8182264582999856,2.6590649621522777,2.7848406000000003,2.7848406000000003
6056,2.423333333333334,3.1708534760559592,3.1708534760559592,3.0446300937014374,2.962375380123035,3.0472225174214107,2.844469790101898,3.042240918803422,3.1030073975126578,3.1682593910637795,3.1429280965283195,3.121725143767437,3.0508367014925883,2.819077128755926,3.1214576000000003,3.1214576000000003
6057,2.606666666666665,2.6459327562346484,2.6459327562346484,2.668316917585746,2.5276382683333782,2.5592512152994926,2.518861408150603,2.823177945360226,2.645159581457536,2.693892697731867,2.6851283521509615,2.64438220419582,2.58422971145408,2.5055828208281286,2.6442792,2.6442792
6058,2.375,2.883559585921686,2.883559585921686,2.8236839061036307,2.714664082234048,2.7708016087123566,2.6991312149388174,2.658978596159902,2.8080583906384287,2.895421589141245,2.8609465647762864,2.806098996586399,2.7820415885948426,2.6841853468053114,2.8055341,2.8055341
6059,3.280000000000001,2.65253786432681,2.65253786432681,2.7361484170205808,2.556140877812184,2.613360903724422,2.564634273252742,2.5036547212741747,2.6538938602930817,2.702907973996246,2.6906173596051044,2.6566626203968156,2.59301180559682,2.5547752320739003,2.656535,2.656535
6060,3.25,3.5138169976437696,3.5138169976437696,3.388306836842177,3.3134100918618876,3.4585094698146537,3.212027846555551,3.4944396,3.467570408496214,3.5199504773802355,3.5063512560022163,3.495500859820269,3.445688689344852,3.19272925994544,3.4944396,3.4944396
6061,3.3816666666666673,3.542041515139279,3.542041515139279,3.319444584884205,3.219489359096695,3.357200760785681,3.1670873676451627,3.4330826,3.412224509752841,3.4162877578100344,3.44199694442147,3.4332778833196462,3.3515658503426375,3.1456881612696304,3.4330826,3.4330826
6062,3.4983333333333326,3.6330631723813713,3.6330631723813713,3.5050257863580883,3.1621152340930885,3.313942673449486,3.1597399053123603,3.4943226422240383,3.493866221522135,3.468552381165355,3.5099608650370717,3.5313898966269393,3.466627296831888,3.1340096398221817,3.531601,3.531601
6063,3.845,3.654750717218208,3.654750717218208,3.4399434547408454,3.2444152322731408,3.4404249108045457,3.255263936808794,3.5715272000000002,3.5540418570377215,3.5499160509716003,3.5860975103256574,3.57251996914553,3.5207807897132084,3.2233471843538304,3.5715272000000002,3.5715272000000002
6064,3.7849999999999984,3.908485399096209,3.908485399096209,3.7590371927285715,3.389172135151706,3.590705028973845,3.423916412302465,3.643855449156404,3.8141500068583953,3.7639388578549497,3.8233220635515397,3.8476282963371675,3.781244009287554,3.3877963779966866,3.8490982000000002,3.8490982000000002
6065,3.2333333333333334,3.356658163071806,3.356658163071806,3.0284137774282103,3.086355576946688,3.130356469788066,3.286104484287965,3.3332116999999997,3.3973419116190913,3.2857410054465697,3.4399161039081365,3.3361904724528815,3.3894283635327427,3.247670629381888,3.3332116999999997,3.3332116999999997
6066,2.5699999999999994,3.100364300606229,3.100364300606229,2.997982536849927,2.969471009726232,2.945159645672839,3.1029812648896082,3.0992477000000003,3.1427360775864654,3.0928007071025547,3.15954200820443,3.0998723044406975,3.0250382945823304,3.07973709614648,3.0992477000000003,3.0992477000000003
6067,2.6133333333333337,2.525701878768407,2.525701878768407,2.5479961600155483,2.546832916697185,2.4775892082544555,2.669674965285625,2.5606005,2.6140662770843415,2.6363931170041717,2.6278999578292104,2.560966512461368,2.5361921326059322,2.654321358191142,2.5606005,2.5606005
6068,2.8266666666666675,2.665188425305585,2.665188425305585,2.499312465134375,2.7232053113723778,2.7800766480052594,2.7641550637906267,2.7449715,2.7850927070561573,2.7247041334681326,2.782258217792187,2.745613334137899,2.650770757676618,2.7408786954353683,2.7449715,2.7449715
6069,2.72,2.8992671434843444,2.8992671434843444,2.698082189144018,2.808867065349455,2.8710081184634113,2.84013524042937,2.8855221,2.914097583178802,2.879008732532989,2.917781121417664,2.886163032244464,2.8630132359973968,2.8151857681942825,2.8855221,2.8855221
6070,2.978333333333334,2.9996758116729425,2.9996758116729425,2.9869617735229363,2.8499561161540794,2.926917576048558,2.862726791655419,2.9929574365463365,2.9869362948061915,2.9398692395440142,2.993324516832155,2.996162357766707,2.871882120843979,2.849380316676667,2.9962788,2.9962788
6071,4.503333333333333,3.523360487176465,3.523360487176465,3.4422010318959577,3.3920591383825225,3.5636035990331862,3.210006613729302,3.4336010999999997,3.3947067045411763,3.496660331766337,3.4196675957468345,3.433663073060163,3.3843721082869838,3.1993039564964922,3.4336010999999997,3.4336010999999997
6072,4.661666666666665,3.9384193045026294,3.9384193045026294,3.7104692983255587,4.211415726670893,4.358275694019217,4.254801349995387,4.217992,4.251334445166471,4.060577928904831,4.223737618624333,4.217390281826697,4.504260079985636,4.221392908707268,4.217992,4.217992
6073,3.4550000000000005,3.6143882258789173,3.6143882258789173,3.1623584091225423,3.8460598028559208,3.770657355260159,4.071342627821091,3.7274367999999996,3.8196308072396437,3.547407635298052,3.7559591610942586,3.7292996281386994,4.0314381525114555,4.0380773764847895,3.7274367999999996,3.7274367999999996
6074,2.681666666666666,2.5319186759135848,2.5319186759135848,2.613656608852483,2.7218646306947583,2.501464292926512,3.0006889565174593,2.6880924999999998,2.7379364194023923,2.5988331714936606,2.7006165065123167,2.6881806583972114,2.6576918757534687,2.998108688075921,2.6880924999999998,2.6880924999999998
6075,2.766666666666666,2.5742440569163767,2.5742440569163767,2.665297365411653,2.590127073453223,2.539713170577584,2.647464917080871,2.5272197999999997,2.5400805559025974,2.559615629604132,2.530257013760371,2.5273450136821767,2.494471284389082,2.65607883887513,2.5272197999999997,2.5272197999999997
6076,2.966666666666667,3.0273448802083927,3.0273448802083927,3.018011277770136,2.978696877920484,3.118278617222401,2.824218453455492,2.9056985,2.8941630999849206,3.045871993105736,2.9109371237892536,2.9055675816766926,2.918998726377909,2.8271098776399306,2.9056985,2.9056985
6077,3.075,3.18412606174864,3.18412606174864,3.0220587250937143,3.3519214317253203,3.4606457379751268,3.2074663671450905,3.1192424,3.1341330774885945,3.2511696295843557,3.139336210054657,3.1197109371592933,3.0474240268745336,3.211335131882625,3.1192424,3.1192424
6078,2.865,3.2200838148473667,3.2200838148473667,3.2490025202704054,3.31768781836014,3.348436186932689,3.2432682840631144,3.1924099999999997,3.1959883537251104,3.2860327717336673,3.1978037764314706,3.1924652239038305,3.15900940585161,3.2517748757011686,3.1924099999999997,3.1924099999999997
6079,3.3983333333333334,3.055116783645018,3.055116783645018,3.0323513029395164,3.21790949611907,3.25890533302351,3.128254111734909,3.0620556,3.072795485230518,3.1491884199167393,3.071401283527729,3.0621370433528594,3.0077897951872545,3.133225699765599,3.0620556,3.0620556
6080,3.6366666666666663,3.598851590156756,3.598851590156756,3.514048012997034,3.5024481935906477,3.5788623146315715,3.393653504195575,3.5066792999999996,3.4943585900046226,3.5656093102910944,3.5091774865199716,3.5067200595100205,3.5077243269750573,3.38442515556761,3.5066792999999996,3.5066792999999996
6081,4.054999999999999,3.6530035336584796,3.6530035336584796,3.5307503392782924,3.483935865558397,3.6013973117084697,3.419738523498662,3.6397574,3.6174619175595364,3.588440153756541,3.6332356503648278,3.6394398294673276,3.51349829262857,3.3951379873749685,3.6397574,3.6397574
6082,3.9416666666666673,3.997157856319343,3.997157856319343,3.827649735173681,3.8872409472775455,4.104631848261784,3.755620047020266,4.102973,4.06878816951875,3.993764947979994,4.092103834941513,4.1000100196774785,3.9772997727484016,3.7130542956815935,4.102973,4.102973
6083,3.991666666666667,3.9780516927160448,3.9780516927160448,3.743391541618704,3.5788402545262312,3.7200298682160966,3.4639587403175955,3.805894150395127,3.8193568856417013,3.810748777545923,3.844109077610854,3.848791742524062,3.7546610733132324,3.4192759412426956,3.8490028,3.8490028
6084,4.323333333333333,3.928712402016649,3.928712402016649,3.7234916480488134,3.6583611356109724,3.7944716380708328,3.505801124450942,3.643855449156404,3.852914456044552,3.87373078213579,3.8752284484708857,3.8725104435681255,3.81463481145429,3.4558923052178288,3.871861,3.871861
6085,4.040000000000001,4.178239268744365,4.178239268744365,3.983738854408735,3.997487200421862,4.1678296860243,3.8437449986774035,4.225984599999999,4.201788659746708,4.158643692393475,4.221503006872362,4.223554569304018,4.132693050987814,3.7848283094444612,4.225984599999999,4.225984599999999
6086,4.094999999999999,4.144709047631501,4.144709047631501,3.843103622276964,3.847734119707663,4.044038219043607,3.7510184073268493,3.8122162073085466,4.0580049973734615,3.9789124300691263,4.0730190269813855,4.08668056749433,4.025645136680263,3.697652548745637,4.0873356,4.0873356
6087,4.205,4.041581802675812,4.041581802675812,3.7059181036826874,3.869246062060444,4.028953042784723,3.785345947589931,3.8383519684884955,4.009530954373003,3.954105972000502,4.016909588020059,4.0160672184678115,4.030247797579784,3.7305099155078802,4.0158925000000005,4.0158925000000005
6088,3.4099999999999997,3.856363385735332,3.856363385735332,3.5549898042181707,3.64809104402345,3.7553400353982567,3.69148975555336,3.870357,3.877690114329392,3.7872162458754195,3.871424396975623,3.870402123082949,3.8402097770088677,3.626381620832981,3.870357,3.870357
6089,3.141666666666666,2.8753129374669735,2.8753129374669735,2.6788970300635335,2.70863329452722,2.637005908724347,2.932350393070508,2.873998,2.9150220057546288,2.8219075664651023,2.88176968981636,2.8741465721356434,2.7569976145766684,2.87897470763685,2.873998,2.873998
6090,3.0616666666666665,2.864012518744027,2.864012518744027,2.7685182352038606,2.8692374253865114,2.767188840208851,2.9575513800609237,2.8522897,2.894554986102599,2.9422041887612203,2.8706335310814213,2.8544183164250185,2.869815507087666,2.9291679159364143,2.8522897,2.8522897
6091,2.615,2.8140081802126806,2.8140081802126806,2.7181520222846425,2.7975309913226276,2.72604004072163,2.9003793520126324,2.814875,2.853163889611868,2.8834174322691553,2.829082555990872,2.81557614860566,2.750151710872325,2.86752260839545,2.814875,2.814875
6092,2.4633333333333334,2.668781069598161,2.668781069598161,2.5938263252622242,2.7674637602225527,2.7900575942329766,2.766445758030608,2.744179,2.7633936862005393,2.7760270852566746,2.7500556902308153,2.7442975632815054,2.692391328358091,2.7458723812059853,2.744179,2.744179
6093,2.4183333333333334,2.6991500108992126,2.6991500108992126,2.7109001950678797,2.760722295391777,2.7734174641460783,2.7459715053723652,2.7855433925310846,2.7681729855289086,2.7584979832654763,2.763699892474926,2.76348472320435,2.6778019986550508,2.739625683426929,2.7635012000000003,2.7635012000000003
6094,3.5833333333333335,2.8301841124155684,2.8301841124155684,2.8375449528023355,2.9120592817828266,2.9148314547522856,2.8435230428768774,2.8602557,2.8599044792384585,2.8566138349488734,2.862475615189605,2.8602456189903034,2.7193380489715633,2.8480385232785883,2.8602557,2.8602557
6095,4.381666666666667,4.04221606772795,4.04221606772795,3.9420792308208052,3.899862841515538,4.045989113236358,3.6346778921982628,3.8957207,3.85784028921127,3.9904815622522696,3.8971688176976342,3.892037906455076,3.7492586126047924,3.6162169315140287,3.8957207,3.8957207
6096,2.9666666666666677,4.031137649884847,4.031137649884847,4.011945197810173,3.881083474159462,3.865097300499078,3.8778390913052445,3.955664,3.95937067232562,3.9986493601192397,3.965628685849371,3.95712282301675,3.993716060020956,3.8590123039742408,3.955664,3.955664
6097,2.7266666666666666,2.652729650737843,2.652729650737843,3.0240863411651953,2.809237719483825,2.7336654662932154,2.9912500917780087,2.9670419884123582,2.8361181543279352,2.763157042942157,2.813948004840585,2.836470791236351,2.7556867969464642,3.0167022324146044,2.8365626,2.8365626
6098,3.5100000000000002,2.5666909621820944,2.5666909621820944,2.7330367257609893,2.7552848242552495,2.5719013385059672,2.872665051111179,2.5441225,2.5774458309194137,2.593372892851824,2.544557921400009,2.5460753399716713,2.537477602385542,2.9114668394244494,2.5441225,2.5441225
6099,4.28,3.4313378122882825,3.4313378122882825,3.3551097188706733,3.6603196218740033,3.583651339816166,3.6712191199966018,3.3892384,3.4257333305731366,3.4266633738162118,3.3966383054533393,3.5175771236594717,3.751161400454286,3.699823752070008,3.3892384,3.3892384
6100,4.430000000000002,4.261813954835418,4.261813954835418,4.233575257347024,4.434303254688313,4.474109833174538,4.32630882600789,4.274227,4.275875142612519,4.29785854253674,4.2787749035036144,4.276055125156644,4.1639806318262735,4.341899109943071,4.274227,4.274227
6101,4.823333333333333,4.343639577105215,4.343639577105215,4.274416623485705,4.527985414823171,4.566412215708074,4.46351168375007,4.3963695,4.4025126959708265,4.359039986826599,4.397520945936194,4.396355731528235,4.305906610127125,4.4778104123802445,4.3963695,4.3963695
6102,5.208333333333332,4.751543333587079,4.751543333587079,4.717178859784812,4.785925181479029,4.830251429092786,4.725622963715249,4.763787000000001,4.754241985361352,4.764630086577105,4.767811230114032,4.763714515371625,4.654367144248915,4.729814347294457,4.763787000000001,4.763787000000001
6103,4.869999999999999,5.026709356220991,5.026709356220991,5.0177787056682375,4.998308536932979,5.0170564631729135,5.00501477832948,5.054169,5.047237116445514,5.081041108951388,5.064057786645899,5.054615509101889,4.943980877950081,5.00252673547861,5.054169,5.054169
6104,4.496666666666666,4.832805575817705,4.832805575817705,4.842639692121918,4.7357210549575735,4.709258006433404,4.78374907497547,4.7890377,4.786637618610736,4.789244071247851,4.792946344910422,4.789055077772741,4.699821261682832,4.792658093191249,4.7890377,4.7890377
6105,4.244999999999999,4.533102683235295,4.533102683235295,4.474296429502276,4.620085413610314,4.616555333646734,4.641685696234119,4.5391736,4.555319504843476,4.493431194605543,4.544451158301147,4.539239443782784,4.326586705298016,4.654458493854143,4.5391736,4.5391736
6106,4.545,4.26006497870332,4.26006497870332,4.213945060553105,4.26397156259662,4.241970202876023,4.29337134305439,4.2325153,4.245616127224865,4.213678707469055,4.242556565979999,4.232582909915364,4.0883815194825015,4.298725561216573,4.2325153,4.2325153
6107,4.526666666666666,4.334031979515109,4.334031979515109,4.200513125507167,4.308376682689374,4.4087684683815915,4.357825298494162,4.4355793,4.426973513505889,4.313673830417398,4.434134909125451,4.43546470189751,4.258126067255323,4.325111056938713,4.4355793,4.4355793
6108,4.746666666666668,4.427561966962218,4.427561966962218,4.170553928674631,4.340176100014344,4.45905058139604,4.350109742286119,4.439659,4.433589313316464,4.33953158555042,4.440878137325022,4.4397686773223874,4.242383708700503,4.314066490316094,4.439659,4.439659
6109,5.36,4.536390117303226,4.536390117303226,4.325462846720352,4.31308955421797,4.424422152207627,4.3329011430538715,4.53907,4.523263248157908,4.469382398389218,4.544358756495085,4.539299441884552,4.2868485556328775,4.286694970497546,4.53907,4.53907
6110,5.311666666666666,4.693174088436791,4.693174088436791,4.628684026604297,4.672097285638676,4.84765759371427,4.68991423832847,4.9914727,4.976608619853115,4.888059067343148,5.004034626943495,4.9909553816326735,4.9331805516877445,4.624445106498749,4.9914727,4.9914727
6111,5.6800000000000015,4.663532505690286,4.663532505690286,4.499291378651727,4.366761608579074,4.5197002891302605,4.425236166222743,4.7776794,4.760035594965424,4.695281072124796,4.775514461373658,4.776879209595224,4.684783165569916,4.342630414660858,4.7776794,4.7776794
6112,4.379999999999999,4.368735187883524,4.368735187883524,4.408577452320384,4.334819261556703,4.48301428588606,4.520479507233479,4.789142,4.8037097313559585,4.683665171510165,4.795686367504648,4.776907290563809,4.888817995552168,4.411453592365102,4.789142,4.789142
6113,4.121666666666664,3.2920878291493745,3.2920878291493745,2.9705991796363516,3.0469111849915973,3.0027401099570636,3.5396241025642805,3.3295388,3.425079854576012,3.2013899318203505,3.3731039316288323,3.3302799525708076,3.425166495740258,3.453295304752022,3.3295388,3.3295388
6114,3.44,2.76171477215789,2.76171477215789,2.6016882222335154,3.120211046973862,3.1482893963747363,3.4966182926561626,3.1174293,3.2696314792437127,3.058895191100243,3.2625215227908804,3.1403056929075426,3.1881412648444076,3.4102285604649003,3.1174293,3.1174293
6115,1.7383333333333337,2.43265707378655,2.43265707378655,2.2288940373575032,2.5503223813039124,2.5698310440740686,2.8713811811809578,2.573921,2.7010158390804877,2.5900863628483215,2.7028816521164876,2.575592423260371,2.5766154020343173,2.7845367062040602,2.573921,2.573921
6116,1.715,1.8335931904185767,1.8335931904185767,1.977851517894994,1.801973392112013,1.8545576056519153,1.723356333259355,1.9372486999999998,1.9175733707480287,1.8968187217860646,1.9223089371658275,1.9371585968550982,1.7765722538892321,1.662850369270962,1.9372486999999998,1.9372486999999998
6117,2.028333333333333,2.203216159880942,2.203216159880942,2.196677740183623,2.0773133470982588,2.151618626877204,1.8526829155627103,2.065918194292847,2.1254475398507626,2.1674708988089275,2.1473039113396135,2.1552770838342674,2.0661470998212064,1.7912653281413822,2.1555972000000003,2.1555972000000003
6118,2.185,2.324939756747825,2.324939756747825,2.236357992247358,2.213579660087857,2.2629474568555503,2.1031139365721705,2.1879772727272697,2.252883153962186,2.2611457746591777,2.2589811749769746,2.2606362107710707,2.101600361006179,2.0458729125319666,2.2607207000000002,2.2607207000000002
6119,1.9850000000000003,2.091418940841095,2.091418940841095,2.042693426018454,2.028657118207101,2.032557666020664,2.0476577010360906,2.0668802,2.0800504512819056,2.0478662414339217,2.0685213047618385,2.066953890777853,1.9765110171478002,1.999268541713773,2.0668802,2.0668802
6120,1.303333333333333,1.8722729416755275,1.8722729416755275,2.0576779222695776,1.7812513994446282,1.678703294858758,1.8820151775979976,1.8339961999999999,1.8406656638417864,1.8106749064291279,1.8247216379931548,1.8338016757498234,1.9594937920071085,1.8797761184386614,1.8339961999999999,1.8339961999999999
6121,0.818333333333333,1.4008443660317038,1.4008443660317038,1.7974515901283215,1.505963564104234,1.382292051458414,1.5532169636487083,1.4879615,1.4766551571828903,1.2938634810482155,1.455996434348032,1.487840709111274,1.5494501236296263,1.58271798495492,1.4879615,1.4879615
6122,0.3966666666666666,0.8652326046450511,0.8652326046450511,1.3670009646621613,1.1517158529306006,0.9956186578740391,1.1663718542942472,0.9642500000000003,1.0512858083470529,0.6818543414859191,1.0281394318045565,1.0467117989991452,1.2374123759732996,1.2055948043799263,1.0465837000000002,1.0465837000000002
6123,0.7766666666666663,0.6107898813588464,0.6107898813588464,1.0510814512761066,1.1193731996212217,0.9946815271609108,1.0814266690380245,0.8540573,0.8732465354629655,0.37218871692342015,0.8508160654652994,0.8542428707715266,1.0889376287142527,1.134368768396155,0.8540573,0.8540573
6124,2.961666666666666,1.756160663434275,1.756160663434275,2.109701696508832,1.640439780429758,1.5818111400925252,1.3346873413182267,1.2715004976314832,1.5704497035417657,1.4247691287439772,1.5511837378717588,1.6557219891441246,1.702003733443107,1.3674719214403477,1.6572461,1.6572461
6125,4.125000000000002,3.2503604155952717,3.2503604155952717,3.110747129665996,3.419699908519986,3.6278937832431666,2.9448359123477177,3.3356016000000004,3.300590227744631,3.3340191352167423,3.3344444401135136,2.72015688239837,3.656769558668105,2.861021390079158,3.3356016000000004,3.3356016000000004
6126,4.614999999999999,3.9590844038426316,3.9590844038426316,3.5602661473578796,3.895885062552323,4.123468496817167,3.6716281736654053,3.950888748122749,3.9645126292496116,3.9204314651641443,3.9758399688027506,3.971577037751702,4.155163386980808,3.5464663670968726,3.9765832000000003,3.9765832000000003
6127,4.635000000000001,4.164978973626173,4.164978973626173,3.920165989092013,4.133458706472963,4.342315950417051,4.010576094252994,4.320719,4.3066257275138184,4.242312788840671,4.316651863420655,4.311407376963541,4.317158965805167,3.86796296034523,4.320719,4.320719
6128,4.593333333333334,4.181859944731888,4.181859944731888,3.919918818769663,4.118143883432535,4.289178919530547,4.05775442984277,4.2923794,4.287718382709695,4.253657626273691,4.29051613552629,4.28938490770673,4.311919505256649,3.9192558700631923,4.2923794,4.2923794
6129,4.190000000000001,4.092266029191406,4.092266029191406,3.8242372566145915,4.093164491915907,4.232881598270804,4.081089984949791,4.217989,4.225570599931307,4.210475646622056,4.218107943922285,4.217424748402367,4.264699170899267,3.944165984033422,4.217989,4.217989
6130,4.81,4.261530783735673,4.261530783735673,4.047420891333576,4.101819061168534,4.269731028666053,3.8507279691785166,4.232262599999999,4.197958810929941,4.2236678083995605,4.22585505955641,4.230948589665948,4.189290113202946,3.7303104216067404,4.232262599999999,4.232262599999999
6131,3.1033333333333335,4.447436083354116,4.447436083354116,4.292757595891295,4.501042730429099,4.646014634546028,4.288468447842575,4.591629,4.580063470466251,4.6528953116474785,4.591651509493372,4.586517853374655,4.662412242554001,4.1399039695532025,4.591629,4.591629
6132,4.04,3.3202547085319485,3.3202547085319485,3.386398090352923,3.1150614282313076,3.1440073259273666,3.059310893922985,3.2902574999999996,3.261838585594453,3.3125994404244974,3.2838238106497286,3.290139318057319,3.2796222330556444,2.9997296485731764,3.2902574999999996,3.2902574999999996
6133,3.1866666666666665,4.02095669539615,4.02095669539615,3.9650504230238286,4.29830835601633,4.443985658628619,3.921161813738489,4.093503339404975,4.224573885641027,4.311073626580154,4.245996030912287,4.23091458132331,4.199885052999077,3.8018780580135068,4.2463746,4.2463746
6134,2.8916666666666666,3.494717463095531,3.494717463095531,3.5379091103608724,3.284194137626705,3.3390750044863062,3.130892889061352,3.4205080000000003,3.384293840900865,3.481060927405596,3.414984402009251,3.4203742553686416,3.326045018941985,3.072116746739256,3.4205080000000003,3.4205080000000003
6135,2.914999999999999,3.241581884488651,3.241581884488651,3.2964600719759964,3.193468086275896,3.2564201170316087,2.9351998399392727,3.232534,3.1915184383006894,3.2722694756346877,3.2265027746243677,3.2322498379201665,3.0942732272274887,2.8927453059583725,3.232534,3.232534
6136,3.0016666666666674,3.06726691543688,3.06726691543688,3.1632628370489506,2.9431282493024336,2.971323722210442,2.8876252426545492,2.8635810948934513,3.0383007750197795,3.040751391036567,3.0580656773161192,3.0637216932684064,3.020930672715294,2.8585671475673324,3.0640512,3.0640512
6137,2.660000000000001,2.5284172866066013,2.5284172866066013,2.387614347129826,2.5069710740493347,2.4607082421437765,2.8149890752369107,2.5583727,2.6162001882471735,2.561420066443243,2.568387916424613,2.5594369701460513,2.5093136356077768,2.762219443248588,2.5583727,2.5583727
6138,1.2600000000000005,1.8788782314943617,1.8788782314943617,1.6852261271277853,1.8627920456697762,1.839208904921144,2.195779797647623,1.9668964000000002,2.0325161583499574,1.9770185003077339,1.9789922395602237,1.9676736671339965,1.7171154144051988,2.0879984695846607,1.9668964000000002,1.9668964000000002
6139,1.6183333333333334,1.7271917041717493,1.7271917041717493,2.106771747909104,1.7948908109717108,1.8379940996320474,1.570565325591557,1.597299729972998,1.78594824862209,1.6628501396377326,1.820950720894834,1.8281679488128855,1.845199293020193,1.557468238961234,1.8284593,1.8284593
6140,2.206666666666668,2.1599924304484346,2.1599924304484346,2.2307373244765807,2.26550068522117,2.2018959733250756,2.0768205693940764,2.07935,2.0816968157680447,2.076279181013175,2.0817209572950808,2.0796403562820562,2.098209349991693,2.0939450569216995,2.07935,2.07935
6141,2.4866666666666672,2.409621402807332,2.409621402807332,2.289946496425931,2.5239775379557723,2.4567881773915534,2.4600737234206993,2.3431327,2.3696486680517,2.3519381182374266,2.349034917872339,2.3437442481410526,2.434365767878872,2.4510487201811415,2.3431327,2.3431327
6142,1.7083333333333337,2.4776372803693123,2.4776372803693123,2.3445078890951176,2.7070854817000543,2.714956716508085,2.679330247921766,2.5429218,2.564843437366716,2.4317656054582066,2.5442519430400856,2.5430725778769636,2.4867093575404065,2.664420195152881,2.5429218,2.5429218
6143,1.3633333333333333,1.4762515693602132,1.4762515693602132,1.88292235057955,1.8346267582176654,1.7470332727985953,1.9060093052226026,1.907907787469479,1.7530494180747915,1.568390691414518,1.7325178965679284,1.7314401437703388,1.8568981017109376,1.9374152662562285,1.7314023,1.7314023
6144,1.7983333333333331,1.324264707983049,1.324264707983049,1.6261187162136315,1.4752143040131331,1.4149701638096497,1.407184760459565,1.4278849999999998,1.4196432638356327,1.1400873478394975,1.4253151949285376,1.4278042421737402,1.3254792072216754,1.420027819849984,1.4278849999999998,1.4278849999999998
6145,0.608333333333333,1.4195371470609937,1.4195371470609937,1.2522153417747766,1.4631286460541277,1.4234672192615836,1.5442599967689707,1.3967428000000002,1.4184427073268484,1.29257749257988,1.3977703479704555,1.397532201471979,1.4968047507305773,1.494474830461105,1.3967428000000002,1.3967428000000002
6146,0.5216666666666667,0.3032677665981591,0.3032677665981591,0.8737612243713881,0.7514963175438525,0.7035872832478978,0.8004970208522875,0.7240029999999997,0.7180063240689236,0.28330817376015904,0.7186693673762465,0.7239039034294357,0.8657574192359911,0.8084069842431636,0.7240029999999997,0.7240029999999997
6147,2.0733333333333333,1.3462371271912028,1.3462371271912028,1.6239107534767299,1.620450293044732,1.6247369503087956,1.0931170729187505,1.1939203354297687,1.3450190270045526,1.1367661463708347,1.3889082792972998,1.3949422886140939,1.318678561024094,1.1022805043256123,1.3959401000000002,1.3959401000000002
6148,3.2233333333333345,2.7911082566128558,2.7911082566128558,2.412000966798452,2.7755226822590595,2.7587228528000485,2.2759548894949178,2.4783154,2.45863909240504,2.589354867976893,2.478888281330562,2.473398613350198,3.1106619156463733,2.2316439563378054,2.4783154,2.4783154
6149,3.681666666666666,3.7356436032998217,3.7356436032998217,3.3293894806597164,3.7946808862246457,3.897823650419102,3.1559498413028795,3.566095,3.5313180343706465,3.673480634136434,3.5661309195653477,3.564282418723895,3.7285357953161555,3.0604024268520367,3.566095,3.566095
6150,4.35,3.8779036373827815,3.8779036373827815,3.536969430454497,3.6815355808496104,3.790792261847722,3.380912570454688,3.7313294000000004,3.7061989620230564,3.7404593394662373,3.7301838204547675,3.730310199153475,3.8790016024812592,3.2760089869735194,3.7313294000000004,3.7313294000000004
6151,4.165,4.293343690132056,4.293343690132056,4.1319835294574325,4.307905401499086,4.455379343861987,3.921564490200744,4.093503339404975,4.339230926404795,4.384294014556615,4.364559823275675,4.355798424250339,4.391325747865237,3.788959183723117,4.3653703,4.3653703
6152,4.384999999999999,4.1800867472864836,4.1800867472864836,3.820375856723058,3.9475739157263456,4.078429387827391,3.7919852060664105,4.083538,4.06837095164709,4.040803182984909,4.082507768656647,4.082832429239443,4.083126399457306,3.6641524442074203,4.083538,4.083538
6153,4.64,3.998904539168695,3.998904539168695,3.7095854156751535,3.873917637961522,3.979387027969685,3.8148149991473916,4.033824,4.03391165134262,4.054608131119271,4.034343836402964,4.034449315667866,4.085830804727512,3.6631047785006734,4.033824,4.033824
6154,4.700000000000002,4.188511616243185,4.188511616243185,3.913667439276816,4.4047551708826775,4.515763468743037,4.10135646397819,4.394210299999999,4.387171698434222,4.400925180890468,4.394145566558518,4.390010620849772,4.376229915332064,3.9157806886667066,4.394210299999999,4.394210299999999
6155,4.389999999999999,4.4108767785630905,4.4108767785630905,3.9791361655219935,4.347648566809688,4.456646957434723,4.105982352331579,4.4025803,4.392485671781936,4.422462964203795,4.401823383270495,4.399932313703798,4.378644435452983,3.913954271565812,4.4025803,4.4025803
6156,3.2450000000000006,4.241189711365493,4.241189711365493,3.884589455765038,4.101421991424854,4.198308291055544,3.8462055033893465,4.161543,4.146101774515818,4.215754907709634,4.160829356178007,4.160596411981718,4.205998258573264,3.6842684870588993,4.161543,4.161543
6157,3.7383333333333324,3.3341666152289298,3.3341666152289298,3.1762304506675996,3.241203468548468,3.2797422361760846,3.0745715150227193,3.2708302000000002,3.255836853914474,3.329973200065461,3.2689183708940015,3.2706921253004113,3.181405909687399,2.986644407981868,3.2708302000000002,3.2708302000000002
6158,3.5700000000000007,3.572380553265351,3.572380553265351,3.3970535498890793,3.6261544437708375,3.657889998653258,3.409111623156336,3.6166954,3.6093493419076714,3.714867690056361,3.6169071962058,3.6155099035485727,3.6456176836411607,3.2933238763720127,3.6166954,3.6166954
6159,4.811666666666666,3.5935372019380845,3.5935372019380845,3.4718859800723445,3.4246533966691817,3.486563691548792,3.218124000070957,3.5128078,3.488172770275617,3.607506512371801,3.5104542089278263,3.5119717806308675,3.484448479643264,3.1077077779555746,3.5128078,3.5128078
6160,4.148333333333334,4.018893574989878,4.018893574989878,4.098365338251928,4.414800236024819,4.489566022482957,4.1929493696812346,4.4775100401606345,4.434469582130861,4.447422649068772,4.443910289832516,4.391434378022631,4.3788466135823345,4.033272391913095,4.444469000000001,4.444469000000001
6161,1.7083333333333341,3.4669107968435404,3.4669107968435404,3.221028207887322,3.3393500641949942,3.320113021814002,3.657869271015671,3.5063437999999993,3.533488168356426,3.474927572584133,3.506674037300399,3.5064890641819217,3.6616960593815255,3.565712842736056,3.5063437999999993,3.5063437999999993
6162,0.8699999999999998,0.6398788818854269,0.6398788818854269,1.3140950819932122,0.9128525186298737,0.8047393418114663,1.635652791389011,1.2340188000000003,1.2785597825945119,1.449668338917255,1.2355211104039978,1.2340740635483498,1.4811559353967536,1.627847203519592,1.2340188000000003,1.2340188000000003
6163,1.4000000000000001,1.1943319500961356,1.1943319500961356,1.4570492951286864,1.3902996204171405,1.3734418402119943,1.3472184499796755,1.2536601000000003,1.2657854118772627,1.479031611355738,1.2560738870400572,1.2538478391424426,1.305019850958789,1.3545472489519437,1.2536601000000003,1.2536601000000003
6164,1.3683333333333334,1.8978985317893105,1.8978985317893105,1.8788046616243113,1.99154696150624,2.002802400855482,1.628376387422858,1.888000891805216,1.8026666929670117,2.034430196703388,1.8157981110582273,1.8145973530704778,1.753056399316431,1.568997007904919,1.8146981,1.8146981
6165,2.18,1.8670971206808118,1.8670971206808118,2.188385601752043,2.029083755047826,2.0535439664106034,1.7125198884495765,1.9142767,1.8893105070484342,1.906656867002302,1.9112010284961116,1.9140807269414484,1.879323388352751,1.7150683880634903,1.9142767,1.9142767
6166,2.5549999999999993,2.4441720595036753,2.4441720595036753,2.3539689614432797,2.51355800538861,2.448560811266599,2.4018932155506194,2.3640032000000004,2.3702705719596144,2.4313222979285527,2.365370508151142,2.3647550742514336,2.477588807822321,2.398282209247267,2.3640032000000004,2.3640032000000004
6167,2.181666666666666,2.425266941917931,2.425266941917931,2.3577155112500474,2.6256475724020056,2.5204403462866054,2.6112395350891493,2.5285213,2.53306887328816,2.4618049278545127,2.526490900881474,2.5283244790369324,2.506289710291833,2.5927060767113037,2.5285213,2.5285213
6168,1.6883333333333337,1.8270363128678957,1.8270363128678957,1.9953134612046652,1.9618637179072458,1.8996117878017813,2.085864354179907,1.9377130999999999,1.9511209867891786,1.8821437183433622,1.9370981715367888,1.9377593178431487,1.8635915337788962,2.0866598319212253,1.9377130999999999,1.9377130999999999
6169,0.9716666666666668,1.2531114297687775,1.2531114297687775,1.4381658979570227,1.3976673931981867,1.2917437443636883,1.6045028934620338,1.4123153999999998,1.4259129397961972,1.2673384390741176,1.409876049953025,1.412383590675987,1.4870654066652502,1.5982399686674058,1.4123153999999998,1.4123153999999998
6170,0.9833333333333331,0.9206992551559101,0.9206992551559101,1.2235944906288072,1.2188755971887306,1.1614262950132135,1.1018299645247227,1.1046243000000002,1.0937075200310042,0.8413040197959374,1.0993640004676077,1.1045428138089846,1.1404953213280522,1.0731772855216195,1.1046243000000002,1.1046243000000002
6171,1.8033333333333337,1.4943522284122954,1.4943522284122954,1.702358040170814,1.7703708405623968,1.7846995465710958,1.171777954827975,1.5415896,1.485119157802556,1.2894495713535852,1.530979049957161,1.5406389317579032,1.3859168276960023,1.10144309891413,1.5415896,1.5415896
6172,2.395,2.5983675905744623,2.5983675905744623,2.5053555820025544,2.8187046336998414,2.84326735844852,1.9594140381234308,2.1704689498325003,2.3993882733177374,2.5419717148949497,2.446052768268584,2.441839604223743,2.7578776827887532,1.8791761998229144,2.4485416,2.4485416
6173,2.5950000000000006,3.1484676157801674,3.1484676157801674,3.0205129842365364,3.163038338576338,3.2156738391746167,2.3911646638868573,2.1879772727272697,2.859550476994878,3.0218522136359316,2.903342069027552,2.903910305939492,2.9810723500031355,2.301879538585516,2.905247,2.905247
6174,2.6350000000000002,3.099337094715372,3.099337094715372,2.909595337032319,3.1187213502757287,3.1259894976472564,2.5886259283641,2.9559422000000004,2.925495858239687,2.952925518343739,2.954559336983444,2.955483558186658,2.865095494979842,2.483989272237899,2.9559422000000004,2.9559422000000004
6175,3.1399999999999992,3.0869835429387207,3.0869835429387207,2.993139163990418,3.015337682089577,3.0397662680030595,2.6190274071359365,2.9659447999999995,2.935571200378994,2.8845935140818515,2.9640142467441866,2.9655412631385443,2.7918601327454082,2.5215347852426477,2.9659447999999995,2.9659447999999995
6176,3.5550000000000006,3.4718507358756634,3.4718507358756634,3.2876045817860406,3.4551224865599957,3.467541029182023,3.0680120988752577,3.3749697,3.3555784826286867,3.3983065323381823,3.3746339333350432,3.373906786060352,3.439607958258132,2.949694849035645,3.3749697,3.3749697
6177,4.581666666666666,3.7258519463921624,3.7258519463921624,3.571827027791194,3.5799882601542663,3.6349492806978603,3.2892748581638314,3.6188455000000004,3.596126693646062,3.6204002820955656,3.617476084204382,3.616955273433253,3.5505745601996948,3.1601968886280756,3.6188455000000004,3.6188455000000004
6178,3.936666666666667,4.118379283831315,4.118379283831315,4.028092553174026,4.508906197430097,4.537507100748373,4.15307601628641,4.462591000000001,4.448185454884202,4.466759932961246,4.46184663841403,4.433882287252468,4.475528408708167,3.9540624996884124,4.462591000000001,4.462591000000001
6179,4.933333333333333,3.939540079097008,3.939540079097008,3.645335257940469,3.668904992697207,3.7298519692721386,3.4797893433602822,3.7661605000000002,3.748541180993726,3.755755170038877,3.7651399350141204,3.765961603684623,3.8987156700069114,3.3403303435028655,3.7661605000000002,3.7661605000000002
6180,4.5299999999999985,4.133235850607202,4.133235850607202,4.230641416958538,4.552329777581129,4.619168007484789,4.330071401034591,4.641337,4.623225238493057,4.589836384714166,4.639476231496617,4.585511073527878,4.8739009765984775,4.123567038685626,4.641337,4.641337
6181,3.7116666666666673,4.292409580993169,4.292409580993169,3.9809921601404428,4.1895817966511135,4.252538718697734,4.090987510165642,4.313708,4.297946808556855,4.226182721463269,4.310617191357207,4.31192341731009,4.274316144032832,3.9085711890481765,4.313708,4.313708
6182,4.301666666666668,3.7374998935274166,3.7374998935274166,3.5159769455650554,3.573262336774812,3.6257988172735454,3.426834369740679,3.527274476109997,3.641271067599288,3.630074085160018,3.6541942777250305,3.6560401730462955,3.5133208634643203,3.2924774426107284,3.6562347,3.6562347
6183,3.4450000000000003,3.928306822760377,3.928306822760377,3.801324237039371,4.113189303901034,4.144122155388753,3.839509040736422,4.1139107,4.099495241010888,4.111984989997106,4.112827387405032,4.104625966251748,4.0240967948122455,3.6569426313208595,4.1139107,4.1139107
6184,3.1366666666666676,3.25375645307808,3.25375645307808,3.0727337452875645,3.1150338802383417,3.1320666985400836,3.0935927421506495,3.1936786,3.1875274787075085,3.1531514706465225,3.1908476965168915,3.1935129756400364,3.3560145284217406,2.983571484009633,3.1936786,3.1936786
6185,2.411666666666668,2.4358115259447306,2.4358115259447306,2.3463377655827324,2.234911052644053,2.223370055417278,2.742376103149257,2.4907315,2.524871999903068,2.433875766031551,2.4921057401324926,2.491179782873912,2.5307560821839625,2.6638508629977116,2.4907315,2.4907315
6186,1.1083333333333334,1.7530597363780052,1.7530597363780052,1.7296114114865455,1.531855307122568,1.5277657613225415,2.0638496134864575,1.7542903,1.800394146385984,1.7957840487582053,1.7599059441050158,1.7549627575515343,1.8115946919319554,1.9995876316694332,1.7542903,1.7542903
6187,1.6116666666666668,1.3631039223688624,1.3631039223688624,1.8510370849406477,1.5778093349200542,1.561143762281421,1.451133013798934,1.4757422,1.471593485101097,1.4496455519948133,1.4752457932959389,1.4757145680509716,1.4939063019799828,1.4739943166019716,1.4757422,1.4757422
6188,1.7700000000000002,1.9823513281366025,1.9823513281366025,1.9326307616545557,2.1377284817050146,2.0485415863721386,1.8746822647649508,1.9603694999999999,1.9588092889863857,1.9308258276582866,1.9614264598743099,1.960281075645204,1.894313660376146,1.8116036701572702,1.9603694999999999,1.9603694999999999
6189,1.8199999999999998,2.0333175154786733,2.0333175154786733,1.9800482336038008,2.01787843411973,2.0001262708166037,1.7963317781495918,1.9796546,1.964828752400276,1.8879516204113225,1.9788007355134325,1.9795296013930086,1.7601250407280693,1.6936195593348344,1.9796546,1.9796546
6190,1.835,2.1097055517027785,2.1097055517027785,2.2386767520446194,2.1234837759592002,2.1109909985711255,1.973053037584847,1.9985075566125827,2.054247221154869,2.015734336370991,2.062369423469158,2.062744944126211,2.0303997467079746,1.9583909796855519,2.062945,2.062945
6191,3.193333333333334,1.9790753140984967,1.9790753140984967,2.299162782027591,1.993571263443513,1.9876350739240913,2.0389139664983693,1.9780123000000003,1.978070762039302,1.9207031874541602,1.9770558143239314,1.9779280221897981,2.066494571967013,2.108844010242203,1.9780123000000003,1.9780123000000003
6192,1.0649999999999997,3.0015642328843057,3.0015642328843057,2.816826120970328,2.9257160996201437,2.830996951194469,3.116686218325671,2.8996966,2.925025699358343,2.9079129141636773,2.9014768670917475,3.0709571460304157,3.5290867890168833,3.140489319725976,2.8996966,2.8996966
6193,1.0616666666666665,-0.43397609241763124,-0.43397609241763124,1.0652718998188422,0.5073478289247983,0.44287264513494096,1.3338880439847651,0.7613308399999998,0.8184376087570167,0.6559091222389752,0.7616511369997738,0.7614263641384929,1.608942448691578,1.4949322611443598,0.7613308399999998,0.7613308399999998
6194,2.269999999999999,1.6924541335357275,1.6924541335357275,1.6676053512479845,1.4757316477361262,1.411891758773904,1.5755630945811343,1.3888476,1.3936354870958856,1.5170313915985312,1.386568181108622,1.4266570545855886,1.4212603592846205,1.6960404597665053,1.3888476,1.3888476
6195,3.0600000000000005,2.6069684626248337,2.6069684626248337,2.3817279648728324,2.5875410767638076,2.449384272663888,2.4326084018165615,2.4019017000000003,2.405867646535963,2.645724630874035,2.4027922614303723,2.4024621048177592,3.0708247495750416,2.4480619949623668,2.4019017000000003,2.4019017000000003
6196,3.7199999999999993,3.4910311883456333,3.4910311883456333,3.2851142097993478,3.470998521472589,3.4099091930182492,3.060513251467416,3.2103713,3.197823444256561,3.501587687884131,3.212249887391317,3.2108582096708798,3.6516863543225275,3.0426903093614204,3.2103713,3.2103713
6197,4.221666666666667,3.7451093920360523,3.7451093920360523,3.4836018630006733,3.8282189921567524,3.7393690831269892,3.5430717743275393,3.6783772000000003,3.669755286494729,3.784200626193837,3.680352044711956,3.679210953553227,3.576542079719466,3.4806701503238746,3.6783772000000003,3.6783772000000003
6198,4.405,4.312453422084647,4.312453422084647,4.120405241077746,4.404012906436763,4.403775510310036,4.023601105736516,4.294797,4.269902292663558,4.264088115013884,4.2939223556434465,4.293596681374638,4.157478292250486,3.9440613074091333,4.294797,4.294797
6199,4.411666666666666,4.359966375082188,4.359966375082188,4.020590391640116,4.258936750028124,4.2565917082552645,3.9463275868112837,4.256897400000001,4.236375722661335,4.228765315703799,4.256744219477414,4.256675021871134,4.107171490672047,3.804670060075911,4.256897400000001,4.256897400000001
6200,5.057894736842105,4.265717869401204,4.265717869401204,4.06572252411815,4.185105010514342,4.195461785390401,3.9054381196725614,4.2358027,4.212422052371201,4.177709426623449,4.233146102192089,4.233614928843939,4.113339379126024,3.7645727215992006,4.2358027,4.2358027
6201,4.1672413793103456,4.31885585167805,4.31885585167805,4.226678430664613,4.60416737625799,4.558882744238496,4.38510107161409,4.776426940639272,4.648579191942856,4.529987724375536,4.654405849274696,4.649013810969674,4.78888575135261,4.207222073852526,4.65295,4.65295
6202,2.4050000000000007,4.244455569915187,4.244455569915187,3.897914664628507,4.094302234899487,4.089516734638867,3.8580964384194893,3.9804383526443115,4.099331834542426,4.057915975307928,4.1130391854561426,4.114428734669776,3.998837974111383,3.734281168914739,4.114669999999999,4.114669999999999
6203,3.138333333333334,2.375218117750017,2.375218117750017,2.7780159528538793,2.6579363558917453,2.6770572868796845,2.5167720990340587,2.643143226474997,2.606788667335944,2.9462406848818974,2.6163256961356924,2.6183814261797393,2.6345691749599345,2.5023147231320015,2.6184049,2.6184049
6204,2.8949999999999987,3.4407852234626377,3.4407852234626377,3.356706443052875,3.517466521685443,3.540365224780922,3.149761234621724,3.4029186,3.3819588119408386,3.6344992677115475,3.404293119090614,3.3997368215284216,3.3940816783583747,3.0775055400284907,3.4029186,3.4029186
6205,3.31,3.098643138924725,3.098643138924725,3.159612805079371,3.150108741478835,3.1608172577558618,2.9074429388152643,2.9719668562502393,3.0770179304874685,3.291719527838538,3.096329424834251,3.1007418342240474,2.965534408002931,2.8720005307924654,3.1008725,3.1008725
6206,4.048333333333333,3.3559105539373855,3.3559105539373855,3.235192999997728,3.3339037049251337,3.3195760996806802,3.2234212121544146,3.3128364,3.310971884804172,3.477161592267527,3.3170191080784175,3.3135079003106838,3.395294362368723,3.1705647162476183,3.3128364,3.3128364
6207,4.811666666666667,3.8510006311534792,3.8510006311534792,3.73784911600665,3.997938170146592,3.9529139451772903,3.7908798333657088,4.005780000000001,3.9853721339731956,3.9363312364260263,3.998862306012677,3.9988591135600853,3.9781113149635483,3.689928525026216,4.005780000000001,4.005780000000001
6208,4.4816666666666665,4.120572604824115,4.120572604824115,4.018694175442404,4.266619200835853,4.231253055819337,4.14032478053029,4.4775100401606345,4.350778508826805,4.199529390213346,4.356963733846618,4.351102652274195,4.332273044501266,3.990080695999443,4.361182,4.361182
6209,2.258333333333333,3.4246965665156117,3.4246965665156117,3.1884851013840945,3.2024098307988633,3.132654818211524,3.6416346579555894,3.5002832,3.541303752928823,3.4588165015265186,3.505100893352088,3.501494529086829,3.6762400308371133,3.5103748650022846,3.5002832,3.5002832
6210,2.433333333333334,1.76437793546424,1.76437793546424,2.146507879360359,1.8872609928485318,1.8387513272917069,2.3015404396183605,2.0333521,2.057126632143155,2.329957057866764,2.034048813883974,2.033385345230689,2.015496921795003,2.326676708928323,2.0333521,2.0333521
6211,2.53,2.708777905299993,2.708777905299993,2.665735451157916,2.5552533985617005,2.5736419445304435,2.5668478163267334,2.538046,2.5419908351180123,2.8548998383206596,2.539761816474328,2.539404103646447,2.5500146403988815,2.5805362522397743,2.538046,2.538046
6212,3.3200000000000007,2.86115231675563,2.86115231675563,2.659786267270441,3.0963020630006146,3.127409475190966,3.250078805639621,3.123341,3.129008052417017,3.0729297085546965,3.1188970897965893,3.1231271029759493,2.991277606894659,3.2716704095022955,3.123341,3.123341
6213,4.220000000000001,3.7946748220823596,3.7946748220823596,3.692478112962149,3.9693785302686626,4.0355184984669785,3.6608718491938896,3.8422315,3.8167892211385364,3.8344761365352666,3.8372952846330235,3.8418628323638484,3.7202801222231856,3.662837656487861,3.8422315,3.8422315
6214,4.278333333333334,4.301514678946764,4.301514678946764,4.22748647733569,4.359876845243016,4.371241152066235,4.091626110161272,4.2864566,4.267434116343696,4.240560300909487,4.2849398349226595,4.285574589823651,4.1170280968567585,4.053120918728075,4.2864566,4.2864566
6215,3.9400000000000004,4.085085340884511,4.085085340884511,4.186695751241607,4.0430570188219646,4.049553236108246,3.962535277222717,3.6435618729096975,4.012490043409622,4.031558104719431,4.018243197386602,4.018509670594891,4.013675234393765,3.9752550233720765,4.018568,4.018568
6216,3.5516666666666667,3.6772578724115585,3.6772578724115585,3.79966024687372,3.6510510448556435,3.6590794132688598,3.798709884564508,3.6651877999999996,3.6779932886012356,3.6801178560585828,3.665943685829032,3.665348602734729,3.5714157931479984,3.8577895168718412,3.6651877999999996,3.6651877999999996
6217,3.673333333333333,3.4691702739205312,3.4691702739205312,3.640046679529442,3.5346639144612113,3.557460994709893,3.631681785108602,3.248140572693934,3.5228057297134114,3.49089665434187,3.5168124662148967,3.5236873567230873,3.496851451135965,3.7010014046661786,3.5237366999999997,3.5237366999999997
6218,3.3283333333333336,3.628727813882656,3.628727813882656,3.638597423511325,3.676549130618211,3.6818713475791838,3.730328419892835,3.6218247000000003,3.632074243777395,3.6615574022178032,3.623055423805047,3.6223213879966822,3.5333462131945255,3.7784081308762025,3.6218247000000003,3.6218247000000003
6219,3.9283333333333337,3.578140340186498,3.578140340186498,3.746153666299975,3.7801627632634602,3.8608115208481375,3.5884522801063414,3.6351120000000003,3.620814907245043,3.686130421477821,3.6319229468912955,3.6349160271549414,3.5153041228217203,3.667920891541909,3.6351120000000003,3.6351120000000003
6220,4.325,4.238235041661618,4.238235041661618,4.178149108123753,4.3025523690988186,4.330088965217225,3.893604826713078,4.1229887000000005,4.097267543876929,4.178365963952559,4.122429966336042,4.119494237342446,4.0903635122351645,3.8868151989489217,4.1229887000000005,4.1229887000000005
6221,4.640000000000001,4.5440696421806654,4.5440696421806654,4.435466064197993,4.640407745845913,4.6644757545301605,4.149191646026737,4.366823473743313,4.446051939359021,4.436081087844291,4.480036908618767,4.481510758710913,4.248155816548923,4.098542723282841,4.482408,4.482408
6222,4.843333333333333,4.731445202275113,4.731445202275113,4.48200868910482,4.780656518821581,4.765573702048238,4.42830300187915,4.6857752999999995,4.664850669687942,4.578467773800707,4.686231197999539,4.685610540916552,4.549380945024679,4.350754096607599,4.6857752999999995,4.6857752999999995
6223,5.508333333333334,4.710824585228652,4.710824585228652,4.572795143814474,4.656873976307099,4.6288116969904864,4.490374669039412,4.6654954,4.656096961904252,4.558032007148986,4.66682356987757,4.6657024107087315,4.627604271490844,4.42487358445733,4.6654954,4.6654954
6224,5.696666666666668,4.6508629206507015,4.6508629206507015,4.588088821543094,4.9148855202055834,4.835565764471786,4.921735436607779,5.00247,5.014675021817918,4.808453460251034,5.008551304943641,5.0077646947143055,4.906252010124815,4.80220196224643,5.00247,5.00247
6225,3.8416666666666677,4.869172482188526,4.869172482188526,4.728602485580261,5.0273146534480855,4.971215507489774,4.913905171499521,5.09905,5.100554103982052,4.932367849883967,5.102857052609582,5.10007495482349,4.901287367573152,4.774610140740068,5.09905,5.09905
6226,3.071666666666667,3.932181190179245,3.932181190179245,3.930817029113492,3.853075570039027,3.883108799376378,3.540906591215556,3.8442044,3.806635988611044,3.8349643689084627,3.8312137875992036,3.8440228799626976,3.697801696407987,3.4886054189433677,3.8442044,3.8442044
6227,2.584999999999999,3.323954522233244,3.323954522233244,3.399985147561544,3.4252596600449423,3.438499555731406,3.1574839287906347,3.3247940000000002,3.303870176152991,3.461436246862868,3.3192805419056763,3.3247020851505527,3.293744233080275,3.137891452766252,3.3247940000000002,3.3247940000000002
6228,4.078333333333335,2.811287274708917,2.811287274708917,3.1209619559347908,2.975769705925434,2.9999389143209534,2.8288706620665223,2.8793398630851,2.875878173252734,3.0887875520036117,2.8857983866850523,2.8863965428228684,2.7214167290533045,2.8502099576752635,2.8864224,2.8864224
6229,5.336666666666667,3.9082050224186555,3.9082050224186555,3.899507158656589,4.167110597714814,4.142453532085545,3.9510901171517205,4.1227384,4.110802764151197,4.105125466482505,4.13015818390992,4.021466384318306,4.196403947992703,3.88590328467386,4.1227384,4.1227384
6230,4.858333333333333,4.471729241911169,4.471729241911169,4.458079913928978,4.725252521756348,4.654268486813923,4.540627676565092,4.776426940639272,4.779275529393385,4.670142481155669,4.809649773911017,4.782092915095443,4.819084536375168,4.4156263269081535,4.7775300000000005,4.7775300000000005
6231,4.146666666666665,4.43576185281671,4.43576185281671,4.213939819824292,4.333025776358674,4.273517651514127,4.221096726348184,4.452885,4.439586972453483,4.322492141566319,4.440107359534982,4.452030982566304,4.43207665851363,4.112701689095963,4.452885,4.452885
6232,3.855,3.6830986529344307,3.6830986529344307,3.417686603568246,3.533242327821203,3.487320640561548,3.69221828460703,3.7051724999999998,3.7186911756432672,3.6386532862593413,3.7043146941381035,3.7052031297331443,3.629856309808803,3.614118505242984,3.7051724999999998,3.7051724999999998
6233,3.488333333333333,2.97227679859497,2.97227679859497,2.8047057400528432,2.7592672979417747,2.6957985440224546,3.1957037492234344,3.534449969870535,3.095644511043602,3.0886778983443888,3.074742988105384,3.050206382811564,3.125074149568432,3.111838557955105,3.0491848,3.0491848
6234,1.8599999999999999,2.6254832217910726,2.6254832217910726,2.461147403064924,2.4408603829887556,2.3834682172927173,2.8714992563432924,2.7364032000000003,2.7874244295191866,2.869013727972921,2.7608861914305995,2.7385816752073247,2.6240603461284975,2.7549439636453927,2.7364032000000003,2.7364032000000003
6235,1.0683333333333331,1.4609234069422992,1.4609234069422992,1.647421809641901,1.3802197993465963,1.3475922124976956,1.6853677759265109,1.5895821000000003,1.6098156525201444,1.8749280913525923,1.5910410937667985,1.5896206882408053,1.473685529634098,1.6233154739701101,1.5895821000000003,1.5895821000000003
6236,1.951666666666667,1.7455726194643284,1.7455726194643284,2.0323456492916447,1.878173901430098,1.8816460290891839,1.3937941927835196,1.7632416000000002,1.7183604013061586,1.9916088180068021,1.7262960672450234,1.7628934440361443,1.68497992371897,1.3379345171175787,1.7632416000000002,1.7632416000000002
6237,2.021666666666667,2.254101286289825,2.254101286289825,2.1200115222161156,2.1722802201674547,2.1697330202843625,1.9791040962518534,2.0843534,2.0979969156041554,2.330873024443423,2.1115814182773693,2.087833843692617,1.8973296791973262,1.9119003134024424,2.0843534,2.0843534
6238,1.8049999999999995,2.14083455406026,2.14083455406026,2.1240344362642665,2.033076995992854,2.0182639600051444,2.095726518383828,2.0996866,2.1039978264510415,2.1040800039043623,2.098258750408537,2.099686564610912,2.183797947178154,2.049149237235014,2.0996866,2.0996866
6239,1.5799999999999998,1.8270869028294356,1.8270869028294356,2.049252706958777,1.7912290504946569,1.797575665284481,1.8866131734360685,1.752116586685469,1.8509716118472601,1.7528130787073049,1.8430553587239762,1.851359239861472,1.9169549226006941,1.8834688569989921,1.8514308,1.8514308
6240,1.2716666666666667,1.6674156767795898,1.6674156767795898,1.8917642538222992,1.611935227990346,1.622273341519843,1.7556389356468323,1.7097658999999998,1.6978476344492361,1.5435141120916822,1.6814005829459666,1.7095780205434727,1.6515292898333622,1.7635865263663555,1.7097658999999998,1.7097658999999998
6241,0.7183333333333334,1.2520478725017745,1.2520478725017745,1.5542217241552474,1.3208006414287214,1.3376274090766986,1.4095900502358685,1.3973092999999999,1.383933338349089,1.114557797150939,1.3665605837228174,1.3972116228230669,1.265788772279917,1.404959525612402,1.3973092999999999,1.3973092999999999
6242,0.26166666666666666,0.6115513249582136,0.6115513249582136,1.0449104822130697,0.8087021787269499,0.8122500081952571,0.9098132065300648,0.8828304,0.8703869540376532,0.3136091671321273,0.8421453319852006,0.8827714251676788,0.8657574192359911,0.9038473846646697,0.8828304,0.8828304
6243,1.5916666666666666,0.5157960326472661,0.5157960326472661,0.979058338255895,0.5915249247481968,0.6409382207232306,0.5845051971642854,0.6424075,0.6284062680070797,0.13454379480645473,0.614551596309691,0.6423572582686674,0.8377204402897971,0.5744312121757522,0.6424075,0.6424075
6244,2.0800000000000005,2.096913659786859,2.096913659786859,1.936500778880824,1.9735269492242535,2.027223849172352,1.7708308873632395,1.9283917000000002,1.9049898656195705,1.7793945639211866,1.901953841826538,1.9042230361660009,2.466993372514703,1.7281610462499426,1.9283917000000002,1.9283917000000002
6245,2.1383333333333336,2.461389395764514,2.461389395764514,2.291590307693456,2.4423174160617096,2.5009658239138064,2.209253407250821,2.3290743999999997,2.3282422482759184,2.3779521135825528,2.3480295983014186,2.3294616249946136,2.5293203472792545,2.1592369324637515,2.3290743999999997,2.3290743999999997
6246,2.816666666666666,2.531854869993661,2.531854869993661,2.5436588653027297,2.5294668504732964,2.5371812725960696,2.2378666604123043,2.1879772727272697,2.4353563655943056,2.4084847287079576,2.4447183864880566,2.459056985676966,2.381788572622028,2.185522704534275,2.4591990000000004,2.4591990000000004
6247,3.1300000000000003,3.083658206960796,3.083658206960796,2.9658905749732036,3.08921352674491,3.0598605708853603,2.6742929109983877,2.9496064,2.934961531723035,3.022235380566343,2.9597368692768695,2.9495460170212704,2.9774136147224457,2.596333818177082,2.9496064,2.9496064
6248,3.85,3.1662604338772344,3.1662604338772344,2.997630541649321,3.114518456388258,3.121598589361648,2.9563009440542993,3.116167,3.1125382153876218,3.1230904647081292,3.1204186372464555,3.1162146582683556,3.079976129311139,2.8793655996948946,3.116167,3.116167
6249,3.3350000000000013,3.499049885514358,3.499049885514358,3.3686100465748723,3.5054778956841783,3.4610329215541444,3.3569424109930046,3.5545661,3.54769632795877,3.53525664423484,3.551396523775435,3.550556276222498,3.6742473201324337,3.261180085467583,3.5545661,3.5545661
6250,3.54,3.305314158949022,3.305314158949022,3.1920901230398564,3.228482226211809,3.209052020647052,3.0382758131867305,3.2800483999999996,3.2566614423241385,3.2349221341509127,3.2508319370266285,3.2795813223415804,3.3477620239631642,2.9602689489153926,3.2800483999999996,3.2800483999999996
6251,3.3666666666666663,3.533853405134839,3.533853405134839,3.3995019448632604,3.5011475440920035,3.488093261418676,3.2157375767038454,3.495511,3.4818671794100107,3.528799730412542,3.4905748880137204,3.494236175481511,3.5915658266354855,3.1202530273911977,3.495511,3.495511
6252,3.7249999999999996,3.371008787782539,3.371008787782539,3.2053103494576516,3.2780223541206723,3.2391956721326953,3.079283865578768,3.264159964253794,3.2984081069062894,3.326887129046796,3.303142809135904,3.3074259733431024,3.3424876152356,2.993838139128905,3.307628,3.307628
6253,4.095,3.511129561830086,3.511129561830086,3.347646815068225,3.5403325932055867,3.5138999444526107,3.35783119855338,3.5653242999999994,3.56528691110222,3.5968598190056578,3.5731563218974274,3.5652264640873117,3.571985473884059,3.266095321273233,3.5653242999999994,3.5653242999999994
6254,4.63,3.8126239103794246,3.8126239103794246,3.665881807596786,3.8451227705102564,3.8412633535412906,3.690901642883571,4.093503339404975,3.940558072205365,3.910981549481971,3.932114145504024,3.952573383644153,4.012632908499147,3.585280947984223,3.9595482000000004,3.9595482000000004
6255,3.7850000000000006,3.9463389019475597,3.9463389019475597,3.7354127572072424,4.061263164566426,4.074728140753965,4.033169457756885,4.1964836,4.209394922964971,4.1615569423816225,4.2038918365104685,4.195230711373638,4.229693819319165,3.905455639751213,4.1964836,4.1964836
6256,4.38,3.2503239307551715,3.2503239307551715,3.0832430457000366,3.0435702442081567,2.995545330762557,3.2680702646993547,3.24942,3.2689570890524626,3.249350893038008,3.251269729921603,3.2494759544258636,3.3897158276434096,3.1967765915638147,3.24942,3.24942
6257,2.165,3.261182444827669,3.261182444827669,3.208663512256643,3.3648723210528098,3.345229570071085,3.7021219861500234,4.093503339404975,3.6220679050773406,3.5669941539093486,3.6036018436449453,3.5790985639210806,3.6929009973599682,3.6118758798797956,3.5636468,3.5636468
6258,2.5350000000000006,1.3068542661656628,1.3068542661656628,1.5826551790118386,1.2395365066775965,1.22712150890019,1.886344121556552,1.6053008000000002,1.6455224254883318,1.771985188900627,1.608807406565933,1.6053548198953376,1.8329209124844439,1.842828391278712,1.6053008000000002,1.6053008000000002
6259,1.1099999999999999,1.5570996016387526,1.5570996016387526,1.335888891683572,1.5520682212851047,1.5640410515219378,2.209459489594856,1.905882,1.9799115023676424,2.132266347609005,1.9269857298329343,1.9086590476411147,2.059243958826055,2.0961736711588115,1.905882,1.905882
6260,1.3216666666666665,1.4740834810151409,1.4740834810151409,1.8408102578274197,1.6732997866603276,1.7477647570974795,1.3456021190238125,1.5556172999999998,1.5347193731640023,1.9479111358479595,1.5487511685933382,1.5555210762245344,1.470169830678448,1.313146204803413,1.5556172999999998,1.5556172999999998
6261,1.446666666666667,1.9623085003460188,1.9623085003460188,2.098349290400529,2.2281342919825633,2.235098085398426,1.7596334069187831,1.6343442429046595,1.9396934241633048,2.1823008670020165,1.9565812175438828,1.9536986626251227,1.99486236469712,1.7483564341416882,1.9536886999999998,1.9536886999999998
6262,1.2733333333333332,1.782589068850701,1.782589068850701,2.171878811165628,2.0618950491839927,2.048249644586754,1.8199909830766656,1.8752718000000002,1.868319604470862,1.9353939654797567,1.8759070001154308,1.875249007297617,1.9773152711842799,1.847858273645801,1.8752718000000002,1.8752718000000002
6263,1.63,1.5193337531510034,1.5193337531510034,2.059624208886231,1.8511821711210215,1.832401712022139,1.7008504766369335,2.86122639629279,1.6787101566315092,1.5811519139202166,1.6859574803677981,1.688569289159878,1.5518637551094527,1.7694644458623698,1.6886517999999997,1.6886517999999997
6264,1.6349999999999996,1.7566165625868924,1.7566165625868924,1.8984431514193205,1.6839587839989512,1.6908114160089394,1.9560530132253546,1.7053473000000001,1.725731738077175,1.5777819403098716,1.7073969009011645,1.7067407500729646,1.7844341993216872,2.022133336014216,1.7053473000000001,1.7053473000000001
6265,1.7216666666666665,1.295217818777846,1.295217818777846,1.5176481894333205,1.1952551485212122,1.2065929686499288,1.8438503011074856,1.3654164,1.4141607536657252,1.1950522279594504,1.3722365826210599,1.3673181800573508,1.4971890373037264,1.9189064278617372,1.3654164,1.3654164
6266,2.8216666666666668,2.225345803533127,2.225345803533127,2.345441746331488,2.0778903099887938,2.1203840543002412,2.0325390153906735,2.0069227,1.9868748344342897,1.9773859545371464,1.9947527120315884,2.006741373560595,1.9678752882168806,2.0987944892017514,2.0069227,2.0069227
6267,3.545000000000001,3.158871852346149,3.158871852346149,2.971636326438011,3.0411842293147724,3.0415536877590554,2.982560003308758,2.9402442000000004,2.946528176431168,3.0807938984816836,2.945064440772632,2.968053320854152,3.4135472446255632,3.007028562521927,2.9402442000000004,2.9402442000000004
6268,4.078333333333333,3.642148857449186,3.642148857449186,3.4488153381376105,3.5626404157238634,3.614799156251493,3.536930629749254,3.5125499,3.5246779159796064,3.632107664026005,3.520954720333306,3.513583135682477,3.6078963591810393,3.533291226042784,3.5125499,3.5125499
6269,5.385714285714285,4.248460513775487,4.248460513775487,4.020440245328103,4.346214307548535,4.36752398719138,4.03488313628926,4.217754,4.198767418177786,4.238322749132993,4.219721145063313,4.217551931118388,4.110003459023791,4.0070512258677065,4.217754,4.217754
6270,5.24,5.056927440285757,5.056927440285757,5.000517979343116,5.4190126000846535,5.435590268342156,5.025924932706613,5.311044,5.28833372736983,5.224097825942774,5.311299300629551,5.304303108623214,5.292348017750026,4.960735404922696,5.311044,5.311044
6271,4.783333333333334,4.951935252152935,4.951935252152935,4.5014797544471925,4.748799087972319,4.756919744380586,4.712945274737035,4.779542521335212,4.82108962887256,4.737940507496415,4.821614706232616,4.8100964587798885,4.850650379329855,4.629372571733756,4.80971,4.80971
6272,4.373333333333333,4.582377555815403,4.582377555815403,4.3811435627661846,4.538262409163717,4.486725229138767,4.342874751730156,4.535080000000001,4.523414309960525,4.467250926324054,4.533445151832679,4.534974816305359,4.387521746791434,4.2818663876638325,4.535080000000001,4.535080000000001
6273,3.5916666666666677,4.216581660757098,4.216581660757098,4.031369386304531,4.208565498076278,4.150759628349185,4.009712289485454,4.1711373,4.1675817760723515,4.165696806964844,4.177134204924435,4.171291875999023,4.184312761164054,3.955751645363587,4.1711373,4.1711373
6274,3.8933333333333335,3.6291205010863554,3.6291205010863554,3.4644639990007042,3.5877094641486145,3.5708307434276407,3.413517466912483,3.445820049592635,3.573106655484461,3.5731064663528156,3.583011443339545,3.587043657625769,3.445731199410493,3.3648071846235883,3.5871014999999997,3.5871014999999997
6275,4.893333333333334,3.9279453771190984,3.9279453771190984,3.7624890097611052,4.018111879496628,3.9316223238372516,3.554413534843139,3.643855449156404,3.865260743628568,3.9432474337552286,3.89139264349876,3.8879143563100547,3.751350170434001,3.4776161170639623,3.8879788,3.8879788
6276,5.616666666666669,4.383439390246104,4.383439390246104,4.347509396530933,4.684785431003122,4.645927470824804,4.247418083371708,4.6511,4.629223417275291,4.581484971147129,4.647395475903446,4.632252337066395,4.7299235022960096,4.119230008349583,4.6511,4.6511
6277,5.416666666666666,4.309935429464823,4.309935429464823,4.163070580963432,4.644742742747527,4.489860149487821,4.54469997550046,4.7039394,4.730265930868554,4.632440567495659,4.730024332489764,4.725863407795778,4.771330824102402,4.379994686804172,4.7039394,4.7039394
6278,5.005,3.9664697657928163,3.9664697657928163,3.8221204649377096,4.244430684047311,4.214722140225773,4.3429273801592965,4.418224299999999,4.449485989382002,4.327759211708892,4.438982366981457,4.423599360910313,4.46423783148304,4.156799311423414,4.418224299999999,4.418224299999999
6279,4.119999999999999,3.987325121787003,3.987325121787003,3.8706453850448597,4.270033715649997,4.346225623943906,4.102712700952486,4.395378,4.38551865572927,4.354945913392627,4.372356561811422,4.384147248242589,4.39820271363771,3.8903319381838304,4.395378,4.395378
6280,3.4916666666666663,3.558112007995357,3.558112007995357,3.251302421781356,3.3437323377471664,3.426972379555993,3.542088350530271,3.6019797,3.604817211934575,3.5105027101018407,3.573957704073285,3.601193775044641,3.649915546146696,3.4041669492719024,3.6019797,3.6019797
6281,2.136666666666667,2.6574934976408677,2.6574934976408677,2.508269075093793,2.4019524535912864,2.4400129962587247,2.9245414620407084,2.7183537,2.7642238100076106,2.711963205451773,2.736287340109701,2.7189134880852093,2.812473538505461,2.823511550916777,2.7183537,2.7183537
6282,1.1699999999999995,1.6699567454881268,1.6699567454881268,1.8538298691906916,1.512361645711922,1.5402225400271714,2.064307778249406,1.7760749000000002,1.8094851871313704,1.7799659658963094,1.7877376596116017,1.7762076268830698,1.8935977492374936,2.056208955501033,1.7760749000000002,1.7760749000000002
6283,1.3550000000000004,1.4899321087827504,1.4899321087827504,1.7424906355630587,1.7877967846501237,1.827224989815964,1.5445368532859582,1.6692169,1.6568317188537054,1.6334066415259891,1.6612606681569817,1.6691352148771395,1.661616604170661,1.5166483766529195,1.6692169,1.6692169
6284,1.6100000000000005,1.9400799866596738,1.9400799866596738,2.2023030313673377,2.1307411244773586,2.093484250038768,1.5839477930273418,1.4679961027382693,1.895656384993102,1.7629685515576687,1.8926161341038055,1.9546989668626449,1.8229007569701021,1.5444308528150517,1.9551333999999996,1.9551333999999996
6285,1.8300000000000005,1.9003982589816484,1.9003982589816484,1.933603424487515,1.9550780697486676,1.9839842790176836,1.8674183720270614,1.9052218999999997,1.9067813715752402,1.7945083026379227,1.9127694708115033,1.905301330750539,1.8991121773529085,1.838206114601184,1.9052218999999997,1.9052218999999997
6286,1.895,1.9580476693225408,1.9580476693225408,2.1027397254723663,1.949222469603487,1.9168945190918947,1.942456369395425,1.9278334,1.9292067914224365,1.806512990955989,1.9263369271706654,1.9278335611916964,1.9840641060884332,1.9414945462791389,1.9278334,1.9278334
6287,1.5216666666666658,1.8997502554515637,1.8997502554515637,2.0347540159739816,1.809402096537537,1.7784303030662576,1.9886567661644856,1.9196021815848543,1.84628354824903,1.7206014851746563,1.840143869644037,1.8242690213587456,1.9864821889821496,2.0251455531263147,1.8239216,1.8239216
6288,1.5566666666666664,1.5976954874666456,1.5976954874666456,1.958393227493814,1.5232663205938737,1.508933697520078,1.8656933525491632,1.6665994999999998,1.665510168598784,1.4268899491984506,1.6328110338970543,1.666683365866073,1.7123007228787737,1.9500945087566601,1.6665994999999998,1.6665994999999998
6289,0.9833333333333335,1.7806523388470556,1.7806523388470556,2.0720272777800965,1.6512938944380782,1.6147072998840137,1.9752664659999764,1.5885781343596102,1.7388670241596982,1.5437891526053735,1.7137621793755065,1.7349807370113943,1.9127377021482515,2.0863494905527897,1.7323186000000002,1.7323186000000002
6290,1.4066666666666667,1.1093732243380896,1.1093732243380896,1.8104581000562066,1.345943662073895,1.2849153512794471,1.7240041360325655,1.4053700999999998,1.4114628541188714,1.0744282556016826,1.3829662016149933,1.4067759730194092,1.4990902925248593,1.8903459048537026,1.4053700999999998,1.4053700999999998
6291,1.305,2.5726799115001975,2.5726799115001975,2.9518484985882694,2.632195419947143,2.391971484589233,2.1597204182646044,2.2365837,2.193070134293225,2.220002160471596,2.195268863031872,2.2392456025506613,2.3212442903797523,2.351789924642289,2.2365837,2.2365837
6292,2.9283333333333337,2.0994631819540324,2.0994631819540324,2.9122405620346337,2.6798252405567338,2.463980587617108,2.242039079143327,1.5657740278796766,2.258894159150585,2.2554851646566636,2.3020163298989074,2.2829528671820682,2.326000380767586,2.448649356469195,2.2838316,2.2838316
6293,3.9150000000000005,3.852677122931885,3.852677122931885,3.7795170341960493,3.932672324349958,3.9145236774660366,3.4760712243553304,3.5798826,3.5790213374462727,3.7299210453210407,3.6444633855412603,3.5886765005069274,3.6387518446668095,3.5725954735951166,3.5798826,3.5798826
6294,4.528333333333333,4.280520413832692,4.280520413832692,4.292959025955806,4.369780681134506,4.333550319522318,3.9860746286580393,3.6614009009009,4.149550069924925,4.279789841017503,4.180786930496792,4.159261144499355,4.094726039324535,4.002362460304692,4.1601577,4.1601577
6295,4.998333333333333,4.382494337845243,4.382494337845243,4.232173046958369,4.460569462496943,4.530438484614751,4.280614128980206,4.4613237,4.443290761358031,4.4534309457795676,4.432093828454132,4.459936812151038,4.200225896874993,4.187630768131746,4.4613237,4.4613237
6296,3.6149999999999998,4.292373597265692,4.292373597265692,4.127058187906848,4.440758805538966,4.486877504596184,4.372789062611432,4.476528599999999,4.4849098097351785,4.4673903745273105,4.499987692231274,4.476736751825471,4.272143207156413,4.231251622880908,4.476528599999999,4.476528599999999
6297,3.5399999999999987,3.473631629269164,3.473631629269164,3.3146261161262944,3.343933009144383,3.3402663393932825,3.348049724232375,3.4395428,3.4276167315399375,3.3110012743862574,3.40448701272325,3.439469251848441,3.2739931644235187,3.2561148615474047,3.4395428,3.4395428
6298,4.7316666666666665,3.5617417453938214,3.5617417453938214,3.418173541165047,3.59148913439573,3.6067511153084175,3.3661522693194845,3.5075602999999997,3.5210260985700006,3.5476852775835344,3.5665402251245246,3.508590136730925,3.5506542873986224,3.262816864252293,3.5075602999999997,3.5075602999999997
6299,4.275000000000002,4.110032893303433,4.110032893303433,4.092355449967331,4.437465109933575,4.556005401396554,4.2422118912132145,4.463357,4.464168701705511,4.469715409156151,4.496100952164727,4.447782921451448,4.436615822354117,4.053692894752124,4.463357,4.463357
6300,3.3366666666666673,4.154284934351389,4.154284934351389,3.832492975920062,3.99530978711233,4.01239454735955,3.8078171314997458,4.0618787,4.034862092344524,3.9738175419108512,3.982502177956149,4.0612146605236665,4.025160553806237,3.6336779194961606,4.0618787,4.0618787
6301,3.0966666666666667,3.383597511516748,3.383597511516748,3.267052871301957,3.278936876266608,3.2557543761286025,3.092349545659076,3.3220449999999997,3.2887550678049493,3.2133085224384734,3.2137451770522487,3.3217691523897277,3.345134270582119,2.9700276006861643,3.3220449999999997,3.3220449999999997
6302,2.08,2.9849970260596033,2.9849970260596033,2.8416107977479594,2.8900706035909236,2.9343650009599065,2.901336214722674,2.9742305,2.97605102839521,2.879373438810254,2.9699903077585867,2.974212142526441,2.95059312448954,2.783442295481601,2.9742305,2.9742305
6303,1.0866666666666662,2.0275708920509263,2.0275708920509263,2.2341924369589474,2.0996936144468226,2.102241793811279,2.163714650461799,2.1647757999999997,2.1631189036266356,2.0091563497598752,2.141819444550843,2.1647643087507973,2.1647387247984673,2.126177313896183,2.1647757999999997,2.1647757999999997
6304,2.255,1.040169999754697,1.040169999754697,1.7547292104873695,1.337672532975311,1.2623993519951457,1.3868851166812086,1.2540810915745033,1.3695871720010024,1.0892331490943121,1.3112489102601188,1.3838111536232214,1.3796053676572422,1.4139201601339613,1.383836,1.383836
6305,2.1983333333333337,2.0028933081904783,2.0028933081904783,1.778139005233263,1.7064148024998764,1.751891852203959,2.0564851121088497,1.8556442,1.906597223582783,1.729008048799915,1.9830502996440618,1.8524163268774658,2.468616590888093,1.9889084132250343,1.8556442,1.8556442
6306,1.1333333333333333,1.5675397482620883,1.5675397482620883,1.3980742751089799,1.2222323586360284,1.3092036903981512,1.848842025806127,2.1078790520215143,1.623781286758811,1.470041567298411,1.6720503474850967,1.565752266496696,1.6281901877053127,1.7436215246811724,1.5643411,1.5643411
6307,1.6150000000000007,1.6419004879242545,1.6419004879242545,2.0924838297916937,1.804255923857827,1.7272305047748637,1.5702994868687479,1.5785768405415674,1.6275369951399359,1.6137727468938312,1.6124928255012567,1.639417787133917,1.6170173158013932,1.6188169418802008,1.6394937,1.6394937
6308,1.846666666666667,2.1079564552320362,2.1079564552320362,2.2466592879118004,2.2597920082351957,2.2453011301752728,2.1260718442050544,2.0525012,2.0824794624569716,2.0815777703900205,2.1575194729719573,2.052943400801751,2.1002880300734343,2.180501487190398,2.0525012,2.0525012
6309,2.475,2.055534826102635,2.055534826102635,2.326057536615971,2.2530136156242566,2.1640759174649187,2.2256158489716,2.0430918,2.0956664996011716,2.0585324657127146,2.190057209866973,2.0433794404463894,2.040127188624341,2.304635672237219,2.0430918,2.0430918
6310,2.2283333333333326,2.5555264217982074,2.5555264217982074,2.4341265479404925,2.3511505305572404,2.4665064361129057,2.892121326155897,2.6027927,2.625509369917064,2.4697061507384244,2.597312186415177,2.605188496350184,2.5833268657171207,2.9352496443022424,2.6027927,2.6027927
6311,2.1566666666666663,2.031687867569177,2.031687867569177,2.2732370511222273,2.104718116545089,2.0804563369379023,2.400301240932241,2.1683592999999997,2.1955528240259503,2.0682771939259323,2.204512929146124,2.1685390694915205,2.1684514834503106,2.4585630691285423,2.1683592999999997,2.1683592999999997
6312,2.2416666666666667,2.080364552552525,2.080364552552525,2.1084350574376156,2.0551289788965583,2.080811669497577,2.2964815208234928,2.1719481492401895,2.1428181991430746,1.9897220096845998,2.1463214709946623,2.1251969720906922,2.177517454035556,2.3235647895615035,2.124844,2.124844
6313,1.5133333333333332,1.8138639672167785,1.8138639672167785,1.8522441384534343,1.6315280310478308,1.6664622859661993,2.0319202639234604,1.8375834000000002,1.8587944768749947,1.7231419922697904,1.8434597052835986,1.8379463914360195,1.9178581102014847,2.0141521832133096,1.8375834000000002,1.8375834000000002
6314,1.6433333333333329,1.266184608701006,1.266184608701006,1.4141841130949016,1.1977636217284484,1.22918725918595,1.5400978976428643,1.1073518015952,1.4306698703133578,1.2037688462294538,1.332270359622869,1.4522226836586403,1.2643368132541224,1.5105984629819997,1.4522846999999999,1.4522846999999999
6315,2.1233333333333335,1.8612718596055446,1.8612718596055446,1.989910960925823,1.779950519863697,1.7678691299187732,1.70276588965926,1.4073512106705048,1.81913753556964,1.8390763323130048,1.6966305615691595,1.8841930024842521,1.8768119877064597,1.6608577111097382,1.8858998999999999,1.8858998999999999
6316,2.2399999999999998,2.2573107842104543,2.2573107842104543,2.085028971902991,2.2408037193275403,2.303767092957994,2.1092614322109373,2.1877065,2.188686013025274,2.332777057876828,2.20811829832008,2.18782029821526,2.220411253083479,2.024827365683531,2.1877065,2.1877065
6317,2.9633333333333334,2.6012538920577226,2.6012538920577226,2.40845091051365,2.6276708804233655,2.677932323642046,2.2468270475906946,2.4592153999999997,2.4504441713036247,2.6439731630655006,2.4843393840003554,2.4593754143827864,2.3879101861692975,2.151903117973384,2.4592153999999997,2.4592153999999997
6318,3.9716666666666662,3.1730954496123966,3.1730954496123966,2.8813870718833936,3.122018497900436,3.2294655026571695,2.884384670609231,3.1007202,3.0821906811564403,3.2076213400054088,3.0850321817797512,3.0987574383072554,3.412968241592087,2.755030487222297,3.1007202,3.1007202
6319,3.803333333333333,3.7500711471688146,3.7500711471688146,3.5392192467292025,3.882832748211608,3.877806230574371,3.47799008438884,3.7500242999999993,3.7416677841632424,3.838597234973028,3.7671153854830246,3.747534034407095,3.9470502238874507,3.3219417391852852,3.7500242999999993,3.7500242999999993
6320,3.4100000000000006,3.590593641147241,3.590593641147241,3.4736117220106704,3.527717952869428,3.4675255203129187,3.429912566937748,3.5656495,3.5541911399679322,3.589693278611515,3.5427529370427013,3.564926464471661,3.6735549649338335,3.3240523269134434,3.5656495,3.5656495
6321,3.8883333333333314,3.4547889929711135,3.4547889929711135,3.4114063781016384,3.3868883004263193,3.3856333266815777,3.2538607211151573,3.4195497,3.399236716959408,3.4934649946671774,3.382934468540149,3.419127529040327,3.4955433246451046,3.163820840639936,3.4195497,3.4195497
6322,4.076666666666667,3.8093531406410728,3.8093531406410728,3.6887839582207147,4.0043398211697125,3.9933577837853544,3.564163954134791,3.8351892999999997,3.8251360230596645,3.944024584396958,3.8534973571174755,3.834445280599034,3.877754490779756,3.437717141345241,3.8351892999999997,3.8351892999999997
6323,4.315,3.889170628092956,3.889170628092956,3.634716235785955,3.8778743166804692,3.976072955106182,3.786456590622321,3.878940403427154,3.929357510163998,3.902772923686137,3.9242194334698297,3.9375969663613075,3.936085562367636,3.653744317490987,3.9385955000000004,3.9385955000000004
6324,4.355,4.078130773940498,4.078130773940498,3.9636496744767866,4.088459846403951,4.138608626979035,3.8398283660633146,4.1478257,4.103414633499704,4.094775593593442,4.080224287097511,4.142912632665644,4.1034381707253935,3.6957228993580893,4.1478257,4.1478257
6325,4.936666666666667,4.070435983894813,4.070435983894813,3.936736571952094,4.132749897230255,4.1871693419067935,3.8515231406587938,4.143055,4.105724090079725,4.11882387371241,4.100725753321516,4.1381194113107,4.189886725257535,3.71255220391765,4.143055,4.143055
6326,4.873333333333335,4.153024454660114,4.153024454660114,4.041976004527946,4.451539547248394,4.5593743840949745,4.298328408073429,4.4931254,4.484364742964746,4.390049434383689,4.486487171175878,4.4810762227342495,4.552491970621082,4.124216449972493,4.4931254,4.4931254
6327,2.555,4.2826756824703045,4.2826756824703045,4.113019840717577,4.3099724462161095,4.384734403663052,4.173448109122327,4.1972224733718715,4.378905652915478,4.3330583043380795,4.379891835907076,4.395941571556481,4.414183298027582,4.004436962607699,4.400301,4.400301
6328,1.7266666666666666,1.898383418533477,1.898383418533477,2.1892563574904385,1.8502506657791138,1.837092877890748,2.2854429329985964,2.187102,2.183025277429052,2.381905358511184,2.10482204909295,2.1870564769135874,2.2731753638288246,2.2232568507864183,2.187102,2.187102
6329,2.2350000000000003,1.6059868633805352,1.6059868633805352,1.8386639556046487,1.6232593311068464,1.55801382991308,1.9248783901465571,1.6608166999999998,1.702653940042977,1.9344899120657935,1.7251508948665313,1.6610430389419046,1.738905928967236,1.9740618342187062,1.6608166999999998,1.6608166999999998
6330,1.495,2.382999145558603,2.382999145558603,2.2933363315979953,2.1341953359295838,2.0414698874774357,2.495380225023223,2.1313560000000003,2.197358309784362,2.3986708682660547,2.2534133769045765,2.1447366499283302,2.296557408416663,2.582223372193244,2.1313560000000003,2.1313560000000003
6331,3.4600000000000004,2.220225706766173,2.220225706766173,2.8977509600284375,2.5852153041177703,2.4575655102252565,2.2378007508045252,2.2408805,2.2364496562505494,2.6218516597212913,2.274039867455273,2.2408073978238376,2.231908814430537,2.423252445501191,2.2408805,2.2408805
6332,2.9116666666666666,3.707375078490558,3.707375078490558,3.5431175055575754,3.938115724026054,4.024646146191952,3.9283788872946723,3.7740567000000005,3.816937914781611,3.793248271341531,3.906739075796437,4.020114026837333,4.030334251967641,3.9652099316485345,3.7740567000000005,3.7740567000000005
6333,2.9083333333333328,2.9935147326286264,2.9935147326286264,3.3174278969518327,3.27563052693546,3.2066531858334937,3.291311179436522,3.2051027000000003,3.208607859184581,3.2988621157859415,3.204278172151606,3.2051004742153157,3.3254169617809404,3.3683426286680413,3.2051027000000003,3.2051027000000003
6334,2.6099999999999994,3.056234074710245,3.056234074710245,3.0967363864118203,3.133312252316074,3.0881863497552615,3.28247549896519,3.0959184,3.122184235471126,3.200769110699325,3.134956169655494,3.096196684350722,2.9635197754404965,3.347751475868838,3.0959184,3.0959184
6335,2.1066666666666665,2.4257251497969925,2.4257251497969925,2.5154352279269787,2.458520909966217,2.397314900781385,2.9671220809125023,2.7141089988627285,2.667956618726321,2.695023066045847,2.654828037552862,2.6404739295495947,2.5636288626672696,3.033099986346747,2.6402626000000002,2.6402626000000002
6336,2.7533333333333325,1.747979462833678,1.747979462833678,1.9782883408618153,1.8756516584744471,1.791238082291338,2.362529608218222,1.9555096999999995,2.0072061163196375,2.1597326542402686,2.0101869143782167,1.9559144883282589,1.8811483515890877,2.447119988418608,1.9555096999999995,1.9555096999999995
6337,2.605,2.7544524042004905,2.7544524042004905,2.673819216745052,2.5915846933572757,2.582523142171449,2.6562277239866905,2.5586889999999998,2.5741735756069932,2.814068910835272,2.5798574709144475,2.566223492249163,2.5627837051764795,2.6807904755138776,2.5586889999999998,2.5586889999999998
6338,2.3750000000000004,2.313798398412642,2.313798398412642,2.3640991712932564,2.2270280689479582,2.2130978991091457,2.50728173490693,2.658978596159902,2.340734902155716,2.516382769583862,2.3314718296002077,2.319236798600607,2.3339612153795866,2.523244491147527,2.3188772,2.3188772
6339,2.1149999999999998,2.153661270146288,2.153661270146288,2.093044766310644,2.23375777061981,2.208198506453233,2.363889610713706,2.1634029999999997,2.209509970553369,2.4585029185394847,2.245328998716285,2.1639830657737993,2.2276065806975973,2.3660867676175017,2.1634029999999997,2.1634029999999997
6340,1.5233333333333332,2.218467074933915,2.218467074933915,2.186358203590033,2.2977829257660174,2.3491316467892855,2.244285436326982,2.1869106,2.210433337641951,2.463283192364181,2.2364614130268667,2.1870533840178363,2.2211320464156987,2.230850468077323,2.1869106,2.1869106
6341,1.495,1.8742553148430654,1.8742553148430654,2.1335364503140974,2.1288935492515293,2.158928186151235,1.9288447695178705,2.0229166000000003,2.0033631582225206,2.1961427021745314,2.0054572646925903,2.0228695358285513,1.8702949478398956,1.935578804644206,2.0229166000000003,2.0229166000000003
6342,1.8616666666666668,1.9225630242853742,1.9225630242853742,2.199082535011621,2.2314937048527996,2.1979002698427754,1.7951535488649273,1.597299729972998,1.9354018737648808,2.0765180230261255,1.9533586715966729,1.9519805468489093,1.8527932751702094,1.8034419683608305,1.9520384999999998,1.9520384999999998
6343,1.7516666666666671,1.9635805528526018,1.9635805528526018,1.8780526161368936,2.0162790354234845,1.9806417287591827,1.8696681589875652,2.085739843109535,1.9093829034204597,1.9477917666547042,1.9321487303538758,1.8944323967801113,1.7601250407280693,1.7929376591928157,1.8941858,1.8941858
6344,1.5283333333333335,1.7778170068361638,1.7778170068361638,1.7237294858024357,1.7697489727442757,1.7384911984435645,1.7612653654941846,1.7602381999999999,1.7721154673765862,1.7413380395999445,1.777892150400263,1.7603986946522756,1.6951526729312114,1.6717000328730216,1.7602381999999999,1.7602381999999999
6345,1.6499999999999997,1.7322315079933128,1.7322315079933128,1.767791466206424,1.705554178403502,1.6902227371906187,1.7274546894749374,1.7590748999999999,1.7507490570980484,1.6585801769292265,1.7427103454217203,1.7589666071846093,1.6753273922021372,1.6631049632586952,1.7590748999999999,1.7590748999999999
6346,1.6050000000000002,1.8950613883348222,1.8950613883348222,1.8588975691066094,1.9340806514266469,1.9097375988481153,1.8387734304720964,1.8683678,1.876647707923856,1.843162200831816,1.8874258943620157,1.8685659303189834,1.8330687823012948,1.7727976378390773,1.8683678,1.8683678
6347,1.5416666666666667,1.7404594352276783,1.7404594352276783,1.7392211903178967,1.7601087236686435,1.728892659840934,1.786754308089065,1.9194310704541844,1.7739406885077242,1.6437990251331476,1.7759811127348506,1.7587811328222642,1.701857505384679,1.722559638689292,1.7586526000000005,1.7586526000000005
6348,2.208333333333333,1.8220928908540617,1.8220928908540617,1.836972500544737,1.8666996720541125,1.8420688275200288,1.8287776771693502,1.8351731,1.8436783859765808,1.7369049119542344,1.848716271556209,1.8352787501326864,1.8276976203505069,1.778042351040101,1.8351731,1.8351731
6349,2.225,2.3358762793527896,2.3358762793527896,2.1708122922269193,2.289123877001677,2.2836362143236206,2.2091065672269643,2.1879772727272697,2.235880284565643,2.3019773751934176,2.25197310113027,2.212020907242127,2.2615103479280183,2.1401695774313874,2.210337,2.210337
6350,1.7166666666666663,2.227663182519753,2.227663182519753,2.1324625420983807,2.2354078441550387,2.2366863527619953,2.165261479108991,2.1846251,2.2026563778421284,2.257555759415075,2.212697072530659,2.185003859356909,2.2057451254714486,2.102898419095709,2.1846251,2.1846251
6351,1.6833333333333338,1.7908201337117893,1.7908201337117893,1.9940496669900905,1.8588261185044934,1.8519955719368983,1.835595891582089,1.755793388537637,1.8698890060049032,1.7633805322680542,1.867494209231251,1.8822202970159245,1.8853663826869673,1.817183770923767,1.8822939999999997,1.8822939999999997
6352,1.3033333333333335,1.7801455480554687,1.7801455480554687,1.908241156255105,1.7592809275500292,1.7415918137557234,1.818703257238155,1.8061156999999999,1.804249063973805,1.6813588963085682,1.7960212539533127,1.8060590191759536,1.8941222160230116,1.8068047697742489,1.8061156999999999,1.8061156999999999
6353,1.648333333333333,1.4203468758551931,1.4203468758551931,1.7321469873659985,1.4915036948032943,1.4705725539401584,1.5279084153802063,1.5392162000000003,1.5279021861218132,1.2382779739296348,1.5173349624773231,1.539153772610304,1.4644981948941016,1.5249553022339435,1.5392162000000003,1.5392162000000003
6354,1.7016666666666669,1.6660417096469664,1.6660417096469664,1.613473126165938,1.5418625697418737,1.5365005113752876,1.5925107472891726,1.6783587,1.6660254872547609,1.5236590448570362,1.6619174832244576,1.6779360726820425,1.5392807026397946,1.515164517587856,1.6783587,1.6783587
6355,1.5150000000000001,1.988032211180261,1.988032211180261,1.8855642384714817,2.00547823732155,1.9976983546300855,1.7335621939031451,1.9563,1.9332285988964064,1.8888810801460378,1.9494987219479327,1.9559772492658682,1.7726672232411902,1.651129753449121,1.9563,1.9563
6356,2.1916666666666655,2.164027185816315,2.164027185816315,2.3485503091789823,2.329678602592895,2.316463328626947,2.022549360202659,2.1857214,2.1545486455833562,2.0408600586355456,2.1741945253311057,2.185598506791991,2.2207987086308605,2.0218317719759207,2.1857214,2.1857214
6357,2.645000000000001,2.5967421310411423,2.5967421310411423,2.64757406803235,2.6878023887283353,2.6115223143125674,2.6444325404655897,2.5141888,2.546690208771241,2.4842854907525593,2.552607853411309,2.5147043798883426,2.6265864620582424,2.6862083754359247,2.5141888,2.5141888
6358,2.525,2.893537824484916,2.893537824484916,2.8603632492442683,2.9374625618144083,2.849871578815435,3.17030215398192,2.9269354,2.965138712874209,2.8547308884767406,2.949880285844719,2.92733037264916,2.9610242062973975,3.2214535787054928,2.9269354,2.9269354
6359,3.143333333333332,2.695748580383524,2.695748580383524,2.9066614798625094,2.7779241542815862,2.7131301543323465,3.101685180839775,2.8935282000000004,2.898516627029298,2.7195544689742905,2.878928633343067,2.8935414806285986,2.7212393097278227,3.171528633859958,2.8935282000000004,2.8935282000000004
6360,3.635000000000001,3.0764748245432405,3.0764748245432405,3.0715077105638833,2.965651241138258,2.926012808356937,3.259541781759512,2.9586243999999997,3.0129333064060755,2.954968061922065,2.987099109071852,2.9624949542059213,3.048415427624296,3.3179314554995125,2.9586243999999997,2.9586243999999997
6361,3.358333333333334,3.2077088103982447,3.2077088103982447,3.16127283185174,3.0855550915791703,3.0542677063337473,3.5217505822220416,3.3056312287784877,3.2861692078241136,3.1515177330733652,3.2513554413993924,3.2480628180728974,3.2014168412625175,3.5435569864638192,3.2389905,3.2389905
6362,2.561666666666667,2.4981441484739646,2.4981441484739646,2.494878303654499,2.368278548075681,2.331880472248966,2.9697854306722387,2.5908349,2.6688318784441516,2.4353380011505354,2.6224906335938423,2.591748223633166,2.583567251411779,2.973249987179608,2.5908349,2.5908349
6363,2.1000000000000005,2.1832558711688907,2.1832558711688907,2.253518884081075,2.0554509525223095,2.0561115369273617,2.4823843429823924,2.2118263,2.2532125584593805,2.051297261334131,2.2194593751113434,2.212138315534226,2.2016901720772717,2.506312686779661,2.2118263,2.2118263
6364,1.965000000000001,2.1046470086521607,2.1046470086521607,2.26406979369771,2.0650623054940773,2.0714133348919144,2.3695924948284217,2.176879,2.188074675959062,2.0159605854333864,2.165154114107122,2.1769630356244454,2.21079348999198,2.4124857183416086,2.176879,2.176879
6365,2.255,2.202451574553198,2.202451574553198,2.403409088290571,2.2591572534074618,2.2555550443312082,2.1421170271323704,1.9196021815848543,2.1384569097286885,2.084656585846427,2.149287328435854,2.142408818096798,2.20846433350406,2.1711276515659286,2.1424782,2.1424782
6366,3.270000000000001,2.5725430837162717,2.5725430837162717,2.5666823293937515,2.5980877778378173,2.5793815132310627,2.463095908949053,2.5245433,2.5095282000388743,2.442228958567778,2.52182990505929,2.524168002515886,2.478856711805152,2.469332976730636,2.5245433,2.5245433
6367,3.113333333333334,3.278038563143496,3.278038563143496,3.1319572337564656,3.2711040569084298,3.2462762597160664,3.169730739788188,3.213771,3.2178591625496544,3.205166445836949,3.227931253051172,3.213723970313277,3.585026195111586,3.14901434340246,3.213771,3.213771
6368,3.1733333333333347,3.014199014780221,3.014199014780221,3.0922982757828748,2.9926455952371627,2.991683923746697,3.1429581438361667,3.098758865248227,3.0441519330208027,3.0030708111746884,3.033178858824364,3.022805011273242,3.252175289783068,3.155109275696314,3.0226967,3.0226967
6369,3.3499999999999988,3.325371070131205,3.325371070131205,3.4012496724598202,3.306267861265773,3.3137659702398548,3.2751408538604085,3.2514179,3.251969695023037,3.274814715054745,3.254366640437429,3.2514464144724515,3.189388017211724,3.296269064502307,3.2514179,3.2514179
6370,3.9966666666666675,3.424750164682568,3.424750164682568,3.5209175676360447,3.38295222243525,3.4030865540285475,3.328548393939181,3.3772876000000003,3.3608638160856517,3.3669992233453474,3.3625079442236783,3.3770685576482116,3.3783054440627085,3.338595436767366,3.3772876000000003,3.3772876000000003
6371,2.538333333333334,3.8580970733453714,3.8580970733453714,3.899069786930939,3.8777054258762305,3.8872674188324727,3.5806100373289227,3.8399754,3.7958423940288886,3.821492994036169,3.817389706544415,3.8301712394078824,3.766044648815642,3.548295653443291,3.8399754,3.8399754
6372,3.041666666666667,2.40022343493286,2.40022343493286,2.8662280040498453,2.5113725123624,2.5581059068699283,2.682360006023429,2.4592030313674513,2.6242373345748398,2.572095442953219,2.580856161524123,2.6297955246877556,2.572706537090544,2.7015161460861528,2.6298375,2.6298375
6373,4.390000000000001,3.2389617534636495,3.2389617534636495,3.1869837990798855,3.308498071011478,3.294128939512562,3.1599417865082984,3.1752105,3.179883670162851,3.2411223565863745,3.203195076304613,3.1749602137239403,3.2068220540722683,3.160230255393873,3.1752105,3.1752105
6374,4.51,4.183209312656659,4.183209312656659,4.218593102170698,4.36994812116063,4.351433875389162,3.992458738781685,4.3080482,4.239891843537541,4.288903642812941,4.247776725153839,4.279542411932771,4.307706605713397,3.957400217172811,4.3080482,4.3080482
6375,4.14,4.3115996255519295,4.3115996255519295,4.187727168343184,4.369190026073123,4.402637069482988,4.310359806920545,4.225549430679039,4.388064100917756,4.32431128460978,4.350449602700324,4.414541292885546,4.390005856967898,4.2824121721460955,4.416188,4.416188
6376,3.9016666666666677,3.973627522076963,3.973627522076963,3.9675516845233387,3.895617417271576,3.9100651448765187,3.929592383860175,4.0124316,3.983381151295635,3.9389377315019405,3.9395002528693523,4.0122637983374805,4.022681380416773,3.9178420294770593,4.0124316,4.0124316
6377,3.8433333333333346,3.713172974386037,3.713172974386037,3.717701125585453,3.6568193914464606,3.6469437388482975,3.821047113794064,3.7917921999999997,3.7871488474476167,3.7165184772333997,3.750364084006807,3.7916565703217997,3.8183132797699506,3.819524601283567,3.7917921999999997,3.7917921999999997
6378,3.2916666666666656,3.641637062482747,3.641637062482747,3.593193699920091,3.6440550414373947,3.5924103882701774,3.556329319852296,3.6151752,3.6190376342985937,3.6329901602926196,3.64757812478583,3.615319157936818,3.506607562755066,3.536025318332901,3.6151752,3.6151752
6379,3.699999999999999,3.1252192217954864,3.1252192217954864,3.1278425692675262,3.108590139905608,3.0680790301633447,3.203057674898633,3.1247506,3.1566895846141114,3.143888822012282,3.1753004961156606,3.1249093656152387,2.967795121106655,3.1928693320756523,3.1247506,3.1247506
6380,3.2500000000000018,3.445892539406536,3.445892539406536,3.3566055376665416,3.512539720150081,3.466557935700016,3.6143132289071676,3.643855449156404,3.528297240037963,3.4962665325944315,3.582759655917435,3.4728563736135523,3.425987062066524,3.598912743661736,3.4687254000000003,3.4687254000000003
6381,3.098333333333333,4.119435020986057,4.119435020986057,3.93426719748059,3.931403406332057,4.068756205522846,3.843733091908066,3.74192909894027,4.103510150372457,4.052098494317185,4.023558140615285,4.252035847190619,3.987126578820308,3.8421307108722305,4.2526264000000005,4.2526264000000005
6382,5.531666666666668,4.320725783737847,4.320725783737847,4.638566590593274,4.098236377631344,4.217385344948365,3.873397616275157,4.544703500000001,4.254811517984625,4.441199251609934,3.76978992466243,4.544405537270342,4.113072668954796,3.8944267571095184,4.544703500000001,4.544703500000001
6383,6.133333333333335,5.627799770470019,5.627799770470019,5.8066758931340114,6.088740808362008,6.119494469366275,5.589434849958019,5.90515,5.843800424804359,5.883852280758349,5.901117827327773,5.875653443476754,5.989174820337244,5.588887135152165,5.90515,5.90515
6384,4.725,5.432593018883334,5.432593018883334,5.409970322373228,5.500678289163941,5.4832304561056215,5.778641541122063,5.75915326600662,5.6792650277828045,5.576766759067244,5.669197030923787,5.670454452196373,5.669065889627246,5.780275518118501,5.6706166,5.6706166
6385,4.245762711864407,3.765696876170406,3.765696876170406,3.941376211134499,3.619320387096067,3.598271578933757,4.487324813777779,4.017924171631693,4.029578141882009,3.804165468823652,3.951208941272979,3.949039039042282,3.9739556486866565,4.527941178865375,3.9489057,3.9489057
6386,2.936666666666666,3.683302020777093,3.683302020777093,3.70276836563565,3.428731333162937,3.474620932762247,4.10037249918927,3.6963136,3.743895120547065,3.598724125924356,3.6951523000565007,3.7051254733761447,3.627608654981019,4.138457205691221,3.6963136,3.6963136
6387,2.801666666666667,2.6190986594092305,2.6190986594092305,3.0672279958790476,2.6085064792662833,2.696155194755784,3.2145424232238455,2.8194556,2.8414402704030035,2.8193997726040902,2.815504427752627,2.819945413784807,2.7216652782746946,3.2844015773148305,2.8194556,2.8194556
6388,2.4400000000000004,2.7951912360564366,2.7951912360564366,2.8780051507595608,2.772916959825473,2.7633938660676853,3.1497603557152916,2.6546627999999997,2.7202825935407065,2.8178963705161673,2.670011419629488,2.6681073462889873,2.7321459968450634,3.2231138718488546,2.6546627999999997,2.6546627999999997
6389,3.048333333333333,2.7422766309558115,2.7422766309558115,3.0436656976858583,2.83939082798554,2.8704052237624302,2.997238599522597,2.7525618,2.7696666040701894,2.8902252848550503,2.7568632054713134,2.7537246900504666,2.691151650579066,3.078745227123494,2.7525618,2.7525618
6390,3.0,3.478024532583562,3.478024532583562,3.4987942927727174,3.4958675461320126,3.502454376373496,3.4965003761530142,3.2863998,3.310397709844739,3.433812273785759,3.293408754840882,3.293560377443467,3.354754117931464,3.5579573516751593,3.2863998,3.2863998
6391,2.933333333333332,3.1041901032907377,3.1041901032907377,3.2554993126393805,3.1674937860761165,3.185863830473777,3.23329657315331,3.1367252,3.1435803234025532,3.1777279966948693,3.1376735126604784,3.136893622686367,2.925586865382118,3.255438851507062,3.1367252,3.1367252
6392,3.5966666666666662,3.003833674680126,3.003833674680126,3.112912782233708,3.0094821306319983,3.0146624175153898,3.172096307257924,3.024048,3.0394397034215577,3.033078724750445,3.025390501104514,3.024213240472071,2.935735391634201,3.189739938881974,3.024048,3.024048
6393,3.9583333333333335,3.630437204946129,3.630437204946129,3.619048554403165,3.6195494895946934,3.6168973005009435,3.682019053044959,3.6249050000000005,3.6315746510685756,3.6240559010097124,3.625407570816202,3.6257196761391333,3.4996898841868265,3.6853134460049044,3.6249050000000005,3.6249050000000005
6394,4.1483333333333325,3.9804610017893753,3.9804610017893753,4.107361290426946,3.926222382464087,3.978895488954974,3.8314870287335467,3.6614009009009,3.899315144170737,3.9207193583191415,3.9176175026848505,3.9210332843125064,3.739025463258579,3.836669493743996,3.921788,3.921788
6395,4.873333333333335,3.9833478012555736,3.9833478012555736,3.983532005824039,3.940283278343614,3.925070277441051,4.047917931029682,3.9890324999999995,3.9983666071046375,3.964779156459054,3.9895943359563546,3.9896258080692983,3.955989128197829,4.049278874584797,3.9890324999999995,3.9890324999999995
6396,4.848333333333334,4.4179815762326955,4.4179815762326955,4.490668825798328,4.617489637087428,4.574778601375635,4.5243174014102125,4.4775100401606345,4.582184203242918,4.557723764626389,4.577752875614574,4.570182555284427,4.29717080859933,4.502127671088392,4.576431299999999,4.576431299999999
6397,4.353333333333334,4.555186999458071,4.555186999458071,4.480079297091477,4.659798678889239,4.611941218721258,4.502764999812855,4.596206,4.597890508813038,4.600045783296605,4.597354728085071,4.5963768465759784,4.621512068906049,4.4783130219944365,4.596206,4.596206
6398,3.741666666666667,4.2551272647698655,4.2551272647698655,4.14858359031429,4.260731368213676,4.2332023783284365,4.04763384960321,4.1999393,4.191868329834802,4.211937636944492,4.200888167609034,4.199947594988864,4.128816998274539,4.028911373844959,4.1999393,4.1999393
6399,2.783333333333334,3.7059524658499052,3.7059524658499052,3.710403599212553,3.6935956006811246,3.691501878256598,3.666768025066413,3.6904962,3.690180772515561,3.6859961580824403,3.6899804384471393,3.69048798482312,3.484397141183825,3.661401803215797,3.6904962,3.6904962
6400,3.329999999999999,2.9642901396849024,2.9642901396849024,3.179514660856781,2.9143008759304223,2.9821329563293957,3.1114672381353463,3.1175318,3.0923621112050483,3.037351756084246,3.106379846548502,3.1174423322132485,2.9085592233825226,3.120363778718617,3.1175318,3.1175318
6401,3.191666666666667,3.721404289798419,3.721404289798419,3.6904939456367085,3.7192073957939065,3.7535189355993186,3.672483490175894,3.8145683,3.781551527285666,3.784099928474817,3.810328016078105,3.8126850690735603,3.7202801222231856,3.6746032631133727,3.8145683,3.8145683
6402,4.118333333333332,3.6697162200515776,3.6697162200515776,3.870963641509633,3.634270973758985,3.7074937250780327,3.7533696598367086,3.8384905,3.789957255513384,3.769094900229853,3.8254306136698006,3.838317953799452,3.647463334631697,3.772640893178147,3.8384905,3.8384905
6403,4.735,4.344149965035677,4.344149965035677,4.450855892263026,4.410457035366574,4.458483483586351,4.49040455983258,4.257868494071191,4.529637998492808,4.453997922094353,4.557435859220093,4.561349475897647,4.311186195020064,4.498692135958805,4.564749,4.564749
6404,4.699999999999999,4.902985232248334,4.902985232248334,4.947748110640715,4.9998339583926015,5.016238387727302,4.798830656943233,4.976696,4.939742973723279,4.938959243778897,4.973039366552839,4.975782960324238,4.880805938988292,4.795078709865674,4.976696,4.976696
6405,4.916666666666668,4.77594044956652,4.77594044956652,4.67707549363157,4.744325566817999,4.712498188608195,4.748491906820817,4.7599907,4.761737068096174,4.690797501129232,4.7602906321057885,4.760013241974202,4.575423238363225,4.743452266221517,4.7599907,4.7599907
6406,5.040000000000001,4.790029083737788,4.790029083737788,4.704781782101276,4.877703609177229,4.814114741018569,4.778294295476809,4.819608000000001,4.8269176535246725,4.818358574508405,4.822657734470511,4.820012934905387,4.6296707597416,4.767880177631673,4.819608000000001,4.819608000000001
6407,4.8933333333333335,4.880469545470938,4.880469545470938,4.884339145792994,4.9542547053874255,4.93507263959089,4.832103333218452,4.912054,4.901135628030021,4.931979020707313,4.911826056463117,4.911947318521574,4.731872839021301,4.828089172561564,4.912054,4.912054
6408,5.116666666666668,4.673159068418738,4.673159068418738,4.820214507700687,4.668030752824788,4.690336802961894,4.877320761253555,5.90331334110479,4.684475254405487,4.703667712131054,4.658335098826847,4.657268011265093,4.6646385385366615,4.899179544492746,4.657093499999999,4.657093499999999
6409,5.311666666666668,5.031581786338148,5.031581786338148,5.137308384609183,5.02684778286135,5.089259559612553,5.402603676890388,5.0559387043366035,5.089261079351809,5.170798451543254,5.056060096565458,5.068323259468137,5.066551144950585,5.4385440390043085,5.056087000000001,5.056087000000001
6410,5.248333333333331,4.98201762687726,4.98201762687726,5.182733423080069,4.981319232975471,5.056066710091404,5.463358565275242,5.019389,5.056361273398807,5.1393440179759144,5.02045472776993,5.027622417259949,5.066551144950585,5.508647346491583,5.019389,5.019389
6411,3.524999999999998,4.906102110690064,4.906102110690064,4.959510940966349,4.896121384721727,4.951618180855726,5.335727748522845,4.933991000000001,4.972316992192878,5.038795242017843,4.937042659975791,4.9490236419913005,5.045836950735335,5.374500800712891,4.933991000000001,4.933991000000001
6412,4.631666666666667,3.355989242536988,3.355989242536988,3.830199214347412,3.5129398026524865,3.5738475551391433,4.081047632019794,3.694332,3.7066649520715576,3.6590321070046543,3.691764842059436,3.6944858327417993,3.542082608138008,4.141485273504394,3.694332,3.694332
6413,6.021666666666664,4.666505144589501,4.666505144589501,4.613856074446277,4.731555628785973,4.735835766247373,4.797964586190073,4.669400700000001,4.677586743853341,4.76723689308032,4.67275528284836,4.760833305858049,4.667044398578961,4.822859411375015,4.669400700000001,4.669400700000001
6414,5.151666666666666,5.246492719217203,5.246492719217203,5.3311935124631,5.739815759182684,5.709225574774884,5.810281971257224,5.949484511205533,5.7740165472843445,5.820700953667264,5.763933933840227,5.744290216569505,5.886076049109368,5.803468309767124,5.7524055999999995,5.7524055999999995
6415,5.076666666666667,5.041638626123266,5.041638626123266,5.018138915843004,4.986088610950682,4.995062299616922,4.974598408033092,4.972207,4.966017349117141,4.946021730407557,4.96941726681654,4.972193403078613,4.857016107526826,4.980125903232743,4.972207,4.972207
6416,5.2366666666666655,4.999365733682341,4.999365733682341,4.966636463454721,5.039117175628242,5.031268460201305,5.090216958872769,5.047016,5.0497217353412855,5.016141543044089,5.0474676110688605,5.047058372380439,4.965636358376582,5.09757094353436,5.047016,5.047016
6417,4.901666666666668,5.127863195603557,5.127863195603557,5.104513873167756,5.219768232622684,5.194009414551577,5.204555753576939,5.1468463,5.159149380875046,5.213354906772927,5.153929436194525,5.147151405847723,4.98036548164863,5.21359694205818,5.1468463,5.1468463
6418,5.231666666666668,4.947626069096405,4.947626069096405,5.061856875204231,4.982714450058058,5.001607569156117,4.924043693137514,4.890821,4.887604305791113,4.9087517003483825,4.891309684572731,4.8908121059866945,4.7627294761799845,4.941187240309103,4.890821,4.890821
6419,5.180000000000001,5.1243695331976475,5.1243695331976475,5.139156442373233,5.247130625804143,5.235392359151732,5.248991940352429,5.1952047,5.20485689009641,5.234215876552135,5.199514878178094,5.196097280364832,5.065143136043669,5.255767090186743,5.1952047,5.1952047
6420,4.358333333333333,5.234656285756725,5.234656285756725,5.2343044408374455,5.256020304341232,5.283435014462723,5.240336498031886,5.058510638297873,5.22759878803744,5.25066188937484,5.234926203880155,5.238959253558268,5.101493661421121,5.250891755452333,5.2390669999999995,5.2390669999999995
6421,3.963333333333332,4.533576847526016,4.533576847526016,4.716908806638941,4.638066099185884,4.681836096120917,4.5905495407994605,4.5084867,4.507093753226654,4.575983571804287,4.5111564264982915,4.508473063450692,4.307958308566531,4.620067470499963,4.5084867,4.5084867
6422,4.461666666666668,4.057239899183188,4.057239899183188,4.243774688630148,4.158185965228221,4.17211763053596,4.275703341708651,4.058244680851064,4.087118306368902,4.121746697637981,4.078961480334575,4.0698104627004446,4.005734230882495,4.314187758590283,4.0696525999999995,4.0696525999999995
6423,3.583333333333333,4.806861415813515,4.806861415813515,4.887243097763853,4.872989686009575,4.918560669812454,4.750119456401146,4.546732583536919,4.799393365676896,4.804456158628737,4.829389696794603,4.842862891392768,4.793835912852381,4.7721550193226765,4.8487782,4.8487782
6424,6.091666666666665,3.8934284746493595,3.8934284746493595,4.18995242674367,3.9947937196829377,4.044745798069234,4.089011957030291,4.0574007000000005,4.0165526306199375,4.018153619316283,4.009179860951916,4.057297738910858,3.8933075463195914,4.122526467464955,4.0574007000000005,4.0574007000000005
6425,6.6899999999999995,5.232466507992467,5.232466507992467,5.706073522374362,5.996801916615157,5.8964501404794385,5.667208906646433,5.517179487179493,5.851615236960605,5.776279159441131,5.871580524925841,5.199536869602001,5.861548659693055,5.646755953559668,5.8673778,5.8673778
6426,6.631666666666666,5.759327991464313,5.759327991464313,5.8673423284300465,6.084291908742308,5.9944588262426635,6.1644469044933015,6.339167,6.314290824718064,6.084454415956371,6.315430141779867,6.325745140449682,6.447805260047613,6.123549946207607,6.339167,6.339167
6427,5.650000000000002,6.038608511679719,6.038608511679719,6.050624990663858,6.182907198945813,6.136716284662743,5.705410152813069,6.046106299999999,6.0194702787911165,6.18330640383113,6.049164451889572,6.045907346681083,5.85378802778396,5.667026619373591,6.046106299999999,6.046106299999999
6428,4.383333333333335,5.2527107648818445,5.2527107648818445,5.073837244926272,5.034371894284877,4.98628183555566,5.126458914192502,5.138083999999999,5.163936799131878,5.068691054613966,5.149852338877649,5.138166827546064,4.965769318299557,5.103626916685231,5.138083999999999,5.138083999999999
6429,3.728333333333332,4.392900013694316,4.392900013694316,4.374900084668916,4.227670476489902,4.201340236267855,4.180851759840341,4.464044417516944,4.252218829605329,4.244459968750218,4.258254347937571,4.254531585840278,4.109993132084554,4.171828083005785,4.254537,4.254537
6430,3.793333333333332,3.928043295973807,3.928043295973807,3.972351137627183,3.868241544665563,3.8794524336200524,3.7687198478284167,3.8714553999999994,3.8525987154612427,3.8825620805771877,3.8656750388474803,3.87138998384746,3.67549246865114,3.7618656163040165,3.8714553999999994,3.8714553999999994
6431,4.141666666666665,3.8541076025157817,3.8541076025157817,3.9584362366813184,3.814245818127901,3.796502594510195,3.6604618981993067,3.1700558213716112,3.717284945350596,3.8172083040046494,3.7235124749276176,3.7181771557668046,3.73589823807788,3.6567588769142145,3.7179606,3.7179606
6432,3.668333333333332,4.056304294118614,4.056304294118614,4.124339390593481,4.0239791353761145,4.024636348779869,3.9280436708651014,3.9826884,3.9799754530523437,4.01783816698879,3.985667182248443,3.983011494544388,3.927810488686037,3.924033078886172,3.9826884,3.9826884
6433,3.245,3.551496271257697,3.551496271257697,3.679575793984792,3.451407201481243,3.513530093762561,3.7185443760227512,3.5638572999999996,3.5757522064257636,3.5417679986942416,3.558180250364314,3.563828554542212,3.4652084197731994,3.736249106627685,3.5638572999999996,3.5638572999999996
6434,3.6049999999999995,3.454440827262424,3.454440827262424,3.6700585736927653,3.447522467948258,3.5439757703172563,3.5668654742803816,3.207248938869852,3.476700546856912,3.5061218705746993,3.489316681264196,3.5155658146775592,3.4840108512949164,3.5991586682427568,3.515886,3.515886
6435,4.178333333333334,3.630747796138551,3.630747796138551,3.703436366997754,3.5964187992558982,3.6355057483501683,3.798847350302452,3.7833405891742804,3.6310595885793893,3.635168142311285,3.6136882370230317,3.6120251767586,3.5765692531379742,3.8228673004098535,3.6100782999999996,3.6100782999999996
6436,4.661666666666664,4.133834146370534,4.133834146370534,4.20060472260197,4.092247261782534,4.09043096484855,3.995638022442263,4.0223203000000005,4.018116485421138,4.076708984570219,4.025410936778674,4.024066183209579,3.963013766030796,3.9998409728644106,4.0223203000000005,4.0223203000000005
6437,4.006666666666667,4.467069879792116,4.467069879792116,4.465730654143232,4.671093760807495,4.627333131350931,4.398953389615554,4.5999503,4.569525123257806,4.561359915018778,4.594453485554775,4.5939125637457146,4.555153919429883,4.380857603359046,4.5999503,4.5999503
6438,4.783333333333333,4.115378516715812,4.115378516715812,4.185457712951891,4.083536985347691,4.098807162924053,3.8058321149914818,3.643855449156404,3.986645200605138,4.048667131885641,4.02057004010253,4.039916838789606,3.849948303253908,3.795535954443837,4.0400333,4.0400333
6439,6.08,4.319845859487259,4.319845859487259,4.299772209247783,4.56871771246179,4.474613597340043,4.191806124853486,4.5674220000000005,4.529005277973061,4.46164983892547,4.561162334046994,4.546057525449902,4.265608831111222,4.138455553025375,4.5674220000000005,4.5674220000000005
6440,5.093333333333335,4.558919326726214,4.558919326726214,4.823853449588558,5.3304593793710335,5.190226656130778,5.028534107472237,5.3944235,5.388522007192946,5.177943552343933,5.400634662525121,5.352307752643898,5.3822485979242245,4.928191630403553,5.3944235,5.3944235
6441,5.105,4.784174960177155,4.784174960177155,4.298278832026718,4.468645243853205,4.455126408048855,4.418477307130626,4.649283891677217,4.6466148522592405,4.452262920165317,4.640377217628196,4.648869253285211,4.660039081470312,4.334855307006724,4.649253400000001,4.649253400000001
6442,5.345,4.658092447948792,4.658092447948792,4.516901182230311,4.8400443194559735,4.756360268862614,4.375753612130709,4.8225503,4.780580762068411,4.725862141800869,4.808827474564149,4.815399264851832,4.753630176620094,4.279756640426675,4.8225503,4.8225503
6443,5.238333333333336,4.467897230272524,4.467897230272524,4.250665972788249,4.756456810669917,4.581328275056381,4.465866217293246,5.155618069145467,4.774401329741874,4.686342228966258,4.775947237330842,4.769299419166474,4.713908813353108,4.345496158955583,4.7698255,4.7698255
6444,5.205,4.429569053383372,4.429569053383372,4.283268185318766,4.612892859298481,4.549631759518634,4.338536688915718,4.629346,4.6274387082415425,4.597106325920957,4.630554188541863,4.627397702663605,4.656529122806932,4.214385281239695,4.629346,4.629346
6445,3.9466666666666654,4.402925643429687,4.402925643429687,4.309496148682028,4.66095703647835,4.650214920880302,4.350248475260765,4.664878,4.654963428988076,4.672192744644114,4.662828664477477,4.6582413976443995,4.676109475558358,4.214292195833929,4.664878,4.664878
6446,3.1333333333333346,3.785958789112432,3.785958789112432,3.5963734624475667,3.6015878269603285,3.6407445719326215,3.4000395546349176,3.6690294999999997,3.6446820657698327,3.6474636078091343,3.657210505465098,3.6688024405737796,3.5329012162157474,3.3033096734690686,3.6690294999999997,3.6690294999999997
6447,2.7550000000000003,3.197049841428627,3.197049841428627,3.11966614467914,3.087677953137158,3.1278512285814886,2.9509359771162895,3.1457962999999998,3.132607688586342,3.123153133305473,3.136915641072281,3.145625308213514,2.9802533058364853,2.8680638849987234,3.1457962999999998,3.1457962999999998
6448,2.3149999999999995,2.8057078499741213,2.8057078499741213,2.812346105614526,2.7146650993233004,2.7168878302958186,2.6324255096447837,2.7359507,2.7502554716748726,2.7214799770897895,2.751536476362648,2.736117017495072,2.660268218408863,2.567835877468495,2.7359507,2.7359507
6449,1.5483333333333331,1.908153415647861,1.908153415647861,1.832492482173324,1.7831878947100286,1.733141400838199,2.0999943121328144,2.3482089144107254,2.019807327712278,1.7990401626143075,1.9746857904367903,1.9153774195627347,1.7355809874534414,2.0157404232770793,1.9146765,1.9146765
6450,1.61,1.3175975031721872,1.3175975031721872,1.371479768297546,1.162851460625252,1.1310646687725883,1.6855295547560183,1.3955811000000002,1.48052331689853,1.0993208416390363,1.4176273954792062,1.395960401940466,1.2024652141233245,1.6461592835065426,1.3955811000000002,1.3955811000000002
6451,2.1616666666666666,2.6651070328309343,2.6651070328309343,2.7726138300793854,2.718018087943023,2.7628810644423547,2.19868629289881,2.5010235,2.435504896824687,2.5471456321681027,2.489320845492811,2.5003672703348605,2.4621653042657776,2.2032377106624867,2.5010235,2.5010235
6452,1.898333333333334,2.798951671164496,2.798951671164496,2.9773741851997704,2.8574924271745474,2.887181477637185,2.600823817514099,2.8062792,2.751855603725997,2.6904224997769757,2.7866093460847914,2.8059919713726114,2.7382077680817916,2.593038988111261,2.8062792,2.8062792
6453,2.536666666666667,2.1041881532419033,2.1041881532419033,2.7826836868288507,2.3877858269482184,2.327154348868299,2.311225232480203,2.296454,2.2838497329318903,2.193531503570465,2.2958596595151337,2.2964385649350625,2.273876669724814,2.369489757865135,2.296454,2.296454
6454,2.495,2.977140484549537,2.977140484549537,2.9441218664167637,2.840523527942854,2.8888796136859276,3.065592039131049,2.9648292,2.9675167327213794,2.8293115315450077,2.951667255451918,2.966369101239762,2.870194798193335,3.090380373540251,2.9648292,2.9648292
6455,2.366666666666667,2.6804036444125927,2.6804036444125927,2.7656209145161137,2.6888809625919525,2.7451141440343667,2.7696346637695726,2.8190593999999995,2.794938592375294,2.6226776345281313,2.793390521106953,2.818941066394115,2.6186646441797397,2.76049638341003,2.8190593999999995,2.8190593999999995
6456,2.0716666666666663,2.1555762617498253,2.1555762617498253,2.334382151637902,2.1343270020681073,2.1349746258160054,2.3329219499339864,2.2551603,2.2701862455530977,1.9843670520847394,2.251779592135208,2.25517875719636,2.1205103783781456,2.3242808921637024,2.2551603,2.2551603
6457,3.6233333333333326,2.0619962109574015,2.0619962109574015,2.196041886338187,1.9651238559875628,1.9712496790440648,2.2773424359057683,2.1195068,2.132763361851148,1.816628466586949,2.100443214712613,2.1194838362510335,2.1637608176368497,2.300056424512693,2.1195068,2.1195068
6458,0.8416666666666667,3.325158600984235,3.325158600984235,3.179294184146961,3.1843451953130555,3.1467003131586546,3.282229955099992,3.1667757,3.2159972066779137,3.146992160081131,3.2025491516840585,3.145501928773178,3.5461466462197837,3.2623742425293054,3.1667757,3.1667757
6459,1.2550000000000003,-0.03145803955420012,-0.03145803955420012,1.3212660979834019,0.976073509424678,0.9812934345545887,1.448339439696476,1.0838587999999998,1.140960551034297,0.7169091641190142,1.1080103169046076,1.0838668591872813,1.6734385256205835,1.518945240315385,1.0838587999999998,1.0838587999999998
6460,3.156666666666666,2.179950719327648,2.179950719327648,2.297405339869342,2.210864586678989,2.1443280511634857,1.7821160553473376,1.982472,1.9064134251643439,1.9746623471442688,1.9467997570358682,1.9735943779827654,2.0349380994320194,1.8161622104257082,1.982472,1.982472
6461,3.8299999999999987,3.644036329071658,3.644036329071658,3.5058691361143017,3.6331610941597776,3.619288347186148,3.2211028711541223,3.4744735,3.43001747339068,3.570606073377194,3.4616256232948004,3.404419494416313,3.917089795134412,3.1955094131820605,3.4744735,3.4744735
6462,4.2233333333333345,3.9849493129453974,3.9849493129453974,3.930219758486979,3.9674756415446777,3.9972551501055382,3.5716392839874946,3.7138232185047633,3.867103818640576,3.929644531645416,3.9172412224751105,3.927416659142464,4.085388355272001,3.5172938489324608,3.9294502999999996,3.9294502999999996
6463,3.8500000000000005,4.1611918564886485,4.1611918564886485,4.027070184546022,4.18606181052869,4.290723012903068,3.7836982292394366,4.2548056,4.187806152811239,4.16611329961978,4.241478088877178,4.248175752206908,4.128877994677841,3.67615198791398,4.2548056,4.2548056
6464,2.4633333333333334,3.977017293205708,3.977017293205708,3.8073869481426574,3.796626268904263,3.8690677521256593,3.337117048167427,3.410467945991297,3.7897766268001836,3.7573250789032255,3.851575110732296,3.8710513605775216,3.7202697457944565,3.2255968240984325,3.8724315000000002,3.8724315000000002
6465,2.48,2.501772473612289,2.501772473612289,2.717621163730844,2.487475851559026,2.4358831318608223,2.343237804442164,2.6017667999999996,2.541347229111528,2.5228324626361966,2.5645082401714614,2.60149795644962,2.5133827445851553,2.2867549409988692,2.6017667999999996,2.6017667999999996
6466,2.645,2.7112388278769863,2.7112388278769863,2.6935047240626258,2.6600229133752498,2.6584758232636423,2.4700610887180696,2.604081227149893,2.674763559446342,2.6875090512855015,2.6903725033895625,2.708839896116123,2.6276747061005703,2.40235286032809,2.7098975,2.7098975
6467,3.016666666666667,2.8631636586186113,2.8631636586186113,2.7396529435093737,2.713314630957993,2.7371188343673802,2.407963902543568,2.8068027,2.7455578547771022,2.750493678503605,2.7731740241931693,2.805672687026775,2.5348258335988785,2.3029040360564554,2.8068027,2.8068027
6468,2.9400000000000004,3.192100979481233,3.192100979481233,3.0218837153759632,3.090618745406535,3.155321427216337,2.8273270872372027,3.1772362999999997,3.1239610684568166,3.166588698219225,3.1472926617568056,3.1708801196200027,3.0773383412500355,2.7246504412440182,3.1772362999999997,3.1772362999999997
6469,2.61,3.173461161001317,3.173461161001317,3.1033829951951626,3.105143292709552,3.120958729835503,2.877746452218512,3.1534044999999997,3.0928285339660793,3.0927499535149092,3.114740108525318,3.152292714876131,3.0629520629212745,2.811570076921752,3.1534044999999997,3.1534044999999997
6470,2.5399999999999996,2.725912991397087,2.725912991397087,2.742012327444457,2.7030690246857265,2.6945833933260426,2.5243402512178683,2.7250137000000003,2.6904380577080547,2.694127329378072,2.7025495266200545,2.7248606357293905,2.6419249197136345,2.469683450991229,2.7250137000000003,2.7250137000000003
6471,2.8800000000000003,2.687677432816681,2.687677432816681,2.6656059443141578,2.638357132454567,2.6237765386861516,2.443299088274289,2.6807933,2.630667249641608,2.6109032767997165,2.6447935281718937,2.680245586381168,2.6151325235874494,2.379227803986667,2.6807933,2.6807933
6472,3.4483333333333337,2.881953744968489,2.881953744968489,2.8474348990115788,2.8199789970314395,2.829130624244361,2.6933936683279924,2.9013815,2.8576144693645653,2.8694080548628307,2.8768282989664677,2.898653057216636,2.822550755596856,2.6337214570209087,2.9013815,2.9013815
6473,2.2449999999999997,2.864676481937766,2.864676481937766,2.713732040821823,2.726675187501554,2.7116056843115897,2.9965450090263523,2.9245234,2.987487498511395,2.903707353645249,2.9540226828273983,2.9262788737018925,3.3285887448038,2.904668103691535,2.9245234,2.9245234
6474,2.7233333333333336,1.6138931969025352,1.6138931969025352,1.7120726342611436,1.5191676113101198,1.4549188294388138,1.9753319775701417,1.8870497333570224,1.814804928636008,1.766050804207595,1.7631855859558767,1.7308134155208128,1.9302524204845475,1.9193938805954174,1.7306526999999998,1.7306526999999998
6475,2.2816666666666667,2.5483930782217397,2.5483930782217397,2.405141448546103,2.371591062481256,2.36479341166953,2.490041823160457,2.4390614,2.490582574481786,2.5912127614133293,2.474345634863232,2.4407938492341787,2.711989774509203,2.4291520227786663,2.4390614,2.4390614
6476,2.308333333333333,2.9450643806047516,2.9450643806047516,3.0653040862237013,3.0078142360099718,2.9657304194862055,2.6065848578487842,2.5036547212741747,2.813203506621982,3.011877647920168,2.843611798725987,2.9014846389393134,2.8602576949072605,2.588381588018602,2.9020650000000003,2.9020650000000003
6477,2.291666666666666,2.886547359572117,2.886547359572117,3.139497446459805,3.0967104900343996,3.0597713921910388,2.835612156917538,2.9077599999999997,2.8737526869100654,3.094949243032093,2.8819489868004733,2.9077400628374033,2.9106419191076123,2.8789718360605416,2.9077599999999997,2.9077599999999997
6478,2.708333333333333,2.597668636826116,2.597668636826116,3.0285820717767393,2.8912282908189644,2.858376757158605,2.7247287801961395,2.7248707000000003,2.697152583163632,2.8625041920788403,2.7039522932971267,2.7248188588668523,2.596196530612354,2.7919739476766328,2.7248707000000003,2.7248707000000003
6479,3.0616666666666665,3.0522282162677232,3.0522282162677232,3.09536957031893,3.136422823866224,3.1779956558640974,3.1319429898861633,3.106159,3.0846001649878083,3.0956932827205215,3.0955708501824746,3.1055710614153944,2.9659232884897193,3.16758011283682,3.106159,3.106159
6480,3.2950000000000004,2.841571411161681,2.841571411161681,2.976356765305448,2.808481898790806,2.724558199354436,2.921929459591611,2.7728212,2.8157102463695125,2.8345263479278042,2.7913321124267214,2.7732086654147405,2.709082735897466,2.9387568378346156,2.7728212,2.7728212
6481,3.145,2.846330461583091,2.846330461583091,2.7805776360556624,2.7813508701807805,2.801947924498988,3.0917540250689037,2.8134240000000004,2.892215851821282,2.8167577077274872,2.87352604264945,2.817869811198563,2.793325909092694,3.1137808322209173,2.8134240000000004,2.8134240000000004
6482,2.1566666666666663,2.560415016333849,2.560415016333849,2.5915662748078705,2.463916609511637,2.40907157807879,2.8342323051293197,2.439463,2.567652429853301,2.54051164568815,2.5340778551409477,2.4418852580543486,2.440500913831481,2.8634530808071994,2.439463,2.439463
6483,2.606666666666666,2.550523994507832,2.550523994507832,2.8097376217044534,2.565647678986311,2.501026224053833,2.345513147978761,2.5370274,2.4261798629628655,2.4830818727477064,2.447920510203454,2.536426265738135,2.424558535173637,2.3702897014300754,2.5370274,2.5370274
6484,2.848333333333333,2.9662535237582803,2.9662535237582803,2.919066473206114,2.9399376370578825,2.937501511383391,2.6842439483701996,2.8777318,2.82944409488554,2.9733395708353707,2.8477105169210786,2.8745468874058813,2.9674123759436424,2.666149352339719,2.8777318,2.8777318
6485,3.326666666666667,3.3228824863003714,3.3228824863003714,3.248480662001309,3.212109608339443,3.1849196204532757,2.695777863486385,3.1699214,3.0544643037331745,3.2301406208705226,3.106009205621575,3.1693655304117065,3.168449622268244,2.6355444259847527,3.1699214,3.1699214
6486,3.0283333333333338,3.2249484924698075,3.2249484924698075,2.8831358826822706,3.050276855819792,3.1179246083616934,2.997311375682604,3.1552246,3.1608415404892987,3.132797056458547,3.162215915960216,3.1563058625406373,3.0114434873081493,2.905853646001908,3.1552246,3.1552246
6487,3.5033333333333334,3.227586749230309,3.227586749230309,3.161612100507411,3.1319617567275255,3.161224021410156,3.028672826969837,3.1744722999999997,3.1437195666072433,3.1850234116262355,3.1592030006524245,3.1742497139365113,3.2133422932570994,2.996292913545715,3.1744722999999997,3.1744722999999997
6488,3.9533333333333327,3.559560364086397,3.559560364086397,3.4979253397961396,3.468433576677821,3.4743690461591004,3.343924917279713,3.4875946000000004,3.4674828062274736,3.528233732833433,3.478891387658365,3.4873096006383073,3.4705159421036678,3.3061299392261603,3.4875946000000004,3.4875946000000004
6489,4.53,3.8965142808473137,3.8965142808473137,3.8456897730884436,3.859440667899397,3.8634555160569026,3.5914744054432295,3.8302952216944885,3.8255337885186087,3.88699567752007,3.8579953724470055,3.868039100247832,3.8142306732148303,3.53206675150479,3.8698733,3.8698733
6490,4.353333333333335,4.193289643523148,4.193289643523148,4.134098673549944,4.24535644385281,4.324479394828952,4.176316727829344,4.42328,4.389077139119752,4.278767285806893,4.409140424737485,4.411472105806821,4.348835669132896,4.081706523581327,4.42328,4.42328
6491,4.1483333333333325,4.227401235289574,4.227401235289574,4.102232847148371,4.126447788961272,4.148834862935136,3.9638944323398144,4.1951375,4.159324787792823,4.128008900667527,4.183221590787866,4.1945786321768965,4.136729617588427,3.8983597990153456,4.1951375,4.1951375
6492,3.911666666666667,4.052996172807189,4.052996172807189,3.9203798267104815,3.9898449841771217,4.045026018861264,3.926992584194391,4.011428990610331,4.055260578887883,4.020266456626596,4.06889333064221,4.07529999354859,3.9796701541646566,3.8746128196388443,4.0756163999999995,4.0756163999999995
6493,3.9933333333333345,3.9614461628784667,3.9614461628784667,3.913072632087682,3.883949571000438,3.8951024790661215,3.7259814120606465,3.643855449156404,3.8661385178774053,3.9154381715127164,3.8880754972756613,3.89855052171259,3.7938512351768874,3.6927129859125145,3.8986870000000002,3.8986870000000002
6494,4.044999999999999,3.9733958599274115,3.9733958599274115,3.947752108751569,3.9380885954197593,3.939221616946395,3.6649450125846124,3.9069879999999997,3.8676203692903175,3.9460475906291856,3.8994993957429833,3.906668276879478,3.7996098106199683,3.622644420832973,3.9069879999999997,3.9069879999999997
6495,4.558333333333334,3.94191462244652,3.94191462244652,3.848859606556414,3.8836954362988627,3.959535386762028,3.8875996816404284,4.093503339404975,3.98638113399786,3.9346112033413227,3.998064123063703,4.004848718710693,3.9854287296077375,3.841576894306222,4.005692,4.005692
6496,4.588333333333334,4.2367890597649245,4.2367890597649245,4.129643754447262,4.234704233587523,4.2982285698060325,4.413173428675648,4.3687944000000005,4.394446204726748,4.2781024044275275,4.3743446993097255,4.370166509764098,4.348461421163549,4.37565127304281,4.3687944000000005,4.3687944000000005
6497,3.988333333333333,4.278986753429501,4.278986753429501,4.214672494101278,4.251193156449737,4.246196691035055,4.415667918618388,4.3448970000000005,4.3655963351688545,4.228033179364151,4.346297497461479,4.344867839995553,4.337997918732169,4.389788473950845,4.3448970000000005,4.3448970000000005
6498,3.8349999999999995,3.864731531600577,3.864731531600577,3.949056534548899,3.9159110705414197,3.8647504202394574,3.93014153956903,3.9001641000000005,3.8968955623450188,3.8305083027754026,3.8967876677135536,3.9000864582181074,3.7529226861128535,3.943962867365595,3.9001641000000005,3.9001641000000005
6499,4.58,3.678848608002024,3.678848608002024,3.611857211469158,3.70412717502466,3.7242708827791744,3.8599523453992846,3.7349675,3.7729568767043715,3.700502825561222,3.7471204412985437,3.735322829204105,3.784592006356319,3.858611295942365,3.7349675,3.7349675
6500,3.851666666666667,3.9443883371932946,3.9443883371932946,3.867444496925532,4.079313319182941,4.126056775132451,4.256762170354181,4.177171700000001,4.237138751356681,4.102101558248013,4.2076535246909,4.17969138905183,4.091239093773854,4.192749040239564,4.177171700000001,4.177171700000001
6501,3.3250000000000006,3.4030010511722883,3.4030010511722883,3.266098717674418,3.323585714032834,3.2970592573209765,3.522944220456371,3.3973093,3.4607488996339466,3.3807321873189125,3.4204761009783806,3.397501177916474,3.328206299479667,3.466782574907917,3.3973093,3.3973093
6502,3.068333333333334,3.615379515372979,3.615379515372979,3.635110813455382,3.54796425736924,3.593842569813524,3.2757606987008066,3.571925,3.5043507000794767,3.629230095032719,3.553125639054783,3.5715263287792887,3.439027785349494,3.23611418252027,3.571925,3.571925
6503,3.2383333333333324,3.5040137239606253,3.5040137239606253,3.796928912949298,3.4226306234220094,3.4255289805313796,3.1443710073170688,3.4288282,3.336747431533553,3.5746009507171452,3.3905417737283123,3.4285610748516535,3.3681365490774757,3.1543048173620587,3.4288282,3.4288282
6504,3.9433333333333334,3.2416718643836884,3.2416718643836884,3.3182846659909413,3.4536647989362033,3.4410977036348296,3.5050452722606935,3.3129779999999998,3.3477036229262165,3.362714968296906,3.32466719107387,3.313219327720924,3.3374248467161403,3.567466076952731,3.3129779999999998,3.3129779999999998
6505,4.168333333333333,3.889071498587252,3.889071498587252,3.9790065192940145,3.8514772859698,3.794968261897268,3.928192862646481,3.7528508,3.7756611891481597,3.8237730223914204,3.75768717557257,3.762129070243007,3.86928596012195,4.008870468574198,3.7528508,3.7528508
6506,3.396666666666667,3.728766652014442,3.728766652014442,3.728840690385115,3.8227338948677025,3.7625804998501367,4.188332871237239,4.186730945821854,3.8497738387169402,3.7449857109429856,3.7871997766165393,3.770102175019866,3.9102362307432927,4.261643844818275,3.7516047999999995,3.7516047999999995
6507,3.3166666666666687,3.236915878046604,3.236915878046604,3.425421480328252,3.412632551226352,3.3621732537540607,3.671870270807093,3.3563082000000004,3.3948547605772736,3.368149810531814,3.361122405069739,3.3568153461172834,3.4158258819293894,3.755236781399621,3.3563082000000004,3.3563082000000004
6508,3.7066666666666683,3.4024852361772107,3.4024852361772107,3.3973736274528474,3.567974062419125,3.6031684006570184,3.595821153193922,3.394239,3.4322798271754853,3.50552404988993,3.41324399457314,3.3948797888881708,3.4313339383097263,3.6700974166054268,3.394239,3.394239
6509,3.9566666666666666,3.7911734045678025,3.7911734045678025,3.6978815375318943,3.791100248872724,3.8083429958031223,3.826795334605135,3.7142339,3.743778724595995,3.8148783129794803,3.733502401354546,3.7146628413910774,3.8120083493422285,3.8607907801118753,3.7142339,3.7142339
6510,4.276666666666666,4.060538213909246,4.060538213909246,4.041644393043129,4.018691804999851,4.0386610353386025,3.890391520569327,3.9785898,3.965070670361285,4.058540375101315,3.9831641843872547,3.978573968906237,3.9240435784894543,3.8937341109372623,3.9785898,3.9785898
6511,3.731666666666666,4.169633512324208,4.169633512324208,4.108285233731437,4.142902719223881,4.167656590209508,4.050020815001935,4.174572,4.161269322299718,4.139656975556712,4.174060736379142,4.174393974552659,4.092501786354106,4.010695777640333,4.174572,4.174572
6512,3.7166666666666663,3.8402930788370773,3.8402930788370773,3.783159239003676,3.7552384410538426,3.7643883632799238,3.6928902144794926,3.79584,3.7809509146369673,3.8002042593866814,3.7928674875592088,3.7958246778677753,3.642678827735269,3.6641366647752944,3.79584,3.79584
6513,3.9516666666666658,3.833737722528728,3.833737722528728,3.800012100415156,3.770990469898206,3.8007593874064565,3.5711333189417456,3.7949946000000003,3.7519744443612457,3.7925508823458487,3.781221470807846,3.794732528478251,3.7062342163668864,3.53362833057297,3.7949946000000003,3.7949946000000003
6514,4.5,4.010881150421539,4.010881150421539,3.977230489763822,3.953413732668841,3.994209653455858,3.6844966057687376,3.9421067,3.9048631455200065,3.9820232002740386,3.9398137152774586,3.941862419900876,3.9279638045315206,3.647058046463202,3.9421067,3.9421067
6515,4.990000000000001,4.308098736129005,4.308098736129005,4.261695013588989,4.348407620735665,4.383866919317095,4.239820220870641,4.4859800000000005,4.442140057363231,4.3389075822233165,4.464095949467344,4.478671781696818,4.299711377323282,4.1809538790349,4.4859800000000005,4.4859800000000005
6516,5.083333333333333,4.643672897993289,4.643672897993289,4.511794153269803,4.709344195731342,4.776936393532349,4.522698915874518,4.809334097538892,4.7489498347317385,4.656100507447417,4.7637991355984655,4.761611667440461,4.664857596613269,4.464554115158501,4.7620335,4.7620335
6517,4.534999999999999,4.7306008913813855,4.7306008913813855,4.687487557376296,4.700848552927053,4.71758526892247,4.627286133186392,4.829108,4.804014642345837,4.697034381656454,4.817253957850042,4.827335981524898,4.754727792908669,4.583078764281665,4.829108,4.829108
6518,2.5566666666666666,4.483350685584389,4.483350685584389,4.350429043458844,4.342669761298744,4.327583250982233,4.425559555948756,4.480176999999999,4.470929199026359,4.369845771548783,4.470276998018447,4.480042136195306,4.314643632053106,4.4018055018130635,4.480176999999999,4.480176999999999
6519,3.3866666666666676,2.5287507153716504,2.5287507153716504,3.3141266943280203,2.9650525188272887,2.8985410427440037,3.011003276833212,2.9784342999999995,2.9374501719515456,3.0529878190143442,2.907403399661545,2.9783991699557415,2.9017376111436373,3.047112111696899,2.9784342999999995,2.9784342999999995
6520,4.3966666666666665,3.6590051068005596,3.6590051068005596,3.6596271632469763,3.6180942098698363,3.653829481811613,3.4160401200203925,3.5262616,3.5107239546309628,3.636177357500494,3.531694469306234,3.5240567878663622,3.5335133300579615,3.4141889810408244,3.5262616,3.5262616
6521,3.875,4.119008470800396,4.119008470800396,4.157961996518206,4.153474745066431,4.193898711938054,4.011291817347106,4.2053423,4.189822529575785,4.144431351282186,4.202416345269754,4.1917946066566785,4.08627960361729,3.973996391869929,4.2053423,4.2053423
6522,2.7283333333333335,3.183227675129793,3.183227675129793,2.9900352374631227,3.1064535992274784,3.0991957641402896,3.2779135365135423,3.1639965,3.2527850251785164,3.117624540788406,3.2481882467423264,3.1644473180578387,3.1279727714146928,3.225007600092016,3.1639965,3.1639965
6523,2.285000000000001,1.7671277712263747,1.7671277712263747,1.5016845266794459,1.8522988669165135,1.804156393452283,2.3156937697302657,1.9277456000000002,2.07408221740237,1.8699969072801683,2.014154009425135,1.9283338518468476,1.7777962118073982,2.2562057827553197,1.9277456000000002,1.9277456000000002
6524,3.2150000000000003,2.558984700476233,2.558984700476233,2.538958868129499,2.2956292367439666,2.2012787360169055,2.2752404203893524,2.3958206000000004,2.377588962513184,2.5861449946573387,2.3693349247072204,2.395180425791688,2.3586233655782882,2.2449215522959505,2.3958206000000004,2.3958206000000004
6525,3.9650000000000003,3.4712274898269104,3.4712274898269104,3.420664312795794,3.5188859484260915,3.5587619986507737,3.2723500058365453,3.4268105,3.4167979762982235,3.5883494754211864,3.436887921814126,3.426236906813246,3.768436467891733,3.2524492361528186,3.4268105,3.4268105
6526,3.5083333333333333,4.01093874574762,4.01093874574762,4.046581552011196,3.9839809079212323,4.048454100708401,3.6827829746109644,3.8830889077872053,3.915066109783228,4.001526023523063,3.938132218060759,3.9485395591820636,3.9412329771255834,3.6560464921200366,3.950624,3.950624
6527,5.616666666666665,3.349055140195822,3.349055140195822,3.475488160866325,3.21064458230228,3.1421537067876226,3.4464113767538493,3.3284273,3.3480686433814295,3.3780191792446126,3.3251049039773313,3.3284298550612994,3.299952883411752,3.4491856657091273,3.3284273,3.3284273
6528,4.364999999999999,4.506669950228876,4.506669950228876,5.007058511701878,5.038815935070958,5.07742514444174,5.0265468908883335,5.190843,5.175524234922732,4.853708009730463,5.171391918746408,4.501277490987263,5.139665111852403,4.992273779802545,5.190843,5.190843
6529,3.786666666666667,3.4649373415451343,3.4649373415451343,3.524984016738392,3.5241879001312095,3.508524714714458,4.044743111543475,3.581348,3.6827825035283044,3.4337334866248224,3.7546547752458275,3.5814787342983343,3.574244218294796,4.062779075771551,3.581348,3.581348
6530,2.47,3.123054657037942,3.123054657037942,3.0874022393980867,3.1460991741635023,3.1315473504224296,3.5975401682570114,3.1093652,3.223197249898794,3.144990179823318,3.2916830353293367,3.1122537939673376,3.0106068787670073,3.622683327625516,3.1093652,3.1093652
6531,2.836666666666666,2.47217328377669,2.47217328377669,2.8168667216002827,2.6947530512140645,2.6905751771134234,2.655299253591303,2.5693574,2.547010173935503,2.848531208067099,2.5413671861470504,2.5693367731815497,2.483349150492646,2.6953902957797125,2.5693574,2.5693574
6532,3.506666666666667,3.314687463499065,3.314687463499065,3.3427422647795297,3.230481409191094,3.246995987618942,2.9005078579187114,3.0885713,3.0510196318011946,3.4292532572527463,3.0608568044508044,3.083700022720943,2.9951468639228667,2.90982849704754,3.0885713,3.0885713
6533,4.105000000000001,3.6043693088609188,3.6043693088609188,3.5426470032538635,3.5727065176414494,3.5738041546470503,3.397274302661188,3.5336627999999997,3.5255091819598596,3.691588088936294,3.5312888329246777,3.5331541347140467,3.475600662674916,3.3781718407602277,3.5336627999999997,3.5336627999999997
6534,3.6500000000000004,3.898681998035693,3.898681998035693,3.788930314094818,3.914628895542141,3.9062467944721377,3.896660972738195,3.9708261,3.9700369145942784,3.9046005338232646,3.9690706752961455,3.9705689734703102,3.9075390302832873,3.8669575037248918,3.9708261,3.9708261
6535,2.9733333333333336,3.517814042768406,3.517814042768406,3.4768944164332263,3.504369350658903,3.4920393508776115,3.592773870116738,3.5288447999999994,3.5467144039080334,3.559092154216809,3.544660997921472,3.528911953951594,3.486077676605956,3.5812643747039896,3.5288447999999994,3.5288447999999994
6536,3.216666666666667,3.1312104796781086,3.1312104796781086,3.3301309059549076,3.2377043686941627,3.2382114957354124,3.204077712143173,3.1750991,3.1703274655399607,3.3535878401886876,3.1700548027096005,3.175072952196136,3.111480575115298,3.2166072365659533,3.1750991,3.1750991
6537,3.6283333333333343,3.436267020070714,3.436267020070714,3.450282929316741,3.455279504604678,3.4674747043668117,3.3393736804263305,3.3749165999999997,3.379610424057101,3.5515192706420025,3.3871316096716666,3.3750155221974536,3.3763780752995176,3.3377636476448,3.3749165999999997,3.3749165999999997
6538,3.830000000000001,3.882288011590416,3.882288011590416,3.8626469074433585,3.8563886006487977,3.8681079404096828,3.727508651036601,3.8589422999999994,3.8413982446182,3.89936367873736,3.8484903639202783,3.8586529692862737,3.754533752211389,3.7140731274317265,3.8589422999999994,3.8589422999999994
6539,3.785000000000001,4.043955260731067,4.043955260731067,4.078952738637981,3.984649989936338,4.019048220622562,3.828437387997998,3.9806156,3.9575109325031343,4.007911271172486,3.969750345263122,3.9804626081856864,3.9029947582163675,3.819941911506421,3.9806156,3.9806156
6540,3.3816666666666664,3.851854769813748,3.851854769813748,3.828985347483487,3.856502349579065,3.8653482159890014,3.8255644109667255,3.8127687000000003,3.8321395643771314,3.8787701240134136,3.8381210928219023,3.812994730290759,3.8030271897508854,3.8256145240843265,3.8127687000000003,3.8127687000000003
6541,3.3449999999999998,3.5641085193478217,3.5641085193478217,3.642823672325321,3.7190434612069128,3.7181380500077936,3.6051646094397762,3.5999286,3.5984054500145803,3.7117725554921304,3.5990399896957803,3.599909874453423,3.448339352034623,3.6207078542666116,3.5999286,3.5999286
6542,3.2466666666666666,3.6252639253367476,3.6252639253367476,3.6649450105074712,3.72367358660229,3.7153670903675162,3.6007742318331033,3.6174529000000004,3.6113974527500203,3.721275613032251,3.61440901616075,3.617386688597544,3.516458092768092,3.613900474579972,3.6174529000000004,3.6174529000000004
6543,3.763333333333333,3.4591565811136693,3.4591565811136693,3.507396538114635,3.579207725638135,3.5508001336769888,3.5557820418134933,3.4861998999999995,3.496303476993898,3.5863747333474487,3.4936163542101566,3.486215417975614,3.3089331443861627,3.571637856524397,3.4861998999999995,3.4861998999999995
6544,3.3816666666666664,4.077665604219418,4.077665604219418,4.085610493293997,4.1216605565249536,4.113756027534764,4.113649348933689,4.061927,4.063629437237043,4.042207728233613,4.059073888835193,4.061928603828624,4.0118587208167185,4.135304850859748,4.061927,4.061927
6545,4.508333333333334,3.7336684452013555,3.7336684452013555,3.894839206011588,3.918010588990486,3.8721349466392874,3.7573263309460656,3.8491247000000004,3.792388886462505,3.819466398200385,3.7936661549718,3.8489176100658824,3.626100528551616,3.7778705981700393,3.8491247000000004,3.8491247000000004
6546,4.824999999999999,4.43190193971402,4.43190193971402,4.421841972722567,4.469145372159843,4.476594741255005,4.4825647641933895,4.6068625,4.588294219025281,4.402519441312139,4.590486349272428,4.586482302644409,4.54730127369463,4.464770560697405,4.6068625,4.6068625
6547,4.470000000000002,4.46999873684142,4.46999873684142,4.338247621999494,4.340586545660433,4.342457957385143,4.450762154909431,4.47272,4.489420814262518,4.258230807683272,4.4873885925379495,4.473093262882405,4.265978712990577,4.4253132438507325,4.47272,4.47272
6548,3.6833333333333327,4.117408988558548,4.117408988558548,3.9991576025326814,4.080918383610935,4.069493005110648,4.024499989501137,4.0785155,4.112927682664617,4.067825175301881,4.112449021844485,4.079268681929112,3.9554989632860966,3.99890669901577,4.0785155,4.0785155
6549,3.1950000000000003,3.4776206492236366,3.4776206492236366,3.3920046488671267,3.443679844585725,3.420937375759728,3.587330774995231,3.4788089,3.5227806858483337,3.514311149481909,3.5006857080655758,3.479053927746677,3.392838540827984,3.5707144504041315,3.4788089,3.4788089
6550,2.0266666666666664,3.7099969852561103,3.7099969852561103,3.777937539196486,3.8354408147444747,3.7839114506141933,3.5651678848043384,3.707755,3.674003238292594,3.7753070107066136,3.6972242414755097,3.7075817871206564,3.420235493753341,3.569617331883205,3.707755,3.707755
6551,3.7400000000000007,2.342455850814523,2.342455850814523,3.249148361781212,3.0195832844047494,3.0293103423761183,2.931287076053089,2.8238165,2.8021571209514686,3.183940466586399,2.8002458247093593,2.8237724051438424,2.676883544647993,2.9855318455747017,2.8238165,2.8238165
6552,3.9599999999999995,3.8481057206851768,3.8481057206851768,3.5517140492854917,3.7179526848327336,3.6875028708375717,4.022856473846224,3.6038532,3.7097678959171385,3.7855095059576014,3.686694498685585,3.9683570631505916,3.945111187889514,4.052915637038074,3.6038532,3.6038532
6553,4.256666666666668,3.3515828238302787,3.3515828238302787,3.5565308775768316,3.4889468312674206,3.457179830422741,3.857999808783371,3.4064934,3.488679420454966,3.4605566872421436,3.4764457970711,3.4074660910716132,3.5050101129515094,3.8926406641063536,3.4064934,3.4064934
6554,3.0750000000000006,3.920633742736901,3.920633742736901,3.9019591919647527,3.9109637374505364,3.900160689533241,4.226954622607863,3.8853996,3.9440109370900522,3.788485505124226,3.943160962463119,3.9829765072310557,3.9198122014714767,4.253626187145352,3.8853996,3.8853996
6555,3.595000000000001,3.2553953207376987,3.2553953207376987,3.87086638820789,3.5288344381306,3.586088257581951,3.546389431814341,3.1886651386160234,3.3535443943088237,3.5681395335994925,3.352203413945016,3.3856094701527373,3.422245116350949,3.608219354458313,3.3857047999999996,3.3857047999999996
6556,4.185,3.813052790939474,3.813052790939474,3.681700965945725,3.8887441970704177,3.8427498539191585,4.138107305155336,3.7460660000000003,3.8047876688161204,3.8126714995478985,3.7914565023499307,3.793881838964026,3.9359654011873824,4.187392902216316,3.7460660000000003,3.7460660000000003
6557,4.633333333333334,4.295640142475136,4.295640142475136,4.2914869247532135,4.303854845078202,4.336620528004052,4.412849373972212,4.2669697,4.277587751625675,4.224083620374496,4.271848254911914,4.267034453525824,4.235571864109221,4.443560828642143,4.2669697,4.2669697
6558,5.13,4.65133251977102,4.65133251977102,4.616255822262916,4.638606891605414,4.67428404093213,4.685426184282796,4.6822989999999995,4.671259959188449,4.526646201345992,4.661654155388712,4.681708886169262,4.635590420992639,4.696454900120985,4.6822989999999995,4.6822989999999995
6559,5.166666666666665,5.088001082060096,5.088001082060096,5.13274474235045,5.010304774372295,5.083647463414652,5.00210023626399,5.042371634902551,5.089254307599532,4.912655683271761,5.09136723084654,5.119569414486249,4.910157432078946,5.0034622302611655,5.120388,5.120388
6560,5.063333333333335,5.077931809944325,5.077931809944325,5.06750794961571,4.938922721102409,4.9969944385961345,4.967879513088084,5.059889,5.041414468109784,4.8833285367203665,5.046365073463221,5.059724111635251,4.926157981508427,4.964195345308252,5.059889,5.059889
6561,3.523333333333333,4.832653602995773,4.832653602995773,4.688867280936427,4.6902654591139346,4.719346167267948,4.739754369379703,4.849824400000001,4.842752610615274,4.624304460848362,4.841091566727314,4.8497449272026545,4.664840784059475,4.716840574723019,4.849824400000001,4.849824400000001
6562,3.5516666666666676,3.553220424729539,3.553220424729539,3.50109569789145,3.4186405264808064,3.4587610142325462,3.278499113506486,3.4813886,3.4550153786510607,3.526034670291008,3.4665083279882523,3.481370413534552,3.2834798887288743,3.2548246635086873,3.4813886,3.4813886
6563,4.300000000000001,3.4637574893095975,3.4637574893095975,3.4167176146825557,3.3853817860071787,3.4191161622129926,3.3176745508662946,3.264159964253794,3.4131377926860638,3.483152053720973,3.4299199856090907,3.408241689344441,3.3631312547297343,3.3000801742521846,3.4078405,3.4078405
6564,4.653333333333334,4.271604840710361,4.271604840710361,4.275646444090181,4.329031144538761,4.3705308462313095,4.161187186364662,4.3413525,4.325786588271224,4.322090006869611,4.339639451516702,4.3434175529211885,4.345080733157614,4.149333739310155,4.3413525,4.3413525
6565,4.538333333333332,4.5560525372094185,4.5560525372094185,4.549661394351999,4.440966358015056,4.468048021683549,4.470478635162771,4.6158423,4.578845745065102,4.40454020600424,4.5552414825550605,4.6145767415993415,4.6073833570385245,4.457883508348425,4.6158423,4.6158423
6566,4.254999999999999,4.492810557685876,4.492810557685876,4.438903167977168,4.402223050119198,4.396344524795434,4.499897565371011,4.5432725,4.522549335336057,4.329492323153655,4.497411780523107,4.542953292668411,4.336250525025093,4.4942418879614605,4.5432725,4.5432725
6567,4.326666666666666,4.289980173578756,4.289980173578756,4.186270232847766,4.326971797733451,4.222862594458333,4.3796937213136715,4.3896093,4.369952392801,4.179895204268158,4.3365475042205315,4.38947940780754,4.324773416318782,4.379305796523417,4.3896093,4.3896093
6568,5.165000000000002,4.058203111873568,4.058203111873568,3.985978069308114,3.973554636980191,3.957964254227222,3.9526943037245856,4.0584455,4.064082319036495,3.954290952222725,4.082334961073644,4.0584976040037,3.902966324221051,3.9310080600706074,4.0584455,4.0584455
6569,5.173333333333334,4.274293670887736,4.274293670887736,4.375476409420665,4.482079065363359,4.464899551602128,4.436867647025157,4.6111794,4.633682776047973,4.368182447187628,4.673209216314882,4.598614030872579,4.765526469816762,4.395796342306913,4.6111794,4.6111794
6570,5.091666666666668,4.317160676553005,4.317160676553005,4.273591647582106,4.425070982915807,4.421035642069419,4.393736332517474,4.5250163,4.563416048123379,4.294533892396619,4.611608475633635,4.527329270196658,4.353995920347381,4.3465263913492365,4.5250163,4.5250163
6571,4.113333333333333,3.8939448162927657,3.8939448162927657,3.7784805528958367,4.107508279488924,4.083173715595541,4.262900966095706,4.143445,4.2584250605930505,3.93303297380736,4.368241659965791,4.154027799878115,4.215996586314806,4.2120650536631326,4.143445,4.143445
6572,2.846666666666666,3.294660288209375,3.294660288209375,3.1203165972361315,3.4282823523806556,3.371424636692148,3.623854058295279,3.3890326,3.4991001505412465,3.2988965184255887,3.5678234693938267,3.389887547553419,3.3891659954318216,3.592718263746054,3.3890326,3.3890326
6573,2.6999999999999997,3.352266196632004,3.352266196632004,3.3965812819678445,3.313604700058502,3.3193905895776665,3.065047191299381,3.3537638,3.28277433514969,3.405671286250535,3.26409529912051,3.3535543139717783,3.311641896675397,3.049691955817093,3.3537638,3.3537638
6574,2.405,2.9197301488088305,2.9197301488088305,2.967938647879126,3.077971166413132,3.029708040727791,2.8706112933929475,2.9858568,2.963683139105904,3.0509824460523913,2.9542173812429056,2.9857871612361464,2.8380990847736083,2.8601072902206472,2.9858568,2.9858568
6575,2.226666666666667,2.5718615063647388,2.5718615063647388,2.8321393902633685,2.7230161760426057,2.7410623796432274,2.539423537037373,2.613546,2.589185470223361,2.7274343175105984,2.5814293554045293,2.613465479640717,2.550827174778023,2.5422538733032183,2.613546,2.613546
6576,2.519999999999999,2.2238686863016213,2.2238686863016213,2.4736767981315904,2.4126953966972153,2.3592674443335593,2.493688692104631,2.2660158,2.292128555965433,2.329742836591558,2.2823495771397333,2.2661133189355374,2.1912131372405534,2.520441173740711,2.2660158,2.2660158
6577,2.8333333333333335,2.661407592210796,2.661407592210796,2.723807459800044,2.645677042651216,2.598598119772439,2.9321308004790922,2.7633397312859858,2.5791335627289147,2.625934646726244,2.568765484769896,2.530897644892911,2.536224529261757,2.978615529429595,2.5253508,2.5253508
6578,3.9116666666666666,3.501112653779178,3.501112653779178,3.7786188990850413,3.352570892827487,3.442237432759443,3.3753847238331156,3.2148676,3.174150199486969,3.443803483202381,3.146914554385521,3.2193793339691945,3.221528117348682,3.447876164204004,3.2148676,3.2148676
6579,5.0299999999999985,4.202467232390752,4.202467232390752,4.225208674046529,4.082405192479431,4.171434360404461,4.090138815739593,3.9678671000000003,3.971426413628047,4.130402415752339,3.9886894609015062,4.242481780566813,4.050638671069311,4.129749969706177,3.9678671000000003,3.9678671000000003
6580,5.239999999999998,4.8331896766560245,4.8331896766560245,4.93237250140162,4.9493248372788194,4.977919515985465,4.862669118667685,4.989533,4.9632484704721636,4.957250157198073,4.958074933691748,4.943661566247981,5.164871048411978,4.862807358593887,4.989533,4.989533
6581,5.6783333333333355,5.114599568960477,5.114599568960477,5.052672984008593,5.001958501777189,5.057284254445657,4.918597774258595,5.125102500000001,5.091304319313656,5.068221849704593,5.0835352544969075,5.124654679765342,4.87799055335374,4.902860357727533,5.125102500000001,5.125102500000001
6582,5.511666666666665,5.23318010382202,5.23318010382202,5.167598287510362,5.2436788735598405,5.310420014932177,5.1063312576139825,5.345353,5.333011004428487,5.298296295327457,5.357693778585974,5.345354011778441,5.0860157059789,5.07633615916368,5.345353,5.345353
6583,4.724999999999999,4.882974962617627,4.882974962617627,4.6439779572728535,4.799408089609484,4.7670156678215125,4.807366982494332,4.973952,4.981516076747607,4.816506699293637,4.98879131000747,4.974092513158248,4.9280609128728,4.760217115402235,4.973952,4.973952
6584,4.548333333333331,4.33010896572426,4.33010896572426,4.16048352534358,4.217785827573439,4.201272247383238,4.240922208223056,4.3182955000000005,4.326110428708405,4.200522789941135,4.325761854278183,4.318288446393241,4.14135918078766,4.211757769138238,4.3182955000000005,4.3182955000000005
6585,3.6816666666666675,4.251586716216512,4.251586716216512,4.167416649628581,4.342107418606127,4.318085545993141,4.453102572253901,4.329955,4.377861537040876,4.358668367486094,4.408164260848509,4.3316542719299775,4.199842091404396,4.450686522096923,4.329955,4.329955
6586,4.960000000000002,3.8354122350225412,3.8354122350225412,4.064069512925391,3.9252561990001205,4.008706575791838,3.935371890523865,3.8434126444238244,3.856154922560203,3.951638198235052,3.859659201935342,3.8555980537303327,3.752909784750366,3.9594881654501743,3.855605,3.855605
6587,4.915000000000001,4.845019411117738,4.845019411117738,4.929273529753181,5.0153337707846575,5.078429773683258,4.930718802541955,5.0200434000000005,5.023128605751191,5.125592022908206,5.041320935439845,4.990696514921394,5.034812254206335,4.926483806627031,5.0200434000000005,5.0200434000000005
6588,4.36,4.951225108793047,4.951225108793047,4.887372710599195,4.880598536367736,4.937507708059467,4.863353956838573,4.800841566044643,4.915933252511407,4.942438823302336,4.919122947430691,4.925879199424896,4.93445149891269,4.863043097895959,4.9258942999999995,4.9258942999999995
6589,3.8183333333333325,4.413687637484105,4.413687637484105,4.489360618588154,4.414168645083708,4.504009372542428,4.430667578891344,4.376205400000001,4.385887718164791,4.427242225041203,4.39438632013787,4.376221695339176,4.294463040997875,4.44250521621053,4.376205400000001,4.376205400000001
6590,5.238333333333332,4.100793934941783,4.100793934941783,4.342038510294121,4.154408051882743,4.276853579966292,4.039422206799441,3.6614009009009,4.038218320104968,4.162043445745125,4.046299011058963,4.058206196596567,3.899572136567448,4.0585741887276745,4.0582848,4.0582848
6591,6.4766666666666675,5.219822668475721,5.219822668475721,5.485000267950079,5.37174195199157,5.498501601922716,5.167429843814394,4.776426940639272,5.392826668517537,5.418065480289402,5.385350162695335,5.284745044551933,5.67041693138767,5.1568038918884325,5.4456563,5.4456563
6592,5.461666666666668,5.682908912883909,5.682908912883909,5.891822942928976,5.9503646860261625,6.13192378453126,5.728565578507134,6.086580462011195,5.922700076668819,5.899550685016209,5.951825687720305,5.916306916665267,5.940983141024196,5.705718236697052,5.915070500000001,5.915070500000001
6593,4.97,5.614734081853841,5.614734081853841,5.456053355893247,5.315782228393155,5.307693130179335,5.348581267150925,5.5270123,5.459953171101507,5.2596467581915425,5.457394077615404,5.52649181787623,5.347559987047579,5.344935188818669,5.5270123,5.5270123
6594,4.685,5.146800098198122,5.146800098198122,5.244029988860163,5.015600827215608,5.11963466492539,4.910976148192672,4.759074033786536,5.037611191218085,4.94229963597835,5.028799639849403,5.098569688879075,4.878887092419721,4.915237722689748,5.098857,5.098857
6595,4.996666666666667,4.49236422589883,4.49236422589883,4.331083901858078,4.404960050478868,4.364874056627873,4.646634680078178,4.61722461651138,4.546735386999626,4.327843498978046,4.54486152672088,4.5144689577974955,4.283594915359702,4.644655189064294,4.5142674000000005,4.5142674000000005
6596,4.418333333333335,4.281475070278015,4.281475070278015,4.183602303348642,4.36030965421016,4.329529721642081,4.62714158098762,4.413805,4.496035325225736,4.252247946573422,4.524363416603529,4.416310154073923,4.28368031766565,4.615387043719442,4.413805,4.413805
6597,4.346666666666668,4.448511404875983,4.448511404875983,4.434277306710664,4.407062498588588,4.358030367510009,4.620459075832457,4.41110478098139,4.507037448141421,4.375270419484735,4.487721545465105,4.507408937872051,4.296208093937903,4.634958373814052,4.5074835,4.5074835
6598,4.21,4.3620661734026145,4.3620661734026145,4.420277781757713,4.4457316719932445,4.390555578075816,4.738614740783347,4.426627,4.467253946205601,4.39466878221339,4.456372996773637,4.426844287864194,4.351750505843341,4.773583168091218,4.426627,4.426627
6599,4.842307692307693,4.684902302855821,4.684902302855821,4.937512507222266,4.78172666016166,4.879628460898694,4.797348531033046,4.585417700000001,4.580505717206698,4.715173363193254,4.583134215321983,4.585365346949084,4.341489981773589,4.853781489685554,4.585417700000001,4.585417700000001
6600,4.623333333333332,5.1038937442802546,5.1038937442802546,5.300542266027095,5.175838401675001,5.277018271922319,5.198472725003072,4.981269999999999,4.983132174167638,5.0573046965838975,4.997846028753304,4.996563127979357,4.933644155948594,5.257533542809419,4.981269999999999,4.981269999999999
6601,4.9416666666666655,4.601246405764652,4.601246405764652,4.877273549285722,4.68135138930991,4.705421572811545,4.934459578946709,4.725159642401018,4.633027046382042,4.5296175887082715,4.623747935289267,4.628779376684578,4.599473092604142,4.998278718298931,4.6263022000000005,4.6263022000000005
6602,3.6533333333333338,5.041760703467549,5.041760703467549,5.146121863630082,5.0067716872989205,4.986008656114506,5.155096555371119,5.025886,4.99709183257833,4.915781832496145,4.9960519889240995,5.037787529843145,4.881185195943949,5.207429793752644,5.025886,5.025886
6603,3.4433333333333334,4.0267732211010685,4.0267732211010685,4.5228952777051274,4.194754798925659,4.177671087242258,4.26884327473501,4.2153025,4.136917374591786,4.235483142493459,4.0941813060721755,4.2148771014562065,4.077350073930557,4.3428231822199255,4.2153025,4.2153025
6604,5.444999999999999,4.047810251473294,4.047810251473294,4.288873170832026,4.077831028543362,4.045731399069993,4.192364408578787,4.129651,4.064583089053905,4.147036466628731,4.014860301110185,4.128010318855507,4.076875575748521,4.26426835374848,4.129651,4.129651
6605,5.776666666666667,5.3540539200685195,5.3540539200685195,5.39620634220829,5.513531441229404,5.508057616733344,5.508165785945085,5.559328,5.549542499953223,5.324886992281137,5.589520538470537,5.618298680123701,5.634624010829133,5.526703658358756,5.559328,5.559328
6606,5.828333333333333,5.542224719953821,5.542224719953821,5.559853923128194,5.570531943347247,5.546159821476844,5.580051190562859,5.480881047492226,5.586737824052974,5.430189085764123,5.628270196440789,5.582341285690846,5.5277015060552985,5.6012568257095054,5.5821934,5.5821934
6607,3.174999999999999,5.456297803953805,5.456297803953805,5.490231469176889,5.418244969249095,5.498468935099856,5.374221653161366,5.516600599999999,5.50267203401551,5.380759699908689,5.511414740109901,5.516323158447753,5.403562065583589,5.355660265903949,5.516600599999999,5.516600599999999
6608,2.664999999999999,3.0695948969337112,3.0695948969337112,3.9609622436564,3.5685370847230486,3.582088285802724,3.4750266704884343,3.5078733,3.457370111442226,3.6499484132639157,3.406896509216965,3.507832450064771,3.4771187255267404,3.5188843193777957,3.5078733,3.5078733
6609,3.5716666666666668,3.1023911560462873,3.1023911560462873,3.49205855643359,3.4198765294462077,3.472329587235751,3.327151576168615,3.1232347000000003,3.156593556577076,3.4285118504210197,3.223811030595416,3.12364831404358,3.0506186672815097,3.390882704372986,3.1232347000000003,3.1232347000000003
6610,4.9449999999999985,3.9499339499510997,3.9499339499510997,3.934581380751053,4.143298522016828,4.204710484830418,4.040496961546256,3.8554199999999996,3.920814515432086,4.042175684682938,4.051277895733501,3.8652675469555873,3.9351544171773263,4.079436575192021,3.8554199999999996,3.8554199999999996
6611,5.340000000000002,4.932725109473903,4.932725109473903,5.016858522996657,5.048541936923139,5.074068322832664,5.051995406011088,5.1110153,5.095483873513306,5.015856627934483,5.115956033493278,5.108922768695425,5.0611653097725995,5.06341396636853,5.1110153,5.1110153
6612,5.349999999999999,5.250770644053823,5.250770644053823,5.368468561097489,5.124889774948073,5.134154942146015,5.288999408221864,5.30854,5.287317160041155,5.228984947917063,5.248206391319361,5.308311958768531,5.160898298591614,5.303582306069284,5.30854,5.30854
6613,5.501666666666669,5.449011311354879,5.449011311354879,5.551790349122559,5.223052397722867,5.228580809384211,5.356470692487001,5.417922,5.38177074472677,5.345399906037127,5.32430816713274,5.417588252549078,5.407491333065524,5.373873547049897,5.417922,5.417922
6614,6.093333333333335,5.514659828761653,5.514659828761653,5.5219493151047745,5.367444691940246,5.368396845244,5.549884884185144,5.480881047492226,5.529951406098154,5.442749699288896,5.534097598205034,5.534280349287394,5.440650987249228,5.568083399937611,5.534243,5.534243
6615,5.739999999999999,5.687839655591407,5.687839655591407,5.7007437805803916,5.787692421039633,5.864561381191272,6.007630103619741,5.9431753,5.984849886084872,5.9374337193443605,6.0782629291293695,5.945582873748396,5.878823704922972,6.008684312206355,5.9431753,5.9431753
6616,4.741666666666666,5.821303215692663,5.821303215692663,5.83790014989328,5.481898756035088,5.4819110751160505,5.596246320789718,5.802077,5.716308405618559,5.722806353450374,5.60322996461927,5.801846919041704,5.700748905185255,5.601626183795222,5.802077,5.802077
6617,5.676666666666666,5.4964840603360114,5.4964840603360114,5.693258111654111,5.122163555017446,5.111219816488275,5.0717073130192,5.405804,5.22646335214193,5.338573943803855,4.9574010214054915,5.405522434160228,5.0670411945897,5.102394372098759,5.405804,5.405804
6618,6.208571428571428,5.772957850959605,5.772957850959605,5.791448731659797,5.658110811910625,5.7511232420089335,5.671690776310721,5.857179599999999,5.813654433122864,5.830350308911118,5.818774514621115,5.851213830193409,5.726483838382239,5.6750028240669455,5.857179599999999,5.857179599999999
6619,5.932142857142858,5.732435188746018,5.732435188746018,5.670343108511247,5.677021448054442,5.753247307922681,5.941565207583013,5.926069999999999,5.95786242318769,5.940619177056384,6.028486509664672,5.927107126894706,5.706903485630812,5.926889327513211,5.926069999999999,5.926069999999999
6620,4.940000000000001,5.461162681831536,5.461162681831536,5.32582383373593,5.314504995168525,5.347409225399191,5.5703328749577885,5.723169411619136,5.5497264910330175,5.511554839865308,5.639395832935269,5.496730101089243,5.358843957851473,5.557519222018623,5.4963994000000005,5.4963994000000005
6621,4.943333333333333,5.126735042898094,5.126735042898094,4.9320208401428065,4.679719947629783,4.6789965925406785,5.086982964729707,5.122967,5.066016216908783,4.94014423164588,4.96145652808649,5.122823808801814,4.8769597236565305,5.095262534732192,5.122967,5.122967
6622,4.915000000000002,4.941860928873631,4.941860928873631,4.93568719926453,4.885449640185097,4.906760364942474,5.2461835186316685,5.109543,5.1158608345690935,5.048052569859139,5.090712871200197,5.109528080932406,4.917326187310447,5.277195345327951,5.109543,5.109543
6623,5.796666666666666,5.37075425073276,5.37075425073276,5.494816675267584,5.395852768419619,5.428217625500591,5.424604940607349,5.366559563890915,5.303102691780378,5.488787465605769,5.317929056028142,5.2946013088095185,4.991874043638567,5.496823752523199,5.294713,5.294713
6624,5.9416666666666655,6.117982092491037,6.117982092491037,6.387171340894385,6.072770730291975,6.210695274073551,6.185966587664645,6.112362,6.085060001100707,6.458438746365227,6.055800383382275,6.122481471813482,6.0272986784779725,6.264725336940593,6.112362,6.112362
6625,5.873333333333334,6.014648359562555,6.014648359562555,6.120283578131672,5.818805400053645,5.904552414952856,6.199293227523403,6.0655209999999995,6.0172609303179465,6.036688069842524,5.939392356117233,6.064121930050352,5.863895209257475,6.276061283703616,6.0655209999999995,6.0655209999999995
6626,5.141666666666666,5.557831499347502,5.557831499347502,5.68882920578933,5.445349961198466,5.478684999532009,5.879388664163555,5.582834200000001,5.6099288077542315,5.585333885446904,5.610145704468198,5.584805622365794,5.457352937512679,5.947242563496735,5.582834200000001,5.582834200000001
6627,3.855000000000001,5.125534205318811,5.125534205318811,5.209213749027928,4.902831312498885,4.925560504375884,5.305659774504833,5.108206299999999,5.097417534015938,4.959557323145907,5.045605917230155,5.108534193945069,4.987366739941014,5.363102440215579,5.108206299999999,5.108206299999999
6628,3.6033333333333326,4.0639534548751035,4.0639534548751035,4.357051174232383,4.36340000244503,4.3482938765858945,4.304933184940776,4.146548999999999,4.154392015003322,4.229679636286993,4.194686918113585,4.1465443053296,4.117852479684754,4.381313920925325,4.146548999999999,4.146548999999999
6629,3.603333333333333,3.7205086038637356,3.7205086038637356,3.7999159208134285,4.086618021041681,4.057142867948854,4.19225880272698,3.7675648,3.8613404786607717,3.865409882327391,4.007133323966415,3.7686786555490306,3.823249448267439,4.280136408480278,3.7675648,3.7675648
6630,3.585000000000001,3.7580210182687277,3.7580210182687277,3.8476935890595416,4.069606630654363,4.031578365454781,4.204726600885911,3.7901656999999997,3.866261071640997,3.860072886521268,3.9684826039537606,3.7915667925346694,3.811533474147505,4.307150732089171,3.7901656999999997,3.7901656999999997
6631,3.1300000000000003,3.6841602695630034,3.6841602695630034,3.80547055609627,3.871832148716084,3.808292410158217,4.08223637180994,3.7520330000000004,3.7973583845712664,3.7455428059090097,3.8311598946365693,3.7537508582500916,3.7799735347701118,4.168788720527903,3.7520330000000004,3.7520330000000004
6632,3.3033333333333332,3.527551726964316,3.527551726964316,4.049031563222432,3.8590204306256313,3.7434651905761434,3.650123570541134,3.5527300000000004,3.5390481361172057,3.726197333653618,3.552496711998469,3.5529999372128223,3.502124016314264,3.7568267224177427,3.5527300000000004,3.5527300000000004
6633,3.725,3.6704941092290757,3.6704941092290757,3.649802333406172,3.8341084901873392,3.7833280784611962,3.9140900421260683,4.058244680851064,3.6981194146918153,3.680881895299911,3.76520761061368,3.6451407162872704,3.556891509778775,4.001066841667543,3.6405754,3.6405754
6634,3.2549999999999994,4.1165400255987326,4.1165400255987326,4.2329494283870055,4.2218766744848955,4.156667178506606,4.102881631213742,3.9735491,4.007486701263183,4.025522270603455,4.060873502892768,3.9746418463787005,4.012476843185998,4.176611532415866,3.9735491,3.9735491
6635,3.7683333333333335,3.5530533278459417,3.5530533278459417,3.8498163175401903,3.738540605135729,3.6362082421315423,3.7393059990865187,3.6208684,3.622263915037266,3.6702886647047164,3.63525955020777,3.6209823545846773,3.47338868524839,3.8244982388524664,3.6208684,3.6208684
6636,3.511666666666665,4.106806804178685,4.106806804178685,4.155452749443537,4.161015123748636,4.0684403921425885,4.070492275753163,5.04514810332125,3.9754398103186293,3.9794773854304544,4.015671876584527,3.937159937205976,4.000299332458865,4.130682633592155,3.9326591,3.9326591
6637,2.5183333333333335,3.8584939425293516,3.8584939425293516,4.075976475740851,3.979239370139135,3.9065235582968607,3.996742047026282,3.8532526,3.8738954163187986,3.864355206721998,3.8858916441992233,3.8534358648110607,3.784740425803405,4.069346354069599,3.8532526,3.8532526
6638,2.7033333333333336,2.7301852249485177,2.7301852249485177,3.4317492559579534,3.3139545671298953,3.196948445768645,3.2823019917204572,2.7633397312859858,3.07592583751608,3.2877890757020936,3.0838491038290905,3.0479859637075775,3.04881599576635,3.4042611107212175,3.047828,3.047828
6639,2.7583333333333337,3.32765130249263,3.32765130249263,3.6890391422914712,3.554370851677244,3.4749152205877727,3.361564940319418,3.2847328,3.283100983037403,3.520267008347604,3.3005556794403583,3.2854270546747477,3.310973174672622,3.471428047896409,3.2847328,3.2847328
6640,3.4349999999999996,3.6055120706672907,3.6055120706672907,3.6778694114737873,3.6242407698003807,3.733486522000794,3.650912053447521,3.7166095,3.651760349374259,3.612557635495399,3.6654887680915893,3.7155510068470963,3.650071873953119,3.7293123368155365,3.7166095,3.7166095
6641,4.461666666666668,4.480048947581739,4.480048947581739,4.685296631810802,4.386661307972919,4.491912894764903,4.206130139343011,4.472765,4.367013633223244,4.344587441737073,4.400456055035609,4.471387545358244,4.281594913165569,4.279551609390538,4.472765,4.472765
6642,4.3516666666666675,5.176514080715856,5.176514080715856,5.25303611898903,5.0134353986243365,5.146243033813197,4.839489189249374,5.163974,5.0721122175440625,4.913341403067404,5.115219115392638,5.161408859256131,4.8940350115277065,4.871390467790392,5.163974,5.163974
6643,4.52,4.64804598403739,4.64804598403739,4.629885475114131,4.510956924542637,4.523514235621635,4.655759756932247,4.6560407,4.639033438767853,4.366183540399385,4.64157269374649,4.655997462736611,4.557771008090402,4.691911204819994,4.6560407,4.6560407
6644,4.03,4.813848784108192,4.813848784108192,4.84476342645227,4.6995205703579135,4.7182502950728304,4.909809576016822,4.821833,4.82688482036882,4.4810060140658665,4.8257769482509385,4.821880740253166,4.68775530700246,4.960634537366432,4.821833,4.821833
6645,4.451666666666666,5.08779505297234,5.08779505297234,5.337083249657629,4.849303098821051,4.932108155216659,4.9040817860140535,4.785831093189966,4.982652169612811,4.631476857369516,4.990054466847423,5.104743875408914,4.874040103690449,5.011597868310626,5.1051416,5.1051416
6646,5.375000000000001,5.667349034111019,5.667349034111019,5.670776006432615,5.359745762789649,5.484969867510111,5.212063073636848,5.6060414000000005,5.4386158897397765,5.096621438891432,5.419850025594637,5.603440827886547,5.344026301262113,5.296119271834841,5.6060414000000005,5.6060414000000005
6647,6.529999999999999,5.617635791706065,5.617635791706065,5.462873976066964,5.39647949569401,5.595746362511355,5.753733136807651,5.675638411287768,5.642159249578128,5.06139377527384,5.622974438614573,5.629905066287135,5.535896534150203,5.786008053025963,5.629975,5.629975
6648,5.886666666666666,5.475157409679473,5.475157409679473,5.346690496226365,5.518772895467492,5.5727733433179685,5.998955657314893,5.6804004,5.816473783553448,5.270294304790207,5.858181520420965,5.692734184308746,5.707977364402399,5.984659995810226,5.6804004,5.6804004
6649,4.908333333333333,4.75781320469481,4.75781320469481,4.672896393488539,4.773133931423009,4.849235598477489,5.492153906333292,4.9249849999999995,5.095987392290978,4.642181348678201,5.086946054106819,4.925780520606255,5.023129066108166,5.515001794104759,4.9249849999999995,4.9249849999999995
6650,3.128333333333332,4.0036750140211375,4.0036750140211375,3.996509868093483,4.010712461162478,3.9675665609123243,4.630039898317405,4.056451999999999,4.203526719228631,3.964482480423041,4.172415741215215,4.057243663911443,4.011951977291045,4.695219958282154,4.056451999999999,4.056451999999999
6651,2.1166666666666663,2.7799229788621598,2.7799229788621598,3.2833297520385223,2.9883225637780773,2.8038329843644685,3.344485795407848,2.963053,3.0056533074791196,2.974645488090469,2.973300180166366,2.963550448271475,3.0005660271204646,3.4714307521315435,2.963053,2.963053
6652,2.3149999999999995,2.3669440018411434,2.3669440018411434,2.864043342027862,2.6983105583271376,2.585129866531001,2.7090787293515053,4.565613973860951,2.539966247849108,2.637760972110195,2.5388645868314645,2.5392081566844302,2.4494975926339633,2.8461174809311447,2.5383391,2.5383391
6653,2.6466666666666665,2.942856690776803,2.942856690776803,3.235167826570629,3.064391584621859,2.9662331919192217,2.8140114181487266,2.8675077,2.834556333146433,2.9619524015438445,2.861579669438184,2.866131445110244,2.7668006871856985,2.930735778126172,2.8675077,2.8675077
6654,2.4933333333333336,3.0321122670104717,3.0321122670104717,3.1925423263184456,3.21928254807584,3.211957840171119,3.0178749159965044,3.0096439999999998,2.9979627492306102,3.0646449196471504,3.007682015427627,3.009174006987677,2.8900347479820816,3.0799097470351073,3.0096439999999998,3.0096439999999998
6655,2.9083333333333323,2.631354319936608,2.631354319936608,2.769294510329036,2.8301264176861016,2.7915503912401647,2.582134703924456,2.6081610980110836,2.6691464027709495,2.7291334153382483,2.6822961061843085,2.689529568901806,2.4801244159156157,2.5541847846672434,2.6896240000000002,2.6896240000000002
6656,3.3833333333333333,3.01936383475693,3.01936383475693,2.9251307951553978,3.1255333602429944,3.113508060423355,2.768195443092956,3.0117047,2.983853447779634,3.088945927697839,3.005599859938873,3.0105136452083543,2.8373579152859225,2.679245188891107,3.0117047,3.0117047
6657,3.0316666666666663,3.1991044130509585,3.1991044130509585,3.002083573102347,3.359889069465887,3.38756286068615,3.0308342214774973,1.3524858381314497,3.2027427126885577,3.358665011313689,3.20422968141783,3.202363906138113,3.1771326533927895,2.9017712659229895,3.2028642000000005,3.2028642000000005
6658,3.3483333333333345,3.0263721817919187,3.0263721817919187,2.8254831097555875,3.083453147574223,3.142447881538036,2.7845785387672093,2.876426390315736,2.970530560830012,3.0520869199098937,2.9822901520216245,2.9895243326130805,2.739555341305386,2.647541898055108,2.9901204,2.9901204
6659,3.335000000000001,3.1697245847642717,3.1697245847642717,3.030163885929447,3.265571833594614,3.3112516533925467,2.9569706388034236,3.2055533,3.1825197856139917,3.3306637376514305,3.199351302254689,3.1992813571313166,3.1631113413125287,2.8083212626280245,3.2055533,3.2055533
6660,2.9816666666666674,3.3022365712937676,3.3022365712937676,3.1612670752704926,3.4068798453373,3.458424068240325,3.0563039668247867,3.3010309,3.2753723583722616,3.431429236186016,3.2958587905274506,3.298736882008878,3.446780994712562,2.93408952366503,3.3010309,3.3010309
6661,3.3700000000000006,3.1164475239436045,3.1164475239436045,2.9708598772042203,3.2169434001847277,3.2871704983120438,2.879724753225453,3.0891283,3.061163712048489,3.163328203877298,3.0814982409396925,3.0886942508217974,3.022910987492035,2.7703881785031736,3.0891283,3.0891283
6662,3.483333333333333,3.34296360948395,3.34296360948395,3.148629979002509,3.4598543599350644,3.4969500240399194,3.1050183222337884,3.3066525,3.293574003271368,3.454149970388257,3.3053328731461744,3.3059852582046916,3.4267019216148396,2.9833998292126735,3.3066525,3.3066525
6663,3.023333333333334,3.332323788608193,3.332323788608193,3.096080099117757,3.4337681087331076,3.470922439624834,3.1354094798056282,3.2853553,3.2867207998776875,3.436752062442546,3.2856476233022702,3.2852557969511036,3.2986894178828425,2.9803857234894275,3.2853553,3.2853553
6664,2.8916666666666657,2.756122434762661,2.756122434762661,2.591977546636101,2.8522918544278193,2.8126267958820708,2.851723424983989,2.7437343999999997,2.7889298460821634,2.804886344207743,2.7511559359977955,2.7440895540522683,2.7376211691279604,2.744679264542974,2.7437343999999997,2.7437343999999997
6665,1.3266666666666667,2.235332860330236,2.235332860330236,2.0102935204211496,2.4497007966823077,2.3419888180114823,2.5929727778454996,3.042240918803422,2.4060219432157797,2.4004446950620677,2.326108842435138,2.3076373325955655,2.3615224596560482,2.468703814585993,2.3055425,2.3055425
6666,1.895,1.6276942149871312,1.6276942149871312,1.9819263796234747,1.9861646399903294,1.8579635142048465,1.6010589944592284,1.7763572,1.7507808063394856,1.7849129652061757,1.7746474771246756,1.776279281082218,1.7251007527806692,1.5522088697802179,1.7763572,1.7763572
6667,2.5966666666666667,2.472082244019048,2.472082244019048,2.438208318471088,2.6443324910022143,2.525335487355044,2.148749292364079,2.2911023999999998,2.2840537385475734,2.4297871742788115,2.2920676422674537,2.2923282510266834,2.288933998694087,2.1112869665923375,2.2911023999999998,2.2911023999999998
6668,3.3516666666666666,3.068264367258969,3.068264367258969,2.986956865975186,3.21869388543105,3.2238581049015327,3.1249849577969693,3.0408332000000002,3.059186232173985,3.074711449399079,3.0424045131322432,3.0421227572053633,3.0907282349448666,3.1292768580417065,3.0408332000000002,3.0408332000000002
6669,4.121666666666665,3.8462175572463186,3.8462175572463186,3.8088755404118486,3.8261175281230635,3.817844596401786,3.9037854004878474,3.8663106,3.8727909258835713,3.866847620963479,3.867342768859442,3.8665608078780815,3.8554556928081296,3.946172589308545,3.8663106,3.8663106
6670,3.9483333333333333,4.083001611222199,4.083001611222199,4.026496027502935,4.043297016872424,3.963722919342074,4.154406114206237,4.0558224,4.08453384015472,4.108348464881757,4.05896402980602,4.056676364410816,4.002278497792117,4.143600016164163,4.0558224,4.0558224
6671,3.395,3.9363254308638203,3.9363254308638203,3.9954698943735303,3.8952219411379865,3.7995140183950826,3.872625994861161,3.8786485,3.883513668078937,3.9305512893543706,3.879608749161235,3.878764148668352,3.7271984277362002,3.87201615795179,3.8786485,3.8786485
6672,2.4583333333333335,3.0539416597935007,3.0539416597935007,3.0765724843614994,3.1984179676287017,3.159727937519619,3.362582572023201,3.0962913,3.14345423937646,3.0976987577741744,3.098437936515488,3.09652244918406,2.980672059797083,3.360454694705285,3.0962913,3.0962913
6673,2.176666666666667,1.9930204827679285,1.9930204827679285,2.2267638262391802,2.1319099466069145,2.0272428543442946,2.3193384882004064,2.062832912115029,2.1879665982555707,2.0814131992572396,2.170263653220021,2.170289003564866,2.1742254491038233,2.3187080784239384,2.170251,2.170251
6674,1.845,1.7112945610537253,1.7112945610537253,1.7401310646799066,1.8327031594599716,1.7574794709343595,1.9627297692286543,1.5804014649832903,1.773799350969668,1.667993332467164,1.7449749717503176,1.7450483758866575,1.7951900244054153,1.9344337475001152,1.7446238999999997,1.7446238999999997
6675,1.448333333333334,1.6369006052373325,1.6369006052373325,1.672718151203334,1.8053510956036964,1.7426588378757395,1.6935662218086391,1.6463853,1.6508273503306041,1.6022297661069276,1.6460472817056857,1.6462931806740944,1.6149165298871164,1.6521012467107452,1.6463853,1.6463853
6676,0.8983333333333329,1.5250658596595903,1.5250658596595903,1.7042156089303893,1.7292447633322778,1.6930591469484084,1.3362389048748446,1.5874975,1.5369084499402468,1.5163023175214718,1.5845925584776301,1.5868800468396689,1.4203221408123001,1.2674510068596567,1.5874975,1.5874975
6677,2.488333333333333,1.2873126731085125,1.2873126731085125,1.5858062903405425,1.8237533285200593,1.8390921591857072,1.1986359724479425,1.5657740278796766,1.4077890710778953,1.2313495613228125,1.4590203209524248,1.463582900476979,1.1556663022968783,1.1503592502515385,1.4639142,1.4639142
6678,2.813333333333333,2.8528267331811485,2.8528267331811485,2.665055387665464,3.044361892993084,3.150485277823992,2.463339967267591,2.5563605943559744,2.726583824504925,2.8094462763603247,2.7628284037029966,2.737802942072917,3.2526681969175955,2.3717426638761534,2.7639099999999996,2.7639099999999996
6679,2.830000000000001,3.143157117847281,3.143157117847281,3.0918319333971085,3.209957577568272,3.170419200967559,2.680789913379729,3.002797,2.9648621112734785,3.077732077171004,3.0018977080827387,3.0018244098017943,3.1950152163979926,2.6106161613442715,3.002797,3.002797
6680,3.3033333333333337,3.0546011075672626,3.0546011075672626,3.0994264173339228,3.0901980303074854,3.008671362119155,2.6309297445452637,2.976427,2.931506897331853,2.956180195060557,2.9749795101112775,2.9754764911229135,2.9152350126405104,2.548717033277896,2.976427,2.976427
6681,4.251666666666669,3.1997698035996907,3.1997698035996907,3.0795559676591084,3.308122886705629,3.329583279469119,3.003969416633131,3.236977,3.219456549806246,3.2561358510771914,3.23647588494638,3.230723850014006,3.2208575834998383,2.87908163868024,3.236977,3.236977
6682,4.040000000000001,3.8137399629093838,3.8137399629093838,3.814677519764465,4.156880430137444,4.287539500125944,3.7336573392138153,4.1215343,4.089601434499217,4.16408539956626,4.120633646736135,4.075558213935274,4.209788562002623,3.550842691928497,4.1215343,4.1215343
6683,4.008333333333334,3.862135924000279,3.862135924000279,3.541347382186929,3.881188286453498,4.014950692428759,3.6392752119729597,3.8888199999999995,3.872515366719879,3.8872153370108258,3.888158049682809,3.886247523882763,3.8919428605628545,3.467441327272758,3.8888199999999995,3.8888199999999995
6684,3.9600000000000004,3.7145918099540416,3.7145918099540416,3.511226677526121,3.6905448254513926,3.694914532021471,3.3745869311888663,3.6926692,3.671090378899073,3.7712290749945585,3.69222894012308,3.6903997028572997,3.638584624860245,3.192900170306954,3.6926692,3.6926692
6685,4.375000000000001,3.687417082612117,3.687417082612117,3.5291438327420828,3.764871850361701,3.791999421386428,3.4632233987064525,3.7047388999999997,3.6920252555059285,3.8171165094701704,3.704639870005057,3.7031238645325515,3.7212119997421875,3.3116021854017412,3.7047388999999997,3.7047388999999997
6686,4.235,4.079976630677689,4.079976630677689,4.033951032240026,4.207753669646116,4.283995312015973,3.9144023979792673,4.0048119051840185,4.180794494142024,4.268383341420589,4.205873818691846,4.1913868999712145,4.1902223454871645,3.768534205298307,4.2064543,4.2064543
6687,3.6016666666666675,4.0437058302014135,4.0437058302014135,3.939144185017536,4.034116956879227,4.073267204133317,3.9061477860554676,4.07236,4.057612102212139,4.083125899989557,4.0719580115560525,4.070736761300388,4.023766787337464,3.807023612742973,4.07236,4.07236
6688,3.588333333333333,3.4173066391770703,3.4173066391770703,3.406493606570525,3.376971820252849,3.3681065549344766,3.405865198345959,3.4592237,3.453403402085956,3.4447408168876517,3.458836586290381,3.459042876518731,3.336843277550672,3.3544121340766755,3.4592237,3.4592237
6689,1.9466666666666663,3.3850978767374134,3.3850978767374134,3.317249855186959,3.3847561794822028,3.3761804682329553,3.4767845009407834,3.4057505,3.4226277837682155,3.4341537419082373,3.406197266796676,3.406285590799061,3.414750719647098,3.44159744640399,3.4057505,3.4057505
6690,1.598333333333333,1.86665990238727,1.86665990238727,2.622308041528677,2.2510453474249275,2.0839668552495345,2.157731093783445,2.2152777,2.201727402834939,2.3033982018267727,2.2147427246174702,2.215255716401556,2.2641568788137776,2.205511297921536,2.2152777,2.2152777
6691,2.24,2.440770160500525,2.440770160500525,2.5913382200125366,2.733570093211233,2.8731962155984103,2.2988962018701304,2.5663009999999997,2.5256970117076047,2.588839762769548,2.5648102994238022,2.5658036987004835,2.441396964334073,2.2946157570029264,2.5663009999999997,2.5663009999999997
6692,2.4883333333333346,2.885013964974746,2.885013964974746,2.8318335898700973,3.0220983482492896,3.0239443969308906,2.630818953839211,2.768812,2.752366168373025,2.780960167144362,2.7684880717858658,2.7687849412110177,2.631643293067272,2.5927570637086417,2.768812,2.768812
6693,2.788333333333334,2.8421067392839072,2.8421067392839072,2.7321118881317155,3.027190879025415,3.0815622344629947,2.9237912900699756,2.8858902000000004,2.895442507369716,2.7849820845261064,2.886266161134758,2.8859046660317067,2.7619209219566505,2.879950480293668,2.8858902000000004,2.8858902000000004
6694,3.7916666666666665,2.9020506635832155,2.9020506635832155,3.0497731037092444,2.813082201909754,2.764968589340098,2.972997940365332,2.908399472191701,2.9499984600273663,2.8311396714628434,2.9493820825446684,2.9494943831550557,2.856161969186888,3.00193343963542,2.9495357999999996,2.9495357999999996
6695,4.61,3.954247155009145,3.954247155009145,3.959284918663944,3.766300782047355,3.7143557454636813,3.8706374198876157,3.7832077000000006,3.793174411285477,3.782252487610882,3.7834140261031686,3.812335833426847,3.8364896325202755,3.952169012261699,3.7832077000000006,3.7832077000000006
6696,4.2799999999999985,4.189218190201051,4.189218190201051,4.244974805329634,4.10210016445929,4.11780042650297,4.54263920116092,4.2596625999999995,4.302546194305205,4.225436048968035,4.261081286867655,4.310340144656004,4.246036495576194,4.623207986728265,4.2596625999999995,4.2596625999999995
6697,2.7500000000000004,3.625103837255928,3.625103837255928,3.7897800021742927,3.3960780598669933,3.3738912875255314,4.218856452719678,3.6590135000000004,3.741459372855735,3.561640633787775,3.6625011467968243,3.6615605214922438,3.658407081748349,4.388812459232784,3.6590135000000004,3.6590135000000004
6698,3.493333333333334,2.2966074285963067,2.2966074285963067,2.984358337656519,2.2595748038746617,2.196227809422884,3.0740512352057046,2.5141144,2.566834567343046,2.320016264917352,2.5154620217053987,2.521322268492187,2.6204506718868226,3.356555348282264,2.5141144,2.5141144
6699,4.368333333333333,3.7043619982117533,3.7043619982117533,3.5705100356341553,3.5684632569635664,3.6211593152025454,3.874899685932263,4.058244680851064,3.614907507558262,3.497464027986759,3.592558352091314,4.018460571850301,3.670374374512651,4.036428936483743,3.5918434,3.5918434
6700,4.191666666666667,4.473261243298154,4.473261243298154,4.4333481048414995,4.49040306140498,4.505666206046377,4.419793260531729,4.3729057000000005,4.3722838587363,4.449101544637914,4.3738370945422105,4.382536818411567,4.359662542598673,4.5139024264502225,4.3729057000000005,4.3729057000000005
6701,4.686666666666667,4.339406105903222,4.339406105903222,4.355323929417924,4.425581128501869,4.460732105842015,4.319137187190975,4.325862325304787,4.322381308448522,4.352120472834663,4.333003510719606,4.333972148922813,4.3100914381291835,4.382764684798738,4.334179,4.334179
6702,5.183333333333335,4.647972544609027,4.647972544609027,4.571690702468388,4.6869289488604755,4.70368329880105,4.5473524345115806,4.6635365,4.647040312383861,4.72406090681789,4.662934257472206,4.662688477223897,4.575621843178263,4.543592666852239,4.6635365,4.6635365
6703,4.928333333333334,4.858630938399454,4.858630938399454,4.80909603204167,4.983368726271899,4.986548713512146,4.866984929793388,4.950771,4.9445889869066395,5.055275608452662,4.950866223345056,4.950533217029978,4.8358107923339375,4.8116480054409205,4.950771,4.950771
6704,4.796666666666666,4.783249291092198,4.783249291092198,4.629812842410563,4.655324419484689,4.647341319753441,4.601854408209896,4.769641,4.752639618402689,4.835190447844326,4.76907800805582,4.769517684700129,4.610518113003974,4.540194039601152,4.769641,4.769641
6705,3.498333333333333,4.572445099910174,4.572445099910174,4.515955207485472,4.474042783431977,4.466934348021781,4.382797015830046,4.5945883,4.56867677863518,4.626883354410271,4.592094967184339,4.5939709935732775,4.608969886392928,4.301557771761242,4.5945883,4.5945883
6706,2.9266666666666654,3.6546887253058538,3.6546887253058538,3.7614732279969507,3.627666972100129,3.6031658697282527,3.439858373867511,3.6211870000000004,3.589009447113887,3.6317166373790726,3.6159922420165738,3.621119931175535,3.447809879492234,3.4141272068538915,3.6211870000000004,3.6211870000000004
6707,2.281666666666667,3.181099609123307,3.181099609123307,3.3417103395570544,3.1401516684632886,3.118695689737735,2.993754636913814,3.2009802000000005,3.1612780846723405,3.158959913042898,3.193196057798981,3.2008483353566746,3.079271003066542,2.9813416049931236,3.2009802000000005,3.2009802000000005
6708,3.966666666666667,2.4626565256297734,2.4626565256297734,2.6832336749063597,2.582449048903996,2.5533930971236467,2.484041406580954,2.508042333928395,2.5412144433253943,2.444092923463498,2.5520416820457794,2.556136609142717,2.426303588113665,2.474759367859125,2.5561671,2.5561671
6709,4.92,3.707196918322321,3.707196918322321,3.71317108279861,4.024318272262196,3.9868178864760235,3.5527983248610755,3.894371,3.8490928185997366,3.9796142311337923,3.8935726213157453,3.7376604440258028,3.7902381731603114,3.4204556433094675,3.894371,3.894371
6710,4.998333333333334,4.166710362717413,4.166710362717413,4.054768237693124,4.586389564451115,4.623430582448319,4.2059237377114655,4.568422,4.533895680638104,4.582560878477721,4.554205819940438,4.534456951362193,4.292214122938878,3.9867616480977515,4.568422,4.568422
6711,4.98,4.255193666739561,4.255193666739561,3.992336273825587,4.388062021847392,4.41451155218952,4.215160980655402,4.4511347,4.44249084127409,4.4770394687731265,4.443982895597269,4.442126684089575,4.434216397824393,4.014755630855258,4.4511347,4.4511347
6712,4.7633333333333345,3.8108583979291146,3.8108583979291146,3.6040225719336156,4.031746892433524,4.0614677390332465,4.16724248577059,4.107377,4.1569553246650335,4.141888475101949,4.12775740433987,4.1101446367868695,4.169035745384515,3.9915376517017465,4.107377,4.107377
6713,2.7499999999999996,3.6425187209995897,3.6425187209995897,3.5319349063078342,3.8431409977260342,3.8697177545468766,4.066517329049669,4.063606650009818,3.976336466522889,3.954799977242343,3.9436730228402843,3.9165994344514745,3.9327033457316944,3.9213619818742735,3.9123669000000003,3.9123669000000003
6714,1.5,2.09474254998405,2.09474254998405,2.2865081870914388,2.0178411062476673,1.9395811465811665,2.4178683140734636,2.2344093,2.267465403733472,2.1225735862804225,2.238838201186487,2.234442334093183,2.3047639037425514,2.35486956645528,2.2344093,2.2344093
6715,2.6633333333333344,2.1066811648006984,2.1066811648006984,2.186701077983147,2.66310046645879,2.8406067171950955,2.141194977669362,2.6572649572649594,2.315356826976042,2.1333773532446494,2.325808802807689,2.3589468423227915,2.3002911022823342,2.061674847607831,2.359225,2.359225
6716,2.648333333333333,2.970049035840619,2.970049035840619,2.5971800196890396,3.236322726702583,3.304543686122602,2.8788154993041184,3.143862275449102,2.9092074204501657,2.9357720376782295,2.901296557959598,2.8959568028107094,3.277688461029192,2.77885346629954,2.8949380000000002,2.8949380000000002
6717,2.6899999999999995,2.7648979359817334,2.7648979359817334,2.599321786326325,2.944521656437048,2.956325793388065,2.930366796442174,2.7841165,2.813776884285142,2.735727177737111,2.7922016563510086,2.784323912930508,2.9466665591289094,2.8839993367061494,2.7841165,2.7841165
6718,3.466666666666667,2.9386454213040265,2.9386454213040265,3.0379439215624924,2.9005959418272083,2.9158996185242056,2.967158080321285,2.658978596159902,2.967236469600215,2.8787280278240215,2.9671108625428193,2.967779120954312,2.9085674425409156,2.9839716310665025,2.9678228,2.9678228
6719,3.626666666666667,3.6621855526959153,3.6621855526959153,3.709184361734671,3.6181179089446003,3.653691811255102,3.6761564086089105,3.6516604,3.645918105278357,3.5925670191776673,3.646922018451326,3.6509376818553747,3.5765692531379742,3.708712626976515,3.6516604,3.6516604
6720,2.291666666666666,3.3490516078804426,3.3490516078804426,3.511000344285682,3.236609410951779,3.237247544314016,3.721085311098579,3.3882822999999997,3.425533948599059,3.2914612556129454,3.392635649571935,3.388885505643232,3.4775744944220257,3.8192133904205186,3.3882822999999997,3.3882822999999997
6721,1.6499999999999997,2.164306238876633,2.164306238876633,3.1266641782583866,2.106830385276311,2.0931730376758626,2.741044252447891,2.3482089144107254,2.5087060325456574,2.258494208535609,2.5024682222280905,2.5109627126685705,2.574260929353205,2.9631084796349745,2.5105336,2.5105336
6722,2.503333333333333,2.0170952598281753,2.0170952598281753,2.6970931898312474,1.756202458127135,1.7479892009574667,2.278099707819769,2.0455433999999997,2.041761661353277,1.7330080244842208,2.0374210196734985,2.0659745153749496,2.101363192355725,2.531453006853644,2.0455433999999997,2.0455433999999997
6723,3.7683333333333326,3.331965285625283,3.331965285625283,3.382879895960704,3.082840650312729,3.132607726299267,3.0739676923717907,3.0323683999999997,3.0144547318895176,2.933328117458138,3.0244229760795114,3.1632168262675164,3.088872603193841,3.2346009642111513,3.0323683999999997,3.0323683999999997
6724,4.409999999999999,4.017732468162835,4.017732468162835,3.923230572922084,4.108324158369863,4.112335534718511,3.907046125277418,4.51870997540812,3.883919760536463,3.9472923722840663,3.884461146127209,3.9077067083242305,3.8022016879889615,3.9592919025771436,3.8762237999999996,3.8762237999999996
6725,4.776666666666668,4.539826059574052,4.539826059574052,4.524995957228304,4.633236256079815,4.625948572451308,4.236890667684296,4.498745400000001,4.472055074151364,4.588921516314894,4.496480689574752,4.4971167563476175,4.2359143642415145,4.211402861087445,4.498745400000001,4.498745400000001
6726,4.153333333333333,4.603899640156702,4.603899640156702,4.470422492462874,4.715580396896866,4.69371897932481,4.419818670690539,4.62761,4.613149559073966,4.716385513356736,4.627448907897196,4.6270959375773355,4.540418565833504,4.335426494987635,4.62761,4.62761
6727,2.646666666666666,4.078890521575512,4.078890521575512,3.855963832147036,4.001126101719343,3.983380734420385,3.8819670941014786,3.939279674420531,4.006133181207551,4.021894179508403,4.013541312435362,4.019098432033457,3.9134891632489466,3.78953708066803,4.019207,4.019207
6728,2.0683333333333342,2.5818155126316458,2.5818155126316458,2.885482086430182,2.7407759900509037,2.71057446206368,2.6523268727713267,2.7689717886927765,2.7202405605386217,2.723936562647155,2.724864710266438,2.7343342139085705,2.6906789373454787,2.630749198715073,2.7343652,2.7343652
6729,2.5316666666666667,2.0868986133410226,2.0868986133410226,2.2259447087033633,2.3252595858300085,2.3170948114713648,2.1591712416441773,2.180087,2.1765652075650044,2.10202514451026,2.1772291973350546,2.180088226829519,2.147943376864826,2.1165002634380374,2.180087,2.180087
6730,3.080000000000001,2.7487932516636553,2.7487932516636553,2.616625666467276,2.9846949598586052,2.993489012190158,2.505070690422743,2.7096164000000003,2.6858821497575787,2.780460705057849,2.704521210503099,2.7086441040577327,2.555218814130569,2.406743512662713,2.7096164000000003,2.7096164000000003
6731,3.9099999999999997,3.308118106317111,3.308118106317111,3.17811176467723,3.385165165455885,3.3546907563292128,2.9671225158014787,3.243398,3.2105146121695403,3.344318545922778,3.2239778289190832,3.240133124889323,3.154651109412536,2.855494354885813,3.243398,3.243398
6732,4.078333333333333,3.8775480012104064,3.8775480012104064,3.818350376364192,3.944668399052074,3.8839557973792815,3.504134343006307,3.9056726000000004,3.8663695018412545,4.0387152193706,3.890921981417101,3.8907806211315084,3.774540595226555,3.3635810268487125,3.9056726000000004,3.9056726000000004
6733,4.253333333333332,3.996179766506155,3.996179766506155,3.8114303469038084,4.134305073550864,4.107397055753744,3.798961479449203,4.011428990610331,4.046156112252451,4.126784345270097,4.05494863428402,4.063471784897721,4.039542700423563,3.6547841851329435,4.0681424,4.0681424
6734,4.360000000000001,4.2312928100674,4.2312928100674,4.08569745394524,4.2768307229074525,4.236931307241132,3.9039770973381995,4.248924,4.215483057338101,4.309995509460136,4.233525170104629,4.245340298884135,4.205998258573264,3.7658177345485893,4.248924,4.248924
6735,4.388333333333334,4.12979964608562,4.12979964608562,3.9895252993766213,4.126472355261163,4.074306017654538,3.897887585471891,4.1484547,4.128230836951041,4.1970701767772685,4.139139305813127,4.145897518958478,4.192301025568906,3.770071126499163,4.1484547,4.1484547
6736,3.795,3.655509220062508,3.655509220062508,3.450729745109772,3.6872407177452424,3.6130352488391546,3.701484473601406,3.7587839999999995,3.7716892218786278,3.8197198558705936,3.7583929752764886,3.757932658486829,3.892960043761383,3.543277766876796,3.7587839999999995,3.7587839999999995
6737,1.8416666666666661,2.6398850013302075,2.6398850013302075,2.34894720841359,2.5679712397956305,2.485504303804765,3.0880087589028204,2.7437767999999996,2.8208413099814957,2.831908038351129,2.7646219050351664,2.746191240105297,2.8851841564448795,2.9427659482061,2.7437767999999996,2.7437767999999996
6738,1.7183333333333333,1.4225262364978626,1.4225262364978626,1.6374970871010128,1.297344734667882,1.239791024802928,1.6650728375198254,1.5567243999999998,1.565428174359102,1.6224923718060191,1.5542506765467392,1.5567041557256052,1.4779890049937197,1.5900523942726337,1.5567243999999998,1.5567243999999998
6739,1.9050000000000002,2.303439159115726,2.303439159115726,2.3309906175135016,2.9975358929932274,3.028982126679503,2.131860917932932,2.534724,2.4863355071513245,2.624617264045649,2.521771938232616,2.52960456680789,2.3331465878272004,1.9921683599643578,2.534724,2.534724
6740,2.191666666666666,2.453858198672709,2.453858198672709,2.2863169236351206,2.7570288009367574,2.7013018258752135,2.2455133551186783,2.4500241000000003,2.426568299740553,2.4409969450736773,2.4402057415194456,2.4497425323327215,2.295464990968134,2.135127093963117,2.4500241000000003,2.4500241000000003
6741,3.2950000000000004,2.535696350713568,2.535696350713568,2.584322905451844,2.637422189295343,2.5928626354134607,2.3832538508500605,2.4614625,2.4568433839631325,2.445211238780985,2.4605574607022005,2.4614256996473483,2.4374212260866375,2.332711903951293,2.4614625,2.4614625
6742,2.8033333333333337,3.248527710954724,3.248527710954724,3.1680787046253815,3.213239914568163,3.2248873412104864,3.1961950020902266,3.1980734,3.2056836843917447,3.2315207243628254,3.201887977808308,3.1995665992696796,3.610803685580388,3.1499300129789494,3.1980734,3.1980734
6743,2.7983333333333333,2.8341772339286515,2.8341772339286515,2.9512336477648344,2.8331991715371903,2.817845986606359,3.0214475826196336,2.6865790028976875,2.9444891057231493,2.8175801491707357,2.942919500208555,2.9528928608091745,3.0074292038900583,3.058841054566156,2.953049,2.953049
6744,2.0650000000000004,2.7260296087844007,2.7260296087844007,3.036972188700119,2.619205213354861,2.606265014766973,2.887091134343531,2.7633397312859858,2.7537971217437405,2.6504338187175507,2.7465938197311064,2.7542468715856137,2.7572484705395954,2.972110243793532,2.7541518,2.7541518
6745,1.2366666666666666,2.0629643016678774,2.0629643016678774,2.6316441956479544,1.9221929265999929,1.901286126798135,2.3594639671734843,2.279314,2.2509998671918403,2.0103824514004494,2.249036605682679,2.279351961225907,2.310426531027778,2.4720381014007105,2.279314,2.279314
6746,1.0266666666666666,1.0812504397405953,1.0812504397405953,1.773753289059354,1.2781155646029356,1.2993906498915955,1.717660941447781,1.3819945000000002,1.406736259727385,1.1082017052926139,1.3935218936647038,1.3839336934687174,1.4608214178401626,1.878852965790949,1.3819945000000002,1.3819945000000002
6747,1.581666666666667,1.7061273588850612,1.7061273588850612,2.1520529402462403,1.7398401781837372,1.7624994887694663,1.7924393927003233,1.7248431000000002,1.7039863338532117,1.461735691167703,1.6920056446417582,1.7254217481131566,1.7710749390609535,1.96109909528401,1.7248431000000002,1.7248431000000002
6748,2.7683333333333326,2.419603714425055,2.419603714425055,2.5839248980118033,2.6780276790485233,2.7353423316113243,2.2112645281790004,2.294836,2.2822890051048352,2.217498863687592,2.301387016953872,2.291582552957897,2.327077528766389,2.3158493895453756,2.294836,2.294836
6749,4.366666666666665,3.305567882900231,3.305567882900231,3.151550885007081,3.5663968984415213,3.604244870054119,2.8200611362183907,3.0860402999999996,3.069900689762503,3.188313232230949,3.09718406709868,3.0806799934939106,3.370299053412825,2.782844150489385,3.0860402999999996,3.0860402999999996
6750,4.819999999999999,4.094021277908423,4.094021277908423,3.9830136922578268,4.633521111898299,4.619770161388543,3.934941023303532,4.26593,4.2433337284135355,4.369414978175876,4.250250952931944,4.235313994392816,4.215480506551015,3.7806533456438602,4.26593,4.26593
6751,5.036666666666667,4.497185596847173,4.497185596847173,4.382553752242929,4.617973919115455,4.592450836120107,4.321776337678835,4.5700817,4.545395074073385,4.618092018536001,4.53608877353592,4.563601514264401,4.67845713537003,4.201752003889635,4.5700817,4.5700817
6752,3.258333333333333,4.424318156977553,4.424318156977553,4.319265789150152,4.5202239291246435,4.48803226612286,4.418620694617209,4.389907255864708,4.58897465123675,4.653733657945429,4.585244183351029,4.598391399786865,4.733607382656785,4.269360203189549,4.6024650000000005,4.6024650000000005
6753,3.278333333333333,3.3333528616945607,3.3333528616945607,3.417834348838029,3.2452357244494823,3.2082537400813127,3.162711121338483,3.3560362,3.318196500927751,3.3323433350785976,3.2791031549109277,3.355913503642337,3.3387706463138622,3.1066966003369254,3.3560362,3.3560362
6754,2.81,3.356155550218338,3.356155550218338,3.190301801145001,3.6196122534872,3.613328029571623,3.132230023211287,3.348882013643963,3.340268369501726,3.4522831409481363,3.3521757551126705,3.3530537332514765,3.361656897023613,3.000363122945717,3.3532843999999997,3.3532843999999997
6755,1.8133333333333335,2.9338311198274574,2.9338311198274574,2.7941185773739985,2.9919930820887304,2.990603973197706,2.5786428822943264,2.8216810000000003,2.805015370744694,2.8775017928356714,2.812868986679993,2.8216192703788514,2.458997071584193,2.440868389573821,2.8216810000000003,2.8216810000000003
6756,1.7750000000000001,1.929715681144744,1.929715681144744,2.201968022704867,2.0299546258847463,2.00462242731462,1.8886062247249928,2.048811,2.0225111720791267,1.9079061237412245,2.000490853809337,2.04868933525933,1.8860613925382532,1.8241872610472427,2.048811,2.048811
6757,2.6416666666666666,2.068321949856572,2.068321949856572,2.1033812400687397,2.259946063010884,2.2482346180619146,1.9233679696139048,2.0424306000000003,2.038491798181897,1.9674005980882292,2.0579405752215876,2.0424789678489677,1.9300931783904811,1.8561693848133771,2.0424306000000003,2.0424306000000003
6758,3.566666666666666,2.93152279543182,2.93152279543182,2.785386012633966,3.1338396296949917,3.1073626692707434,2.5465058963806335,2.853934,2.8258077816909104,2.936067433078975,2.828682907284536,2.8488514734811154,2.6257168266286937,2.4189124636466977,2.853934,2.853934
6759,4.666666666666666,3.417751371945966,3.417751371945966,3.2194833015998836,3.6463894951850016,3.605946085926983,3.1707874369057634,3.4044032,3.3941877675373946,3.537861794173253,3.4010876907114,3.398210178341986,3.683590809318997,3.02000369459643,3.4044032,3.4044032
6760,3.2766666666666664,3.7132723054398618,3.7132723054398618,3.657447312015244,4.1671611796784855,4.046220011846573,4.048870697358489,4.0970345,4.1062326005436525,4.130817910700162,4.0986733013918535,4.077401039894334,4.149687349061012,3.875844797915807,4.0970345,4.0970345
6761,1.556666666666667,2.3769188682848252,2.3769188682848252,2.2673366716065533,2.1007654788301924,1.9315706144903133,2.7716244408069315,2.5448780544897454,2.519659260361281,2.461473289605451,2.5016061742224274,2.4834012006388413,2.6859920869263627,2.6668051944421314,2.483298,2.483298
6762,1.2916666666666667,1.6904997209235755,1.6904997209235755,2.14310055759964,1.6235683754836696,1.6027509667931517,1.8839963855847182,1.8578168,1.8332946372630854,1.8176619859633998,1.7789836420203349,1.857714649895086,2.0131493702363077,1.9224631116888495,1.8578168,1.8578168
6763,2.316666666666666,2.238395906271403,2.238395906271403,2.4541713818567756,2.9110366873080675,2.818321796407827,2.2510477064658545,2.4974444444444437,2.4348710738872184,2.359510421190816,2.307247682509619,2.510614818099464,2.3674595238314433,2.2392755215511535,2.5114113999999996,2.5114113999999996
6764,2.643333333333333,2.6636984299168285,2.6636984299168285,2.3984212819719506,2.8172598831110784,2.87421732528119,2.394943328502916,2.4054732000000003,2.4322609526966423,2.4846295443002377,2.488607891261138,2.405762714718673,2.352997319399738,2.3129614895691297,2.4054732000000003,2.4054732000000003
6765,2.5566666666666658,2.5852687170505417,2.5852687170505417,2.267702597371372,2.92701344503962,2.795788182145781,2.749129062466092,2.6368465,2.6635634258189826,2.6071255829720954,2.6937180881888496,2.637813914767497,2.5566289590729676,2.6367362217740524,2.6368465,2.6368465
6766,2.8733333333333335,2.663727229324454,2.663727229324454,2.6764340824948,2.7508112744137456,2.659005317494768,2.7922592624883364,2.7505443,2.7470713564508857,2.6598823308507544,2.733999525770132,2.750486910318769,2.7437253127619456,2.791078656876583,2.7505443,2.7505443
6767,3.028333333333332,2.9668034899884224,2.9668034899884224,3.0484032561611683,2.936820687027144,2.8628514835675833,3.095208807401995,3.0326684,3.0185576382015293,2.9318778224144557,2.9804427102760203,3.0323922996496853,2.997457928335831,3.146969638124723,3.0326684,3.0326684
6768,2.8083333333333327,2.9603722918825257,2.9603722918825257,3.130187022346822,2.8773441910779165,2.8796347322669136,3.172015928896071,2.9592388,2.9732839438211256,2.885005818667408,2.958946274275664,2.959645548332892,2.9387027004584834,3.2777590490145205,2.9592388,2.9592388
6769,2.0516666666666667,2.5865970081882868,2.5865970081882868,2.9659247989651836,2.2516936329519677,2.2542193881043318,2.9071244753888896,2.6196237,2.6242883400204673,2.475798632111009,2.5811822726073537,2.621182884812143,2.63993232746307,3.0548481782585184,2.6196237,2.6196237
6770,1.13,1.9074277591129047,1.9074277591129047,2.306628098156228,1.8198491723472228,1.7841743824454994,2.420209936833385,2.0631056,2.0751237275009426,1.8571510244756704,2.0453970011312963,2.067289966995986,2.0076341962634534,2.580136639220159,2.0631056,2.0631056
6771,2.2866666666666666,1.3246640360015824,1.3246640360015824,2.1416811319169247,1.5308557394479698,1.5393263622402387,1.7732363945591598,1.6528508771929822,1.648332851173108,1.3958644645110843,1.5766913541142413,1.6799238246826236,1.733444588227667,1.94157488219245,1.6795118000000002,1.6795118000000002
6772,2.4783333333333335,3.0581384458182033,3.0581384458182033,2.8948968582858705,3.2946139183138916,3.3769452671802167,2.6712636027097068,2.7795737000000003,2.782945183234653,2.878691709986371,2.815743469636109,2.7438824084732127,2.912433052459284,2.710149091733519,2.7795737000000003,2.7795737000000003
6773,2.4183333333333334,2.987298751924345,2.987298751924345,3.0179127428651857,3.3343931318934334,3.3714840095924368,2.932014405660967,2.96092,2.9613421040323593,2.972774415233702,2.9726978299796776,2.9608907829464557,2.9460872859918297,2.9646085755166425,2.96092,2.96092
6774,2.106666666666667,2.8600680862563532,2.8600680862563532,3.086684767005906,3.1739084576611076,3.2030888157252138,2.8272983329042236,2.9243424,2.917322289608462,2.9046016560435586,2.935012489200913,2.924283446585296,2.761409523099206,2.888859954238567,2.9243424,2.9243424
6775,2.5049999999999994,2.4791397912713453,2.4791397912713453,2.900718030198628,2.7653682494985405,2.778964670582204,2.6559285545835998,2.6480472,2.64180459197108,2.525949583554054,2.6477088773179025,2.6479944043572674,2.5800166508224045,2.7581203671601973,2.6480472,2.6480472
6776,3.741666666666667,2.900888981006597,2.900888981006597,3.081881946977405,2.9726316196867404,3.028170524571242,3.0475853575958514,2.8668587000000003,2.890183540552554,2.788862649252473,2.903391914048787,2.8673177936603795,2.889229929756678,3.162094806136687,2.8668587000000003,2.8668587000000003
6777,4.768333333333334,3.9927100088013834,3.9927100088013834,4.0099130499980795,3.990331539725204,4.03974819250226,3.888045942355932,3.8835349999999997,3.886252329721026,3.9196291933050538,3.901688320307146,3.900238143504883,3.792427996590802,3.943875779711351,3.8835349999999997,3.8835349999999997
6778,4.911666666666666,4.645143940995045,4.645143940995045,4.671166272641091,5.029698458411699,5.04222528539345,4.671141787341803,4.790146400000001,4.778040705732737,4.912146697336134,4.78689249922715,4.77676950443464,4.665972607320291,4.647389746528938,4.790146400000001,4.790146400000001
6779,5.116666666666666,4.68916990257553,4.68916990257553,4.664045930582105,4.704480205836944,4.695312897882488,4.637923525121088,4.70343,4.689339252564107,4.767861294377212,4.672402676765429,4.703196187650532,4.6230038950188606,4.61470445954668,4.70343,4.70343
6780,3.9766666666666666,4.89165171987782,4.89165171987782,4.853122986945868,5.185079244388448,5.202622074431705,4.937799534201204,4.990760879178412,4.988538979183401,5.1526331204109335,4.991080634580305,4.990747899024814,4.9652152720861285,4.893182743199282,4.9911985,4.9911985
6781,4.623333333333334,3.9776078983642207,3.9776078983642207,4.172057518815526,3.9635031761215362,4.029990575103894,3.9355017363573124,3.973725,3.974330375885508,4.025146460684814,3.9870835919729597,3.9737242584658015,3.9219465750145317,3.962857122202977,3.973725,3.973725
6782,4.401666666666667,4.4593656115607825,4.4593656115607825,4.442761616698486,4.823750392487932,4.815289626813046,4.625267279229236,4.6308303,4.64301439069897,4.753663790476107,4.680396507377682,4.6294002040006355,4.609445289049398,4.591242103894548,4.6308303,4.6308303
6783,4.471666666666667,4.34304665554267,4.34304665554267,4.357704584991624,4.306227056298345,4.350503171935708,4.190294804693005,4.2944555,4.282738832372837,4.351269539775118,4.291757512652563,4.294416726537485,4.124197431443437,4.18750835605868,4.2944555,4.2944555
6784,4.1816666666666675,4.390034255258762,4.390034255258762,4.440753786366535,4.376020403782668,4.398472200535277,4.1385147616969045,4.093503339404975,4.332639310172631,4.415508397013146,4.319042884029416,4.375185230629641,4.259275298929578,4.1097661552184475,4.376322,4.376322
6785,4.086666666666668,3.882101819671163,3.882101819671163,3.9240991844885964,3.68931581395322,3.6259896884299545,3.9248531811359118,3.9231627000000002,3.9063719642037613,3.844818663642746,3.86194482646267,3.9228485510389195,3.9082414638276477,3.9108221116190154,3.9231627000000002,3.9231627000000002
6786,3.3466666666666662,3.9144419410541635,3.9144419410541635,3.9364033901402387,3.7726990727292726,3.7470380773125824,3.989274187082377,3.9402056000000005,3.9410783208634164,3.8965193018346356,3.921065470864737,3.9401142107609717,3.9352761992729186,3.988055815388507,3.9402056000000005,3.9402056000000005
6787,4.255000000000001,3.6396400111743885,3.6396400111743885,3.4952621053532824,3.531394550138832,3.320193424531721,3.8746590092113244,3.867063,3.8263367962795605,3.6477808944309884,3.7374099109387826,3.866870199364429,3.661632675663003,3.890195037349019,3.867063,3.867063
6788,4.42,4.545611581761279,4.545611581761279,4.394601223169456,4.6519290211043876,4.6571363088707205,4.350179766250811,4.541897142616914,4.427251095754375,4.536857874784905,4.449596818529524,4.4296859328510045,4.301181990335335,4.335933041446934,4.429805,4.429805
6789,4.0233333333333325,4.308835653264007,4.308835653264007,4.029489433107892,4.347582970895275,4.305819417371185,4.622128265221631,4.455361,4.475707802012889,4.3848761011157436,4.460726396008099,4.455466379581286,4.282546476201826,4.620681320718482,4.455361,4.455361
6790,4.7683333333333335,3.8302639705306096,3.8302639705306096,3.5365758617040397,3.9556331905588924,3.881606504456489,4.393610955745205,4.100768,4.1325112403833995,3.9543068372103383,4.112524105811263,4.1008445722897084,3.8945843059351115,4.405451447592591,4.100768,4.100768
6791,4.646666666666667,4.5021411131820095,4.5021411131820095,4.435690862118141,4.767189067404441,4.6721293911684025,4.728640029308181,4.631243,4.645583027315423,4.659450422041897,4.638515417684474,4.6314122072546136,4.714272676252371,4.710885555900025,4.631243,4.631243
6792,5.110000000000001,4.330326363311883,4.330326363311883,4.502196905951729,4.231024726372606,4.222898439350362,4.606736878706217,4.439337,4.453242136785377,4.35566958496376,4.406649317438156,4.43924451154307,4.378430277658245,4.681668195287772,4.439337,4.439337
6793,4.948333333333332,4.6745584849836055,4.6745584849836055,4.7940688874698445,4.657902990428361,4.669734142400907,5.143439609960097,4.8083425,4.860603578780031,4.784439746349618,4.803754214448134,4.84985895036597,4.832923798771731,5.24434130724812,4.8083425,4.8083425
6794,4.368333333333334,4.684630636478375,4.684630636478375,4.860252426089014,4.525115318142107,4.609593069704578,5.001569273347978,4.771900700000001,4.783572848047021,4.72337210489,4.74797766538276,4.773353332625834,4.6817174723486525,5.116854388353829,4.771900700000001,4.771900700000001
6795,5.83,4.146639542689503,4.146639542689503,4.328663992694801,3.996014870092151,4.090810730811116,4.532590974297975,4.1160865,4.167612691309334,4.07520855333276,4.158339961691073,4.119817575714465,4.031182882639615,4.669399165335829,4.1160865,4.1160865
6796,5.3583333333333325,5.249909951590231,5.249909951590231,5.410006911963653,5.903618223881056,5.977278275208038,5.82935460430285,6.008020013846661,5.644104174585812,5.758268626478339,5.759149594784074,6.237863921378491,5.787559791500584,5.890771195617354,5.576416,5.576416
6797,4.641666666666665,5.25508202354772,5.25508202354772,5.293996128883318,5.294501187412399,5.278997065962379,5.315419935623284,5.247078,5.239917086240848,5.182294652927517,5.221720180975863,5.247012833241871,5.15220277015088,5.3780312934549075,5.247078,5.247078
6798,4.761666666666667,4.6779403339961805,4.6779403339961805,4.744966133697213,4.695381346859652,4.714470591963088,4.783574959829802,4.672599,4.675281728804998,4.5674008143099325,4.676402912950387,4.672576054975929,4.582064534267744,4.853098836040988,4.672599,4.672599
6799,3.253333333333333,4.689021366777438,4.689021366777438,4.695572680019393,4.676632475984875,4.687356724937739,4.759961069050882,4.6722484,4.690014311463408,4.628867883670606,4.715603425510777,4.672666493390689,4.688920412738588,4.791163046689979,4.6722484,4.6722484
6800,2.6533333333333333,3.2665033060563493,3.2665033060563493,3.6774792138107566,3.3605361091512025,3.459266470622921,3.6500811031834446,3.4975004000000003,3.5082523136609676,3.4501592744580827,3.507916984836977,3.4975196397063386,3.4269898489617825,3.731548205858134,3.4975004000000003,3.4975004000000003
6801,2.9500000000000006,3.0241933543928146,3.0241933543928146,3.4193846277846878,3.112163861951955,3.202998193823291,3.2448064994161525,2.989180790960452,3.0907575416761706,3.134207301267034,3.1258772584519265,3.0690401745685247,3.0067948491225778,3.3474441422775705,3.0686975,3.0686975
6802,2.6266666666666656,3.4068785316683865,3.4068785316683865,3.6515912035483327,3.3839279595050646,3.4750431601385112,3.5195641595229774,3.3436089,3.362902929601721,3.371520310141449,3.3982211517036536,3.344824867096192,3.4137348400615912,3.629368507380447,3.3436089,3.3436089
6803,3.5633333333333335,2.9319147006808643,2.9319147006808643,3.5035539121994934,3.032947373046728,3.0910808587156375,3.2724901976091076,3.0678053,3.077604232403463,3.0509583478925553,3.090064264946663,3.0683552538008456,3.04881599576635,3.41054311985193,3.0678053,3.0678053
6804,3.695000000000001,4.053498568138844,4.053498568138844,4.120442047127978,3.9234442654423627,3.965589819936402,4.007829249261238,3.6614009009009,3.900189729721902,3.871702485263159,3.918440338843946,3.935167455767721,3.870232568535997,4.095935867057688,3.8945577000000005,3.8945577000000005
6805,3.5466666666666655,4.122086202002094,4.122086202002094,4.319584379231666,4.029595699558712,4.083079697401537,4.156527729180676,4.1211534,4.09564220456506,4.013136053471923,4.096616750670214,4.120955055759143,4.1166680963229165,4.246544938376296,4.1211534,4.1211534
6806,3.3833333333333333,3.8782395961541685,3.8782395961541685,4.032124398274795,3.9246825768942077,3.944036851764008,3.9960181914406787,3.8462567,3.861893074164649,3.8209317404608534,3.887512415809039,3.8465211600631783,3.784351224412947,4.079943049278083,3.8462567,3.8462567
6807,3.934999999999999,3.8480629032889215,3.8480629032889215,4.105117513578711,3.8228454057328776,3.8818978069172405,3.796997693277545,3.8551934,3.8132342798294956,3.814242451225478,3.839173517896372,3.8548962292646847,3.766305242408839,3.8797987334006523,3.8551934,3.8551934
6808,4.1016666666666675,4.5258808095204115,4.5258808095204115,4.687149338912018,4.4732384548469915,4.508820260882848,4.197563369487693,4.487026,4.402083192856322,4.41531796332504,4.420244387225073,4.483465795443472,4.270292621048768,4.235392060828323,4.487026,4.487026
6809,4.370000000000001,4.7291592353540075,4.7291592353540075,4.9349067964514095,4.750368998600106,4.785766613350788,4.705728432767186,4.414379539337104,4.760408606429748,4.573286042920083,4.745708074627781,4.837011531363597,4.712398171471739,4.785530229671934,4.837601,4.837601
6810,5.335000000000002,4.768019801733781,4.768019801733781,5.043985092741442,4.639859681893264,4.649835457986409,4.731058072793222,4.880482,4.803232257638348,4.597832108994651,4.770153392913618,4.879797726221622,4.738002492497239,4.794929536823903,4.880482,4.880482
6811,5.16,5.037168152287439,5.037168152287439,5.0643612107797376,5.414315892107098,5.438519720138009,5.537442229035031,5.519108999999999,5.514181888384422,5.210130863910459,5.497472574269831,5.507007571443363,5.404159243799886,5.5324112116701105,5.519108999999999,5.519108999999999
6812,5.2250000000000005,5.022789858672375,5.022789858672375,4.875422544108271,5.024581449513755,5.020313810512684,5.294103937871424,5.1522026,5.174028852536686,4.897715050091881,5.156188684414338,5.152243039090165,5.016030831930556,5.3008244215052995,5.1522026,5.1522026
6813,5.774999999999998,5.226585771070574,5.226585771070574,5.171655484808346,5.288320461200044,5.269446388596743,5.459592926881711,5.3480773,5.3605563910151055,5.174263936843254,5.355711613208467,5.348158510186628,5.191715140044966,5.490927381764738,5.3480773,5.3480773
6814,5.434999999999999,5.724098665575406,5.724098665575406,5.800957224625541,5.757406287834292,5.715213751544185,5.864454006945157,5.6211033950617315,5.763613078778193,5.727405556958236,5.790063810105937,5.743071069592251,5.662994211575253,5.939179459972648,5.741529,5.741529
6815,6.3533333333333335,5.761729835818791,5.761729835818791,5.924300169025129,5.70624392538747,5.610816073404143,5.747363923018773,5.7251205,5.6897148662214,5.488792002832439,5.703151409337169,5.724808097248919,5.582052350255907,5.857767369581433,5.7251205,5.7251205
6816,6.085,6.021034417617212,6.021034417617212,6.156702094013788,6.18975472443606,6.131805261024605,6.240275391209368,6.1551356,6.1582230495758346,6.152220482083966,6.166359881188969,6.218554530157466,6.096829272109974,6.309809210173228,6.1551356,6.1551356
6817,5.776666666666666,5.734151858980231,5.734151858980231,5.808686553097283,5.655246073246072,5.635016857484528,6.0139043684857425,5.692508050889715,5.834601936884139,5.700179707602906,5.817343299103678,5.8299472141485165,5.702156914092171,6.091232915253142,5.8297577,5.8297577
6818,5.231666666666667,5.422225731902324,5.422225731902324,5.575120705281386,5.193960755287605,5.176216808183358,5.635093898990585,5.3609241449149625,5.431848427980268,5.302263002824995,5.417760071936632,5.421480004189263,5.32756361135606,5.727312612503309,5.4198065,5.4198065
6819,5.3116666666666665,5.133560885040126,5.133560885040126,5.193343328394887,5.0295095890653,5.037877568633974,5.353862947352085,5.0918407,5.111826694946826,5.005249820857876,5.096908042466589,5.094146315033706,4.987366739941014,5.447391490246027,5.0918407,5.0918407
6820,4.015,5.300943518679574,5.300943518679574,5.336141710730655,5.387841083980167,5.380211679696854,5.436013660734837,5.275774500000001,5.285419221511759,5.376064035433979,5.289663259967406,5.276973730542887,5.09885489215379,5.514527622488513,5.275774500000001,5.275774500000001
6821,5.033333333333333,4.240741115631374,4.240741115631374,4.817445400601808,4.465094177131047,4.428513312286171,4.573676030553386,4.466376,4.4280015933913575,4.331481895515485,4.442161460481329,4.4662232568198865,4.3215884052501945,4.716976761586205,4.466376,4.466376
6822,5.551666666666668,5.290620572571951,5.290620572571951,5.316593677137359,5.405883388916491,5.320139955690852,5.267423423867633,5.2256165,5.203180532960712,5.284753505091789,5.225287254774694,5.296814321647354,4.970661547937567,5.369058282182518,5.2256165,5.2256165
6823,5.678333333333333,5.256998500422764,5.256998500422764,5.297234388440618,5.347885775418141,5.329957191095514,5.527493103371981,5.369956,5.384977016343435,5.4917361023247215,5.376526145643068,5.371972106107682,5.225314451873445,5.5812265416034625,5.369956,5.369956
6824,6.074999999999998,5.366072861160333,5.366072861160333,5.405904087687254,5.394091333805095,5.3720968200609835,5.595813794017859,5.432668,5.453694151463304,5.589405797249297,5.444915235135738,5.433697645380488,5.3416756847663995,5.647727763559396,5.432668,5.432668
6825,7.67,5.6007761653719985,5.6007761653719985,5.659705860315103,5.860903860473098,5.855477926773002,5.989205464442554,5.982891617224676,5.878807452521729,6.181818126122176,5.869536952875472,5.8631940015878765,5.698446091060856,6.0184165855458485,5.8597054,5.8597054
6826,6.713333333333334,5.9008563213792025,5.9008563213792025,6.56952248813062,7.1981136599347275,7.2076849180308,7.025444221995613,7.117325,7.121793746000387,7.855425033648232,7.143690845246269,6.948709164372094,7.007953724189321,6.979858900498549,7.117325,7.117325
6827,3.6133333333333324,6.215583137541005,6.215583137541005,6.046087631367783,6.07390704878725,6.137166446362704,6.271585528034726,6.61924042686754,6.228240447641882,6.468715314202598,6.213201257577483,6.21566601321247,6.153084660741836,6.259675081953086,6.215668,6.215668
6828,3.0799999999999996,3.5385436622729047,3.5385436622729047,4.2202509719594445,3.829001935013771,3.8061169048463963,4.112688948680939,3.6866758240306488,3.9472155514006,3.858271697756244,3.879873152466294,3.9552252256820495,3.9414067992270208,4.215206170715304,3.955249,3.955249
6829,5.180000000000001,3.646460960945715,3.646460960945715,4.023642022486977,3.8285374730535118,3.7815325802490536,3.678583745151821,3.5967162000000004,3.5850393183581364,3.654360376929444,3.638354871969107,3.5969947951934995,3.59170881368822,3.7951976807019787,3.5967162000000004,3.5967162000000004
6830,6.966666666666666,5.21879571925765,5.21879571925765,5.4956535256650785,5.906596514432836,5.879668634253356,5.327878937400882,5.57304865813115,5.532272628666608,5.723670303219361,5.549405175938142,5.302497037770069,5.683013617743259,5.325460673148901,5.5855303,5.5855303
6831,6.692592592592594,5.5476258626862265,5.5476258626862265,5.632722436066638,6.174372283706887,6.196124156540234,6.328455808548414,6.247312,6.298387693815865,6.453521831971852,6.433869415789204,6.2556274891868995,6.50603706393517,6.252524306830109,6.247312,6.247312
6832,7.025000000000001,5.843204067140594,5.843204067140594,5.651814580912581,5.91702346010089,5.918648158688896,6.23659698805689,6.705656934306571,6.203231122276129,6.343471303473308,6.201477213785411,6.18095317914475,6.301003610685548,6.180200996602601,6.180654,6.180654
6833,7.148333333333331,6.195489667179695,6.195489667179695,6.4023423511238375,6.566979785182111,6.536088538080288,6.507843626937863,6.7126527000000005,6.6861814572441585,7.18054536704758,6.644397810574102,6.707250444477793,6.620884128259218,6.451274688841149,6.7126527000000005,6.7126527000000005
6834,5.283333333333334,6.561546970995522,6.561546970995522,6.586932003661438,6.812429932037698,6.815915930004943,6.644376327428116,6.849901700000001,6.832268887784602,7.391525151737797,6.84812033335713,6.848990863261847,6.665255114708238,6.5944129784102214,6.849901700000001,6.849901700000001
6835,5.261666666666668,5.764517664335262,5.764517664335262,5.488888714841327,5.28030045223011,5.236992055748459,5.461131261943262,5.5251529999999995,5.479936740198347,5.569985222939644,5.359488658255614,5.525086562221662,5.362919641234717,5.481068871208962,5.5251529999999995,5.5251529999999995
6836,5.623333333333334,5.373874751514777,5.373874751514777,5.23849642789981,5.376831474175656,5.364379657802061,5.430468790536861,5.427922,5.423712570176711,5.440358749337456,5.4146701196606095,5.427864792181406,5.363558851642224,5.431988188081887,5.427922,5.427922
6837,4.733333333333333,5.369244084235296,5.369244084235296,5.222492736970724,5.521789654377641,5.491853789030291,5.502531699425676,5.542955999999999,5.550368384504701,5.592240609735738,5.593428527014686,5.5431093379696135,5.407725949432665,5.468592653006901,5.542955999999999,5.542955999999999
6838,4.546666666666668,4.707493494841341,4.707493494841341,4.55492685568301,4.4248861748417845,4.400678427369006,4.599048037479236,4.5875626,4.608612453554363,4.590147606943489,4.638775094964433,4.5876045005252415,4.204557777927371,4.573084732989756,4.5875626,4.5875626
6839,4.928333333333332,4.283288605639767,4.283288605639767,4.1216087537090145,4.214727795360947,4.244979331982789,4.411835729059032,4.455448983460025,4.363465979036798,4.304698708950598,4.393683279111899,4.3222019360732835,4.09168916866225,4.375136861486009,4.3218527,4.3218527
6840,4.816666666666666,4.409034701430135,4.409034701430135,4.331684028199142,4.564110037900502,4.518140435077871,4.556609834164171,4.676355306920731,4.57320249448105,4.5772713229045765,4.66833648035722,4.54812563207834,4.296836052422023,4.523592881065086,4.545274,4.545274
6841,5.196666666666669,4.552128735930722,4.552128735930722,4.584785193250971,4.511935819122854,4.5076792083221005,4.633051207526495,4.6054580000000005,4.609788839396849,4.606181266672123,4.595847640675789,4.605415164035149,4.612043630934814,4.637032692829784,4.6054580000000005,4.6054580000000005
6842,5.246666666666668,4.859012119218329,4.859012119218329,4.91101345134033,4.959743990419609,4.972816337568896,4.960115288536674,5.13269217299435,4.948205079041494,5.01599255000534,4.961903722749633,4.94232593937581,4.924400525198655,4.968849766543555,4.94154,4.94154
6843,5.393333333333333,5.042874995407322,5.042874995407322,5.082735601692212,5.120884572982421,5.131147009828743,5.127240968233324,5.1158589999999995,5.101629411559421,5.211413400288777,5.073015990711542,5.115532908272913,4.951816499793104,5.1511629586515,5.1158589999999995,5.1158589999999995
6844,5.9799999999999995,5.239358205464072,5.239358205464072,5.217111204988443,5.417814644356934,5.417760453654351,5.3319567794275855,5.36442,5.339985862967396,5.482564796888227,5.328254013513691,5.363819864572298,5.126324023075876,5.3487298303694395,5.36442,5.36442
6845,6.421666666666667,5.38051001904077,5.38051001904077,5.360500930545547,5.762586601093417,5.828425520603933,5.794315077189367,5.7254853,5.749625768834447,5.989446650601412,5.769376496582473,5.725811568527588,5.661586202668336,5.784800566510174,5.7254853,5.7254853
6846,6.760000000000001,5.722094186349286,5.722094186349286,5.717379720146597,6.020065711329158,5.989740880498156,5.982010786982794,5.9693255,5.996080008636762,6.470352028866525,6.08862600865532,5.971408753138107,5.883201394565808,5.965398691855563,5.9693255,5.9693255
6847,5.9916666666666645,5.9113333252708475,5.9113333252708475,6.019102330806384,6.243532268399635,6.252564154589082,6.294864102088469,6.282426,6.320604401278288,6.9755979357249185,6.402764120868597,6.285750516024631,6.154238243603491,6.263352507028632,6.282426,6.282426
6848,5.77,5.833804546049423,5.833804546049423,5.618617416174276,5.651062628264207,5.558597087149287,5.642509815779758,5.7111573,5.716493786956096,6.087279322370917,5.794160254948097,5.711254584277044,5.600224694100419,5.622675593099348,5.7111573,5.7111573
6849,5.931666666666666,5.479835391395426,5.479835391395426,5.402296426079227,5.5890261292538375,5.5079731133782595,5.28880687599734,5.480208,5.467539269051749,5.765087307641964,5.593318876295706,5.480610217694773,5.224786948679606,5.257334257199259,5.480208,5.480208
6850,5.6933333333333325,5.274396688825799,5.274396688825799,5.223690406003574,5.416875521937014,5.428222005039508,5.183306762477372,5.480184188454371,5.41924000699046,5.662648468571728,5.458417442355757,5.437071821680013,5.326190957454692,5.116591723378594,5.4375367,5.4375367
6851,5.544999999999999,4.904415962357359,4.904415962357359,4.748428521302849,4.711810729554578,4.597260618670564,4.682824756456195,4.969334,4.943574578062921,5.054891801115719,4.932396951601561,4.967929300798429,4.870908756213038,4.601073750495783,4.969334,4.969334
6852,5.135000000000001,4.609271965463777,4.609271965463777,4.652184576505881,4.856249043410093,4.824086773108847,4.661059804724171,4.9546285,4.950446491990963,5.110640919649684,4.981364411739246,4.949699572829935,4.901287367573152,4.559921521041362,4.9546285,4.9546285
6853,4.991666666666666,4.6023906705648,4.6023906705648,4.4853356336405446,4.676736253176834,4.684791082354302,4.482213896276564,4.815778955344966,4.7397956307656175,4.885990884573584,4.782616860525684,4.73551063838835,4.659447653325566,4.382186990498844,4.7349714999999994,4.7349714999999994
6854,4.173333333333334,4.494964797965471,4.494964797965471,4.325330015015597,4.66508910633357,4.696705782703444,4.467045577999972,4.636883,4.665096665894241,4.794960985714967,4.747916193983078,4.639419205953338,4.643776728420492,4.368351298825779,4.636883,4.636883
6855,2.983673469387755,4.063801864140784,4.063801864140784,3.845302126267702,3.8203099785506907,3.837735933410566,3.8741693727683515,4.093503339404975,4.001660772147595,3.9909418251984636,3.9998722948461674,3.9913126804624293,3.922637403728221,3.797626189461375,3.9913023,3.9913023
6856,1.4728813559322038,2.937726228856241,2.937726228856241,2.974620739578052,2.5732777133476867,2.5654739830984026,2.913198901917672,2.9371099999999997,2.94271887272017,2.756064147154995,2.8801677003412913,2.9370673551597792,2.834285379723549,2.86167118288513,2.9371099999999997,2.9371099999999997
6857,1.3066666666666664,1.045054815818602,1.045054815818602,1.4480888967445953,1.1197247269743325,1.064548822023013,1.479185229212134,1.3535173,1.415407566177544,0.9700798333647382,1.4940528347989708,1.3535993897425205,1.292673385456415,1.4330988713965813,1.3535173,1.3535173
6858,2.268333333333333,2.450996099202704,2.450996099202704,2.68063163391495,2.363587597052629,2.3725558173762287,1.892968824042828,2.2752237,2.177625466647889,2.169196442299211,2.0995856506527053,2.2743348355617616,2.1666752964261224,1.8948242341990933,2.2752237,2.2752237
6859,3.2199999999999993,3.023323928166896,3.023323928166896,3.2419155859644913,2.9248966105671137,2.876024919469357,2.864022542505798,2.8942435,2.8759202735269707,2.853095431102834,2.869853820668115,2.8940744069034436,2.9021192502464555,2.9048270751554917,2.8942435,2.8942435
6860,3.0216666666666665,3.6663975140452765,3.6663975140452765,3.587765450980018,3.949772899785843,3.9086690382758733,3.6745573874760997,3.7115521,3.705112482517599,3.6877737205110503,3.714196526720655,3.7104798720509975,3.772848909129714,3.683878616219206,3.7115521,3.7115521
6861,3.1333333333333324,3.155730883080055,3.155730883080055,3.3598588672188883,3.075935286696285,3.028696049328464,3.204127880196111,3.1721060000000003,3.1840158036782182,3.148041608511366,3.2009351341261914,3.1721364935796768,3.0919002223638703,3.2100884848683826,3.1721060000000003,3.1721060000000003
6862,3.455,3.288685361924625,3.288685361924625,3.4215880699204506,3.0778540459180452,3.0545665926163785,3.071755029798784,3.1284099999999997,3.139754479737223,3.1651556983322524,3.1992931088193486,3.128645860039344,3.01491094419732,3.060906703934449,3.1284099999999997,3.1284099999999997
6863,3.186666666666668,3.3656087863633717,3.3656087863633717,3.3561499591492376,3.213895973605225,3.202203312412821,3.3479107195153888,3.297737,3.325462178793265,3.2948993098334367,3.36728792254763,3.2991301654945366,3.3074900277462165,3.3305607399980133,3.297737,3.297737
6864,2.2833333333333354,3.0459981114223806,3.0459981114223806,3.220043805833861,2.655919107627437,2.6506928664882823,2.964153760859574,2.9241947999999995,2.9370235790796553,2.89927436015093,2.922793755836467,2.9242603352671246,2.8272402262694234,2.959457601904216,2.9241947999999995,2.9241947999999995
6865,1.5883333333333338,2.0060376466232364,2.0060376466232364,2.1630093324628374,1.74471395274953,1.7021249754268748,2.2688020845098165,2.0818827,2.1066111265019547,1.875299683403468,2.052090578817108,2.081991357056166,1.9211087081560454,2.268343772809991,2.0818827,2.0818827
6866,1.7216666666666667,1.4615468430615484,1.4615468430615484,1.6712882897741719,1.363826221124421,1.332587193752218,1.7407908585086318,1.5820233999999997,1.5987016606486062,1.2489343182886468,1.5472953241253906,1.5821364151002015,1.6104781701022937,1.7398536092032773,1.5820233999999997,1.5820233999999997
6867,1.5483333333333336,1.709836316653346,1.709836316653346,1.6446263129722967,1.7232891829735562,1.7179796564026284,1.8264063022854413,1.9196021815848543,1.7162209088399427,1.5722180726374098,1.8221394956535477,1.6527551422462858,1.6372167195335652,1.8094597096634475,1.6517429999999997,1.6517429999999997
6868,1.7483333333333333,1.6962130113903569,1.6962130113903569,1.6829279991681116,1.8554548349793722,1.8684313021316075,1.7985830388900443,1.929953823272692,1.7623340428048069,1.6485223925931232,1.8363047215910764,1.7249632882527113,1.6156905583550456,1.773129862557338,1.7247580000000005,1.7247580000000005
6869,1.4800000000000004,2.1903993238136374,2.1903993238136374,2.3206129749721587,2.0226616615745314,2.0091982978981373,1.9327651473648557,1.8987147170595629,2.063672181152694,2.0093006906970574,1.999171780698289,2.1132797823671154,2.1401925654896843,1.9133561406731159,2.1135990000000002,2.1135990000000002
6870,1.6800000000000008,1.7628160425773025,1.7628160425773025,1.9716435873251397,1.9350098438570358,1.9021547927673517,1.665416055650907,1.8693709708497996,1.7963710609238213,1.6232250676026063,1.844428748563305,1.8099599744367394,1.7918359041983951,1.6391198452762525,1.8099604,1.8099604
6871,2.74,1.9843530027658502,1.9843530027658502,2.100055633183988,1.743025173629778,1.7135895807739807,1.8646856352275467,1.9348613999999995,1.9133445266280318,1.6805216694181686,1.8685205122224964,1.9346763844868204,1.8768119877064597,1.8406778044880039,1.9348613999999995,1.9348613999999995
6872,2.5050000000000012,2.9334316429549574,2.9334316429549574,2.774302359056571,3.2398634056918136,3.210198354856424,2.653843438100497,2.8699222,2.886589264133747,2.9635883716617943,3.0535462727904807,2.868663320420392,3.2252182414075983,2.582026064951843,2.8699222,2.8699222
6873,1.2216666666666667,2.5925643890197154,2.5925643890197154,2.469300241432859,2.435232444283279,2.4333928342583784,2.4098224820447474,2.5372498,2.533225965261159,2.390393751646462,2.5357990862048494,2.5372497844652484,2.5343364327659614,2.3470963633056083,2.5372498,2.5372498
6874,1.3899999999999997,1.3279999035012682,1.3279999035012682,1.7948622528656109,1.4386387369011913,1.42361253600401,1.4880327798967263,1.6239618,1.5832295240117351,1.2481617378322696,1.5312889155801281,1.6238937967940243,1.5019854609124712,1.4625652742817197,1.6239618,1.6239618
6875,1.7033333333333338,1.7057236056524925,1.7057236056524925,1.89081372901386,1.3715319644925028,1.3353588044533433,1.4629029576565111,1.6755985,1.6112725993183408,1.268078625217064,1.5269944437756178,1.6750133612952807,1.5230451434302865,1.428878668267688,1.6755985,1.6755985
6876,0.7999999999999996,1.896638274967456,1.896638274967456,1.7956324016064094,1.947436518746578,1.9203092098743382,1.7150778331511272,1.9194310704541844,1.8798523449791522,1.7825469442629807,1.9245611607227902,1.8839698003667125,1.7726672232411902,1.655911501381952,1.8836004000000002,1.8836004000000002
6877,1.1300000000000001,0.8392773818155956,0.8392773818155956,1.261976077970135,1.0227455281847093,0.9837704136139149,0.9721462972616433,1.1130639999999996,1.0880313333200533,0.7257487675730903,1.0928848877874002,1.1130349162161308,0.9191208080577891,0.9427209597778816,1.1130639999999996,1.1130639999999996
6878,1.5366666666666666,1.5289595876797826,1.5289595876797826,1.4787652486570781,1.5407780145952383,1.5397164779029788,1.2940824338474761,1.4182636999999998,1.4172677431902136,1.3525472696508838,1.466800272593097,1.4186941257704064,1.2716158933732618,1.2610048524490045,1.4182636999999998,1.4182636999999998
6879,1.3866666666666667,1.6452083570004463,1.6452083570004463,1.5362849384668547,1.4844076757669296,1.5199629592015982,1.5926590147645618,1.9196021815848543,1.6255187117913539,1.4490832117734347,1.6031344916771495,1.6242148727944228,1.5816368269133312,1.5607685194276328,1.6243708000000003,1.6243708000000003
6880,1.3833333333333333,1.4513820664797832,1.4513820664797832,1.5430977113320794,1.3941335632261693,1.3582796031149673,1.3645570296971323,1.4633892,1.458729486365835,1.339468480832147,1.4779817757586273,1.4634096624941346,1.289163370234124,1.340350476190788,1.4633892,1.4633892
6881,1.4116666666666666,1.6793317328443433,1.6793317328443433,1.7566493189459056,1.4584855039554907,1.444133342223993,1.5521902903959957,1.5893617,1.5858974130924368,1.4636531679865499,1.5789424533160883,1.5892993622017118,1.696579849987287,1.5397303078882953,1.5893617,1.5893617
6882,1.9683333333333333,2.2817202647986217,2.2817202647986217,2.4631454536132287,2.348271158029443,2.3177026109289915,1.764510214431895,1.5657740278796766,2.093635686623792,2.1577757145391123,2.0935267254001015,2.190916130093159,2.1739481493089907,1.746796637488608,2.1914785,2.1914785
6883,3.441666666666667,2.4913340492046006,2.4913340492046006,2.4291753029171366,2.623386289944617,2.6434739527266338,2.4922675247143573,2.6572649572649594,2.4908255710938576,2.435628691171539,2.5178079106590854,2.4757643629103114,2.434365767878872,2.4864303566176478,2.4754953,2.4754953
6884,3.736666666666667,3.7921738845993103,3.7921738845993103,3.6981206823715396,3.8505493656088805,3.7680483278606616,3.4599267307380104,3.6068935,3.605253977593577,3.724694208436754,3.7075052777900397,3.6108414102511595,3.763343111316695,3.4496975963771885,3.6068935,3.6068935
6885,5.77,3.9515421707544,3.9515421707544,4.019186147584957,3.979129577188417,3.9444497059163663,3.8732474596663584,3.9569591291803263,3.9038333791632436,3.956125909678575,3.9282182155406877,3.906928073019503,3.8723333986567825,3.8784536831188428,3.9068362999999997,3.9068362999999997
6886,5.966666666666666,5.193615676439076,5.193615676439076,5.726464969369701,6.428133822543218,6.487711329977492,5.763937366576586,6.1471663,6.053078268130115,6.175323855389767,6.029027937330284,5.818221183458608,6.398632581404602,5.7422154654042945,6.1471663,6.1471663
6887,5.736666666666667,5.706395862046579,5.706395862046579,5.453070725082735,5.730896801567926,5.785341128249695,5.663814368997855,5.6830854,5.676306429624555,5.658747025661331,5.648150596806482,5.683041556748183,5.81076752410971,5.652009339085636,5.6830854,5.6830854
6888,5.793333333333333,5.335954238919034,5.335954238919034,5.231604741669361,5.352573420573542,5.3354892647894845,5.173349592319047,5.277485922398787,5.280205595159773,5.32046978510263,5.288342065564732,5.304613797795447,5.109957925786372,5.164868331723632,5.3047237,5.3047237
6889,4.846666666666667,4.741202511895788,4.741202511895788,4.678732144626561,4.960956716874605,4.985909399703665,5.374516371076443,5.003262,5.093528864461785,5.008059946959384,5.1191189057326145,5.007514382348861,5.09806980754203,5.378286087929243,5.003262,5.003262
6890,2.578333333333333,3.9513711930230113,3.9513711930230113,3.9239600497413067,3.93166366221673,3.9169596006394523,4.481665698848658,4.0540934,4.142429131420819,4.017927136703548,4.159983889943021,4.054346132062308,4.016279606164043,4.50090970455698,4.0540934,4.0540934
6891,1.8483333333333336,1.5902915035815695,1.5902915035815695,2.212318849425782,1.9434767019895098,1.8794930744995149,2.798956475569364,2.1331463,2.2330619730219485,2.0399274153891946,2.222648868799575,2.1334049506245405,2.227798064984235,2.8478860744305985,2.1331463,2.1331463
6892,1.8133333333333341,1.9326121747457772,1.9326121747457772,2.2599186027318234,2.0873916299625024,2.070539398464734,2.1978360929084886,1.9647446,1.9900548997004688,1.959530719151228,2.001390127023209,1.965829024022527,1.944340603865073,2.2402032332849444,1.9647446,1.9647446
6893,1.808333333333333,2.105987790550092,2.105987790550092,2.3370426282356176,2.2029195202888685,2.202899844301653,2.161077743153576,2.0725412,2.0778899055445246,2.0737274388057187,2.0889517453388216,2.072614177384626,1.9748562362726527,2.18674920754798,2.0725412,2.0725412
6894,2.3,2.116370086492449,2.116370086492449,2.3819231065695936,2.1873028459564,2.19312554493409,2.109281022396675,2.1205702,2.1084263361118563,2.012224386864271,2.110483805771139,2.120450347556953,2.165554907597947,2.124448059813651,2.1205702,2.1205702
6895,2.7883333333333344,2.430191902229523,2.430191902229523,2.360808463051657,2.395491970989485,2.4090357960620605,2.192855105684526,2.3362155,2.3358243680640083,2.3388384869398493,2.3505382975133546,2.335962904609651,2.3752975090461863,2.169565440151146,2.3362155,2.3362155
6896,3.0633333333333335,2.950235951816402,2.950235951816402,2.8670826384143386,2.8844809238567257,2.9155351556927442,2.5406099984243227,2.7132509626457737,2.8132464873263525,2.917012802496097,2.812791831266934,2.845760338379499,2.6461709486756835,2.509207570765062,2.8483567,2.8483567
6897,3.3733333333333335,3.072056475961551,3.072056475961551,3.0328599494948634,2.9115663891280663,2.948687576641685,2.8535265430845005,3.0653756000000003,3.024427487378918,3.0378984779057774,2.995356946327263,3.062298079510869,2.984090454279621,2.8263035212888017,3.0653756000000003,3.0653756000000003
6898,3.443333333333334,3.2341791082402995,3.2341791082402995,3.1713814808221685,3.1563687413557466,3.205422482497825,2.905415234116061,3.264159964253794,3.239863070618708,3.311536322749907,3.2260828480726906,3.2894316902647125,3.2556654764298907,2.8533664108737744,3.2949631,3.2949631
6899,3.6683333333333334,3.3510102341563375,3.3510102341563375,3.2967346849845076,3.229469329142438,3.3208376810427707,2.967791427493177,3.3981233,3.32936524739353,3.3908147352292577,3.3202400871421656,3.3908523178245034,3.3307066501819054,2.910228048791932,3.3981233,3.3981233
6900,4.0,3.453447577968115,3.453447577968115,3.4311180459238786,3.3693447696246324,3.441108901553684,3.2321555834873554,3.5606199999999997,3.5118589289342084,3.554623347041528,3.5204346535975883,3.5492893134209016,3.607727157112789,3.1811420512721895,3.5606199999999997,3.5606199999999997
6901,4.028333333333332,3.866239745212559,3.866239745212559,3.8533783151414522,3.912831913460676,3.952531825553007,3.5035897331767623,3.8799913,3.8397456289046348,3.963076180646263,3.8674908683442855,3.871783697428362,3.8928808214383355,3.461041372885199,3.8799913,3.8799913
6902,3.746666666666668,3.7611777908508426,3.7611777908508426,3.5506949672114003,3.844979223038801,3.9216685138650895,3.7025037743999416,3.8655887000000004,3.8588857573662882,3.878470856262851,3.8606246228946755,3.8643895408181423,3.8423269169100553,3.653264119327083,3.8655887000000004,3.8655887000000004
6903,3.966666666666667,3.4957952649984807,3.4957952649984807,3.379304315616206,3.393806200870342,3.423556097523294,3.3412539922268527,3.369046650986725,3.491999488987589,3.5463733385810676,3.4976954473965067,3.504787758380139,3.5490577627104685,3.300945688283778,3.5050306000000004,3.5050306000000004
6904,3.7966666666666664,3.6473613489652763,3.6473613489652763,3.6152484125132127,3.5776240691791177,3.575833654791411,3.4679682093691637,3.5915897807218835,3.645696953227664,3.7303127405000995,3.6540644690558106,3.6549793736877065,3.6033985714042944,3.4283455145515456,3.6570980000000004,3.6570980000000004
6905,2.9816666666666665,3.0959984978428707,3.0959984978428707,2.859626655210969,2.9944089871236614,2.906840985141673,3.2706398659106757,3.1454353,3.2070868609275456,3.2619905632213277,3.1647042228516598,3.1482259014190035,3.0508367014925883,3.218271303129855,3.1454353,3.1454353
6906,3.075000000000001,2.6520593317800296,2.6520593317800296,2.563447864937136,2.471387003535461,2.415521997218835,2.829953054467385,2.6815476,2.7230061352317323,2.7722021645699715,2.6882401507745657,2.68184071305185,2.639474947512162,2.7973352949819503,2.6815476,2.6815476
6907,3.2650000000000006,3.138144109454019,3.138144109454019,3.0709911590851573,3.1520840142640605,3.1138524747005034,3.067912286642904,3.0989169999999997,3.1199010535559246,3.293444966185872,3.108607181803376,3.100547239400474,3.118064504262577,3.0374982252515252,3.0989169999999997,3.0989169999999997
6908,4.7816666666666645,3.5504463248748706,3.5504463248748706,3.620566842781437,3.50593584816525,3.4542128344305056,3.4382694876828293,3.4632251000000003,3.470919402512304,3.5880202228766236,3.4710678171826137,3.4638064457632405,3.429741464121315,3.437972277438233,3.4632251000000003,3.4632251000000003
6909,6.010000000000002,5.485560843028445,5.485560843028445,5.957419594371826,6.453375069870946,6.592707025781745,5.40198342480691,5.9996915,5.883293698797516,5.859388035966454,5.944620383241631,5.816137170192481,6.038753456422964,5.3753579082041165,5.9996915,5.9996915
6910,6.034999999999999,6.531413019436284,6.531413019436284,5.890189901623176,6.465282956643173,6.459031600564364,6.043556649138894,6.3007007,6.270756987169275,5.972735439380886,6.29115124300744,6.299860093562247,6.602879039797044,6.00897116982739,6.3007007,6.3007007
6911,6.073333333333334,5.819969301202562,5.819969301202562,5.67498443201438,5.739931709174892,5.732901073002925,5.853881160363148,5.952352221056307,5.85318472332518,5.472843909655946,5.853055089254679,5.862971108473159,5.82736092125615,5.848760167798456,5.863090000000001,5.863090000000001
6912,6.494999999999998,5.453218918915742,5.453218918915742,5.49991551349099,5.47016985361176,5.48376063778284,5.730812056362379,5.712988,5.69661113420428,5.416534855694173,5.694898387546145,5.7120809813918685,5.732954530331496,5.727317711465997,5.712988,5.712988
6913,6.213333333333333,5.138062930444584,5.138062930444584,5.395739565449507,5.307596153199741,5.348460667352253,5.719795671932608,5.5928555,5.602532308551569,5.4134861087401465,5.586894617997067,5.590224500878429,5.556387472137025,5.713416478927265,5.5928555,5.5928555
6914,4.389999999999999,4.913035902275704,4.913035902275704,5.054023357642581,4.9497455413351545,5.008277442186984,5.315258106849835,5.1888123,5.202637187102909,5.1238487854627355,5.184870655465501,5.187862029669564,5.055228834118905,5.308626180574043,5.1888123,5.1888123
6915,2.026666666666666,3.560963388868155,3.560963388868155,3.5280244354405896,3.40585238082286,3.384019066625471,4.111529471760513,3.7074599999999998,3.747262584767379,3.506921120901737,3.704537547863968,3.707578694088592,3.5152499843406813,4.136758919803417,3.7074599999999998,3.7074599999999998
6916,2.0683333333333334,1.564351503941793,1.564351503941793,2.2575986372049996,1.869926084189639,1.8305777975171384,2.2608458480056473,2.1334279,2.1163051122819763,2.0005546394169946,2.099294234676359,2.133397693833343,2.1704302475276305,2.2940958489236043,2.1334279,2.1334279
6917,2.035,2.1912880908455383,2.1912880908455383,2.162198447584864,2.262813695680083,2.227941229770753,2.284476698240911,2.2518477000000003,2.256164551459791,2.2767267154247106,2.253283947588735,2.251539897996092,2.217998173225999,2.282438963727499,2.2518477000000003,2.2518477000000003
6918,2.7766666666666677,2.3368830404843353,2.3368830404843353,2.320277025306483,2.324798933921172,2.3491673004328577,2.171214840346332,2.302109,2.286401566042537,2.304460825725725,2.2964710320937365,2.3020474950053655,2.281081352958833,2.1518669225608535,2.302109,2.302109
6919,3.1500000000000004,2.7383235295333934,2.7383235295333934,2.5118237491432565,2.618390013454917,2.6760879936005013,2.4370871681667583,2.632846,2.6286961006987344,2.7700264917321453,2.6390195116865405,2.6329104064346316,2.808410952448237,2.374466151953239,2.632846,2.632846
6920,2.3149999999999995,3.0384801642207186,3.0384801642207186,2.857038118174962,2.9071813324750533,2.984958013883588,2.765795341837853,3.025994,3.0082965223305376,3.168647439669094,3.013216282972216,3.0213088289837096,2.9510003689293547,2.687322240301673,3.025994,3.025994
6921,2.098333333333333,2.1340617566381592,2.1340617566381592,2.179512593841217,2.001685085935839,2.0277526773169683,2.0535605622042583,2.1596092999999996,2.1596861458874534,2.259434796513145,2.154674899980531,2.1595777750882785,2.0799693610018455,1.9993533155674719,2.1596092999999996,2.1596092999999996
6922,2.4066666666666663,2.1508143846983696,2.1508143846983696,2.154069131007764,1.9737335460004226,1.9888001871733496,2.0669300754146653,2.0476372092611093,2.1220350959937515,2.1993355770998155,2.1145936675428434,2.122384503464648,2.244369566365372,2.030247217448064,2.1226072,2.1226072
6923,2.3033333333333332,2.4644428039554827,2.4644428039554827,2.4021407884689254,2.296933447804598,2.367292050256095,2.0722852599885027,2.3789053,2.354167957967704,2.550821878600286,2.3630566204872943,2.3770677920460406,2.2864259022994977,1.9997333823385555,2.3789053,2.3789053
6924,1.7266666666666666,2.5287372416229146,2.5287372416229146,2.492544015069279,2.4353679056108533,2.4922771412937212,2.1001073855781174,2.4556146,2.4197741596897995,2.55759387099765,2.4332173551914056,2.4540755430465264,2.2987876788296893,2.0359740545468545,2.4556146,2.4556146
6925,1.4716666666666667,2.043163770669416,2.043163770669416,2.2116522676675,2.2160059031207,2.2439903442777993,1.9745903433685572,2.1172853,2.1087571366445736,2.133624820725772,2.125927827920904,2.1173193262670003,2.138988953336863,1.9568319005384163,2.1172853,2.1172853
6926,2.2399999999999998,1.8930006285255372,1.8930006285255372,2.204174133225428,2.049941688308828,2.090014874584363,1.7626295697727832,1.9617470000000001,1.9330565566452815,1.8420643446754161,1.9572085381687836,1.961692318116597,1.9559300245705389,1.7546050477730857,1.9617470000000001,1.9617470000000001
6927,2.5383333333333327,2.5595580049125175,2.5595580049125175,2.4014005477501343,2.561606057583683,2.589281001698326,2.36291721804065,2.393467,2.4237656807030623,2.5029137961765473,2.446953679731644,2.3960093278663512,2.432240367364853,2.3439704761955493,2.393467,2.393467
6928,2.055,2.7741268619412334,2.7741268619412334,2.699734775003556,2.8010789254152524,2.826447223615442,2.6771142953884346,2.7056441,2.723817524227499,2.7699538981127336,2.737918887096513,2.706086637516063,2.7141890080689732,2.6631195180207703,2.7056441,2.7056441
6929,1.9416666666666667,1.9607680260728524,1.9607680260728524,2.1787818361342257,1.9345247012240203,1.9193928294724176,2.154142802431353,2.081429,2.100205349450111,1.952444473810267,2.0843755139649596,2.0814648955088284,1.9808926659436943,2.142285493807571,2.081429,2.081429
6930,2.3683333333333327,2.109086364600075,2.109086364600075,2.221275571477714,2.0192751104600903,2.0209268036670194,2.046807571592284,2.0291734,2.049277653507496,1.9780594656435366,2.0483244149302893,2.0294455898163126,1.8767513175644728,2.0359361834728595,2.0291734,2.0291734
6931,2.7933333333333326,3.255384514850805,3.255384514850805,3.377425100697074,3.150215200012736,3.227619674669541,2.9269121535660476,3.0404222,3.0153958878325526,3.1194446186730693,3.0395812612498703,3.0401060970516465,2.996808108468991,2.944177857458561,3.0404222,3.0404222
6932,4.78,4.116001946795852,4.116001946795852,4.261650708361813,4.254376949512633,4.406398349986224,3.5561037508290885,3.3633719576518524,3.959875918018338,4.139690867879386,4.028174997561081,4.06796781434463,3.9015906535736544,3.5576699206358446,4.068980000000001,4.068980000000001
6933,5.179999999999998,5.400503617007486,5.400503617007486,5.24446023517326,5.553134911284307,5.695573154552733,5.1110737365401375,5.430016999999999,5.396464184623838,5.617455815548619,5.4280025838874035,5.418066170081516,5.48072294853373,5.066186777150427,5.430016999999999,5.430016999999999
6934,5.7683333333333335,5.459438769561563,5.459438769561563,4.952797156654682,4.977539594147309,4.923291633723372,5.1616284060610145,6.291299999999999,5.12651784606131,5.107278374710232,5.120778549644913,5.118778458966545,5.110804320610597,5.132912295494022,5.1186495,5.1186495
6935,6.369999999999999,5.3792124169902475,5.3792124169902475,5.2068995363642125,5.548508902132643,5.523718973923455,5.677233375318467,5.5014687,5.544319377128945,5.6105551540191465,5.521377907553394,5.5083864102817355,5.464407209216672,5.66051990117032,5.5014687,5.5014687
6936,5.581666666666664,5.4405452545624815,5.4405452545624815,5.518721940250253,5.68869592866387,5.708480932766978,5.602686190500245,5.6277704,5.648349629505659,5.832277890245852,5.649501454721749,5.630772627264363,5.548551850294003,5.577816746822056,5.6277704,5.6277704
6937,5.385000000000001,4.9311249450191115,4.9311249450191115,4.875955031671098,4.907331027108528,4.836994665542664,5.094482185845348,4.969877200000001,4.977582184633842,4.935680888816005,4.966543222549461,4.969840466484538,4.916985104407728,5.112612645385118,4.969877200000001,4.969877200000001
6938,3.9483333333333333,4.1083759693374615,4.1083759693374615,4.058976417025621,4.2434321094511365,4.093585253940836,4.871394749556908,4.362042400000001,4.435808123924589,4.321550018144234,4.389437181015382,4.371454106176621,4.382807967301081,4.899595770950361,4.362042400000001,4.362042400000001
6939,2.7383333333333324,3.181155832353947,3.181155832353947,3.391641131013367,3.1464370309479954,2.986975474558475,3.7793234564243043,3.7833405891742804,3.2814381265034385,3.1209278362366057,3.2397239106431837,3.226572951454776,3.2072393066242224,3.840942553782488,3.2257566000000004,3.2257566000000004
6940,2.2099999999999995,2.6445287703941327,2.6445287703941327,2.943543489628155,2.6426969433894314,2.556737996125965,3.0432493260093647,2.748911652078432,2.6964532374346737,2.5686626507161403,2.678812447670313,2.677207845623621,2.631572040871136,3.1156425841035325,2.6746213,2.6746213
6941,2.658333333333333,2.5215470900681405,2.5215470900681405,2.971108016862188,2.6122551028939496,2.5722304452841875,2.750576902686512,2.6020288,2.5907903391049656,2.4546989441741616,2.5960104085668028,2.6022245375365283,2.5456804161327136,2.8314649713746527,2.6020288,2.6020288
6942,2.8333333333333326,2.9835365811080896,2.9835365811080896,3.094946704485728,2.92692645503928,2.874718650042354,3.1010951870347663,2.8644931000000002,2.8816522013236585,2.824195856676844,2.87211196807296,2.869967858831914,2.8140937078529467,3.166413975226044,2.8644931000000002,2.8644931000000002
6943,3.509999999999999,2.9574707103963744,2.9574707103963744,3.16028781800586,2.978110263242071,2.927578975905877,3.151224543976678,2.9021423,2.928109295506059,2.8870663875880225,2.913808353121481,2.903373629061258,2.9314919858206063,3.2131401870229404,2.9021423,2.9021423
6944,3.138333333333333,3.6597058307300685,3.6597058307300685,3.674344240808341,3.6310252713260835,3.5809300065067076,3.8031551392481386,3.599396,3.6153257376746186,3.5799730654130912,3.605696401157973,3.610998768920643,3.552416384809854,3.8490303534675743,3.599396,3.599396
6945,3.8683333333333336,3.2182736962893355,3.2182736962893355,3.606997116762397,3.2866577810704616,3.271911473167024,3.4434365407304326,3.2714715,3.27604158461679,3.2341159961621724,3.2724051985366893,3.2716028446840415,3.234651919608792,3.510644265988613,3.2714715,3.2714715
6946,5.08,4.1632812822520355,4.1632812822520355,4.239835886687488,4.078062653988179,4.112225971961811,4.013604840080432,3.9881837,3.9815701809661244,4.0204317651054895,3.9873795164666173,4.01921938915451,4.046859515097157,4.0615570540443136,3.9881837,3.9881837
6947,6.071666666666666,4.871588369649909,4.871588369649909,5.017859372258455,5.145020724849404,5.195695002900605,4.899638894272528,4.970618736651762,5.01184457956276,5.106288050199346,5.024238809463328,5.002134826160081,5.16167014360078,4.903251369311667,5.028954,5.028954
6948,4.205,5.264178534299802,5.264178534299802,5.393242679642607,5.714186777730482,5.757976221598714,5.509023632918935,5.6216097000000005,5.620893283519048,5.7861519611472225,5.628066395425367,5.612526512035397,5.707953913173853,5.47728791046041,5.6216097000000005,5.6216097000000005
6949,3.533333333333333,4.193784244231699,4.193784244231699,4.373900670498942,4.1740878783827196,4.197397018763477,4.252086207487038,4.2443695,4.224068719502194,4.17212563519912,4.221392557815797,4.244318104909816,4.12596179050509,4.280447768842196,4.2443695,4.2443695
6950,4.581666666666668,3.614614643617966,3.614614643617966,3.7277433760832226,3.7182392698369826,3.6910272246981997,3.839046586762948,3.6533718,3.676609543297263,3.6635200242946557,3.6685672193770316,3.653472788421961,3.5320284630401533,3.8834399683361553,3.6533718,3.6533718
6951,4.604999999999999,4.723146040679397,4.723146040679397,4.688383987647475,5.123199690100844,5.1076467511839585,4.756347004658644,4.800841566044643,4.896674742951326,4.979033584511509,4.915574106093365,4.890489878603546,4.915811290568396,4.749756928831022,4.9184113,4.9184113
6952,4.803333333333334,4.963518547589791,4.963518547589791,4.991351291769484,5.00396684883955,5.0173460293902,4.775836817872941,4.987043,4.927206210729309,4.908374972766835,4.918930601078979,4.986813064052124,4.882423440907743,4.789824403062329,4.987043,4.987043
6953,5.4300000000000015,5.15431244795585,5.15431244795585,5.322663282780429,5.245633713440334,5.30721139022441,4.935825647549192,5.191665599999999,5.127870557094803,5.139782462748613,5.126613046029319,5.190945334944308,4.914413250600023,4.955821461050544,5.191665599999999,5.191665599999999
6954,5.739999999999999,5.4863091170861225,5.4863091170861225,5.5194878041906525,5.641394920777033,5.715257475258407,5.308393734286521,5.319865100087027,5.510217902518475,5.603010182654072,5.531506670629064,5.543897419486837,5.412103639075501,5.292089453615722,5.5468903,5.5468903
6955,5.900000000000001,5.475301653692726,5.475301653692726,5.389852273486542,5.556347235197807,5.649628755442359,5.3615164776229545,5.4484634000000005,5.45783879577195,5.558307128221835,5.471137523969169,5.449641879457024,5.36614752768825,5.329639981151978,5.4484634000000005,5.4484634000000005
6956,5.388333333333334,5.124506296642474,5.124506296642474,4.930050847720294,5.4690477940287385,5.36959659618143,5.706548163868493,5.439982,5.5104002526064475,5.5850044076237895,5.501032371243147,5.447266389634105,5.394012608118716,5.664059110927043,5.439982,5.439982
6957,5.184999999999999,5.306094034644929,5.306094034644929,5.012770470421664,5.333545618426285,5.273824011597651,5.454901760604843,5.360906,5.379960379214195,5.405246636055993,5.372619051618977,5.361033066794922,5.1668725632716095,5.443240294163107,5.360906,5.360906
6958,5.2666666666666675,5.427311229841575,5.427311229841575,5.367111057897359,5.569682011924464,5.539773019283013,5.570408560385197,5.481365,5.490214999793511,5.51522154977979,5.484414075145021,5.481380866106705,5.392936443405916,5.605603078300583,5.481365,5.481365
6959,5.356666666666668,5.712035899141574,5.712035899141574,5.890632272049023,5.928962281099609,5.957830168676098,5.663377260041403,5.617111,5.618577638792113,5.666886681312045,5.619495049957969,5.616998515014096,5.494756186705759,5.737872886324494,5.617111,5.617111
6960,5.5716666666666645,5.725291190370617,5.725291190370617,6.032377966640429,5.909027539797003,5.916540550594442,5.7228984531624985,5.6593385000000005,5.640178409313832,5.524612640532723,5.650745625465474,5.658924910521296,5.475175833954332,5.823711333663482,5.6593385000000005,5.6593385000000005
6961,5.508333333333334,5.4921008786385475,5.4921008786385475,5.558124270987072,5.5665841505335365,5.543027935220765,5.6671587320636725,5.4898157,5.489265797577877,5.305179657278618,5.488893904922226,5.492229577838337,5.378074863200044,5.750746717702487,5.4898157,5.4898157
6962,5.738461538461538,5.183315499832666,5.183315499832666,5.32000759970943,5.226691009132955,5.204239488376455,5.520394123331121,5.2673111724664246,5.285984742379204,5.073124298887989,5.280238801218241,5.290626161479236,5.081353219484105,5.608786361362327,5.289796400000001,5.289796400000001
6963,5.738461538461538,5.352202451939113,5.352202451939113,5.467094474187826,5.501321611296369,5.488423803718678,5.578880542098498,5.4526267,5.446604063401198,5.416250328203076,5.4486213701346555,5.459754566135963,5.376442720250471,5.6457579367754605,5.4526267,5.4526267
6964,5.738461538461538,2.3705528152304938,2.3705528152304938,3.3282560903865575,2.043494429266561,2.2061539396317205,1.5494597363938603,1.8014976999999996,1.650383683164963,1.7315182581606998,1.7426077811482634,1.7965818570091372,2.18311387756962,1.7998914291152897,1.8014976999999996,1.8014976999999996
6965,5.738461538461538,6.361121655703743,6.361121655703743,3.0718288924490595,3.1400903626819616,3.5189493271044348,1.7758068351376841,1.8175189999999999,1.7481204717712915,2.243691731928937,1.8167984346718267,6.1626845340692675,3.8403827868782843,1.9295713827786505,1.8175189999999999,1.8175189999999999
6966,5.738461538461538,5.7902757837905,5.7902757837905,3.1811390579616816,3.5350201523751488,4.081680472549346,1.7800073897417286,1.7872639000000001,1.7359823824222627,2.377297570863382,2.193287797338945,6.083507448983994,4.260891982731252,1.8561496005322669,1.7872639000000001,1.7872639000000001
6967,5.738461538461538,5.976054930817521,5.976054930817521,2.7429091631190996,3.1102285525606357,3.593086449185744,1.76797833664103,1.3660226999999998,1.5001956967171544,2.1894832971028615,6.293202761487831,6.202907122657916,4.3714578233930546,1.7766413383457595,1.3660226999999998,1.3660226999999998
6968,5.738461538461538,6.6208814050132005,6.6208814050132005,2.591004724275236,3.3226090949814036,3.7682674046272315,1.8784640168847482,6.22561178789735,1.7254305617803594,2.423951132068259,6.225601470993658,6.135094573733822,4.471109241088534,1.7960084867118926,1.2818231999999998,1.2818231999999998
6969,5.738461538461538,6.929493004600847,6.929493004600847,2.82617198287517,3.8708999346994473,4.389124657132344,2.0341846781689377,1.3716385,2.416570758969373,2.7665732881533858,6.470584404330371,6.393815329214659,4.483652552637248,1.8475580233752575,1.3716385,1.3716385
6970,5.738461538461538,6.687644674190281,6.687644674190281,2.659319592636672,4.021887827837998,4.403694826872288,2.0786625055773866,1.381768,3.153261013549627,3.0834665110837607,6.008385602387049,5.915275343772702,4.4822445437303315,1.8059721680345264,1.381768,1.381768
6971,5.738461538461538,6.164669423761072,6.164669423761072,2.6478881776603114,4.034727337019502,4.412615764672248,2.016477028792872,0.2581481481481491,3.9814291474767183,3.2835595426900546,5.577213370132643,5.530834630089023,4.4822445437303315,1.6625018058175005,1.3811434999999999,1.3811434999999999
6972,5.738461538461538,6.45308274345875,6.45308274345875,2.6744897451477234,4.200130140645334,4.590402524585315,2.219799629975746,1.3135667,5.136366429516407,3.5130905890624917,6.016732070293042,5.991284428836144,4.4822445437303315,1.7175880972832345,1.3135667,1.3135667
6973,5.738461538461538,7.036125627870988,7.036125627870988,2.8902831151972697,4.78485943098154,5.149062949698299,2.548986222406237,1.4590744999999998,6.0632624372958634,3.9901818957285755,6.483780814224241,6.433160370434269,4.471109241088534,1.8706227793507748,1.4590744999999998,1.4590744999999998
6974,5.738461538461538,6.875608120145802,6.875608120145802,2.9614714540619547,4.9717160463355174,5.315926137112012,2.6831823501308216,1.5132357,6.268934989401533,4.319606372136563,6.478942887622967,6.361454699315602,4.483652552637248,1.8788284832411415,1.5132357,1.5132357
6975,5.738461538461538,6.784364382970596,6.784364382970596,3.0174059377779185,5.09459283036628,5.429430505973346,2.7700595506529178,1.5666595,6.21315520473801,4.621430810007681,6.3238038785768405,6.2104831690407405,4.483652552637248,1.8632957284275984,1.5666595,1.5666595
6976,5.738461538461538,6.069886011415457,6.069886011415457,2.8588343841154793,4.637306276057961,5.011900362374675,2.390105101750576,1.5486312,4.927338357382749,4.6657924032101565,4.97779204547072,4.914437480115996,4.474408921887309,1.5834471080373826,1.5486312,1.5486312
6977,5.738461538461538,6.0981330775977165,6.0981330775977165,2.8336731765535816,4.615055815712561,5.0339994683575116,2.4498892335678066,1.4637158000000001,4.927903670344351,4.824622527574014,4.9672310592854005,4.959100847881395,4.461865610338595,1.5418080422139804,1.4637158000000001,1.4637158000000001
6978,5.738461538461538,6.326978574281849,6.326978574281849,2.7359996783717664,4.521120221327234,4.956831424901477,2.4725005355510983,1.3649956000000003,4.809918912536273,4.975812681868978,4.84350726715081,4.836832587355719,4.4181995837482235,1.4873777183956243,1.3649956000000003,1.3649956000000003
6979,5.738461538461538,4.561069111177402,4.561069111177402,2.0908401385630033,1.5845598958531628,1.8823247669477725,2.7642664193090747,1.3558208,4.64536069745272,3.9314465789381727,4.6705254398127805,4.665445724097934,4.430742895296938,2.0813838317330537,1.3558208,1.3558208
6980,5.738461538461538,3.6198432751480643,3.6198432751480643,1.9102682515669696,2.78274226754423,3.7333911769364114,2.58100788226964,1.172657,4.229753532182668,3.8889740704100983,4.2530042245395805,4.23499660637095,4.412128666916217,1.91152811799273,1.172657,1.172657
6981,5.738461538461538,3.6607019789555193,3.6607019789555193,1.6224299809952996,3.1894771081784947,3.9637274916236174,2.5610329431401704,0.9799654499999999,4.077692891001323,3.9089374747418146,4.10416390327159,4.095939136954289,4.412128666916217,1.857690695673122,0.9799654499999999,0.9799654499999999
6982,5.738461538461538,3.8603719278484094,3.8603719278484094,1.6009765235761724,3.8194071249407733,4.542754609762553,2.678544618796473,3.477869496855346,4.212763292984869,4.102175427703102,4.24672096355172,4.239434574551504,4.412128666916217,1.8471787097845107,0.9247315,0.9247315
6983,5.738461538461538,5.61726542401381,5.61726542401381,2.3919288824499207,4.054290293081545,4.488601877225962,2.8001191032724413,1.2237489,4.688948979510014,5.712409222962588,4.73711456930312,4.727595564034103,4.443285077810059,1.4578053876514079,1.2237489,1.2237489
6984,4.989130434782608,6.683621042198826,6.683621042198826,2.3132355680083827,4.153771345232342,4.387206798565447,3.458981489832237,1.1462928999999997,5.693827003895789,5.816535597255813,5.74322157568687,5.735648211712694,4.4822445437303315,1.6852201973079386,1.1462928999999997,1.1462928999999997
6985,5.05,5.021778319255577,5.021778319255577,5.076653628648856,5.325874252164059,5.141766035666723,5.834671390083178,5.0102863,6.556514590492268,3.969733049981263,6.57020977287581,6.503787646276782,5.5183278253642065,5.235121902524874,5.0102863,5.0102863
6986,6.546666666666665,4.680497176084063,4.680497176084063,5.02319065760777,5.7149610979640375,5.757494658402898,5.917497542098912,4.725159642401018,6.876643604786855,4.030382791256601,6.9201487388257,4.817613340468,4.868571928499488,5.127086088726879,4.8169379999999995,4.8169379999999995
6987,5.773333333333332,5.324911510703183,5.324911510703183,5.645821521883954,5.518676323973886,5.227316135710291,6.270346092397869,5.864932118655155,6.536746807169552,3.6930219115226195,6.54442132626001,6.374018595963751,6.078165459543998,6.066970761518176,5.876789,5.876789
6988,6.508333333333331,5.470651961638777,5.470651961638777,5.294060719967302,5.070515159673157,4.808610346183041,5.703235236678277,5.4486870000000005,5.978584517653777,4.082536887585846,5.99081192969411,5.4486387069985485,5.358471642911263,5.470086527722722,5.4486870000000005,5.4486870000000005
6989,6.761666666666668,5.441608233830111,5.441608233830111,5.451552682220518,5.026591406800872,4.710374943965571,5.819906812490667,5.83251,5.7442225298130065,3.7888689833040123,5.74022945009775,5.838568633732612,6.012092589621482,5.913951454279381,5.83251,5.83251
6990,5.856666666666667,5.632019697632462,5.632019697632462,5.513519163452691,5.173946816484741,4.9114669715070605,5.8702831557813235,6.010524,5.640502138158828,3.7517606039407636,5.625658642416589,6.01561829724803,6.187691167450531,6.123952917197057,6.010524,6.010524
6991,5.300000000000002,5.232258207141856,5.232258207141856,5.295140791382155,5.816695276410973,5.964849765262424,5.102895568470382,5.2569184,5.0272084524489795,3.9941761158477602,5.0228136927626394,5.256736877908039,5.150035991355195,5.169025923745646,5.2569184,5.2569184
6992,3.503333333333333,4.821817877004944,4.821817877004944,4.895462164799805,5.282046322975154,5.358734755171281,4.785749084195913,4.572192014654816,4.753781493693159,4.013908764751434,4.75167331565017,4.867329391817305,4.8161181053748905,4.815047665665932,4.8685265,4.8685265
6993,2.1416666666666666,3.2830878726022266,3.2830878726022266,3.391330124587835,3.509638846725032,3.460257032816327,4.08134714470446,3.4379693999999996,4.460902824827022,3.8305824437835803,4.49164825820249,3.4380440826378518,3.324124170604729,3.7605806940212196,3.4379693999999996,3.4379693999999996
6994,3.0333333333333337,2.102085491339319,2.102085491339319,2.618149883048403,2.7636163534765474,2.639932918186576,3.512573461181021,2.4816914,4.211732978930262,4.067768164277132,4.30698291833511,2.4817541166181245,2.446746678014841,2.8424351840375053,2.4816914,2.4816914
6995,4.123333333333333,3.304303124761481,3.304303124761481,3.0515968487106693,3.0272830161586297,2.8244446122146236,3.9493652364397325,3.095503,4.4121758671018565,4.012012613705919,4.5123254197547595,3.0995908498820004,3.1862501936441374,3.4833452160420104,3.095503,3.095503
6996,4.018333333333334,4.183973673853944,4.183973673853944,3.937047480472671,3.7241964696921137,3.6583688670539676,4.438166975482625,4.172738,4.586931070590423,4.044774192977433,4.611571742905349,4.173939816497451,4.25244370101919,4.314933092712611,4.172738,4.172738
6997,4.069999999999999,3.940827080755115,3.940827080755115,3.9616245972060455,3.9126830137338087,3.9472497464141583,4.0960177604729635,4.0129895,4.2010040580596515,3.8770915735664326,4.2235849575375894,4.012905928192571,3.9228222749450765,4.006984398901509,4.0129895,4.0129895
6998,3.953333333333334,3.9177645724382972,3.9177645724382972,3.849115563668507,3.691460847596227,3.696864770674408,4.024514360176862,3.985873591952814,4.068840547623174,3.84032368515932,4.07708319144072,3.9605796720476563,3.975569480949256,3.998293138366982,3.9605894,3.9605894
6999,3.953333333333334,3.8740339229916048,3.8740339229916048,3.860126384423736,3.9549277103783864,3.961695819227905,3.8499069181602543,3.8252094,3.885101307519962,3.9289439662291015,3.89467704752502,3.8252263908365642,3.8067204192459942,3.8021186308260315,3.8252094,3.8252094
7000,4.770731707317075,1.2583677027766527,1.2583677027766527,1.9608874729296661,3.54276890079936,3.68290861729677,2.7061781766470725,0.2824875207986688,3.937867536377779,4.45268439007609,4.27009861716901,0.9898361263506983,1.7406155493667388,1.2676127750696127,0.99026287,0.99026287
7001,4.186666666666666,3.8314944992649123,3.8314944992649123,4.352818685208138,3.7690665540721007,3.73548321197003,4.658343837601528,4.738329,4.571722906283485,3.999426968156281,4.55954453691837,4.559403852102045,4.874930257219049,4.779108330156664,4.738329,4.738329
7002,4.716666666666667,3.911875925294038,3.911875925294038,3.7294424418597405,2.943590938799484,2.9578789814294897,4.498229783292376,4.1281147,4.683066592985646,3.484238727080209,4.6981099479718305,4.128083809016128,4.109355530394852,4.406592750803459,4.1281147,4.1281147
7003,4.386666666666667,4.452685034337382,4.452685034337382,4.167919042900171,3.6202256180139907,3.607590743092393,4.495736882277262,4.551313400000001,4.378579138104522,3.8188851217375483,4.36403064670049,4.55279013348676,4.364337198184405,4.660505387443706,4.551313400000001,4.551313400000001
7004,3.8866666666666676,4.418167552671665,4.418167552671665,3.5244767728949005,2.6598148469612974,2.8497039892998886,4.670530562163968,4.3536589999999995,4.626262362296297,3.389250499376532,4.614810927155,4.354024160781358,4.448652285620625,4.86805622105307,4.3536589999999995,4.3536589999999995
7005,4.24,4.452383061126842,4.452383061126842,4.177146220878011,5.124838593560854,5.293419810481494,4.993348821054727,4.275955000000001,5.39464392276891,4.1204072068712865,5.44193015082098,4.275992139566832,4.271541531986972,4.633134747186138,4.275955000000001,4.275955000000001
7006,4.221666666666667,4.98176092363114,4.98176092363114,4.475098782398903,4.578380879091046,4.738868275633047,5.931025118746513,4.9150849999999995,6.499423705109136,4.422225103992591,6.600795191076419,4.915175476102456,4.96013671108943,5.391031955445907,4.9150849999999995,4.9150849999999995
7007,4.301694915254235,4.868293463414152,4.868293463414152,5.645734466804491,6.970929305650124,6.836401910345222,6.049917847163142,5.0688667,6.746249909549368,5.323196967316027,7.06066926337844,5.068675255133391,4.889784320050362,5.02512178041158,5.0688667,5.0688667
7008,5.301666666666666,4.999861617405692,4.999861617405692,5.552269053835085,6.855142585201138,6.643285019301084,6.123916015894954,4.9535849999999995,6.515519108948363,5.175310264806158,7.238083300864108,4.953143221283361,4.859739335831961,5.04096397630901,4.9535849999999995,4.9535849999999995
7009,4.786666666666667,5.477859629662086,5.477859629662086,5.598325292521888,6.455307845279513,6.266839547757833,6.238469501534702,5.5462112,6.139875116736192,4.600016311245984,6.742116277026498,5.6237473355947465,5.435594658584717,5.800766209164537,5.5462112,5.5462112
7010,4.085,4.771067549611953,4.771067549611953,4.991534415462262,6.24408411615693,6.1448852274407635,5.548638399772278,4.818844,5.187617465419221,4.084290906365082,6.024864328247951,4.81894413563939,4.757602862018005,5.177036482112905,4.818844,4.818844
7011,3.93,4.127227727299144,4.127227727299144,4.240866005175941,4.707576991184663,4.6203242616428835,5.050229291015924,4.186730945821854,4.492519718916437,4.167898501803718,5.679778019542198,4.1160210789141045,3.978449755191878,4.5068465022805855,4.1153936,4.1153936
7012,3.8133333333333335,4.044657813894347,4.044657813894347,4.012608841805772,4.1005364868380365,4.007569103491772,4.9277747492905375,3.989788,4.310803270380402,4.231423570707902,5.531484697786276,3.9912889932561013,3.97191078501136,4.384887794707882,3.989788,3.989788
7013,3.9183333333333343,4.038342071040004,4.038342071040004,4.1059545099170744,4.294815004523871,4.222484569822231,5.124686499050744,4.0603147,4.25866107934719,4.368926727303456,5.874538064006206,4.0606960537697905,3.952330432259933,4.445622084805194,4.0603147,4.0603147
7014,3.3483333333333336,4.126852902717878,4.126852902717878,4.35779445697279,4.8726682548613205,4.794592829328071,5.44568670054988,4.1460752,4.23856857384887,4.52593204003324,6.450156246713137,4.146416426013383,4.130587938665621,4.5323587576342454,4.1460752,4.1460752
7015,4.316666666666667,3.0773113519414568,3.0773113519414568,3.554813577203963,4.142697450260509,4.181175250419513,5.645771713606207,3.9128639457994465,3.759618104336834,4.2244248678418295,7.2636765998358435,3.3599892217518166,3.428814176936678,4.277746697094736,3.3566504,3.3566504
7016,4.883333333333332,4.653675777886401,4.653675777886401,4.521274368126849,5.115955556041576,4.964619953852628,5.815415205750078,4.186730945821854,4.449463025467178,4.457114554540472,6.9548607059367775,4.716439260715438,4.208912768219832,4.863644911724906,4.2998962,4.2998962
7017,4.478333333333335,4.969347105608849,4.969347105608849,5.116454482359721,5.608683420792586,5.412852893397426,5.88173301111601,4.878328,4.903419082415135,4.593710660788922,6.711039412486752,4.906648521443425,4.769523124243976,5.173632851141975,4.878328,4.878328
7018,4.173333333333333,4.577378105733718,4.577378105733718,4.6770079977950525,4.936996840583147,4.8325627377795275,5.589642368479017,4.5538287,4.652665281309125,4.422080748043962,6.425615529554369,4.554854487386011,4.288086183151027,4.910979480964194,4.5538287,4.5538287
7019,4.465000000000001,4.411644676204977,4.411644676204977,4.540428689842328,4.9346690463564205,4.8231953777809595,5.434962569126421,4.3725357,4.413338752931029,4.40676760564975,6.322439960889806,4.37330186521893,4.307666535902454,4.738126206587033,4.3725357,4.3725357
7020,5.081666666666668,4.705369070512227,4.705369070512227,4.766288127660255,4.953025658609004,4.846184486360995,5.452144507371806,4.669071700000001,4.667655295730784,4.418520779079836,6.178564674503399,4.669626653155495,4.634301781654184,4.887290914535255,4.669071700000001,4.669071700000001
7021,4.403333333333334,5.107404110294313,5.107404110294313,5.214122873622595,5.365779335874899,5.27775601289472,5.542030356936549,6.01090144666679,5.060702827570608,4.453901048302227,6.010901406024885,5.163068172880835,4.8940350115277065,5.1804904984735405,5.1646605,5.1646605
7022,4.36,4.576791424808883,4.576791424808883,4.63605182120524,4.9330655284672185,4.827636530548292,5.338822887458306,4.687217933220787,4.550563371883369,4.411383345207453,6.081742791645713,4.577703101878724,4.282300484601275,4.788294966473887,4.577738,4.577738
7023,3.9583333333333335,4.863821058182203,4.863821058182203,5.087077334277773,5.600157324048437,5.445196560006783,5.502894046491253,4.757922,4.601846915000057,4.734078287370384,6.334881173891724,4.757647461779488,4.649972706559259,4.848366140660998,4.757922,4.757922
7024,5.304999999999999,4.718423419952144,4.718423419952144,4.945511532017236,5.401641815438236,5.275348426321527,5.901476410018138,4.780506,4.672885091993397,4.7774056016741,7.1872549587861165,4.779924633518072,4.638251476973912,4.97753448508478,4.780506,4.780506
7025,7.199999999999999,5.419204559667834,5.419204559667834,5.310925635995354,5.12240243426852,5.005071227857094,6.698193695230826,5.5900655,5.7925370274683825,4.496945794995726,7.672897190679791,5.663684167004079,5.4874655603525,6.066459803232087,5.5900655,5.5900655
7026,7.554999999999998,6.181234345072895,6.181234345072895,6.790024166580951,6.421523989413762,6.232314997884227,7.121152834552424,6.9424565134147365,6.832359351589066,4.9004366904425325,7.394779694290419,7.002664007296276,6.998290187312804,6.904858992539749,6.842646,6.842646
7027,7.7183333333333355,6.478479151599476,6.478479151599476,6.615055429378383,5.781589176932779,5.782414624790618,7.147519756786599,6.989901,7.242767879192435,4.943622033032057,7.210483347014211,6.996953511687813,6.879244971436253,7.117144472009645,6.989901,6.989901
7028,7.229999999999999,6.529652567402622,6.529652567402622,6.784890847126118,5.889795916572206,5.946326826626965,7.139521569469811,7.1498637,7.353422084060611,5.414009056599625,7.080988058324195,7.152729085138766,7.0508187342899475,7.1778856408344325,7.1498637,7.1498637
7029,7.341666666666667,6.659123659310183,6.659123659310183,6.573801987551029,5.976233113824001,5.921560703290987,6.979229171659409,6.7898726,6.865370908045325,5.811918032079946,7.075548410090105,6.790528193525499,6.71958467678972,6.895014827107916,6.7898726,6.7898726
7030,7.643333333333334,6.517555230964061,6.517555230964061,6.661598946927878,6.303690280655029,6.314132494423307,7.159578814976122,6.7659054,6.900973696767769,6.196184016404365,7.410388550522791,6.768326014349224,6.716770628131178,6.956910087712085,6.7659054,6.7659054
7031,7.088333333333333,6.739944217668773,6.739944217668773,7.002407761552556,6.708697471469142,6.840828179113426,7.7452258942801855,7.204802000000001,7.39219358826549,6.974592281478095,8.225506195146547,7.2212143002260545,7.034363911002442,7.391864718138126,7.204802000000001,7.204802000000001
7032,7.336666666666667,6.926315429472187,6.926315429472187,7.018125242346862,7.54791508306554,7.523422460429464,8.25458638424367,6.894437299999999,6.94995262112093,7.418474013683618,9.5018733419981,6.894932607249517,6.726175563208854,7.325135471785449,6.894437299999999,6.894437299999999
7033,6.855000000000001,7.052049592384538,7.052049592384538,7.252051770209977,7.783448753097845,7.740316766918713,8.314355790387818,7.0572853,7.04201828064763,7.569865081130528,9.520546736827612,7.0939082374786775,6.76308563867597,7.3942761953647,7.0572853,7.0572853
7034,6.494999999999998,6.634787479643928,6.634787479643928,6.687397556672085,7.333382524068465,7.32859951929081,7.993273038698766,6.625960000000001,6.68134019798316,6.6287481454683395,9.27275470877489,6.630432011186634,6.437951018028983,7.095353482430796,6.625960000000001,6.625960000000001
7035,6.971666666666666,6.467553021759137,6.467553021759137,6.543839824198929,7.102271083183729,7.032248155812248,7.533595123257818,6.470826672793279,6.269775036454516,6.56081643987594,8.774118631387195,6.329836515757726,6.206442422756116,6.647593771129332,6.324640799999999,6.324640799999999
7036,5.9816666666666665,6.60905770781404,6.60905770781404,6.755774035421863,6.9097158101075795,6.8665132483121125,7.58221037955599,6.822043400000001,6.7573427304227724,6.812127052986428,8.4021193093307,6.874741079656632,6.553597995700866,7.0242081059995645,6.822043400000001,6.822043400000001
7037,5.713333333333334,6.24124072193651,6.24124072193651,6.515710120817057,7.330335779571975,7.260727019483243,7.083659988448632,6.269888,6.01317766543577,6.236634735282478,8.281255448024169,6.269403842939596,6.01730990916659,6.3717958071942205,6.269888,6.269888
7038,6.041666666666666,6.155928491815689,6.155928491815689,6.191748868359812,6.67587309139514,6.5715306932017405,6.880000858661783,5.480881047492226,5.804290577208704,6.017433773402048,8.227658549565794,5.92815558092259,5.644034342924054,6.161794269347936,5.927675,5.927675
7039,6.163333333333333,6.0851360920642765,6.0851360920642765,6.099761119696377,6.240182666748377,6.182022209137433,6.806371706050735,6.021771671134937,6.102751800767897,5.744792351822025,7.774511351297761,6.108585026320252,5.83215044346808,6.377232632011728,6.1052527,6.1052527
7040,6.440000000000001,6.185438361170236,6.185438361170236,6.303492980160888,6.505315977561764,6.436686704009523,6.648586388390869,6.2190437,6.122149341735065,5.953491770071867,7.448199912733582,6.218699628947182,6.0579572235192565,6.326057763233395,6.2190437,6.2190437
7041,6.77,6.248285884432978,6.248285884432978,6.277212162965012,6.23909673131045,6.200975373782169,6.652285114709352,6.2407392999999995,6.260060022392868,6.17924790144001,7.336046108947645,6.243626664307638,6.076592737652765,6.403924660570935,6.2407392999999995,6.2407392999999995
7042,5.993333333333334,5.896987932541896,5.896987932541896,5.953036499415304,5.826414550950474,5.9084325161600475,6.797277652005139,6.193571599999999,6.5131138684543854,6.021033676701396,7.335213261561931,6.204539438376996,6.121822806639271,6.663969554311421,6.193571599999999,6.193571599999999
7043,4.885000000000002,6.244343793279449,6.244343793279449,6.257618690014836,6.50825219301348,6.452183774262821,6.529461617270208,6.180240599999999,6.074598083391857,6.388301043699733,7.4254836378227616,6.179993942801443,6.050812131265758,6.298597526578172,6.180240599999999,6.180240599999999
7044,6.284999999999998,5.146169876737913,5.146169876737913,5.58435145671295,6.376790976656372,6.289921792677067,5.857076125854439,5.124329599999999,5.103737295243779,5.955228608331775,7.199524056844844,5.124482420829603,4.874040103690449,5.486850920904695,5.124329599999999,5.124329599999999
7045,4.513333333333333,6.313288933060093,6.313288933060093,6.526016137097755,6.453129023998576,6.373797886271493,6.768710102503027,6.4871435,6.396235189113508,6.857942092457144,7.501251159287419,6.937178628151091,6.65986777837884,6.591337035919658,6.4871435,6.4871435
7046,6.123333333333333,4.490119054735059,4.490119054735059,5.380348773847709,6.3998567096163095,6.316261634158898,5.513389895825954,4.905864,4.856719747268723,5.631555786992106,5.723979445252688,4.905858439433872,4.7576223475983985,5.280291430609013,4.905864,4.905864
7047,5.400000000000002,6.148716768246958,6.148716768246958,6.3954147799180365,6.189068093344778,6.101547950599928,6.426961405445935,6.389551,6.24838077288474,6.328255742576557,6.459401023426562,6.638066029811604,6.426126450576146,6.369874723029097,6.389551,6.389551
7048,5.518333333333333,5.993719585966734,5.993719585966734,6.032559485376586,6.1213118176289925,6.063799992228448,5.791849490492081,5.8784847000000005,5.667023995267284,5.623228207732714,5.846171839047883,5.8783035715946435,5.688472683178469,5.7502772955688215,5.8784847000000005,5.8784847000000005
7049,6.723333333333333,6.425172065818477,6.425172065818477,6.564780519678017,6.465057516238147,6.283572635358043,5.917666027871964,6.3414297,5.860942178682009,6.046637471430572,6.000042235457677,6.339680544764729,6.2288835294914335,5.899442870329016,6.3414297,6.3414297
7050,6.6783333333333355,6.561011808315532,6.561011808315532,6.7020739055962375,6.024345919130335,5.9837327975070895,6.621434059304568,6.911952499999999,6.7100929872121,6.030254948800334,6.629009854326187,6.89787860089303,6.71262938833871,6.62638260498021,6.911952499999999,6.911952499999999
7051,7.171666666666666,6.652985661460427,6.652985661460427,6.452538097000131,5.898870329395693,5.9358012737929045,6.54417750518647,6.6743417,6.607827799765316,6.042122851055968,6.5500647635293525,6.674096755083934,6.418268449015356,6.538263000263388,6.6743417,6.6743417
7052,7.441666666666666,6.69364241597251,6.69364241597251,6.794422519967595,6.095845183450736,6.136285188696176,6.7786619193109185,6.9430559999999995,6.938470061571769,6.652709872766124,6.8988751186172514,6.943817839907156,6.7256823894828885,6.770390497105359,6.9430559999999995,6.9430559999999995
7053,6.203333333333333,6.906449523409243,6.906449523409243,7.094346555805719,6.4875455869211995,6.552801935336589,6.911468327138497,7.141230999999999,7.109651561954686,7.218215907038314,7.111128721704588,7.141599216374145,7.036291279765632,6.8934186048226955,7.141230999999999,7.141230999999999
7054,6.155000000000002,6.463030832461065,6.463030832461065,6.18337018254808,6.087302056771728,6.124350825198906,6.330986393363415,6.2515410000000005,6.2643162308850755,6.333871963180268,6.337009239713733,6.251516838667403,6.092206063860749,6.3541584656825565,6.2515410000000005,6.2515410000000005
7055,6.36,6.270970669053979,6.270970669053979,6.249893892079619,6.2009966700428265,6.212989618538035,6.380069072377379,6.306124700000001,6.258592461196249,6.5502582989344065,6.341342277239333,6.306010036408612,6.269495388184277,6.428035280959444,6.306124700000001,6.306124700000001
7056,5.963333333333333,6.435856447393652,6.435856447393652,6.540910625782368,6.589279880040431,6.5743594299810235,6.3741057024079355,6.391596043233919,6.2983251276995835,6.86933310764193,6.43631147614577,6.402402232446795,6.25532278065551,6.4468885473733595,6.402701400000001,6.402701400000001
7057,6.6850000000000005,6.222211208753764,6.222211208753764,6.25438084892692,6.416883907787273,6.3961295749318925,6.189698509065563,6.1868153,6.0333653913343,6.433041388102163,6.104653359845785,6.186369955310823,6.049054674955984,6.2954221703203785,6.1868153,6.1868153
7058,5.688333333333332,6.2080370464025565,6.2080370464025565,6.3357179277415065,6.177585662893591,6.230424027171178,6.656090062237054,6.473395026678757,6.512616432367404,6.506169565665476,6.501449621414723,6.531914241780804,6.387397913259652,6.725345985882747,6.5250793,6.5250793
7059,5.491666666666666,5.7879885623938545,5.7879885623938545,5.901337083311584,6.19148295753158,6.171922647668245,5.72284315200939,5.480881047492226,5.610366118274328,5.9304360885834155,5.680529639985261,5.718400127810067,5.581731126483939,5.832365602751723,5.7185225,5.7185225
7060,6.019999999999998,5.528419977567763,5.528419977567763,5.529378509333257,5.594062716902435,5.58519186551386,5.595420341440391,5.5195584,5.467834211799272,5.476423172045418,5.466614977155255,5.5193430725016634,5.36025196675839,5.684128945512167,5.5195584,5.5195584
7061,5.986666666666665,5.633654741782603,5.633654741782603,5.645971698295768,5.3444729314185775,5.382765338132411,5.95635049313533,5.939398409119647,5.872644678572177,5.513454290119698,5.826670714979715,5.858926233347459,5.714446640490337,5.9889293245916,5.8578234,5.8578234
7062,5.766666666666667,5.618928636520327,5.618928636520327,5.5320140796236394,5.280562296399591,5.340122589945869,5.9275792366124564,5.7479057000000005,5.856814193354033,5.542122960762066,5.817625589700151,5.748196809387623,5.590954898819181,5.958730803140965,5.7479057000000005,5.7479057000000005
7063,5.545,5.675166235950401,5.675166235950401,5.6379217931428025,5.4785289076262425,5.515895297636448,5.75527615557,5.393044788975024,5.73494363491079,5.836514271685651,5.754781620157508,5.620259379598558,5.4672697533875905,5.814969421820517,5.6199255,5.6199255
7064,5.963333333333333,5.517999781730412,5.517999781730412,5.560549652002658,5.601733566310896,5.637782771286053,5.660483585517958,5.683325095114915,5.6106479720917095,5.611883049964689,5.638996432546148,5.512309819437232,5.380393131857201,5.733496662698263,5.5120263,5.5120263
7065,5.961666666666665,5.758220386543564,5.758220386543564,5.765888541277522,5.451487012290656,5.493208305104965,6.051295283095795,6.1367130332111515,5.97836191240988,5.917722713937004,5.937752539764793,5.94819913254749,5.882530723390983,6.090959300747506,5.9462066,5.9462066
7066,6.933333333333334,5.802437623999442,5.802437623999442,5.7532368815445025,5.618428434235147,5.667956519311381,6.020561146933931,5.87911,5.945028043606078,5.864101871689486,5.925836959830225,5.879237771073585,5.700078234010429,6.07006373141815,5.87911,5.87911
7067,6.651666666666668,5.953697801629771,5.953697801629771,6.181267948477645,5.624089545463868,5.735836795002089,6.629584447730739,6.4934,6.6271055083444335,6.326505154210871,6.585454519158027,6.506878873916419,6.541665129855845,6.622831042514317,6.4934,6.4934
7068,7.214999999999998,6.203684476287808,6.203684476287808,6.086657895456441,5.692348611101516,5.7415587947361235,6.359608017072854,6.2105785837651135,6.336697087274423,6.264355672217414,6.32637594047711,6.300862721996971,6.290412259128419,6.347037791330278,6.300582,6.300582
7069,7.138333333333333,6.269553601181055,6.269553601181055,6.422835130804472,5.855110224908151,5.949600974613178,6.542186816712437,6.5725336,6.649077660241771,6.676777035137989,6.685988999448119,6.579959189138258,6.4951940690417835,6.489647780833666,6.5725336,6.5725336
7070,7.6049999999999995,6.298205567272418,6.298205567272418,6.36220987048746,5.836787104519864,6.000757611680196,6.421898191150152,6.5260115,6.54704031514631,6.672619414740238,6.582538123191844,6.527420679554462,6.499923386362967,6.349450220058593,6.5260115,6.5260115
7071,6.9833333333333325,5.838063564773129,5.838063564773129,5.990921683222525,4.563315183931107,4.864920229882056,6.8349070197022055,6.7365960000000005,6.987089360407424,6.7663736486947474,6.895874585877706,6.758154560724557,6.8909144053902125,6.703527260147504,6.7365960000000005,6.7365960000000005
7072,4.449999999999999,6.011093639372707,6.011093639372707,5.990359594108545,5.544095661239216,5.808562015026751,6.461685020092785,6.338441400000001,6.554963821118295,6.638167198417948,6.561046499635742,6.339003045357419,6.301547561770217,6.392654915892738,6.338441400000001,6.338441400000001
7073,2.979999999999999,5.125374140551681,5.125374140551681,5.035525233683428,4.996644837095778,5.116043813394124,4.674249266271914,4.8975782,4.721662264184748,5.115884354949477,4.808607461953484,4.897501488738401,4.746662137823049,4.689573955622687,4.8975782,4.8975782
7074,3.4416666666666673,3.3855510212305417,3.3855510212305417,3.79000393860215,4.12228722778058,4.10717896785799,3.4768497853885467,3.5294144,3.507914658122405,3.7257325140316944,3.582307672182,3.529384329493516,3.4238058791682358,3.5209988972961086,3.5294144,3.5294144
7075,3.118333333333333,3.87978972484515,3.87978972484515,3.824534734026539,3.547172054599458,3.6266850013174885,3.822820549926882,3.8410828,3.8990590802753906,3.9459102933134473,3.9035087255479466,3.8412755858493144,3.7843762854069447,3.83200907578255,3.8410828,3.8410828
7076,3.9099999999999984,4.002148685465954,4.002148685465954,4.047445691487262,4.314173543489626,4.173921020811706,4.198263117367888,4.102133,3.97448644875138,4.493899970231288,3.932258713502949,4.102064360936957,3.9238686741400675,4.284633835839603,4.102133,4.102133
7077,4.168333333333333,4.992270997728675,4.992270997728675,4.786134652315904,4.750894970125734,4.576551287078095,4.989976507453752,5.0014257,4.732848938794655,5.385271765434231,4.641737018395949,5.000871756153775,4.988726133644763,5.041625023439187,5.0014257,5.0014257
7078,5.530000000000001,4.62768887576864,4.62768887576864,4.492727315489846,4.877710331919375,4.749863079369097,4.916594183456444,4.6336765,4.662983723374163,5.01982290413604,4.603311146027837,4.633720806173179,4.738823728380436,4.992267723331869,4.6336765,4.6336765
7079,4.873333333333331,5.459910752227214,5.459910752227214,5.462141109150255,5.596026602978658,5.5883315338556425,5.80393608364725,5.611783,5.669260856587817,6.195223072011104,5.5956253525144595,5.617456808211319,5.619401242222148,5.8511410326664866,5.611783,5.611783
7080,5.966666666666665,4.827070262110937,4.827070262110937,5.309048009007313,6.155493716302342,6.081489469123477,5.02669120866435,4.9073257,4.977786079491336,5.833035714148396,5.051569978828438,4.907328716384049,4.775124020268084,5.1746949017947355,4.9073257,4.9073257
7081,5.508333333333331,5.457061108452429,5.457061108452429,5.623823224384513,5.499998996057656,5.53314693894662,5.975237219215317,5.815462,5.841906691782869,6.299388396793193,5.795689285029676,6.198577806287528,5.694866287738909,6.035142487634147,5.815462,5.815462
7082,6.264999999999998,5.566712673570864,5.566712673570864,5.7876847173449235,6.182670179540326,6.1527531278744245,5.672435096480558,5.6061387,5.51782197929425,6.352652799749894,5.544450579685777,5.606015604515319,5.5229640856585664,5.814255450372537,5.6061387,5.6061387
7083,6.045000000000001,6.029705453732065,6.029705453732065,6.124861910824478,6.053169386120468,6.079038940068402,6.212336193568242,6.165056,6.118480846728973,6.708232938167641,6.091830825942344,6.226226875212589,6.092593287082247,6.295827158069851,6.165056,6.165056
7084,5.526666666666666,5.983838074645286,5.983838074645286,5.880060214440263,5.6528196031229445,5.703019412309534,6.0210853888336064,6.657676506442599,5.9002441851808705,6.1017164416026715,5.881154024897578,6.01315250739786,5.836673884191251,6.071288508504189,6.0133944,6.0133944
7085,5.934999999999999,5.627127209330887,5.627127209330887,5.450011432554987,5.26884460747919,5.303481566056043,5.554191340139098,5.617906111666186,5.472689059703664,5.560869358161506,5.445959586511944,5.537257320315478,5.3555331942128355,5.601990353784287,5.537289599999999,5.537289599999999
7086,5.616666666666665,5.669523381651435,5.669523381651435,5.634383480890521,5.450376134204458,5.548783499243695,5.771462695113499,5.7401056,5.748007022941726,5.687123960809934,5.71977870635945,5.740659589019675,5.639385616583847,5.777486656742514,5.7401056,5.7401056
7087,4.609999999999999,5.536918610689868,5.536918610689868,5.368132837810764,4.928601035669205,5.060623762311835,5.422392250870246,5.4859905,5.493328714562348,5.366324436174418,5.484465182780182,5.486025663525781,5.2586413046277585,5.414499335151389,5.4859905,5.4859905
7088,2.3883333333333336,4.776496639136746,4.776496639136746,4.831959510028397,5.137155158527505,5.121292495550922,4.862118354953657,4.7271547,4.834827719147016,4.977475902491447,4.830567739559932,4.727210130434747,4.6137360086023005,4.918178140521242,4.7271547,4.7271547
7089,3.2983333333333333,2.2574680713947344,2.2574680713947344,3.7212391725317273,4.793737434322691,4.586492691958693,3.159083770200768,3.062219,3.1550481614832844,4.260420009339235,3.191883231002884,3.0622300555346427,3.1309551254547863,3.31796502566029,3.062219,3.062219
7090,4.026666666666667,3.892431594640393,3.892431594640393,3.8690071598540268,4.150970230521244,4.026516299717286,3.863474999929897,3.7001135,3.8603592806103713,4.2983330250368565,3.818482412579233,3.755668470473347,3.673140274814802,3.949034020676849,3.7001135,3.7001135
7091,4.569999999999999,4.4451709102327435,4.4451709102327435,4.489214853606249,4.5547311521100795,4.535083037368578,4.439665495733912,4.389537581171104,4.411628314857376,4.5917327977721,4.401615624985615,4.419880328429047,4.332050422549229,4.474542463384849,4.4196253,4.4196253
7092,3.868333333333334,4.7971648921770615,4.7971648921770615,4.831344812662166,4.851852426545435,4.878813008559371,4.791972236702278,4.787458999999999,4.798666767129052,4.76217434911149,4.801765612767435,4.787551084240961,4.647096313157895,4.807259052494758,4.787458999999999,4.787458999999999
7093,5.213333333333335,4.226129565455164,4.226129565455164,4.511418625070481,4.830146089657085,4.772913328048873,4.189605980605108,4.1867980000000005,4.256723187198759,4.618320498557381,4.26911270505579,4.186820465532532,4.102314332793083,4.248468047229442,4.1867980000000005,4.1867980000000005
7094,5.033333333333334,5.3614450920364565,5.3614450920364565,5.627514044909732,5.251665182408193,5.379656496074263,5.258300431827816,5.55238,5.302395069972031,5.3949120142286855,5.327268143758313,5.467359332884999,5.5296954664685805,5.248836163140513,5.55238,5.55238
7095,5.746666666666665,5.539139250893671,5.539139250893671,5.311278488727712,4.698465997800735,4.810969925718011,5.252754389414873,5.180141592698142,5.150389679450781,5.183833771523843,5.17564800807199,5.489269935447754,5.287321559343736,5.266048760863331,5.4895167,5.4895167
7096,6.486666666666667,5.742741656641379,5.742741656641379,5.916815271723985,5.5511367769654,5.692847653037692,5.648137794220571,5.9016385,5.651440022304506,5.680347824238241,5.703713809625069,5.899865807745284,5.693458278831994,5.661362003461743,5.9016385,5.9016385
7097,5.804999999999997,6.194466160613998,6.194466160613998,6.435533983320633,6.080355654001368,6.246488856931204,6.214121307136942,6.4114428,6.2698251062963735,6.26601060686167,6.31049492567578,6.407068880489621,6.3077788476668015,6.2240359109505885,6.4114428,6.4114428
7098,5.821666666666664,6.134391936521429,6.134391936521429,6.204854896988932,6.261822122421945,6.372754108166862,5.834366110917832,6.0580635,5.7701070822156035,5.768645691639519,5.873045706150625,6.057735383518869,5.814524900427704,5.8613106011568235,6.0580635,6.0580635
7099,5.855000000000001,5.907616202571246,5.907616202571246,5.815188182771966,5.672205099440734,5.73227215497505,5.851692195205982,5.8635880623676755,5.8121301529730465,5.584512919156184,5.815736214329121,5.859046649696053,5.725470635792325,5.867896621470994,5.8591237000000005,5.8591237000000005
7100,6.2,5.551527166109983,5.551527166109983,5.407612689352849,5.413271853097357,5.419160565053978,5.822610598613451,5.5704970000000005,5.77590702847734,5.285557798190787,5.724891918447642,5.571075602061661,5.528024681860589,5.827337243962175,5.5704970000000005,5.5704970000000005
7101,5.775000000000002,5.641663560153477,5.641663560153477,5.555774452332963,5.0474671376283595,5.170894829584439,6.1045212813526355,5.946111,6.086545880395709,5.584215046068242,6.023942571025959,5.94859313066942,5.8723497568579095,6.082999790729028,5.946111,5.946111
7102,5.5233333333333325,5.576291064170327,5.576291064170327,5.444836784854896,5.183827290590753,5.2623392908691695,5.617226645069912,5.554422,5.674291366506945,5.511245041713709,5.643868386632201,5.554542793490619,5.484251715610453,5.625844672634941,5.554422,5.554422
7103,5.629999999999999,5.42370828646797,5.42370828646797,5.406888123185204,5.377058203746998,5.400195445784986,5.56627629125384,5.4535017,5.53726802685653,5.594098477278736,5.505354804773827,5.453686347609001,5.39765521595147,5.605011425871375,5.4535017,5.4535017
7104,5.295000000000001,5.544561313738976,5.544561313738976,5.6156687604526265,5.753923054357321,5.751631285462957,5.69953350663982,5.708997367928093,5.632578031638899,5.894103793596809,5.603761139385093,5.568072236878295,5.506233295412072,5.7655311615948435,5.567705,5.567705
7105,5.364999999999998,5.519624105756205,5.519624105756205,5.805067275821599,6.485132784277616,6.391525503611402,5.615959370402408,5.4710884,5.446323477773065,6.011599302133661,5.466875148447292,5.471080248060121,5.346825977471948,5.7335881606182815,5.4710884,5.4710884
7106,5.37,5.571503446151492,5.571503446151492,5.673777619748767,6.124168687080699,6.019966634691023,5.723040339633277,5.5413765999999995,5.482796874957124,5.829375259398734,5.48640370393833,5.54356339587354,5.378074863200044,5.835029384899845,5.5413765999999995,5.5413765999999995
7107,6.301666666666665,5.319787992011411,5.319787992011411,5.324822643868108,5.5931637900043345,5.509123425809289,5.5760108347788195,5.345124,5.368390463365876,5.30361674043087,5.345873552221452,5.346487897433732,5.213024725475278,5.654587414116435,5.345124,5.345124
7108,5.38,5.826969986060034,5.826969986060034,5.90981713080939,5.585605405667567,5.688127906808459,6.165382546190356,6.0669613,6.08830133934195,5.845613989517648,6.041929524594174,6.104115294157297,5.953492119914213,6.198829878422574,6.0669613,6.0669613
7109,5.221666666666668,5.597744941032114,5.597744941032114,5.602252708389937,5.687633343494044,5.69915668451503,5.5826071308225735,5.5631876,5.404092704527,5.399956618108345,5.428632071194356,5.563092106360456,5.463144037599385,5.642600940791675,5.5631876,5.5631876
7110,5.116666666666666,5.4436430362746835,5.4436430362746835,5.487641009974829,5.603584734653314,5.61993885731299,5.4472293898444235,5.391102,5.256764924925292,5.377114017040178,5.265318001795197,5.390779412323504,5.177122599522401,5.508273468840807,5.391102,5.391102
7111,4.931666666666667,5.279124454424128,5.279124454424128,5.323554920485531,5.515641142483366,5.48072606263084,5.385893574246284,5.2667470000000005,5.170012825344965,5.165342319367825,5.167783761985149,5.266573971984647,5.1276627199205205,5.4460055335141115,5.2667470000000005,5.2667470000000005
7112,4.640000000000001,5.104271586708057,5.104271586708057,5.186723787659924,5.412218687789978,5.3212353210570695,5.198289512537201,5.0903480000000005,5.073245394443115,5.030634819740552,5.076495825166363,5.090306186004105,4.885708636667118,5.262515250915961,5.0903480000000005,5.0903480000000005
7113,3.5783333333333327,4.97349611875399,4.97349611875399,5.100683992332764,5.400191778452426,5.325619529058628,4.997886820108926,4.901822599999999,4.874642724803108,4.910447895154447,4.884845931646677,4.901805363413445,4.741663837775226,5.0646190309529615,4.901822599999999,4.901822599999999
7114,3.4166666666666656,3.9444073925440866,3.9444073925440866,4.3192581645588515,4.904571420717297,4.648772701239912,4.268473535715827,4.105681,4.076671751379997,4.471273652720834,4.0828114552737915,4.105641496560608,3.9858326543591005,4.363506401385217,4.105681,4.105681
7115,3.5483333333333325,3.7531713914396976,3.7531713914396976,3.8706976870754537,4.352746489372488,4.081132571127769,4.059198488902523,3.8310168,3.8760819388548025,4.075191059249242,3.8487338125372004,3.831423050672558,3.7959740841995933,4.131833372745795,3.8310168,3.8310168
7116,3.5316666666666663,3.9244742653065727,3.9244742653065727,4.069088525801601,4.439284463504583,4.3047371309174896,3.9753368986052813,3.6614009009009,3.9066689932221976,4.135511396395899,3.9153938628015093,3.8768033742083428,3.7512382037042378,4.026600960975685,3.8766055,3.8766055
7117,5.471666666666663,3.8886007466148387,3.8886007466148387,4.053176629217658,4.408703857162335,4.2782112975535,3.9566988743334055,3.8667769999999995,3.8909256653498314,4.106423628388708,3.9013833171576278,3.8668631014467234,3.6888388179881484,4.006108954922462,3.8667769999999995,3.8667769999999995
7118,5.175,5.189312335998994,5.189312335998994,5.481820346250291,4.586948315784041,4.947615224828104,5.371738108617777,5.598856400000001,5.436623361123784,4.80756677424718,5.439685810045728,5.269116376053814,5.6349339810632495,5.3474519179530695,5.598856400000001,5.598856400000001
7119,5.9250000000000025,5.44933447788187,5.44933447788187,5.482065200160909,5.2478136664525055,5.500066935573488,5.125977804164452,5.3377075,5.167478160067367,4.762552193714225,5.22563507628204,5.337504234870634,5.143516599510627,5.122008908070374,5.3377075,5.3377075
7120,6.270000000000004,5.58277729317822,5.58277729317822,5.651498824031472,4.9927433323843715,5.374452344915778,5.446437099238745,5.667026,5.641800604629225,4.88601409330273,5.669219494267138,5.662867011317925,5.466365585495998,5.4073681702750465,5.667026,5.667026
7121,5.690000000000001,5.862776338577397,5.862776338577397,6.034924521629581,5.448922710919437,5.853796961727008,5.6765999988420575,5.9936266,5.922886827071327,5.159531185078928,5.985167549369493,5.984492139733968,5.8974941856124605,5.638522167923571,5.9936266,5.9936266
7122,5.71,5.506368408659444,5.506368408659444,5.438722134671605,5.26670157668571,5.471538557745586,5.301730652150965,5.398839,5.490347275755809,4.854033713859588,5.519227476697303,5.398753669001727,5.133784475071232,5.27692437277841,5.398839,5.398839
7123,5.0566666666666675,5.056101654956674,5.056101654956674,5.009318640520018,4.946706270635797,5.06110331056386,5.186655847304742,5.10575,5.415748953221669,4.5582070323297526,5.403102727256782,5.109028757926464,4.9999501796341725,5.146471831517163,5.10575,5.10575
7124,3.8660714285714284,4.547326145380013,4.547326145380013,4.394157937813521,4.3542745651832915,4.4104544707744635,4.666754610232393,4.5442944,4.860417751603535,4.120931590897921,4.828148647959614,4.544999218912194,4.259554229091515,4.625225465906649,4.5442944,4.5442944
7125,3.8660714285714284,4.049403427345712,4.049403427345712,4.046891537286385,4.08205251439776,4.055201721432108,3.94956488969315,4.1213797692983665,4.041511477384969,3.9356873886475845,4.05715740849403,3.992003815103049,3.8886072728139407,3.948637941282061,3.9920406,3.9920406
7126,4.794594594594594,1.9737203625361222,1.9737203625361222,2.555468345052146,4.210619165814035,3.808989946595337,2.1235070331713564,2.051646,1.5148405876245197,2.752235227228414,1.6572564693772875,2.0496644825295656,2.0606239010120504,2.2299151978086784,2.051646,2.051646
7127,4.898333333333334,4.696480394909148,4.696480394909148,4.619230354068742,4.123774191502306,4.393169468628791,5.20447127148522,4.96333,5.039841687818729,4.69080765638276,5.095988106821268,4.936514222421733,5.236089478574469,5.188795304122773,4.96333,4.96333
7128,4.346666666666665,4.441825343589063,4.441825343589063,5.0514798515693045,5.890691150500704,5.762306610654474,4.762240794648103,4.689973999999999,4.760673793412262,4.630578085979654,4.705896273146093,4.689826373785944,4.719061271633853,4.800252353359602,4.689973999999999,4.689973999999999
7129,4.896666666666667,4.41896526899966,4.41896526899966,4.541525903007116,5.481017129499872,5.153801579964178,4.427629756440034,4.20569,4.336668357824056,4.352824523232501,4.227943608678452,4.210239614813327,4.132440654908765,4.482589348423334,4.20569,4.20569
7130,5.121428571428572,4.776901508010315,4.776901508010315,4.752099071384122,4.795153921752596,4.758789928874061,4.890586678591928,4.7407392999999995,4.819643791565975,4.781979598100241,4.7445481465705335,4.938373364714483,4.745427437861659,4.921792498429929,4.7407392999999995,4.7407392999999995
7131,5.121428571428572,4.73136430248076,4.73136430248076,4.846157856790447,5.029120575916004,5.01645216839839,4.87149229354031,4.776426940639272,4.874654015958814,4.55236650827535,4.826978227562307,4.802863152620655,4.719135625913966,4.874683076651309,4.8027034,4.8027034
7132,5.121428571428572,2.420375699324866,2.420375699324866,2.8968509200814707,4.0304374149933695,3.812479682005954,1.3776125685678724,1.7635947,1.206974248629339,3.4339685811380782,1.6277745468847575,1.7583315309552634,2.0317889095848765,1.494808960326678,1.7635947,1.7635947
7133,5.121428571428572,4.131188222152122,4.131188222152122,1.9082194633544365,3.3003645505491566,2.9024699994058167,1.2258819689228568,1.0812981000000002,1.088008706954661,2.938064508022177,1.080947938967444,3.877980186686914,3.742723144266094,1.2962831490186586,1.0812981000000002,1.0812981000000002
7134,5.276923076923078,4.527977463552659,4.527977463552659,2.001064056156281,3.76675076493061,3.396112361619209,1.1232246115005355,1.0020090000000001,1.0709881072901917,3.021241171200099,1.3559871344068615,3.742164646550102,4.203825820580102,1.1571567260459585,1.0020090000000001,1.0020090000000001
7135,5.478333333333334,3.0574481383902636,3.0574481383902636,4.752944388599186,3.6211010601474682,3.8418316771408803,4.817292834447185,5.643589743589742,4.821632758740539,4.013093975359922,3.4641395043493786,3.420048602035734,5.724909389796897,4.819298367857353,5.205763,5.205763
7136,3.7349999999999994,4.187194552077009,4.187194552077009,4.341044157418494,3.8198994322850104,3.785449351343874,4.376354314388883,4.6470175000000005,4.650826057772447,3.3950272716309535,2.5928431363436943,4.640391369787107,4.89906878127812,4.373410990034041,4.6470175000000005,4.6470175000000005
7137,4.749999999999999,3.361117629365169,3.361117629365169,3.3278231919078762,3.2655334208574227,3.173537590959735,3.1899367429546985,3.3666983,3.37688140411476,3.0643830641913476,2.2637237123163905,3.366361459416287,3.3466536669980806,3.187054346746387,3.3666983,3.3666983
7138,4.736666666666667,3.660800255711118,3.660800255711118,3.7672732330810135,2.2295646604046926,2.6349279421946212,4.18177648040649,4.402340000000001,4.375032543603233,3.6959951953369377,2.9856361118394195,4.417441560733325,4.51053376028827,4.166945762079792,4.402340000000001,4.402340000000001
7139,5.238333333333332,4.222491975718208,4.222491975718208,3.8173331603043743,3.187359038833841,3.2443945044541485,3.9318486714096514,4.151771,4.234755149653152,3.3295350108986526,3.664082735298211,4.1514620909904645,4.227753298759133,3.909882903490312,4.151771,4.151771
7140,4.595,4.087825767784405,4.087825767784405,4.122715537243972,3.0888576686094797,3.3347068287211044,4.273242273419004,4.548432,4.665718461964299,3.6404076009875777,4.493258988469245,4.560637262459821,4.463373580113305,4.228633818151514,4.548432,4.548432
7141,2.458333333333334,4.118663467174601,4.118663467174601,3.8029347878375006,3.213133584143891,3.2991758273868528,3.8826494461501624,4.152599299999999,4.204884035621738,3.3295046237307355,4.143359142107009,4.151300200098847,4.253749598430975,3.8350699143270472,4.152599299999999,4.152599299999999
7142,2.368333333333333,2.0945340248155153,2.0945340248155153,2.513467057996877,2.994526858879034,2.6981808547310964,2.2454143892973337,2.3210735000000002,2.4827067094154396,2.5207316157192423,2.3351543912121056,2.3209242751813504,2.3558388963130854,2.2306725384357025,2.3210735000000002,2.3210735000000002
7143,2.2966666666666673,2.3588750145229156,2.3588750145229156,2.254254952542076,2.204147852419836,2.2862380946579117,2.301207212258432,2.1879772727272697,2.5124643241977402,2.708106993267446,2.284838372480708,2.2727509707327584,2.2116294150894698,2.2821391108076945,2.2670279,2.2670279
7144,1.7350000000000005,1.9143111829135508,1.9143111829135508,1.8914738539057883,2.3167338574776934,1.9946181969937444,2.073364156586254,1.8769981,2.305227014568025,2.1395240305207723,1.9159556431097757,1.8778096490285296,1.8697696071015177,2.0604492774957692,1.8769981,1.8769981
7145,0.9683333333333335,1.7677898853702807,1.7677898853702807,1.8315197731553055,2.352204793757457,2.066881457580931,1.8287381883734437,1.9196021815848543,1.969205205907443,2.047051575703521,1.7107779182164404,1.6848365774960916,1.631423596343557,1.8218770708914933,1.6845523999999998,1.6845523999999998
7146,2.0816666666666666,1.8650502549868362,1.8650502549868362,2.2539574880343505,2.243421403453789,2.6319050405745528,1.8489973281625212,1.9680345777960377,1.8339401513856723,2.6426623901420982,2.0119076254823716,2.0247226569772874,1.9061566639920071,1.849350324979959,2.024844,2.024844
7147,1.798333333333333,2.4753731992937027,2.4753731992937027,2.477671611755052,2.7922333655047282,2.6835575102821494,2.557353993418667,2.4290547,2.4861917037259005,2.684212062423345,2.4341796240729976,2.4293578338871837,2.477588807822321,2.5640093377868753,2.4290547,2.4290547
7148,2.1583333333333337,2.2808711358796874,2.2808711358796874,2.5180526786751116,2.8860685436322666,2.803580895487489,2.6034706789387214,2.4498963,2.4280736959186466,2.806075967353557,2.4504250925779307,2.4499080582390977,2.3564583257824454,2.619719320978029,2.4498963,2.4498963
7149,2.641666666666667,2.7217744883230868,2.7217744883230868,2.98873347555945,3.230537218148715,3.3588450702132624,2.8001908141498584,2.738911,2.743298152340172,3.062787170238019,2.7433213192791683,2.738915806345174,2.7135789952163307,2.8086983797561844,2.738911,2.738911
7150,3.211666666666667,2.7877977173838975,2.7877977173838975,2.83364186232025,3.1255190385381018,2.908566676776848,3.0099762151293348,2.8360324788032942,2.9423636496677705,2.829086321148898,2.844111873963823,2.83598285696913,2.7286630886488927,3.0174258852307485,2.8356689999999998,2.8356689999999998
7151,2.755,3.070758955052722,3.070758955052722,2.9795705547659432,3.0146649554503915,2.8832882216335074,3.135271026614582,3.2690741614577044,3.188770003072395,2.9511769477699956,3.0628227349447825,3.054721266062762,3.002525348356488,3.130316572689651,3.0534133999999997,3.0534133999999997
7152,1.9200000000000004,2.3958371942988004,2.3958371942988004,2.4189595972813347,2.592968349427835,2.2955549731011606,2.56661546904264,2.4914273999999996,2.635922941196898,2.1459747602417654,2.501617302864758,2.4913749589943386,2.3459518023168258,2.562883414778446,2.4914273999999996,2.4914273999999996
7153,1.7999999999999996,1.4531196219314264,1.4531196219314264,1.6686065590207297,1.76497031560546,1.839901032583515,1.657985918287186,1.9196021815848543,1.7085384878923922,1.266437523434699,1.5783566696385232,1.5678153731651756,1.567387699150805,1.6545074953706607,1.5678078000000002,1.5678078000000002
7154,1.075,1.4189981432416885,1.4189981432416885,1.32087253328304,1.433484354374805,1.2000281075670638,1.4638751019639469,1.5311067999999999,1.5178423976745496,1.2338700606308466,1.5233039670030242,1.530706897494491,1.4034185003656883,1.4524688463207953,1.5311067999999999,1.5311067999999999
7155,0.59,0.7254784552142044,0.7254784552142044,0.7371696081534118,0.9682195371406404,0.7510333508314311,0.9912536092817708,1.1939203354297687,1.00434533611576,0.8201370767577929,0.8321776438184143,0.8217134935634975,0.9191208080577891,0.98809194646552,0.8214363499999999,0.8214363499999999
7156,1.806666666666667,1.105491873807781,1.105491873807781,1.103910691016893,1.389778361876556,1.1588735959576528,1.0305148390983994,1.1607021,1.0059356945620923,1.256262901725235,1.144810615060781,1.1607247591198089,0.9191208080577891,1.0276936084683186,1.1607021,1.1607021
7157,3.171666666666667,2.489148990240548,2.489148990240548,2.2919771478893223,2.331890629837173,2.424817539001139,1.8657704855219883,2.041830015216978,2.0421872362229796,2.257868254006704,2.1950063531030386,2.205954568227523,2.6480002561284786,1.849298841158105,2.2082338,2.2082338
7158,3.3566666666666674,3.35474667466096,3.35474667466096,3.179530817523812,3.0554132053428638,3.0045171463355973,2.84124133340353,3.35941,3.1572066274603774,3.041591896431112,3.3440670892225706,3.3333592035686586,3.7015506934715847,2.8074957433363164,3.35941,3.35941
7159,2.9533333333333327,3.2417110080431284,3.2417110080431284,3.2034199614011967,2.9792788405954043,3.072913170759655,2.639488330030572,3.2515829,3.033456721790102,2.657382971463194,3.2404179887287348,3.2450524003727175,3.24066591605433,2.5941874966017258,3.2515829,3.2515829
7160,1.5450000000000002,2.8110544035895746,2.8110544035895746,2.872469150429949,2.6744872877841113,2.7556660382763685,2.5078534696926873,2.9664679,2.824000341426419,2.560347871756638,2.9586844659719524,2.957259746114187,2.8829791351528793,2.460544676734095,2.9664679,2.9664679
7161,1.9683333333333333,1.626056227940722,1.626056227940722,1.8907014122656618,1.9465068153227938,1.9442806433777868,1.6888849837924487,1.8734808999999997,1.830947042076999,2.04132942036038,1.8706987772284915,1.8733951292244515,1.8730880295371068,1.6705928645142372,1.8734808999999997,1.8734808999999997
7162,2.733333333333334,2.453579269649476,2.453579269649476,2.139012609706284,2.260754943124656,2.1001779367560136,2.088567326625769,2.258666,2.332492942357289,2.6155257422312825,2.260888361561251,2.2621466274426894,2.2540930859347226,2.0638398876592055,2.258666,2.258666
7163,4.263333333333333,3.145740399244134,3.145740399244134,2.896020980127271,2.8646188981663205,2.8747889086238514,2.578834037153883,2.9523919,2.8579118644798784,2.9620418148253034,2.944104043454425,2.9526245686051453,2.920427583637584,2.549038806201766,2.9523919,2.9523919
7164,4.165000000000002,3.951123181626357,3.951123181626357,3.8100661847823547,3.645359994040419,3.3616974668927533,3.6781023470223757,3.7491317963355164,4.069379344249634,3.644477505161433,4.224213298455311,4.205737753612827,4.107497714044769,3.6229107394957363,4.239643599999999,4.239643599999999
7165,4.470000000000001,4.161807465762963,4.161807465762963,3.6730410577224952,3.460579087074145,3.24166927329879,3.5002096641072624,4.014327,3.82019707112198,3.360761635801775,4.000075434966699,4.011988387174439,4.06401028004891,3.439667745334001,4.014327,4.014327
7166,4.278333333333334,4.079671653602073,4.079671653602073,4.009154200207433,3.7816610295965774,3.7283063951062836,3.588928615722076,4.23921,4.003823095382785,3.5688151928440273,4.224793032206325,4.208627865645139,4.201672161712894,3.5009765319557595,4.23921,4.23921
7167,4.3999999999999995,3.7279487213222002,3.7279487213222002,3.378615203824251,3.220802469215374,2.8943956855219968,3.4906068350229846,3.8210072999999998,3.7705378915907466,3.237810770989713,3.816636847492073,3.816012101598962,3.8259394006984655,3.3977513019670766,3.8210072999999998,3.8210072999999998
7168,3.6283333333333316,3.5119582632150883,3.5119582632150883,3.207232184994747,3.0720866051977653,2.6451890629171975,3.59579557082209,3.6479353999999997,3.7749136299661274,3.1870400343067486,3.6544302254822867,3.657057300368946,3.7422135124609444,3.506119938745665,3.6479353999999997,3.6479353999999997
7169,2.736666666666667,2.552733705196588,2.552733705196588,2.238613942731705,2.153039474156733,1.5342819178384453,2.846041165957084,2.74816111566762,2.887284822563504,2.3046553543513744,2.6635897018583625,2.64976183150079,2.69547583623185,2.7616559452647493,2.6492484,2.6492484
7170,1.97,1.8368058742013982,1.8368058742013982,1.6752644161402794,1.6807846898454057,1.3666432409427571,2.237358576226524,1.9073863,2.2214756692272877,2.1351483797032675,1.9254710834573858,1.9097786058715103,1.9031027900555346,2.179815701754615,1.9073863,1.9073863
7171,2.523333333333334,2.691137550633379,2.691137550633379,2.711121474269391,2.845415378056747,2.9480619905489327,2.490531561167198,2.7356502999999996,2.5841451183465742,3.182324631800645,2.7263380828111394,2.735239817538541,2.659765755949863,2.468027414188933,2.7356502999999996,2.7356502999999996
7172,4.21,3.3158726648116055,3.3158726648116055,3.1283525514449,3.2616722913187717,3.19161649403373,3.1221952990507376,3.2272532000000003,3.149680002147173,3.4892955673546355,3.2214511671051906,3.227257060204502,3.204605450658677,3.118047684097276,3.2272532000000003,3.2272532000000003
7173,6.37,4.62151091696386,4.62151091696386,4.428298182987991,4.488550328543175,4.472383230059299,4.361076006161414,4.509815000000001,4.491977160095731,4.437664038495491,4.508226901004224,4.513975341953888,4.479733359677628,4.343509475766701,4.509815000000001,4.509815000000001
7174,5.288333333333335,5.4266892015697925,5.4266892015697925,5.9292399147300685,5.838384416685151,5.2641467939894495,6.370303008892524,6.656451,6.413563108796109,5.386529595941636,6.64052223588005,6.526599407545356,6.813726563929255,6.313974568081491,6.656451,6.656451
7175,5.175000000000001,5.116280071847067,5.116280071847067,5.184188036865462,5.014651769599617,5.166347426638293,5.17955179603603,5.1413093,5.052408176088709,4.738232317893239,5.132995241066319,5.1412629154515,5.035163129886867,5.208345874831169,5.1413093,5.1413093
7176,5.131666666666666,4.878810115592513,4.878810115592513,5.024767204072726,4.928604614541249,4.856835172805638,4.937228454914452,4.599742268041239,4.8446912149835715,4.715994767482548,4.936334210088928,4.9444517759272,5.016385926316598,4.978595142497177,4.945037,4.945037
7177,2.9283333333333323,4.413524041828715,4.413524041828715,4.2693744319755895,4.272825869948972,3.863705274970665,4.7864263811923955,4.53823,4.65684335845539,4.358856880929953,4.546820557260508,4.541732677336949,4.415736272481242,4.815285380602441,4.53823,4.53823
7178,2.2100000000000004,1.8654415607404928,1.8654415607404928,2.5303082219229314,2.4410088647814363,2.4429612092253894,2.8894510228383337,2.4527617000000004,2.560957087044897,2.7627198855616837,2.4608468307493103,2.4528311590699845,2.396120680895143,2.9541994108718623,2.4527617000000004,2.4527617000000004
7179,2.3733333333333326,2.4155954541925913,2.4155954541925913,2.626538482847159,2.7130416350763094,2.8693697734553196,2.462239615008023,2.4702945,2.3664381198703506,2.906856624214754,2.461500066952971,2.469190901965793,2.3680861167941973,2.4966593460744635,2.4702945,2.4702945
7180,2.633333333333334,2.853536329811112,2.853536329811112,3.0579963392528904,3.1990857777908004,3.4406068379549932,2.711663084182725,2.7850053,2.6950309990420322,3.255156054101062,2.7778752557725257,2.7844859848139603,2.7077390977286147,2.749327045018075,2.7850053,2.7850053
7181,2.501666666666666,2.745910857717427,2.745910857717427,2.6101413024522913,2.7990357160374533,2.764071853395751,2.7776917543865833,2.6307914,2.7596897282491004,2.971347897904913,2.6406108584383867,2.6312865879713723,2.682577798791546,2.7875372875415643,2.6307914,2.6307914
7182,1.8516666666666672,2.4144268250291034,2.4144268250291034,2.4253042860870453,2.5261994198190054,2.5011931080158254,2.5976133627965092,2.4439592,2.5255147518831746,2.640183922755237,2.449667497557484,2.4441002035418498,2.4054830585500264,2.60605601344554,2.4439592,2.4439592
7183,1.733333333333333,1.7369830675667077,1.7369830675667077,2.12194263542321,2.2621554652779534,2.3923311774166134,2.0911517704142804,1.9072405000000001,1.9989573669357688,2.235554323724532,1.9143039120270238,1.9073196729726938,1.9153221645253946,2.120226559692364,1.9072405000000001,1.9072405000000001
7184,1.7633333333333339,2.146200100443952,2.146200100443952,2.4040505155057854,2.519499319228549,2.785255792353052,2.0954550251014084,2.1162486,2.0843052952906334,2.3066575355157193,2.1143254843046577,2.1161179099611473,2.150628587008657,2.1147907741523193,2.1162486,2.1162486
7185,2.0299999999999994,2.0665757834857095,2.0665757834857095,2.345662610123072,2.4364600862800794,2.6721435657686285,2.0809817601633736,2.0712223,2.080233067520533,2.126721420934962,2.072629120291736,2.0712248979159793,1.94158420066853,2.092687113802495,2.0712223,2.0712223
7186,2.3400000000000003,2.393764846849474,2.393764846849474,2.4145128486880107,2.475923830349429,2.4696384396778126,2.4268112965902207,2.5036547212741747,2.4029492249886704,2.3554385009369256,2.3814417034172686,2.380092560754803,2.4086902257019647,2.430804240106453,2.3799433999999997,2.3799433999999997
7187,2.9200000000000004,2.5489001466625067,2.5489001466625067,2.5285201390965115,2.6113503251408687,2.596685986639974,2.482463651850485,2.4881849999999996,2.5406339629576795,2.4467861660025694,2.492531949575409,2.48836121151491,2.4238592444132525,2.4719885010353932,2.4881849999999996,2.4881849999999996
7188,3.0533333333333346,3.163150265477305,3.163150265477305,3.0824447311704697,3.1480337086351824,3.0781244391704,2.9292267682101,3.0875826,3.0783411760938075,3.0569102292455668,3.0876172737567984,3.0877279771014914,3.0283996531599153,2.9083981302478152,3.0875826,3.0875826
7189,2.634999999999999,3.228827004801766,3.228827004801766,3.2542724742346048,3.312877836174378,3.4111484904811564,3.156133536630623,3.1712842,3.1892634227305026,3.200473669500342,3.173070808456255,3.1713859887848055,3.2040854642601895,3.1507617032052466,3.1712842,3.1712842
7190,2.136666666666667,2.7992148977512277,2.7992148977512277,3.0314018364854434,3.118516919258524,3.261109375661647,3.033936333408348,2.8624456,2.9322799476270696,3.043274142582091,2.8677505975261828,2.8625407654491846,2.864301278001004,3.0554724279940673,2.8624456,2.8624456
7191,2.1566666666666667,2.4304294909709476,2.4304294909709476,2.8792454303678765,2.9748258197262465,3.1296455591189485,2.7341644493145223,2.604967,2.6154550840977846,2.8458647846062566,2.6059083318010394,2.6049599183101204,2.542348084494333,2.7716786726269387,2.604967,2.604967
7192,2.176666666666667,2.7305581989663885,2.7305581989663885,3.0095308115074073,3.1371002311815204,3.306759761749946,2.709843454021721,2.674205125635897,2.684702065298227,2.9010488687040934,2.7497294320917636,2.7542613115730723,2.633555472649536,2.7347666623177322,2.7546935,2.7546935
7193,3.2550000000000003,2.808627067329621,2.808627067329621,3.225638909098426,3.3137276052500835,3.5990759735554216,2.708969324936467,2.8893602,2.733098392759599,2.955726310746561,2.877443070245962,2.888983881335072,2.6788622367454353,2.7292945600775287,2.8893602,2.8893602
7194,3.488333333333334,3.5986869244382556,3.5986869244382556,3.594109373129204,3.6819346532233497,3.731611520409646,3.3297956113985787,3.509812,3.4578472686530017,3.481835621681158,3.506677206567568,3.504761734587799,3.58527425918777,3.3146161053931946,3.509812,3.509812
7195,3.7150000000000003,3.6024500238670027,3.6024500238670027,3.574396455649297,3.7107130795737233,3.752886799250047,3.4149396673698917,3.5206134,3.549269003666592,3.41319875780887,3.523858867551486,3.5207761332854672,3.4273658267790084,3.3854350981244683,3.5206134,3.5206134
7196,6.430000000000003,4.565142598104591,4.565142598104591,4.62885971874187,5.027900825479715,5.172404273827981,4.048520803639516,4.5302696,4.303277698208556,4.515018520134897,4.513227782826226,4.5272924283102585,4.209570067784632,4.011165351955395,4.5302696,4.5302696
7197,7.278333333333332,5.8835272513023344,5.8835272513023344,6.548859615064773,6.569995215424374,6.2984968299526045,6.618608261769547,7.223673,6.891621887281104,7.103965738130892,7.212092541574446,6.976673372941528,7.277931519925959,6.55730374361586,7.223673,7.223673
7198,8.113333333333332,7.4568522601405185,7.4568522601405185,6.9944623257352845,6.968369611477667,6.875215060056506,7.076423619316534,7.393524000000001,7.241598886027749,7.410016231695783,7.389150521901112,7.391920324021788,7.698193642200252,7.042577635958189,7.393524000000001,7.393524000000001
7199,8.094999999999999,6.9205192774245745,6.9205192774245745,7.1355413653993915,6.967551079905913,6.869154333983647,7.367878455215114,7.504218999999999,7.462236761506281,7.890379502355122,7.502893871657168,7.497825053984846,7.718855207573158,7.333961462831589,7.504218999999999,7.504218999999999
7200,6.473333333333334,6.510114624700746,6.510114624700746,6.645545166990084,6.3767787074906925,6.2480754536015,7.125081765285359,6.898580920916583,7.126812369505402,7.391233855777405,7.136357598417958,7.131495614251271,7.371568679506192,7.093863085845257,7.1374949999999995,7.1374949999999995
7201,6.084999999999999,5.323143544235171,5.323143544235171,5.148472560787624,4.702234744550108,4.644209382857135,5.663149635811594,5.367566,5.44144383513394,5.299488123290796,5.368329838489414,5.3675984604753,5.182295199603455,5.682187022975216,5.367566,5.367566
7202,5.091666666666665,4.504672413760979,4.504672413760979,4.530664112772699,4.132532781371587,3.9788005289541424,5.23305580084602,5.5831669439822535,4.989498139815725,4.836782879868168,4.827360988975712,4.840576876951022,4.87618719227158,5.244350689227083,4.8236294,4.8236294
7203,3.511666666666667,3.858823213214841,3.858823213214841,3.7747588984582072,3.544689874082664,3.404818724319721,4.579733437607385,4.019177399999999,4.226187777911773,4.069399751650748,4.024065861764289,4.020754497083771,3.97169075510355,4.611223287459151,4.019177399999999,4.019177399999999
7204,2.9749999999999996,3.05837792311256,3.05837792311256,3.1171977837828075,2.9961623959337356,2.9521257231775904,3.55797580354394,3.2048737999999997,3.2786259250079826,3.210932100193274,3.2061884444970197,3.205077018685457,3.1156263910023174,3.603904687454697,3.2048737999999997,3.2048737999999997
7205,2.1999999999999997,2.681957192910472,2.681957192910472,2.798289217023954,2.7380645945626814,2.725934097220944,3.0388658976291834,3.098758865248227,2.835700827799045,2.71361109512098,2.7926421766577683,2.7921839589054724,2.674465969553629,3.0788018230207843,2.7919521,2.7919521
7206,1.9083333333333328,1.9365941463379652,1.9365941463379652,2.221698708394041,2.083364410618528,2.080669293505224,2.3671649131120582,2.1486707000000003,2.1861797997879266,1.9252181489536013,2.1492187794587534,2.148798372489618,2.1400516361675166,2.4124880934679966,2.1486707000000003,2.1486707000000003
7207,1.8749999999999998,1.8012878060700115,1.8012878060700115,2.0321391722361195,1.9691386664178712,2.0007473309643453,2.0503432162726467,1.7977290000000004,1.8826353910973324,1.632359236926376,1.7997144492842363,1.7982128120204588,1.86539753203913,2.110668311298949,1.7977290000000004,1.7977290000000004
7208,1.9566666666666668,1.892621198217516,1.892621198217516,1.9917064230381414,1.928891186389713,1.9447374032614717,2.0096913822103595,1.7775723,1.8602062258679235,1.615876174825135,1.7794351042338068,1.779013871857933,1.8562443640516924,2.050246751748011,1.7775723,1.7775723
7209,2.296666666666666,2.269115400479989,2.269115400479989,2.3656957076232823,2.3920748873293123,2.4611724682107106,2.1694105564460573,2.061357,2.115474577222267,2.1137720678242244,2.0628400970991123,2.062327774929388,2.0016687463233014,2.2183454043896127,2.061357,2.061357
7210,2.4416666666666673,2.78054414410159,2.78054414410159,2.872665530704806,2.841906538926401,2.942256371831277,2.6672538727688893,2.609012,2.6226780025755936,2.7227154240773555,2.609428664117605,2.6096834380684992,2.573356615010721,2.731928951916533,2.609012,2.609012
7211,2.8299999999999996,2.6803400865638487,2.6803400865638487,2.8186201010808407,2.637904936175694,2.6840228240207638,2.7508562529193137,2.7766852878724078,2.6796948522910817,2.6727289078332888,2.649509471720227,2.6490158924397678,2.6129861969994925,2.8062995525279875,2.648719,2.648719
7212,3.238333333333333,3.0451013328268033,3.0451013328268033,3.085141295640474,3.1784887515635885,3.2213255788155184,3.010297477738102,2.913278,2.948307064942167,2.963295279065083,2.914293028702431,2.9141000386181437,2.917354730974133,3.0418462934876684,2.913278,2.913278
7213,3.0416666666666665,3.322674633732919,3.322674633732919,3.3360014704419325,3.3168212963142962,3.325378600525848,3.2979535653555434,3.2693833999999997,3.2816631403464,3.2784353679243967,3.2697721549949548,3.269673890563337,3.1893726270012923,3.311228629923664,3.2693833999999997,3.2693833999999997
7214,2.7099999999999995,3.15534460916411,3.15534460916411,3.264802184534984,3.3515080019009176,3.40119683282557,3.1422750528333796,3.126967250036736,3.138047639991136,3.121128314585294,3.1515403672685025,3.1519031604997334,2.9745620821308063,3.1532061129052966,3.1519504,3.1519504
7215,2.5933333333333337,2.846688919407847,2.846688919407847,2.9953956332146174,3.103244108756362,3.1198417094614697,2.78653708657007,2.8356318,2.842435521760888,2.7881871827394336,2.8362055625617217,2.8356421468919146,2.654784559265951,2.788290021098062,2.8356318,2.8356318
7216,2.3966666666666665,2.994892816771635,2.994892816771635,3.1851255939833676,3.325853924058869,3.4031662296189995,2.838712246193551,2.9511902,2.9222732927315214,2.9290763037317897,2.9507802629951674,2.9510858377201723,2.828170235900922,2.8522547984240822,2.9511902,2.9511902
7217,3.533333333333334,2.95882225961981,2.95882225961981,3.2597089336127123,3.3961042516635436,3.492339191020987,2.7268594823631704,2.961552,2.888760496630358,2.9093401431505677,2.9600733521849008,2.961363433682437,2.766498353014004,2.7424926941655703,2.961552,2.961552
7218,3.2933333333333326,3.563789764669658,3.563789764669658,3.4328862876077966,3.5179886092473067,3.4050397346948498,3.46162829294765,3.4389129,3.5202554628849487,3.3961946347163803,3.4419382765008057,3.4451026880853126,3.6303945829737563,3.4198251620398237,3.4389129,3.4389129
7219,4.133333333333334,3.1083067126125323,3.1083067126125323,3.1204517160268366,2.9253304783686036,2.863516857111931,3.2814893803633955,3.0955114,3.2236839657349465,2.9822586629771046,3.0989321596436206,3.09605900685058,3.0090926577064776,3.2546175837718043,3.0955114,3.0955114
7220,6.655,4.824645612271492,4.824645612271492,5.078672953916348,5.4295382692548655,5.329700211417614,4.3821983962061495,4.999208,4.859145659459557,5.18415652951294,4.996251116136143,4.966613055421804,4.809647188252499,4.325332906917322,4.999208,4.999208
7221,7.218333333333333,6.262726773212772,6.262726773212772,6.978270244887442,7.409677705732252,7.156693830365739,6.920749448700156,7.5947137,7.342422933189633,7.712618648638575,7.585439800555077,7.39350163343881,7.379239434899604,6.797163744646023,7.5947137,7.5947137
7222,6.763333333333335,7.615247624002617,7.615247624002617,7.348343711570206,7.992997854145521,8.229149260160181,6.817542496641832,7.27009,7.124533712719834,7.348734079426839,7.2634557633652985,7.269087186064741,7.308828693970426,6.7500689985804705,7.27009,7.27009
7223,6.415000000000001,6.9530418276828065,6.9530418276828065,6.708142075414407,6.884836382206748,6.9905806362066905,6.442435023572077,6.712937400000001,6.589358639256831,6.500853966758477,6.705239762015414,6.712058979967367,6.514889095698635,6.417126000153525,6.712937400000001,6.712937400000001
7224,6.198333333333334,5.91556249311351,5.91556249311351,5.782640845731041,5.589349177138321,5.6475912353571145,5.891145678541175,5.888292,5.870354769524225,5.654345154549879,5.885288918520838,5.888059589093806,5.733675576683616,5.881393459105729,5.888292,5.888292
7225,4.866666666666668,5.314736805204987,5.314736805204987,5.342297377351769,5.199629235324585,5.207054843754051,5.480976670541734,5.4598107,5.475567891319733,5.373804237501564,5.459649068849695,5.459807357119378,5.387011755217415,5.458715615350714,5.4598107,5.4598107
7226,4.2683333333333335,3.9042222594581975,3.9042222594581975,3.842878042474761,3.3683385594821904,3.4056775759534093,4.162954772740368,3.9124155,4.015030163493835,3.8216373774224683,3.9163691632659683,3.912569086944791,3.7043095081779494,4.178297881188794,3.9124155,3.9124155
7227,3.109999999999999,3.2530649364328625,3.2530649364328625,3.1599162595824426,2.9363140213518113,2.9077295603058397,3.7014130380680337,3.687092968017681,3.4047439756749767,3.197558379050975,3.215646636893362,3.211083870603315,3.2138833904662096,3.7180892883233887,3.2050407,3.2050407
7228,2.5150000000000006,2.4241738490842626,2.4241738490842626,2.4432847118551946,2.1886597698283947,2.20134529067298,2.934898607599264,2.4956765,2.6174244660101014,2.488128442396487,2.499930987178574,2.49626207083734,2.45417127127831,2.9712670912621566,2.4956765,2.4956765
7229,1.7549999999999997,2.179172133544245,2.179172133544245,2.2388753542606485,2.11001058483527,2.129732737860344,2.491686596472965,2.2225764,2.287370777977539,2.247379779040581,2.2245614230464117,2.223113212489846,2.183360491505299,2.519021716665735,2.2225764,2.2225764
7230,1.7116666666666671,1.6035557504206,1.6035557504206,1.929170115893991,1.87100196199182,1.960679685581856,1.8589544594562895,1.6473415821812223,1.754177863674124,1.717816242264664,1.7522425180644383,1.7536876736226548,1.7846870341836518,1.8833332459030605,1.7536445999999999,1.7536445999999999
7231,1.8133333333333335,1.6515548000962177,1.6515548000962177,1.6882369110143234,1.6491646010681387,1.6152848067496066,1.7718369839571744,1.6620384000000001,1.6957473816271702,1.5372840410741215,1.6630712232881586,1.6623780426579273,1.6704151935293803,1.7576988849609272,1.6620384000000001,1.6620384000000001
7232,1.573333333333334,1.7595592812480954,1.7595592812480954,1.7321803845234416,1.718757765057707,1.67234269405113,1.7381316260599342,1.7152821999999999,1.7356399623103886,1.6103027868561948,1.7156714956891088,1.7154227505607502,1.5392807026397946,1.6953832721253974,1.7152821999999999,1.7152821999999999
7233,1.4466666666666665,1.3957830443664991,1.3957830443664991,1.3605211449948733,1.2733831740963968,1.1760095951431189,1.5952040828814167,1.4583510999999998,1.507799737857228,1.2922520076766646,1.4597673994080274,1.45858381902557,1.193708451276836,1.54822924357117,1.4583510999999998,1.4583510999999998
7234,2.1783333333333337,1.7038923370088086,1.7038923370088086,1.7949087219221012,1.8831449820274706,1.881291793588837,1.533912202026976,1.6426033000000002,1.616967301827105,1.6158250281324364,1.640999432650721,1.6424116366181623,1.5157770597695879,1.500344821659651,1.6426033000000002,1.6426033000000002
7235,2.336666666666667,2.2158409940509722,2.2158409940509722,2.0522077927010742,2.2044132579875235,2.034216109759546,2.031862594090434,0.6915349698665478,2.143928456109241,2.1114934679946575,2.1406365526272513,2.138172623554637,2.1278357128128977,1.951107851488784,2.1401286,2.1401286
7236,2.5816666666666666,2.3388346709668184,2.3388346709668184,2.179563614753278,2.4130810802551093,2.2292689915403763,1.9980935560382067,2.150777843724857,2.2262652839173747,2.2116160306312933,2.2585410268651724,2.2591669715144214,2.1127181297565563,1.8928080354991703,2.2601209,2.2601209
7237,1.935,2.4146913747836365,2.4146913747836365,2.169240962207096,2.292284667581245,2.0692282935071358,2.2713572757935365,2.3967896,2.4095545493459634,2.414326662179121,2.3972401532216745,2.396721416846563,2.352808977381825,2.1732167984461,2.3967896,2.3967896
7238,0.4833333333333332,1.8328627415405514,1.8328627415405514,1.9319695507333787,2.0292044649018655,1.9486108093403347,1.8374432664265554,1.8685683000000004,1.8926493723407158,2.047295348872532,1.8695445773624422,1.8686456570876642,1.9576545999252029,1.8004673137713016,1.8685683000000004,1.8685683000000004
7239,1.0499999999999998,0.5658640583416235,0.5658640583416235,1.1521627053107695,1.3145082842089502,1.1512700609389985,1.0803960647864317,0.9642500000000003,1.0788678628971122,1.303846065237769,1.0710908726948323,1.0700139942278843,1.2203705816268582,1.0822303518913863,1.0700028999999995,1.0700028999999995
7240,0.6249999999999999,1.4699475160106492,1.4699475160106492,1.5242681225380559,1.8052749067605918,1.661512216131094,1.319965652480164,0.8624704606150573,1.369231248262504,1.4420071023576702,1.3616255991786046,1.3609781265497802,1.3705808275528413,1.300315547664142,1.3609174,1.3609174
7241,2.118333333333333,1.0249396474746755,1.0249396474746755,1.4387562750186156,1.6137404317517325,1.5000686999658202,1.1915436444968637,1.2354614944532303,1.2575735354780844,1.2282086663660063,1.2655723061083095,1.265009989824562,0.9824443662143811,1.1906839756433651,1.2650199,1.2650199
7242,2.586666666666667,2.65413580856248,2.65413580856248,2.394763411409852,2.568055672162845,2.4201982031843157,2.2769237326079734,2.3990853,2.432137422898613,2.4436220215178643,2.404164526046112,2.4000559407759545,2.9413247124877704,2.242346004604407,2.3990853,2.3990853
7243,3.131666666666667,2.9510456612150024,2.9510456612150024,2.7615357673159506,2.748063058191479,2.5962379883908224,2.797296080519615,2.9322793,2.952079157432776,2.8190171554230963,2.935057604266317,2.9327618107706086,3.1298034756711837,2.7585669163475686,2.9322793,2.9322793
7244,3.7266666666666675,3.5976553403500797,3.5976553403500797,3.4543095864398734,3.608565260990051,3.514117548862314,3.2647843545380777,3.4388718999999996,3.4891766828037505,3.5228751212450518,3.4465978654292564,3.4404550617054417,3.441966179396995,3.225490328229399,3.4388718999999996,3.4388718999999996
7245,4.206666666666666,4.212251867680617,4.212251867680617,4.171365132234689,4.251039274719656,4.18987032092136,4.0718773721405,4.2374363,4.2336720788126225,4.247166524310372,4.239753618771237,4.238005977385471,4.197737975645296,4.0558736455024,4.2374363,4.2374363
7246,3.935000000000001,4.711228947958482,4.711228947958482,4.694919247551891,4.695235155825137,4.692756080291434,4.644423631274593,4.757128,4.710193665067411,4.714389597742487,4.754230762771378,4.756850088143823,4.686029630386766,4.654119798957813,4.757128,4.757128
7247,3.921666666666665,4.369916871948503,4.369916871948503,4.666582855479742,4.84781946469842,4.980754098773908,4.2115487043861135,4.239127381810505,4.273137246100973,4.553347564403417,4.301717354741407,4.301661521148476,4.140479667548328,4.244953577832994,4.3017244,4.3017244
7248,4.793333333333333,4.055594530660558,4.055594530660558,4.324152116671575,4.387459493980985,4.517571937823672,3.9955675781830218,4.012907,3.9726719130012937,4.149876040516674,4.0085297208151625,4.01277181615974,3.881508593970785,4.027389722624699,4.012907,4.012907
7249,5.1850000000000005,4.429724053060019,4.429724053060019,4.483042168905349,4.558328617434024,4.591393824727992,4.347294694604213,4.410208,4.425599564074342,4.406673880031314,4.413395713718869,4.398171787254903,4.301181990335335,4.338802494820874,4.410208,4.410208
7250,3.818333333333334,4.017800832098489,4.017800832098489,3.9325999099090807,3.7099299803655215,3.6774993208713123,4.4566440568375105,4.2712097,4.332744740812774,3.917107257596033,4.2746579608866595,4.273129957991189,4.09424571025854,4.4276536199548255,4.2712097,4.2712097
7251,2.885,3.056373817646188,3.056373817646188,3.20699864049135,3.1205275536135706,3.2323200950516346,3.314685037365712,3.4783130549486527,3.1388012200986486,3.087302755835207,3.0931877236951784,3.0920771272836003,3.0575100887770503,3.318185781349392,3.0920099999999997,3.0920099999999997
7252,2.791666666666666,2.276767149966865,2.276767149966865,2.408881999408918,2.198723370642749,2.2876037703062826,2.660402825982813,2.271832,2.37623811260334,2.459728468520116,2.2800076832572636,2.272409535952642,2.25990402091339,2.6873504277227838,2.271832,2.271832
7253,2.4233333333333325,2.2842513746115936,2.2842513746115936,2.1420485362456794,1.8900913910131008,1.9292091089597878,2.6646987682257945,2.7312338324588774,2.3344025342774004,2.4196499230118125,2.1651609768915603,2.1560050293347346,2.2542115712819912,2.689194499500432,2.142051,2.142051
7254,1.7600000000000007,2.178182453096966,2.178182453096966,2.187594725162283,2.009956020302943,2.038654289153373,2.484983333146868,2.1437473,2.239598414754605,2.3905271917906483,2.153088133140028,2.1447194499788003,2.156723776434138,2.509877166151059,2.1437473,2.1437473
7255,1.7583333333333329,1.5695231279596777,1.5695231279596777,1.9207485257356802,1.832097357339071,1.919003188924438,1.9507663303881606,1.6653873,1.705315620529785,1.9147821773816192,1.6657748862779673,1.6657084060753293,1.6869464044738338,1.9835596183205175,1.6653873,1.6653873
7256,2.145,2.0485199400668104,2.0485199400668104,2.124442061782567,2.1665499398048174,2.186188283140253,2.050380686951472,2.0065643117761987,1.9414721888941635,2.2058996079710695,1.9110168790587374,1.9094303083838688,1.9694626254490262,2.071820120108402,1.9079503,1.9079503
7257,2.4050000000000007,2.298661462350221,2.298661462350221,2.275679899810611,2.208761227554297,2.1964586816913654,2.4332794163662372,2.5036547212741747,2.28819840162714,2.418130144489502,2.2382588914573844,2.234083131568111,2.243445037160072,2.4486146434012825,2.2329602000000004,2.2329602000000004
7258,1.8766666666666663,2.4597206588956673,2.4597206588956673,2.4599824048633026,2.400375227391142,2.4054400480326397,2.599946102172389,2.3532472,2.454199924476209,2.6179901643338344,2.3652457407247613,2.3540840415708617,2.416542871437218,2.619099626086662,2.3532472,2.3532472
7259,2.526666666666666,2.0837656103948827,2.0837656103948827,2.6174636118791565,2.6650213444290802,2.783507179375444,2.4428088907800394,2.1596437,2.2257472283011253,2.643311613372128,2.1654490558234514,2.1597983313993883,2.1884160517138347,2.5054812009612064,2.1596437,2.1596437
7260,2.4650000000000007,2.7198496715758327,2.7198496715758327,2.7152975847144445,2.6121581974380064,2.6893111434214605,3.0211360337893343,2.576761,2.6734257009541023,2.8584002262613137,2.5847604634733052,2.6047050271955747,2.6692346493899195,3.0762154443786565,2.576761,2.576761
7261,2.4666666666666672,2.431896363869313,2.431896363869313,2.6024120847708714,2.4542009349808076,2.4970665593206745,2.7459575998617076,2.7633397312859858,2.5297388366272813,2.6663369313935643,2.4769444480241543,2.4738521301786287,2.3830768612684143,2.788848167389962,2.4727683,2.4727683
7262,2.7149999999999994,2.5928263347173304,2.5928263347173304,2.6992918081279598,2.533536216072192,2.6037896557641007,2.8638572674754634,2.5091207000000004,2.5858599206424158,2.7713330867928,2.51499302637258,2.5104442660710053,2.5548703248356643,2.9255718622844333,2.5091207000000004,2.5091207000000004
7263,2.7283333333333335,3.14458314393544,3.14458314393544,3.1594225108460323,2.919940074989281,3.0358128989154145,3.5516088049030192,3.021744,3.1186598105609935,3.403135951290539,3.0298742590163714,3.027591021715806,3.1217178829157364,3.6504556068093015,3.021744,3.021744
7264,3.936666666666667,3.2033137288435687,3.2033137288435687,3.4130468052065113,3.271900076200316,3.368671957249497,3.5481681010305253,3.4412782361525402,3.267045684910588,3.544494463002834,3.234727764081847,3.2343587978674067,3.182570839067534,3.639724857236662,3.2321002,3.2321002
7265,5.281666666666668,4.766275476228198,4.766275476228198,4.796660978588847,4.839440307687378,4.967682241352403,4.606810207947067,4.480639,4.486768197092282,4.954876247692486,4.484272818023576,4.5238075206313155,4.359268024812264,4.701810645072026,4.480639,4.480639
7266,5.573333333333332,5.5563311053537365,5.5563311053537365,5.575993099143779,5.412277849255653,5.431276123938665,5.775897332120086,5.919328,5.8335153763553595,5.96622907173917,5.91182462534195,5.804046458484501,5.776157121573806,5.800553909128587,5.919328,5.919328
7267,5.693333333333333,5.673152807689821,5.673152807689821,5.7963592502853665,5.752071274172307,5.856952723251771,5.716530114951629,5.7534766,5.7072916557082145,5.777991990734666,5.74807684727858,5.753365851347487,5.643050595445548,5.753749283354249,5.7534766,5.7534766
7268,6.371666666666665,5.851224781228534,5.851224781228534,5.892806595599726,5.827182696961935,5.933240810294823,5.8695090477191965,5.6211033950617315,5.817807366042082,5.962244931968649,5.810076005582479,5.806582134492307,5.707647739350671,5.922577391267659,5.8065620000000004,5.8065620000000004
7269,5.818421052631579,6.351376259046198,6.351376259046198,6.458811748850971,6.473273464334273,6.531963771253404,6.550126668780398,7.520595181199041,6.537367750770928,6.839097816543459,6.540026143810422,6.536079042656278,6.456886885735893,6.589751364290436,6.5355815999999995,6.5355815999999995
7270,5.621666666666666,5.986242799138335,5.986242799138335,6.168740025044873,6.165709029739398,6.341684955257094,6.081665633478675,5.965147,5.929600096171754,6.060541975497102,5.960168757802952,5.965078525180655,5.808625903274352,6.150357479372444,5.965147,5.965147
7271,6.151666666666667,5.916909745976811,5.916909745976811,6.055018326845275,5.986430690227261,6.159423080880414,5.981294614595831,5.7979970000000005,5.801983142187354,5.842340706139929,5.800641411064462,5.798458845725306,5.677536565023221,6.069340870824878,5.7979970000000005,5.7979970000000005
7272,5.856666666666666,6.354954911867749,6.354954911867749,6.426499472106114,6.383579955040111,6.492817321178315,6.488597210810363,6.3431706,6.357054083502989,6.477856406469574,6.350551950716957,6.3539806263892,6.261414983240304,6.569096845566012,6.3431706,6.3431706
7273,6.425000000000001,5.903504345684857,5.903504345684857,6.16513121430347,6.144407418927434,6.299193033904366,6.12840194173558,5.902205659081712,5.889829778250972,5.810983335087694,5.901062105612757,5.90132719435708,5.6259199223762195,6.236841219616798,5.9013085,5.9013085
7274,5.735,6.093877811078304,6.093877811078304,6.2348486933612595,6.094988614693294,6.222899339879902,6.330343387491626,6.144153,6.144575048396446,6.155312274088135,6.145365083679526,6.1969692343214735,6.045504153569153,6.418998486458747,6.144153,6.144153
7275,5.5,5.512331293971264,5.512331293971264,5.691810400844385,5.539117025024792,5.691152404987226,5.696977746120732,7.44601153665467,5.497855537403546,5.34944302217157,5.518451907178834,5.52325966829331,5.332582884352239,5.79086238539764,5.5229029999999995,5.5229029999999995
7276,4.666666666666666,5.086140466827631,5.086140466827631,5.049475927596889,4.760865563231768,4.86586314252388,5.4470795423469145,5.480881047492226,5.1972194993806,4.930285083018891,5.170428297816963,5.171287556734125,4.983034723488203,5.513793584759165,5.167853,5.167853
7277,3.6883333333333335,4.340321584591463,4.340321584591463,4.5012005017838765,4.358285489560815,4.466625959575682,4.63054733971819,4.441262999999999,4.425074981978141,4.287980635142879,4.436613744545942,4.44133134930019,4.3018808373527015,4.694151517520855,4.441262999999999,4.441262999999999
7278,3.233333333333334,3.4692113594249534,3.4692113594249534,3.6900722774004193,3.5941599355967773,3.6641317437703798,3.78669450268637,3.5728,3.5915503413000605,3.6730155047895634,3.573932758064929,3.5730201987609567,3.4109892995323006,3.8468386121958584,3.5728,3.5728
7279,3.073333333333332,2.9665721726711207,2.9665721726711207,2.9317259935225617,2.5586292789015346,2.6170406859559883,3.4948119639624418,4.48679075385071,3.1831570018553945,3.2312576097292496,3.0696104379726066,3.048043249763181,2.9746673524255045,3.553153092084763,3.0470734,3.0470734
7280,3.446666666666667,2.9988486224903443,2.9988486224903443,3.050239748456531,2.9841017609054465,3.008622439173662,3.2014416354480266,2.9860322,3.0494560367798353,3.2340904822449774,2.9942223935633394,2.9865461714309305,2.874026108358657,3.2319901279317507,2.9860322,2.9860322
7281,3.1399999999999997,3.5174715648381825,3.5174715648381825,3.5173717725744003,3.668033306880925,3.626238166392933,3.351096870102211,3.4686557999999996,3.442609841573356,3.605847052552271,3.4655486754304032,3.467753426318154,3.3409713604369538,3.332610012897071,3.4686557999999996,3.4686557999999996
7282,2.734999999999999,3.0836514609968004,3.0836514609968004,3.1238399249604987,3.1942263079266744,3.1837977153581796,3.0152985000960664,2.5365835311705496,3.0681924475915237,3.240173681215339,3.0824716772442162,3.086800883570902,2.950646643030136,2.9883444172577383,3.0868769,3.0868769
7283,2.645000000000001,2.798430383098848,2.798430383098848,2.91556449368729,3.0647261540583886,3.054210955667395,2.618408637923235,2.658978596159902,2.7430149806679305,3.046449020050057,2.7793183702336455,2.787339350695518,2.5548850826451,2.5895652491645285,2.7875144,2.7875144
7284,2.751666666666666,2.6307848239222515,2.6307848239222515,2.5742118373038925,2.660304620287483,2.6174586153520467,2.522999930794848,2.6139321,2.6187482568046243,2.808942379081549,2.6164285570946237,2.614018483934646,2.5854648564987226,2.476095217739421,2.6139321,2.6139321
7285,3.203333333333333,2.9255175799680346,2.9255175799680346,2.829331165142489,3.0485041788517977,2.971118054206684,2.5596694880907664,2.8432667,2.7958323803736698,3.022840749282711,2.8383328859431582,2.8427961825974766,2.615545534859341,2.492187182894778,2.8432667,2.8432667
7286,2.5400000000000014,3.067501771189508,3.067501771189508,2.8551198828587485,2.8854127620320575,2.8275914939458366,2.8625127379408157,1.12886347594017,3.0553453676727047,3.0173059082171916,3.0873621482505387,3.092001945934448,2.9723188290147253,2.7615332753348825,3.0956018,3.0956018
7287,3.018333333333335,2.5881249730824303,2.5881249730824303,2.468695836836072,2.5319869092887997,2.491376099488499,2.4250747288824077,2.5803622885977577,2.5619557616994255,2.6255027173314502,2.560053031155287,2.5596314959259057,2.3798480064040906,2.346898108657612,2.5596224999999997,2.5596224999999997
7288,2.8500000000000005,2.7953386382109606,2.7953386382109606,2.533124361618713,2.4973597927336826,2.444589121782962,2.7774268287063855,2.8148196,2.886912175847849,2.804672910008347,2.831076978877425,2.8187340389415585,2.7401645302302553,2.661588132552245,2.8148196,2.8148196
7289,3.1149999999999998,2.8085455075623345,2.8085455075623345,2.7995991199646815,2.8389380258805605,2.8687787609352653,2.6999190120838272,2.7142812999999997,2.7912574192664645,2.9438485305672764,2.73279884529945,2.715317174439349,2.7406049403632604,2.6411995619847,2.7142812999999997,2.7142812999999997
7290,2.338333333333334,3.695543654973321,3.695543654973321,3.712627824481267,4.165187882857557,4.023268820048033,3.446780519000159,3.4872409644748426,3.6554967173367636,3.714125717181788,3.7253511587140595,3.743395107961612,3.7260825459864897,3.3617078909545213,3.7479839999999998,3.7479839999999998
7291,3.7783333333333347,3.4901375898104394,3.4901375898104394,3.7028056883641502,4.090853294659289,4.00805365207381,2.9508424139783775,3.5523303,3.2839447506757775,3.6651907065059106,3.367768605832391,3.5520832626190373,3.3675959201009076,2.9167974252912527,3.5523303,3.5523303
7292,7.114999999999999,4.444403359226964,4.444403359226964,4.099760505718969,4.348225468647607,4.215867880781182,3.9921236528177326,3.643855449156404,4.192399889837722,4.274450222373192,4.177800784197202,4.150683874738857,4.143961790814786,3.9540051975857207,4.1431713,4.1431713
7293,7.311666666666667,5.353620675548925,5.353620675548925,6.796835898548744,6.831893736044707,6.663056624810091,7.012094772209684,7.261697965571202,7.2416912850131245,6.46114152847006,7.173668992966359,6.842865674728806,7.402274303901059,6.930229846141407,7.347778999999999,7.347778999999999
7294,7.023333333333334,7.185892616005074,7.185892616005074,7.095456986772482,7.188423059964312,7.2119529884118085,6.926515088020887,7.14728,7.094162429841861,6.863257641225438,7.061058813609957,7.146938591585046,7.212153459935708,6.914660248122666,7.14728,7.14728
7295,6.440000000000002,6.673714803581493,6.673714803581493,6.490953323505142,6.507239377447629,6.384871323139558,6.701943072428748,6.7144027,6.7174882578141695,6.356306728145485,6.726649220992083,6.71443001462186,6.58898698189299,6.689021844552105,6.7144027,6.7144027
7296,6.393333333333332,6.079629886846365,6.079629886846365,5.97759857104273,6.038248840406354,5.905104099520046,6.0458714292447056,6.031536,6.039657289060013,5.780374775311909,6.011585217677665,6.031530006937344,5.881296670678796,6.049054190814384,6.031536,6.031536
7297,5.974999999999999,5.6350690214888495,5.6350690214888495,5.658416481015557,5.608616470694108,5.514909467284497,5.922839694220217,5.827311,5.864330029529435,5.692964256064591,5.87430727984173,5.828359115577731,5.724405158300497,5.91690817988049,5.827311,5.827311
7298,4.858333333333333,5.468124427369342,5.468124427369342,5.450251155887965,5.067593407911725,5.154775979455058,5.7941530088124145,5.6567183,5.649232674971453,5.607395919256679,5.514626481046414,5.656543079434554,5.494756186705759,5.820978973865696,5.6567183,5.6567183
7299,4.464999999999999,4.627726434688925,4.627726434688925,4.841294199160485,4.623754910359688,4.765017261472384,4.769545405782562,4.650873000000001,4.636251149760441,4.706457792469613,4.509072083278248,4.650870313309988,4.615887980138879,4.836552538766841,4.650873000000001,4.650873000000001
7300,2.49,3.699847687241094,3.699847687241094,3.6526075802392053,3.635629868909736,3.6954389402772283,3.9361190360257643,3.595597,3.7673025635923096,3.685166697693454,4.08527155051464,3.5988445031096656,3.572775143155591,3.948279239447034,3.595597,3.595597
7301,1.096666666666667,1.8575759152764593,1.8575759152764593,2.0237005102703796,1.5573632960569266,1.716362087789725,2.2812362930800045,2.0555700999999997,2.094800558372249,1.972282912795103,1.998480556069079,2.055665187825593,1.8874162656796964,2.2641967633479356,2.0555700999999997,2.0555700999999997
7302,2.4733333333333323,0.8629018919798095,0.8629018919798095,1.2435380521342596,0.9788207605843091,1.2139154252625204,1.1821098276690534,1.1556454,1.1628186329188082,1.1464602866965308,1.1531197439175829,1.1556812937944163,1.0008400686003718,1.1463940924759766,1.1556454,1.1556454
7303,1.4433333333333331,2.1193024210013665,2.1193024210013665,1.767001539424058,2.0309446532453954,1.6404273159462317,2.3123804115421525,2.0788526999999997,2.1943531093372086,2.1052514869785837,2.4097632959166373,2.1080331707116353,2.587315460422558,2.23953198554133,2.0788526999999997,2.0788526999999997
7304,1.585,1.1771660239579882,1.1771660239579882,1.4091454661058873,1.2037604858495259,1.3297762558819977,1.3330302564912775,1.3364048000000004,1.3354588807152283,1.2982701866412296,1.2699171017991335,1.3363704865941588,1.3795441002106474,1.278040798593321,1.3364048000000004,1.3364048000000004
7305,1.466666666666667,1.6866475163582413,1.6866475163582413,1.5928210220046393,1.593141322931844,1.5905058516262898,1.5560321306430884,1.7249093000000002,1.696204274766676,1.7231525550136677,1.6485928610921823,1.722756292108921,1.6688861585867913,1.4636674242110201,1.7249093000000002,1.7249093000000002
7306,0.8833333333333333,1.3569941885337982,1.3569941885337982,1.365853303990281,1.3397736357852685,1.3589746205603848,1.3520562287800169,1.597299729972998,1.3883982562049435,1.382713946188041,1.3758817275143769,1.372831690621386,1.481213969020966,1.2815777380659497,1.3727920999999998,1.3727920999999998
7307,1.5049999999999994,1.1490880450991137,1.1490880450991137,1.3979985478412695,0.9512146335788727,1.403097622278839,1.1477393507371425,1.2410655000000004,1.2004755804118923,1.080895110759739,1.1093574224616902,1.2408330006059014,1.0620561031574236,1.1130605351764569,1.2410655000000004,1.2410655000000004
7308,1.6883333333333332,1.947024562551261,1.947024562551261,1.9416469883286247,2.0012758783096887,2.164197480867691,1.579586074147251,1.8107360000000003,1.7771167143299134,1.9537022159070037,1.7675538714463621,1.8090404611454791,1.849642828081677,1.529482624244452,1.8107360000000003,1.8107360000000003
7309,1.9766666666666666,2.0392288463013792,2.0392288463013792,2.0403340964753682,2.0175807230660854,2.1559920357937816,1.7848404625526926,2.0068433,1.964600059641233,1.9822275593276264,1.9347487161986057,2.0063041326599933,1.8134884295498672,1.7315233645387176,2.0068433,2.0068433
7310,2.8016666666666667,2.2855777086501785,2.2855777086501785,2.177058096687295,2.528468241611792,2.440667082115052,2.047979538176296,2.1284428,2.1572721871688243,2.285732101241315,2.2497891542712107,2.1294114914968105,2.21689639543329,2.010925852555412,2.1284428,2.1284428
7311,2.7199999999999993,2.987451595872763,2.987451595872763,2.841000937975023,3.222225564007262,3.0863253190852293,2.711413707407158,2.8384688,2.8586843742523014,2.986530807975794,2.9506809893884434,2.841829240223527,3.1951437138343493,2.6603338924382456,2.8384688,2.8384688
7312,1.8733333333333326,2.8967133265596092,2.8967133265596092,2.924370774721423,3.1841454482355793,3.1413653957716905,2.7907922682461175,3.0924081390761056,2.863807017374232,3.003836778859636,2.9453783898200596,2.838656203135373,2.9059899205525994,2.7725366374528284,2.838307,2.838307
7313,2.825,1.727704292718117,1.727704292718117,2.1569535402286006,2.175683962567561,2.245563256538867,2.0817875752934354,1.9564561999999999,2.0063870150108887,2.117583637311606,2.0413215382753673,1.9565365228791527,1.9344565952703803,2.0898943158798784,1.9564561999999999,1.9564561999999999
7314,4.238333333333333,3.4381026346593004,3.4381026346593004,3.3960749752143697,3.916724239355908,3.813808460124066,3.115088352409196,3.3422875,3.346132163889824,3.587924479380982,3.4982469915849417,3.3381093911689756,3.428065742148265,3.0672996649253648,3.3422875,3.3422875
7315,3.3133333333333335,4.238970179349411,4.238970179349411,4.176199695073394,4.883030190017425,4.384595088896701,4.060368036670744,4.513195570546451,4.292585111466518,4.1970879989576675,4.401694029570713,4.275343893346261,4.374552882481106,3.9789294813849243,4.2695956,4.2695956
7316,3.5550000000000006,3.417626522407786,3.417626522407786,3.5199937286060474,3.9956620001668353,3.6878984608831993,3.5197763201670127,3.438269,3.520287811517053,3.6435071605271343,3.6725585922040342,3.4385586773304024,3.4187362922908027,3.5084476777905422,3.438269,3.438269
7317,4.181666666666667,3.948532449313533,3.948532449313533,3.8845114822106286,4.049515936503093,3.894344772716914,4.171980702922575,4.0374870000000005,4.083439636925086,4.059945303951701,4.152270410057503,4.0380632808073464,4.027495651543529,4.178522019020998,4.0374870000000005,4.0374870000000005
7318,3.679999999999999,4.0773817593994455,4.0773817593994455,3.9354101628275284,4.534619942050263,4.128390788319084,4.030061528128807,3.9273862999999998,4.029128164501703,4.083248458252164,4.1951595353332305,3.9280715046897408,3.987456239629959,4.003229229466345,3.9273862999999998,3.9273862999999998
7319,3.689999999999999,3.4921468212579647,3.4921468212579647,3.4778824319372044,3.680225972795188,3.4215108132142253,3.585843979696386,3.5066996,3.549708864263466,3.505915668015284,3.5573885143162505,3.506894908112919,3.409119767907213,3.5597532618149277,3.5066996,3.5066996
7320,2.270000000000001,3.4001317676004335,3.4001317676004335,3.4332135882679236,3.4432273292588214,3.4195799972158514,3.366295471263141,3.1700558213716112,3.3308646402958857,3.344981185520134,3.327691549945761,3.2917938151055695,3.2633122170650766,3.343367559690564,3.2911233999999996,3.2911233999999996
7321,2.795,1.725264113974481,1.725264113974481,1.9186469418419196,1.8012708224842644,1.6922889160897783,2.2788424888087038,1.9420621,2.0187140280162703,2.0461569086354356,1.982704461859667,1.9422283018917486,1.905192763613451,2.279280831620462,1.9420621,1.9420621
7322,2.7916666666666665,2.307887794696894,2.307887794696894,2.1374908765572327,2.2038297824007396,2.014814427579245,2.420636899961016,2.243252,2.3053993671295814,2.341833855497756,2.301910185804506,2.248718674043919,2.2685791703738265,2.3752122155336974,2.243252,2.243252
7323,2.6083333333333347,2.1259332722004807,2.1259332722004807,1.9585268818384673,1.9514945476479095,1.81815894827237,2.2640577384587717,2.1323137,2.179425998209517,2.246080325151663,2.1571653038519805,2.133499270952206,2.20129961984784,2.2060230628720756,2.1323137,2.1323137
7324,1.515,1.9090743774964367,1.9090743774964367,1.6550124751971063,1.8431958236858788,1.5567228281741787,2.1333605557734616,2.007937,2.0715252217962217,2.1967216474377746,2.0587418177529475,2.0098870619555287,1.8800519106151232,2.04641299582035,2.007937,2.007937
7325,2.0316666666666667,1.4127051588305495,1.4127051588305495,1.6122521847862306,1.157861980626501,1.522645984109512,1.4462256191199403,1.5939999,1.5291464612299892,1.7771600126111542,1.4530112479478468,1.5936360885713845,1.5040641409942124,1.397301890215879,1.5939999,1.5939999
7326,2.4933333333333327,1.9528872425164219,1.9528872425164219,1.8643578206582023,1.8340043559958754,1.9079537793712447,1.9090482591808509,1.9949284999999999,1.9855092286858402,2.2586937499699804,1.9797234385300868,1.9891071594962282,2.0434678427026434,1.845216112598867,1.9949284999999999,1.9949284999999999
7327,3.0450000000000004,2.67761262795326,2.67761262795326,2.531630633551463,2.618371732367986,2.6615907838397654,2.4412110263981615,2.658978596159902,2.5916050273792344,2.8847018775528426,2.6056120410442145,2.6162613169493465,3.1677738592510614,2.387903081159521,2.6188439999999997,2.6188439999999997
7328,2.195,2.9925739508443723,2.9925739508443723,2.8057685301084723,2.9324939261072744,2.873568880816461,2.7900684825855224,2.81562643010663,2.967883493327957,3.0571407774049346,2.9745206929550987,2.9866386365143183,3.2680688728516474,2.706037746286944,2.989338,2.989338
7329,2.1300000000000003,2.29931511092356,2.29931511092356,2.3155386291964817,2.3414481756968675,2.4362157451282833,1.9734578980777788,2.328323,2.263406010138954,2.520488172349764,2.281867636713419,2.3280731855777157,2.2111064172558774,1.8825788628358284,2.328323,2.328323
7330,2.463333333333334,2.2832239288876144,2.2832239288876144,2.3222261626865515,2.2831852070722256,2.421148814937084,2.0940554293261933,2.2809997,2.247536876300585,2.436307739724378,2.25593327557927,2.2799797614011568,2.3424472205793214,2.0423840097425874,2.2809997,2.2809997
7331,2.3783333333333325,2.476738704512554,2.476738704512554,2.453110302249846,2.5155696156036655,2.487251574129485,2.3084010890935396,2.2539470608939203,2.447809318570066,2.5464728484742283,2.451564037112056,2.4686884587964255,2.4463358892213374,2.252891844807034,2.4704895000000002,2.4704895000000002
7332,1.6150000000000004,2.477974668128789,2.477974668128789,2.3500647710678497,2.5892085492463335,2.512028371363981,2.184772899541861,2.3904839,2.3781819203085752,2.5690979504057605,2.396466681152976,2.390634316326026,2.2586810566777857,2.1037803505657977,2.3904839,2.3904839
7333,2.085,2.005696592276062,2.005696592276062,2.0755000444672542,2.133515800721348,2.2415676068705013,1.7743237202290132,2.064076,2.009706274655377,2.1545024418064394,2.0403459588055792,2.0639146893921696,1.797674376838236,1.7141942356126632,2.064076,2.064076
7334,2.441666666666666,2.3147814786707483,2.3147814786707483,2.11979208193973,2.27147333771667,2.2340284583061063,2.1747297772363545,2.3482089144107254,2.2142180051584432,2.3373553216979652,2.212017165032163,2.1974548601019315,2.3033908903258937,2.1309727438508386,2.1964722,2.1964722
7335,2.3016666666666663,2.64404584652379,2.64404584652379,2.5239061673473167,2.709153554477046,2.6303972013686465,2.4370809190320717,2.572074,2.5592414533369383,2.656545352387903,2.573191444458396,2.5721038994173204,2.5865595333438174,2.3950649537897393,2.572074,2.572074
7336,2.891666666666667,2.807282569292563,2.807282569292563,2.9773306769092533,2.9657951261690783,3.1469635975065944,2.652339528663875,2.7690165,2.7342359820106594,2.9891382908355615,2.76542635323509,2.768942896720648,2.7490060266904788,2.667782821467669,2.7690165,2.7690165
7337,2.749999999999999,3.138099814722895,3.138099814722895,3.1013124824572236,3.2690816446103717,3.179356374937232,2.9935467963852513,3.0565853,3.054198452434846,3.154594471644207,3.0668394099998064,3.056777433129774,3.155165930658756,2.9836412640093783,3.0565853,3.0565853
7338,3.019999999999999,3.118977732656858,3.118977732656858,3.3340132733273427,3.292743154810683,3.475019411929103,2.9112541370586698,3.0421104,3.0079769187423393,3.234986657573583,3.0405357072282424,3.042035003412054,2.9446724203131214,2.923117679378816,3.0421104,3.0421104
7339,3.036666666666667,3.3787678246888504,3.3787678246888504,3.38104936828945,3.498603189505326,3.5091972541363057,3.2452240379930855,3.3248334,3.3143095799203897,3.4223052719084235,3.334004593968479,3.324984160954485,3.298707933603476,3.2375760469977255,3.3248334,3.3248334
7340,3.9383333333333335,3.446028710729541,3.446028710729541,3.5014565122755243,3.5540699469877306,3.5900362764134885,3.413244410721583,3.4502562999999995,3.435994866546507,3.5493219183151803,3.4514288343941555,3.4502534683566615,3.3763780752995176,3.427671334824701,3.4502562999999995,3.4502562999999995
7341,2.8500000000000005,4.057160300489674,4.057160300489674,3.9192398591209177,4.041069797716829,3.9804527168719437,4.15879648055033,3.6614009009009,3.988574525168629,4.141555854476896,3.9597199177207734,3.9225500455660143,3.842205350196257,4.175637088785817,3.9172301,3.9172301
7342,3.0249999999999995,3.0354512853220097,3.0354512853220097,3.438952719919149,3.103816050791491,3.4479569887220483,3.413692374767656,3.2646787,3.2715027485803656,3.3572690798547318,3.262458206153992,3.2646539629928295,3.060576412097639,3.4687315834134234,3.2646787,3.2646787
7343,3.29,3.3277281997622845,3.3277281997622845,3.3870533603662643,3.310091314086759,3.4640220346573045,3.4722266888815185,3.3103943,3.3238672447712023,3.526606149234585,3.312171044778914,3.310599579480166,3.3035876988325246,3.524684321544228,3.3103943,3.3103943
7344,3.1050000000000013,3.458593281087086,3.458593281087086,3.3610463138616407,3.506012364528454,3.4236869874193037,3.5571058131144264,3.4388080000000003,3.4604976603797284,3.5551104912602676,3.4420091674403155,3.4389765946894513,3.421094216470792,3.579899240592217,3.4388080000000003,3.4388080000000003
7345,2.7633333333333345,2.9663695759762385,2.9663695759762385,3.012900039254052,2.9392171741524384,2.992469233774185,3.1975209020236384,2.9872642000000003,3.026972646775587,3.072647335547805,2.9918298235475085,2.987424921169724,2.898846152319505,3.2166926672824006,2.9872642000000003,2.9872642000000003
7346,1.2716666666666667,2.653316097403164,2.653316097403164,2.780801419792466,2.5824918757554696,2.794059933870221,2.8789976262016364,2.7052846,2.727380457608538,2.7620824291603476,2.7065132545438826,2.705388540698226,2.550940635684019,2.905494965721135,2.7052846,2.7052846
7347,1.2250000000000003,0.9739499018771536,0.9739499018771536,2.0067439192470755,1.5795250013583533,2.1051378343855687,1.7922961235256647,1.6433964000000003,1.6372895093676663,1.7311080380638115,1.6418711125612866,1.6433695744093302,1.6367545664394303,1.8547272346927615,1.6433964000000003,1.6433964000000003
7348,2.0266666666666664,1.4542946385588564,1.4542946385588564,1.8835635563085096,1.494567588311376,1.9188977647329786,1.73254096678092,1.5815535,1.5800043946871658,1.4782638039676201,1.580619779896494,1.5817077410493314,1.6192528937697444,1.7849931789345175,1.5815535,1.5815535
7349,1.416666666666667,2.359422285437611,2.359422285437611,2.229165692068751,2.2255551535037137,2.26029007195099,2.3492767936920083,2.2919817000000005,2.2989886461885405,2.213766926153093,2.2908518170377894,2.2891103402640445,2.369331609587782,2.3557554926915776,2.2919817000000005,2.2919817000000005
7350,1.3866666666666667,1.356419945523081,1.356419945523081,2.0881417253759067,1.7419780621449208,2.18523718708282,1.6320698288928908,1.7252269,1.6925937031721041,1.4948458874440411,1.7197747736347457,1.7251333690531028,1.6617266421799677,1.6484866930706055,1.7252269,1.7252269
7351,1.725,1.9805366921033873,1.9805366921033873,2.2072384054526673,1.9718464268771734,2.265778027108908,2.100129237689184,1.852022,1.865027013137605,2.0953539165555353,1.8577850106459137,1.8525413349040913,1.937084671565106,2.164857590168908,1.852022,1.852022
7352,1.1283333333333334,1.9219687649020658,1.9219687649020658,2.2455967237449843,1.9448765037059375,2.210690728725182,2.150359607167113,1.9407530000000002,1.9602386121628286,1.8515834664950217,1.9461556723478364,1.9418144885984947,1.986488792172195,2.1934046343650992,1.9407530000000002,1.9407530000000002
7353,1.01,1.3190016583578204,1.3190016583578204,2.0202041721223876,1.5352602694747852,1.9666577604152649,1.7576436029111258,1.5400462,1.5449518907477322,1.4393376300837217,1.5440870534680502,1.540340927501806,1.468897989577063,1.8182567781776748,1.5400462,1.5400462
7354,1.8366666666666664,1.2722679994102277,1.2722679994102277,1.7608181178383253,1.4263893056961208,1.6072852873062824,1.8545105076144706,1.5244706,1.5536058524882401,1.2106399223265258,1.528231331568195,1.5250129452033319,1.5625790406141884,1.9241778689066078,1.5244706,1.5244706
7355,1.2766666666666664,2.205113077820175,2.205113077820175,2.2586944737260195,2.034804916480696,2.1665427346886474,2.225835438986707,1.9870659,2.0112962391415783,1.876904129972429,1.9924648570290162,1.9915626273732185,1.9535496169724813,2.2754009584277757,1.9870659,1.9870659
7356,0.9333333333333333,1.61109779334588,1.61109779334588,2.305259012271211,1.840043474242561,2.255928190416695,1.8856478594440869,1.631975028706774,1.804788402756948,1.510716667504203,1.8303537585558727,1.8323992513527458,1.8489931807129893,1.9504412727633496,1.8324839,1.8324839
7357,1.6049999999999995,1.3002416388026203,1.3002416388026203,1.8618839108510947,1.4755432302830194,1.696424453963326,1.8140961083414262,1.5985183000000003,1.6061932339125584,1.13247632003129,1.599483988740297,1.5986752584188064,1.6224662955836573,1.8860004480795565,1.5985183000000003,1.5985183000000003
7358,1.5749999999999997,2.1282835707503036,2.1282835707503036,2.290627179043465,1.9917844186995408,2.1393031098977198,2.2302133489923093,2.0114665,2.021377128161869,1.8461020733009834,2.01368542121596,2.012670757162197,2.0044251495198453,2.295073719132374,2.0114665,2.0114665
7359,0.9250000000000002,1.9525632933311883,1.9525632933311883,2.2420191676718257,2.0441577292111615,2.0782083432171805,2.2678447639379042,2.028708,2.0420504097511314,1.8287859492780225,2.0308436759943227,2.02907218619736,1.8909368052425104,2.331373958950448,2.028708,2.028708
7360,2.3316666666666657,1.108246686934359,1.108246686934359,1.952595555014388,1.4775322162919786,1.8041679570623894,1.6804475640832908,1.6149459,1.6055023925651062,0.8826759223193843,1.6143697541824773,1.614866720420784,1.6116680369749705,1.7351845726139001,1.6149459,1.6149459
7361,2.391666666666666,3.0026432022658263,3.0026432022658263,3.0239999279301086,2.8923566268697174,3.0780279832332322,2.588920956925227,2.7555118,2.705489018324047,2.4405397128065824,2.7471641294210603,2.7432506362598392,3.2684751129344063,2.6025773842124735,2.7555118,2.7555118
7362,3.5533333333333323,2.856805332573824,2.856805332573824,3.1611149374190126,2.9356706370364543,3.0951758378554217,2.804082567576098,2.7959964,2.758824335735916,2.7040360384309903,2.788294945340673,2.795935298973933,2.866774109518926,2.853532838076927,2.7959964,2.7959964
7363,5.37,4.0144268096508275,4.0144268096508275,4.038275260136134,3.9503666401523208,4.032693190674918,3.8809696076633875,3.9364016000000004,3.9053113161894846,4.077908469555887,3.9293759639386963,3.9454054766190887,3.933808362432187,3.9007242883427478,3.9364016000000004,3.9364016000000004
7364,6.449999999999999,5.343193873476704,5.343193873476704,5.542169130256278,5.964997570687597,5.824896742914449,5.261709140083886,5.692526222507006,5.576911065966301,6.156408002356236,5.647319535086812,5.564183899980465,5.616435448133154,5.2387393085945355,5.661153,5.661153
7365,5.505000000000001,6.2407006474724795,6.2407006474724795,6.483928887121333,6.743430051007052,6.825279631351593,6.124672696264588,6.5422444,6.474241224107063,7.316517039542223,6.535677292635329,6.530502543185474,6.708455817878389,6.106049238638777,6.5422444,6.5422444
7366,6.74666666666667,5.737676890338102,5.737676890338102,5.546018001281912,5.633364606323402,5.647866048120642,5.508554652025349,5.617286,5.591486684604455,6.008958062503577,5.611325350235743,5.617176721423224,5.507396087557447,5.517241325954828,5.617286,5.617286
7367,5.918333333333333,5.731061671794013,5.731061671794013,5.930186536600839,6.085166043845115,6.009034266840914,6.268560430244002,6.3433459999999995,6.33621856071222,7.009231278759348,6.34070537115856,6.300826261879479,6.742665203555284,6.226022783660784,6.3433459999999995,6.3433459999999995
7368,5.438333333333332,5.560089258465359,5.560089258465359,5.396856594979903,5.4345124219275585,5.464596153500657,5.4357638367831935,5.4713080000000005,5.467002474656482,5.768133909797309,5.470777870557425,5.4712224037483494,5.46629854042696,5.430707383129111,5.4713080000000005,5.4713080000000005
7369,4.866666666666666,5.122003864967855,5.122003864967855,5.104830232628311,5.262359686233424,5.174258884832804,5.284043364612052,5.099990486356853,5.236040743117177,5.486208982125942,5.229069019409918,5.227147326368863,5.011406018226763,5.309133128682752,5.2273879999999995,5.2273879999999995
7370,5.410000000000001,4.335008675666615,4.335008675666615,4.419532115826574,4.249301153044136,4.385869929748036,4.5072830114877664,4.4340305,4.446597169440086,4.437597875309655,4.435734493381945,4.434021554388319,4.312845845654144,4.513826562601317,4.4340305,4.4340305
7371,4.446666666666667,4.374096659655713,4.374096659655713,4.444829285376186,4.694925944228736,4.503558024317854,4.809683346452565,4.792856700000001,4.816404607908563,4.7358453954624125,4.8004583766340545,4.765975684188768,4.659054737600258,4.7703272113283655,4.792856700000001,4.792856700000001
7372,4.165,3.8154371563357046,3.8154371563357046,3.8921365316181387,3.722780458121329,3.8583845856002457,3.7996079560690554,3.7841553999999995,3.7896442239580743,3.7453743208051433,3.786457070957525,3.784153572207269,3.784057673254904,3.7893733531044154,3.7841553999999995,3.7841553999999995
7373,3.63,3.318382630231542,3.318382630231542,3.143174932719344,3.328642255044755,3.0493401606599035,3.725361166228123,3.4848342000000003,3.549897323764054,3.305882753901558,3.499386213152208,3.4885657395761682,3.3993157437301385,3.699355043354821,3.4848342000000003,3.4848342000000003
7374,2.6816666666666666,2.847226977705028,2.847226977705028,2.6453912712572176,2.896943151645968,2.5993694031543715,3.1731725612191726,3.201861300911132,3.03170989473424,2.676945173034049,2.982771367540872,2.968228335654406,2.999490864838173,3.134198956775994,2.9678240000000002,2.9678240000000002
7375,3.0450000000000004,2.0730817243237567,2.0730817243237567,2.0216300284630773,2.0747867210104185,1.9425778177288704,2.3117908853151246,2.159062,2.2035584468079827,1.8062556370223128,2.1679436850937455,2.159216302496218,2.0856810081290504,2.2746896265589376,2.159062,2.159062
7376,1.8783333333333334,2.398140014581333,2.398140014581333,2.1677704276438066,2.414647360981186,2.1829297512952017,2.632487406438289,2.5564584999999997,2.6072146248016983,2.2293040477651944,2.568879519844506,2.5626866109586097,2.4303647640753185,2.559497184883176,2.5564584999999997,2.5564584999999997
7377,3.25,1.6037667331752345,1.6037667331752345,1.7570688205844958,1.7777614089265334,1.7204185923438127,1.7604451263438836,1.7417203999999997,1.759378396807183,1.43058960038752,1.7476604585835211,1.741769700905067,1.76345742684911,1.730398820535902,1.7417203999999997,1.7417203999999997
7378,3.7533333333333334,2.5435247615811765,2.5435247615811765,2.3570110807909432,2.7897034525701137,2.4502457970297993,2.7721295781086717,2.8273577999999997,2.8550669984751633,2.525376073556676,2.8355448420929035,2.7911722798953518,3.160062428385638,2.6874108616292975,2.8273577999999997,2.8273577999999997
7379,2.0799999999999996,3.103247107005395,3.103247107005395,2.7727122959601154,3.318208215889798,3.063183351468093,3.0078339861887446,3.1658786698881873,3.2484865618438223,2.8781732582657957,3.2386442259189936,3.2299202703411303,3.7286529360095835,2.8894597564512914,3.2333032999999998,3.2333032999999998
7380,1.8100000000000007,1.8243816707816682,1.8243816707816682,2.0878034271870822,1.893932928186708,2.177706478579861,1.7861419709337651,2.006278,1.9893531776549094,1.5983185323401168,1.9955700524070275,2.005853062275741,1.9302759642349574,1.7223908563115482,2.006278,2.006278
7381,1.4266666666666663,1.7688708228880947,1.7688708228880947,1.8042295808851923,1.9121761752254942,1.9180210077344735,1.5968456816150227,1.881946,1.8563677538961887,1.6335049613030117,1.8623677094930973,1.8803707874161555,1.919528902748569,1.5208402157043484,1.881946,1.881946
7382,1.7750000000000008,1.544353386159663,1.544353386159663,1.61657152781018,1.8554042091339549,1.692685319748489,1.3518063267994505,1.573029,1.551867605479579,1.446548121257588,1.5632218467348684,1.5729298996713106,1.561627862432171,1.307698130513454,1.573029,1.573029
7383,1.3316666666666663,2.0033026600845183,2.0033026600845183,1.792416151056305,1.9390099960894616,1.8351831142217792,1.7794850366588788,1.8788433999999998,1.8823631102225304,1.886109305836471,1.8779578967960837,1.8798942383028465,1.8692536520064365,1.729580684246851,1.8788433999999998,1.8788433999999998
7384,1.3599999999999999,1.3696617416425152,1.3696617416425152,1.5225965905668728,1.5346477282108157,1.5037878958095008,1.4372431747706638,0.7183565196684292,1.4805686890164425,1.2866222495655908,1.4798076209380286,1.4650494423490015,1.2470718400986338,1.4014070806383123,1.4650347,1.4650347
7385,1.9416666666666662,1.9061753922223854,1.9061753922223854,2.015201017839254,2.0120079178558274,1.9399110467883696,1.833764444388731,1.8031731999999998,1.8099062776324537,1.916355699463162,1.8170089357398318,1.8036826853353385,1.9655732780702413,1.8457981845429885,1.8031731999999998,1.8031731999999998
7386,2.5000000000000004,2.795705019438394,2.795705019438394,2.9620371012247224,2.9366864377487936,2.9188485428873308,2.4368952454503745,1.9196021815848543,2.5604892747249828,2.8727447032817883,2.590725435604312,2.6026622215653727,2.6704252523154213,2.4629482410092662,2.6025278999999997,2.6025278999999997
7387,2.8766666666666665,3.2301277119611793,3.2301277119611793,3.22087612867352,3.309927262601672,3.23102195116685,3.233527111003808,3.2570514999999998,3.2389008481613835,3.275462885115929,3.234366517711264,3.2569246081665,3.15900940585161,3.2518731463781805,3.2570514999999998,3.2570514999999998
7388,3.2550000000000003,3.3599702490166665,3.3599702490166665,3.3588762125934113,3.492478889522154,3.314694200203138,3.4265821947487884,3.3199487000000003,3.3331862632067084,3.4529082387707026,3.329435225897966,3.3200464500484563,3.3374248467161403,3.459005474596148,3.3199487000000003,3.3199487000000003
7389,4.016666666666665,3.756707634366782,3.756707634366782,3.84761103072523,3.9239100302376757,3.8255520906470073,3.739666371245956,3.7171562000000007,3.7116935033666145,3.8771992263323938,3.72018261503929,3.717169731013565,3.779204759467754,3.7773171326890753,3.7171562000000007,3.7171562000000007
7390,4.064999999999999,4.424216000259318,4.424216000259318,4.324083400942676,4.561831572705105,4.374490269456043,4.55903130103872,4.5312524000000005,4.525443231658054,4.641598265808025,4.510550598954845,4.530880294008477,4.382809600982879,4.574920361986277,4.5312524000000005,4.5312524000000005
7391,4.228333333333333,4.437531277298255,4.437531277298255,4.341165397704352,4.3061132850050186,4.310672627970836,4.38135311780253,4.350775,4.346213919068667,4.510937784192131,4.340990550079033,4.350802239311168,4.247795509855641,4.400762896994313,4.350775,4.350775
7392,4.938333333333333,4.076756243777827,4.076756243777827,4.100746231602882,4.054435322956519,4.083797744006783,4.205391553207598,4.186730945821854,4.125347670637,4.108689625313205,4.121803463293396,4.104648002410894,3.969152418855336,4.211945593647485,4.10458,4.10458
7393,4.401666666666667,4.202663670579639,4.202663670579639,4.192755455101455,4.497318999156461,4.294438151470395,4.443870756763079,4.42696,4.451788591291229,4.332403156278245,4.45494630875026,4.424665688194023,4.2680573930723185,4.408069897742739,4.42696,4.42696
7394,3.3500000000000005,3.977518305785717,3.977518305785717,4.021831936886009,3.9535869310116576,4.062786359502812,3.797302370345905,3.9159462,3.9072550918979805,3.8553378814736163,3.930197948567961,3.9157651834936726,3.7518299437112805,3.7669921374405164,3.9159462,3.9159462
7395,3.1216666666666675,2.733360703836303,2.733360703836303,2.7041562435951363,2.776856183254691,2.7092749928065576,2.9619098058008007,2.7991405063799117,2.8450879008620067,2.545486715648593,2.8415236307840424,2.7849644436402174,2.7138016381390124,2.936683181521672,2.7848623,2.7848623
7396,1.3499999999999994,2.5478740354023515,2.5478740354023515,2.4812206781603905,2.392046247794866,2.433414229606291,2.6293489752508803,2.5119147,2.5623559510183638,2.3310369686218277,2.5647501999806788,2.5130105144339074,2.443439597164679,2.589047920582306,2.5119147,2.5119147
7397,1.6066666666666667,1.3703761969580728,1.3703761969580728,1.9442020402516784,1.7194765832824457,1.9228331151725486,1.464511952544326,1.6937429000000002,1.6414015115069,1.3940303104372394,1.6664826539813653,1.693596351388715,1.631423596343557,1.4530962217771024,1.6937429000000002,1.6937429000000002
7398,2.531666666666667,1.6514141280334953,1.6514141280334953,1.6405668746113857,1.6416960550308959,1.618619162177974,1.643403136475364,1.7095101000000001,1.7006002173867336,1.4053976330782052,1.7033652589582227,1.7090884284580525,1.5392807026397946,1.6057309884586806,1.7095101000000001,1.7095101000000001
7399,3.3516666666666666,2.5521705556809855,2.5521705556809855,2.344986843514646,2.4443449353343563,2.389029589620276,2.366149125272851,2.4896207,2.481187307434635,2.343597199769265,2.4838666517919132,2.4860743538983856,3.0556542866137293,2.3137572955933297,2.4896207,2.4896207
7400,2.390000000000001,3.17111327602347,3.17111327602347,2.990370074947001,3.2329403612467313,3.1156837923841314,2.9918859958951147,3.188255,3.182173846136827,3.066397429452182,3.186453311467142,3.185556963106401,3.7905027107457676,2.9204855975591673,3.188255,3.188255
7401,2.8016666666666663,2.1640425408154185,2.1640425408154185,2.3942547186001395,2.291880097813408,2.3406947008949945,2.1702793164281147,2.2378001,2.243552116070406,2.1799878473174457,2.2515898606762788,2.237730391327969,2.464813121598605,2.138194391361367,2.2378001,2.2378001
7402,1.9899999999999995,2.8528459512230495,2.8528459512230495,2.8035478121598443,2.8485687839084406,2.844636984425109,2.5546382921465787,2.7983656000000003,2.76633688094923,2.8304942079801005,2.7801376084104423,2.7911229486888542,2.7620333254478897,2.5080987189871315,2.7983656000000003,2.7983656000000003
7403,2.4166666666666674,1.8629117969167066,1.8629117969167066,2.2323959928923607,2.1016134912161757,2.1632192439208193,1.9824213996529272,2.0119166,2.0107198713670167,2.1002886723836545,2.0228230453666036,2.0118870700816003,1.9276643855066253,1.9804020723810607,2.0119166,2.0119166
7404,3.111666666666667,2.6347708091739426,2.6347708091739426,2.5546128730192104,2.6268678486779056,2.574821688914937,2.49127928582682,2.5556807999999998,2.545741112014492,2.6947565941381897,2.5453230602140176,2.5555335084541753,2.540730656092542,2.48169383453958,2.5556807999999998,2.5556807999999998
7405,3.5916666666666663,3.153435845689217,3.153435845689217,3.0024964686430695,3.0257671130636616,3.0076796908992742,2.9999266125850754,3.087832,3.0771917914158315,3.1601071544102113,3.073893730580002,3.0878713283653307,3.4231398051359334,2.971220707607507,3.087832,3.087832
7406,2.316666666666666,3.4784867144851557,3.4784867144851557,3.271454483762156,3.5079744038070984,3.3898432303876715,3.3644015293090384,3.5047336000000002,3.4930783593100845,3.476726051407366,3.488532679125509,3.5047838335537707,3.6267523069081644,3.321645576667795,3.5047336000000002,3.5047336000000002
7407,3.7550000000000003,2.368870246206926,2.368870246206926,2.6368735660643443,2.6146439855130366,2.650685238601146,2.4085234630060004,2.3482089144107254,2.514426489108148,2.7390369133884,2.515781061885331,2.544292613065709,2.429693802498737,2.398853350169726,2.5443423,2.5443423
7408,3.331666666666666,3.133492554048525,3.133492554048525,2.8688497094905343,3.296184572509394,2.9501205504540584,3.2901230950491316,3.2874237999999996,3.3300748846116712,3.2415288107244034,3.328365803602932,3.27827265424573,3.7271759625048175,3.2178004209285347,3.2874237999999996,3.2874237999999996
7409,2.840000000000001,2.903613024888209,2.903613024888209,2.6168909071800566,2.9144616007558337,2.691824704267601,2.9313591775643846,2.8899852999999998,2.946888522903036,2.87834394694165,2.9465943146222484,2.8906713647397337,3.077158259547785,2.862720949405105,2.8899852999999998,2.8899852999999998
7410,3.083333333333333,2.8109234502963436,2.8109234502963436,2.712298797603077,2.6962481365527147,2.639427060607253,2.7626418924425895,2.7608407,2.785866756641944,2.9476715039674373,2.7846767264932963,2.7615195200430236,2.707894234868797,2.71833466690323,2.7608407,2.7608407
7411,3.098333333333335,3.3640814784724444,3.3640814784724444,3.327605708441841,3.372635748306086,3.322998315265498,3.2136870948696137,3.3141724999999997,3.301736192647502,3.5112904284309283,3.3081181293137094,3.315618117752009,3.4063222705794973,3.1940817817683986,3.3141724999999997,3.3141724999999997
7412,3.496666666666667,3.503647432034984,3.503647432034984,3.5398443576986414,3.5958706710613084,3.5466809625043214,3.440210309822672,3.4876559,3.474062065068202,3.6525922455799402,3.4814291196750937,3.487761651788971,3.427662784039574,3.4468123874805356,3.4876559,3.4876559
7413,3.88,3.8463472013646838,3.8463472013646838,3.799953372063286,4.086915062277452,3.937427852830196,3.7685004462966836,3.893195711301053,3.8441549792244296,3.8881815824810295,3.8516930755745147,3.862354889360632,3.7791049481153483,3.772594753220512,3.8624525000000003,3.8624525000000003
7414,4.495000000000001,4.180938658561188,4.180938658561188,4.1879134198954135,4.104228049724228,4.158535949637789,4.1896727519243155,4.19321,4.179160823089304,4.158734803486295,4.171967809543202,4.1931140138201055,4.135674540149749,4.2011913968561965,4.19321,4.19321
7415,4.408333333333332,4.68305477263366,4.68305477263366,4.660300739180545,4.437572977928306,4.607275381002008,4.7599184821482785,4.772864,4.751293993301417,4.573937385298841,4.73141799961051,4.772146528170969,4.737315169139366,4.757705431023788,4.772864,4.772864
7416,4.781666666666667,4.131161914359737,4.131161914359737,4.038235838011245,4.151471178392802,4.085294351926656,4.324953651329573,4.189097,4.220940721305414,4.033972265313091,4.208257951656309,4.189135607097758,4.128575121086273,4.330348094945101,4.189097,4.189097
7417,4.864999999999999,4.187743196370898,4.187743196370898,4.200637202458723,4.144663528416896,4.1447088971659625,4.21767673878215,4.320204843697606,4.200150328010094,4.117518211798828,4.212391826550949,4.1850343946915505,4.14614151238377,4.205220687123184,4.183444000000001,4.183444000000001
7418,3.833333333333334,3.898203411024233,3.898203411024233,3.8687983853201464,4.063414155248331,3.9279779592306054,3.960590118783851,3.8861594,3.9364999816325787,3.8316877920673122,3.9776369200120385,3.892242213886961,3.8204022092667653,3.9412128981606953,3.8861594,3.8861594
7419,2.7216666666666667,3.100124928450853,3.100124928450853,3.142236977582931,2.919110103530565,3.027180767568828,3.335289453900498,3.0371973999999997,3.1110069802936575,3.074463919771039,3.1173506524754266,3.0375688615911898,3.006185014596583,3.344668146191746,3.0371973999999997,3.0371973999999997
7420,2.1549999999999994,2.5067951313310397,2.5067951313310397,2.7184410737901814,2.502232853606231,2.598863888793677,2.8497373658732936,2.5808402999999998,2.6201162675541134,2.759990296308873,2.6007794513627633,2.581005965517979,2.5436506807160617,2.8883039629883136,2.5808402999999998,2.5808402999999998
7421,2.036666666666667,2.311309079449799,2.311309079449799,2.777497182909138,2.509675650809081,2.667312792687089,2.5840664427710633,2.4565234,2.4502282499636983,2.686390965537081,2.4506858476642606,2.456421433226926,2.403470698268481,2.64328974797883,2.4565234,2.4565234
7422,3.0599999999999996,2.400939628077076,2.400939628077076,2.716830049191465,2.4785379778136125,2.5660410654892445,2.6452612538114426,2.4617147,2.4607562172983988,2.6956302940004377,2.4574674130775103,2.4619165294226995,2.397154002972429,2.712500816990966,2.4617147,2.4617147
7423,3.816666666666666,3.2908019896377483,3.2908019896377483,3.2260609719875215,3.106256830054844,3.134849150938242,3.2809189863560473,3.1253214,3.1414515184589407,3.302565945846347,3.1346082414140306,3.147984185994902,3.4471894510841032,3.3130037138019275,3.1253214,3.1253214
7424,3.663333333333333,3.917294550689836,3.917294550689836,3.9349628357776734,3.8673949185684586,3.915130407299392,3.789760150195946,3.8742907,3.849899789078736,3.9191561371064987,3.8563220328373324,3.8722417842023975,3.7471733669528065,3.7907736095808042,3.8742907,3.8742907
7425,3.9099999999999984,3.7109394986056214,3.7109394986056214,3.7225812401941303,3.6720602105126896,3.708068309253947,3.6801864402700737,3.7194262000000005,3.704304132440571,3.7261919160129824,3.7032048262224215,3.719339467319954,3.6786194208272285,3.6797456518879703,3.7194262000000005,3.7194262000000005
7426,3.5066666666666664,3.9977352955496546,3.9977352955496546,4.066934826484271,3.9770154845320875,4.052401421390278,3.7804021976445283,3.782423387062697,3.915345077015211,3.9720878760974254,3.9315671125003053,3.957812195465725,3.913672123792029,3.7743205177131816,3.9585314,3.9585314
7427,3.408333333333333,3.4692496722236306,3.4692496722236306,3.6255080691978527,3.3673240209127884,3.507507132227515,3.4880953430130877,3.4683113,3.4655635563175364,3.5035578977755,3.4707444549148194,3.4682605230883627,3.2984706332030913,3.490632488569204,3.4683113,3.4683113
7428,3.665,3.5176947327331796,3.5176947327331796,3.596072149593623,3.37201493250183,3.4930125080262986,3.486263193764946,3.4195828390522904,3.482926154262046,3.54999898543697,3.4836959685308013,3.496250085025653,3.5068625143767127,3.4878168606424325,3.4963446000000005,3.4963446000000005
7429,3.8533333333333335,3.8061709497528846,3.8061709497528846,3.7771325427628906,3.7580451950130027,3.77603698984259,3.721776168696988,3.797789,3.7751499751495428,3.827471899883539,3.7751243755225485,3.797622781020309,3.755478590829307,3.7185577309880657,3.797789,3.797789
7430,3.1466666666666665,3.975732902610044,3.975732902610044,3.9648856262670336,3.9229612483414416,3.9548889842815442,3.787406530190037,3.911984296761197,3.887808061274301,3.948862915660959,3.899926586124485,3.9178007022574497,3.756412101554188,3.780727176073878,3.9178949999999997,3.9178949999999997
7431,2.9716666666666667,3.322573392204163,3.322573392204163,3.4354163452084125,3.436996619273644,3.4428403728092576,3.343447957302906,3.3803067,3.3655395507610506,3.4632671849109107,3.3660630555851423,3.3802722744013547,3.291767219142092,3.348038339605763,3.3803067,3.3803067
7432,4.278333333333334,3.563162967742212,3.563162967742212,3.666784751090448,3.613967110890986,3.6700328650144485,3.3765995160094224,3.577517,3.505164160321476,3.670863797249902,3.5013071706965566,3.577268793822565,3.4310337523620276,3.3820534155841564,3.577517,3.577517
7433,5.751666666666667,4.617288049195364,4.617288049195364,4.593249721483069,4.791897010882507,4.725826690951034,4.625670843168209,4.748496,4.708302585410298,4.7013530821757845,4.717632150209018,4.744561374075317,4.889879306341267,4.6303734706321595,4.748496,4.748496
7434,5.883333333333335,5.278627235383947,5.278627235383947,5.2592705721467805,5.3970255272759875,5.2895435469064385,5.306497843478188,5.4220667,5.410119620808094,5.318894032646939,5.420096694756103,5.42534237098715,5.557252761663436,5.288708540715646,5.4220667,5.4220667
7435,5.323333333333334,5.250881265052868,5.250881265052868,5.035452888287512,5.291001016068126,5.132382369114823,5.664136097497813,5.5014142999999995,5.555183728360656,5.284155963609456,5.524851234790669,5.504565858117531,5.512465933719561,5.646116738933652,5.5014142999999995,5.5014142999999995
7436,5.561666666666667,5.595935735582799,5.595935735582799,5.442091909915226,5.617638861213997,5.5614192078688705,5.629198971482071,5.319865100087027,5.577935623595341,5.616866546263349,5.574912734267782,5.575247724015326,5.573242354817208,5.643886803387713,5.5751987000000005,5.5751987000000005
7437,7.373333333333333,6.217656418309298,6.217656418309298,6.350147993784128,6.230653178340123,6.380757170440219,6.033413973119979,6.012781835926875,6.107065140150148,6.399265869807843,6.147624587075875,6.177072846163937,6.144287693640181,6.069128116565766,6.177593700000001,6.177593700000001
7438,8.116666666666667,6.821066863077353,6.821066863077353,7.261391592490289,7.429089253276621,7.458973761010465,7.430696046447036,7.4888678,7.465212798887976,7.768077694655025,7.483293234537422,7.54698197751223,7.528630510817408,7.446165839779921,7.4888678,7.4888678
7439,6.688333333333335,7.141585280398532,7.141585280398532,7.254514406323272,7.446135211020296,7.380811447308956,7.711239508801185,7.5006127000000005,7.538937461921273,7.937950539770097,7.506627697111483,7.503832726069568,7.658174046632424,7.724886317767828,7.5006127000000005,7.5006127000000005
7440,6.9383333333333335,6.589928127888488,6.589928127888488,6.582364448689244,6.662771742905287,6.661959918634691,6.658147330132705,6.730131964809381,6.508712716696149,6.51307687391871,6.491580973982643,6.4946497337619,6.333846870949515,6.699936533703486,6.4947357000000006,6.4947357000000006
7441,6.566666666666667,6.55545625079502,6.55545625079502,6.651120637992714,6.928091815291538,6.870363227292756,6.7832973731591615,6.6722083,6.68080669473213,7.039704542831762,6.672754477610635,6.743746896569093,6.5848058079372125,6.819652504933284,6.6722083,6.6722083
7442,6.271666666666669,5.903001305617203,5.903001305617203,5.966359857027989,5.887064561289867,5.902114150866086,6.307967192050635,5.935303,5.970094817205167,6.020786895680747,5.939172686434964,5.937295539390277,5.735083585590533,6.350295900317405,5.935303,5.935303
7443,5.6466666666666665,5.4701956679995,5.4701956679995,5.46054906370183,5.552099468189423,5.502115206636242,5.99470458632363,5.952352221056307,5.669095799614613,5.641931972163552,5.635916585923873,5.639011578091301,5.468830046218991,6.026310330157684,5.6318855,5.6318855
7444,4.688333333333333,4.934689190236633,4.934689190236633,4.866916502268765,5.068171966029262,4.950703459127157,5.315502899023717,5.0264087,5.06436110055419,5.023860971447794,5.030876966783881,5.027149480450562,4.899503290868793,5.33758865336997,5.0264087,5.0264087
7445,3.1899999999999995,4.126757499974112,4.126757499974112,4.13756163280348,4.065923340631762,4.0421169266207695,4.576662929518777,4.202792,4.24554308944785,4.156093483975692,4.206353797681909,4.203211344015415,4.14593112552683,4.600253214664626,4.202792,4.202792
7446,1.968333333333333,2.9384881337682214,2.9384881337682214,3.2274934585976762,3.223292540706068,3.1680642250742554,3.4680226366402382,3.162292,3.1858734641584796,3.229597021358502,3.1630207360310796,3.1624185791831856,2.992746581936727,3.5032956051713002,3.162292,3.162292
7447,2.2100000000000004,1.9525308014295721,1.9525308014295721,2.5686464797861337,2.229082950303659,2.362931774874471,2.316738997668441,3.3819517843159903,2.182122278350178,2.545016589088223,2.175052309143096,2.17281555370135,2.1655194154784527,2.3530645639222243,2.1725453999999997,2.1725453999999997
7448,2.321666666666667,2.1639311937423686,2.1639311937423686,2.10541573026776,2.124859755383245,1.9942687067706661,2.402482225770059,2.1480596000000003,2.1868278814312765,2.2229850898646815,2.1536998961144898,2.1504556049762984,2.2089556763536566,2.4038544088162066,2.1480596000000003,2.1480596000000003
7449,2.3200000000000003,2.3750225453098093,2.3750225453098093,2.2889751654630253,2.3025966581781994,2.292157141401793,2.1976465697174072,2.3003182,2.3076410257152977,2.33626751367394,2.3030576583138,2.3005519727409585,2.2271926233986576,2.1638636959128656,2.3003182,2.3003182
7450,2.1566666666666667,2.5174962410328385,2.5174962410328385,2.4125556595770874,2.4707124321528573,2.499218013694562,2.046295747379716,2.4262686,2.400218604026332,2.3483665719900326,2.423839591711916,2.425749373104302,2.213482160726273,1.99093602174186,2.4262686,2.4262686
7451,2.408333333333333,2.2743857544603485,2.2743857544603485,2.211742683929357,2.2161032580842708,2.2132025479262616,1.97178577759378,2.2339144,2.219418039740765,2.1117809592094097,2.231339222565406,2.2333050835255515,2.135621170369538,1.9284241256569155,2.2339144,2.2339144
7452,1.3750000000000002,2.401879030611815,2.401879030611815,2.273653683844177,2.279304252796925,2.2518648784101836,2.1680445688882584,2.2823147999999995,2.2932888426631597,2.3825479138843906,2.2849016571006864,2.2843702230476013,2.330057424692793,2.1312975461907446,2.2823147999999995,2.2823147999999995
7453,1.1266666666666665,1.416267722129156,1.416267722129156,1.7988975064047952,1.6748983727032245,1.70477922116316,1.6226132821536519,1.6424991000000002,1.6447331783357648,1.749947660954851,1.6431522848181093,1.642523692592175,1.6624460268374688,1.6178249585086917,1.6424991000000002,1.6424991000000002
7454,1.3733333333333337,1.3802869756968987,1.3802869756968987,1.6854563366832496,1.3821620432707156,1.485534569699956,1.5237934187779505,1.4471562000000002,1.45882665467234,1.4907038808469366,1.449441034356067,1.447284279603418,1.499035852263662,1.5290353881689525,1.4471562000000002,1.4471562000000002
7455,1.4466666666666674,1.9553094340209187,1.9553094340209187,2.094315971131853,1.9998834518641082,2.055174624645958,1.7652943176460472,2.0486458750877627,1.8967342300733852,1.9330102842215549,1.9095442891659293,1.9088855307212476,1.9186925301043363,1.7577673134194542,1.9088773,1.9088773
7456,2.0933333333333333,1.72859398327506,1.72859398327506,1.9951151716674609,1.7832020114077012,1.8012191120309784,1.8021003611331907,1.7637925,1.7756801838916836,1.6601038175458789,1.7660681917485692,1.7639391377161884,1.7925396799189057,1.8024279359761288,1.7637925,1.7637925
7457,2.756666666666667,2.6282073216803754,2.6282073216803754,2.597368628638131,2.531233704309819,2.5664317912625796,2.3747227021381505,2.4619630453645476,2.5029463269295205,2.5265655727222853,2.513050416655026,2.5123644117331168,2.4238592444132525,2.359990689939462,2.5118005,2.5118005
7458,3.598333333333333,3.1042567649295654,3.1042567649295654,3.2901109443396717,2.9909303636611826,3.114974001741551,2.9059738303919693,2.9646169999999996,2.9569119996329873,3.0715819975618563,2.9649234790568944,2.9645923577805795,2.9149088960108958,2.911286080764775,2.9646169999999996,2.9646169999999996
7459,3.464999999999999,3.6906404366209085,3.6906404366209085,3.6439844733850624,3.633870144368373,3.600862305176643,3.7400211242124164,3.6819966,3.7022485193574983,3.705407099384082,3.68558574230529,3.6889448985399187,3.634294194970933,3.7307425141196906,3.6819966,3.6819966
7460,5.040000000000003,3.6893846856630725,3.6893846856630725,3.562181283963648,3.682644795565317,3.588918545065897,3.8441575299641224,3.7290382000000006,3.753614981745522,3.665615953638549,3.731270248795398,3.729223549333718,3.7088832708178754,3.837085651410602,3.7290382000000006,3.7290382000000006
7461,4.466666666666667,4.862747850018206,4.862747850018206,4.992836897549596,5.0754457033920755,5.14669808198864,4.925392937521208,5.1473703,5.134312514018658,5.145686791594056,5.152608575669766,5.13945091914044,5.1338947601763465,4.89591137281989,5.1473703,5.1473703
7462,4.868333333333333,4.484056607084455,4.484056607084455,4.240338500262026,4.447571008681887,4.369718342648215,4.550472075265995,4.442198,4.47214340336696,4.373187128031824,4.449074287466659,4.442368184045886,4.2984254233044945,4.545135725598425,4.442198,4.442198
7463,5.125,4.567052570924938,4.567052570924938,4.635966461191761,4.361405562219406,4.480175263675695,4.414945732045836,4.4929440000000005,4.4930300111980985,4.533764646336759,4.4985181535197505,4.493888346917858,4.316032112012701,4.401823079334903,4.4929440000000005,4.4929440000000005
7464,5.585,4.668577181523524,4.668577181523524,4.696005407421056,4.764945832060641,4.72117371010856,4.766429324825656,4.8350654,4.835000241272425,4.7217675456112,4.836494235047518,4.833368739741214,4.730690205144494,4.746271667697632,4.8350654,4.8350654
7465,5.005000000000002,4.693785292541055,4.693785292541055,4.670520728978215,4.899468861393966,4.813831547679505,4.91743293142237,3.93438891960921,4.961607412365234,4.809761728831182,4.948653303387185,4.942929775518111,4.892450535602755,4.887608410319391,4.939567,4.939567
7466,4.3566666666666665,4.100135290092339,4.100135290092339,3.9538316955107407,4.295468563546669,4.214816708944621,4.153201768693665,4.183193,4.213732597639555,4.001099543148354,4.1968699686493265,4.183556878869149,4.14312719324779,4.119852445057712,4.183193,4.183193
7467,2.8366666666666664,3.231791675751291,3.231791675751291,3.1287864895258397,3.1020324004554554,3.020750881342335,3.517011203732987,3.2738762,3.3493349833593578,3.09460266982075,3.2976858444093673,3.275963727462582,3.3593202463716936,3.489693082788758,3.2738762,3.2738762
7468,1.8516666666666668,1.8955355685586661,1.8955355685586661,1.8967276011603553,1.8557013255465562,1.7329840338562277,2.300717591232999,1.9853615000000004,2.0530022229250067,1.7195122179793243,1.9958940599548363,1.985629483676962,1.925737016743435,2.2842962916658913,1.9853615000000004,1.9853615000000004
7469,1.4066666666666667,1.6358913995340987,1.6358913995340987,1.72289141140046,1.6478719945485598,1.5874547025663563,1.6293948461846637,1.6395860999999998,1.639635062022463,1.341348475191806,1.6361387634736362,1.6393993672720932,1.5084521754592726,1.613044606364285,1.6395860999999998,1.6395860999999998
7470,2.23,1.470009130487767,1.470009130487767,1.6351217194918335,1.5488106610852093,1.527633013751852,1.3959391921480724,1.5215864999999997,1.5036377461928745,1.278903896233948,1.5168309000109468,1.5212052112475338,1.308009385599576,1.3798280894809647,1.5215864999999997,1.5215864999999997
7471,1.8366666666666673,2.0545751888325468,2.0545751888325468,1.7578222434886324,1.8905885852003046,1.8143891969638204,1.8766492317918118,2.0263159999999996,2.034195245994073,1.9030466288565162,2.028648128742084,2.024302695419096,2.3644718264228235,1.8219977839606731,2.0263159999999996,2.0263159999999996
7472,2.461666666666667,1.819152040336143,1.819152040336143,1.8152644787387309,1.8215847395696212,1.798482669285848,1.5504935144939305,1.7976402,1.7808243479597428,1.6234532761873033,1.7943504831940045,1.797022789136598,2.0097702159376736,1.5095464045469584,1.7976402,1.7976402
7473,2.6966666666666668,2.301092369706451,2.301092369706451,2.145900386041376,2.3960780331969067,2.3341133646722145,2.0900331802553396,2.3677482999999997,2.3612245647176877,2.331057330920358,2.3668716038270556,2.3528057781085243,2.9013905406200107,2.0305019818112235,2.3677482999999997,2.3677482999999997
7474,2.4650000000000003,2.6931475249058887,2.6931475249058887,2.5391342405529302,2.6607475227183564,2.669385594125485,2.304213947680267,2.6423075000000003,2.621773509860981,2.7302879567472758,2.6402861963940234,2.6376316575684657,2.8249865886417753,2.2454462986422783,2.6423075000000003,2.6423075000000003
7475,2.2849999999999984,2.5129633459149163,2.5129633459149163,2.404646048742853,2.567380300190637,2.554489493003506,2.273431603455566,2.5121536,2.497631621963651,2.5811851242933077,2.5107246406325174,2.511646503550762,2.5712753535255413,2.2307772777022885,2.5121536,2.5121536
7476,1.7966666666666664,2.3447874810881872,2.3447874810881872,2.3926114733727237,2.279257326640329,2.3353740499685234,2.1737464006599057,2.2031992438912287,2.2947073283695136,2.3660423608641254,2.303998238181401,2.3047053218471256,2.383822649302497,2.1515022128335763,2.3048856,2.3048856
7477,2.038333333333333,1.9541393403772545,1.9541393403772545,2.1907663304843803,2.0464144718266657,2.1234470310688978,1.901169929341849,2.0322285,2.013289818533166,2.0385391674414866,2.0303338512607665,2.0320931776431124,1.9538513444887973,1.8924633635384231,2.0322285,2.0322285
7478,2.2850000000000006,2.194995072263154,2.194995072263154,2.1450979849189675,2.1170763500224705,2.100968840957561,2.084753813380469,2.1713963,2.1684046383091697,2.1156359130889753,2.1707656231464254,2.1713116883760795,2.135394048512921,2.059815422224068,2.1713963,2.1713963
7479,1.6949999999999998,2.5324534122201365,2.5324534122201365,2.4041129946603927,2.333224991318259,2.4111994841376685,2.192578674430748,2.4144306,2.397922705223562,2.396443069821242,2.4137404125137056,2.4145442165801003,2.3351285978612286,2.1517766973711705,2.4144306,2.4144306
7480,1.2466666666666666,1.9750670269435864,1.9750670269435864,2.2363608265406523,2.040400083539624,2.1414460726091473,2.0157140994585068,2.085373,2.076576003112319,2.0609118340428303,2.0852355409468197,2.08539930828207,1.974472096977843,2.0105841514265106,2.085373,2.085373
7481,1.51,1.9514593915976313,1.9514593915976313,2.248137467198334,2.0097899095003884,2.1711639917498466,1.7786106554688579,2.0586130000000002,2.0079277887337867,1.9540010306825844,2.052837689886702,2.058543942397189,1.9181959404148325,1.7688114560089119,2.0586130000000002,2.0586130000000002
7482,2.46,2.6095844524731544,2.6095844524731544,2.420619853611365,2.527995663033126,2.4399411401403324,2.3099905080965124,2.5948534,2.5430557354164156,2.245415479560232,2.5819674319675325,2.594710358067168,2.470398647207702,2.2841088125770272,2.5948534,2.5948534
7483,2.46,3.524278752382853,3.524278752382853,2.972513753772844,3.1294832869383296,3.141782672988257,2.935693676769764,3.2091562999999996,3.1737425882157844,3.0935836971616713,3.2051022660186366,3.209390411819041,3.088391948709726,2.902994222860456,3.2091562999999996,3.2091562999999996
7484,2.46,0.33275353117357476,0.33275353117357476,2.0534998924556325,1.1551608951502739,1.6259511549679493,0.9942859586431374,1.0212426,0.9678659582080487,0.8641343979027902,1.0163639130335511,1.0210231877833098,1.2530798411579518,1.0675134429955513,1.0212426,1.0212426
7485,2.46,2.7117841122890436,2.7117841122890436,2.310077355971324,0.8095381610975396,1.2940226713570886,1.9547636444657561,1.5640283000000004,1.5836128812598282,1.8298397439863434,1.5475496145028793,3.829278638415589,2.7161844714143046,2.043155160652942,1.5640283000000004,1.5640283000000004
7486,2.46,1.690998885047605,1.690998885047605,2.541808806667898,1.8724566191812206,2.2980001420634997,1.946169809893174,1.6005683,1.6164619171403323,2.0095594189658064,1.589352262231435,1.8936980024292684,3.1032024367451587,2.044869044125986,1.6005683,1.6005683
7487,6.633333333333334,2.1358942604210305,2.1358942604210305,2.8250692947705325,2.007345471367697,2.631050293471384,1.3703599914675206,1.4799733000000002,1.437811581009882,2.267442630929785,1.4764230437607706,2.2948588790225233,3.046070283312092,1.4825543726286017,1.4799733000000002,1.4799733000000002
7488,5.623333333333334,3.8558845282686054,3.8558845282686054,5.369715867581464,4.984662032956998,4.944039465485406,5.800519089618459,5.7251199999999995,5.753438466332808,5.575829295149813,5.040836123826188,4.966415338938807,6.428210661429025,5.7805911519515,5.7251199999999995,5.7251199999999995
7489,5.015000000000001,4.9132681350923875,4.9132681350923875,5.052837152606375,5.517363876731302,5.583654655145426,4.889734347617049,4.8761864,4.890685963266705,4.6107637564778345,4.985428311182162,4.8758300636121366,4.748226243207962,4.8884255139047035,4.8761864,4.8761864
7490,3.8149999999999995,4.0421329284918075,4.0421329284918075,3.763633648580508,3.709220983602816,3.5913490128578403,4.396453717512407,3.969239,4.025068437290475,3.927542566464494,4.552557920333726,3.994510925510871,4.032490412293592,4.401899292444449,3.969239,3.969239
7491,1.9350000000000007,2.858860350903074,2.858860350903074,2.77061695460522,2.4311571662311207,2.2443190206953423,3.632070018208738,3.01098,3.081827985727294,3.0859213880537153,3.8397245391330266,3.0118185535610356,2.9985982029175586,3.6482173098049673,3.01098,3.01098
7492,2.1916666666666678,0.9325982650700655,0.9325982650700655,1.8215338645472552,1.614488355298227,1.7054823748569157,2.0758779747118647,1.5068656999999996,1.546903260482317,1.8115929528265358,2.7212693940165695,1.5070298433015172,1.5751223521629028,2.1023458548930334,1.5068656999999996,1.5068656999999996
7493,3.030000000000001,2.3727405031154465,2.3727405031154465,2.227809503265954,2.0619712181259287,2.0382228017973585,2.42498260158415,2.203005,2.214809423551081,2.461793617273381,2.6177258591121015,2.2559355957129226,2.3197947834712584,2.4388500872019208,2.203005,2.203005
7494,3.44,3.0553129730620703,3.0553129730620703,3.183129917148651,3.319445652762696,3.3284416457610044,2.9283246342663665,3.0361514,3.0293746335642053,3.0732498295666346,2.9251721483151396,3.0279256084460897,3.297746422164892,2.9279767919815263,3.0361514,3.0361514
7495,3.7133333333333334,3.3876756181467416,3.3876756181467416,3.4740596486569375,3.535891277992212,3.564750089308683,3.2457727234490426,3.3872316,3.3789287421427243,3.4101293492633182,3.147088963433424,3.3805726502861195,3.3488240061722077,3.2400652172999185,3.3872316,3.3872316
7496,3.711666666666666,3.4922450930666002,3.4922450930666002,3.333283276129776,3.239262484155778,3.194188866174419,3.4420187980942334,3.5155517999999994,3.512878373196596,3.4778770065687876,3.2009732738886436,3.5173189112362144,3.596169353687346,3.432745538878121,3.5155517999999994,3.5155517999999994
7497,2.8966666666666665,3.5264616901449095,3.5264616901449095,3.3475372407713175,3.300157566763032,3.2509062450675987,3.396495502832294,3.523452,3.517952504395899,3.4627152159071235,3.2547052012505233,3.5237750088397974,3.5490577627104685,3.384536049771517,3.523452,3.523452
7498,2.5366666666666657,2.9172914706707815,2.9172914706707815,2.803552368935231,2.7391597057433303,2.7370869968561875,2.7681560842336785,2.658978596159902,2.908490648213329,3.033018844648365,2.6894849432026877,2.922081932213999,2.7873902400687625,2.758207419038623,2.922057,2.922057
7499,1.6150000000000007,2.560423693165491,2.560423693165491,2.4851560680067664,2.3412314627998887,2.3381221803760415,2.5008019690150385,2.5463723999999996,2.545971001419648,2.699086646310889,2.4124919473275463,2.5464569846189646,2.402860526859482,2.4946446916315916,2.5463723999999996,2.5463723999999996
7500,1.6583333333333337,1.5228278908455883,1.5228278908455883,2.046026876535122,2.0403670073821747,2.124904393628148,1.8550682539639898,1.8265768000000002,1.8320241186693336,2.0803565265325394,1.8964615135082947,1.8265162846446765,1.8457246337585709,1.8581373812364808,1.8265768000000002,1.8265768000000002
7501,2.166666666666667,1.84649714235939,1.84649714235939,1.8579238082384035,1.607099386862449,1.6535713973433492,1.9417520693713581,1.8279414000000003,1.8396962990663357,2.023653905911352,1.8766898084069088,1.8283730815807637,1.9014116306397564,1.944389614688412,1.8279414000000003,1.8279414000000003
7502,2.605000000000001,2.3016820470133474,2.3016820470133474,2.1972736850550074,2.0511161533272695,2.036670401619514,2.3159979381460962,2.2527467999999997,2.260178261308373,2.3136037426393656,2.238232939584698,2.253056123956393,2.249493506153275,2.317324719592924,2.2527467999999997,2.2527467999999997
7503,3.083333333333334,2.69256511131889,2.69256511131889,2.755036473341546,2.782615335888013,2.8271003365283933,2.525041498114796,2.6314243999999998,2.622815255273811,2.694737047314505,2.557199893142318,2.6305498324069023,2.6091075436907447,2.519747049377684,2.6314243999999998,2.6314243999999998
7504,3.156666666666668,3.589668117012476,3.589668117012476,3.5365883828551,3.4290476363457323,3.527769906005079,3.2744168771303306,3.4871964,3.4544611465286605,3.680887867515782,3.3888945299861915,3.486349196157337,3.385030018017322,3.268125413955358,3.4871964,3.4871964
7505,3.486666666666667,3.2386283151146347,3.2386283151146347,3.4221413104031235,3.5140257464481253,3.5488464020768844,3.2640349569661504,3.3199949999999996,3.3116000920431206,3.380521841297123,3.3189268780016024,3.3198238174635764,3.3974406782596054,3.265219225223928,3.3199949999999996,3.3199949999999996
7506,2.656666666666667,3.5442875794731696,3.5442875794731696,3.2981204643040436,2.995135700842323,2.9937349336945505,3.493927373480119,3.440549,3.445840465412274,3.573377455518966,3.414664563866798,3.4425588167112293,3.457299184151519,3.4911079569710677,3.440549,3.440549
7507,5.208333333333333,3.510222553601488,3.510222553601488,3.1142580753512443,2.756962867165434,2.580116983508009,3.361100595379184,3.3721227999999996,3.366004175828886,3.3930557963838175,3.2337093888499364,3.372129256525101,3.269221882534021,3.366546349262434,3.3721227999999996,3.3721227999999996
7508,5.495,5.132736795861101,5.132736795861101,4.56596540399473,4.540814922629314,4.34600853071384,5.117200415813837,5.386426999999999,5.342327965127976,4.921930324391635,5.103960856734259,5.3961493573652435,5.382381734838597,5.102827396247203,5.386426999999999,5.386426999999999
7509,6.268333333333333,6.020372999850373,6.020372999850373,5.02810344708003,5.15592700520036,5.009056538076106,5.619431255451745,5.6235995,5.6530671640521595,5.246015674808059,5.583360103207782,5.623886784204458,5.682566807049494,5.614249468815954,5.6235995,5.6235995
7510,6.698333333333332,6.530493168941927,6.530493168941927,6.586039400907515,6.8839789883961835,6.875939923195859,6.364727298648669,6.6740975,6.611773823288575,6.583966878286665,6.6535582040978225,6.6719165677992045,6.593471957032822,6.361747623970888,6.6740975,6.6740975
7511,7.5100000000000025,6.4943445078810385,6.4943445078810385,6.486005114494654,6.742036051401617,6.657860279158529,6.728840139381429,6.6710080000000005,6.673695649829644,6.575278410540854,6.673157605881766,6.670631804072968,6.56251831227795,6.741099824245958,6.6710080000000005,6.6710080000000005
7512,6.234999999999999,6.392831304090521,6.392831304090521,6.749761537775976,7.048184569141689,6.940008807754094,6.884862748276017,7.000857000000001,6.934378902612669,7.05187285299464,7.001545728780337,6.995945564158607,6.999077291272224,6.89156821825506,7.000857000000001,7.000857000000001
7513,5.745,5.419884829063157,5.419884829063157,5.604453479234339,5.723559668701773,5.573575082230623,5.966691010652566,5.561151000000001,5.623372053855251,5.483511532538995,5.595169168663735,5.561279825753863,5.498894852233711,5.989194794067201,5.561151000000001,5.561151000000001
7514,4.988333333333333,5.223585393313688,5.223585393313688,5.123900935349515,5.118053584579613,5.077619565090572,5.608976033675226,5.2178726,5.258974236928889,5.384554746212121,5.23419031567996,5.236369468667655,5.141002243590117,5.630743031020606,5.2178726,5.2178726
7515,3.7149999999999994,4.516155238618892,4.516155238618892,4.491747621707264,4.594387438620309,4.504074230797413,5.093938133927448,4.620040400000001,4.706042127807352,4.601532217117803,4.628691595666998,4.620699512558659,4.746344648261226,5.116113373257507,4.620040400000001,4.620040400000001
7516,3.5866666666666664,3.451608771200923,3.451608771200923,3.5095709488806714,3.384611860327242,3.3625915887442375,4.127656203182256,3.5826578000000002,3.622790787965236,3.7922662434441716,3.5900935239527176,3.583129466400711,3.5986663000358976,4.160419459224633,3.5826578000000002,3.5826578000000002
7517,3.598333333333331,3.3898086696851846,3.3898086696851846,3.572172767675003,3.536884891742278,3.5444308578101342,3.847951486240468,3.6614009009009,3.474464291245652,3.627057955243137,3.4477846027113626,3.4442883663735437,3.367624374127622,3.8770972395349026,3.4431508,3.4431508
7518,3.415,3.4972066622312856,3.4972066622312856,3.5855839853571956,3.5451764126186043,3.5339583224675977,3.8041235398658424,3.4770171999999997,3.5059308927331108,3.6076814501074894,3.4816616918638337,3.481170391749737,3.383132430507959,3.8250684152896284,3.4770171999999997,3.4770171999999997
7519,3.3600000000000003,3.2321030897770626,3.2321030897770626,3.2843605727381227,3.22877434512667,3.200028390758642,3.42021223463914,3.7833405891742804,3.2765039686866815,3.306314391879938,3.246317027101534,3.2439213909068316,3.0659559853313367,3.4227573487516993,3.2430553,3.2430553
7520,2.7250000000000005,3.2092935585379117,3.2092935585379117,3.1679731083447438,3.0536532448034093,3.0485724118124566,3.2620831236944685,3.1885595,3.199203686650576,3.2744039385041113,3.1913318968137965,3.1890313379781894,3.0999600037970247,3.2611333233028406,3.1885595,3.1885595
7521,1.6866666666666668,2.555008201054738,2.555008201054738,2.61554777432027,2.4325952398747983,2.4402307110522976,2.749823630795601,2.5925187999999997,2.611127521282569,2.808315895601795,2.5961231495804293,2.592727119704657,2.5742654233898534,2.752162413127274,2.5925187999999997,2.5925187999999997
7522,1.9833333333333332,1.3558816801729034,1.3558816801729034,1.8410957701318127,1.70618829949963,1.669000018729947,1.9934976663762671,1.689556,1.7200248181327082,1.9362999710557856,1.693703100388098,1.6896445003938787,1.6769761537674337,2.005909263921765,1.689556,1.689556
7523,2.281666666666667,2.1136355389031256,2.1136355389031256,2.0589321774957576,1.8269828638375822,1.8258107358600233,2.1747565667035333,1.9323417,1.9515287047062844,2.2485730814786966,1.936540473001956,1.9343783505780647,2.0031998573282204,2.1826301845541716,1.9323417,1.9323417
7524,1.4716666666666662,2.3465020534141345,2.3465020534141345,2.336336339035199,2.275201741245107,2.2428535755785175,2.3853711023690853,2.2734384999999997,2.2888573562731294,2.3647849503611975,2.2760704389316944,2.273757791607121,2.3074328516497027,2.387754837690953,2.2734384999999997,2.2734384999999997
7525,1.943333333333333,1.7458002926684042,1.7458002926684042,2.184953576876262,2.14807071038672,2.2005178419496527,1.8063604947988683,1.8881747999999998,1.8663188123634664,2.0779096280879585,1.887377780173665,1.8881224490524562,1.8527932751702094,1.806553500643291,1.8881747999999998,1.8881747999999998
7526,1.8816666666666664,2.248825166128306,2.248825166128306,2.1501395059511115,2.009605996852544,2.0142866908231634,2.0673093808948595,1.9196021815848543,2.103856803777691,2.248108401326387,2.1110725522131646,2.111436928454208,2.1814301323378427,2.0626819530123313,2.110662,2.110662
7527,1.8176470588235292,1.9305343113872002,1.9305343113872002,2.01405082445154,1.877777180846194,1.8410978935025715,1.92823761705978,1.9293245,1.9343139092223887,1.8574261046179863,1.9315255246982415,1.9294694161024792,1.8828766181434005,1.9230352200292302,1.9293245,1.9293245
7528,4.085714285714285,2.3515783601798894,2.3515783601798894,2.5479799972718125,2.534883667949624,2.5249353978688927,2.2448616949521476,2.2752957,2.255706763941175,2.4263380840039583,2.2749746907971438,2.275401417180215,2.242610315937,2.247077010007235,2.2752957,2.2752957
7529,3.436666666666667,3.5795884634222896,3.5795884634222896,3.5465542642501444,3.446204767450724,3.3935660026637615,3.835439323455079,3.9200714,3.9206753566569543,3.755312606730665,3.920452258059531,3.543131217311263,4.015182254377823,3.8250433927348566,3.9200714,3.9200714
7530,3.6116666666666672,3.226414717804919,3.226414717804919,3.223288607382318,3.011394433395531,2.985826445178929,3.171162909201624,3.2067766,3.2092485563974336,3.0998993925044043,3.2133300533650004,3.2068973648580146,3.3185043206613267,3.1615316549169927,3.2067766,3.2067766
7531,4.023333333333334,3.6951888255031076,3.6951888255031076,3.6357988735648736,3.5377889213511633,3.5884444027844764,3.4380626172377977,3.130243445692884,3.7430790241845693,3.6850899194909585,3.7865332647873324,3.790640995214684,3.7829184714525343,3.4206098847286035,3.7888134,3.7888134
7532,5.908333333333333,4.421412349209871,4.421412349209871,4.317324837860159,4.28928890575726,4.408753958341485,4.003038442313036,4.4006300000000005,4.356299015973842,4.311327404127142,4.39537978318814,4.400279088118196,4.373042762104312,3.984815542525456,4.4006300000000005,4.4006300000000005
7533,6.006666666666665,5.758566475755452,5.758566475755452,6.274378075712816,6.345056641857909,6.640254050310347,6.0712753419888745,6.567919,6.531959089020926,6.291385590513267,6.55564643889557,6.4640420546753194,6.65640425484875,6.044429370332447,6.567919,6.567919
7534,6.826666666666665,6.355523135128022,6.355523135128022,6.103722460302091,6.161944652735861,6.2377317114369255,6.011518689826205,6.173608,6.15304825337134,5.923281080778386,6.169788535261967,6.173348939899487,6.174777999938304,6.008284266872551,6.173608,6.173608
7535,6.765,6.119089413560779,6.119089413560779,6.260239748207004,6.190950515345006,6.223502180243221,6.455669886299625,6.406493,6.416208461375476,6.338735913690317,6.40835195585654,6.410481964348552,6.448455559008835,6.451738405233453,6.406493,6.406493
7536,7.083333333333332,6.0393904073756906,6.0393904073756906,5.974590272954636,5.916727656149806,5.926586654596971,6.255529223603562,6.1982408,6.212841462612914,6.245509745770628,6.199978545272298,6.1985406304625155,6.2149716854037,6.249975385792014,6.1982408,6.1982408
7537,5.2266666666666675,5.7036769993691845,5.7036769993691845,5.823506119876607,5.764343118653799,5.794487119745053,6.136032310608377,6.13051,6.152034479572931,6.263198547981735,6.134127014598927,6.129542867645519,6.143120807978704,6.121394304115094,6.13051,6.13051
7538,4.598333333333334,4.172221858651719,4.172221858651719,3.9999261372664527,3.8397383617870298,3.6921125304949753,4.4955920499367625,4.599742268041239,4.185981442496652,4.045008146505331,4.150224783461217,4.138430813962851,4.113476775041486,4.501217127799019,4.1383066,4.1383066
7539,3.453333333333334,3.6884570890094057,3.6884570890094057,3.6164140589312455,3.491428708735778,3.4264326810001027,3.8817205171961704,3.7011516,3.7334692907663443,3.637878340291265,3.712037483353348,3.7044425951409186,3.563708687922965,3.8797632802172743,3.7011516,3.7011516
7540,2.2033333333333327,2.657776785975689,2.657776785975689,2.6172666596426373,2.457884646770617,2.3070160795850096,3.1353188565983094,2.7191286,2.7764392614301117,2.5738869884853113,2.72912756040344,2.71958761238234,2.682712489293502,3.141689271317913,2.7191286,2.7191286
7541,1.8600000000000003,2.040587689901339,2.040587689901339,2.264631594165076,2.2312856635492633,2.1428645149743217,2.3300723502975647,2.3482089144107254,2.189508948104166,1.9756109731881053,2.177205484587326,2.175914647212027,2.156723776434138,2.3375942072653526,2.1758897,2.1758897
7542,1.791666666666667,1.9112573316045418,1.9112573316045418,2.1627309186309853,2.1237313259645743,2.1002080673708083,1.9547117689089544,1.9331863999999999,1.9338355537220946,1.7439446445649507,1.9339122536072355,1.933172951921568,1.862442302104642,1.9561967737209771,1.9331863999999999,1.9331863999999999
7543,2.033333333333333,1.8682202171888447,1.8682202171888447,1.9146138323585118,1.8578004811299682,1.8351729039015765,1.7394795922202162,1.781113680915384,1.8763328555872991,1.523682273747239,1.886656397900774,1.8871594534044949,1.8048458761795283,1.7292863768669111,1.8873520000000001,1.8873520000000001
7544,2.394999999999999,2.123672555236444,2.123672555236444,2.044153829445502,1.958780341809885,1.9621540803091992,1.9220352844111481,2.1879772727272697,2.094599452552632,1.8148498267634778,2.1046894965440193,2.1049163920275302,2.0323831255114744,1.9095078837000883,2.105801,2.105801
7545,2.7433333333333323,2.450521907254494,2.450521907254494,2.3751575442436508,2.2963367957737173,2.345537272204794,2.077107281400478,2.3413806,2.327423252213606,2.223862804895132,2.340877844703513,2.340008688823691,2.3211863582418975,2.061502362696544,2.3413806,2.3413806
7546,2.5866666666666682,2.7306432097444513,2.7306432097444513,2.635308060742175,2.567069334830849,2.6427133087777497,2.351278986151807,2.680575,2.664817449979121,2.592021182211071,2.6793457076178058,2.6749419169516946,2.617806188354689,2.336397437926516,2.680575,2.680575
7547,2.468333333333333,2.5466253074353733,2.5466253074353733,2.4090767728158884,2.2933287747056363,2.367324013234004,2.279035000090814,2.5408267999999996,2.533839835122744,2.443195701360178,2.539691400200179,2.5402472397624436,2.3586068392383552,2.267382514311024,2.5408267999999996,2.5408267999999996
7548,2.626666666666666,2.481627551770748,2.481627551770748,2.4632188152044825,2.40034181420826,2.45774155422415,2.2042720624237875,2.3688997139458037,2.476960455932646,2.403668614926487,2.4913090656914045,2.491504180207257,2.507565474125591,2.1929782469065557,2.492526,2.492526
7549,2.738333333333332,2.7405083674857806,2.7405083674857806,2.6550519596137865,2.617155644971483,2.668191432461325,2.447135873464431,2.6971812,2.6846881242413785,2.723903932233072,2.6958965887832145,2.6960194891555624,2.674122696613741,2.434809768081765,2.6971812,2.6971812
7550,3.2333333333333334,2.9227679802812845,2.9227679802812845,2.9120585370161876,2.9170523254749163,2.9940822968779264,2.489554859499097,2.8503456000000003,2.8246079289853974,2.8612606265265894,2.8487932257636674,2.84915066330204,2.673812970223718,2.4723052798297567,2.8503456000000003,2.8503456000000003
7551,2.7816666666666667,3.0510173512955445,3.0510173512955445,2.8122564038499953,2.6840297909666035,2.745865369881333,2.81660346463951,3.1590975073147964,3.10708063956299,2.9857521849167608,3.105606529556022,3.104950017695643,2.9641457727060345,2.792458382473189,3.1059783,3.1059783
7552,2.6950000000000016,2.6540243631678737,2.6540243631678737,2.3623826172030506,2.181567830255644,2.243008659975148,2.329729671328435,2.5515382,2.5610817101663326,2.5273194079469894,2.5523702518419578,2.551930192754237,2.34361528780866,2.3011860515681763,2.5515382,2.5515382
7553,2.4400000000000004,2.4320404623687653,2.4320404623687653,2.186916068643291,1.9478484898074948,1.9848894423303933,2.362480781888211,2.658978596159902,2.420177871756339,2.3945284605709354,2.392343647887401,2.3929962235030757,2.391450300389633,2.335829883758133,2.3900222999999996,2.3900222999999996
7554,4.0616666666666665,2.3777569724428846,2.3777569724428846,2.201613555562301,2.045485354859391,2.100453122813578,2.1785491348309742,2.360305,2.3703457851783334,2.327837143669706,2.361325157870168,2.360571369100797,2.35438663853618,2.1463364251921284,2.360305,2.360305
7555,5.003333333333333,3.3688186132551627,3.3688186132551627,3.4989611005482897,3.473493259267401,3.5924258211034372,3.6055882881310235,4.037179,4.031941774214928,3.7700557787908466,4.033837970204313,3.9933441496776982,3.987371337555644,3.5355539079468157,4.037179,4.037179
7556,6.531666666666666,4.421696611000416,4.421696611000416,3.9304820465319787,3.763368946522102,3.956602220929529,4.622495509794231,4.6060677000000005,4.66281935755346,4.1072930008515325,4.608281618735521,4.629353211108032,5.100928857784636,4.5337573434418506,4.6060677000000005,4.6060677000000005
7557,7.078333333333333,5.496386883259928,5.496386883259928,5.776478874553811,6.104468684131338,6.325889560498217,5.857762225645027,6.4036599999999995,6.366427290574552,5.7958007854033,6.390054967582808,6.337084731977322,6.470135220218264,5.716777243037944,6.4036599999999995,6.4036599999999995
7558,7.821666666666664,6.624773400343932,6.624773400343932,6.450032644372121,7.000162878743129,7.367111171523971,6.286179019672865,6.832917,6.80900819964974,6.366698596201614,6.82038767511964,6.7962970049824225,6.978196051464623,6.123958596949819,6.832917,6.832917
7559,7.525000000000002,6.588932921894452,6.588932921894452,6.540201681083477,7.079944936747975,7.286853498538458,6.914905442510282,7.356559000000001,7.356882700950504,6.93382685853256,7.351239824260636,7.265653095271494,7.36527600142017,6.716009790705982,7.356559000000001,7.356559000000001
7560,6.586666666666668,6.380972144789766,6.380972144789766,5.856988586333461,6.157456732665466,6.231182472146028,6.540763426728958,6.702864999999999,6.712593719063094,6.5060275712323685,6.700845795862833,6.697233593900759,6.570685796381582,6.3172479567995845,6.702864999999999,6.702864999999999
7561,5.745000000000001,5.34433091049615,5.34433091049615,5.2161355416977475,5.3311130438075285,5.492518757937498,5.4353430845719695,5.531684396937331,5.437656364119204,5.401319326159196,5.420878252511461,5.416695022982921,5.400911919542518,5.322984908808786,5.4161997,5.4161997
7562,4.601666666666669,4.532579585627157,4.532579585627157,4.44954447729304,4.440139702313164,4.4925841434221265,4.72626312659642,4.6571956,4.668978739773911,4.6003454296638,4.659898123071329,4.657295304712544,4.671335387384155,4.654949234708505,4.6571956,4.6571956
7563,3.066666666666667,3.3979444848201568,3.3979444848201568,3.2919646095833484,3.0757568622928493,3.125012226493415,3.7764302941075507,3.4187567000000003,3.485138062654729,3.3106284740227565,3.429259525775875,3.419851220045576,3.384008971931351,3.7520841446465703,3.4187567000000003,3.4187567000000003
7564,2.1683333333333334,2.5236360410336447,2.5236360410336447,2.6562513569142516,2.5201621330145456,2.6030316209182063,2.7470026086037556,2.4900017000000005,2.5535123959952326,2.327726403414162,2.4957124180374635,2.4901630515582793,2.479666976935463,2.7583964954217515,2.4900017000000005,2.4900017000000005
7565,1.829999999999999,2.0991238590537034,2.0991238590537034,2.2331181330071344,2.1044179194149573,2.0684840569810943,2.2627570684131744,2.2259952999999997,2.2309357402306524,1.9761126788013152,2.225167070603173,2.2259176396360782,2.21079348999198,2.2655776793338105,2.2259952999999997,2.2259952999999997
7566,2.0099999999999993,1.8391707487633315,1.8391707487633315,2.034946386582657,1.95136236836716,1.9445229411199951,1.873055257425157,1.9112214,1.906442744428434,1.6715541057235224,1.9104544372746706,1.9111703108454605,1.8449406294349557,1.858941565365251,1.9112214,1.9112214
7567,2.446666666666667,2.103141859188838,2.103141859188838,2.0681379338793424,2.0487730166927633,2.100407413409302,1.9028172292092753,2.0083246,1.9981599599634279,1.9189627021374123,2.0082202831507523,2.008286893879305,1.8768119877064597,1.8381467189836742,2.0083246,2.0083246
7568,2.728333333333332,2.3765157251004343,2.3765157251004343,2.1832786154337196,2.135303445379024,2.2112507689932497,2.299926092394811,2.3407762,2.3443535393747164,2.2997262857397835,2.3414421100746035,2.3412009773858884,2.373392147648113,2.1995952236767913,2.3407762,2.3407762
7569,2.836666666666668,2.7162162252025026,2.7162162252025026,2.560027881955789,2.6691158170666434,2.7698370310788314,2.4879591754289,2.6433744,2.6366820072962938,2.7236777534255245,2.642995387414128,2.642710687627708,2.590561258857597,2.3683290360770943,2.6433744,2.6433744
7570,3.1733333333333333,2.843857859464306,2.843857859464306,2.7856450106615114,2.9346586396588967,3.036399195012114,2.52599749322371,2.762623,2.739247966916279,2.8327232281455297,2.7604735140595755,2.760527601500544,2.7374762084110227,2.4107851397417415,2.762623,2.762623
7571,3.336666666666666,3.060267540119809,3.060267540119809,2.9178125428017294,3.1456756325270274,3.262047122772204,2.8730516449805066,2.955940185950227,3.0865232241976694,3.189402213416013,3.0937134138730062,3.088494134585452,2.9566388553737353,2.714727040085565,3.0949468999999996,3.0949468999999996
7572,3.261666666666667,3.2048119722583945,3.2048119722583945,2.963188762084603,3.1806485507147975,3.2942233612017624,2.973649440634176,3.0657424721640094,3.1855141236846913,3.254944848407253,3.195318699410997,3.194126965722506,3.076235591974915,2.7979364200664847,3.1965911,3.1965911
7573,3.6183333333333336,3.1215733792934905,3.1215733792934905,2.834309614029918,2.9983884841237387,3.1089121996449585,2.9639940034897356,3.1084151,3.110484566624024,3.169104013948867,3.1082151302105836,3.108062609785462,3.1503688983381313,2.7934150909226223,3.1084151,3.1084151
7574,3.5266666666666655,3.3487631723265014,3.3487631723265014,3.0596844311187588,3.2603308442948693,3.378987707446281,3.2627483984077013,3.4255430000000002,3.4251065223741772,3.489396656602579,3.4251958976915664,3.4238902597381604,3.5324299651508717,3.0691179557620267,3.4255430000000002,3.4255430000000002
7575,3.591666666666667,3.4003626811172176,3.4003626811172176,3.067722610228553,3.3281775059504937,3.4581266786264595,3.1464294986610115,3.3063278,3.3106635515509812,3.4417480821332385,3.3067251765063963,3.306435794729239,3.4352790636748005,2.9559577143613707,3.3063278,3.3063278
7576,3.411666666666667,3.506757843169901,3.506757843169901,3.2955160526881344,3.330724974765904,3.376652920821693,3.5005222161927336,3.5014083,3.5115824659187433,3.576646728873039,3.5028316803223527,3.5049560815497727,3.6725094151577258,3.412553407162389,3.5014083,3.5014083
7577,2.9299999999999993,3.3617019955198995,3.3617019955198995,3.2069094605941517,3.2874414871642967,3.379393865492426,3.3160822453187344,3.2967927,3.318074972070339,3.4235898811140566,3.299026538271042,3.2971193764557847,3.38776320849243,3.2144403908948997,3.2967927,3.2967927
7578,2.3933333333333326,2.678326349223817,2.678326349223817,2.454512815659392,2.3908373070542224,2.5131674077366064,2.9215445534926037,2.6946380000000003,2.758578024507114,2.8161119703047426,2.6992461905840566,2.695153439380696,2.68054981142847,2.790897320955322,2.6946380000000003,2.6946380000000003
7579,4.5983333333333345,3.556926046168538,3.556926046168538,3.6263045941574323,4.127993589265392,4.221129701031193,2.7187645385090313,3.3869512000000004,3.286262098369257,3.71123000584249,3.3835263719382693,3.3866069341422427,3.184104795379381,2.575527288657609,3.3869512000000004,3.3869512000000004
7580,6.841666666666667,4.555519210979291,4.555519210979291,4.294883745018169,4.864250894041883,5.090294027452959,4.8964060219353,4.8720665,4.917421886720539,4.856396744729233,4.873359731430501,4.904351169601426,5.098935844879568,4.643461516874304,4.8720665,4.8720665
7581,6.633333333333335,6.154891984690368,6.154891984690368,6.156897174497288,6.9154113269050175,7.0749512229572105,6.784914796830916,7.058216000000001,7.062485094141754,6.7001753669461035,7.06265781632387,6.987946743918745,6.972204454186843,6.478896919403535,7.058216000000001,7.058216000000001
7582,6.6016666666666675,6.983219505650817,6.983219505650817,6.699182759573715,7.218563007722791,7.197299281891146,6.313463528986436,6.754131299999999,6.676864455690048,6.481269630235305,6.735260920042873,6.753253393839371,6.703675358937051,6.215955654075006,6.754131299999999,6.754131299999999
7583,6.675000000000001,6.518943862664342,6.518943862664342,6.510240378021857,6.81751932556092,6.755261280259796,6.33107251624183,6.572739,6.526188660793292,6.287825759839859,6.5623502139412295,6.570842248051932,6.473388232553269,6.3087743582792974,6.572739,6.572739
7584,6.153333333333333,5.99771415597751,5.99771415597751,5.943542704301704,6.2269065491069515,6.258798748167521,6.267507260423568,5.86476057712958,6.209701910655754,6.054101889409576,6.176063738857082,6.169118647673935,6.2149716854037,6.225093008166581,6.169133,6.169133
7585,5.77,5.4253988441834755,5.4253988441834755,5.327129746008307,5.423631144275213,5.405741703269639,5.47374519247724,5.445161,5.450080878564732,5.332326436876324,5.444673022792035,5.44510521228161,5.38633290511979,5.442507256121552,5.445161,5.445161
7586,3.729999999999999,4.544632738394468,4.544632738394468,4.51371284379404,4.41677117874516,4.404518523229309,4.79423119139987,5.155618069145467,4.690700886479007,4.59249679159854,4.6812815467033335,4.6818739360353,4.590809774915889,4.742665467419707,4.6811566,4.6811566
7587,1.8749999999999998,2.6511127144467035,2.6511127144467035,2.7852629668309663,2.5748702166851407,2.6697183763354024,3.221604010617911,2.7574925,2.858135927485644,2.6810713778711106,2.7751126609319847,2.757678105254956,2.762962065067697,3.2478514828949065,2.7574925,2.7574925
7588,2.138333333333333,1.507387931310674,1.507387931310674,2.0642491652889583,1.7365038738731022,1.6965920062573514,1.8866296812134533,1.7698698999999998,1.7752837723717416,1.6800586418495222,1.767375956097328,1.7699107574602717,1.8748702297930642,1.9800627595185096,1.7698698999999998,1.7698698999999998
7589,1.9183333333333332,2.104499933943172,2.104499933943172,2.024738135116844,1.8228501909860035,1.8438339681245963,2.234335298102772,2.1109548,2.1257952173788284,2.1245335632797806,2.1115238927593047,2.1122117367884705,2.183508812419584,2.232798765754952,2.1109548,2.1109548
7590,2.1333333333333333,2.025342498274652,2.025342498274652,2.1642577678759505,2.1406971201838085,2.1789727714219134,1.9082869597582708,2.0242480999999994,2.0091340735688323,2.092484120618689,2.0223354715558717,2.024134547726856,1.8991121773529085,1.8738441138932538,2.0242480999999994,2.0242480999999994
7591,2.2933333333333326,2.347031424060739,2.347031424060739,2.2878051899594793,2.416737765189429,2.507220771277777,2.145326173808531,2.1653287439018545,2.2860892567852256,2.3692478355974753,2.300033693150447,2.300739009527041,2.2458435277425988,2.0432180495085266,2.301477,2.301477
7592,2.645000000000001,2.611953472209785,2.611953472209785,2.5707907028285186,2.773619439780108,2.8581813216650382,2.2558720607966727,2.3549590806465535,2.48130617321572,2.61204495677597,2.5063482648704087,2.507595930861794,2.4554564389394224,2.1413302181684184,2.5082150000000003,2.5082150000000003
7593,2.5983333333333345,2.879677787001673,2.879677787001673,2.820351576772416,3.05707640439008,3.123220987757268,2.5267873793620366,2.816442,2.785203091155807,2.8597954745650256,2.8131498504925405,2.813400561892851,2.6991501752100966,2.3830703716514985,2.816442,2.816442
7594,2.8483333333333336,2.7025897881430976,2.7025897881430976,2.6638611092342552,2.793517724997541,2.852445007569674,2.5126791076869184,2.6759467,2.661174222789435,2.628476617760846,2.6740503753676377,2.6752654037932904,2.6193977256325303,2.391651761282512,2.6759467,2.6759467
7595,3.0883333333333316,3.0249252531053124,3.0249252531053124,2.9934051048694,3.225382044137704,3.273856130200754,2.643635528603978,2.9294577,2.89922873544238,2.9763841115551997,2.927232862584512,2.9271815943813912,2.8441222613574935,2.5083827934881726,2.9294577,2.9294577
7596,2.8400000000000003,3.098620791637705,3.098620791637705,2.942678473536907,3.1862407534454174,3.2713274065018108,2.9218544013850414,3.0924287,3.0837165865413523,3.0854220784682176,3.091387964206956,3.0900332961968706,2.9918991817661524,2.748912199480886,3.0924287,3.0924287
7597,2.713333333333333,3.081206958902831,3.081206958902831,3.039179758510908,3.2526019517707794,3.2980994033401245,2.7096328771712135,2.9762762,2.9490430655319018,3.002128305848621,2.97517981621263,2.976002771596485,2.907310792441397,2.5902379032121585,2.9762762,2.9762762
7598,2.286666666666667,2.9475336837481727,2.9475336837481727,2.8680106246645396,3.0179820128224466,3.077864924536143,2.693368087887462,2.8734474,2.858081455581593,2.8507821073094917,2.8738404690196204,2.873528503846069,2.8433708957932877,2.587753974943802,2.8734474,2.8734474
7599,2.416666666666666,2.4500426962797124,2.4500426962797124,2.45343603718993,2.5421398636646706,2.600834550584384,2.314009869968915,2.4187060000000002,2.412936498338417,2.2987902013088632,2.4197554663828007,2.4187777217148962,2.312663224668341,2.217831952531375,2.4187060000000002,2.4187060000000002
7600,1.8383333333333334,2.1885850894141834,2.1885850894141834,2.0427788140100187,1.8122819171827629,1.8933091838954557,2.4055539480793735,2.182529,2.222894340100386,1.9847789138173417,2.186721618103024,2.1837466297373673,2.2896777102144306,2.3379262480531686,2.182529,2.182529
7601,3.6499999999999986,2.851802186344167,2.851802186344167,3.226352532055006,3.2822034650784038,3.207226628507654,2.3866005712336578,2.7697642000000005,2.7063842109708283,2.8243426407119743,2.7676385141041555,2.7695755460281406,2.6778019986550508,2.461418832401689,2.7697642000000005,2.7697642000000005
7602,4.283333333333334,4.245685046797816,4.245685046797816,4.1722510135650595,4.314540384451343,4.378141040669721,4.229463102986503,4.296526999999999,4.294362556168714,4.407687714293709,4.297315092506628,4.290499475671723,4.318240561030688,4.2214555659159005,4.296526999999999,4.296526999999999
7603,4.81,5.039066747925701,5.039066747925701,5.005258747564266,5.026687388624066,4.987339105424516,4.791496290817323,4.996462,4.972538861390429,5.133489971754956,4.996213807644849,4.99633501704081,5.012263796853669,4.835574141813816,4.996462,4.996462
7604,5.391666666666665,5.5488959001124165,5.5488959001124165,5.43992877496123,5.763343738084368,5.809812497332699,5.392818929395059,5.418124,5.424794799710066,5.6572162659024325,5.419390862062524,5.418231856612388,5.393897263761907,5.4433980774700474,5.418124,5.418124
7605,6.008333333333334,6.222295672045316,6.222295672045316,6.159013550647343,6.351302590544375,6.312497497420953,5.922700224386533,6.129036009491163,6.115123461543249,6.226174867624315,6.13696480706294,6.136914877385615,6.11319910955657,6.0075799986333305,6.137133599999999,6.137133599999999
7606,6.201666666666667,6.327194285496189,6.327194285496189,6.207255838018238,6.250070452437015,6.2407098492723865,6.336443869368159,6.3405213,6.3396646063284345,6.26598796595,6.340576651862531,6.340416255808483,6.299608011024096,6.423526708886246,6.3405213,6.3405213
7607,6.4300000000000015,6.242706940668793,6.242706940668793,6.18924484413729,6.140871666353423,6.127113721087425,6.3531756619316155,6.284684684684684,6.2774766002042135,6.185461406634242,6.269659096020223,6.2693896433507375,6.134932058295156,6.471450703717341,6.269378700000001,6.269378700000001
7608,6.594999999999999,6.329353484621377,6.329353484621377,6.531210371504844,6.517687346581523,6.428813972169712,6.298332467789784,6.346935,6.335793335057673,6.3890493938347825,6.346490582571999,6.346743637361243,6.273958294789018,6.463171323018699,6.346935,6.346935
7609,7.278333333333333,6.702221636951956,6.702221636951956,6.986350082833551,7.0145622975211825,6.953445705173529,6.415239090516746,6.6820693,6.6400471256176505,6.807925828403219,6.68047851274475,6.675674972654875,6.4248520753081495,6.617083863286608,6.6820693,6.6820693
7610,7.456666666666665,6.7280448527219585,6.7280448527219585,7.073818451637669,7.158400151943711,7.152183110648226,6.895375781004708,7.035636,7.014058321332771,7.395110153822371,7.034726364053615,7.074458394626658,6.827107733985962,7.044671034945587,7.035636,7.035636
7611,7.258333333333335,6.90291497318754,6.90291497318754,7.214564681671223,7.13700699765432,7.157093147398966,7.148415903152353,7.3836827000000005,7.347020338167935,7.610417547621135,7.382332297115667,7.365557333001241,7.054144385412797,7.282363787815694,7.3836827000000005,7.3836827000000005
7612,8.720000000000002,6.949307299259582,6.949307299259582,7.096370664623178,7.220484686217498,7.245766252786579,6.898995907302357,7.0790415,7.055897025078156,7.280344610456838,7.078523441034172,7.076942505807096,6.6939985951356284,7.033624814174807,7.0790415,7.0790415
7613,8.618333333333334,7.52124931888157,7.52124931888157,8.532949726113399,9.331858145120227,9.44397467523557,8.253819582406006,8.567563999999999,8.540667383203964,9.386851523687728,8.566961392604544,8.575284985901733,7.650012627430918,8.301689511514555,8.567563999999999,8.567563999999999
7614,8.268333333333334,8.511975081740225,8.511975081740225,8.684775621133277,9.323161401336435,9.317464341789329,8.285933870162138,8.554314,8.535261797518089,8.772551312065417,8.553710276198107,8.552408474220176,7.5239581053604,8.401993332261412,8.554314,8.554314
7615,8.14666666666667,8.462126072199888,8.462126072199888,8.450650529226492,8.960121156549059,8.918586439199798,8.166638329874722,8.399839,8.37885952357332,8.254662757705233,8.399192081489268,8.397815763886943,7.390757950060608,8.277874290217225,8.399839,8.399839
7616,8.095000000000002,8.55128883402966,8.55128883402966,8.499058614314958,8.945260524766987,8.892261708025734,8.203214880665474,8.4639225,8.439526731460752,8.344813434468715,8.463371159455868,8.461914638695097,7.405144541917567,8.317740970433494,8.4639225,8.4639225
7617,7.944999999999999,8.526975094076068,8.526975094076068,8.341567344668517,8.72725991938122,8.641330199253147,8.153370756850165,8.363146,8.33960565720227,8.1551329472856,8.362591359145345,8.362103837795974,7.372217870419204,8.251752530991595,8.363146,8.363146
7618,7.6133333333333315,8.448287197658301,8.448287197658301,8.242672793170954,8.559247591134081,8.45066680322357,8.087988682699113,8.287391,8.258805521097567,8.02385290035792,8.286621755110511,8.286670274591765,7.354394973977552,8.190359239962149,8.287391,8.287391
7619,7.680000000000001,7.928283611129026,7.928283611129026,7.6783351964572795,7.542625715947802,7.593611728747381,7.465463919584438,7.6966867,7.6732327481485125,7.250146482942688,7.696005828412972,7.696304053397294,7.151077667302391,7.621849198348903,7.6966867,7.6966867
7620,7.408333333333333,8.004692305680734,8.004692305680734,8.245083736069928,8.267405710008415,8.326295054508885,7.584831653770148,8.168558,8.113837636505938,8.024870072801596,8.167265725729472,8.160003031717702,7.1811902901422116,7.717462694903435,8.168558,8.168558
7621,6.709999999999999,7.56759022909899,7.56759022909899,7.665078085037961,7.692348931302928,7.623623594477462,7.3222628629054505,7.4765654,7.449585750636646,7.0015709314554835,7.475480751446687,7.4761431322584215,7.229481118287242,7.486154270446034,7.4765654,7.4765654
7622,7.41,7.347802891794792,7.347802891794792,7.278331879114469,7.196530656972294,7.143801749314133,7.061684380193684,7.2173758,7.171991977997245,6.5895832178387925,7.213512764507454,7.216128595005538,6.949641652595435,7.245347303435272,7.2173758,7.2173758
7623,6.703333333333333,7.721236608724886,7.721236608724886,7.817803805915498,7.815069132198656,7.831748490035801,7.483058850969876,7.8380213,7.787390511457668,7.615065781867319,7.835920403785435,7.819711347340042,7.2771948530021024,7.599955585564819,7.8380213,7.8380213
7624,6.463333333333332,7.566009152146613,7.566009152146613,7.423114796301467,7.254310907333791,7.229127950567605,7.198476310846068,7.478458,7.404838367625059,6.682168257015816,7.465092146570614,7.478040372068238,7.055327257211916,7.351732195233301,7.478458,7.478458
7625,6.636666666666668,7.276495289483501,7.276495289483501,7.628998782658011,7.443042315578222,7.331033802336071,6.644057802201559,7.099725200000001,7.005332037920041,6.63332937799168,7.0726698395349725,7.098855692419457,6.52457031441933,6.874475954025634,7.099725200000001,7.099725200000001
7626,6.885000000000001,7.52555474656651,7.52555474656651,7.889938925786704,7.696389981780722,7.560895911359937,6.775522241655308,7.318660700000001,7.215839086194825,6.882152131661027,7.289277714933695,7.309940295551513,6.937115093543192,6.992964759949048,7.318660700000001,7.318660700000001
7627,7.181666666666667,7.516526178947602,7.516526178947602,7.4937224916918925,7.25353769023779,7.270675766238677,7.417763092206682,7.553246,7.496805055859716,6.766699494789826,7.524448153212172,7.547430246041296,7.193900216106333,7.584097438734222,7.553246,7.553246
7628,6.963333333333334,7.989043742076205,7.989043742076205,7.865818851433386,7.669274802404818,7.664446221686865,7.5880701947639695,7.840623399999999,7.7708547088335616,7.33013802160689,7.810205507863452,7.839149570362662,7.2250571167694275,7.732209470138707,7.840623399999999,7.840623399999999
7629,6.6766666666666685,7.456164742937187,7.456164742937187,7.099176349913698,6.761796334590079,6.841631345372082,7.448625975185146,7.410584557259019,7.246673299511533,6.500036040010899,7.259356263228771,7.229773362942042,7.091599082989414,7.626488481571032,7.2297435,7.2297435
7630,5.838333333333333,6.935445365066466,6.935445365066466,6.806047846824857,6.376576810382541,6.439689285268985,7.2589114626838125,6.939159399999999,6.952015045325658,6.14943022075753,6.930533267473514,6.93941289010067,6.7937906974804,7.458711772176769,6.939159399999999,6.939159399999999
7631,5.8100000000000005,6.111240850735678,6.111240850735678,6.451057011868549,6.03598955401884,5.910259078609889,6.260608377870334,6.205359419160565,6.018172101962563,5.530346092668351,6.028579811243802,5.990159554631431,5.787345768951932,6.519060621616162,5.988082,5.988082
7632,6.199999999999999,6.120515007812605,6.120515007812605,6.274005401791383,5.914728518129426,5.826914852163052,6.145756488902389,5.926035400000001,5.943819122662983,5.570925138124366,5.952155338676028,5.952593811955,5.617504229741512,6.359874196382901,5.926035400000001,5.926035400000001
7633,5.838333333333333,6.2732376962226954,6.2732376962226954,6.326825111749734,6.053333329037827,6.055671869612894,6.289768550116864,6.320085296352238,6.241462962873097,6.043353163286088,6.2573207230042005,6.259493649847368,6.0579572235192565,6.416226565666402,6.246084,6.246084
7634,5.386666666666668,5.868915827182735,5.868915827182735,5.9462649537642225,5.803939314869041,5.750813777019212,5.8840729903672075,5.8086677,5.801820037062731,5.618766376001266,5.804444056344655,5.808728411928548,5.617504229741512,5.993590946818832,5.8086677,5.8086677
7635,5.361666666666667,5.63022676885995,5.63022676885995,5.635806145807056,5.389698649322001,5.376647511762773,5.611649592981181,5.5641226999999995,5.5549711029093825,5.31622365065475,5.556883705600406,5.564060764032286,5.412182182436842,5.718305377803858,5.5641226999999995,5.5641226999999995
7636,5.078333333333334,5.735172772832097,5.735172772832097,5.853544643819383,5.733382420805182,5.662977704715463,5.546429008435695,5.628337999999999,5.59822705508166,5.493226224078127,5.620212152802653,5.627899732768788,5.4609327408346235,5.648329503215352,5.628337999999999,5.628337999999999
7637,5.433333333333334,5.389175218318945,5.389175218318945,5.463536676286416,5.32181279295087,5.266440248471045,5.358766180663848,5.336371400000001,5.3177700335085225,5.043930317475588,5.3199457038648,5.336266723513941,5.067484616437755,5.456482872452402,5.336371400000001,5.336371400000001
7638,6.346666666666669,5.308738919064096,5.308738919064096,5.23923316702332,5.071261463797594,5.126854891057226,5.39445886586259,5.3305625999999995,5.35015785146198,5.0594796016277055,5.354788314335337,5.331325444246644,4.991098276071846,5.4286022524906254,5.3305625999999995,5.3305625999999995
7639,5.328333333333334,5.7843090601807905,5.7843090601807905,6.080504622288149,6.2836979365516274,6.268814726128973,5.794474974946816,6.092601999999999,6.058567932764737,5.930092567532261,6.094242221319526,6.058843623233709,5.85905744903561,5.711678393003655,6.092601999999999,6.092601999999999
7640,4.560000000000001,5.36467239901951,5.36467239901951,5.309442948072471,5.443491906541327,5.3085378904221034,5.033668513544273,5.1711903,5.147976029291151,4.969533727840184,5.141112998984423,5.171067259001077,4.808297304024539,4.994273999131943,5.1711903,5.1711903
7641,4.535,4.589774757716585,4.589774757716585,4.489078297573017,4.448080563865219,4.422740076915272,4.5351268750176645,4.489436,4.512547795569683,4.306229641650688,4.511503956885612,4.489503733343262,4.228950105839674,4.526754549398255,4.489436,4.489436
7642,4.304999999999999,4.502367255628473,4.502367255628473,4.461165933197925,4.554273326097948,4.527392245269268,4.627362793375726,4.547166000000001,4.567758649667172,4.360306949626689,4.561163789196461,4.547409303201845,4.275075416340447,4.601838524763332,4.547166000000001,4.547166000000001
7643,3.4850000000000003,4.385661199452948,4.385661199452948,4.411862297847088,4.401346771867605,4.337915070277708,4.23766890151987,4.2985344,4.299675075395261,4.255913445780503,4.319718598316729,4.2985585798340304,4.042271053548532,4.2262507379860255,4.2985344,4.2985344
7644,3.6100000000000003,3.7741368280367005,3.7741368280367005,3.881413222719892,3.8720224060667285,3.7935435961732926,3.7347385390312327,3.7584918,3.7444756678912468,3.7674732878801525,3.722504226134827,3.758440579071094,3.6420523229115758,3.7455062440584896,3.7584918,3.7584918
7645,3.1200000000000006,3.8234958579761478,3.8234958579761478,3.8492062449938733,3.866899223219709,3.818602575246616,3.7806099864721885,3.7767534,3.7825376119660703,3.8060220033294923,3.790938473989738,3.7768537685288184,3.73589823807788,3.774632227569686,3.7767534,3.7767534
7646,2.403333333333333,3.0544107488003904,3.0544107488003904,3.281389360073783,3.1937616007374654,3.106075587203223,3.249129590843344,3.098758865248227,3.1283986662684966,3.215274326040298,3.1195947436357283,3.080658610062088,2.9760824515198734,3.2780877384503855,3.08055,3.08055
7647,2.4416666666666673,2.8234041473300806,2.8234041473300806,3.1700280948303314,2.985948978309325,2.9024866540104166,2.812852017425422,2.8152952,2.81733629253461,3.1292904024007897,2.846798988244493,2.8153457480791877,2.6522736310704826,2.870611610656807,2.8152952,2.8152952
7648,2.951666666666666,3.158119191814088,3.158119191814088,3.4436579449438693,3.3563657615670124,3.1920536978299996,2.7909910432346257,3.0636842,2.989448409586232,3.2928324043012367,3.014346747517617,3.0631999874778377,2.8301358409376625,2.809625248000084,3.0636842,3.0636842
7649,3.065,3.6231696629067667,3.6231696629067667,3.683410076092212,3.6441460537015242,3.6181110483086036,3.439354932508618,3.520704128803897,3.537542926322314,3.6639386238642815,3.5594948829515554,3.5685191942295473,3.4581666258143713,3.449367534680339,3.5690181000000005,3.5690181000000005
7650,2.8900000000000006,3.697797685745412,3.697797685745412,3.932176434277551,3.815500268761715,3.707600564152609,3.5357269061094647,3.67925,3.6351227039242584,3.773559605628937,3.6534880663226668,3.6791163536752682,3.4011474014785854,3.5703081660415004,3.67925,3.67925
7651,3.6583333333333328,3.5653103514430136,3.5653103514430136,3.7384976040249183,3.5458632808721755,3.542789790397149,3.5219981041035915,3.7160970063638943,3.5513117013578763,3.7009194100531686,3.59995372571446,3.5655742069028395,3.4408120431869103,3.579219770152905,3.565609,3.565609
7652,5.049999999999999,4.306058940258542,4.306058940258542,4.340204345085529,4.299838126679832,4.234434670716531,4.069084127238519,4.180975,4.151923446429259,4.315020358848355,4.227953219422363,4.180873674106134,4.129494323813589,4.096795733153988,4.180975,4.180975
7653,5.585,5.328058455734463,5.328058455734463,5.492979804539411,5.56971030721958,5.48993156052641,5.087429720769305,5.43015,5.351591057729498,5.424189169605312,5.395609772456636,5.418371850282064,5.348416570662914,5.070022288264633,5.43015,5.43015
7654,5.411666666666666,5.613823534092711,5.613823534092711,5.5759343703599615,5.484073412443225,5.522540534860149,5.434745359095459,5.686081,5.638908336889077,5.525674540372952,5.653030549183998,5.685075889725838,5.4511021112337605,5.416164284131429,5.686081,5.686081
7655,5.208333333333332,5.261753213865456,5.261753213865456,4.921414014189743,4.8085939704889995,5.042677702363703,5.387106639587193,5.315849299999999,5.364286187749897,5.100994843774249,5.423261605237118,5.316176811384766,5.028860335233038,5.365510360144481,5.315849299999999,5.315849299999999
7656,4.934999999999998,4.830270666319631,4.830270666319631,4.741978434640232,4.8645473853069525,4.791709872625034,4.907416364375259,4.8312464,4.863660282153349,4.743730358948327,4.891025207956664,4.83141491709471,4.744972709121115,4.888629010683195,4.8312464,4.8312464
7657,4.685,4.491219122306368,4.491219122306368,4.354292702742698,4.477445867869463,4.428467109329625,4.564753972093953,4.541233999999999,4.567817092516946,4.439209459452068,4.594892818867851,4.541593105447049,4.273148047577256,4.5349373790756555,4.541233999999999,4.541233999999999
7658,4.066666666666666,4.2033281145752905,4.2033281145752905,4.1840486791551585,4.325949464945326,4.257966894794231,4.087338790906072,4.2059050000000004,4.186224816898902,4.153276906996624,4.180036381601352,4.205689803833791,4.0726035796403455,4.029283390484748,4.2059050000000004,4.2059050000000004
7659,3.521666666666667,3.648851882000499,3.648851882000499,3.5345343615976406,3.775408939877766,3.684546393899908,3.5914672287990776,3.6222334000000003,3.630004795919657,3.5636347988768406,3.6215557222156174,3.6222784740455816,3.512317185173394,3.5204278558959516,3.6222334000000003,3.6222334000000003
7660,2.698333333333333,2.964435321763626,2.964435321763626,2.77630390053904,3.1602187539768805,3.036078985567035,3.078914878207943,2.976759,3.0380160653351265,2.930421343090494,3.057892659665613,2.9775366694325265,2.947898615555243,2.992907522359145,2.976759,2.976759
7661,2.3299999999999996,2.3442697528333647,2.3442697528333647,2.2657691931042727,2.5233418379461328,2.4564620989282178,2.436689211950825,2.367782,2.416308425271078,2.3248725621155755,2.422451212114887,2.3680952973542224,2.323126727099721,2.3626908729983427,2.367782,2.367782
7662,2.4150000000000005,2.1037227435351085,2.1037227435351085,2.0180805786588896,2.32203891296382,2.2548891112957246,2.1105967231567804,2.0912672999999997,2.131584207276392,2.0940347814892752,2.146179323852044,2.0918460500364446,1.9892035581033367,2.0337163327698455,2.0912672999999997,2.0912672999999997
7663,1.703333333333333,2.121101963755766,2.121101963755766,1.937515779014079,2.2024803112249707,2.154888029806426,2.153339497043717,2.1158376,2.1572096481288403,2.1103212874224253,2.132999549114234,2.116391182839716,2.078228768950141,2.062616202539247,2.1158376,2.1158376
7664,1.9933333333333334,1.8720300800512242,1.8720300800512242,1.9463810629030087,1.994800223285081,2.036334403616476,1.6553211622204027,1.8904339999999997,1.8454121752904693,1.8124778791606755,1.8076733037283765,1.8900537151970782,1.7355809874534414,1.5683649566384368,1.8904339999999997,1.8904339999999997
7665,2.464999999999999,2.24468152107088,2.24468152107088,2.171557005451493,2.418033729313283,2.4044893020583986,1.8167979942917587,2.1593093999999997,2.1220099506122274,2.1725445402975394,2.140606325638834,2.1572081159347984,2.103430819124217,1.706489044571851,2.1593093999999997,2.1593093999999997
7666,2.3650000000000007,2.683759033390927,2.683759033390927,2.548467747921654,2.781320143270017,2.772296726318574,2.306974578642544,2.6279068,2.586289501776182,2.6662182116640083,2.594196397826117,2.621318617030976,2.5559599205201424,2.2046460272248853,2.6279068,2.6279068
7667,2.2566666666666664,2.5724499622458694,2.5724499622458694,2.459960952680534,2.735751247188687,2.690326235253882,2.255052675087455,2.452918,2.448056806541018,2.510911494390876,2.4744371078857417,2.4531947250768686,2.445628249365811,2.1749521976058044,2.452918,2.452918
7668,2.175,2.3944946339534106,2.3944946339534106,2.4394982147287534,2.4697793592944235,2.489986708647052,2.1562318654820296,2.3395772,2.311543435175696,2.2502948400649334,2.3090362198769996,2.3391829477055404,2.4420254356319386,2.095495745335996,2.3395772,2.3395772
7669,2.1783333333333332,2.381856817657457,2.381856817657457,2.4219327052367063,2.51792592043752,2.5242238674700577,2.1844736507716345,2.353593,2.327668140841919,2.2974532908579244,2.3339451049849362,2.353228062384366,2.3905706667647677,2.1349688760427954,2.353593,2.353593
7670,2.441666666666667,2.4291350680821546,2.4291350680821546,2.4515163360527206,2.563914742820176,2.5624051086666175,2.2411856024682497,2.3829527,2.365879404303918,2.360674804150986,2.38021827046679,2.3828866969823426,2.4107921763294753,2.1996977486021634,2.3829527,2.3829527
7671,2.6799999999999993,2.622158193837863,2.622158193837863,2.5502935359227052,2.677401816522321,2.6717442061386176,2.4340831395832048,2.5765822,2.5658556176891385,2.5074863431519265,2.5774281106675914,2.576503486966997,2.555903784064115,2.381741435484588,2.5765822,2.5765822
7672,1.6566666666666667,2.366117121337792,2.366117121337792,2.0231961249542607,2.6229305224752446,2.444372325480394,2.414562797869947,2.3054490000000003,2.3971188137855837,2.2060851216005575,2.4018701871228725,2.3076463083653644,2.216354895863166,2.3096077122034173,2.3054490000000003,2.3054490000000003
7673,2.398333333333333,1.8037990610601327,1.8037990610601327,1.8213830263607413,2.017228427935394,1.9956143662988284,1.7121486255887777,1.8499895000000002,1.844391528674423,1.5856554220898413,1.8478378219723481,1.8499553489924452,1.7574603497659633,1.6286682383496416,1.8499895000000002,1.8499895000000002
7674,3.5900000000000003,2.8291140826484478,2.8291140826484478,2.5587888446995013,3.1535496816018056,2.9386530018445973,2.4905149606578125,2.65408,2.670674862256245,2.766039909635201,2.6710734849001057,2.6665005646263036,2.718069553029042,2.3942447343148645,2.65408,2.65408
7675,3.7666666666666675,3.8472886352837987,3.8472886352837987,3.6983425936261556,4.056917884788631,3.9435701729630637,3.4969481189856513,3.643855449156404,3.821912364290556,3.868406648516126,3.862539760569827,3.8476955239092536,3.9447271563852166,3.3919218234577704,3.8450050000000005,3.8450050000000005
7676,4.6416666666666675,4.408851660208246,4.408851660208246,4.296260772107455,4.495568033079907,4.434019879873277,4.096865402512165,4.401322963579365,4.326204530972903,4.408348464000608,4.366117406703302,4.363016334737861,4.351123307374222,4.065368222226031,4.363041,4.363041
7677,6.298333333333334,5.513462037202539,5.513462037202539,5.610124395616891,5.637802130344983,5.689469525403849,5.1252001877552305,4.809155926888415,5.432212222029369,5.578169172126842,5.485316225612712,5.5423864699512775,5.4569658642061505,5.131896972361526,5.545922,5.545922
7678,6.2,6.316682662241911,6.316682662241911,6.358070447747574,6.673191679101292,6.577784014110455,6.267238904463367,6.022169751684592,6.549359712128895,6.630152890074925,6.597064176391228,6.589365408379981,6.696229549436557,6.239862028994289,6.6020436,6.6020436
7679,6.716666666666668,6.133511960887636,6.133511960887636,5.839137379141324,5.987592861222115,5.904172799581831,6.063512416671475,5.916162782748952,6.094890503336208,5.8362892923821645,6.10567278994145,6.11122973557535,6.115231531045714,6.045476551052753,6.11135,6.11135
7680,6.328333333333334,6.032544625039131,6.032544625039131,6.098697319030027,6.4125589898581286,6.286923275183241,6.318154091981171,6.3497357,6.34767354805444,6.327970359976748,6.3491539660060266,6.348641126670774,6.364448428583827,6.2929842443817625,6.3497357,6.3497357
7681,5.260000000000001,5.46841995728777,5.46841995728777,5.2871823976803825,5.395296848336672,5.297777326114169,5.82089139357989,5.5540996,5.597758017480437,5.459777602395848,5.5574470391893325,5.554419443174269,5.537751958003517,5.832611377297464,5.5540996,5.5540996
7682,4.773333333333334,4.542566354463346,4.542566354463346,4.592760855651608,4.264961053466512,4.304332271162308,4.888287395761782,4.594822,4.6301444352263434,4.527870501843653,4.596494109247789,4.594988037220786,4.633389652808566,4.955543699775412,4.594822,4.594822
7683,3.695,4.425496764971176,4.425496764971176,4.495522662996549,4.211546045142719,4.316483506386876,4.6579694430321315,4.4267797,4.442880744604552,4.469619963150685,4.425797052841576,4.429025585869734,4.371330858594769,4.7422216476170345,4.4267797,4.4267797
7684,4.133333333333333,3.6186410139450897,3.6186410139450897,3.8054178081660175,3.531049058392494,3.644593780356845,4.028122574331915,3.7537181000000004,3.771412556054433,3.7993773454260547,3.75523549620347,3.7538648646027437,3.8107847898346248,4.150760516689111,3.7537181000000004,3.7537181000000004
7685,4.284999999999998,4.191015952530093,4.191015952530093,4.32928687538834,4.032931822724923,4.166362824266313,4.35158267361953,4.1971097,4.192586311500526,4.284621797622092,4.194466079985294,4.199269370105664,4.215991511357793,4.465525695103803,4.1971097,4.1971097
7686,4.801666666666667,4.216422883973854,4.216422883973854,4.333049222563068,4.096054971055047,4.178152111672349,4.38922814808484,4.212411,4.221494346655672,4.31059671230264,4.2135328207621185,4.213748154924628,4.192076412331345,4.490875681960721,4.212411,4.212411
7687,5.543333333333333,4.732565456619612,4.732565456619612,4.803728852857834,4.689954118843276,4.712267134156648,4.794045672338669,4.5726818181818185,4.7328804246984655,4.86025717536657,4.7344296253427345,4.73869519300249,4.6590969677407355,4.859630409106865,4.733198000000001,4.733198000000001
7688,3.990000000000001,5.1365404420962,5.1365404420962,5.275167054318753,5.1510248590544805,5.151931832799406,5.353497875287801,5.3386426,5.33080463224835,5.427135160826607,5.335967047998065,5.34426910422663,5.047613701947358,5.389516581765154,5.3386426,5.3386426
7689,4.616666666666668,3.883180737950391,3.883180737950391,4.3163995485603595,3.776321229241991,3.9158703098992937,4.216820902408304,4.0424767,4.0463539006728135,4.161144285864469,4.042047482267984,4.042495634603642,3.9644361031742945,4.343001974763137,4.0424767,4.0424767
7690,4.89,4.698005178996225,4.698005178996225,4.721674468830286,4.709352573345608,4.71102458476075,4.824595035142994,5.862218823701401,4.704641304691018,4.8524803184296905,4.700706148047867,4.741200778255717,4.67900694501657,4.901643639831297,4.689035400000001,4.689035400000001
7691,5.083333333333333,4.786059139534855,4.786059139534855,4.893858161818189,4.729175905790372,4.761706955844999,4.772852290240838,4.79659,4.780950400264451,4.880598309952584,4.786980907758821,4.796362441627546,4.73339181672284,4.807908438942588,4.79659,4.79659
7692,5.171666666666665,4.962425980000839,4.962425980000839,4.987811318860919,4.996351574447992,4.959696212159243,4.891453577623876,4.954170921592215,4.971368014445779,5.095190795923096,4.987415373788712,4.989590792248674,4.890577079327519,4.900657418480018,4.9904222,4.9904222
7693,5.326666666666666,4.979923741972081,4.979923741972081,5.030184147278517,5.032560925541237,5.026053848957993,4.995875613737287,5.0262027,5.0147345723246275,5.110231341291027,5.016561317389703,5.02581899867408,5.039484617758992,4.999456237168653,5.0262027,5.0262027
7694,5.171666666666667,5.22855212449273,5.22855212449273,5.20740851066654,5.39703697789712,5.317299357063079,5.0968550097721765,5.232434,5.214718475035473,5.41773537765421,5.2319572943712656,5.231918279168079,5.110325455619101,5.083924736173896,5.232434,5.232434
7695,4.948333333333333,5.368549215768624,5.368549215768624,5.361604610545957,5.370198598831204,5.390938495220325,5.061017734054293,5.316187,5.259422232894385,5.4214864561909835,5.295030762434816,5.3156555109217365,5.154370778744787,5.05558802667988,5.316187,5.316187
7696,5.458333333333333,4.933080445424441,4.933080445424441,4.706475077387203,4.909650571615887,4.801038622375268,4.791250715350932,4.8365207,4.837996290457188,4.8366757897646595,4.844676086405068,4.836578386113908,4.682795107328311,4.77069159229637,4.8365207,4.8365207
7697,4.515000000000002,5.033398641512265,5.033398641512265,4.997967957783556,5.323599636926342,5.151937392674009,5.139499834780174,5.210926000000001,5.2159707227712095,5.198489621919628,5.221779878711547,5.211517977586784,5.042178852529101,5.084171976235828,5.210926000000001,5.210926000000001
7698,4.571666666666668,4.556008910359829,4.556008910359829,4.349108221182151,4.447265591230459,4.397010747733129,4.623927501707371,4.516158,4.53569110756972,4.429318570442214,4.51703608410339,4.516186021762694,4.264965240811637,4.615359270897393,4.516158,4.516158
7699,4.725,4.405076177647121,4.405076177647121,4.206758978127233,4.607441107880523,4.382819838509669,4.586763209910599,4.4775100401606345,4.462890784273654,4.391604654714405,4.43664285464047,4.395371645393483,4.283946306185943,4.559416791456726,4.394591,4.394591
7700,4.034999999999999,4.209767997810992,4.209767997810992,3.988233524020382,4.651670046547358,4.311429205097056,4.518878689877377,4.303605999999999,4.40107708219771,4.273923188584275,4.375977998093127,4.305525118568709,4.100471262804991,4.450839827149345,4.303605999999999,4.303605999999999
7701,2.3500000000000005,3.7361867390519525,3.7361867390519525,3.4591587918561837,3.8820551362296816,3.6492758533652037,3.8090263136038147,4.1883407778721935,3.7941441680799115,3.6172922218640755,3.761061187114428,3.7492402355834784,3.7535949193134055,3.7335188964247323,3.7488989999999998,3.7488989999999998
7702,4.488333333333333,2.3227900045548875,2.3227900045548875,2.651909715514234,2.5335976003637426,2.565853405765382,2.5690120179637024,2.5140187999999997,2.5264605191876797,2.500435454349971,2.514554676573761,2.514039948941476,2.479666976935463,2.557245105734485,2.5140187999999997,2.5140187999999997
7703,6.340000000000001,3.8910364474939554,3.8910364474939554,4.17290380482105,4.569685928196863,4.347614956515013,4.0994413268267245,4.652085086357335,4.421250161185599,4.361489701203828,4.482063503278219,3.8399807958369214,4.482419134792672,4.0240246066093235,4.485628,4.485628
7704,4.664999999999997,4.924152727161913,4.924152727161913,5.500708090514586,5.823053799796687,5.675421637210165,5.346706178259208,5.7770486,5.701232161828518,5.544575599233779,5.76302064430264,5.675723219940024,5.917685064568875,5.256263373376365,5.7770486,5.7770486
7705,3.783333333333332,4.362203662736828,4.362203662736828,4.548930878152114,3.8259876612279538,4.057158807836734,4.175452576568003,4.392026,4.322741888024171,4.216187724459635,4.320086023777911,4.391538038035753,4.234155774081817,4.178977370281249,4.392026,4.392026
7706,1.3050000000000002,3.2996395008771158,3.2996395008771158,3.36162855076075,3.1979105882825887,3.2256494935554474,3.63285727926917,3.3301754,3.3912694683706923,3.3282665259314856,3.3439241231776413,3.330597397898062,3.3444871078697007,3.657454999679256,3.3301754,3.3301754
7707,1.575,0.9114431664377611,0.9114431664377611,2.142465288803769,1.5054430266609051,1.8024460362286865,1.665888987925015,1.7082204,1.6720157929527968,1.9474813828296262,1.613579802874936,1.7081241563227834,1.7192881758271823,1.705073322199767,1.7082204,1.7082204
7708,2.5283333333333333,1.7337341205812629,1.7337341205812629,1.7800062108014343,2.1034023992899664,2.099280725737393,1.6194639016725167,1.8609761000000002,1.8123411391411293,1.7852222573145156,1.821216754250479,1.8570205730973717,1.7522723949928158,1.5743317829807704,1.8609761000000002,1.8609761000000002
7709,2.685,2.7768101053499006,2.7768101053499006,2.5845835058943494,2.8693436797131717,2.843985245976763,2.5308194484877085,2.6321387,2.6263641670851627,2.737657238897678,2.6374148825892654,2.632413591154631,3.258109934153624,2.5040030057122777,2.6321387,2.6321387
7710,3.7183333333333333,2.878955295215958,2.878955295215958,2.9231856012269564,2.9367592135869804,2.9715913540340777,2.773230298772763,2.7878745,2.788629768412648,2.9677818768830013,2.804737777140633,2.7881483713798954,2.9547189883853395,2.7750087519929734,2.7878745,2.7878745
7711,2.5166666666666666,3.619493475679478,3.619493475679478,3.4929135581895556,3.93441277072708,3.842257549613589,3.5267328716701964,3.672884,3.6674668234768695,3.7013709065301974,3.7095468568852206,3.6690069132727388,3.675505861482031,3.488898448832529,3.672884,3.672884
7712,1.3633333333333333,2.7933879410855518,2.7933879410855518,3.3416172445687007,3.0751911588100627,3.22254241110786,3.09893734122683,3.0460582,3.040788172983268,3.2751923169157653,3.0350504185402776,3.046027791810804,3.162674970731678,3.1403128755465923,3.0460582,3.0460582
7713,4.670000000000001,1.2663942747648007,1.2663942747648007,2.6956827685433913,1.9380056337123177,2.205874356579458,2.297384388838128,2.0220249,2.039307595431145,2.511603501909431,2.0539179033168518,2.0221260383506747,2.013889927060161,2.4059487215500175,2.0220249,2.0220249
7714,4.6133333333333315,4.658593306011873,4.658593306011873,5.035628754179364,5.388279333881172,5.336662205887714,4.940714690667322,5.075889599999999,5.04599769061393,5.0707115035609,5.098492011829141,5.110216223675716,5.195873601296398,4.945316367007728,5.075889599999999,5.075889599999999
7715,4.486666666666666,4.813168178808485,4.813168178808485,4.88948951340894,4.766280423312848,4.791283431222004,4.845236004827939,4.8026237,4.813101721730109,4.692378021549369,4.775639972936233,4.802598943381959,4.748523827834994,4.869370656500762,4.8026237,4.8026237
7716,4.98,4.7923119082209915,4.7923119082209915,4.801508228476693,4.716162727009143,4.792076514857113,4.764354656355087,4.729375,4.729535756008165,4.661627386661619,4.770480393501806,4.729353146938468,4.662707228520159,4.795960068379897,4.729375,4.729375
7717,4.8933333333333335,5.106682031598315,5.106682031598315,5.095984677210297,5.134990909884549,5.130579592520553,5.1705836993798995,5.145177400000001,5.14690650866279,4.992957842122172,5.175768104666295,5.145169379315389,4.98036548164863,5.191397705744158,5.145177400000001,5.145177400000001
7718,4.263333333333333,5.323943673396608,5.323943673396608,5.300989468135288,5.302380402820522,5.328746109294295,5.079465713945633,5.237352400000001,5.18776093177819,5.137033269323522,5.183862872689398,5.237162559457716,4.986088345088815,5.093989253023222,5.237352400000001,5.237352400000001
7719,4.166666666666667,4.744653738560848,4.744653738560848,4.6859609951277825,4.5462979833442,4.612740958283836,4.625659848118465,4.719961,4.673790685264105,4.536913636043131,4.605533530898731,4.719863003463156,4.58456981612857,4.644379168004957,4.719961,4.719961
7720,4.949999999999999,4.3245730266174,4.3245730266174,4.220809972191199,4.2357343574609505,4.216416042742677,4.540114366069631,4.3827620000000005,4.41470805529533,4.174436321785981,4.413295110909613,4.382813653643018,4.329775248323157,4.561547436805715,4.3827620000000005,4.3827620000000005
7721,5.001666666666665,4.975216224385791,4.975216224385791,4.941306534453881,5.108511289801389,5.0173884382846685,4.957294551596682,5.0120572999999995,5.001263749508983,4.815682155532038,5.070750247402991,5.012374098621686,4.8454813698769525,4.950005429694467,5.0120572999999995,5.0120572999999995
7722,4.6116666666666655,5.053697351851122,5.053697351851122,5.035299622379053,5.004800721746777,4.967559243057732,4.966923336781419,5.0215879999999995,5.006637354173659,4.818079082422354,5.046555869347405,5.021640030133941,4.8656667473084925,4.96446808457644,5.0215879999999995,5.0215879999999995
7723,4.916666666666667,4.736963173323822,4.736963173323822,4.659808347214116,4.623884076395874,4.583780203055802,4.774896423896476,4.7276087,4.739681120816162,4.467834089041867,4.697651949577368,4.727584955258806,4.6002407410336446,4.781826116725512,4.7276087,4.7276087
7724,4.926666666666666,5.0178781509862835,5.0178781509862835,4.931582440893046,5.089308166668815,5.008994657149243,4.959516459723579,5.181910474790458,4.989664717300537,4.829950069021357,5.045131468423791,5.001493421390384,4.914547105207885,4.957243667049804,5.001245,5.001245
7725,3.938333333333333,5.066174223637638,5.066174223637638,5.061448572779332,4.96943508816236,4.951886387233163,4.967576946116621,5.026318,5.006789891247278,4.827214437094594,5.034199234975855,5.026310727261605,4.903069996501573,4.967579013174757,5.026318,5.026318
7726,4.255000000000001,4.147622773823084,4.147622773823084,4.4128350556369895,4.215378106716058,4.25379214963101,4.2548670253028655,4.139282700000001,4.161576999962541,4.210924032815594,4.205679720222232,4.139321246442499,4.144719628167751,4.287136566250481,4.139282700000001,4.139282700000001
7727,4.140000000000001,4.324715979505095,4.324715979505095,4.168447804208377,4.514781126090105,4.420823880681968,4.566511678872906,4.426757,4.462108975441749,4.255509650580473,4.49206213416319,4.42703308936456,4.352696978143059,4.582563546886572,4.426757,4.426757
7728,3.21,3.848034672127096,3.848034672127096,3.8968122777853136,3.869147315851043,3.8612144079763424,4.1398808812982955,3.9472389999999997,4.003728420472535,3.842038353493157,3.957474016663012,3.9472840080619904,3.952481495942402,4.159410349462126,3.9472389999999997,3.9472389999999997
7729,3.0850000000000004,2.7679249973808853,2.7679249973808853,3.0462565380683952,2.859484470924568,2.910161457904705,3.105249941568757,3.264159964253794,2.9945090236177956,3.092918721584895,2.9178216109065955,2.968395154183277,2.75972219242255,3.126805934451572,2.9683905,2.9683905
7730,2.7650000000000006,2.7470957387115345,2.7470957387115345,2.8288043352718306,2.785115103263247,2.7964848530735584,2.8082863933146647,2.6869273,2.7290315208353304,2.962500495789707,2.712619417858887,2.6876821067897705,2.6226394274489686,2.812748707350951,2.6869273,2.6869273
7731,2.4633333333333334,2.636759937513487,2.636759937513487,2.7712068488040202,2.6212047873180406,2.6822826439826626,2.5654804935796034,2.6112943,2.5947753951283308,2.8729752153479913,2.5420228678066055,2.61087176090756,2.610911720432796,2.5658325016231607,2.6112943,2.6112943
7732,2.155,2.480584623027544,2.480584623027544,2.5138671238789643,2.6861830988922497,2.65246824099032,2.4978131343244403,2.484453,2.486518079658212,2.7544894155620483,2.5000125491482965,2.4845195586385267,2.416542871437218,2.4991739171168863,2.484453,2.484453
7733,2.041666666666667,2.251265774061948,2.251265774061948,2.3953542703928905,2.4473153995955466,2.44197583705541,2.352730120401615,2.3305397,2.331273313194509,2.523759022056339,2.2925065799209525,2.3304827672307344,2.373959998452131,2.3582688523370443,2.3305397,2.3305397
7734,1.7933333333333337,2.010266890047571,2.010266890047571,2.081046138232364,2.2619514105290337,2.2011473437642235,2.250011362390838,2.1234632,2.16169542477657,2.222251980185177,2.12996263291103,2.1235248663835344,2.218395659321055,2.252751282138287,2.1234632,2.1234632
7735,2.7599999999999993,1.9394833468568815,1.9394833468568815,2.2177957074843753,2.095797151552823,2.147354777094236,1.8803415007048345,1.9194310704541844,1.9644282572803908,2.063744049131037,1.9191107055533363,2.0011612618042847,1.8527932751702094,1.8735753190096636,2.0013009999999998,2.0013009999999998
7736,2.813333333333333,3.0072399434094317,3.0072399434094317,2.956623246833408,2.9046570271893977,2.970497433980361,2.6384290561414794,2.832824,2.795039933748172,2.9446300064338184,2.822753203285398,2.816323676904704,3.2263410518275952,2.6098294528244956,2.832824,2.832824
7737,2.4699999999999998,2.91024338834956,2.91024338834956,2.9037711509512256,2.926534784402673,2.9702074388464723,2.6419209079497463,2.8219569,2.7966289822016703,2.9383702939042418,2.8434693961557063,2.8220253885120226,2.8838164460017564,2.6086537963808123,2.8219569,2.8219569
7738,2.848333333333334,2.5003338894752067,2.5003338894752067,2.5335368200520647,2.5694275095566117,2.584627609500206,2.4695365572181736,2.6202473793519294,2.5098482511511104,2.5579280664465314,2.556858145190352,2.5011996959927023,2.4101134497473105,2.451083517265563,2.5010512,2.5010512
7739,3.231666666666666,3.2776730559529126,3.2776730559529126,3.326759286497665,3.249423944460148,3.3057659834176976,2.8815479649035556,3.0757852000000003,3.0238975781782327,3.2843937165113477,3.0778027170629834,3.075577042854013,3.1011446321066205,2.8730016887790537,3.0757852000000003,3.0757852000000003
7740,4.28,3.2810741855107657,3.2810741855107657,3.1926625360807765,3.3584822806523467,3.3358846878836546,3.1895257232005103,3.2637541000000003,3.266197600052675,3.3130615192824044,3.3059309277190847,3.2645148189860342,3.2061641443419306,3.167383958435155,3.2637541000000003,3.2637541000000003
7741,2.8000000000000003,4.0269406334904225,4.0269406334904225,4.00912863024479,4.142933512339056,4.1720199827959865,3.8779872735386873,4.205913,4.158746804185997,4.087427656283929,4.157892688371709,4.192853921434894,4.2702037729157185,3.829061198494387,4.205913,4.205913
7742,2.7166666666666663,2.9150970246010157,2.9150970246010157,3.4120825300026842,3.1512465094016076,3.2450111284090326,2.87580195770309,2.889053207345233,3.004663587294259,3.288236673565181,3.0160207765523794,3.071012551592018,3.1824302723042277,2.8766448871593453,3.0710924,3.0710924
7743,3.2933333333333326,3.157140525144393,3.157140525144393,3.3404332005865345,3.259285863001966,3.2847092821715798,2.896329280103675,3.072331,3.015105335792611,3.2836758429753163,3.0559950872237556,3.0721711015261013,2.980672059797083,2.8942876499785566,3.072331,3.072331
7744,3.2383333333333337,3.5417799665915135,3.5417799665915135,3.542884565230746,3.5981406479766,3.586767607613436,3.404578754762296,3.4577892,3.4497077304881563,3.57435352426105,3.5186069190436498,3.4587083586663803,3.452527786741328,3.4005821080059704,3.4577892,3.4577892
7745,4.066666666666666,3.4773108413399454,3.4773108413399454,3.5039882189182308,3.5820895017212346,3.5589043470689448,3.4021346246745225,3.4323120000000005,3.4313537863126298,3.544385013920451,3.505496380019908,3.432457070729512,3.3054203936342064,3.3983823151263706,3.4323120000000005,3.4323120000000005
7746,4.3533333333333335,4.171897131212829,4.171897131212829,4.095641884198568,4.307517659154749,4.271397806031273,4.062102226996021,4.21745,4.194618428552535,4.213845778230294,4.282265897934433,4.219841787636473,4.110324682795759,4.042016586318347,4.21745,4.21745
7747,4.365000000000001,4.362037412281231,4.362037412281231,4.157766443703096,4.407228784568653,4.35061116068959,4.494781641535773,4.440882,4.471410667612915,4.318634393150578,4.528378422622867,4.441661854352486,4.325452266416407,4.4872958141348755,4.440882,4.440882
7748,3.744999999999999,4.378021245303598,4.378021245303598,4.188887106859222,4.472249111947926,4.37163877158957,4.61613815724654,4.415369,4.4794685985644564,4.347821631556294,4.567058873337876,4.415691531619583,4.315978420813554,4.621699861525849,4.415369,4.415369
7749,3.9916666666666667,3.9400547331185205,3.9400547331185205,3.93978584370021,4.076587897324763,4.019069351420965,4.244576336672299,3.9755157999999997,4.0407157774414015,3.9943034327706006,4.056453910221006,3.9756077437103987,4.0183582862457845,4.261113872152658,3.9755157999999997,3.9755157999999997
7750,3.7466666666666657,4.100004359064591,4.100004359064591,4.12739090211434,4.214885065992983,4.217526995284818,4.215273792982111,4.184633807318939,4.069280718372504,4.148159139865035,4.126133331534279,4.012509951403708,4.007506667064486,4.229106014416796,4.0120949999999995,4.0120949999999995
7751,3.8633333333333337,3.6621991108337326,3.6621991108337326,3.8149893313474963,3.8158503503572607,3.7602055790980167,3.891123133234432,3.6965230000000004,3.7337030511550813,3.7823809089215494,3.760490914255742,3.6966549628311944,3.505387542592692,3.9094924395454242,3.6965230000000004,3.6965230000000004
7752,3.7233333333333336,3.590077916377802,3.590077916377802,3.597682354464511,3.6073550811308572,3.591176538023793,3.6968985215601537,3.5885296,3.619976765710127,3.608973611829379,3.62992686941658,3.589040174610726,3.4712021978397574,3.7005539883438505,3.5885296,3.5885296
7753,3.726666666666667,3.219172788939968,3.219172788939968,3.2625371222150505,3.152517923506379,3.1906879218799356,3.2505212310670215,3.178033,3.2159478847745313,3.243611073406681,3.248083151163784,3.178311515343858,3.125046533261484,3.2461586358299357,3.178033,3.178033
7754,3.6250000000000004,3.091167825599447,3.091167825599447,3.0462198243736553,2.966635190571549,3.039025084824776,3.10586451523979,3.057065,3.1034800050448967,3.0938768575191484,3.1327807522766733,3.057441581170732,3.0536010340351907,3.092049013466551,3.057065,3.057065
7755,3.0499999999999994,2.889621535525739,2.889621535525739,2.804500902604834,2.7896731912611403,2.873598359903223,2.9613688765599555,2.913682,2.9757227736112846,2.939738718398268,2.9970397823609813,2.913473876272316,2.9354660268883466,2.9402273605241636,2.913682,2.913682
7756,2.5733333333333337,2.6345640286483665,2.6345640286483665,2.606863282287069,2.6112380937272865,2.71569866515817,2.564650571887209,2.6225486,2.6494705423520966,2.768200189104258,2.631556334346727,2.6222225284106333,2.6600900063605875,2.5447423187185914,2.6225486,2.6225486
7757,2.268333333333333,2.3404433704127108,2.3404433704127108,2.2741231406643716,2.4766890012235327,2.482842949319502,2.346044339176066,2.3938456,2.409417962263991,2.5612031743653274,2.3811265835317137,2.393844279660332,2.4236691150199032,2.329966457227594,2.3938456,2.3938456
7758,2.3649999999999998,2.181123622138152,2.181123622138152,2.256108674450239,2.2871670002577305,2.3158300669156078,2.1208882962745688,2.1750612,2.1838524934925987,2.3418995482117744,2.19394059159443,2.174978738937927,2.213136307062909,2.1103638918144636,2.1750612,2.1750612
7759,2.0700000000000003,2.3211555483405846,2.3211555483405846,2.263931985343242,2.3686598994610746,2.4106461650791653,2.1369410188677347,2.2419949,2.2517358712888296,2.4166268022051973,2.2753804207632786,2.242250063875466,2.223246798141134,2.1189361534099938,2.2419949,2.2419949
7760,1.7883333333333324,2.030446638343544,2.030446638343544,2.0374865485859392,2.0909854680570543,2.1307422112538323,1.9705402243098895,2.0421495,2.0594411945353426,2.0465731563423093,2.0559755141671405,2.041991373129618,1.9577559807881586,1.9527152449979364,2.0421495,2.0421495
7761,0.9933333333333334,1.7962501606708523,1.7962501606708523,1.946757859246701,1.8341163855034068,1.8977718355219046,1.6786807124426892,1.8283947000000003,1.8187431718356077,1.746644853167707,1.827077757834184,1.8280199567915805,1.7328900356846386,1.6617619854211383,1.8283947000000003,1.8283947000000003
7762,2.1899999999999995,1.2619402270030369,1.2619402270030369,1.646673567452647,1.6091037926616605,1.6509809883160451,1.2152143938241702,1.3325388902462878,1.3839806023541166,1.2638089538975321,1.3439568882901742,1.4296755527108105,1.3526012512735646,1.2027954878082179,1.4298471,1.4298471
7763,1.5800000000000003,2.2955539265744873,2.2955539265744873,2.1065851923172607,2.2576603664759327,2.343439280026428,1.9605505498432338,2.2216706000000004,2.213300695686825,2.1620147298805987,2.2089625839948903,2.2091962763128774,2.651159344116393,1.9281250129670364,2.2216706000000004,2.2216706000000004
7764,0.6549999999999998,1.7842036971459079,1.7842036971459079,1.7998490542292536,1.9506437962720247,1.9650741549651594,1.6254844381086548,1.8505060000000002,1.8222423937083079,1.6653920340405812,1.7831069344379458,1.850350444087403,1.9244909586409544,1.6032551027626565,1.8505060000000002,1.8505060000000002
7765,1.5866666666666673,0.9117545853370403,0.9117545853370403,1.530841505193488,1.5560831685955971,1.4900803017719015,1.0680713296634399,1.2997864,1.2227008522539449,1.0256029774425484,1.1638532916293225,1.299665952168473,0.9299190666664763,1.0635611611205396,1.2997864,1.2997864
7766,1.3016666666666663,1.9235715882255895,1.9235715882255895,1.8607351151450666,1.9323449696965185,1.915741340670424,1.6851537720616205,0.8623690254396399,1.82542293332692,1.722750925961856,1.8037722556067646,1.8434228111897875,1.7983581193416205,1.6686565640768092,1.8459762000000002,1.8459762000000002
7767,1.6450000000000002,1.7083379962140643,1.7083379962140643,1.9234632925708324,1.9771427216345776,1.9441209947524112,1.551293805556393,1.7702936000000005,1.719738681552092,1.5795294312336985,1.7002071465698045,1.7701589486050056,1.7459557541794237,1.539942305145782,1.7702936000000005,1.7702936000000005
7768,1.5033333333333332,1.9165167594108112,1.9165167594108112,1.8922276786091634,2.122959613910912,2.042397024475593,1.8770988289906827,1.8610476000000002,1.8936890177295556,1.7075342025660034,1.939865846784658,1.8615102654886175,1.8876102463151465,1.8675235318260264,1.8610476000000002,1.8610476000000002
7769,2.8149999999999995,1.9882421466910563,1.9882421466910563,2.1438596927198064,2.1563277423797658,2.1605677992751726,1.6665541027321824,1.9527912,1.8989786391649437,1.7678628717149643,1.9263582737872265,1.9527292038544461,1.755161340204869,1.6493353709443155,1.9527912,1.9527912
7770,2.6883333333333326,3.120004942506959,3.120004942506959,2.9405146188334443,3.158536241076008,3.2589061500924688,2.689410737954291,3.0887532,3.0481845790582507,2.9985235490064155,3.0295683320815283,3.084621495994293,3.3105717692105383,2.648811877505598,3.0887532,3.0887532
7771,4.148333333333333,3.413203128722995,3.413203128722995,3.3489909034596,3.317810007671266,3.3452564353987726,3.0308950791197526,3.0411000281406246,3.2633081343208588,3.2414417004825538,3.1738741385054787,3.350166245612382,3.454616894368991,3.0170525951836282,3.3507078000000003,3.3507078000000003
7772,5.208333333333332,4.4569224634630595,4.4569224634630595,4.434150653139347,4.59003475546616,4.545705535661409,4.501029504211012,4.653462,4.604193761114899,4.628873185212707,4.574277674534906,4.648046492172151,4.826745088442788,4.4971496561464805,4.653462,4.653462
7773,6.313333333333333,5.414816122144272,5.414816122144272,5.443449449139626,5.596570866467371,5.579119597499816,5.670875066900282,5.8284764000000004,5.757292260262188,5.8129208287788625,5.72476240503269,5.824433833622596,5.793236193848831,5.675934237591773,5.8284764000000004,5.8284764000000004
7774,6.276666666666666,6.3328858218625115,6.3328858218625115,6.5257914043591985,6.318310835484551,6.521534415548031,6.267652312634004,6.6512766,6.549205405711926,6.907454945855154,6.589409189902295,6.647141203629184,6.654316289643146,6.264602156259793,6.6512766,6.6512766
7775,6.134999999999996,6.216095802726277,6.216095802726277,6.084405463627286,5.8877082125949745,6.030778791171572,6.104412295379738,6.2789807,6.224442774019732,6.249316877959442,6.23029526115862,6.278594087270977,6.220625097594709,6.104199736355181,6.2789807,6.2789807
7776,6.340000000000001,5.539190196953281,5.539190196953281,5.500906106489753,5.325648829808541,5.420793478210371,5.741780320618521,5.64858569378794,5.726147635295609,5.63616509186302,5.70842934194554,5.726629689970073,5.700027858833135,5.741559225583421,5.726908,5.726908
7777,5.0249999999999995,5.363497809982158,5.363497809982158,5.512380233747157,5.238722965576689,5.382184417753205,5.494430926009352,5.6083975,5.595272150085088,5.667361182910663,5.604871612486129,5.605442506403083,5.546473170212262,5.486050132648536,5.6083975,5.6083975
7778,3.795,4.10670770739738,4.10670770739738,4.041417053946433,3.9738880973396458,3.9439092995422635,4.3118361942569665,4.128925,4.1834268628772495,4.05280765313912,4.162538290826396,4.129013726065671,4.089656461670635,4.314294353393379,4.128925,4.128925
7779,3.0733333333333333,3.1612414261399864,3.1612414261399864,3.192624630260814,3.2856165497634975,3.1681937179178563,3.6456780294309024,3.1970110000000003,3.286969521183827,3.214331730360082,3.223409069729085,3.1975032458875376,3.1331280636720034,3.659671875426422,3.1970110000000003,3.1970110000000003
7780,2.8716666666666675,3.0733993065869916,3.0733993065869916,3.3027341353883637,3.238033608505543,3.2009247678196187,3.2642486578731864,3.0727289,3.075704992801814,3.187309093223742,3.0651553140309526,3.0727741556077173,2.964376394393696,3.284647023852246,3.0727289,3.0727289
7781,2.7833333333333328,2.879503971006486,2.879503971006486,3.160482960683262,3.1048755931670016,3.0593021919360246,3.1531358688043087,2.949477,2.9499281359268394,3.0216803476037635,2.9402899916127554,2.9497588617520747,2.853010469927689,3.1735964788001567,2.949477,2.949477
7782,2.3350000000000004,2.8373566884889088,2.8373566884889088,2.994227131624966,3.0976407594874686,2.9713428061409957,3.065829908350914,2.7922928,2.8182110363341932,2.9175036852552703,2.8018514413566944,2.793644504271846,2.745087747273989,3.085611497197279,2.7922928,2.7922928
7783,2.7183333333333333,2.324479413854197,2.324479413854197,2.693988669459041,2.6623730467747038,2.5752321461615133,2.5804265840584666,2.4470918,2.4448929050627264,2.430196109012209,2.4441564500231836,2.4471761593335106,2.347752292157075,2.5977068688528515,2.4470918,2.4470918
7784,3.1100000000000003,2.8903330060973627,2.8903330060973627,2.937269664983309,2.89300700359132,2.8753342441301593,2.6974023499181183,2.7695124,2.7511411835712343,2.7564972266944614,2.764779867451478,2.7686808613641887,2.6591688370830857,2.6975662201124218,2.7695124,2.7695124
7785,3.284999999999999,3.0347606508371796,3.0347606508371796,3.0117933287385483,2.9814065292530394,3.012083424808888,2.8940367842022834,3.0321445,3.0228227608513696,2.9117480247127836,3.0251236622302,3.0303574172098022,2.868946455199649,2.881693595723833,3.0321445,3.0321445
7786,3.4483333333333333,3.054515048100135,3.054515048100135,2.9751348867033447,3.072148130765475,3.048280091967101,3.0058715549447923,3.0815069999999998,3.088822571157423,2.9774410479213675,3.080960937683669,3.0810399914318674,3.069356618362225,2.9885725268176637,3.0815069999999998,3.0815069999999998
7787,2.6766666666666667,3.2536161306294265,3.2536161306294265,3.1886930648152654,3.225539798864558,3.2414199642143915,3.1601332499762194,3.2514255000000003,3.252258521096941,3.2016796922729585,3.249059843898338,3.250784445500773,3.2601843138584723,3.1438240850607335,3.2514255000000003,3.2514255000000003
7788,2.4833333333333343,2.6005609485210455,2.6005609485210455,2.834820586576313,2.7655048702981144,2.742421269596064,2.642082280003809,2.604081227149893,2.6642417508529794,2.712361306624255,2.6691758789204467,2.6721260459830996,2.6345691749599345,2.6421463254314563,2.672191,2.672191
7789,3.0533333333333337,2.6534729489460185,2.6534729489460185,2.767824529839556,2.8856240204656385,2.7885527213954973,2.707775638255426,2.6764924466780204,2.648013061076516,2.7101531440595608,2.646506794482285,2.645701198016237,2.654394455689009,2.716425809812038,2.645661,2.645661
7790,3.7900000000000005,3.419755303486651,3.419755303486651,3.420790210930687,3.5631638292494143,3.4862441732992266,3.3478824292970395,3.1886651386160234,3.28983758372149,3.4653350805111005,3.2995176969912836,3.2999714716449473,3.3948172276908943,3.3623823697510633,3.2995508,3.2995508
7791,4.385,4.145040434369594,4.145040434369594,4.177342777690456,4.209773883922964,4.254917157555051,4.030881542363584,4.167168,4.116716221332726,4.200861499290201,4.148280238280133,4.164699299599829,4.102775244368029,4.03789817805959,4.167168,4.167168
7792,4.45,4.73316569029487,4.73316569029487,4.764474377767593,4.612248085813003,4.732781903701858,4.290261732879843,4.6452947,4.563771663160829,4.707307680951467,4.630415788936333,4.6439158552842965,4.58986493629797,4.2852775022799365,4.6452947,4.6452947
7793,4.953333333333334,4.483315636677293,4.483315636677293,4.460055707374868,4.374385127528248,4.401441016483033,4.286748413821128,4.574998465625538,4.376533727132427,4.440470093925882,4.398033458403416,4.3906304644711005,4.295423414892255,4.283599342774275,4.3904046999999995,4.3904046999999995
7794,3.689999999999999,4.549013530403093,4.549013530403093,4.4854127043369445,4.551503152517046,4.574351039033825,4.7065866736786095,4.776426940639272,4.731854308297241,4.5961277349001675,4.721547145347517,4.704257699381324,4.592557168622964,4.6908433696433836,4.700086,4.700086
7795,3.685,4.295596257467173,4.295596257467173,4.041729265688403,4.208073000603227,4.184804832338723,4.11088874766993,4.272064,4.235670804357521,4.072122419152295,4.259166124496749,4.2719521512835215,4.054129320238761,4.106915152076283,4.272064,4.272064
7796,5.911666666666665,4.840359791480461,4.840359791480461,4.678572657493368,4.689988614221687,4.894644280432872,4.507694025651363,4.773455599999999,4.701481826318822,4.737291987549406,4.73856617163849,4.773245463739282,4.659320310466759,4.499349055626495,4.773455599999999,4.773455599999999
7797,6.593333333333333,6.366489542513868,6.366489542513868,6.210548303292597,6.504250123977142,6.7202047750402665,6.07712139182391,6.574032300000001,6.522090910216899,6.375129228230405,6.5697401353779235,6.551713459063466,6.732803192971727,6.0457777956094905,6.574032300000001,6.574032300000001
7798,6.505,7.01555532276403,7.01555532276403,6.903566775174443,6.664387281355419,6.789635528301227,6.472661813751644,6.895544,6.816471013624634,6.84841639594773,6.8889105157691475,6.893764996916129,6.712956722223962,6.469446260726741,6.895544,6.895544
7799,5.808333333333335,6.049806446539756,6.049806446539756,6.029674305564221,5.786766229324826,5.77161600687789,6.405996918862082,6.0736737000000005,6.112628559265941,5.874730447373931,6.077111507597406,6.073939577240067,5.910484908987666,6.429112891211059,6.0736737000000005,6.0736737000000005
7800,5.269999999999999,5.674630554193761,5.674630554193761,5.775587875951241,5.515469539098209,5.518912136141694,5.8750516921760045,5.710550410543988,5.627745396636334,5.544423682592026,5.610541315917564,5.611720584311417,5.465434669740853,5.9088065788877255,5.611349,5.611349
7801,4.748333333333334,5.207491415028045,5.207491415028045,5.382515006173463,5.18900356415741,5.1691240815800095,5.409637699168558,5.181721700000001,5.179118087863271,5.103268990564729,5.17853990759453,5.182066533902419,5.005189636382667,5.451114842008502,5.181721700000001,5.181721700000001
7802,4.638333333333335,4.70286878440466,4.70286878440466,4.934640859675005,4.821921646889132,4.769155799372725,4.8806921583086895,4.717057700000001,4.700717879249899,4.6529003125435935,4.712687849798778,4.716845154023967,4.6368763417972225,4.926088961413203,4.717057700000001,4.717057700000001
7803,4.355,4.6440479071439045,4.6440479071439045,4.808786112397335,4.837028569919699,4.7807812868547455,4.782900821188567,4.691694,4.670444881725119,4.613973140464543,4.687016346804182,4.689815882683187,4.624936279782487,4.821815782993738,4.691694,4.691694
7804,4.18,4.2034647379272725,4.2034647379272725,4.310087911316038,4.417743733673634,4.319298707487743,4.437750432245064,4.2188373,4.229247003779194,4.204713252093058,4.220547437668633,4.219004945684672,4.164598754195552,4.476929726740293,4.2188373,4.2188373
7805,5.093333333333335,4.067786933384474,4.067786933384474,4.178771997677445,4.282718422685205,4.1813508172880045,4.359863408799422,5.550229678706519,4.125868912465426,4.081253694796489,4.111764062479828,4.111478456099854,4.018657059522158,4.4010336617760695,4.111191000000001,4.111191000000001
7806,4.511666666666667,4.680391959074268,4.680391959074268,4.773217443352676,4.875109227486096,4.854344785797781,4.9905291746089375,4.912961,4.918718973142553,4.646774811382985,4.911915094115558,4.922404843272311,4.966705186454627,5.001358927300105,4.912961,4.912961
7807,4.783333333333333,4.302809741219486,4.302809741219486,4.351403850953817,4.356466776448688,4.321384083484629,4.590903699809398,4.380945,4.405157937033726,4.220695465044879,4.380867126385521,4.380989350810767,4.368208145581068,4.613397206150832,4.380945,4.380945
7808,4.0966666666666685,4.561725003674977,4.561725003674977,4.564858073736673,4.5454887370520325,4.537958682034089,4.674622984020849,4.659174118392082,4.612864906637195,4.462273758967003,4.601153304236164,4.598973470340873,4.657236298985244,4.680281932507171,4.59802,4.59802
7809,2.8566666666666674,3.93146311443874,3.93146311443874,3.8807503303494726,3.908984332142461,3.9077386008268715,4.124777712550921,3.9660059999999997,3.997706690246255,3.860319717709612,3.9684715046332673,3.9660793969965544,3.892062839562115,4.129249312529302,3.9660059999999997,3.9660059999999997
7810,3.0816666666666674,2.784077365370764,2.784077365370764,3.1927607098033484,3.093669594904627,3.0656942760289336,3.1212860204067505,3.0110126,3.009520311351299,3.204777463638255,3.006466938545551,3.01099618850092,2.8641274947990985,3.1458457152764003,3.0110126,3.0110126
7811,3.1166666666666676,3.2320204801269306,3.2320204801269306,3.2802472646758454,3.320528242995727,3.2733186028072234,3.274003750915526,3.1475306,3.161836054539797,3.3591831193710115,3.1510296372622135,3.1483775224766615,3.0657176006324733,3.2919736955147147,3.1475306,3.1475306
7812,4.506666666666666,3.2303928801321593,3.2303928801321593,3.313717875139339,3.3818259791047938,3.3181028784095967,3.331830087316415,3.1771295,3.198802102418604,3.3948680613349023,3.1838402619608237,3.177479382552528,3.156928605485967,3.3515119258776553,3.1771295,3.1771295
7813,4.325000000000001,4.189388287665341,4.189388287665341,4.24043230907837,4.44369476866106,4.460469860584822,4.47051828117335,4.460682,4.479066961725062,4.280319747789332,4.4731930281277705,4.410831679806497,4.424627514561166,4.45566020739961,4.460682,4.460682
7814,3.1249999999999987,4.373359128521422,4.373359128521422,4.368843139568887,4.234812165880059,4.2517973473316015,4.142391279735643,4.011428990610331,4.28557050960831,4.2420745157702235,4.3087421606901,4.31526343317946,4.204536940036161,4.132744535775732,4.31536,4.31536
7815,3.286666666666667,3.6381111348135224,3.6381111348135224,3.914688319609139,3.803182894033766,3.800097085571868,3.4787402068049103,3.6977997000000005,3.6311564188583856,3.847666552939698,3.658765267718014,3.697683856672062,3.4347269176498973,3.489205809192787,3.6977997000000005,3.6977997000000005
7816,3.7416666666666667,4.336490509071731,4.336490509071731,4.484462969520581,4.448437790696046,4.469765217006703,3.875530894844323,4.379190400000001,4.225219587578141,4.4012706123515395,4.280181177712815,4.378277148820795,4.253606398435508,3.88588652137788,4.379190400000001,4.379190400000001
7817,4.336666666666667,4.065451148624944,4.065451148624944,4.103363569180522,4.033517999881265,4.035175553964174,3.9604069807110207,4.1069922,4.060439848681311,4.050376128042692,4.060054618239929,4.106829430241625,3.938811587804379,3.960102803989705,4.1069922,4.1069922
7818,4.238333333333332,4.097250748871429,4.097250748871429,4.046296764124883,3.8670705825861864,3.8111059871894364,4.008192329177278,4.037797,4.050863287440622,3.964121036500798,4.087181778895052,4.039089283828839,3.9348612016288036,3.9934945253369465,4.037797,4.037797
7819,3.98,4.015053546751104,4.015053546751104,3.9971758034148728,3.7708998708020056,3.713172722163795,3.990122112863814,3.9655576,3.9946131430737624,3.8796530389528336,4.020889845636771,3.966846503707493,3.9331466886868447,3.9763593953831156,3.9655576,3.9655576
7820,3.7899999999999996,4.920780243489586,4.920780243489586,4.904155697052033,4.955714982738964,5.139014111713487,4.814057574037614,5.1397185,5.046649581363904,4.831124526617347,5.022567481111464,5.137905608233339,4.937384473947661,4.796171811242987,5.1397185,5.1397185
7821,5.446666666666667,5.505636218806877,5.505636218806877,5.223075343729675,5.166764769775864,5.206119535626758,4.972060780848212,5.32395,5.1446777222454205,5.036091450624058,4.818706784556333,5.323802723967031,5.115102716510565,4.981927088483899,5.32395,5.32395
7822,6.325,6.010331412415317,6.010331412415317,5.762277470606417,5.883479498422652,5.86443166337153,5.888065395639817,6.065297599999999,6.011164477952414,5.613957472286154,6.003482558440505,6.064203532759619,6.1309198241737635,5.896244366774533,6.065297599999999,6.065297599999999
7823,6.490000000000001,5.845637191162029,5.845637191162029,5.857439152403359,5.789637805601133,5.813245793409671,6.043243534748909,6.007005,6.020849819898885,5.698209220278937,6.037673526252315,6.007269805764089,5.929854037424698,6.0458840328324825,6.007005,6.007005
7824,4.545000000000001,5.170228238749419,5.170228238749419,5.131062187631421,5.057166761777085,5.154300584664983,5.815606631908381,5.429303599999999,5.54076985056906,5.1873169017193685,5.564612064451046,5.433678479870757,5.412532777895416,5.813333233272052,5.429303599999999,5.429303599999999
7825,4.236666666666666,4.286303936899913,4.286303936899913,4.3610907418512035,3.9753495254979865,3.960590974061359,4.5087472034514375,4.725159642401018,4.289396300062703,4.110878007033419,4.222612031439171,4.267851792318539,4.153948376423383,4.533830086855527,4.2678657,4.2678657
7826,3.533333333333334,4.014341347693991,4.014341347693991,4.066550989960043,3.988785802115525,3.9933716855173236,4.176392078702116,4.068357499999999,4.07585316537919,4.007464659706529,4.053335074121018,4.068745191340566,3.961201074469348,4.188464526349296,4.068357499999999,4.068357499999999
7827,3.915000000000001,3.342139493956771,3.342139493956771,3.4318520144569105,3.446775868708016,3.4439980685866503,3.62328067568562,3.4437592000000006,3.465309511647589,3.462886193560628,3.4389083279770993,3.4438207383665533,3.3089331443861627,3.637042909636396,3.4437592000000006,3.4437592000000006
7828,3.2683333333333326,3.7600512886300184,3.7600512886300184,3.683242028210281,3.818770968395983,3.8216399189731227,3.7583285378750575,3.7151427000000004,3.7332676498410726,3.763165605993929,3.743148912753244,3.7162867899083034,3.749372073510789,3.756112194056608,3.7151427000000004,3.7151427000000004
7829,3.111666666666666,3.132918726547021,3.132918726547021,3.1838162722279626,3.300044745154232,3.279390874314151,3.266948233995851,3.1728506000000003,3.1966771654456636,3.2822646247785503,3.190034622606299,3.172926021958239,3.06327906731353,3.27073126923398,3.1728506000000003,3.1728506000000003
7830,2.940000000000001,3.109641853243628,3.109641853243628,3.1407328777724217,3.1634706477053394,3.1611888002020536,3.0951172266998537,3.0874996,3.090715425327715,3.1978711390998424,3.091044673774547,3.0875526709602705,3.021176252700429,3.0919010166365872,3.0874996,3.0874996
7831,1.6683333333333332,2.9090522402385215,2.9090522402385215,2.958069627307496,2.8782704674219572,2.908618637734903,2.9419263244883487,2.9402060000000003,2.934509725998795,2.9736056625076253,2.9264753299919377,2.940118570795571,2.8318951454891317,2.9357753022852027,2.9402060000000003,2.9402060000000003
7832,1.8233333333333328,1.5550321514806793,1.5550321514806793,2.2326920568363517,2.1981683889687664,2.10978703002546,2.036142269868644,1.8364555033480414,1.9537956395161429,2.1786160422125223,1.9248531081334792,1.9424734520432496,1.915643388297362,2.0526948569196293,1.9424857000000002,1.9424857000000002
7833,2.0966666666666667,2.0289531724834484,2.0289531724834484,2.161514093470265,2.2342714013318847,2.1678306576604385,2.052490820454884,2.080501797613498,1.9734459040641181,2.079656855346731,1.9717228448768558,1.9470207061535905,1.9619836581423273,2.060409600696959,1.9464846,1.9464846
7834,2.4783333333333335,2.2362995897881515,2.2362995897881515,2.189281197244347,2.386437874915809,2.3921417926635913,2.242900176148929,2.1698039000000002,2.199985302167829,2.2431524178339606,2.221912085697594,2.1705695431390195,2.163928459668157,2.2345193553300504,2.1698039000000002,2.1698039000000002
7835,2.3100000000000005,2.6285285692043203,2.6285285692043203,2.531700205553948,2.6463672940663097,2.680791158720017,2.5365438771426825,2.5705657000000004,2.577828413873381,2.622123772763323,2.6041209682642075,2.571087475899176,2.4599292493957643,2.5198681576793254,2.5705657000000004,2.5705657000000004
7836,2.105,2.421309677356242,2.421309677356242,2.5372092089581413,2.5419496158932104,2.526252691796683,2.3150591902756146,2.384804,2.3798498452335837,2.4434340531950496,2.4004183268269452,2.3848669413297268,2.3469716014770894,2.304931030131696,2.384804,2.384804
7837,1.811666666666667,2.2150185693570323,2.2150185693570323,2.3169914348777954,2.2699972565399475,2.2746591491976944,2.1667671986611614,2.2215369,2.2100792508522873,2.134034622666748,2.2123423418407637,2.2214977662013045,2.1523210665076618,2.155541814521736,2.2215369,2.2215369
7838,1.1016666666666668,2.0024062624961503,2.0024062624961503,2.1621659841532166,2.18119802497823,2.154185738227106,1.92314137098286,2.0279264,2.0101892634505596,1.863225053324711,2.0272497986044513,2.0279080614192426,1.8407850880079102,1.9121037615197625,2.0279264,2.0279264
7839,2.17,1.2141923694796342,1.2141923694796342,1.7165445813633422,1.6317646012199933,1.5660889420447455,1.4042906470407734,1.4261038,1.4185002528119584,1.1075306362231556,1.4202038470796028,1.4261020516281433,1.2723532492752687,1.4008555867145076,1.4261038,1.4261038
7840,2.656666666666666,2.359309881950481,2.359309881950481,2.162617032350955,2.436887847642356,2.4497266536255093,2.2679818864315875,2.1994380000000002,2.2422035372410996,2.118322649877762,2.296314267014023,2.2131523110724043,2.4407381666085235,2.2512907666379505,2.1994380000000002,2.1994380000000002
7841,2.365,2.505706157723085,2.505706157723085,2.403452387391855,2.4237629206529645,2.4496687872247773,2.514747839133525,2.4355835999999997,2.4796763612542145,2.3353304418803122,2.5157940103841554,2.4374799586085683,2.5982128454349698,2.493594433985435,2.4355835999999997,2.4355835999999997
7842,4.081666666666666,3.180948543292393,3.180948543292393,3.309061266963989,3.2677196732015785,3.2456891079757493,2.547426696529341,3.065271,2.949525062313543,3.1204729308726407,3.0069964529723907,3.064708284999965,2.8713910233489734,2.5253702571082,3.065271,3.065271
7843,5.508333333333334,4.193517956178246,4.193517956178246,4.089826506239576,4.28359765989238,4.362966389301283,3.959512313556038,4.287756,4.263313632387012,4.241157295579852,4.310532813749122,4.288611888505563,4.403810382425499,3.927384539844795,4.287756,4.287756
7844,6.848333333333332,5.507289099282115,5.507289099282115,5.7318326104867285,5.6493177405421005,5.857386970802297,5.595419966811519,6.138053,6.042800690109791,5.882892787920019,6.019670831844952,6.075543468919351,6.400081758130675,5.55107641195775,6.138053,6.138053
7845,7.281666666666669,6.599255278445006,6.599255278445006,6.478267873702962,6.6017836465811985,6.801382032943402,6.87785875777106,7.0661024999999995,7.047350890339768,6.973713908257212,7.053113360411972,7.0568967006557815,7.025415606068988,6.845611415940217,7.0661024999999995,7.0661024999999995
7846,7.7816666666666645,7.15720708586168,7.15720708586168,6.8789181704281,6.843930176439401,7.037525558885867,7.007945278295745,7.3028283,7.267102321757096,7.375956368161072,7.281617032204689,7.301601815797776,7.306875842699411,6.975822252894567,7.3028283,7.3028283
7847,7.120000000000001,6.564597374419762,6.564597374419762,6.474896274410249,6.503143544562935,6.644160740123835,6.895153761181845,7.027033448982243,7.032395587799959,7.219471954630821,7.031139115457224,7.030462260402995,6.924641888899272,6.855643709659438,7.0312779999999995,7.0312779999999995
7848,6.578333333333333,6.2362960522317294,6.2362960522317294,6.317599277671626,5.9697380881439415,6.131078261395778,6.268655310572836,6.425171400000001,6.403699596136942,6.656736507627356,6.410841272103285,6.4241398218902,6.43038859802768,6.24450852354317,6.425171400000001,6.425171400000001
7849,5.245,5.569865331723786,5.569865331723786,5.493731538240265,5.288165511670371,5.376755402741629,5.795309052833933,5.6891885,5.7028660230432875,5.825583607258185,5.687531569718253,5.689100228577194,5.561913810778172,5.786425915753178,5.6891885,5.6891885
7850,3.6733333333333342,4.2797573406570075,4.2797573406570075,4.200802808399062,4.0050227828495295,3.946049550086733,4.733665406309957,4.316684700000001,4.362525155131101,4.268340779312552,4.323744611782509,4.316939957671077,4.159806780716517,4.754081203359903,4.316684700000001,4.316684700000001
7851,3.343333333333333,3.0268733019990823,3.0268733019990823,3.176335156240272,2.9946738702259377,2.851751437721728,3.707522356298546,3.0925,3.1451013268835424,3.1022555986047102,3.1004632664673606,3.093269939036094,3.110939372915858,3.7599297606874535,3.0925,3.0925
7852,2.9233333333333333,3.2664480511768526,3.2664480511768526,3.2565231959405128,3.2764588180395027,3.099792790936934,3.584914387484753,3.1775825,3.2044097834090692,3.24182672124377,3.183391049995219,3.187245625854156,3.2072393066242224,3.6414199998105183,3.1775825,3.1775825
7853,3.0616666666666674,3.043724067867319,3.043724067867319,3.3051394569509895,3.2396630347752664,3.050566213474738,3.310563424947259,4.99358038623703,3.035876137650968,3.1538870929480876,3.0315531077178797,3.0331147394324756,3.031078684614024,3.37695413264412,3.0319927000000004,3.0319927000000004
7854,3.01,2.9914687432582876,2.9914687432582876,3.07704254570315,3.1425557667434925,2.9794820315942894,3.3643797353834324,2.907188,2.946040639849137,3.043068927210429,2.917177351224935,2.9166914677604145,3.027041465815891,3.4270139357357734,2.907188,2.907188
7855,2.7200000000000006,2.7952424255997737,2.7952424255997737,2.896401439648665,2.8024199521238256,2.7213016501353646,3.1316517148805607,3.8943526112692006,2.8272659192418907,2.7866721932880614,2.803602530009572,2.8046792838205086,2.7517458858009496,3.164718699144757,2.8005512,2.8005512
7856,2.4366666666666674,2.7201097193434465,2.7201097193434465,2.909405708995172,2.72021536522593,2.6304083261611826,2.7649087855026844,2.652475,2.656284358068515,2.655409675689524,2.6521966397483894,2.6529893940213354,2.5175667758063414,2.7867102466843225,2.652475,2.652475
7857,2.1616666666666666,2.5536259286464933,2.5536259286464933,2.6959722655222356,2.5977592743736078,2.506562172090405,2.590045740604234,2.5209162,2.521228969639626,2.4463343432079125,2.5206679119376485,2.521065590552307,2.3930431891419834,2.6075677543797324,2.5209162,2.5209162
7858,2.7916666666666683,2.356452556888205,2.356452556888205,2.5330414052588246,2.4840628401567257,2.4069583944751725,2.4834249732513394,2.3649862076998645,2.3950908621918057,2.2584913968774964,2.39296328135406,2.393831090746441,2.323197926810764,2.5036294302948625,2.3938026000000003,2.3938026000000003
7859,2.3999999999999995,3.041094814093255,3.041094814093255,3.013013605069745,3.0556352770820645,3.0090590322254664,2.85114937967391,2.8333945,2.840613468788168,2.8734083717826393,2.8389256867390413,2.83474357302901,2.7894954579153124,2.860805478750797,2.8333945,2.8333945
7860,2.8900000000000006,2.315149451465232,2.315149451465232,2.651821750048221,2.486329421713941,2.3685678151512715,2.5982128467344623,2.3998158,2.4120858810781947,2.3296044807555845,2.4006948386711917,2.3998902919500935,2.3644244324236956,2.6344744852345583,2.3998158,2.3998158
7861,3.1783333333333332,2.9294509140307303,2.9294509140307303,2.8047829881216675,2.9590082487676446,2.8885537524190337,3.145409366400849,2.799248,2.847242545837891,2.8354246176044993,2.8094270314988705,2.8179908825556392,2.8695992574005036,3.1776587279881396,2.799248,2.799248
7862,3.523333333333333,3.4038750117958014,3.4038750117958014,3.4889307890990358,3.4390831734945597,3.375931245580494,3.3610099998548675,3.2816546000000004,3.285606254070045,3.381150287622166,3.2839273009615146,3.2820175876395816,3.33742848051959,3.3887167473863173,3.2816546000000004,3.2816546000000004
7863,4.378333333333332,3.7931249199914197,3.7931249199914197,3.7358975003566215,3.924279571115793,3.9143613297310043,3.882316846511496,3.8699152000000003,3.8647584304927474,3.86586946374764,3.868032609379782,3.8691002791027005,3.769356462482611,3.893950731957908,3.8699152000000003,3.8699152000000003
7864,5.241666666666666,4.775383376671138,4.775383376671138,4.719406950621417,4.829949218681584,4.85436814044212,4.254021994942987,4.676598,4.62179547472851,4.768282354033204,4.6729512296305185,4.674211989725063,4.567821442738787,4.229182849186613,4.676598,4.676598
7865,5.211666666666668,4.806222546889993,4.806222546889993,4.633301473073787,4.80419250029275,4.9427727697411115,4.893907283694837,4.8866625,4.917705580733428,4.920748605632704,4.897908665552652,4.895722689373762,5.00034119921451,4.848006319146144,4.8866625,4.8866625
7866,5.081666666666665,4.8685885491715295,4.8685885491715295,4.753242224343194,4.784067615717433,4.870801010680308,4.949595980186799,4.892353,4.924084935070531,4.981811056401679,4.902872582339618,4.89403861777436,4.9156549588066705,4.9160421419595135,4.892353,4.892353
7867,4.199999999999998,4.993951272057968,4.993951272057968,4.973918396322071,5.063188751182514,5.0801339533357215,5.02746677597008,4.989371299999999,5.018055542809179,5.195719593874517,5.005203989434865,4.990827026061411,4.897768404917338,5.0180507879664,4.989371299999999,4.989371299999999
7868,7.24,5.436608343193266,5.436608343193266,5.419776666171593,5.517007132148822,5.440234355372523,5.217269692988407,5.385051,5.337915302212792,5.568531151779174,5.381522524540819,5.384870803382972,5.070376572259807,5.268791828898158,5.385051,5.385051
7869,6.805000000000001,7.243878493202247,7.243878493202247,7.586238783131221,8.19083888338547,8.233599597633685,7.40543992112068,7.642661,7.627397086361585,8.408877256845125,7.6456527646196015,7.862024454089057,7.402740497573925,7.4213162182569,7.642661,7.642661
7870,6.231666666666667,6.877188559619583,6.877188559619583,6.907849627749652,6.742225248789078,6.658865194683331,7.054440860409889,6.973593104127046,6.854447696390438,6.95681221050218,6.839762957095696,6.839703052762772,6.735184312600911,7.114693364464029,6.8396835000000005,6.8396835000000005
7871,6.791666666666667,6.504081643409245,6.504081643409245,6.527008558095169,6.329125381523702,6.25960887583361,6.599719385400275,6.3080934083387,6.392199945274216,6.175447135417799,6.3944798476777756,6.394752200225048,6.206122838156038,6.679622298419715,6.3946853,6.3946853
7872,6.33166666666667,6.4146252768750145,6.4146252768750145,6.4780563814084635,6.4846310740591395,6.441233214144139,6.639357452732037,6.571192757732034,6.537472861979729,6.534503430351194,6.549883626545775,6.565802271015032,6.48005936867764,6.687938032216545,6.5497236,6.5497236
7873,6.01,5.779065970302616,5.779065970302616,5.807284697463638,5.753301997455621,5.696605274420806,6.092742959180827,5.8540163,5.869377944774724,5.813819778631002,5.854190922105107,5.854520430789012,5.66475366489909,6.138214570490966,5.8540163,5.8540163
7874,4.928333333333332,5.431258391607441,5.431258391607441,5.484032157840203,5.516392532777363,5.533249353220718,5.856743898890375,5.6366014,5.652688585374814,5.531202955884579,5.636662456935069,5.636866955572296,5.441352388083198,5.893633940860708,5.6366014,5.6366014
7875,4.4383333333333335,4.699285307971726,4.699285307971726,4.883587949809502,4.8616195480837066,4.789346388397928,5.057653384136268,4.653244355853657,4.808756197834284,4.743355124375432,4.8079836394423205,4.808138294566606,4.6524082534682485,5.122989376755867,4.808155999999999,4.808155999999999
7876,4.398333333333335,4.306586091805349,4.306586091805349,4.440249108026291,4.460888557416998,4.352783284850638,4.710116950040798,4.336807299999999,4.353947134692129,4.312863321255869,4.33714464294081,4.338577123224105,4.304086732580508,4.787596792088671,4.336807299999999,4.336807299999999
7877,4.451666666666666,4.07827076282824,4.07827076282824,4.090436692529443,4.191806022197462,4.082635277758325,4.5969695845680345,4.1101875,4.153462799982401,4.0614282034184885,4.1110372725044835,4.118787708934596,4.057944980171078,4.666545756114399,4.1101875,4.1101875
7878,4.195000000000001,4.147466619110011,4.147466619110011,4.227817540126163,4.2195755177562955,4.138891631710141,4.514195189407593,4.206397,4.228740020628925,4.1425396668652565,4.206632340275236,4.212137114861939,4.176075862901864,4.568212386882312,4.206397,4.206397
7879,4.216666666666667,3.8955390794370124,3.8955390794370124,3.9374361621006537,3.9509315545372834,3.8616158574499453,4.285275573184418,3.9190147000000004,3.959384282330648,3.9096564436087298,3.9196264884188894,3.921392786062057,3.8720744028599783,4.333041413665059,3.9190147000000004,3.9190147000000004
7880,4.551666666666667,3.948194878979551,3.948194878979551,3.9494431421504643,3.963024381048813,3.9306378550480514,4.193233609204439,4.147671749897461,4.019492078268248,3.9487532375005974,3.9918288097792796,3.993226343176202,3.9165793699895257,4.210790094918088,3.991461,3.991461
7881,4.99,4.033715197023933,4.033715197023933,3.9678418265616417,4.0869980147430365,4.080977102103445,4.4911258307095805,4.1591949999999995,4.2193686956905605,4.066887739076171,4.160528883512103,4.163659019357913,4.156074551259532,4.502517937681062,4.1591949999999995,4.1591949999999995
7882,4.775,4.422154131330643,4.422154131330643,4.420398118381431,4.525657966116693,4.492539052321105,4.759147901891612,4.828931147250112,4.603874937027322,4.496619995632987,4.563222691760031,4.565862702214503,4.295108351518438,4.7639021392696215,4.560917,4.560917
7883,4.698333333333333,4.388359154670996,4.388359154670996,4.4178526313976825,4.3572227816935225,4.30182726461364,4.616267383037748,4.4378757,4.471794009211006,4.393836723480757,4.4384481193252,4.438151192003242,4.29329565995699,4.628592141145938,4.4378757,4.4378757
7884,3.8083333333333345,4.3646190551605635,4.3646190551605635,4.330018170914562,4.4039596325421675,4.371155031945981,4.607943212060173,4.4234395,4.464070418046277,4.416252761768039,4.424939711814843,4.42440687658771,4.313197236480385,4.61561687857071,4.4234395,4.4234395
7885,3.6649999999999996,3.8712998078971395,3.8712998078971395,4.008918585839452,3.8680245111364715,3.851390543385903,3.9015240725356684,3.6614009009009,3.857734425471468,3.9484088542068267,3.8583085206258727,3.8581104536452377,3.7218111808476353,3.9230820850138035,3.8580937000000004,3.8580937000000004
7886,4.123333333333333,3.9222571103210684,3.9222571103210684,4.041142145100653,3.888279728183179,3.8776885548190387,3.866603956455988,3.88495,3.871051333125211,3.9563028726455176,3.8842357088921813,3.8848672177597185,3.741310167425077,3.8853552130144147,3.88495,3.88495
7887,4.076666666666666,4.3851076028259675,4.3851076028259675,4.259891679751768,4.58020402689667,4.644621908938856,4.450295729995745,4.5298986,4.51494252907771,4.4529160728785335,4.529830612518011,4.528869131059254,4.303260670417076,4.4402241801321205,4.5298986,4.5298986
7888,4.006666666666667,4.65866629314325,4.65866629314325,4.570488653345065,4.698728933842576,4.734228627946609,4.4483269130289775,4.704779,4.641337589988763,4.588854288532146,4.701282175084879,4.704567669553344,4.53113115840781,4.441938684254012,4.704779,4.704779
7889,3.7433333333333327,4.083995995076385,4.083995995076385,3.9786964184405202,4.0832250694602665,4.098326153837758,4.224123235018277,4.2234745,4.211548160973193,4.038636632495215,4.222167607727769,4.223422814115855,4.096691809415822,4.221196719107268,4.2234745,4.2234745
7890,3.6416666666666666,4.056022518551493,4.056022518551493,3.995695970300001,4.193738221978631,4.199456987811975,4.368223463462926,4.495770202020203,4.279384474219201,4.071327314957284,4.2696431842439075,4.2737621307798825,4.036077165472318,4.373306065210784,4.2738323,4.2738323
7891,3.7483333333333344,5.081179043066712,5.081179043066712,5.21345079541156,5.316312571514159,5.320170836130867,4.911140786142829,5.2306914,5.122623127042646,5.08185500632619,5.202034440913554,5.230320424632133,5.050664422941598,4.931730766735724,5.2306914,5.2306914
7892,5.006666666666669,5.540488275543442,5.540488275543442,5.891812457443118,5.6902796771257345,5.582353443122526,5.256267187660818,4.626375630398471,5.4531329503728845,5.6071272264855985,5.249112662047246,5.685259943678911,5.503094152580994,5.316646554202816,5.685549,5.685549
7893,6.9033333333333315,6.612851396801508,6.612851396801508,6.441676292939521,6.4974089640025525,6.40511416484272,6.176121224062009,6.616982000000001,6.390669681327287,6.166451047059862,6.17893259797443,6.615387016872702,6.38243955213868,6.205953606810975,6.616982000000001,6.616982000000001
7894,7.116666666666666,6.756938330374738,6.756938330374738,6.603116537049402,6.8717742125616805,6.814701696415884,6.972032264473297,7.070057,7.038280667289358,6.564040989202018,7.029619312038488,7.067947287243134,6.90573407566605,6.947662736214365,7.070057,7.070057
7895,6.385000000000001,6.946322455242014,6.946322455242014,6.834105432639298,6.788175099636197,6.705593329475958,6.606757405783188,6.843903500000001,6.805991755088099,6.873840893642107,6.834156955119923,6.84373040754509,6.688964959928961,6.584518765469392,6.843903500000001,6.843903500000001
7896,6.024999999999997,6.1081145136844635,6.1081145136844635,5.908948757582136,5.800513861780657,5.736517299501127,5.986861835429342,6.0299610265205095,5.979799681301637,5.70785876464211,5.968505710384953,5.985403212071537,5.804016989556239,5.989282104265294,5.985487,5.985487
7897,5.616666666666665,5.452119107970054,5.452119107970054,5.329467089604709,5.517218973667152,5.4821445088377665,5.766386487604279,5.633708037363025,5.660706987714427,5.457820870682491,5.636086621006227,5.636043214136297,5.526274849297204,5.764642897918002,5.635867,5.635867
7898,4.695000000000001,4.937747497207429,4.937747497207429,4.876361733950767,4.89804815457749,4.899049914969924,5.034906460273532,5.2044530961293844,4.980616354854283,4.8882268120393455,4.986685191140526,4.948106180919288,4.900991316419832,5.040157553999224,4.947883999999999,4.947883999999999
7899,4.308333333333334,4.080074739186961,4.080074739186961,4.031066041059039,4.118236592110677,4.0925446656691005,4.519984545860144,4.99283764571786,4.225758174509585,4.074444471455597,4.172275269159372,4.143024101423846,4.136000049640805,4.544996332173355,4.1426654,4.1426654
7900,3.7349999999999994,3.7322766619262526,3.7322766619262526,3.6817426939630686,3.8526832937265656,3.8513362924529218,4.2070721524478385,4.170852957773849,3.883707475169647,3.792030296908625,3.8367832214303093,3.7820043545516016,3.8588453303205648,4.236503961014586,3.780728,3.780728
7901,2.626666666666667,3.3592739674242704,3.3592739674242704,3.4558437610406068,3.394281290092887,3.377108141795155,3.719974054817865,3.3904946000000002,3.454099360058115,3.413893501277584,3.4083899455769164,3.390975265908238,3.320118121759797,3.755775350820449,3.3904946000000002,3.3904946000000002
7902,1.783333333333333,2.487720653920593,2.487720653920593,2.8587394000328574,2.6624047305194845,2.6348838522383318,2.919851686984434,2.6441915000000003,2.676041006716929,2.7219000397526267,2.644986285511875,2.6444441646773056,2.5782591945126314,2.968845460176059,2.6441915000000003,2.6441915000000003
7903,1.7449999999999999,1.7644519063759483,1.7644519063759483,2.320756970948557,1.9479781963175287,1.9283202629746328,2.058262944660888,1.9688387999999999,1.9670411452463266,2.005756554437955,1.958536803133042,1.9690839262769035,1.8864279364820267,2.0915736717481233,1.9688387999999999,1.9688387999999999
7904,1.361666666666666,1.9062853019835764,1.9062853019835764,2.0369070277623553,1.9046086369616126,1.9202890051607788,2.015312899991139,1.8366085,1.8756798513378248,1.7855068003127395,1.856844890298252,1.83762774348629,1.86539753203913,2.030198166342174,1.8366085,1.8366085
7905,1.0016666666666671,1.5544251555039872,1.5544251555039872,1.9115134567324692,1.762283657430511,1.7754779743333184,1.8309774391925446,1.6178943000000001,1.657543548554338,1.5188685403325737,1.6392963203583286,1.6181274791473341,1.6204875315063378,1.8700639043277,1.6178943000000001,1.6178943000000001
7906,0.8999999999999998,1.297215439820517,1.297215439820517,1.718019308772642,1.5631170646756463,1.5568561450403173,1.7090460426777585,1.4849658000000003,1.5080757738662052,1.1777409460138166,1.4885795869040939,1.4851653269684904,1.4993552817622469,1.7573748352794314,1.4849658000000003,1.4849658000000003
7907,0.6549999999999999,1.2550039276405696,1.2550039276405696,1.6908341670987914,1.5066555824678667,1.4881539305399976,1.6716792188161813,1.45056239837677,1.4762999338618155,1.0356037559412838,1.4623679455728698,1.4628630947205465,1.3926392042342801,1.7255205894097974,1.4626850999999998,1.4626850999999998
7908,0.25,0.9669020303495834,0.9669020303495834,1.5227744402100356,1.288773732991526,1.283187300262571,1.438463511527463,1.3034873,1.3015933831828703,0.6178843183089309,1.3003190546095835,1.3035386322431308,1.215806876156552,1.4947444325419479,1.3034873,1.3034873
7909,0.8450000000000001,0.7709727683521459,0.7709727683521459,1.5705971628618691,1.1781306769863304,1.1484455276396757,1.0024089426297058,1.008007,1.0015011574490313,0.21215014516437725,1.0146875393000796,1.0079987425679469,1.0889376287142527,1.0532936897446068,1.008007,1.008007
7910,1.1066666666666667,1.450398806430059,1.450398806430059,1.7999530940630595,1.4473847441993217,1.4335160227531483,1.4145395704693655,1.4806328000000004,1.4586517916395443,0.8642212512079244,1.4675985579096262,1.480364029771216,1.5486398584993144,1.4265048056924838,1.4806328000000004,1.4806328000000004
7911,0.8833333333333335,1.457011230534039,1.457011230534039,1.7678128361672987,1.564592863309441,1.5612954282395939,1.5804054328544725,1.4655643,1.494733385805091,1.0455515127393489,1.4858674268987366,1.4658044199034292,1.3183893331001908,1.6035767678824495,1.4655643,1.4655643
7912,1.6333333333333329,1.421898101546061,1.421898101546061,1.8524307501326733,1.5368317790194026,1.5113324066130551,1.6330100004269035,1.6204891999999997,1.6032651355602172,1.0880544747247716,1.610924128882354,1.6204086422118986,1.590897817350866,1.6647204388829642,1.6204891999999997,1.6204891999999997
7913,1.4066666666666667,2.491802027858374,2.491802027858374,2.6532654810281997,2.36601413093189,2.3441843263669497,2.2645693462266765,2.3090857999999996,2.2882723155168216,2.2099441056886655,2.3104353805633977,2.3088697455701213,2.3281872497260743,2.316807336798237,2.3090857999999996,2.3090857999999996
7914,1.966666666666667,2.085318751954159,2.085318751954159,3.1461234662599216,2.237654610931102,2.163778359585491,2.270022791203644,2.3723229999999997,2.2992235103343046,2.3016752820341324,2.3595601285361036,2.372109704136354,2.397154002972429,2.393812174383788,2.3723229999999997,2.3723229999999997
7915,2.553333333333333,3.119157891957211,3.119157891957211,3.6513039960447626,2.808302399105139,2.7435651194903974,2.83505766790747,2.8582568,2.8089284635373035,2.955490432571346,2.8655480195213405,2.8642255801606664,2.8163594730607397,2.9759201240670796,2.8582568,2.8582568
7916,5.166666666666668,3.6638854857208267,3.6638854857208267,3.953840495033902,3.5830654859633038,3.5167145066541843,3.802491817604245,3.6267343,3.6190046361965913,3.800182088022746,3.6290404497205926,3.63083172671941,3.553449134855085,3.926266032583627,3.6267343,3.6267343
7917,6.089999999999999,5.737834669071821,5.737834669071821,6.128408665262679,6.6787663759506,6.677163561834391,6.150378381039438,6.118776175330932,6.404084720618406,7.251679760524812,6.4465744397542455,6.048516572072275,6.532126965766404,6.1561789463028775,6.481129,6.481129
7918,6.826666666666665,6.9274848928779535,6.9274848928779535,6.4412639691264655,6.71021659032128,6.703050054305949,6.348552891345667,6.472429498852867,6.566204039130227,7.258319738452256,6.602898994901098,6.620098759518032,6.520257917732133,6.34656464740641,6.620209,6.620209
7919,5.891666666666667,6.63600463574085,6.63600463574085,6.587036911137085,6.749762650119476,6.756315243117973,6.550130639137229,6.6707125,6.6605084362566185,7.132843005206643,6.673753878222429,6.670710023782554,6.565847117428799,6.534932333443031,6.6707125,6.6707125
7920,6.178333333333334,6.013736548392497,6.013736548392497,5.898667432495918,5.701315555187909,5.685764326544678,5.7685129967685365,5.786031521613287,5.7928139885743235,5.941306142631599,5.794078007556836,5.814675292880491,5.658884076671635,5.784483581267526,5.8147470000000006,5.8147470000000006
7921,5.889999999999999,5.626755300716118,5.626755300716118,5.574301243141802,5.855120091319102,5.856976100373082,5.867172693959539,5.8333835999999994,5.844322148272473,5.94520024087257,5.836715783054714,5.83349061708395,5.728782847943333,5.854149272433858,5.8333835999999994,5.8333835999999994
7922,5.198333333333333,5.25373329329484,5.25373329329484,5.288649709077885,5.178298593251675,5.204118893972534,5.281546366383596,5.2830010000000005,5.284185145583043,5.372594813551018,5.2763142247646755,5.2829385485901,5.087237470612247,5.267434873444357,5.2830010000000005,5.2830010000000005
7923,4.105,4.2921219265202,4.2921219265202,4.190741380248486,4.194484308054756,4.2267066599398015,4.546909006619007,4.2987795,4.348224865656554,4.246871512749217,4.308588448823727,4.299272859365663,4.079599425339762,4.543385398176801,4.2987795,4.2987795
7924,3.4850000000000003,3.4128289123166193,3.4128289123166193,3.4129897898614283,3.371664617334644,3.384445425317422,3.702399672653907,3.412357,3.470885705775655,3.374899237943289,3.4271190375087794,3.4127711546267103,3.3202122664922005,3.708688897188631,3.412357,3.412357
7925,2.1600000000000006,2.755142970943931,2.755142970943931,2.704699211336746,2.812011412808526,2.8228293597758185,3.1578153366826816,2.7996929,2.8762346504407446,2.6893601173548785,2.8235313543923835,2.8005852638861883,2.7367435715973056,3.156752657526412,2.7996929,2.7996929
7926,2.1716666666666664,1.8334648430371043,1.8334648430371043,2.1187768886812153,1.8686476229498226,1.881240469154443,2.235233841466561,2.0431738,2.055794208007887,1.7704933932552644,2.0344029523099314,2.0431887562820656,1.9494368464037837,2.253018434992513,2.0431738,2.0431738
7927,1.6483333333333334,1.9608054590415878,1.9608054590415878,1.855664517166458,2.064519270411609,2.042975159784473,2.258121675236226,1.9834596,2.0358214462393307,1.8589416873810898,1.99518703688185,1.9849512948321977,1.9228480715313816,2.2586154915582455,1.9834596,1.9834596
7928,0.9016666666666666,1.374342979361002,1.374342979361002,1.5226199711298984,1.531966404962466,1.5112349491880157,1.8136596836347518,1.5099938999999996,1.561861181868967,1.3415575957731716,1.517974130061829,1.5101796675731505,1.478585062138142,1.822079563341161,1.5099938999999996,1.5099938999999996
7929,1.4416666666666667,0.8490794215668664,0.8490794215668664,1.3296122502656105,1.0342780654105708,1.0176218828638826,1.220615899224577,1.0677361000000003,1.0875701000543088,0.7462693320113742,1.0694545019738975,1.0678077632751104,1.1056097689808735,1.2415558910878488,1.0677361000000003,1.0677361000000003
7930,1.1416666666666666,1.6243753592659096,1.6243753592659096,1.5220435039735203,1.5142157001055434,1.5033723225885272,1.4814548412725466,1.6947914676825446,1.4604111217328581,1.3373027908194928,1.4491372779250407,1.4454721587041126,1.5122528016088248,1.4751118922682958,1.4441511999999999,1.4441511999999999
7931,1.3933333333333322,1.284395880827716,1.284395880827716,1.482463438651096,1.2224360179016753,1.2485532320177972,1.3144829606751829,1.3463748999999998,1.3327801189460917,1.1162156010032187,1.3431228195730571,1.3462522511714208,1.122853477180283,1.3128280125802694,1.3463748999999998,1.3463748999999998
7932,0.9616666666666668,1.7451056060962116,1.7451056060962116,1.859634934216092,1.5221099276456145,1.5507300061193412,1.5054585209928382,1.6070630000000001,1.5864474741253387,1.5473025587320897,1.604774985379231,1.606573341693104,1.648014978142252,1.5089537297149684,1.6070630000000001,1.6070630000000001
7933,0.743333333333333,1.1031776841820657,1.1031776841820657,1.5899952231850487,1.1175875376303477,1.1167355869229665,1.293360181527179,1.2117256999999997,1.2173276080848199,1.0132032740229975,1.2103576350715493,1.2117178338742276,1.2491813291357614,1.3220292547635788,1.2117256999999997,1.2117256999999997
7934,0.4783333333333334,1.2225182842907207,1.2225182842907207,1.705710537197806,1.2755769056889044,1.241594679779097,1.4160452418969434,1.3827189545664278,1.2964979300620332,1.1051797927710414,1.2891005042647095,1.287051268079113,1.2122597638848682,1.4749522133048103,1.2870035,1.2870035
7935,1.3166666666666669,1.1369288730346145,1.1369288730346145,1.7404616719458583,1.4417215544089936,1.3441915373074527,1.6379598082220501,1.4740676000000001,1.4664524844822364,1.0928391883995263,1.4735828351092115,1.4737746315860276,1.449688729732955,1.7226060323517043,1.4740676000000001,1.4740676000000001
7936,1.920000000000001,2.1121473696193593,2.1121473696193593,2.040179560323142,2.0305002142620556,1.95543663050809,1.831824555434853,1.8861466999999998,1.8827042079082705,1.642569049135496,1.8915513287751644,1.8849480769379237,1.9140285770000145,1.8445540950354629,1.8861466999999998,1.8861466999999998
7937,2.145,2.3926037023299713,2.3926037023299713,2.5124394681942066,2.3548322098272467,2.314982596419382,2.283578906942642,2.6062716659417515,2.267551298398459,2.2009666133257486,2.266533120842386,2.260105137032887,2.243445037160072,2.3073172011228897,2.2598376,2.2598376
7938,2.76,2.7863534667279666,2.7863534667279666,2.9812171673422205,2.783535449211145,2.752533235054634,2.812613566544261,2.7635179,2.7624986838349344,2.7409553968010893,2.7650837855170645,2.763546797571828,2.7089009388444887,2.847807532214067,2.7635179,2.7635179
7939,3.9283333333333337,3.5109785650274183,3.5109785650274183,3.573038344881589,3.5478475427633978,3.497076276120484,3.610234680052104,3.4808576,3.492611773724871,3.563240306787256,3.4835411886735868,3.4810064912167777,3.375000376593775,3.6509646396081314,3.4808576,3.4808576
7940,4.0200000000000005,4.4109746745796015,4.4109746745796015,4.210925736311969,4.633565466917667,4.521985344768419,4.547229054316312,4.2748013,4.337276359773241,4.605388128140829,4.290603068147151,4.278323800756615,4.248115175657935,4.579788573750108,4.2748013,4.2748013
7941,4.1899999999999995,4.590406217529235,4.590406217529235,4.526933449116497,4.7148322875682975,4.661621150944489,4.758916532717122,4.6268915999999995,4.635425158376438,4.806322105457426,4.627834514768552,4.626933054589193,4.6010456590290705,4.804468937025766,4.6268915999999995,4.6268915999999995
7942,4.913333333333333,4.793747048294356,4.793747048294356,4.666973896480094,4.781531699731676,4.750131315264362,4.784529918509327,4.7381085999999994,4.730748998204741,4.886051821332285,4.738425945269966,4.7380706897410025,4.633316361353727,4.824091376818521,4.7381085999999994,4.7381085999999994
7943,4.958333333333332,5.018714192467183,5.018714192467183,4.67491814116504,5.305932614692177,5.279316832103581,5.338022582917755,5.275099,5.283415950504378,5.224700060740936,5.275240216986251,5.274917380090977,5.004023457201503,5.334004802661549,5.275099,5.275099
7944,4.471666666666668,4.72050085673338,4.72050085673338,4.604624179802222,4.7432938384625505,4.739819508911942,4.795951585190999,4.6942477,4.715479357040776,4.727863289150648,4.694986055230873,4.694339798390998,4.5603820887022515,4.793305572845243,4.6942477,4.6942477
7945,4.068333333333334,4.072692792918296,4.072692792918296,4.194228165598043,4.005180470104999,4.028283659885189,4.050966475457009,3.976782,3.99493845871441,4.060905747861307,3.977405900960276,3.9769626813136645,3.8893047210421723,4.055509539305529,3.976782,3.976782
7946,3.166666666666667,3.572985206292213,3.572985206292213,3.5407982174485757,3.580974477309111,3.5793917319552504,3.679027282669585,3.5618834,3.5906678128320095,3.534664768485384,3.562268017128356,3.5624336861835073,3.4559639286762773,3.6649542951819134,3.5618834,3.5618834
7947,2.6866666666666665,2.734855124421251,2.734855124421251,2.9713711638991382,2.7012675991313926,2.711406250679672,2.879766410067054,2.7470818,2.7674365338388243,2.7725491943362615,2.7471319647797783,2.7471219592693212,2.624438609833253,2.8907066772704013,2.7470818,2.7470818
7948,2.6100000000000003,2.395335978291835,2.395335978291835,2.4483134126200783,2.4529404235796717,2.3879367628328367,2.792434426770969,2.4490714,2.498042797593585,2.4565050076098824,2.4496643303007373,2.449822836491813,2.4087774420478913,2.817356583971744,2.4490714,2.4490714
7949,3.5750000000000015,2.514755438174448,2.514755438174448,2.6079794346731537,2.494404939744979,2.4594955605655255,2.819741718760317,2.5363998,2.569417452119063,2.5429510294898234,2.536575332962863,2.5367809581819865,2.5145770407050514,2.8506227272672446,2.5363998,2.5363998
7950,3.375,3.532960468772661,3.532960468772661,3.4660576453387355,3.592700786797547,3.5702365660735698,3.629630495735116,3.5429837904785604,3.5608481414022597,3.567043704201444,3.5513924621851043,3.5556516028144696,3.7109904767958617,3.640255964062188,3.5514072999999997,3.5514072999999997
7951,3.288333333333333,3.308436266825284,3.308436266825284,3.4151375486638056,3.3250757855782713,3.330766948781687,3.463406602010265,3.4087965,3.4038397134198686,3.3838451853819196,3.4081871902592624,3.408716198350579,3.408573061959273,3.4840864121099124,3.4087965,3.4087965
7952,4.466666666666666,3.375484085751733,3.375484085751733,3.572341619384777,3.301985146248643,3.3282942488801637,3.574284092968322,3.4442809999999997,3.442741772378109,3.4360079657772697,3.4435179621714953,3.4441720848880406,3.420251856317699,3.613095711165622,3.4442809999999997,3.4442809999999997
7953,3.9366666666666674,4.5004086151739315,4.5004086151739315,4.566421590238687,4.617562040201893,4.616841135700779,4.545986344888215,4.613762400000001,4.592651446062768,4.618964863445374,4.612963805214247,4.62728583259658,4.926433750470744,4.561121237016666,4.613762400000001,4.613762400000001
7954,3.7749999999999995,3.926750843752884,3.926750843752884,4.3259541951339076,3.916916392305259,3.9659259865728114,4.01664081470597,4.0077934,3.9906847019577865,4.083380881648032,4.006444505950184,4.0077078546347815,3.9709117924551554,4.052824191653507,4.0077934,4.0077934
7955,4.363333333333334,3.8515311708296984,3.8515311708296984,4.078752192756087,3.75275284483427,3.7769123556784474,3.9550601958945655,3.8243732,3.8240342622086807,3.8795244440319885,3.8236955803935992,3.8245527779824755,3.8933716131765865,3.9980366160300225,3.8243732,3.8243732
7956,3.8600000000000003,4.490700562801249,4.490700562801249,4.5536365470594875,4.453614832597681,4.439495257004608,4.492786812565475,4.4306593,4.422907430063765,4.497245546510349,4.430217739308336,4.440448318821209,4.429992463290116,4.527310368024835,4.4306593,4.4306593
7957,4.400000000000001,3.9439971849641484,3.9439971849641484,4.293188381532619,3.926631428786713,3.989805930480466,4.1544239210852245,4.0694876,4.04582537295567,4.060191153128615,4.067228473775304,4.069310637274887,3.9220428773854654,4.207507711949408,4.0694876,4.0694876
7958,4.7666666666666675,4.716762463097331,4.716762463097331,4.690388964404359,4.7345375203838325,4.699564705600722,4.6756009871838184,4.704402,4.675204331656644,4.733243752973249,4.7031004170821635,4.694830632004799,4.6594265922651426,4.706277216309407,4.704402,4.704402
7959,5.284999999999998,5.247707484904288,5.247707484904288,5.2648197959246925,5.325349328112155,5.287104186461155,5.246575972447697,5.246894999999999,5.222266037128044,5.2776438134083,5.245023249393832,5.246373197602368,5.113783387819288,5.2784217130766145,5.246894999999999,5.246894999999999
7960,5.920000000000002,5.939287310670432,5.939287310670432,5.895662784640513,5.9430619312517114,5.931402839133682,5.8570800269756305,5.9233712999999995,5.876712661603731,5.896276890324721,5.921444513226631,5.922604434797359,5.694866287738909,5.902856872591535,5.9233712999999995,5.9233712999999995
7961,6.583333333333335,6.457309864489906,6.457309864489906,6.454996333128454,6.3868478462442795,6.343732647605725,6.299690205612045,6.3007064,6.267659788883165,6.363810124086302,6.300546621642553,6.300214186122554,6.256135398347364,6.355145872816242,6.3007064,6.3007064
7962,6.968333333333331,6.9142751438132155,6.9142751438132155,7.205876425756337,6.871044144873563,6.922378926169847,6.7204078773027955,6.8803279999999996,6.820706070772324,6.959602445164835,6.879778192837086,6.878607161977638,6.595543424332999,6.778675057222083,6.8803279999999996,6.8803279999999996
7963,6.633333333333331,7.516988966924502,7.516988966924502,7.561253981973721,7.741462284159727,7.731528472809089,7.593016738397418,7.6737676,7.6285100072712435,7.612168209481776,7.672649031379104,7.667119680924429,7.2792735330838445,7.647160970123869,7.6737676,7.6737676
7964,6.716666666666666,7.741422348594339,7.741422348594339,8.006938749097298,7.356854813402148,7.434152970269635,7.230216541326085,7.490252,7.383428034155164,7.150441880888872,7.484760958607415,7.4898352710680545,7.0608651106093525,7.3345935646653215,7.490252,7.490252
7965,7.421666666666667,7.367393183108996,7.367393183108996,7.166078143190625,7.178493964071734,7.151275890031156,7.604230226879926,7.2573595,7.2618484614441865,6.386283962222585,7.2566426458094435,7.25705732468396,7.1075996324188955,7.713573084044004,7.2573595,7.2573595
7966,7.683333333333333,7.550675282266596,7.550675282266596,7.450814708657057,7.494002068820917,7.432655539963139,7.802382041911043,7.478494599999999,7.500186137877096,7.205523878773637,7.486980422545525,7.482675885893741,7.24811663242075,7.9086363217775215,7.478494599999999,7.478494599999999
7967,6.27,7.573865628052365,7.573865628052365,7.668021368633115,7.592718988123574,7.516792038061164,7.790866442647273,7.626502499999999,7.608183740005065,7.578712967447219,7.629661020676556,7.627997042015123,7.0958169731647,7.9090131764376235,7.626502499999999,7.626502499999999
7968,7.278333333333334,6.368475739471165,6.368475739471165,6.7975181334257835,6.064943832720314,6.080894841226649,6.649673832975365,6.34574,6.322878517068823,5.958318801470515,6.3419685255483,6.346748233638385,6.16127166768028,6.847398949183908,6.34574,6.34574
7969,7.9799999999999995,7.318811124761909,7.318811124761909,7.638159075609925,7.232040092152376,7.24326694272445,7.330702085865754,7.3581386,7.285802331277001,7.301886471422583,7.3394466763577455,7.814868884167142,7.1340328400496364,7.487046162087548,7.3581386,7.3581386
7970,7.931666666666666,7.445885644357707,7.445885644357707,8.005345220884841,8.008237623390766,8.192123424262682,8.030791167687363,8.058114999999999,8.004325061623137,8.339257246200821,8.038414696148507,7.977933562872569,7.523860512638786,8.120197363847257,8.058114999999999,8.058114999999999
7971,7.5133333333333345,7.870717357250473,7.870717357250473,7.925050341620685,7.978957522060554,8.111341620294299,7.950660407766006,7.293645212014126,7.977871482495276,8.054999960289738,8.024907351630764,8.035665212259758,7.352274254289499,8.020627024237225,8.039837,8.039837
7972,6.565,7.6640510168404425,7.6640510168404425,7.704174222170468,7.514778315977231,7.512278551083804,7.350417315076807,7.7099967000000005,7.605024724607091,7.349149685254412,7.687983675441378,7.7089406218913386,7.177026353706573,7.435312835509997,7.7099967000000005,7.7099967000000005
7973,5.705000000000001,6.7289933151447725,6.7289933151447725,7.03589985695019,6.4857412980630995,6.4895046723427825,6.475439080480875,8.43988466246935,6.5824130325073735,6.234990353845378,6.606125866698288,6.674633718525211,6.3494173860739425,6.602892829975415,6.675287700000001,6.675287700000001
7974,5.0983333333333345,6.177322289624357,6.177322289624357,6.504529109921534,5.862257715394007,5.863938785906951,5.966601561447648,5.480881047492226,5.997209515660627,5.551067268394875,5.966516462264197,6.096691718795185,5.805424998463154,6.125544277179438,6.0985475,6.0985475
7975,6.065,5.326258872680735,5.326258872680735,5.570987242459377,5.17651827674206,5.218046595630804,5.401717344229954,5.3401833,5.296222566538221,4.737996392578577,5.231709812184224,5.339772209528022,5.161874263223787,5.517564919181405,5.3401833,5.3401833
7976,5.3533333333333335,5.808419962432171,5.808419962432171,5.935871573389965,5.972833712911518,5.949662915503518,6.096224048953122,6.009769400000001,6.004386201554439,5.258290026389271,5.988366024101017,6.090805101888577,5.831205604850162,6.162667651269521,6.009769400000001,6.009769400000001
7977,7.213333333333334,5.557354522400429,5.557354522400429,5.912212884246198,5.371087691063341,5.419541105721086,5.57636940239068,5.5369616,5.495036886480104,5.033341394951008,5.48981688692793,5.536854443111155,5.313002531600812,5.7104648394678605,5.5369616,5.5369616
7978,6.030000000000001,6.199391044885521,6.199391044885521,6.792217315131021,6.9403132222559805,6.875460185819138,6.858419425281968,6.928491,6.904524771499253,6.136262042341206,6.880289833764945,7.028531480266448,6.791650283294936,6.873617835573748,6.928491,6.928491
7979,5.778333333333332,5.985059306985762,5.985059306985762,5.918874297646674,5.809791150569052,5.823636518042644,6.003451054004483,5.909228,5.90426011357842,5.2715564848245915,5.898438252905237,5.9091811738948,5.686545314415278,6.069243582833936,5.909228,5.909228
7980,5.071666666666668,5.7684902363513935,5.7684902363513935,5.793216509505691,5.697695340277929,5.69640699870448,5.727895429182887,6.44134335711945,5.708494139219784,5.416394375934167,5.703994044516513,5.724464742672959,5.626335138912375,5.775533872947271,5.7245800000000004,5.7245800000000004
7981,4.783333333333335,5.190716691513325,5.190716691513325,5.147164713596402,5.167296502694371,5.221547592237125,5.2896577276065395,5.1496353,5.165242770103637,4.795795619562451,5.142761622892106,5.149668402805311,5.001331306596106,5.333361695840224,5.1496353,5.1496353
7982,5.073333333333334,5.135250434133306,5.135250434133306,5.207451871878259,5.102083109508534,5.190274764754619,5.117924495384205,5.0711374000000005,5.054848380435517,4.842088976207871,5.008777789625627,5.0710670042185875,4.962000688639835,5.163455328338339,5.0711374000000005,5.0711374000000005
7983,4.7299999999999995,5.64646632533982,5.64646632533982,5.561169389433823,5.609550328539213,5.5724354865952686,5.597722264684538,5.689959,5.624521624693948,5.299791859831388,5.488635761778865,5.689112810398051,5.527997250573749,5.633743816540841,5.689959,5.689959
7984,5.561666666666667,5.794464085571413,5.794464085571413,5.993511461587808,5.582830255577674,5.639838889796282,5.458429113338815,5.68533,5.555717834987734,5.387405811776625,5.339037559252483,5.68514673577841,5.485271256139341,5.539186123068634,5.68533,5.68533
7985,5.174999999999998,6.19242796726888,6.19242796726888,6.097252318907655,6.039383286650372,5.974971344500007,5.983878518523676,5.849737993453871,6.016757823780157,5.581621355130884,5.948086867302692,6.057233343371172,5.847206154279643,6.042962611829953,6.057956,6.057956
7986,5.448333333333336,6.006935340068541,6.006935340068541,5.983376811320008,5.789463528147538,5.762440836219496,5.866405417842001,5.7521278683511925,5.836481122674446,5.231999326115961,5.705411752255092,5.903071699795585,5.658364716815361,5.954032123433683,5.9032029999999995,5.9032029999999995
7987,5.491666666666669,6.354067565182642,6.354067565182642,6.395442510945191,6.092444186540022,6.040751431031665,6.096198406636979,6.203291,6.115215331983092,5.576253029667483,5.99406624492169,6.20272818399105,6.062480664242426,6.1931778535884,6.203291,6.203291
7988,4.565000000000001,6.3297463435747865,6.3297463435747865,6.31410620650961,6.057611925012388,5.999880399453181,6.113850235037689,6.1499667,6.086202546438733,5.527226346775038,6.017325456453451,6.149685590011714,6.019723547182146,6.206001687520861,6.1499667,6.1499667
7989,4.833333333333334,5.395810137807991,5.395810137807991,5.701967182301056,5.300307678623116,5.368502702518878,5.516966927719771,5.398475599999999,5.351872117953567,4.8317708874920005,5.268231647957437,5.398382400581295,5.136787733759327,5.654931506430913,5.398475599999999,5.398475599999999
7990,5.386666666666667,5.456441020684041,5.456441020684041,5.663298998059071,5.288146867595698,5.339077553349109,5.511468705195116,5.38888,5.353318268707792,4.827181311677897,5.309030695002294,5.388815402528566,5.136787733759327,5.640077590569773,5.38888,5.38888
7991,6.8083333333333345,5.6767498535703025,5.6767498535703025,5.691639946260472,5.514120941131299,5.4863201511623805,5.676903347665574,6.7698876609222305,5.605067583254137,5.019925733517132,5.586198023575296,5.635068945464593,5.4528294967895095,5.757250584774069,5.6350126,5.6350126
7992,7.443333333333334,5.527355137860554,5.527355137860554,5.709123681170892,6.165348801629788,6.1560545624232255,6.3656631189874755,6.585035141783124,6.188877103695945,5.2847330988055,6.406842320986065,6.091879444974523,6.1331497608604435,6.340100282504677,6.0257688,6.0257688
7993,6.465000000000001,5.336470295962308,5.336470295962308,5.600954996319591,6.580008624672919,6.484612999281839,6.627435463939035,6.604526507427721,6.57221618713418,5.497935385304249,6.676678086478388,6.398245371940025,6.495842554206976,6.514190439492795,6.402185,6.402185
7994,3.7816666666666667,5.362330902060456,5.362330902060456,5.257643143318724,5.613336641183914,5.566984539088669,5.363741207446136,5.498173,5.532953667522559,5.179051473883298,5.663630608439409,5.498117882564915,5.400957063112564,5.237320702291566,5.498173,5.498173
7995,2.4616666666666656,3.234682750636217,3.234682750636217,3.3116814597058424,3.2133267263005214,3.238364124236236,3.1791944910139667,3.1896447999999995,3.2443677043051595,3.2089283767658268,3.406285387001401,3.1896146063165514,3.1409823296173816,3.1163736113925022,3.1896447999999995,3.1896447999999995
7996,3.5416666666666683,1.929567674160475,1.929567674160475,1.9593642001573246,2.124986510024231,2.1879873769590343,2.242290791100412,2.0433898,2.155568348000479,2.133089604666972,2.2886424546603843,2.0435508481171656,1.908094454791249,2.1977484829411926,2.0433898,2.0433898
7997,2.9966666666666644,3.320256591237791,3.320256591237791,3.3260547776489924,3.487127828931722,3.4091755741521546,3.2276152280271915,3.42509,3.3840596995255514,3.5080536685194454,3.3485248505959913,3.3324732265695145,3.716012127107991,3.133121159641,3.42509,3.42509
7998,2.5216666666666665,2.948879046720443,2.948879046720443,2.9805363388677044,2.9737903294629207,2.985576164991274,2.9229717426381168,2.9598875,2.9755661540461764,3.0225772865204177,3.009754270180002,2.9596854357118225,2.9724921608915684,2.87003785925314,2.9598875,2.9598875
7999,3.4449999999999994,2.786842434048416,2.786842434048416,3.0032316435372035,2.702743156804327,2.727184247286706,2.7069341338614628,2.772406,2.7501289254605203,2.93683235360013,2.7836466224426504,2.7722691916073643,2.671098584594052,2.70805516965597,2.772406,2.772406
8000,3.7999999999999994,3.6292823331857127,3.6292823331857127,3.5972503922650843,3.5817519777180964,3.538507117567591,3.44505904806762,3.5482612000000002,3.5432228166863484,3.651719571016779,3.594104953918685,3.543795388065841,3.5485036442086733,3.3994609087062297,3.5482612000000002,3.5482612000000002
8001,3.9933333333333336,3.866378567044251,3.866378567044251,3.847137362082625,3.784884966961485,3.7247219755761796,3.6787771753139293,3.8201442,3.797189070665887,3.847856095135311,3.8450668682661586,3.8205793540816955,3.783986487293081,3.6355000516209115,3.8201442,3.8201442
8002,3.7483333333333335,3.951923377199082,3.951923377199082,3.954037576400328,3.9003727820584655,3.8589229495856747,3.7961564498063516,3.8936013999999997,3.8960046487822644,3.9094807192297445,3.969819525794391,3.893918425649583,3.794784745901768,3.7518551071272253,3.8936013999999997,3.8936013999999997
8003,4.074999999999999,3.7773689822390364,3.7773689822390364,3.7777861020196095,3.665256987900357,3.6160375933746605,3.5845882593227754,3.730258,3.695801951190358,3.725245077908357,3.7233991038537635,3.7300397776741456,3.7237816932277488,3.5426735273775094,3.730258,3.730258
8004,3.9383333333333344,3.9056092727866893,3.9056092727866893,3.8045904994980044,4.068125976007935,4.002682342514842,3.9349547787976733,4.109986551145489,4.0128981172891995,3.9215245855349297,4.011482924744056,4.005501697335202,4.017659340159955,3.8622257457909335,4.004948000000001,4.004948000000001
8005,4.398333333333334,3.8661347410333615,3.8661347410333615,3.7879816407524243,3.7811744481087834,3.716730379626459,3.647511521758162,3.7917917,3.78423089957429,3.810545163945008,3.8549506178122352,3.791968324501323,3.816109022557629,3.5848960430258012,3.7917917,3.7917917
8006,4.303333333333333,4.088964804742765,4.088964804742765,4.01896208204349,4.271929473620159,4.1861335573582945,4.06693647855029,4.194368,4.210699711526614,4.134210620292739,4.258278565970029,4.199449322188826,4.161559019798151,3.974371356868845,4.194368,4.194368
8007,4.075,4.179398191299241,4.179398191299241,4.046949749659446,4.212165466753413,4.14575653817671,4.056272276973867,4.162973399999999,4.182325707912462,4.088008577387028,4.244119211967834,4.163597095044034,4.151705599807382,3.978689745377218,4.162973399999999,4.162973399999999
8008,3.8293103448275856,4.342087958706011,4.342087958706011,4.310507362602988,4.3027715800151185,4.260102287529717,4.214007487480244,4.4678181306417635,4.288974900433738,4.291838966705657,4.290424034607423,4.314097485954555,4.1862863026163435,4.202849043689905,4.3138255999999995,4.3138255999999995
8009,4.081666666666666,4.359900709306752,4.359900709306752,4.311567628940842,4.2402007671944,4.195653348119447,4.17947169854674,4.300788400000001,4.243919517796826,4.301359170876467,4.201452236058325,4.3008044981405495,4.080936883143689,4.1922788494004966,4.300788400000001,4.300788400000001
8010,3.811666666666666,4.719934508218876,4.719934508218876,4.552312141065254,4.660112103893569,4.621430235694134,4.692100177832843,4.7110367,4.663515495810502,4.568638170647479,4.543246240816793,4.711088358395858,4.648083338166693,4.731569765258662,4.7110367,4.7110367
8011,4.5583333333333345,4.6912599411474725,4.6912599411474725,4.86388048896977,4.511468221361477,4.529206868849326,4.585625334089569,4.6373386,4.537582193298755,4.639145099526877,4.416524763808249,4.637294483757673,4.611510290496044,4.6896277855192565,4.6373386,4.6373386
8012,4.1,5.610661573859623,5.610661573859623,5.652091454856901,5.460000213118018,5.440722226830352,5.389907516586743,5.5447574,5.38087387999012,5.341291454821246,5.086671360092828,5.543370690365649,5.389551971906355,5.464281296285759,5.5447574,5.5447574
8013,4.228333333333333,4.870633487968864,4.870633487968864,4.9653776912925425,4.687906801686961,4.660353199517719,4.7955360231671245,4.877167,4.750697246064209,4.6111199194560335,4.6220061914831625,4.877076945104153,4.753701035667128,4.887479503281084,4.877167,4.877167
8014,3.8549999999999995,4.765037425268003,4.765037425268003,4.824515249773906,4.634488684795116,4.613112751776515,4.762733859423423,4.762615,4.705828599459746,4.44143018911901,4.673875578791806,4.762468047070946,4.6137360086023005,4.841315688682243,4.762615,4.762615
8015,3.485,4.309795442108303,4.309795442108303,4.509420416583637,4.266548745661115,4.285346516847366,4.391898894716416,4.3143773,4.292892784275481,4.16917872879712,4.2960074615151775,4.314367263846691,4.155594662403344,4.484332206255048,4.3143773,4.3143773
8016,3.158333333333333,3.6988534784952845,3.6988534784952845,3.8998829713495615,3.751558289592159,3.766578606058454,3.8802339953584393,3.7645078,3.7713036057337415,3.7871340891409977,3.775252738895392,3.7645608550597056,3.73072434022793,3.962402430169192,3.7645078,3.7645078
8017,3.226666666666667,2.994338876937164,2.994338876937164,3.2511333475701303,3.1280260892691043,3.1580382661086035,3.2260208053782358,3.094241,3.139051244995783,3.3475598050553286,3.195998778554082,3.09436933100133,2.943902022300443,3.287668994448124,3.094241,3.094241
8018,2.7433333333333327,2.922830344986497,2.922830344986497,2.89145462094691,3.050846873885155,3.0654877589350527,3.0624548231041557,2.9703016,3.0280334929723223,3.228846234301966,3.02968816302859,2.970592399140657,2.8111453961387496,3.048972818082535,2.9703016,2.9703016
8019,2.888333333333335,2.4551259993189323,2.4551259993189323,2.5222494234727155,2.5782855938434066,2.6133538562356007,2.522186237602285,2.4846682999999996,2.5447436203627882,2.958024521193978,2.6131121981457683,2.484701756441484,2.31228568010258,2.4878062508822407,2.4846682999999996,2.4846682999999996
8020,2.8966666666666656,2.7481228302910283,2.7481228302910283,2.693582353475572,2.684897825465695,2.717206833971385,2.6130919098784755,2.654792,2.6630121991054883,3.138092366001514,2.684369109176391,2.6549521090254995,2.6091075436907447,2.5751807595577945,2.654792,2.654792
8021,2.6283333333333325,2.757271349823217,2.757271349823217,2.662663493185284,2.785738880182107,2.7833945244790756,2.722387014220809,2.7708979,2.7658062644732935,3.086267322549977,2.7326316493850538,2.7706032857157847,2.6949380077060647,2.6743248718621704,2.7708979,2.7708979
8022,2.421666666666667,2.7383850639215828,2.7383850639215828,2.7996543838802177,2.6948807064947458,2.730720266992538,2.620664595564608,2.7013388,2.6732659408844115,3.070391173414017,2.675467775234248,2.7012193689997765,2.6928962643049346,2.596417988802207,2.7013388,2.7013388
8023,2.5566666666666666,2.489930836160083,2.489930836160083,2.6315952948164973,2.5310643999876787,2.5525199897302757,2.4930398708532593,2.5074744,2.526892215608452,2.8183081751543235,2.605037111084838,2.507403327649204,2.5161698727131387,2.485962708811094,2.5074744,2.5074744
8024,2.6716666666666677,2.7801023270948937,2.7801023270948937,2.8024016772349976,2.707553093960292,2.7434738392819975,2.6203913971618107,2.7163136000000003,2.687017197544866,2.9805716625138134,2.6944015176045495,2.716047631258764,2.5854648564987226,2.5855978821531824,2.7163136000000003,2.7163136000000003
8025,2.656666666666667,2.80287962986713,2.80287962986713,2.8181130157923433,2.734848593105392,2.7728081144077708,2.5753196445850968,2.7506833,2.7025225621308224,2.9452644851940883,2.718989364065793,2.7503159945646525,2.6394959388025256,2.5012942952028254,2.7506833,2.7506833
8026,2.583333333333334,2.635125873414335,2.635125873414335,2.5379573348764213,2.6475229668153917,2.6843572371754574,2.45613208806546,2.608283,2.6000843860910448,2.721002750103138,2.615735828748104,2.608049925811957,2.3445069012168718,2.3371409664862512,2.608283,2.608283
8027,2.3516666666666666,2.7283833180720842,2.7283833180720842,2.5938530283962935,2.6694985997413,2.702987249476636,2.4709028734340364,2.6888254000000003,2.629593729758576,2.817404107442207,2.570979196330722,2.688399894064765,2.489833839963712,2.3480041454964278,2.6888254000000003,2.6888254000000003
8028,2.596666666666668,2.7287546808278336,2.7287546808278336,2.8342139350178788,2.53552673656289,2.5781680810475,2.3692896376345907,2.6430125,2.5260589888579843,2.7925272206908307,2.5109297404491535,2.6427238960667614,2.6492917477519007,2.30949115352087,2.6430125,2.6430125
8029,2.676666666666668,2.8380293602573987,2.8380293602573987,2.811753516735358,2.7463478415375118,2.771868998512142,2.6214913198151044,2.7800233,2.729647366327849,2.8546266631841375,2.7096131919511786,2.7798291428041226,2.6928593276243236,2.5562567805614784,2.7800233,2.7800233
8030,2.1633333333333327,2.8500961858321583,2.8500961858321583,2.8062021556482657,2.753670720742539,2.775159669008233,2.5864454308432694,2.7838022999999996,2.727956364896862,2.8324747123391987,2.7173907965339343,2.783593465524462,2.6612707877105968,2.4994226338641843,2.7838022999999996,2.7838022999999996
8031,2.123333333333333,2.181718373897896,2.181718373897896,2.2019707207911896,2.262915225303937,2.296125282093665,2.0864423279797313,2.1936057,2.213756971263206,2.1363901655992943,2.2622519008648956,2.1935404530820555,2.0111507363966314,1.981765631980916,2.1936057,2.1936057
8032,1.7700000000000002,1.917254448343206,1.917254448343206,1.7674890203646458,2.1567370972525977,2.204214179232613,2.0834531282711373,1.8965418000000003,2.118791646449558,1.8681884619837748,2.2904028442004325,1.898178718163637,1.8456109648144159,1.9839820506124053,1.8965418000000003,1.8965418000000003
8033,2.7899999999999996,2.701490809281808,2.701490809281808,2.6866834725232978,2.498131762817957,2.5301876938612393,2.347046866425063,2.6832700000000003,2.4630838260522525,2.6396095619027395,2.205150187608095,2.682551706647476,2.5272535832286263,2.2818099941975007,2.6832700000000003,2.6832700000000003
8034,3.349999999999999,3.4460671780957397,3.4460671780957397,3.236754949340002,3.2102199134696336,3.233142595936963,3.2285883223048177,3.5366121303719877,3.2507003905096297,3.3677122312684222,3.180567216614301,3.291189511261305,3.420036315624542,3.209623018865164,3.2896152,3.2896152
8035,4.0950000000000015,4.0503618959317285,4.0503618959317285,3.9843891993318667,3.8746765135852868,3.8623805116701404,3.9882682598097294,4.045833,3.9542111081108593,4.105755223034731,3.832850111576679,4.045938690432949,4.015584743767806,4.0393425003831664,4.045833,4.045833
8036,4.726666666666666,4.724705904814085,4.724705904814085,4.633266909509326,4.57572851781998,4.558249311810294,4.713898086249577,4.723612999999999,4.646317666294378,4.77154632877172,4.515918470993576,4.72354014230172,4.677249488706796,4.7813110122549,4.723612999999999,4.723612999999999
8037,6.068333333333333,5.45028340285332,5.45028340285332,5.546312657798519,5.043513995905085,5.082031121790724,5.066590655013011,5.4056370000000005,5.140539984105336,5.478889326106885,4.919019207957892,5.404915804042089,5.128402703157617,5.106853409172584,5.4056370000000005,5.4056370000000005
8038,6.755000000000001,5.827589124544659,5.827589124544659,5.810416054003239,6.059285829446252,6.0413132956547475,6.042815572828932,6.227946,6.1010866545712545,6.2101709711870425,5.885747659795111,6.213088498236969,6.416929225558494,6.000742862866003,6.227946,6.227946
8039,6.929999999999999,6.169520394285682,6.169520394285682,6.174770690983239,6.375752717299618,6.347609639139051,6.165972612484923,6.449808999999999,6.328245044624657,6.57294879747379,6.248100556981307,6.445298833714773,6.708607743811953,6.0850056379646675,6.449808999999999,6.449808999999999
8040,6.004999999999999,5.924185833423998,5.924185833423998,5.903567018539492,6.3057224891225445,6.277894677033503,6.036727619111044,6.2472672,6.206048678364402,6.467900023058812,6.1992832866468,6.23647875588744,6.200030016276734,5.938924600106435,6.2472672,6.2472672
8041,5.486666666666666,5.225305266948778,5.225305266948778,5.02640318152703,5.28514655457852,5.288610184673113,5.155311518475221,5.291341,5.2731705978664785,5.20459413883117,5.260704635830532,5.2903458501589045,5.143224418964252,5.086349835804431,5.291341,5.291341
8042,4.326666666666667,4.339417620950048,4.339417620950048,4.269497329771759,4.765542382649199,4.761795247726279,4.603146142056752,3.08,4.708864380463711,4.526987736383994,4.696295666647652,4.662083038925916,4.647285251455015,4.505339651225134,4.664665,4.664665
8043,3.429999999999999,3.173758495263994,3.173758495263994,3.0170723912519177,3.585605953294571,3.4755289487207914,3.433052150892706,3.211347,3.3954005074138354,2.9964670189770057,3.394870979170173,3.21166794577688,3.0996904049205813,3.352331842312365,3.211347,3.211347
8044,2.406666666666667,2.5185264330833634,2.5185264330833634,2.3601659899486833,2.9550524287158217,2.893530592244783,2.8788088370135263,2.6234697999999996,2.797419213874235,2.3446556647359857,2.7704812783123387,2.6243785536280555,2.6242740943996514,2.8080565915831874,2.6234697999999996,2.6234697999999996
8045,1.575,1.8434605698976358,1.8434605698976358,1.936683888272683,2.077784724710661,2.0687738666232587,2.0110062560711093,1.8985684,1.9850689779685577,1.5910910966795897,1.9663714775928625,1.8985857147240899,1.8697696071015177,1.969791010523312,1.8985684,1.8985684
8046,1.4666666666666661,1.595985221215511,1.595985221215511,1.7732676444046467,1.6508621894678512,1.742943439514388,1.5834081901208652,1.186242905614062,1.6574592119445977,1.3002497138231823,1.6544864681666054,1.6977038539656975,1.5147366493651666,1.5466576457654657,1.6981351,1.6981351
8047,1.6716666666666662,1.412995931992493,1.412995931992493,1.5621733642330837,1.4825669497142018,1.5287945809559185,1.3803908558872182,1.4661062,1.470589377191624,1.0931549789158597,1.469077923348995,1.4657845913306056,1.2716158933732618,1.3376147258470108,1.4661062,1.4661062
8048,1.3366666666666667,1.595372874183993,1.595372874183993,1.4639620403399216,1.7114933998287842,1.7242164989889717,1.6154871152452515,1.5771794,1.642478438612485,1.4188616656819772,1.61201817675056,1.5778878937856269,1.5456695811954022,1.5579778488719755,1.5771794,1.5771794
8049,1.5833333333333328,1.4739783054212934,1.4739783054212934,1.585992979706445,1.5041527284415648,1.5564314321226025,1.4155356131263384,1.5045273000000003,1.5001533084190846,1.3726060526122272,1.5015276500257855,1.5043784133070393,1.361372774421374,1.3788254524762524,1.5045273000000003,1.5045273000000003
8050,1.8900000000000003,1.679532846873327,1.679532846873327,1.6145226423104488,1.735938583766797,1.765108474728264,1.6800060489238513,1.665388,1.7000839371990333,1.5665194300845604,1.6785209755404846,1.6654815178860378,1.597021781104428,1.638488496224423,1.665388,1.665388
8051,1.61,1.934685580517921,1.934685580517921,1.8877790813678688,1.9090389006993653,1.9206633720853554,1.7917579817191065,1.8401521,1.8690327121238723,1.9015427326774643,1.8633504621516466,1.8402070975143283,1.8189619706513498,1.7463397733866324,1.8401521,1.8401521
8052,1.5666666666666667,1.6879319986915435,1.6879319986915435,1.7125707964034707,1.770413883066396,1.8038036613910817,1.6940453525119628,1.7284812,1.7435764391645803,1.6539910580975414,1.731201246666819,1.7284179703782963,1.654956338554495,1.6525197566840881,1.7284812,1.7284812
8053,1.5483333333333333,1.7105923746561253,1.7105923746561253,1.717456369211495,1.7551082647024003,1.8024799044664093,1.6768370898246188,1.637092828659902,1.744294873220701,1.6746639701889334,1.7382893827557777,1.7497024573324764,1.775114196611085,1.6341232851974756,1.7498354000000003,1.7498354000000003
8054,2.2449999999999997,1.6129650104819944,1.6129650104819944,1.5272637946232561,1.7274882265551978,1.7485386686110478,1.6940095563236595,1.6431076999999998,1.6920266847842744,1.5959416308820797,1.662274221050387,1.6433527553012794,1.5690946444002098,1.6533766482767458,1.6431076999999998,1.6431076999999998
8055,3.0050000000000003,2.6825300181648326,2.6825300181648326,2.52748691937839,2.45772910650618,2.492504884501298,2.353019151970596,2.4607767999999997,2.4436603835631647,2.6460255999048603,2.4614475496729558,2.462631654599,2.480644266030086,2.3300452667183653,2.4607767999999997,2.4607767999999997
8056,3.405,2.780670574121207,2.780670574121207,2.407384485719203,3.009816545606306,2.9764783081762323,2.8119586742875136,2.9180341405458567,2.868206805081729,2.858772492034177,2.838516813516648,2.7728372524488885,2.8183895857454844,2.7247783605138647,2.7674412999999998,2.7674412999999998
8057,2.698333333333333,2.9903883764520547,2.9903883764520547,2.7347570987971386,3.215281888473685,3.167549101191478,3.0061914737740745,2.9900815,3.109782267985816,3.075326058915051,3.119463749897068,2.9960480775419733,3.011770289991278,2.915824958994794,2.9900815,2.9900815
8058,5.248333333333334,3.873923769407655,3.873923769407655,4.045177865525609,3.4047131335319745,3.5305626044343126,3.120660868526754,3.7215042,3.4751317885219,3.9626796340076758,3.586383121695626,3.7208245455934867,3.710343878921108,3.1014643942634037,3.7215042,3.7215042
8059,7.099999999999997,5.430583186475413,5.430583186475413,5.699268188991571,6.157633960348273,6.255392729369133,5.958561568357167,6.281943,6.141659594275919,5.942381498434855,6.275410929206473,6.187992705038667,6.416929225558494,5.920881366760717,6.281943,6.281943
8060,7.233333333333335,7.297041638324691,7.297041638324691,7.039042877214921,7.450806231594054,7.473142224774168,7.301256724033279,7.010158213141388,7.409203502922347,7.201839480964128,7.445852889547185,7.4457012015576725,7.698193642200252,7.288463265036265,7.4446125,7.4446125
8061,7.47,7.703327277229379,7.703327277229379,7.372509935800362,7.4862647471681285,7.4488644982091134,7.3204590743664975,7.575303999999999,7.491925301944321,7.286358355286897,7.571532612071863,7.575093803940053,7.45436396365862,7.319449833886258,7.575303999999999,7.575303999999999
8062,7.243333333333331,7.579956882031657,7.579956882031657,7.414384731009612,7.525561872749489,7.475174159607459,7.445304569663182,7.671403,7.594528346603613,7.324663609951523,7.667147520566932,7.670770545043235,7.337307856525564,7.4469297474242,7.671403,7.671403
8063,7.125000000000002,6.988721225951725,6.988721225951725,6.953853834436678,6.814225854664416,6.724997132537669,6.914113068213244,6.9454720000000005,6.913574295824205,6.703179880142361,6.943086870853258,6.945368491168623,6.79370645763636,6.938688068078242,6.9454720000000005,6.9454720000000005
8064,6.566666666666668,6.432191576388344,6.432191576388344,6.409977142949007,6.60762255019897,6.510677551833156,6.685702679679439,6.624648,6.633993152154623,6.581118071833288,6.624358407748655,6.624748196557391,6.479874989500955,6.693532542865126,6.624648,6.624648
8065,5.949999999999999,5.793218093077778,5.793218093077778,5.780237452246876,5.825502943997205,5.7177363337718745,5.964321174453753,5.9874637343207535,5.883937268003482,5.806439030611511,5.866155998300123,5.867262418327925,5.702156914092171,5.978265230783583,5.867251400000001,5.867251400000001
8066,4.178333333333334,4.817214782686432,4.817214782686432,4.67550617537031,5.248693669245016,5.083255803227027,5.504736015548592,5.121837599999999,5.229876323423188,4.944990543167858,5.122832888547676,5.12269722917718,5.032951833122106,5.506477392463085,5.121837599999999,5.121837599999999
8067,4.286666666666665,3.3236373672086703,3.3236373672086703,3.412607729720027,3.611068226423116,3.4689553566483484,3.962871706075638,3.546368,3.6170800185710252,3.4419461919312857,3.5468941758419623,3.5464722528841786,3.4657032956808966,3.9887008329557756,3.546368,3.546368
8068,3.624999999999999,3.3095693970128854,3.3095693970128854,3.206833447406293,3.5118323403945717,3.438526349500168,3.678989490452443,3.3194232000000006,3.4290159303485086,3.3239556596872464,3.3282829237504425,3.3350474501047076,3.407004591279938,3.6740645356096766,3.3194232000000006,3.3194232000000006
8069,2.4283333333333332,2.8621194720590406,2.8621194720590406,2.8449974624223096,3.005851628180894,2.93786787478353,3.15141233858329,2.8555099999999998,2.9400809250284676,2.8642418235300786,2.8605229264163734,2.8562637744183803,2.8146510136937324,3.15123830087901,2.8555099999999998,2.8555099999999998
8070,1.5299999999999991,2.072811379839073,2.072811379839073,2.3066252925233233,2.1555284953814065,2.0902541456591988,2.348762117907801,2.1759633999999997,2.1975744494833016,2.1256225378606786,2.1721472278740155,2.17597171812655,2.184188499407586,2.3667734624890184,2.1759633999999997,2.1759633999999997
8071,1.2383333333333335,1.2356223469538001,1.2356223469538001,1.5086954832709782,1.549603607551536,1.4857157989780303,1.6776009826789768,1.46312,1.4968750744370718,1.3536699461267303,1.4611010455289883,1.463351883820379,1.4960867348078284,1.6831752735103156,1.46312,1.46312
8072,1.4616666666666667,1.287829481220113,1.287829481220113,1.527486857306957,1.3982511614543967,1.3734989394345982,1.4797547419728234,1.3645021000000002,1.3767948058588737,1.292267591951247,1.3613587036679746,1.3645521259575317,1.356431482080148,1.488296621412791,1.3645021000000002,1.3645021000000002
8073,1.6483333333333337,1.4891936142901478,1.4891936142901478,1.5369068522279536,1.468552354814384,1.4420503369010613,1.5354288764528614,1.3904101999999998,1.4288649051462183,1.3394940643698963,1.3930163684891306,1.391076131291387,1.410603029998101,1.5346066862875203,1.3904101999999998,1.3904101999999998
8074,1.193333333333334,1.6784081840546277,1.6784081840546277,1.6064735985280363,1.7353533042419258,1.7252841116679587,1.724318358750622,1.6256114999999998,1.6560235187821655,1.6741118208288839,1.628099763028426,1.626190624256219,1.6149165298871164,1.707071845425371,1.6256114999999998,1.6256114999999998
8075,1.3450000000000002,1.3142614053830197,1.3142614053830197,1.529828233800767,1.4836555368374214,1.495108985312581,1.4223241700902367,1.2919679398659842,1.4325445578688454,1.3342125285869995,1.440658581687508,1.4447718978840127,1.3103953982552263,1.411289499939648,1.4448299999999996,1.4448299999999996
8076,1.5650000000000002,1.5739008998379695,1.5739008998379695,1.6373593347187918,1.6076636229702994,1.6428515594623092,1.4928784411900633,1.5566108,1.5471624260275871,1.4791132149747135,1.5555779885217564,1.556554534768964,1.4740468623429748,1.475177863673275,1.5566108,1.5566108
8077,1.2983333333333333,1.6389317083233763,1.6389317083233763,1.484249380388544,1.7746672818857885,1.7863577285159358,1.6702221181872274,1.6281556000000004,1.6579790609169374,1.5283568178792777,1.6339289181912293,1.628628228405796,1.5157312555784124,1.6350242494282852,1.6281556000000004,1.6281556000000004
8078,1.5916666666666661,1.5210841284732064,1.5210841284732064,1.5671318582170044,1.623118532185995,1.659971456153197,1.4571123223613132,1.5907290907820029,1.5436954607596496,1.4078516881662564,1.5507691819365488,1.5499087742298832,1.308009385599576,1.4269175232730085,1.5498829,1.5498829
8079,1.7816666666666663,1.825251663201008,1.825251663201008,1.7266120768887485,1.8787189154167387,1.889667802482656,1.7442921076360856,1.7771116000000005,1.7874602256244447,1.6458821147403473,1.7793777687655168,1.7773836590626968,1.7173731181464515,1.713756344393008,1.7771116000000005,1.7771116000000005
8080,1.7349999999999997,2.0364252591577836,2.0364252591577836,1.9532527895652712,2.0475238180117987,2.091439691986353,1.8812176844539785,1.9493983000000001,1.9671414160706562,1.869336606084216,1.95454207390129,1.9498113882764745,1.9016184641968399,1.848174706484726,1.9493983000000001,1.9493983000000001
8081,2.7849999999999997,2.5583383253131586,2.5583383253131586,2.7433415803303656,2.4060659215283113,2.5385881983480365,2.1125607439214846,2.2897133739759763,2.4009393203590688,2.456868542081285,2.46845619097368,2.4713461580791947,2.3469716014770894,2.0941521937270364,2.4716525000000003,2.4716525000000003
8082,3.4633333333333325,3.703537232963502,3.703537232963502,3.609881118356706,3.4421024042284243,3.6736530089572312,3.155109297796165,2.658978596159902,3.5418869199489995,3.6864136506768963,3.606944781696425,3.6046053764836734,3.579403863963489,3.121358722774238,3.6060154000000004,3.6060154000000004
8083,5.288333333333333,4.509527703921172,4.509527703921172,4.399751342412345,4.10278188018521,4.314237705978776,3.92954359091397,3.904172538245885,4.334056257513088,4.439591524358337,4.41606809798985,4.417023196414892,4.325704067989335,3.91081815153761,4.4174705,4.4174705
8084,6.735,5.888348495334801,5.888348495334801,5.984963605036737,6.0795876305791525,6.28693286299947,5.551847837613074,5.9952879999999995,5.929970090249489,6.234918478655439,5.994478401116594,5.9841515870187045,6.049551715031651,5.5143841735762384,5.9952879999999995,5.9952879999999995
8085,6.875000000000001,6.7782636725109935,6.7782636725109935,6.356706803190024,6.950914402493504,7.103871587371559,6.738594163859574,7.0551534,7.010492314529712,7.123621369422558,7.051848891223077,7.040706195878854,7.07789880326874,6.676253876944434,7.0551534,7.0551534
8086,6.886666666666667,7.028970272026006,7.028970272026006,6.310174063538124,6.834353958120484,6.888492312345576,6.742402270124777,6.9369802,6.902844477520663,6.910149632734061,6.9331949372753305,6.936545485424963,6.8733217123154,6.692946242912702,6.9369802,6.9369802
8087,6.586666666666664,6.769077371920527,6.769077371920527,6.5001597842042385,6.6381175452323715,6.739706945463664,6.3659596349945,6.6587877,6.62750912082482,6.78627657713051,6.656455326829975,6.658363091002498,6.566091777042974,6.328190525045267,6.6587877,6.6587877
8088,6.376666666666665,5.914283023666599,5.914283023666599,5.7118807164425816,5.8994214228783886,5.8655687932689675,5.933685592495964,5.919181,5.925743970175592,5.929728983261205,5.918852827211138,5.919158663781303,5.770802401625008,5.9152195497917415,5.919181,5.919181
8089,6.174999999999998,5.529153125145287,5.529153125145287,5.609808103454876,5.582577012136176,5.60689108176909,5.552748949032159,5.659258,5.647545939164651,5.803785448468293,5.657835825126794,5.65771660077929,5.5135464987139,5.5394834641024335,5.659258,5.659258
8090,5.428333333333334,4.885263145098739,4.885263145098739,4.896688329045878,5.150104745773653,5.108697149436441,5.254716881975802,5.16657,5.18710758160448,5.272947206763902,5.166755164888412,5.166620498598418,5.02262862723321,5.232471345820205,5.16657,5.16657
8091,4.483333333333334,4.132481776410944,4.132481776410944,4.016735001491571,4.291649688435293,4.224424504448961,4.55493612800017,4.350152,4.39126890637028,4.276231188612693,4.351623865412224,4.351081672967773,4.31936240459866,4.536639225866418,4.350152,4.350152
8092,2.751666666666666,3.264878201689675,3.264878201689675,3.1800768247498667,3.482695993366844,3.3545611685683427,3.6543671760469736,3.2765348,3.3635913326993827,3.217510559322753,3.2824152559781608,3.277827390039792,3.34521578188584,3.6439044291311693,3.2765348,3.2765348
8093,2.1666666666666665,2.0475140210680833,2.0475140210680833,2.2205045139241886,2.1866312033311046,2.0295427766144765,2.42799101932036,2.604081227149893,2.152849755033004,1.75178700713397,2.127440209244185,2.127734405705078,2.2296675180073624,2.441379224131615,2.1276443,2.1276443
8094,1.7683333333333342,1.8619421867192198,1.8619421867192198,1.9005722855161575,1.9260603914572918,1.7843266204167012,2.1753027418791953,1.9016787,1.919876020116244,1.5386201622131304,1.9013663179541045,1.9024248526866687,1.9331450609670482,2.190215035908761,1.9016787,1.9016787
8095,2.3433333333333333,1.4335969563069204,1.4335969563069204,1.5606409943827755,1.6245496120004113,1.5498927858310414,1.5419869432970201,1.5537934,1.5427166867347215,1.133854544836026,1.5527594618173164,1.5538280898257697,1.308009385599576,1.5176992810224612,1.5537934,1.5537934
8096,2.433333333333333,2.322757932799101,2.322757932799101,2.1891228887039267,2.3003596716104617,2.294857366562369,2.077058937200497,2.1838732000000003,2.1816484007669974,2.076610997944405,2.183805874952122,2.1764364275931394,2.767846291094784,2.0440618745232717,2.1838732000000003,2.1838732000000003
8097,2.345,2.059259517337377,2.059259517337377,1.858801323389691,2.187850732732948,2.1786219151986566,2.0127491609356616,2.1091752,2.1138442900392995,1.9901118006610656,2.1090451054035886,2.108697172990138,2.243478788874156,1.957083368440045,2.1091752,2.1091752
8098,2.6750000000000003,2.2560737419408827,2.2560737419408827,2.1628890561186527,2.303961456082736,2.336486845729171,1.9742325860400725,2.1894786,2.1761945035707386,2.293305331500291,2.1890802570206347,2.1879866765316,2.1443407488964836,1.9219925864490959,2.1894786,2.1894786
8099,2.711666666666666,2.5297861569618547,2.5297861569618547,2.402338959236873,2.6196703464310067,2.686743621390045,2.253934122803086,2.4069857299523805,2.510788004161371,2.701902311752743,2.52996492273947,2.5213568935909785,2.424732919794786,2.190668672116666,2.5304147999999995,2.5304147999999995
8100,2.896666666666666,2.549867881702064,2.549867881702064,2.4098821568168143,2.629806748512906,2.682091058952129,2.297323828787307,2.5308144,2.51942559268777,2.708461106739955,2.530576076481494,2.5285950997839572,2.4948596969604457,2.235705905543202,2.5308144,2.5308144
8101,2.0616666666666665,2.874428775221223,2.874428775221223,2.791293997033902,2.8703913494808466,2.937296485256212,2.678486643462025,2.8814666,2.8631149606083923,2.9909677757755473,2.881241949676611,2.8774750481764024,2.930720720868295,2.6397875985705377,2.8814666,2.8814666
8102,2.3216666666666668,2.0035605439745625,2.0035605439745625,2.0656734869802795,2.228355633076747,2.184443031435797,2.0950612817925527,2.163199504753732,2.1065294783676896,2.28903595503641,2.09444989632148,2.0943033194103355,2.2386860030224094,2.0710432400170635,2.094256,2.094256
8103,2.3183333333333334,2.3865337789423346,2.3865337789423346,2.2522835776273578,2.4329860791407407,2.4393180653249056,2.1774274100919957,2.2812715,2.292465233338937,2.508930261850648,2.2818370001172443,2.2818756581691098,2.2935382082393883,2.1342656212671014,2.2812715,2.2812715
8104,1.453333333333333,1.9638462486539139,1.9638462486539139,1.7232885799182505,2.141026393693913,2.0803509298656153,1.9965738728115048,2.3823394780629026,1.9735593739253507,2.1001922564914404,1.914511237968701,1.9145040822416328,1.8456109648144159,1.933157143474994,1.9131383999999998,1.9131383999999998
8105,2.92,2.5205978900240207,2.5205978900240207,2.925790766641124,2.5379466575189396,2.677869235532933,2.0432200151292363,2.5190153,2.4515266456397997,2.754330997220023,2.518831543166181,2.5187638321720227,2.422655632260432,2.03789478079373,2.5190153,2.5190153
8106,3.6583333333333337,3.5242351767551123,3.5242351767551123,3.3912115030498784,3.4286405777181947,3.4132660810817312,3.337299310614938,3.3397927000000003,3.359980602864672,3.485136869825605,3.3401786229418784,3.347223140959655,3.6806352373605526,3.331015761783563,3.3397927000000003,3.3397927000000003
8107,4.403333333333333,4.130548667649115,4.130548667649115,4.050324058665485,4.2170492980616805,4.165756342061532,4.30918305583246,4.1536455000000005,4.1853344217954005,4.236008419952974,4.154129374390597,4.1549939328728716,4.205922521662297,4.319263327572162,4.1536455000000005,4.1536455000000005
8108,3.8000000000000003,5.036416957975303,5.036416957975303,4.961982023976172,4.874621085861453,4.989964418064922,4.843405747578711,5.174166018342107,4.996569334810282,5.0290731345336965,5.008625851980758,5.00838697901567,4.905765011065146,4.844752470847231,5.0084367,5.0084367
8109,5.191666666666664,4.230971056001819,4.230971056001819,4.385919238094745,4.2909099311933625,4.238462658703034,4.423984630307419,4.262816,4.280370296846133,4.302030033273378,4.263044848233628,4.262849463333274,4.177795248487834,4.459764821250173,4.262816,4.262816
8110,5.835,5.214011310953515,5.214011310953515,5.204017859640552,5.271995726233037,5.306915011700983,5.574567404118779,5.644722,5.625655234118363,5.428754998405595,5.644792425275469,5.628465362874934,5.410134164388099,5.57848305530394,5.644722,5.644722
8111,6.348333333333332,5.635396928033369,5.635396928033369,5.6026802467135575,5.769491090007298,5.792467287681383,5.8471091736212735,5.7514324,5.766220975362414,5.81613230349252,5.751742845821548,5.751629961594726,5.682858229260579,5.8504560834813395,5.7514324,5.7514324
8112,6.754999999999998,5.642440310035153,5.642440310035153,5.652276383649741,5.812391751533816,5.838247389704822,5.990309958214543,5.865300700000001,5.885643866321244,6.001851387631256,5.865614799031989,5.866412055943728,5.7191079950670725,5.989371924433281,5.865300700000001,5.865300700000001
8113,4.804999999999999,5.609881759794877,5.609881759794877,5.790936911532534,6.077044158905116,6.134836608417779,6.156755622286449,6.067237,6.082495678855592,6.369234955710217,6.066839770826391,6.065194738806969,5.936657881102735,6.1435359186674106,6.067237,6.067237
8114,4.678333333333333,4.642012036898185,4.642012036898185,4.814883546407351,4.541299812428319,4.564791255617028,4.657165046580997,4.64905,4.625096493887213,4.681761937461288,4.642423719612603,4.64897176282663,4.633389652808566,4.686867182822727,4.64905,4.64905
8115,5.894999999999999,4.505836972007729,4.505836972007729,4.582153000860124,4.545184777374286,4.565078152703837,4.623397881443726,4.6012416,4.586490414894303,4.673978643941852,4.598828353260502,4.599446104676271,4.678194327324714,4.647177622907961,4.6012416,4.6012416
8116,5.128333333333334,5.134983948744211,5.134983948744211,5.442034749572602,5.559142330153979,5.661654267685867,5.511772823548388,5.6045065,5.577025697497676,5.773306273571775,5.602249999041065,5.5646561922768,5.781774092950832,5.512601702953574,5.6045065,5.6045065
8117,6.301666666666665,4.912692550063721,4.912692550063721,5.171603013367646,4.915285907325692,4.99335626220647,5.014642577271339,5.0808225,5.0469102997412385,5.076333096091941,5.0745985794994475,5.080554679525681,4.949125614463603,5.043549905663321,5.0808225,5.0808225
8118,6.715,5.304745047955077,5.304745047955077,5.583999485796922,5.586494315027638,5.666093169874481,5.56826703112746,5.618671219420303,5.681579528633605,5.841606473857109,5.706950641960573,5.538543700782285,5.948096849157682,5.555686965531873,5.707024,5.707024
8119,5.983333333333333,5.461342522361496,5.461342522361496,5.775020412489637,6.118802689731033,6.27717706685041,5.883481578756506,6.2105785837651135,6.105024481140481,6.314402635392149,6.164116441670066,6.119803320704026,6.545204608983194,5.836296754241355,6.165011,6.165011
8120,5.688333333333333,5.37954554520343,5.37954554520343,5.159435470570645,5.314009365511009,5.409806800760542,5.217899107490228,5.4152246,5.3909145646271845,5.367510550586928,5.414781741340984,5.414371156788205,5.423604800741162,5.181719110903726,5.4152246,5.4152246
8121,5.921666666666666,5.12370095153837,5.12370095153837,5.171329017646312,5.171320696882185,5.265525683361735,5.0291758675531,5.247221,5.226050046491933,5.322792313500601,5.246936033786542,5.244066838847605,5.07184701854735,5.0030735163952045,5.247221,5.247221
8122,5.296666666666667,5.289144450583341,5.289144450583341,5.454236629839671,5.481319479199098,5.5518828696754685,5.3105984432035696,5.471132,5.457177972736439,5.719724829472273,5.4710062916975115,5.462982036159939,5.4296360299002195,5.290628980946814,5.471132,5.471132
8123,5.8699999999999966,5.130265151263565,5.130265151263565,5.161788747462887,5.036592531638176,5.135585648321615,4.890959869946001,5.074041,5.0498590812279485,5.189597794685841,5.073702434893239,5.073470658518004,4.883853111841754,4.884856527587152,5.074041,5.074041
8124,5.008333333333332,5.11955470488007,5.11955470488007,5.272869873755654,5.436411853682072,5.502986495531845,5.194114918170298,5.405809,5.389849258023872,5.59214495004212,5.405668836580435,5.380235327499307,5.187169826515333,5.160926128753264,5.405809,5.405809
8125,5.254999999999999,4.660227344588565,4.660227344588565,4.487594334902935,4.626830675016648,4.664452631334058,4.574281231969185,4.6324309999999995,4.63003021084975,4.612497442279605,4.632272671310678,4.632235199511533,4.5814707022976915,4.554366975721224,4.6324309999999995,4.6324309999999995
8126,5.793333333333331,4.690407662735208,4.690407662735208,4.710797928877683,4.885249530281831,4.931470026092102,4.688224187150992,4.874959,4.86263929626112,4.94596441650748,4.874830143297954,4.870711198718664,4.747334982871271,4.655087356003403,4.874959,4.874959
8127,5.58,5.190421701800532,5.190421701800532,5.306662585663647,5.514334310484193,5.586901165391936,5.204709896737997,5.4730086,5.452044436687631,5.692821581554973,5.472719832011681,5.461164559988762,5.606824704261101,5.16690032033641,5.4730086,5.4730086
8128,5.334999999999998,5.2758201781351985,5.2758201781351985,5.148091527908406,5.233109651684749,5.346134521272926,5.008648997964443,5.282830000000001,5.261583799537553,5.421627253134003,5.282637703286833,5.282102655101909,5.0025219076317775,4.973947746410176,5.282830000000001,5.282830000000001
8129,4.771666666666666,5.01358986880447,5.01358986880447,5.023652294923012,5.044543528035591,5.095765924402091,4.863679333885671,5.0113654,5.002194328507546,5.166615467906031,5.011355636953699,5.010975052823511,4.937607382061527,4.843165413682221,5.0113654,5.0113654
8130,5.959999999999999,5.231984308043044,5.231984308043044,5.257092826475743,5.147611393883228,5.300559672142234,4.922378962733743,4.846752774069808,5.161304226597257,5.372019103359588,5.20441197970734,5.2043474381794965,5.007257346197544,4.921072974328197,5.205046,5.205046
8131,4.988333333333333,5.900133088342769,5.900133088342769,5.87727630296343,6.206360065874227,6.292860260057916,6.111819985059563,6.349288044245322,6.290896457291368,6.674948266382742,6.308475047375822,6.300037072596897,6.560890984072184,6.09128539100945,6.3086443,6.3086443
8132,4.421621621621622,5.554771482306221,5.554771482306221,5.171062551003387,5.148582433060269,5.2345086960867855,5.309984966144617,5.3522215,5.341325872950385,5.411400043284481,5.351781383598442,5.35219910284874,5.0961236874397216,5.316691550042908,5.3522215,5.3522215
8133,4.421621621621622,5.090755541658956,5.090755541658956,5.062340998558602,4.837658977432903,4.926653166077314,4.854494222879098,4.9912066,4.959468103963198,5.068782754661209,4.990036536449232,4.9911161484630275,4.87087463847376,4.870956381094395,4.9912066,4.9912066
8134,4.877999999999999,1.6229710031553934,1.6229710031553934,2.8715133318191146,2.390871716223635,2.6256299063982462,2.4032698718672116,2.1531231,2.1322903633206005,2.25149030850479,2.1480596854908045,2.152568024877758,2.3393128222151445,2.5081449744014432,2.1531231,2.1531231
8135,6.678333333333334,5.233592618284065,5.233592618284065,4.848218462772538,4.729136571140257,4.523920773959783,5.107333074268905,5.098497,5.093614921727735,5.228043461163802,4.914467641965544,5.157794958179961,5.097113126088825,5.113435896959343,5.098497,5.098497
8136,6.503333333333335,5.42041926876428,5.42041926876428,5.76189941054502,6.112862139301695,6.19351726289345,6.015410602572222,6.090289,6.080293502521531,5.962783018648858,6.25153787512839,6.0732253612150835,6.233694742339647,5.988167999849232,6.090289,6.090289
8137,6.311666666666666,5.476764133961088,5.476764133961088,5.566002618084196,5.431672595825719,5.417168328624691,5.4774368969408185,5.5980916,5.585231171783105,5.6123840520416435,5.577357842434895,5.595641234658899,5.6708324364765605,5.459166428762704,5.5980916,5.5980916
8138,5.113333333333333,5.086662534856298,5.086662534856298,5.177611705761517,5.374744918780085,5.299489738552879,5.392597655711718,5.5099849999999995,5.515502101670462,5.648395963203976,5.511776595087749,5.508866705911263,5.475549510778513,5.360586266112675,5.5099849999999995,5.5099849999999995
8139,3.8833333333333333,4.4340417008707504,4.4340417008707504,4.282517389442715,4.335128404673666,4.285646400996921,4.4056769271630225,4.412502,4.424748718727273,4.28321831908229,4.457581766787927,4.412389918536068,4.266500978234026,4.3819124124833015,4.412502,4.412502
8140,3.2633333333333328,3.362799807051067,3.362799807051067,3.2873592779712024,3.282643196275643,3.175071094656344,3.4691028882520922,3.2881977999999994,3.340939778844327,3.365365277582565,3.3209241325217786,3.288793434922651,3.317457898890497,3.4629496074381794,3.2881977999999994,3.2881977999999994
8141,3.630000000000001,2.749685526147389,2.749685526147389,2.7667213500905685,2.7315122167759958,2.636330743832238,3.112951237102051,2.7718105,2.830509085024365,2.665884679065293,2.8548270272099696,2.772159690595605,2.683809673162995,3.117863533829965,2.7718105,2.7718105
8142,2.9949999999999997,3.151257583759887,3.151257583759887,3.049010058350678,3.087839178660355,3.0058857761829687,3.3917793000446657,3.643855449156404,3.2320305045485846,3.0827958070751054,3.259345529601095,3.1931460777874237,3.176443442712154,3.3833218732447663,3.1820752999999997,3.1820752999999997
8143,2.2216666666666667,2.7212332871088627,2.7212332871088627,2.7154910453542485,2.774279719176244,2.7461280407060378,2.983271676271336,2.7500057,2.802314672258829,2.6934932944281487,2.863898353661542,2.7503064275252913,2.664229320411568,2.978557782204196,2.7500057,2.7500057
8144,1.5983333333333332,2.0967331796121575,2.0967331796121575,2.3685122463813744,2.248264254285521,2.23832970172389,2.2230556940518826,2.1406097,2.1597476488819867,2.0056644584699312,2.174995095969006,2.1406542941678,2.104671921915671,2.2169229186340735,2.1406097,2.1406097
8145,1.971666666666666,1.885913180591777,1.885913180591777,2.089957229990809,2.036278849586423,2.0234157586441013,1.861874083722816,1.9435885000000002,1.932698260656827,1.6888825778827687,1.9403285181743803,1.9435267276136359,1.8407850880079102,1.8507280933603367,1.9435885000000002,1.9435885000000002
8146,2.6583333333333328,2.2354952195124227,2.2354952195124227,2.16152011472126,2.0680393252720553,2.0289811913175044,2.0364666069628674,2.5153161887217905,2.1029825093730716,2.0453603755213936,2.0751036353618466,2.1001838035219,2.117892375843235,2.0204461449590445,2.099059,2.099059
8147,2.5799999999999996,2.9324191793148557,2.9324191793148557,2.9147029011644863,2.8103531110782676,2.8197639579445353,2.6887915239898756,2.7840974,2.776235465738103,2.8003742102637847,2.7699786014817507,2.7843681880095725,2.7727006040892896,2.6780063682755237,2.7840974,2.7840974
8148,2.6066666666666674,2.95300390374155,2.95300390374155,3.1164868457705595,2.909654732642244,2.949981926758766,2.8176362930189596,2.8880281,2.876581759885082,2.911351321961854,2.8616831896908983,2.887985906224057,2.781729878306218,2.8209057321376116,2.8880281,2.8880281
8149,2.893333333333333,2.968616119076201,2.968616119076201,3.160389797672885,2.9002808689999027,2.9416744138673248,2.8898989985252723,3.0062403102352744,2.9032434594147003,2.9286196572776797,2.8765420211974577,2.9066035513658113,2.794798284292377,2.899268600423939,2.9065567999999997,2.9065567999999997
8150,2.7266666666666666,3.218485675372057,3.218485675372057,3.2985145497715282,3.1410416852905962,3.118670722578129,3.200438150572765,3.2020202,3.192564437015213,3.105038096427554,3.1777305281519777,3.201745093226702,3.1235771800869854,3.208096794677598,3.2020202,3.2020202
8151,3.714999999999999,3.363427294064241,3.363427294064241,3.3355512358623747,3.274974216209639,3.265016978804871,3.3514408910984006,3.3639114,3.356411769274514,3.3818383900342472,3.3146147787329565,3.363876892702249,3.278890280451664,3.3646117776908446,3.3639114,3.3639114
8152,4.821666666666668,4.154101457209627,4.154101457209627,4.184771174964529,4.10725717533632,4.102818291798294,3.996492273111068,4.1732473,4.136934320777141,4.167563258164779,4.136838331664574,4.1724698883608715,4.078034478206341,3.995180094119728,4.1732473,4.1732473
8153,5.088333333333335,4.736303691369538,4.736303691369538,4.73717719622225,4.811519815084216,4.827240073802278,4.622594171490637,4.807124,4.790560005622472,4.889517951793869,4.8067212730791296,4.805237358329048,4.604383418003405,4.598444403392816,4.807124,4.807124
8154,4.374999999999999,4.772199559900316,4.772199559900316,4.477562128394891,4.688498464069844,4.634979325339285,4.781819147760705,5.535124206264701,4.8648459117526786,4.978826625422627,4.836224072824427,4.843845688097101,4.71148635985815,4.7519020016890305,4.838164,4.838164
8155,4.766666666666666,4.1561187934240875,4.1561187934240875,4.09539473208814,3.8360110203197304,3.8087875660161226,4.0082599975505335,4.1172132,4.110083279575264,4.101183056641155,4.088683931546117,4.117333798946233,3.9346035571294946,3.99722905345662,4.1172132,4.1172132
8156,4.108333333333333,4.28594220730956,4.28594220730956,4.209782232204423,4.4581745069564835,4.421571822322016,4.585486503322685,4.4775100401606345,4.523442235323,4.609282099339797,4.497171928299108,4.503198983573449,4.35054010124529,4.570448114927425,4.489313,4.489313
8157,6.116666666666668,4.941289010512694,4.941289010512694,4.963048173950842,4.949425727114102,4.928606354896653,4.867310711462552,4.935614,4.908047820832559,5.068084763373204,4.927108964856755,4.935509954391513,4.88607730158235,4.891538638981988,4.935614,4.935614
8158,8.490000000000002,6.718847294060621,6.718847294060621,6.942573416568053,7.5312219670568235,7.474599587195565,7.141485751133041,7.311287400000001,7.275656284025095,7.755071131175912,7.308862983128818,7.300574833915743,7.194835244434175,7.160441941696008,7.311287400000001,7.311287400000001
8159,8.281666666666665,8.182283872793018,8.182283872793018,8.009819005906186,8.668905375988412,8.51757645200261,8.467987134387638,8.915345769561206,8.305961142210954,9.535404224088811,8.27911403096088,8.28550552863302,7.804471983757055,8.480937368330824,8.2754965,8.2754965
8160,6.64,8.023977304364621,8.023977304364621,7.929003739763866,8.3621673460052,8.267829492660118,8.198736657640223,7.953413,7.9763206500867785,8.278372206252987,7.957415857061303,7.953382911426454,7.437268646402468,8.214539783727517,7.953413,7.953413
8161,6.2200000000000015,6.767063126455243,6.767063126455243,6.760065895024516,6.415290727932523,6.343605848464255,6.80189066353228,6.56338,6.578576588241569,6.29040767111875,6.563208164469117,6.5632740579208,6.328772661844146,6.852787142641789,6.56338,6.56338
8162,6.20166666666667,6.328540445077842,6.328540445077842,6.462221325072417,6.326380261781875,6.279523092999625,6.4129305464495765,6.260802,6.249541387157683,6.131687396081405,6.260543995889281,6.260697893693994,6.070562396470602,6.468572458088146,6.260802,6.260802
8163,6.0666666666666655,6.278249390330867,6.278249390330867,6.188079986098348,6.088805404778801,6.084505810967267,6.394648584022299,6.1873574,6.192823922278546,6.083828803172842,6.18719787101503,6.189291444479821,6.0935381257001655,6.44314523832529,6.1873574,6.1873574
8164,6.036666666666667,5.974674903960856,5.974674903960856,5.8893109620616055,5.954433846606889,5.9865467706767435,6.164197983916939,5.9945154,5.994141658442858,5.841449645297964,5.994487872424111,5.9940311989375825,5.801092982010342,6.205329716589752,5.9945154,5.9945154
8165,6.140000000000001,5.516294749428042,5.516294749428042,5.584042990922667,5.641688409737516,5.641016914896055,5.938600311238011,5.712151,5.71939993059294,5.489390906439392,5.7123631125659,5.71220772372292,5.60959041295269,5.9704561162622865,5.712151,5.712151
8166,4.969999999999999,5.616792160351718,5.616792160351718,5.600816807540424,5.756838278410249,5.78414139169265,5.960608101967859,6.021771671134937,5.839680538623613,5.797430416994533,5.832128898354945,5.83156414990813,5.698446091060856,5.97850079518278,5.8319917000000006,5.8319917000000006
8167,4.178333333333333,4.691627567218001,4.691627567218001,5.090133393400434,4.9808758063274565,4.929426174479033,4.876477590942136,4.90536,4.878004079880336,4.710297082158758,4.905300521864412,4.905202048838181,4.724255279438829,4.904083631870659,4.90536,4.90536
8168,3.8816666666666664,4.0473941760641114,4.0473941760641114,3.9138152086297455,3.861159396428634,3.9030317405797836,4.333638862382594,3.9874709000000004,4.024498053963676,3.9907274832723236,3.987860036335395,3.988706922056203,3.9896372151910224,4.361589268321207,3.9874709000000004,3.9874709000000004
8169,3.2466666666666666,3.635505605281886,3.635505605281886,3.7341386599498514,3.5024258840646896,3.498827025419212,3.9119992577332523,3.635183,3.664428492703965,3.7011491220380375,3.6353718611144594,3.6355750653293732,3.508078509627346,3.9379022158307118,3.635183,3.635183
8170,3.369999999999999,3.2136840254468613,3.2136840254468613,3.230775198992198,3.0859733852186135,3.1603971482200803,3.5778070322725726,3.2964747,3.3259385717756755,3.361839221606711,3.296633641005137,3.296755759636966,3.2416945081780604,3.606513797828106,3.2964747,3.2964747
8171,3.108333333333333,3.4368077857348753,3.4368077857348753,3.501743512644654,3.3277074178850317,3.3543715396616345,3.548232414258302,3.470094469493666,3.4544766903343627,3.47275012866984,3.4485963641208643,3.4487005404981446,3.3627009947448836,3.5665981221868757,3.4486197999999995,3.4486197999999995
8172,4.046666666666667,3.2753772637266843,3.2753772637266843,3.4785091594815154,3.301301862380798,3.2897750549092346,3.315734028543522,3.2529721,3.249551037387077,3.371584782462731,3.252888393945403,3.2529787304978353,3.0737415784966013,3.333820112010986,3.2529721,3.2529721
8173,3.7449999999999997,4.10503910833925,4.10503910833925,4.042384888933316,4.136096145111882,4.170135887966457,4.135997320138216,4.011428990610331,4.157507191087002,4.162265582164182,4.155853057988526,4.1549819468186175,4.116906805090178,4.136598641492188,4.155977,4.155977
8174,2.9516666666666675,3.8624824721861795,3.8624824721861795,4.044253837484598,3.907414547026906,3.8846253824124206,3.8857053920967175,4.30354682902386,3.8683907613470767,3.9153011568767515,3.873390019999319,3.8735067478962053,3.707925854030475,3.896532682311356,3.8735277999999997,3.8735277999999997
8175,2.911666666666667,3.8230187158274656,3.8230187158274656,4.187539856578005,4.0879008677418485,4.095135535103226,3.6723045472328852,3.8762752999999996,3.8264153453415966,4.016458653875572,3.875049983149732,3.8760150898985435,3.669689627093173,3.6980590809145566,3.8762752999999996,3.8762752999999996
8176,4.340000000000002,3.9209817101120663,3.9209817101120663,4.217645369298555,4.107361204726261,4.088735978927555,3.5706680690846566,3.9426464999999995,3.862014423682007,4.071586360793564,3.9386065527134515,3.9421148445047574,3.8048068495139376,3.5864372954305748,3.9426464999999995,3.9426464999999995
8177,4.558333333333334,4.588079429303493,4.588079429303493,4.523813177654166,4.589193488607263,4.557787409763801,4.398197993175403,4.5137696,4.50293187495305,4.50736104487986,4.513367062375787,4.5132030958926554,4.347469478830858,4.391235659056914,4.5137696,4.5137696
8178,3.805,4.3594700935645205,4.3594700935645205,4.106640213977732,4.230392384966848,4.261779544456405,4.62521551337417,4.785831093189966,4.44765236788977,4.238819903686055,4.407173110727899,4.407361200084097,4.280682089583345,4.618323908386968,4.4064775,4.4064775
8179,3.7916666666666674,4.5237095313302955,4.5237095313302955,4.420739833581144,4.655382384662797,4.674382222564519,4.535178730617415,4.5638447,4.5476506148110225,4.347071478279485,4.563796344655295,4.563721602566025,4.273182906675454,4.544848460977577,4.5638447,4.5638447
8180,3.718333333333333,5.076702236050783,5.076702236050783,5.363702440870496,5.343414042032393,5.302183085570394,5.0258724618856805,5.1709347,5.118755465402098,4.980648369339654,5.169974775229445,5.170614150770559,4.893790368895294,5.066682595132251,5.1709347,5.1709347
8181,4.476666666666666,5.818578003630265,5.818578003630265,6.226821563323124,6.656770765186607,6.388181561626337,5.5719327431072445,5.000911739370831,5.755500480945091,5.6319290458489,5.881133565860578,5.88701815207879,5.6709080283640745,5.63283566422039,5.8886642,5.8886642
8182,4.923333333333331,6.0907124594193345,6.0907124594193345,6.334700638327346,6.366452392924068,6.09089479639894,5.832638429236356,5.315954922894426,5.925050950510375,5.564969100718538,6.0489072353783175,6.088381171788728,5.8301976553359225,5.902505727780827,6.090198,6.090198
8183,4.901666666666667,5.755268937741825,5.755268937741825,5.720582645383154,5.449325337315037,5.363195362943843,5.765993215421664,5.824458,5.72039483264343,4.916269529447165,5.757437241467143,5.823484634956017,5.546708256102971,5.83724468118511,5.824458,5.824458
8184,5.383333333333335,5.183098442246001,5.183098442246001,5.540275714771323,5.114885824042437,4.981705566213628,5.230038397035876,4.725159642401018,5.097995987121562,4.659714200632408,5.109016306087982,5.1235965473368585,4.838459201509541,5.317206569784912,5.1234465,5.1234465
8185,4.813333333333333,5.217230318865363,5.217230318865363,5.196388164021039,5.176675467302511,5.149092786060838,5.513439126548162,5.431063325132624,5.330660474760682,4.705347647488309,5.312577519678123,5.310923226589776,5.065352670054623,5.555234344058281,5.29432,5.29432
8186,3.9116666666666675,4.662077296025026,4.662077296025026,4.7610380171446325,4.638484457712686,4.604727834886742,4.764076331030855,4.6524653,4.661996351107574,4.338038845894869,4.669312858840546,4.652535294311124,4.577686844624909,4.798564331490688,4.6524653,4.6524653
8187,4.585000000000002,4.171620454287821,4.171620454287821,4.472135852964648,4.094655106294396,4.02168676578809,4.29589867689238,3.7833405891742804,4.161950536001338,4.029571497461743,4.173291302514202,4.191676528465235,4.102649816576163,4.378284162389587,4.1917515,4.1917515
8188,5.345,4.231450624993886,4.231450624993886,4.081575244962828,4.0705135424012395,4.123692081855759,4.163195053267165,4.286048,4.293484956208177,4.126506933304134,4.278705470823417,4.273894397212127,4.079666161630658,4.13238852222376,4.286048,4.286048
8189,4.0216666666666665,3.8141439784341524,3.8141439784341524,3.7513589088444537,4.308157267142847,4.4582342730779585,4.457709590865854,4.420433,4.511573386987173,4.050223668833151,4.469264643956206,4.420345448074666,4.2602587513355274,4.337887222393732,4.420433,4.420433
8190,2.865,3.2420781368221645,3.2420781368221645,2.9630137054796166,3.185339427714871,3.3148090799725147,3.449078253013015,3.3192778,3.3744012680260123,3.2508988299639605,3.3617657298621895,3.319220192661287,3.3109998947784,3.37087022639026,3.3192778,3.3192778
8191,4.113333333333333,2.4608407886815007,2.4608407886815007,2.4396151999548943,2.463011541194396,2.570552243081658,2.5736977159471506,3.042240918803422,2.5954690135744434,2.856267013909786,2.5930104956382856,2.5766811305092605,2.518816034235022,2.5220688272196767,2.5767088,2.5767088
8192,2.3433333333333333,2.8182102864475667,2.8182102864475667,2.8608203994980013,3.316489424171905,3.4612252881201244,3.4420434933748494,3.3930782999999995,3.474256030558883,3.3866286803977257,3.4514238031750444,3.340326294681753,3.868031741442161,3.321112739573439,3.3930782999999995,3.3930782999999995
8193,1.2966666666666666,2.2239164857412543,2.2239164857412543,2.4913129302675925,2.429297968493594,2.4829447799668096,2.1304537799895353,2.3156166000000002,2.279531560643788,2.861978856274268,2.312452679979967,2.3154529600193796,2.470655736859515,2.08351260985129,2.3156166000000002,2.3156166000000002
8194,1.1366666666666667,1.5137657768177695,1.5137657768177695,1.9775848601492139,1.8446957199492902,1.859535982161785,1.5939232214061256,1.7358801000000001,1.687687906706199,2.392784910718403,1.7117243956745196,1.7357440629279903,1.8553057952627674,1.586877460144593,1.7358801000000001,1.7358801000000001
8195,1.87,1.3818353575711546,1.3818353575711546,1.657227248974365,1.5552249332028163,1.621264753543925,1.6598514587774944,1.5133343999999997,1.5567498546803926,2.020110089706223,1.5433211917361067,1.513447876457373,1.5215839553683246,1.6795790498091097,1.5133343999999997,1.5133343999999997
8196,2.563333333333333,2.630395554426417,2.630395554426417,2.6376692818344107,2.53602885223284,2.519595723158443,2.232465587043615,2.3784337000000004,2.3610945110056583,2.865188870361127,2.3636574975404185,2.3781320113253113,2.434365767878872,2.247161041153083,2.3784337000000004,2.3784337000000004
8197,1.8450000000000004,2.8554837408042264,2.8554837408042264,2.885378497646592,2.8474969181175704,2.850283201496304,2.717392070800028,2.7622275000000003,2.7600830170456527,2.992865940911005,2.7617515885392305,2.762247628551812,2.7280674192034424,2.7181810804480384,2.7622275000000003,2.7622275000000003
8198,1.0183333333333335,1.9142089944774034,1.9142089944774034,2.5950805463867073,2.2116363446356964,2.218571352302491,2.132331092135775,2.1559339,2.1296581255213267,2.411561078253441,2.1525411133734718,2.1558644492874115,2.1675220350428246,2.165741372053371,2.1559339,2.1559339
8199,1.4133333333333336,1.2737749206662992,1.2737749206662992,1.8486269871087349,1.6051785013450535,1.6487963513719777,1.736982900454413,1.5849035000000002,1.6103697188684705,1.7800089152350314,1.6053376624381985,1.585027719528148,1.6674544015715123,1.7763440932332446,1.5849035000000002,1.5849035000000002
8200,2.4083333333333337,1.9052492449759708,1.9052492449759708,2.0452696060587234,1.935357301016824,1.9360599414979378,1.7290676934909324,1.5657740278796766,1.8306323356764078,1.90014096723428,1.8393683630030517,1.8305483246053207,1.808362128191332,1.7206225200274563,1.8306031,1.8306031
8201,3.016666666666667,3.181216034521316,3.181216034521316,3.0633358268632067,3.240543080199802,3.193055540860543,2.807835940232462,3.0158367000000004,3.014368381406622,3.2478372901301844,3.0221829991512985,3.01854024937257,2.9689862504012003,2.7917958470422635,3.0158367000000004,3.0158367000000004
8202,4.3100000000000005,3.6143813709417643,3.6143813709417643,3.726374466590723,3.6272280008550988,3.558498180892693,3.3392447756136834,3.594847,3.500525805563626,3.612030074437014,3.521625686233266,3.5943111010323223,3.541325565992451,3.337251731952117,3.594847,3.594847
8203,5.831666666666667,4.74755263142522,4.74755263142522,4.9077338823147585,4.780559450590174,4.687978818780501,4.244486168166442,4.721032,4.612706738261284,4.744748363296353,4.662588607061175,4.699595899641739,4.696343604662171,4.225905612159398,4.721032,4.721032
8204,4.695000000000003,5.558452844146462,5.558452844146462,6.00469037803671,6.243923329057356,6.129932820279434,5.3655550167322605,5.9908686,5.876271072857375,5.944478057623504,5.944405501464832,5.871170003839683,6.139566947574748,5.289732623330319,5.9908686,5.9908686
8205,3.621666666666668,5.161452016533712,5.161452016533712,5.172169912953643,5.107457526045221,4.906622256106247,4.579652744003052,4.041365824308064,4.81867950454204,4.921564761136876,4.849797946787714,4.91139268794476,4.741135727432057,4.555607069061324,4.9116116,4.9116116
8206,3.1849999999999983,4.278464255586536,4.278464255586536,4.363946098251002,4.417679367947487,4.260117189659707,4.069601542514469,4.247645400000001,4.172791098858811,4.331142956016988,4.169821104391714,4.247581235952758,4.1272407567985185,4.07556393111109,4.247645400000001,4.247645400000001
8207,2.381666666666666,3.742518329743956,3.742518329743956,4.0879129445441595,3.907146032602204,3.8262074092150247,3.7352270250728794,3.8343443999999995,3.7795746267097594,3.971476892712054,3.7628450958641673,3.8342880389878604,3.7324756164289603,3.779904164826871,3.8343443999999995,3.8343443999999995
8208,2.87,2.5017311589302293,2.5017311589302293,3.270392038112552,2.8900637035984866,2.877364575851761,2.922472961856032,2.935355294753078,2.8749470767862513,3.1222147661819504,2.8824079994248892,2.860896089924424,2.742532053491862,2.9979042670827716,2.8609006,2.8609006
8209,2.9016666666666655,3.293660599947038,3.293660599947038,3.3812907300266866,3.2522465668663543,3.2614533370728482,3.2832152483460106,3.2176259,3.2297391498177546,3.3472853706512975,3.2291454433492555,3.2180281670005524,3.1739160799586896,3.3290607632181395,3.2176259,3.2176259
8210,2.4200000000000004,2.8991033740602217,2.8991033740602217,3.052239410977056,2.946320742630995,2.9959964992036308,3.1015762626102674,3.6239189147865294,2.9937386428415755,3.0064818681385455,3.0166573468875697,2.948604597759896,2.818343307977818,3.1307738860469216,2.9484172,2.9484172
8211,2.103333333333333,2.5723085748302372,2.5723085748302372,2.8398500188103437,2.6268299492042333,2.6794938891805593,2.695215693504071,2.6504784,2.646114012390412,2.7028842157888278,2.654517105342185,2.6504531033988767,2.534940086254538,2.729492847552587,2.6504784,2.6504784
8212,1.7950000000000008,2.2898711791979496,2.2898711791979496,2.5378941274961826,2.4334398221824642,2.4445768504506304,2.445301284240352,2.3924084,2.3703140437641057,2.412790946212123,2.359504637707173,2.3923444176523416,2.3503631363569646,2.4782874211384938,2.3924084,2.3924084
8213,1.7366666666666657,2.0214970141093307,2.0214970141093307,2.529114725818981,2.187132977865118,2.1271470602247255,2.1029015720403983,2.146731,2.079778401714375,2.140040905271201,2.065270824462419,2.1465997735747324,2.13104823425723,2.147853959844258,2.146731,2.146731
8214,1.7316666666666662,1.9905291556436449,1.9905291556436449,2.31675502231616,2.0525988788257834,2.036034714106207,2.1013975014475825,2.0092943,2.0119289597679435,1.9188569614759325,2.0190620317660226,2.0094386714891863,1.8899678461204545,2.151980290683863,2.0092943,2.0092943
8215,2.2600000000000002,1.9302732968376304,1.9302732968376304,2.205399008231817,1.9735321619649713,1.9872303257790036,2.136459128661888,1.9292359000000001,1.982827240024241,1.8522312170059645,2.007512096056319,1.9296667146174817,1.8899678461204545,2.2031020334973337,1.9292359000000001,1.9292359000000001
8216,2.556666666666667,2.465636084613913,2.465636084613913,2.341101352003181,2.4317008084203535,2.5160037241641993,2.5491445530935266,2.353406,2.4609185127728197,2.3855301886682163,2.5044205020824686,2.356129840352615,2.4086902257019647,2.5755550152000835,2.353406,2.353406
8217,2.3766666666666656,2.6201508663638697,2.6201508663638697,2.7059996280966256,2.6110125220259013,2.616643929268884,2.6753436783934665,2.604081227149893,2.601378004288761,2.555780588694867,2.6142210221734765,2.5714657651927793,2.4971038203460103,2.6980518265326765,2.5713369999999998,2.5713369999999998
8218,1.9166666666666667,2.460569375707883,2.460569375707883,2.6565271863824584,2.453760923383577,2.473109403529249,2.529098763302758,2.4581459999999997,2.4737703128251702,2.41698414911602,2.486546791607232,2.4582019226235627,2.3430131189836274,2.55574904262423,2.4581459999999997,2.4581459999999997
8219,2.8150000000000004,1.9792832452442237,1.9792832452442237,2.2964687386785627,2.0455404317214825,2.054496325932133,2.1286250458210265,2.0175633,2.0664495328499415,1.9477231804888162,2.09842791086184,2.0177087223471326,1.9217785342499718,2.1627492179866312,2.0175633,2.0175633
8220,2.261666666666667,2.9768179670168093,2.9768179670168093,2.882091227246383,2.85390290626404,2.8518869994016764,2.753537097214277,2.7837883999999997,2.8096454027130573,2.825066440975664,2.839375179329396,2.784725104231538,2.828334298380133,2.745646326485451,2.7837883999999997,2.7837883999999997
8221,2.681666666666667,2.256650057543566,2.256650057543566,2.503105881758052,2.393721174108883,2.388952174130508,2.3869400012878126,2.3709597999999996,2.3463078702118727,2.252723851346654,2.331082001523048,2.3708904432743325,2.3439150142337306,2.4002961062171195,2.3709597999999996,2.3709597999999996
8222,1.9833333333333332,2.7378097099743597,2.7378097099743597,2.7275454960697862,2.6776732211895795,2.6689113704863603,2.62160005841204,2.6311235,2.6407430623007873,2.6228067231054952,2.653437044844961,2.6312853391953985,2.6649330189849314,2.608246310381557,2.6311235,2.6311235
8223,2.128333333333333,2.1898755667230443,2.1898755667230443,2.6942660141235812,2.272170316472707,2.186521430631539,2.13546883660982,2.2627888,2.1827020066428617,2.2093943727724,2.170812290694997,2.262640119611223,2.21079348999198,2.1609720468975198,2.2627888,2.2627888
8224,2.636666666666667,2.624433602916253,2.624433602916253,2.7214959827119856,2.657068287588206,2.623750209016774,2.478468219498317,2.601338,2.541753411659891,2.546597123040696,2.5228473363098987,2.6005423536545136,2.5761887669781576,2.4790615761232244,2.601338,2.601338
8225,3.771666666666667,3.1305679630870102,3.1305679630870102,3.199834735054943,3.0640607477338615,3.03880090179661,3.0725023067075865,3.0105188,3.038250741489087,3.068785171399035,3.0506760701804794,3.0108834040362815,3.022009489344266,3.1041750383963507,3.0105188,3.0105188
8226,2.0533333333333332,4.172913003690397,4.172913003690397,4.248702763605895,4.073578312838569,4.017160413585284,3.9574323204085258,4.0696262999999995,4.035120131121526,4.152377419973464,4.043380365307787,4.069279911037844,3.956833549694635,3.969670056074867,4.0696262999999995,4.0696262999999995
8227,2.8249999999999997,2.0944750917712325,2.0944750917712325,3.215242967732687,2.6938087359379725,2.6295031661059376,2.7722996545519356,2.739347,2.6798799136461477,2.7731938001853784,2.6342698358472507,2.739300427698785,2.7193087623134877,2.864724192152103,2.739347,2.739347
8228,3.408333333333334,3.6151487341679984,3.6151487341679984,3.6048715571508514,3.608484497029504,3.620806109401171,3.5955359967774982,3.5465336000000005,3.5409648921624957,3.648420687096973,3.495837675659913,3.5439059704398,3.535324977271846,3.6454143925028037,3.5465336000000005,3.5465336000000005
8229,5.876666666666666,4.009413220744931,4.009413220744931,4.137763920703891,3.9458030956229315,3.91504793443885,3.851575050832595,3.477869496855346,3.8917636883846427,4.0470930168354045,3.833927753444223,3.9713184930427055,3.9870293186069956,3.896095936485919,3.9715633,3.9715633
8230,6.458333333333337,5.1296521437274,5.1296521437274,5.700309858846629,6.33248063553709,6.2635719241262695,5.959979380370122,6.08180371307731,6.08673915211075,6.335006465515345,6.03856829858126,5.341008725608064,6.353845619513317,5.887871983320037,6.2277308,6.2277308
8231,5.984999999999999,6.330855856573025,6.330855856573025,5.757365953768017,6.114619666880796,6.12755129589632,5.967762300266941,6.1822023,6.12952697197854,6.155524087842805,6.132143654942514,6.181551320973943,6.457416405510045,5.888786112194431,6.1822023,6.1822023
8232,6.781666666666665,5.664573487645477,5.664573487645477,5.38017621058844,5.630100958050919,5.555149819794012,5.554044281829115,5.640866,5.597298300303371,5.640550028130763,5.5700591587717305,5.640565407713339,5.559245362357829,5.501558670229519,5.640866,5.640866
8233,5.276666666666668,5.405013391001878,5.405013391001878,5.504224841305859,6.059449787394447,6.089291355853424,5.998720758174169,5.961953829109239,6.08526767954143,6.153333616027501,6.070517632347964,6.03034266210416,6.236701930958034,5.896384419397464,6.037518,6.037518
8234,4.069999999999999,4.340015067326646,4.340015067326646,4.0983403488894306,4.20027460154121,4.228456296181536,4.427534303028278,4.283951,4.366012780861516,4.153589442232913,4.35979780764925,4.283987410934544,4.1394183602524794,4.387698126003253,4.283951,4.283951
8235,4.243333333333333,3.2284251534869735,3.2284251534869735,3.1893097130265784,3.3362502441231308,3.3139436871967676,3.5194770422142705,3.2816224000000003,3.3634697346887794,3.2008175060042987,3.3368364488563262,3.2818230300759192,3.2823533586333538,3.503693588966918,3.2816224000000003,3.2816224000000003
8236,2.7983333333333342,3.289688982699581,3.289688982699581,3.203611477661978,3.439539693913074,3.47985352280428,3.5699075657422794,3.3845937000000004,3.5082622762133093,3.3491457023485287,3.5039311580284696,3.3925836327896133,3.741818190374267,3.527576190807452,3.3845937000000004,3.3845937000000004
8237,1.896666666666667,2.2433496932925,2.2433496932925,2.443627174750813,2.3625342349989698,2.3598628347151767,2.4515051909208045,2.3429484,2.3759444650791317,2.2396972872709737,2.3663855882522125,2.3429310488928863,2.523339390151482,2.4398372842658063,2.3429484,2.3429484
8238,1.9683333333333337,1.8011397134233564,1.8011397134233564,1.9189462181523327,1.9630622704700218,2.019099898332373,1.9265276116123118,1.8781192999999996,1.92565886836974,1.7958355836334907,1.9277031019272068,1.8782843070491946,1.8635915337788962,1.9147757892467372,1.8781192999999996,1.8781192999999996
8239,2.1550000000000002,2.0014636813378828,2.0014636813378828,1.8878420626892147,1.9971444227518185,2.058946833593697,1.8571771737763512,1.9219396000000002,1.953637256262394,1.8157241922019707,1.9642650614757675,1.9222405756595042,1.7797053934794969,1.8139951416696443,1.9219396000000002,1.9219396000000002
8240,2.375,2.331543698340176,2.331543698340176,2.134141345002903,2.3411319634922245,2.389812481498455,2.114616380916115,2.2369204,2.243232696307928,2.2669874714253813,2.25358407912496,2.2374289352926957,2.1188653341616677,2.063459280639449,2.2369204,2.2369204
8241,2.7550000000000003,2.557210716539815,2.557210716539815,2.485450808639982,2.474050842545812,2.467818481035887,2.191915647375337,2.429748,2.3822190677227812,2.449610605273243,2.3932437231061408,2.4294229604616158,2.4267555364699107,2.1409784765980753,2.429748,2.429748
8242,2.8333333333333344,2.815405505286527,2.815405505286527,2.78244833344373,2.761492897911615,2.7267025277938863,2.4192004111410266,2.392992617344847,2.655605947067234,2.777380919766961,2.6613968242552595,2.7421838145363404,2.670593262878678,2.352363532946984,2.748007,2.748007
8243,3.1616666666666684,2.7799195379654384,2.7799195379654384,2.688684827333283,2.755327238035966,2.76591040607532,2.485155097450189,2.6696275588895713,2.6965106149808697,2.7945562955729133,2.705036161637891,2.724371479345414,2.6834451261072196,2.4162706382442725,2.7255588,2.7255588
8244,3.3016666666666663,3.029737959389412,3.029737959389412,2.8627636954243103,3.100653408807714,3.1165978488614376,2.8329624526004142,3.0293952999999996,3.0127069911296536,3.115211920335397,3.013219268433292,3.0266948378394285,2.951136683351378,2.7560931132594213,3.0293952999999996,3.0293952999999996
8245,3.3433333333333337,3.1508029064173213,3.1508029064173213,2.936380614259326,3.215550469709202,3.2530099718872267,2.9484036410546053,3.1547348,3.138402960357698,3.219466450368404,3.141798882349969,3.1537502580335373,3.110203216364444,2.8664497082484894,3.1547348,3.1547348
8246,3.311666666666667,3.4395700770061834,3.4395700770061834,3.2268177270245495,3.4409240649116843,3.474499734058124,3.085652799405242,3.386886,3.337853335943796,3.483548349345384,3.356117658914013,3.38620126208043,3.4698009660852365,3.0074182028580325,3.386886,3.386886
8247,2.9866666666666672,3.106561101855851,3.106561101855851,2.7724299087938027,3.0984129561628726,3.13376631008571,2.8772133613186366,3.0447822,3.06649448410957,3.0960655590419504,3.060921115893077,3.0448371232670493,2.9323700601401903,2.766292459641656,3.0447822,3.0447822
8248,3.1850000000000005,3.064303088266954,3.064303088266954,2.933376058251953,3.0995966242761384,3.1359381073633057,3.0770480493814865,3.0257962000000003,3.0907615945428084,3.1607354805371726,3.083926109327432,3.0270528738121616,3.1048664454865853,3.047336594358276,3.0257962000000003,3.0257962000000003
8249,3.045,2.982946606301658,2.982946606301658,2.78418314163405,2.9956740786795044,3.046174839337596,2.9900901435425045,3.151375211964185,3.0379490238034217,3.0694474560660767,3.0266460124968915,2.9424988311156235,2.989787299779182,2.9276639246544116,2.9417082999999997,2.9417082999999997
8250,3.636666666666668,3.219000833613202,3.219000833613202,2.9773308064606043,3.325987393412896,3.305448631746194,2.991509433910289,3.1817172028109595,3.17016546433604,3.306906526634087,3.1680198270444957,3.1842674118653314,3.104880431037811,2.8946824900711423,3.184271,3.184271
8251,6.338333333333334,4.027654559429265,4.027654559429265,3.5574453868398948,4.161821813440068,4.174015168076928,3.7217631714049912,3.9523157999999996,3.9543446884165436,4.091485352085056,3.957846397181482,3.955564295731027,3.980294986589844,3.599921115682417,3.9523157999999996,3.9523157999999996
8252,6.828333333333334,5.238455482939162,5.238455482939162,5.780724623934712,7.082449580328176,7.281236759674424,6.2486587860688765,6.819609599999999,6.691401880546978,6.427499154349787,6.690537641065698,6.56356659989934,6.7141814811703995,6.018308076930309,6.819609599999999,6.819609599999999
8253,6.966666666666666,7.185960330527591,7.185960330527591,6.142643730832421,7.003035664270712,7.004043831092597,6.556427137250738,6.405150630395489,6.8399428030955445,6.645293643385694,6.757996594458715,6.929298177144677,6.9925414381431485,6.37313497679407,6.933899,6.933899
8254,6.638333333333333,6.793830191329888,6.793830191329888,6.315596948680963,6.953724810703434,6.926226668905611,6.772500122011156,6.937403999999999,6.901690018795405,6.770305489900732,6.86090424506353,6.934615450759875,6.841956908104856,6.668052677984127,6.937403999999999,6.937403999999999
8255,6.459999999999998,6.5644700632157065,6.5644700632157065,6.477593365402922,6.370169509163449,6.289661690157745,6.353275042069389,6.5271316,6.441306754893217,6.4195268325632515,6.3897818263385995,6.526667508074215,6.481151479814692,6.330395350714412,6.5271316,6.5271316
8256,6.835000000000003,5.955486858192543,5.955486858192543,5.78993677430854,5.874639560358563,5.859226565927409,6.003690893292407,5.987711,5.998039976097516,5.887174315948757,5.993080975343853,5.98772241794247,5.9210635880839995,5.982052977374072,5.987711,5.987711
8257,5.904999999999997,5.573376368467631,5.573376368467631,5.6943743940426685,6.0970946732203455,6.102495915942044,6.0893794605055955,6.080720400000001,6.108766831405512,6.160664621575963,6.1091134333993,6.074950868188859,5.920323010212119,6.015974968113582,6.080720400000001,6.080720400000001
8258,5.116666666666668,4.791993614808082,4.791993614808082,4.627095634046278,4.748803309706668,4.693625287990233,4.956066338042045,4.8082895,4.860267449543255,4.729650293180914,4.799126496645468,4.808244695324563,4.765926828452841,4.903722772639348,4.8082895,4.8082895
8259,3.7116666666666664,3.8680693481925714,3.8680693481925714,3.7372062946968923,4.112509656726289,4.09555650283094,4.287450374953373,4.1710269542197995,4.185140301766276,4.015440792234283,4.14466670403483,4.091358764165205,4.031233398075202,4.229939925615693,4.0902443,4.0902443
8260,2.045,2.6885035506108177,2.6885035506108177,2.688649218589325,2.8628303142170513,2.827985771806765,3.025115614550925,2.7619052,2.8557732708537222,2.6987250527065734,2.824348225686187,2.7620750716187477,2.7371730619847927,2.992483753115481,2.7619052,2.7619052
8261,1.6333333333333335,1.362098594053224,1.362098594053224,1.5776363707142464,1.837953444166246,1.7031717075549682,1.9364609655846416,1.970356376552907,1.675970837885992,1.4223302232726276,1.6239201306503328,1.6044883716335625,1.590897817350866,1.935861390141338,1.6043726,1.6043726
8262,1.6716666666666666,1.6598527487745804,1.6598527487745804,1.7438610751536592,1.9135119749456855,1.8268459120856981,1.6997514868038115,1.7110918999999996,1.6892968027298343,1.6058572778109426,1.655823094544663,1.7109353720076572,1.5955618801914455,1.6799652800166718,1.7110918999999996,1.7110918999999996
8263,1.698333333333333,1.617867830288629,1.617867830288629,1.6177619323303505,1.8685927701524554,1.7996351843968585,1.6186088365146167,1.6688701000000004,1.6555248413232366,1.5706519593580364,1.62920748919991,1.668684188703089,1.5392807026397946,1.5617117728728136,1.6688701000000004,1.6688701000000004
8264,1.6599999999999995,1.8999120612540144,1.8999120612540144,1.8788062089037292,2.02235030051383,2.0051780196321287,1.7474001464422506,1.8717294,1.8483247894306027,1.816573261102829,1.841625990349119,1.8713743021118945,1.7726672232411902,1.6977860545655714,1.8717294,1.8717294
8265,2.31,1.9029050912330394,1.9029050912330394,1.97612010152168,2.029470980348406,2.002701397041945,1.8005979853937397,1.9097271,1.8829295194503768,1.8518242773765277,1.8725666478253031,1.9095319180998116,1.9301753765282574,1.7648461355227538,1.9097271,1.9097271
8266,2.8766666666666665,2.580465775205477,2.580465775205477,2.545392804834247,2.4983137734799747,2.517064302809571,2.2224208326963137,2.4344497000000005,2.3926302235017354,2.552058089548943,2.399749790075771,2.432118573008127,2.444257209139596,2.1705567953004348,2.4344497000000005,2.4344497000000005
8267,3.0266666666666664,2.8148140807806747,2.8148140807806747,2.6440301665792223,2.8600410727962156,2.921223092472384,2.6494483877734023,2.8407302000000003,2.831492448091425,2.9688375489101593,2.836307500529054,2.8383445386697885,2.7379445916438216,2.560517246959715,2.8407302000000003,2.8407302000000003
8268,3.3250000000000006,2.853968311237422,2.853968311237422,2.6441396171409677,2.9750705131933,2.996065535478647,2.728566656962151,2.8626409,2.857847089572608,2.993807883350816,2.8410388890164437,2.8618357760355617,2.6660960255285313,2.6210538992976495,2.8626409,2.8626409
8269,3.343333333333334,3.0849327147714027,3.0849327147714027,2.859583973390956,3.1966846472946657,3.279054602801164,2.925640138517288,3.1293330000000004,3.1283001162639006,3.328390582345994,3.129644906868968,3.127951226987601,3.036852814765062,2.8008356681836997,3.1293330000000004,3.1293330000000004
8270,3.0999999999999996,3.066922683605992,3.066922683605992,2.7140162851535323,3.1644705711280543,3.2531355938089135,2.9723711303834905,3.0437423999999997,3.097429814668338,3.2578130726275143,3.106255130506687,3.0464540500087365,3.1755702792134066,2.8496061886538944,3.0437423999999997,3.0437423999999997
8271,2.2466666666666666,2.6530355401797716,2.6530355401797716,2.3220662746848606,2.7782998582321508,2.8134375804915495,2.7453162884859803,2.6300402000000003,2.724321273341718,2.8364482076157826,2.7003691568167625,2.6311711496590977,2.646206340923605,2.6281982175352505,2.6300402000000003,2.6300402000000003
8272,1.5683333333333336,2.2415612732417367,2.2415612732417367,2.3411082251902666,2.3689347410326285,2.402941389118026,2.316933253749877,2.2684603,2.315372835534383,2.4848150171174943,2.314190040880404,2.268747837095968,2.293152486948259,2.2876872972242914,2.2684603,2.2684603
8273,2.728333333333334,2.667008924838509,2.667008924838509,2.848294203491764,3.0225420143416653,3.0027162740676823,2.5555579486156623,2.492518854138789,2.7044721387871933,2.8881072412325253,2.7521391334104184,2.7846125677852633,2.6778019986550508,2.5678748827494866,2.7847642999999995,2.7847642999999995
8274,2.766666666666667,3.5817148010419695,3.5817148010419695,3.453094875573347,3.4934609343483993,3.53461689480005,3.442922215606511,3.4510462,3.4644345934632863,3.5163327789940784,3.4739359281508837,3.4512390255405396,3.4517760651494283,3.4658618627626208,3.4510462,3.4510462
8275,3.5666666666666678,3.494225263348307,3.494225263348307,3.5828749811902676,3.5917886755722943,3.59106050177201,3.647115451684054,3.5134513,3.5469239540727595,3.579602748402359,3.5365273784249918,3.513527829352554,3.458634939628564,3.7036324769569418,3.5134513,3.5134513
8276,3.6950000000000003,4.04330116847776,4.04330116847776,3.8989831573177347,4.1382644828392685,4.131068265023656,4.29992424492091,4.023708,4.10526268897067,4.073466538954526,4.061558694617674,4.024246020923364,4.049022573193106,4.339839825292848,4.023708,4.023708
8277,4.401666666666666,4.042077721796544,4.042077721796544,4.02695597955168,4.123696065072237,4.091924660162304,4.3256873948978765,4.0629616,4.12218966814635,4.074122430907258,4.078055913482594,4.0631237754131595,4.007560027637098,4.381502024308071,4.0629616,4.0629616
8278,3.87,4.848781261372123,4.848781261372123,4.8495730270964845,4.743242853377342,4.7722616310189325,4.772458505049668,4.785831093189966,4.835763222587861,4.82564910803496,4.858610413750513,4.860060091152407,4.7398758296075325,4.811704201020455,4.860428,4.860428
8279,4.540000000000001,4.010773124157434,4.010773124157434,4.2941659664761715,4.05589189689534,4.063372723097952,4.089002824053498,4.0452069999999996,4.034332010998406,4.061214194742794,4.043522726643034,4.045206516478978,3.8927440101203463,4.13332941278664,4.0452069999999996,4.0452069999999996
8280,4.531666666666665,4.158259596117064,4.158259596117064,4.072697437966374,4.220765216820252,4.205506791206282,4.412956094389377,4.5726818181818185,4.301100844613245,4.187285593434533,4.262402578600672,4.2561888104443755,4.127705063698865,4.410161801686211,4.250497,4.250497
8281,3.7033333333333327,3.976029096623788,3.976029096623788,3.966110893737431,4.007778572578177,4.033085958245913,4.131353827020967,3.9968247000000003,4.0413036097990345,3.999231799759147,4.0099643335413635,3.99731132516806,3.9603014135012073,4.117625762555858,3.9968247000000003,3.9968247000000003
8282,2.928333333333333,3.0982237711664817,3.0982237711664817,3.173086271567894,3.2495854362733545,3.216014673485698,3.3232485847460183,3.1142447,3.1668420133204114,3.1411020101250102,3.125921889852043,3.114403846295634,2.9432688106040024,3.322111262735249,3.1142447,3.1142447
8283,2.3483333333333336,2.567926256173749,2.567926256173749,2.72934261556825,2.6456879966198823,2.6108455848793586,2.6028843699403765,2.5859257999999996,2.583113614822931,2.595205299099811,2.5824650075290476,2.5858751132813866,2.5114411086673063,2.608870853521969,2.5859257999999996,2.5859257999999996
8284,1.7933333333333332,1.9590001215472712,1.9590001215472712,2.0960827288655084,2.1510692806618463,2.088761402616413,2.132707923450637,2.0077438,2.0349242128141203,1.955607450726073,2.0097373597918873,2.007852324090581,1.8702949478398956,2.132616594932454,2.0077438,2.0077438
8285,1.3116666666666674,1.5800796568809763,1.5800796568809763,1.7864068705871916,1.8033610637937323,1.7165075071366505,1.7553115501522174,1.9194310704541844,1.677573314112617,1.5744565853444978,1.6629816154160375,1.6674258730901634,1.6319489370819347,1.7602656921242348,1.6674680999999998,1.6674680999999998
8286,1.7933333333333332,1.4192222953393467,1.4192222953393467,1.7926327703546652,1.6363512914955454,1.56361390284937,1.4833786721207085,1.5467598000000002,1.505205781350249,1.3514717674895311,1.5286618362980895,1.5464947565556248,1.478585062138142,1.499070092923429,1.5467598000000002,1.5467598000000002
8287,3.01,2.090040148199241,2.090040148199241,2.223377815738643,2.067774244366444,2.0217769619011317,1.8872566905650514,1.9908238999999996,1.9514336962999488,2.0049878615407497,1.981106748365553,1.9882437314051598,1.9739237572100827,1.891500432358201,1.9908238999999996,1.9908238999999996
8288,2.7066666666666666,3.0107685128072,3.0107685128072,2.8474507245513827,3.21307704576086,3.1959799125309196,2.955752225223475,3.0251417000000003,3.0240541221479704,3.1710877226046588,3.027327808965191,2.9771252067152068,3.4295405364946414,2.897265392544761,3.0251417000000003,3.0251417000000003
8289,2.79,2.7708544782694773,2.7708544782694773,2.8170723457931492,2.8078684004592382,2.8194813639193645,2.5988720923461726,2.6637398745088685,2.7178569134397814,2.8428647510459495,2.740582709382073,2.7423440261308256,2.908744826310152,2.5571407848316934,2.7424154,2.7424154
8290,2.604999999999999,2.9495360613064943,2.9495360613064943,2.978408559876952,2.898948487675526,2.94461889088816,2.6287610968429087,2.7096587726101067,2.8220961793979606,2.9790106398300273,2.8638225927927805,2.866940404453081,2.806986359245135,2.577679220415927,2.8677146000000002,2.8677146000000002
8291,2.638333333333333,2.592047398167438,2.592047398167438,2.5844035319292487,2.669773570699696,2.655743469642399,2.5088936804301474,2.5794627999999995,2.577139687468714,2.6068738908049403,2.5798166257463637,2.5794173730629453,2.608410808313904,2.458188822575025,2.5794627999999995,2.5794627999999995
8292,3.176666666666665,2.7587163234021626,2.7587163234021626,2.7245522156066553,2.7952258235413447,2.798371776954407,2.5664744838533418,2.7073669999999996,2.688329086682509,2.7599613283575004,2.706216025876977,2.7071892996528977,2.619247892569094,2.5148731000261084,2.7073669999999996,2.7073669999999996
8293,2.7083333333333344,3.166599824973279,3.166599824973279,3.0399924955734394,3.2576248640023104,3.269850050660052,2.961809589938259,3.1408956000000003,3.121230975351801,3.2476139865373277,3.1399296737942866,3.139418191263282,3.0688583605607618,2.884267931140199,3.1408956000000003,3.1408956000000003
8294,2.901666666666667,2.543971213427045,2.543971213427045,2.4687312668153094,2.6521071838611023,2.6259817119670315,2.4769689823512344,2.5318317,2.5432412499719597,2.5855849603270173,2.5338809596139416,2.5319061543490924,2.3677266512248973,2.4108983401289334,2.5318317,2.5318317
8295,2.555,2.838702586737073,2.838702586737073,2.6921391557545724,2.887299836708232,2.8763770549852894,2.739025975389743,2.837367,2.841574565816126,2.9175190938234,2.838484328783409,2.83776489537829,2.802631579812684,2.6751060926808656,2.837367,2.837367
8296,2.818333333333333,2.9454881494334417,2.9454881494334417,3.0220434277963024,2.9439321629455506,2.95881372771126,2.7229065335924685,2.8875587000000005,2.849914100372346,2.9798402979919176,2.883656866759793,2.8874548353520333,2.816871648010593,2.7075165409157664,2.8875587000000005,2.8875587000000005
8297,2.8616666666666664,3.120762756045256,3.120762756045256,3.1346572737608027,3.1539231624675033,3.1321524565004455,3.019262542529333,2.96825528182566,3.0127086975171107,3.153303336575909,3.0040906750503957,3.0007774821048363,3.040801780940419,3.0152881071551803,3.0002343999999996,3.0002343999999996
8298,3.2483333333333335,3.1840220574365046,3.1840220574365046,3.119227945495294,3.341450780858638,3.2632183135394555,3.3138351926947474,3.2275186000000002,3.256195994703987,3.26311074055481,3.2314140146512362,3.227783421121395,3.178589758603037,3.319521182202225,3.2275186000000002,3.2275186000000002
8299,3.695,3.6426844888387637,3.6426844888387637,3.4804663105983944,3.6339634889697776,3.5761303048711053,3.7235630890811304,3.6709300000000002,3.6903124909629486,3.6286899379499706,3.6725780879575924,3.6710877847921903,3.551645233481176,3.7405307768430123,3.6709300000000002,3.6709300000000002
8300,4.151666666666666,3.9995770795879335,3.9995770795879335,3.7972064907081178,4.155971539768593,4.03184175900806,4.191969954393062,3.9627962,4.0206741612845445,4.0103188339911275,3.9686337053913117,3.9631784318789887,3.9897328454763556,4.212393197302123,3.9627962,3.9627962
8301,4.605000000000001,4.104607520168749,4.104607520168749,3.882703952069569,4.294126878030348,4.1514973002988915,4.494645129525914,4.194751999999999,4.277495245032774,4.143707336613307,4.202108501860184,4.195193435836646,4.147423797774506,4.517104091083311,4.194751999999999,4.194751999999999
8302,4.425,4.696501637427262,4.696501637427262,4.663834709991186,4.806447539307377,4.788450594992713,4.831607923809323,4.835117563128028,4.779577479284941,4.799590105595856,4.772725102265401,4.772177591331815,4.691788205829847,4.850056654946715,4.772114,4.772114
8303,5.099999999999999,4.40340251309576,4.40340251309576,4.434742617919948,4.436719748895385,4.377588758958441,4.567315768796179,4.4820695,4.490851143276641,4.381488662997216,4.481590407480024,4.482035255939165,4.364533405967473,4.613530895459082,4.4820695,4.4820695
8304,4.868333333333334,4.607177267963961,4.607177267963961,4.587480729938264,4.744477331260609,4.773377545310749,4.855289150038196,4.743067,4.7726373829600215,4.77728051328111,4.746297047487604,4.746113630099762,4.652288464167174,4.854038826246609,4.743067,4.743067
8305,6.5633333333333335,4.385331743253851,4.385331743253851,4.492378123125966,4.199598138738761,4.290423566555415,4.261831256976501,4.348482,4.321763006328113,4.373208805491178,4.345216008830148,4.3482967933071475,4.282546476201826,4.255283892365258,4.348482,4.348482
8306,4.944999999999999,4.285722574334254,4.285722574334254,4.905964357163855,5.507157675769622,5.3507752889961395,5.266010642140671,5.348166,5.366173242796119,5.3719421385346395,5.358924090118476,4.365328320851712,5.27315662816405,5.155173558795332,5.348166,5.348166
8307,3.530000000000001,3.9466834626745197,3.9466834626745197,3.7407718649408523,4.060431949908305,3.833860792204685,3.949774099910309,3.721329272189403,4.0249113442163615,3.8045495371889233,4.00966295474243,4.009545718955309,3.929337547848874,3.887595654545054,4.0098753,4.0098753
8308,3.2683333333333326,2.6286578195246824,2.6286578195246824,2.657265605683092,2.7193926909390895,2.780410793437397,3.0409777742286113,2.7472122000000003,2.8267389207244173,2.6808366280600247,2.7766041552481386,2.747368455619344,2.7138016381390124,3.0280392799107343,2.7472122000000003,2.7472122000000003
8309,2.7116666666666664,2.307259381476395,2.307259381476395,2.1597797033386574,2.5050098329028248,2.4091612612906195,2.8756472496745706,2.3852546,2.533645043968436,2.3244536344218405,2.445306988382402,2.3901757946515128,2.5402361809504583,2.861862851227237,2.3852546,2.3852546
8310,2.076666666666667,2.462064309516729,2.462064309516729,2.48658533458806,2.361601575278619,2.427157580145737,2.53782667504122,2.367614610443122,2.4252808271538226,2.4449447122505052,2.4029400094227658,2.381363633065149,2.398549855917936,2.54103473653857,2.3811111,2.3811111
8311,1.8199999999999998,2.0813957033227326,2.0813957033227326,2.248964238465951,2.100155131024,2.219789247309292,2.1508282052876737,2.1282148,2.1301062668066235,2.1777384320100506,2.1309921107153267,2.1281756213693823,2.09825135294982,2.14446732391193,2.1282148,2.1282148
8312,2.2216666666666662,2.0359241388042553,2.0359241388042553,2.3258907046269144,2.0301318086859297,2.070722282976469,2.058486015430103,2.0423384,2.0407041175004283,2.0325667428939695,2.0428233288534137,2.042302805098918,1.9669385190734698,2.0880901155529545,2.0423384,2.0423384
8313,2.020000000000001,2.58451817829307,2.58451817829307,2.6192710905557464,2.529453746983662,2.5072076726787422,2.500412985854686,2.4833722932626427,2.4898366895178854,2.4871681402514434,2.4898384342278312,2.492610418660246,2.4867093575404065,2.520327962985159,2.492608,2.492608
8314,2.3116666666666665,2.3828608544571788,2.3828608544571788,2.6818229331173393,2.4154031091290857,2.487759804232085,2.4682525662203165,2.4903307,2.4640732635200626,2.3966264385162335,2.477421604341563,2.490199086753565,2.4088019154439797,2.504370989923048,2.4903307,2.4903307
8315,2.5466666666666664,2.601791263644439,2.601791263644439,2.7546310506101745,2.579073445027121,2.5696556895421048,2.517219617473187,2.578441,2.556935019834939,2.5118061171101376,2.570813979720659,2.5782729163683675,2.557537862634217,2.528931005296376,2.578441,2.578441
8316,2.6299999999999994,2.6302447712671384,2.6302447712671384,2.662636105649009,2.634414336078324,2.643646498939514,2.57768087616003,2.5965477999999997,2.5976299641709133,2.531269116053396,2.599298357741703,2.5965405045858447,2.5771182153856436,2.5602229972018944,2.5965477999999997,2.5965477999999997
8317,2.64,2.8312550023800247,2.8312550023800247,2.8929600255958516,2.7991187380992324,2.7921981759704178,2.7194319596989662,2.7557514,2.7487585421283636,2.7343706536648185,2.755579332575314,2.7557853922340723,2.66702148281834,2.720441930532801,2.7557514,2.7557514
8318,3.038333333333333,2.917638117091514,2.917638117091514,3.0429698041236657,2.9027619694631874,2.880903911940755,2.8407986706493187,2.8529449000000002,2.8481322030039897,2.8683298977283322,2.852487179950732,2.853019252656943,2.721893742753691,2.8621519474107906,2.8529449000000002,2.8529449000000002
8319,3.138333333333333,3.396110019471012,3.396110019471012,3.424854891081259,3.3479746623100892,3.3706497153363086,3.2239841397381457,3.3212154000000003,3.293747179290572,3.351931740206078,3.3136959652376627,3.320990005574013,3.3054113476644753,3.2255891401247565,3.3212154000000003,3.3212154000000003
8320,3.665000000000001,3.6384982462443514,3.6384982462443514,3.6667049715949043,3.6276118861430984,3.5883819641405057,3.397409262431848,3.4991422526038116,3.542591799419543,3.6117587683357466,3.584064239674591,3.6064356653926395,3.496064255768026,3.3962914618633153,3.6066566,3.6066566
8321,3.6699999999999995,4.018067620238548,4.018067620238548,3.787376130579025,4.278710977786407,4.0022187469480075,4.0443086535771045,4.1943209999999995,4.145131062796265,4.069935970697222,4.167418185909073,4.193658111906669,4.095871898301643,4.02707108743971,4.1943209999999995,4.1943209999999995
8322,3.408333333333333,4.281313909261833,4.281313909261833,4.08462501511383,4.077897050662667,4.314490057775563,3.9379325192328745,4.1076144999999995,4.062265076784092,4.211996936248952,4.092216850560098,4.107563827368894,3.9287553273039553,3.9071210270977965,4.1076144999999995,4.1076144999999995
8323,4.1016666666666675,4.546734926216099,4.546734926216099,4.573810723129454,4.125030409549835,4.532753468040308,3.8562432629945436,4.499180327868854,4.192008903208895,4.523947824415805,4.271488789572935,4.364235857664023,4.162843436263348,3.827671898052053,4.3644924000000005,4.3644924000000005
8324,7.456666666666664,5.139119167569057,5.139119167569057,4.78101653614816,4.942295652524142,5.136734785748986,4.9071118681237085,5.0614967,4.984338824819221,5.205824699648925,4.996873466557018,5.060943035027864,4.996211255320598,4.900448556781266,5.0614967,5.0614967
8325,8.525,6.70710304537654,6.70710304537654,7.4190465482032195,8.0141303764434,7.9699176350887315,7.448717331586728,7.9376774,7.793031359173752,8.357987831742411,7.678843971940351,7.836399733229307,7.461026936272929,7.423649574993345,7.9376774,7.9376774
8326,7.266666666666667,7.85799258687738,7.85799258687738,8.056675052860523,7.997284469975924,7.929088100985594,7.950848788814265,8.133181,8.101347468448154,8.615096252251913,8.027161685299543,8.134155436084715,7.7057115085494825,7.954378534184499,8.133181,8.133181
8327,6.006666666666669,7.128879218424528,7.128879218424528,7.198954856156918,6.559846504382176,6.329651109405723,7.0240618650899105,6.9482894,6.932809459652299,6.79053986150747,6.569505642194805,6.948246693368633,6.721371209359676,7.0708815236599545,6.9482894,6.9482894
8328,5.84,6.261984212210525,6.261984212210525,6.324559437813573,5.760684526165682,6.046192558555517,6.452756738245085,6.124722,6.126770014692642,5.683556630822033,6.188288903397857,6.125453327412488,6.065123528622069,6.520927373154308,6.124722,6.124722
8329,6.173333333333335,6.130440897266815,6.130440897266815,6.275980967396169,5.797780560102135,5.997936081053853,6.214657144653106,5.9927306,5.965732344531682,5.6893819985547776,5.9683363586583535,5.993642307452497,5.8827046795857125,6.29553273046639,5.9927306,5.9927306
8330,7.211666666666665,6.193929713928789,6.193929713928789,6.271283138027496,6.012797461929166,6.213944276172514,6.286613397272262,6.2311254,6.178487957231807,6.0916335627324845,6.067455156740479,6.223069669248318,6.092593287082247,6.347666291084257,6.2311254,6.2311254
8331,6.003333333333334,5.9538173247946276,5.9538173247946276,6.149447166931303,6.386737205695253,6.398112338490788,6.65306645092355,6.42274,6.463527758668985,6.4414272237389,6.505906605292958,6.50900011511466,6.55710806617558,6.674219314138771,6.42274,6.42274
8332,5.898333333333335,5.604227329823413,5.604227329823413,5.520811833410207,5.512442201693293,5.759639299545376,5.820194856004889,5.6857166,5.673707053809922,5.450894124565647,5.774598140160686,5.685618347136197,5.5027308892027165,5.848521971839028,5.6857166,5.6857166
8333,5.054999999999999,5.315330175535012,5.315330175535012,5.43357810859759,5.432742002503503,5.6169870446819345,5.645399428180748,5.340240264161453,5.490698514923048,5.481063130030439,5.649008568745569,5.48072081234875,5.444222662078798,5.671431026268538,5.4806337,5.4806337
8334,5.165000000000001,4.866349043403445,4.866349043403445,5.011356096047904,4.670744396650494,4.815568231610909,5.02173858684939,5.058510638297873,4.901951889641384,4.793228091069246,4.8795876222513765,4.9286036037566685,4.881247057346579,5.06881811601712,4.9287543,4.9287543
8335,4.826666666666667,4.735232603665293,4.735232603665293,4.764197933985099,4.834107250539596,4.891920352544911,5.025594451155766,4.8628583,4.882190314480098,4.811668019412497,4.904466884875748,4.865686185693782,4.7628890333838765,5.045411565533696,4.8628583,4.8628583
8336,4.031666666666665,4.569781029292449,4.569781029292449,4.552602805413313,4.567836680969181,4.58787341073547,4.623890272717832,4.588932,4.592420109880569,4.569670175683277,4.612799028304197,4.588950708846716,4.583163346264877,4.627243588524607,4.588932,4.588932
8337,3.3733333333333326,3.7512477686002113,3.7512477686002113,3.703949529680875,3.8117008370060192,3.7898284180888386,3.9287959019327183,3.7945592000000006,3.8244314367362477,3.7378539139903992,3.8286458898218942,3.7946252046298055,3.6831703026206677,3.9287449112466266,3.7945592000000006,3.7945592000000006
8338,3.0050000000000003,3.4437934612082564,3.4437934612082564,3.521717212543018,3.3977017143342563,3.418220520314903,3.4727421778393803,3.4937396,3.4778703950479106,3.4667477513576697,3.454189849855112,3.4936651229559925,3.400333917229946,3.4836994209472305,3.4937396,3.4937396
8339,3.3883333333333336,3.11781837109851,3.11781837109851,3.230289877323597,3.185907386587308,3.207169171167589,3.235654766349381,3.2204646334517957,3.1457561132144702,3.1931184365045775,3.141765313544575,3.131293876371532,2.981040812640845,3.2534534115299603,3.1312354,3.1312354
8340,3.153333333333333,3.389783958344831,3.389783958344831,3.329042615173679,3.552006922260485,3.6043621318336503,3.591059026284381,3.523831518622631,3.4658545029792256,3.4398124890986517,3.4885521249178426,3.4329385350185753,3.336401765264122,3.595172499951395,3.4324427,3.4324427
8341,3.0700000000000003,3.276565524684508,3.276565524684508,3.4572830237995014,3.2722278732093053,3.263801537371661,3.347371830714411,3.2686923,3.2765157843395842,3.3498318083771896,3.2616956335693033,3.268728315323409,3.099417120673509,3.3671186825560815,3.2686923,3.2686923
8342,3.221666666666667,3.486276915642362,3.486276915642362,3.6379988009631763,3.4191774982130703,3.486212602269121,3.506496672195859,3.4772985,3.4594029163384703,3.5238852987174942,3.444054830400624,3.4771550321376994,3.3274015093326255,3.532161191440673,3.4772985,3.4772985
8343,4.101666666666665,3.980070685457217,3.980070685457217,4.055943854758173,3.850332866524009,3.9540573336703093,3.956978009038995,3.6560505071284295,3.9531305215624855,3.987555220490826,3.90576276844731,4.004995981153289,4.025850210172044,3.992207209509952,4.005527,4.005527
8344,6.550000000000001,4.871234866524114,4.871234866524114,4.895240742288907,4.793934222374137,5.0196953818378045,4.662595470824087,4.9428296,4.850149824416295,4.910688326796834,4.905310072693953,4.9398697588522475,4.913602266589967,4.675320214500898,4.9428296,4.9428296
8345,5.885000000000001,5.823240937425648,5.823240937425648,6.038282364129495,6.074837354186458,5.736784703140935,5.883199610553295,6.514705745735764,6.089251876797283,6.184343281671362,6.0942153829699235,6.048040199710858,6.0249313152287485,5.867588890751607,6.094533,6.094533
8346,5.8149999999999995,5.504456110691512,5.504456110691512,5.371443846425404,5.430791720358127,5.274507980141473,5.682213027729449,5.4931707,5.534822923948866,5.35276482426135,5.496180314174106,5.493458097312454,5.400346309378354,5.678686167195519,5.4931707,5.4931707
8347,5.356666666666668,5.642540315063062,5.642540315063062,5.5742312691364,5.921018777802221,5.720369965156738,5.967713857221581,5.917541872959791,5.811490299684529,5.849930882330618,5.760904452753851,5.758128183813182,5.675663375704998,5.96645666516828,5.7556825,5.7556825
8348,5.113333333333332,6.119943805581488,6.119943805581488,6.076587128503127,5.891292458237748,5.870868590305985,5.944247275695028,6.012677,5.987445384932766,5.944746255754098,6.010636190778516,6.012643892982126,5.825175263667999,5.969651520861535,6.012677,6.012677
8349,6.248333333333335,6.454171798993856,6.454171798993856,6.382652072378667,6.3623904357060255,6.651802902073284,6.327665942277301,6.301607,6.24737067024886,6.107668117207512,6.29942692093188,6.301367667452673,6.220744829786494,6.375756223159943,6.301607,6.301607
8350,6.176666666666666,6.85173410991912,6.85173410991912,6.870479684900065,6.667469268257557,6.643777672900939,6.81415443649481,6.7582064,6.718460524375933,6.425092085443252,6.753582735675996,6.757313251109519,6.587421441572,6.867679819328592,6.7582064,6.7582064
8351,6.37,6.177936657861887,6.177936657861887,6.191215129569986,6.069335450489197,5.953787017027166,6.6113113605098786,6.284684684684684,6.199558412058449,5.7061742291099735,6.164256575425146,6.163193199063925,6.101234504373604,6.677204857278223,6.1623654000000005,6.1623654000000005
8352,6.690000000000002,6.173455763890919,6.173455763890919,6.314168434924124,5.956941131810393,5.881966754204983,6.537950628466982,6.145405,6.172966502960568,6.025378328938517,6.146737223523733,6.158521680799093,6.0410412469644115,6.607140043638187,6.145405,6.145405
8353,6.608333333333333,6.4695891410250965,6.4695891410250965,6.5401126199163535,6.435191807820964,6.292500220344866,6.690119816015614,6.5713954,6.554949136664991,6.637429846788859,6.562990638106681,6.601532506062255,6.413309251308143,6.744881640106984,6.5713954,6.5713954
8354,5.549152542372882,6.141211586426476,6.141211586426476,6.184977633908169,5.973277116702979,5.92215597877988,6.322106509284959,6.144696700000001,6.155634448753256,6.273435152317356,6.1436861566150025,6.146857143107702,6.026868639435644,6.364936768891205,6.144696700000001,6.144696700000001
8355,5.001666666666666,5.547893588292908,5.547893588292908,5.645396141597039,5.504902903474373,5.454052719221201,5.663393808976676,5.5109315,5.493753049994819,5.4093070362113345,5.508945859131286,5.510824696446107,5.330504204270498,5.726459875203392,5.5109315,5.5109315
8356,5.384999999999999,5.062621734811303,5.062621734811303,5.142859694833135,5.036330273458417,4.952695387356169,5.20779027916038,5.0319376,5.021842762203459,4.863627122183089,5.028098542964331,5.032027107018791,4.866455246895676,5.27877052870051,5.0319376,5.0319376
8357,5.198333333333332,5.0869674125649675,5.0869674125649675,5.118676156078025,5.348530553882212,5.2826680992451625,5.462478399833566,5.2334943,5.2567959417716565,5.100947823860274,5.236187377665114,5.239378595811318,5.117490406287299,5.5045030152495,5.2334943,5.2334943
8358,4.571666666666667,4.79949623761957,4.79949623761957,4.884199131677253,4.8512081508872384,4.822433787033136,5.066416540774248,4.8860645,4.90685490255683,4.759916107566356,4.888186710323826,4.886380876878881,4.733624802854404,5.095936004453446,4.8860645,4.8860645
8359,4.103333333333334,4.261485836635429,4.261485836635429,4.243591841088196,4.376192701231907,4.331380394834731,4.59026360228301,4.3006096,4.348742906224559,4.220836622749331,4.305213809188753,4.301034590841402,4.1108961822966155,4.6188663867778414,4.3006096,4.3006096
8360,3.5183333333333335,3.8943173175709593,3.8943173175709593,3.9483686810846526,4.002517849231983,3.9527890804539942,4.254794520943159,3.9378428,3.9863835665174463,3.8976923625065427,3.941084492864364,3.9382387681195805,3.963962890367802,4.292793166326202,3.9378428,3.9378428
8361,3.5333333333333345,3.458705323875193,3.458705323875193,3.5728192678852393,3.569256546043971,3.5173834400919897,3.8272908239089203,3.5028940000000004,3.548140032453704,3.5299447663773966,3.5050345351096306,3.50331668191372,3.4787451516196715,3.87470965131508,3.5028940000000004,3.5028940000000004
8362,3.9450000000000007,3.5496033266925875,3.5496033266925875,3.6117614031143277,3.5941888181506902,3.5647684280464143,3.8059138106347263,3.5469987,3.5823609932682094,3.5724373081166325,3.548589577216508,3.5478095995309626,3.5479704155777787,3.845170845682642,3.5469987,3.5469987
8363,3.3666666666666667,3.9660751918329553,3.9660751918329553,3.990230363162803,3.76382358654061,3.7766488515811005,3.9535574349334883,3.8634910000000002,3.875038574211577,3.9195335615033584,3.863781657642418,3.865083019537162,3.799566723284934,3.9774253335591907,3.8634910000000002,3.8634910000000002
8364,3.213333333333333,3.460474155290251,3.460474155290251,3.6187617553221494,3.4468761201831004,3.429193673372179,3.5939265819149755,3.5120709999999997,3.5134434184468324,3.510612362723194,3.511186107900493,3.5120620932338693,3.406558413198707,3.6310274585729063,3.5120709999999997,3.5120709999999997
8365,3.8783333333333325,3.47032190270779,3.47032190270779,3.556005912066126,3.4796590205964963,3.4555161862344645,3.5872107509103146,3.4848745,3.4879966722774696,3.487557756111912,3.484079681418459,3.4848962066372633,3.2955918112571445,3.6276925192164566,3.4848745,3.4848745
8366,4.555000000000001,4.235470727266509,4.235470727266509,4.233607195886532,4.095518762417875,4.0946682620183115,4.172391578061747,4.130345649790189,4.162719855180023,4.1653150868898186,4.1725544964084005,4.174096477348185,4.164837456692825,4.199015609142511,4.1737385,4.1737385
8367,5.713333333333334,5.183332028719011,5.183332028719011,5.256563579443964,5.259927248494816,5.287591234283485,4.917224750092103,5.2405596,5.160524329089267,5.185585774914471,5.237010313044893,5.237417857992618,4.966620208008423,4.917105031793324,5.2405596,5.2405596
8368,5.795000000000001,5.767775604999035,5.767775604999035,5.676994493699993,5.535961337692153,5.603788315216325,5.397929416691555,5.757018,5.7081522425504785,5.7456690116290945,5.755922061768128,5.755824647963282,5.6430843667009984,5.355144357938791,5.757018,5.757018
8369,5.958333333333332,5.392609286105901,5.392609286105901,5.246582627969502,5.087476863166557,5.1129529420717255,5.32656255136455,5.3551535999999995,5.373922858730154,5.290142648945322,5.355860489312269,5.356380566067624,5.241174262138174,5.287355170667281,5.3551535999999995,5.3551535999999995
8370,4.8,5.204997653841184,5.204997653841184,5.185536133791069,5.195460886803079,5.213475558894791,5.450892352196137,5.435642,5.472129339412724,5.380286175570359,5.437124906084028,5.441452477606942,5.3596562147191795,5.403813736672456,5.435642,5.435642
8371,3.8966666666666665,4.6890613704588135,4.6890613704588135,4.301329846068038,4.616401352990453,4.56082515974275,4.839036925136762,4.673346,4.723135140261137,4.500426452825868,4.674669870665781,4.6735228273963765,4.573077228207149,4.8143220715397925,4.673346,4.673346
8372,4.635000000000001,5.142090571801093,5.142090571801093,4.896688220611672,5.630830048263837,5.585205179201164,4.933548964339812,4.602380084405841,5.034513983092689,5.014301260923542,5.077641813697835,5.077980585669638,4.9902863599070955,4.937115563257539,5.078119,5.078119
8373,5.213333333333334,5.76369060209012,5.76369060209012,5.697819502762426,5.629115610697751,5.679462917142901,5.44109222046355,6.62417313873477,5.594788364616329,5.506553551320558,5.649940338541544,5.650808351616991,5.4115421732950155,5.4940538512434145,5.650988,5.650988
8374,5.540000000000002,5.786938116964953,5.786938116964953,5.564868379242149,6.09108715934679,6.017531914272323,6.192179760946429,5.85911,5.881936424363793,5.410545824661737,5.859640889474234,5.859078661142977,5.719703386282134,6.262533399849977,5.85911,5.85911
8375,5.656666666666666,6.100474046552526,6.100474046552526,6.208142763132882,5.858407185910849,5.8682160583893825,6.033383620526346,6.0063585999999995,5.978614841335757,5.668464995522587,6.006080797233898,6.006000987173426,5.834916427881477,6.124655370740103,6.0063585999999995,6.0063585999999995
8376,5.405,5.875311817424393,5.875311817424393,5.974144884752592,5.659767084370358,5.6344302932211665,5.899711713387518,5.793634,5.783839697073111,5.477010083042733,5.793816707026856,5.793768078796552,5.700078234010429,5.98734559164367,5.793634,5.793634
8377,5.188333333333332,5.478849005137565,5.478849005137565,5.530882039265898,5.43775337261181,5.397916451076345,5.616298291581157,5.392509383982721,5.471031872793156,5.147151528775027,5.480777646516872,5.480916681192307,5.346504753699979,5.694587049453445,5.481128,5.481128
8378,4.628333333333333,5.196131498618211,5.196131498618211,5.249395405329716,5.309113804579199,5.230256383082773,5.286731912286271,5.210022400000001,5.195388932517597,4.966448281844328,5.209569943200299,5.209588514145575,5.071377234017997,5.340658354440775,5.210022400000001,5.210022400000001
8379,4.9350000000000005,4.7420920589651345,4.7420920589651345,4.933267607693341,4.811741609699109,4.753272893569536,4.79157970742078,4.7738547,4.7426282139054114,4.5516963288544,4.772516272913273,4.773643645676826,4.593357769529984,4.8563629840614775,4.7738547,4.7738547
8380,5.151666666666666,4.9295105887296,4.9295105887296,4.914178211237818,4.947701529732455,4.948623401532445,4.994457724827651,4.9911838,4.974436518415161,4.7425371675158186,4.990856683502432,4.98950473431357,4.8940350115277065,5.033829014554779,4.9911838,4.9911838
8381,5.463333333333333,5.063603689095165,5.063603689095165,5.118802326307499,5.175298357056658,5.141376953524227,5.099738951338789,5.150762599999999,5.124320385702287,4.946831227663516,5.149950712603776,5.1501971728001905,4.8940350115277065,5.12553075155443,5.150762599999999,5.150762599999999
8382,6.1,5.124811774759522,5.124811774759522,5.116375335213906,5.182153531275782,5.203688441194407,5.268252254489748,5.285952,5.276967200435344,5.066290848195574,5.2856792326260305,5.285335004041699,4.985254088460132,5.279089373742634,5.285952,5.285952
8383,6.091666666666667,5.260321749887816,5.260321749887816,5.383490154233172,5.691766188063914,5.700807893400247,5.759406474853492,5.694202808641766,5.730017761004815,5.519129351225531,5.719912330262925,5.71728540362342,5.750049271861252,5.73990132122335,5.719720400000001,5.719720400000001
8384,5.348333333333333,5.44343704481001,5.44343704481001,5.4112834353391,5.394945115838888,5.43101222744253,5.548932227848757,5.681658914777044,5.575270166803219,5.535517093978063,5.56705961926497,5.567083404458319,5.547006681206758,5.525902068019056,5.566617,5.566617
8385,4.958333333333332,5.090687558977646,5.090687558977646,4.963463705083791,5.009254953853197,5.025104452468321,5.015373703452382,5.09146,5.082574775539915,5.023762661072345,5.091095804024927,5.091342785030966,4.836921875025038,4.990234326261576,5.09146,5.09146
8386,4.5216666666666665,4.737931038076717,4.737931038076717,4.622711450100801,4.58578300089145,4.651674868827698,4.610490599201196,4.740411,4.727171271594395,4.69231248285612,4.7403324275537075,4.74035875738503,4.627930262613014,4.583331149496393,4.740411,4.740411
8387,5.338333333333333,4.389718878120275,4.389718878120275,4.295505157951427,4.507018777134954,4.4737552275894155,4.458826357516274,4.4218910000000005,4.42945618487292,4.401677056821901,4.421951996216,4.421886530784501,4.271069367495515,4.44322735011051,4.4218910000000005,4.4218910000000005
8388,5.1566666666666645,4.81445007587655,4.81445007587655,4.843859152252401,5.139554661218418,5.148878741392165,5.035596362761094,5.112415299999999,5.111707676026292,5.096830608908784,5.112838510959207,5.1080107796241805,5.02371131595306,4.98518071782582,5.112415299999999,5.112415299999999
8389,4.478333333333334,4.947199721142272,4.947199721142272,4.811119882404136,4.985809908253904,4.954916976020711,4.879865934485045,4.9323554000000005,4.933456005439982,4.946314932019222,4.932558507825686,4.9323577669601715,5.0330756059497235,4.836249731189605,4.9323554000000005,4.9323554000000005
8390,3.2550000000000003,4.69708454741026,4.69708454741026,4.56089640292654,4.540819951410614,4.58714981669203,4.5231740146261625,4.6581655,4.634863944734798,4.57010516978855,4.657277200310411,4.658013447449946,4.551569506692531,4.50654743187969,4.6581655,4.6581655
8391,3.3133333333333335,3.9388873245890217,3.9388873245890217,4.089285659527533,3.871984624222642,3.9133812701139834,3.826852432270791,4.022278,3.9610857198270533,3.978337630786694,4.012224621073552,4.022179876882041,3.8541850324395335,3.8586806288878743,4.022278,4.022278
8392,3.6766666666666667,4.181539029625111,4.181539029625111,4.22005045276133,4.018005920946422,4.047000854021398,3.884765387980128,4.17537,4.087517404966774,4.155177939615577,4.155457168668621,4.175048435289245,4.012256852101467,3.9070791354980585,4.17537,4.17537
8393,2.743333333333332,3.754279702055395,3.754279702055395,3.6337369629152416,3.6495921440894263,3.6763755248530856,3.716037184444986,3.671556,3.7002228291192765,3.6956783503678037,3.6831127309220477,3.6717009835846026,3.5316576471637573,3.693875208459124,3.671556,3.671556
8394,2.4783333333333326,2.908698632762494,2.908698632762494,2.9293706713890932,3.012992600065754,3.0169152517169042,2.9619429943094095,2.9713874,2.9769693778528534,2.9592631180498,2.9719848726408045,2.9713812744046457,2.7486754565723506,2.9313290644985432,2.9713874,2.9713874
8395,3.5266666666666655,3.7131619579334885,3.7131619579334885,3.8197084042793197,3.933211244860474,3.852199952709844,3.1907862002631378,3.149523890146502,3.5631106544778595,3.752976355145014,3.6765360420841766,3.7030187859097397,3.3318418606020805,3.1731100611108602,3.7034550000000004,3.7034550000000004
8396,4.5183333333333335,4.42226701430234,4.42226701430234,4.332510508147812,4.1235592813019135,4.136032470456864,3.8872790797006718,4.336663,4.229508170344601,4.322565708093258,4.320348561694216,4.335870205031748,4.247255185105701,3.8716284120869617,4.336663,4.336663
8397,3.648333333333333,4.911012168614525,4.911012168614525,4.803450021936766,5.6658479756929445,5.545126953843658,5.005704277158637,5.0681286,5.032790927953473,5.127488120201484,5.06030532681009,5.0660824995741125,5.013856798642648,4.966947406953551,5.0681286,5.0681286
8398,3.7216666666666653,4.049911254030185,4.049911254030185,4.328826762031428,4.251715664582694,4.163564584455859,4.138445314249871,4.200245400000001,4.152867191008245,4.1812329128976256,4.153249846608239,4.200181060686564,4.058393675232309,4.171397839437645,4.200245400000001,4.200245400000001
8399,3.921666666666667,3.58329740136699,3.58329740136699,3.6667580575505507,3.6739521922953373,3.6174731042066997,3.9212552668701544,3.6032,3.6708999090206507,3.641905268072524,3.633117669592691,3.603656329454919,3.5491219104541716,3.956051340377072,3.6032,3.6032
8400,2.546666666666667,3.4816742984762072,3.4816742984762072,3.4766896600808184,3.400159096501418,3.430709666726402,3.7040068468412457,3.4549327000000005,3.529201072115371,3.448341282539881,3.498663407276058,3.4569466391987813,3.3685254295642637,3.7110510318921066,3.4549327000000005,3.4549327000000005
8401,2.3850000000000002,2.2654258864004984,2.2654258864004984,2.590286143617341,2.4370770330120672,2.4384610269059754,2.60522951345638,2.4316240000000002,2.4627928881826566,2.4578115664299514,2.4322322115383552,2.431684142180343,2.3439150142337306,2.6252228686607513,2.4316240000000002,2.4316240000000002
8402,1.9166666666666667,2.061872693537571,2.061872693537571,2.1007348301647824,2.048082094977386,2.0731924146093967,2.199968853721786,2.0187936,2.0714470382740244,2.0699834589595945,2.040884804507156,2.019634122900082,1.8714707426174972,2.1921583106338627,2.0187936,2.0187936
8403,1.5716666666666665,1.6375049115903857,1.6375049115903857,1.6984140727663295,1.6948425977810593,1.7528690114054686,1.8751418210377224,1.6498317,1.7161095832728188,1.7183244876842054,1.6785247211319967,1.650285251061982,1.6104781701022937,1.8709935922954566,1.6498317,1.6498317
8404,3.06,1.9941109865128295,1.9941109865128295,2.158151946313982,2.0521575388454716,2.0383105901345937,1.8290066545456225,1.9673096,1.9206175181303442,2.009932310231097,1.9411318582300285,1.9669599810592726,1.8527932751702094,1.8263559466280384,1.9673096,1.9673096
8405,4.2250000000000005,3.2593460229539,3.2593460229539,3.156203390499419,3.242521193521086,3.171506938618552,2.8542633827890684,3.0846126,3.0412339275126357,3.2479867190489786,3.0789549415147865,3.0277704552756366,3.4974818547720674,2.8143833787762818,3.0846126,3.0846126
8406,4.635000000000001,3.9093575550493775,3.9093575550493775,3.912783645137045,4.168909749467718,4.150558231017857,3.7545222716045914,4.126113,4.074552721788498,4.054000191995549,4.1172143071813965,4.07728727342304,4.207441613412177,3.6781103337995944,4.126113,4.126113
8407,4.883333333333335,4.110181943015724,4.110181943015724,3.9848394932239364,4.2686851259908,4.266167371531685,4.125756886684634,4.2764177000000005,4.277694250202203,4.160032448624509,4.276721568026614,4.273557168592779,4.30176155651332,4.054108439775057,4.2764177000000005,4.2764177000000005
8408,4.6833333333333345,4.32099180575329,4.32099180575329,4.233683062768212,4.430937802593497,4.448103882986082,4.272369719198422,4.4623694,4.4654579392052085,4.378781398956721,4.464679530135184,4.463353029799358,4.438394210193527,4.1945635602879285,4.4623694,4.4623694
8409,4.476666666666668,4.266877971431232,4.266877971431232,4.103445745500194,4.321657560626277,4.335581101535,4.20023491379846,4.343216,4.3500277141108175,4.259748439530455,4.344327931532514,4.343156652227026,4.381317039895219,4.125915121264531,4.343216,4.343216
8410,3.9349999999999996,4.414043803182981,4.414043803182981,4.345592774639129,4.362107932897483,4.388264979086481,4.087485444148207,4.382696599999999,4.354635127212811,4.387291714161192,4.380471531894121,4.382276875481332,4.332278835081128,4.026876280757766,4.382696599999999,4.382696599999999
8411,4.3566666666666665,4.127206319456844,4.127206319456844,4.104722472436961,4.068365011887227,4.0622203572642945,3.821343066681217,4.0408897,4.010471667532612,4.102013532125142,4.038012059675923,4.040837953167602,3.883040313218949,3.7918955754328905,4.0408897,4.0408897
8412,3.7816666666666663,4.297678710453567,4.297678710453567,4.267892657184333,4.274863785811302,4.293306344076216,4.1018422022346845,4.296983,4.275954722495981,4.288179808906038,4.295849082464805,4.2964143784552595,4.185012348273418,4.065969127949477,4.296983,4.296983
8413,1.9866666666666668,3.683779625990333,3.683779625990333,3.6952395086774503,3.6662846021837137,3.658396127453182,3.708372325290837,3.6729752999999996,3.683973489248341,3.691375188111983,3.6746597100218774,3.673023665341454,3.5057738324816006,3.702696777434855,3.6729752999999996,3.6729752999999996
8414,4.0166666666666675,1.4375047801725818,1.4375047801725818,2.0143013990219316,1.812246129823409,1.85373527732089,2.0106361975170532,1.8475082999999999,1.8920889498601572,2.0898016274457145,1.8617657587558214,1.8475786250505695,1.8302017251662046,2.0067008803248085,1.8475082999999999,1.8475082999999999
8415,3.8333333333333344,2.902375017300103,2.902375017300103,3.221925539497809,4.107882643521759,4.147517900240607,3.6824769504409285,4.396527233314812,3.894152991710776,3.9650863415737194,3.97447925753688,2.6311236569134087,3.8481401137168816,3.5534828715517772,3.8722239999999997,3.8722239999999997
8416,2.886666666666667,4.120286563010623,4.120286563010623,3.9765243331678772,3.9769110393863976,4.007979773157915,3.6720375571657295,3.9708028,3.928227069155197,4.046693464636982,3.943055868859595,3.9707005795483115,4.039878442453402,3.631053964866419,3.9708028,3.9708028
8417,2.786666666666666,2.7664139888619252,2.7664139888619252,2.927722024187566,2.921052955596162,2.9520778333822397,3.0908383598519302,2.8910809,2.9384362359177354,3.027742227486973,2.9681647299101708,2.891176286122319,2.8445006199977643,3.1017375208051794,2.8910809,2.8910809
8418,3.4200000000000013,3.2130305305986826,3.2130305305986826,3.2532289709253157,3.243370412410587,3.278933802425343,3.2885154254654037,3.2350418999999997,3.2410463624283787,3.302127920406419,3.2446176084366574,3.2350533321983463,3.1134079438784883,3.3079734549628337,3.2350418999999997,3.2350418999999997
8419,4.245000000000001,3.8699463176441697,3.8699463176441697,3.7751809657893443,3.7791312910154047,3.850385661952931,3.991162602229758,4.088188277087031,3.8758795610528884,3.8196977090663817,3.914845621244649,3.8501057303623814,3.864142222690716,4.031357569657833,3.849514,3.849514
8420,5.041666666666667,4.49381565260136,4.49381565260136,4.304950002137382,4.51109490223265,4.579965431652149,4.587951533960133,4.559151,4.572808476766111,4.4461723987127115,4.606004412141311,4.559272814928807,4.312931247960091,4.590819980987759,4.559151,4.559151
8421,5.198333333333335,4.550129932373553,4.550129932373553,4.299651874686739,4.555192433349967,4.613152008157296,4.6919669531687545,4.616263,4.665548347211112,4.525739507076521,4.729221080673836,4.61773816692066,4.554661658953211,4.635480381542656,4.616263,4.616263
8422,3.665000000000001,4.066907142394513,4.066907142394513,3.837191189641734,4.232244139304756,4.243040724450838,4.332281970333362,4.459024659231073,4.351753963472857,4.1513966650560015,4.3969369278475465,4.280920649756993,4.12569730364604,4.22218232640312,4.2790136,4.2790136
8423,2.6199999999999997,2.760606547628546,2.760606547628546,2.6277778514326027,2.774445776255603,2.7096430827141598,2.9724610851891837,2.780664438016043,2.824706989210091,2.7498627732242875,2.812279243415863,2.7527595547625214,2.68731402089583,2.910181264963004,2.7526464,2.7526464
8424,1.8316666666666663,2.469083520399711,2.469083520399711,2.609144971068046,2.459514808396185,2.437512412576422,2.612618264532763,2.661585367798112,2.440603749639872,2.511499452283128,2.4155205351116313,2.417813858530551,2.4402003259643568,2.6431179145731365,2.4178758,2.4178758
8425,1.0816666666666668,1.7432609386096325,1.7432609386096325,2.163551349551107,1.9690657964482339,2.0016421103710647,2.145653216140788,1.9911253238483004,1.8885837763197393,2.0092211010121117,1.9017623167302005,1.8591536865912968,2.0143761329534917,2.2149860119286093,1.8588770000000003,1.8588770000000003
8426,3.3850000000000007,1.10404830304712,1.10404830304712,1.7350224927794549,1.600652159885258,1.55982793340269,1.6366591968267183,1.4537129999999996,1.4481397629492,1.4490790371610744,1.4001699610309086,1.4537290496533641,1.4104621006759337,1.705435656225795,1.4537129999999996,1.4537129999999996
8427,3.303333333333333,3.2490205788149824,3.2490205788149824,2.9404196706163814,3.3017534373372097,3.4368539613113116,3.1889017150217955,3.197893,3.2267808316622006,3.317746283155011,3.2466374084511687,2.618537556496321,3.648594226648372,3.1541648020890825,3.197893,3.197893
8428,2.1916666666666673,2.9666585677219377,2.9666585677219377,2.7048313275072244,2.968796840950189,2.998317657768836,2.847950945241121,2.8910819938714742,2.945488232630617,2.9382855061816633,2.9663949562033975,2.932594602691755,2.94417822350062,2.7848428077094183,2.9326117000000003,2.9326117000000003
8429,1.218333333333333,1.6744108176935684,1.6744108176935684,1.7803936662818427,1.861761998614966,1.83824027387547,1.875340374019542,1.8059174000000002,1.8339259254026206,1.7963485070818659,1.8362868190764894,1.8059045041598094,1.7218089319808034,1.8301748102750648,1.8059174000000002,1.8059174000000002
8430,1.6083333333333332,1.2394427483412391,1.2394427483412391,1.5292788007230826,1.4813044432573927,1.4279594501400799,1.2987123769561841,1.3704140000000002,1.3466390225923264,1.211978767452634,1.3313677752087565,1.3701308791596962,1.370563300284934,1.2769978674259974,1.3704140000000002,1.3704140000000002
8431,3.316666666666666,1.9835236813929005,1.9835236813929005,2.0248644531290774,1.991707847541296,1.9877626040637624,1.8062697863846173,1.8764279000000001,1.8606281333799262,1.9746283518996304,1.859808109323093,1.8736119726496738,1.9166138500225947,1.7943298868066475,1.8764279000000001,1.8764279000000001
8432,1.4650000000000005,2.969732223955318,2.969732223955318,2.9506545782816573,3.087890958243158,3.093171102552742,2.9111346009236345,3.106848,3.098675357663761,3.1509118582113085,3.1124992751020217,2.927971688243444,3.530314907914324,2.845292001342964,3.106848,3.106848
8433,2.1283333333333334,1.3169692048895962,1.3169692048895962,1.9889228005477593,1.786362176371472,1.7785206561236082,1.59306696722695,1.7135036000000001,1.6902955240815243,1.919554412455255,1.6926657057340257,1.713442336645444,1.8467772050518105,1.5805141174982604,1.7135036000000001,1.7135036000000001
8434,3.115000000000001,2.5465849417395345,2.5465849417395345,2.4090779186775704,2.5870761133965203,2.689533904177132,2.489869877559592,2.4518242000000003,2.470841045064556,2.656804246497222,2.4791005693258654,2.4577238719301837,2.544330395265492,2.483918809106931,2.4518242000000003,2.4518242000000003
8435,3.0816666666666666,3.294276389018078,3.294276389018078,3.284549706976967,3.2306170005878707,3.236013426651865,3.0925879102052454,3.1983764,3.177819224386,3.3235495655357865,3.17796450413238,3.197172949195787,3.6396507585666784,3.0810665068817773,3.1983764,3.1983764
8436,3.671666666666666,3.204974583151358,3.204974583151358,3.380307823084077,3.2113671579584318,3.149981687312958,3.009188927716939,3.2019734,3.152010955726287,3.2656399487791594,3.141077958020364,3.201203111539967,3.1690776785799213,2.9988532162837007,3.2019734,3.2019734
8437,3.721666666666665,3.669289115469319,3.669289115469319,3.7102750133527853,3.6717743132848173,3.6494232959005206,3.6131291421817657,3.6858044000000003,3.6713385185987355,3.6940122035279104,3.673715332451349,3.6797102834823976,3.5263752313189984,3.6013429599772153,3.6858044000000003,3.6858044000000003
8438,3.8533333333333335,3.7993165001186338,3.7993165001186338,3.8983412613076993,3.7597839796194537,3.7313153586144887,3.7738338729932517,3.6614009009009,3.7631820954069974,3.7794290138535334,3.7590220393421,3.768223555117729,3.7803672278922678,3.783692240522995,3.768493,3.768493
8439,3.6483333333333343,3.932214754564425,3.932214754564425,3.891935724926039,3.970076844258907,3.9821565569395667,3.9099134668545092,3.9779222,3.967414826093174,3.9330658793419424,3.973163052654641,3.9775604306742913,3.9312946894947403,3.904198126884483,3.9779222,3.9779222
8440,3.8500000000000005,3.680341860840464,3.680341860840464,3.6691403731352468,3.673368874133524,3.668783301044027,3.636544824777884,3.6757044999999997,3.669361051671519,3.6971618184316237,3.672173947396799,3.6756865805768952,3.498142935849767,3.625436898882183,3.6757044999999997,3.6757044999999997
8441,3.485000000000001,3.6781790940148524,3.6781790940148524,3.6588628538535293,3.5570466745511244,3.535672618378266,3.6182319976517117,3.6554254999999998,3.657770940771737,3.657538013078362,3.6674156078335067,3.6555469720685276,3.4764554690212823,3.5930803948752725,3.6554254999999998,3.6554254999999998
8442,3.8266666666666667,3.319774333879142,3.319774333879142,3.336679465744881,3.06843726192766,3.0610681918221214,3.2513124749267983,3.2348838,3.254308297462242,3.2966674314157776,3.266367325654876,3.2351508983564754,3.1097911291972617,3.231055694903613,3.2348838,3.2348838
8443,3.816666666666666,3.9100705345162394,3.9100705345162394,3.929256274587541,3.8273857006411776,3.8543586949140747,3.829787087394127,3.8932241999999997,3.89506452310201,3.9416499610765636,3.9064665477627005,3.8976471891928703,3.858649819695744,3.8127049065304375,3.8932241999999997,3.8932241999999997
8444,3.0,3.947373438498898,3.947373438498898,3.9906476846187635,3.852357924305891,3.8670960367625917,3.8984908021872497,3.89817,3.905735050964092,3.939244972855252,3.9110340896015727,3.8984760742558864,3.867089178520581,3.8969964719255312,3.89817,3.89817
8445,3.1633333333333327,3.3696167449924896,3.3696167449924896,3.6348963475973273,3.6224440389410546,3.607519457726315,3.573300209100492,3.4823812999999997,3.4842508752027674,3.5789093656241735,3.468427204440312,3.4823626286014053,3.313414707698798,3.6083726188563205,3.4823812999999997,3.4823812999999997
8446,3.4283333333333337,3.522112554051294,3.522112554051294,3.8054823073644934,3.698323779825481,3.67837150272793,3.6347679972937277,3.5644699999999996,3.548785051259099,3.6457421958633307,3.53478899651739,3.564276128105408,3.5153041228217203,3.681201624670083,3.5644699999999996,3.5644699999999996
8447,4.593333333333334,3.708693160545983,3.708693160545983,3.898378367401924,3.862873441605792,3.84665525397425,3.7717627545232055,3.7350686,3.710105183614025,3.7570720337421144,3.7070048445973773,3.7342641784221575,3.7981788928443003,3.814507189370055,3.7350686,3.7350686
8448,5.98,4.430385460048925,4.430385460048925,4.641262651534595,4.658076872850988,4.6461855627610795,4.568414914777991,4.630055400000001,4.597002126168154,4.472897625993418,4.596173248127372,4.616468609561707,4.807923010058326,4.584836716245813,4.630055400000001,4.630055400000001
8449,5.261666666666666,4.886125229395928,4.886125229395928,5.300101398422717,5.310426368964548,5.316418473446717,5.311221558548214,5.482717500000001,5.459328204593665,5.162419377090986,5.480092356994597,5.361909548450977,5.549756683539517,5.293906041859108,5.482717500000001,5.482717500000001
8450,3.8816666666666673,4.247979230117675,4.247979230117675,4.166874680387805,4.137827124259123,4.111252737516018,4.526597175961843,4.679515357512773,4.368249481778976,4.116563985698494,4.364963114463039,4.318010056470607,4.259187866529768,4.5212512617979055,4.317709,4.317709
8451,3.5650000000000004,3.0350771504287053,3.0350771504287053,3.0712618728924603,3.11336357063592,3.0720995239595785,3.548098842931837,3.1150729999999998,3.1923452040011027,3.0967065248124457,3.1543900247617938,3.115338414526413,3.0609017386399424,3.5605265432397486,3.1150729999999998,3.1150729999999998
8452,2.765,2.9207491140700963,2.9207491140700963,2.8580817750301044,3.08660647259842,3.066331254645963,3.4702253291784912,3.395135257973931,3.071067216728534,2.9736136847863923,3.0318371229610275,2.983339475842417,3.073251317760953,3.485773234384233,2.9790617999999998,2.9790617999999998
8453,2.7699999999999982,2.551311946243426,2.551311946243426,2.7904398736299427,2.736664218969504,2.7146000012062905,2.8853767715580956,2.6039114,2.6382683695132876,2.7616879182891303,2.6131282893393095,2.6042155116361894,2.5307737420256338,2.908105760986249,2.6039114,2.6039114
8454,2.316666666666667,2.7841454573782016,2.7841454573782016,2.9134420815743147,2.7492848156414773,2.742965141526204,2.7217841187829626,2.6710105,2.6713807301193238,2.8653490193281077,2.6691529382114574,2.6717782760476134,2.6208819711391955,2.732832059366741,2.6710105,2.6710105
8455,2.1883333333333326,2.4373956996870816,2.4373956996870816,2.7142369444315633,2.6217819966940294,2.619580923013331,2.4900960454127183,2.4733543,2.4631551472814905,2.631228541582689,2.4682154470702433,2.4731557189834286,2.3661073527168774,2.505684370515656,2.4733543,2.4733543
8456,2.046666666666666,2.5077085387453852,2.5077085387453852,2.7281146505743195,2.6713584483087893,2.6889620102093232,2.49453565670228,2.5329869,2.5158495505995693,2.6487428833640823,2.525375530023583,2.5326674995891825,2.409656486449614,2.5051043722147535,2.5329869,2.5329869
8457,1.8466666666666662,2.442375100594089,2.442375100594089,2.6696977757987383,2.6875085131105783,2.7040933937378098,2.458309182621783,2.5287886000000004,2.5077661630445998,2.591600721364664,2.519219689254307,2.5286009783518386,2.4006280459367577,2.4649110051521,2.5287886000000004,2.5287886000000004
8458,1.3050000000000004,2.0367512012230735,2.0367512012230735,2.3507400239437066,2.2204306978213584,2.22311137099298,2.116329642565396,2.106327,2.1039638068150364,2.167727061617719,2.1051436470633167,2.10635074840088,2.13104823425723,2.123237826071913,2.106327,2.106327
8459,1.8799999999999997,1.628507722528373,1.628507722528373,2.1472517823005313,1.9334047710436273,1.9328300838137975,1.7199363984671785,1.5791007746703007,1.7836930192960607,1.7210917308249836,1.7946116883427736,1.8142267490501525,1.820370315353631,1.7285541880370663,1.8143317999999997,1.8143317999999997
8460,1.771666666666667,2.2372599517568172,2.2372599517568172,2.2881616886683505,2.1525076671343855,2.149138266929703,2.024570776116479,2.14021945080707,2.080767929154582,2.0283573672397326,2.0855186251188673,2.0903419993421304,1.9867858148743818,2.0193691262970237,2.0902257,2.0902257
8461,2.008333333333333,1.9376422387587153,1.9376422387587153,2.1525412945077984,1.9902170371713759,1.9825230764259683,1.9495668605645085,1.9391216,1.9414711581473874,1.7501556460146817,1.9403469708487235,1.9391036230254748,1.8527932751702094,1.9487590300226925,1.9391216,1.9391216
8462,2.1649999999999996,2.3424211383001925,2.3424211383001925,2.461081995503244,2.1483000928531975,2.134711310107984,2.18255561619781,2.2610505272353594,2.1419996878722536,2.1043426288895404,2.1380081417207975,2.1414464925156063,2.221186011731746,2.1915817194384246,2.1410217,2.1410217
8463,2.2583333333333333,2.7062027703954445,2.7062027703954445,2.792697868735472,2.7482944867410826,2.749412778323072,2.5681429199167534,2.6395776,2.6177047709087176,2.6045551442064183,2.6287554211247404,2.6392446522617297,2.6483149696258765,2.57435508275075,2.6395776,2.6395776
8464,2.1716666666666664,2.7763552016669752,2.7763552016669752,2.9380907095646505,2.8196967548063534,2.825709371288264,2.5432191723251556,2.7666647,2.7167095531711984,2.66879252485262,2.742086030078682,2.766461283947617,2.6490284672990576,2.5388548902824564,2.7666647,2.7666647
8465,2.5566666666666666,2.8675943693548653,2.8675943693548653,3.0611987314512197,2.9876675204892837,2.984315804708374,2.6247452281792656,2.8904157,2.825411980133797,2.7677087209591242,2.844515078602715,2.890208534956269,2.687247046598838,2.6199191036708775,2.8904157,2.8904157
8466,4.538333333333333,3.986821675582088,3.986821675582088,4.181340065049646,4.254225940477662,4.221924472636935,3.3443101241293576,3.9288702000000004,3.7709846650873375,4.041040188187246,3.7684155733281766,3.9279370050215685,3.805495777211579,3.338786233813454,3.9288702000000004,3.9288702000000004
8467,6.47166666666667,5.292561614968442,5.292561614968442,4.800619769178005,5.332828815492527,5.349788832041201,4.687480522426522,5.110452700000001,5.074184719642346,5.386269022297634,5.109184018276755,5.104628339331514,5.098315477739565,4.650855142566048,5.110452700000001,5.110452700000001
8468,7.471666666666665,6.094310439748877,6.094310439748877,6.039877449494691,6.685771818665755,6.743227534065866,6.2445876780416505,6.720953,6.657754257632112,7.052447714961344,6.702886914142811,6.686414418972561,6.766382156082889,6.192071631232747,6.720953,6.720953
8469,7.809999999999998,6.957348033370541,6.957348033370541,7.276999967610014,7.573880414308883,7.653996203142517,7.321825694166508,7.581562244062246,7.6005731053996435,8.516390272728465,7.633457316651848,7.626788969767995,7.73455661828331,7.306727468431979,7.640262,7.640262
8470,8.433333333333334,7.4404705286726935,7.4404705286726935,7.324107754831704,7.5750335131749535,7.6363875274374085,7.47696995412121,7.486041247176054,7.660940934049675,8.187116819169288,7.676292810679634,7.676806855377569,7.508411184785768,7.458938482235071,7.677930399999999,7.677930399999999
8471,7.478333333333334,7.1089323627698535,7.1089323627698535,7.2476308268504575,7.364703511868439,7.41443380125371,7.4977915656230625,7.621711,7.622512679903567,8.205247768101572,7.622582001671857,7.622564021702298,7.670576331114154,7.460346891238181,7.621711,7.621711
8472,6.74,6.872381275303914,6.872381275303914,6.4957525821980395,6.839159814892944,6.926248771950055,6.857619122751155,6.9899807,6.975822622494831,6.930748474782643,6.986241551974118,6.989462764245026,6.729182257780584,6.832206554733375,6.9899807,6.9899807
8473,4.585,5.6920006302604165,5.6920006302604165,5.5234543144996575,5.58240967295156,5.5932020186332485,6.007260746988155,5.788397,5.816611452791573,5.791868502779687,5.7916017627490906,5.788718854062321,5.739190561350053,6.008638143742623,5.788397,5.788397
8474,4.276271186440678,4.022247536785069,4.022247536785069,4.158430414651277,4.1136398015758004,4.091954236548916,4.547350097300443,4.133421,4.1754643010011385,4.022497348990558,4.140200237334981,4.133473147676339,4.149570686780547,4.591889924523959,4.133421,4.133421
8475,4.06,4.096528266964384,4.096528266964384,4.22704147944642,4.156244789610221,4.1663456698398775,4.3009333649119545,4.186730945821854,4.119034470325341,4.08860487482451,4.110587445208587,4.110255369706542,4.026706264565652,4.346085462148976,4.1091037,4.1091037
8476,3.2649999999999997,3.9072830910742034,3.9072830910742034,4.061685059601697,4.143245415560929,4.145827907617884,4.235037725607961,4.007615,4.022878305988366,3.9827211148385504,4.009971064660642,4.007801543149101,4.02369407375903,4.282246678823294,4.007615,4.007615
8477,3.1783333333333337,2.8737225035902663,2.8737225035902663,3.2054022438529874,3.1331161217074954,3.0543546317713743,3.550811304364236,3.226575859361213,3.1434191094743724,3.05374729462213,3.12223592697123,3.1216826731500595,3.0648165451958316,3.622094907537317,3.1211387999999998,3.1211387999999998
8478,3.6849999999999996,3.1300279134091893,3.1300279134091893,3.2097272714856637,3.0206704429496893,2.974335473487902,3.3900364388864395,3.006145,3.031737900777767,3.0510056412903332,3.0087343285618804,3.0131431322149043,3.0462655172223934,3.4540696154748973,3.006145,3.006145
8479,4.236666666666667,3.586549360607335,3.586549360607335,3.5833049793133958,3.583358256433001,3.5722310946476017,3.7554195069734266,3.5310468999999998,3.5512689495004377,3.5402953339446976,3.5337745267811034,3.5553103609873524,3.5566676766145795,3.7846589154294508,3.5310468999999998,3.5310468999999998
8480,5.578333333333332,4.0709106644938124,4.0709106644938124,4.132494535367814,4.186010994297119,4.201670959581692,4.159348873849583,4.26222514049903,4.154514653990687,4.120677961356399,4.153992441481327,4.151296722458264,4.075132014833055,4.162927969532874,4.153559,4.153559
8481,4.504999999999999,4.77037520793085,4.77037520793085,5.081202984416882,5.088032227144973,5.1170667916563755,4.98559833793806,5.215164700000001,5.1918752358857185,5.12971648196284,5.209358589502134,5.109716540000187,5.077922028633804,4.959750829802418,5.215164700000001,5.215164700000001
8482,4.016666666666665,4.320344807345975,4.320344807345975,4.3601495933065575,4.273964691978499,4.2860580411863385,4.348896305083864,4.3750334,4.365905924478599,4.247462205005979,4.371537568169414,4.374847983120205,4.265626544643887,4.351671922397301,4.3750334,4.3750334
8483,3.9716666666666662,4.067188156480749,4.067188156480749,4.112857118561086,4.246339025214954,4.266844928369478,4.186588705384766,4.135835,4.141696449986332,4.097765585029637,4.140350442644967,4.135714409442863,4.058712037074848,4.198603461305775,4.135835,4.135835
8484,3.651666666666667,4.005791250202006,4.005791250202006,4.135088570914554,3.8637268429059923,3.8658956543966467,3.9898748681311162,4.021557829251691,3.9310574011560893,3.9852916213789147,3.9320086213704206,3.9359375410740047,4.0084788813990455,4.011828713731536,3.9358910000000003,3.9358910000000003
8485,4.571666666666667,3.863141590559214,3.863141590559214,4.022866408525015,3.9076559247335956,3.9101409780278105,3.959333728806166,3.891833964678462,3.8521842721164803,3.9009334585352256,3.8513476518889127,3.85341217238528,3.7938811441067397,3.991635475995858,3.8534276,3.8534276
8486,5.156666666666668,4.845799344799696,4.845799344799696,4.903688524103722,5.148193154435015,5.183428031793415,4.839778708850516,4.9756327,4.946053208939422,4.921841565581298,4.966579684838724,4.959885729501639,4.913602266589967,4.850580976179397,4.9756327,4.9756327
8487,6.586666666666669,5.547370198099097,5.547370198099097,5.493073181389427,6.075216861979145,6.085575915420906,5.528418112192243,6.246116504854371,5.797971514447147,5.636041593312244,5.844186024336465,5.868919783110553,5.711861846751783,5.526281654961245,5.8711367,5.8711367
8488,6.991666666666666,6.2113243867043515,6.2113243867043515,6.203694553660306,5.888889625821663,5.908600353600424,5.76160914384258,6.251225499999999,6.187972508402585,6.3055956698547515,6.242309524382893,6.2466422328981785,6.229104698072925,5.729686330083909,6.251225499999999,6.251225499999999
8489,5.9433333333333325,5.772623281747649,5.772623281747649,5.7609630212610785,6.154539257402805,6.200724715790047,6.237775943855633,6.3402987,6.354828806147991,6.409057143414865,6.342125622470084,6.346931102887937,6.5400338393717306,6.181394461572806,6.3402987,6.3402987
8490,5.066666666666666,5.652086149454918,5.652086149454918,5.336008745982223,5.16854879867114,5.209085384360334,5.475640098621302,5.527588,5.5348091266509725,5.451435390750939,5.528371435484999,5.527822102428365,5.358518825869931,5.445261842765492,5.527588,5.527588
8491,5.308333333333333,5.154652487752925,5.154652487752925,4.888666439332946,4.9973663636573455,4.969867323115642,5.271891031840647,5.1640559999999995,5.173191405547243,4.9923446470635096,5.164419092975212,5.164340262995022,4.904218972982219,5.272607858979666,5.1640559999999995,5.1640559999999995
8492,5.326666666666669,5.697851473203398,5.697851473203398,5.678773794789109,5.645496255907251,5.692935731794659,5.801072249793902,5.7446980000000005,5.74285125518284,5.780274973695072,5.744882286688063,5.7450125745256475,5.665808260233794,5.823511919112672,5.7446980000000005,5.7446980000000005
8493,6.835000000000002,6.29432879264354,6.29432879264354,6.304073244449184,6.252333811352816,6.387460793029335,6.207296478050383,6.098609938216846,6.198173288548508,6.152689955529067,6.210277303864329,6.210415500063424,6.074704391191062,6.244515532230465,6.210581299999999,6.210581299999999
8494,6.477419354838708,7.022402824612277,7.022402824612277,7.07130404405852,6.968870865956419,7.073500228439934,7.096416857021653,7.1147118,7.101311902758669,7.225349505369666,7.113836949506522,7.115228836346089,6.849791251559113,7.125342982331036,7.1147118,7.1147118
