cvar_05_ci_high,cvar_05_ci_low,cvar_05_mean,cvar_05_sd,cvar_05_se,cvar_15_ci_high,cvar_15_ci_low,cvar_15_mean,cvar_15_sd,cvar_15_se,mae_ci_high,mae_ci_low,mae_mean,mae_sd,mae_se,method,replications,rmse_ci_high,rmse_ci_low,rmse_mean,rmse_sd,rmse_se,setting,sweep
0.5991353388720347,0.48550132785179445,0.5423183333619146,0.15215873526719076,0.027780257209099078,0.49103895141862935,0.3945965471868433,0.4428177493027363,0.12913875099790253,0.023577402323198,0.210702485549147,0.1669928517129987,0.18884766863107286,0.05852827462295335,0.01068575208761624,adaptive_ridge,30,0.26218554394690874,0.2092156019581047,0.23570057295250674,0.0709280549707717,0.012949631889152696,3.0,members
0.6122433080808081,0.49963241794747154,0.5559378630141398,0.15078875123882624,0.027530133490513396,0.5055798168545899,0.40886387942359936,0.4572218481390946,0.12950501867842235,0.0236442733467666,0.2235508788412769,0.17496885220984487,0.19925986552556088,0.06505252839872903,0.011876912408909772,static_ridge,30,0.2747664771773719,0.21837571551519783,0.24657109634628488,0.07550861663891877,0.013785924206381908,3.0,members
0.5538876559612484,0.43556168236973664,0.49472466916549257,0.15844138853583672,0.028927307514506066,0.42287857846950505,0.3398145923958328,0.3813465854326689,0.11122472007936324,0.02030676271322168,0.16246678614262583,0.1355132477421478,0.1489900169423868,0.03609145076522818,0.006589367239067521,rls,30,0.21387918962470884,0.1750620200455175,0.19447060483511316,0.05197714466639559,0.009489684869498066,3.0,members
0.6890594474015053,0.5789167075845798,0.6339880774930425,0.14748383726788894,0.02692674151301462,0.5720750475159573,0.47743768802063696,0.5247563677682971,0.12672175170574165,0.02313612064526782,0.2663468831134665,0.2121473955171954,0.23924713931533093,0.07257444677640984,0.013250220532632586,hedge,30,0.31951339296405556,0.26030245901768057,0.28990792599086807,0.07928489668172359,0.014475375460682166,3.0,members
1.0497082595747065,0.8708275738061348,0.9602679166904207,0.23952563731491924,0.04373119821939414,0.8425747314048994,0.6816436470592234,0.7621091892320614,0.21549067958935322,0.039343035381068946,0.37596218069938553,0.29561265832438605,0.3357874195118858,0.1075899864321881,0.019643154176861397,exp3,30,0.46152342754189696,0.369597068703076,0.4155602481224865,0.12309165515720044,0.022473358723415264,3.0,members
0.6588203168549119,0.5323081026635973,0.5955642097592546,0.16940296601669372,0.030928608598541407,0.5409651781736922,0.4320775493394979,0.48652136375659505,0.14580321279606323,0.026619902868376573,0.23667798380746463,0.18375109136934004,0.21021453758840233,0.07087041056372852,0.012939107508468842,fixed_share,30,0.29220193730592414,0.22987259700741966,0.2610372671566719,0.0834605194757186,0.015237736392650105,3.0,members
1.0480912703390992,0.6758659421384459,0.8619786062387725,0.49841886830289084,0.09099841908522999,0.6864943014412437,0.48107504927493827,0.583784675358091,0.27506143036339564,0.05021911670322274,0.22209740162171246,0.17289388463519326,0.19749564312845286,0.0658847192680101,0.012028848979328129,passive_aggressive,30,0.36099082107196057,0.24174986575636773,0.30137034341416413,0.15966657156580086,0.029150994308700693,3.0,members
0.761515766717268,0.660318158299147,0.7109169625082075,0.13550608634436925,0.02473991339001793,0.6423377253454341,0.5512427077470954,0.5967902165462647,0.12197846879167902,0.022270119629047506,0.3193976207329542,0.2561139481622625,0.28775578444760835,0.08473839385731366,0.015471043267469299,ensemble_mean,30,0.3724404612225922,0.3082705563778194,0.3403555088002058,0.08592508066671573,0.01568770164553708,3.0,members
0.9467693412737297,0.7422234070376796,0.8444963741557047,0.2738920361779684,0.05000561551189812,0.7732412491385847,0.6087332800468996,0.6909872645927422,0.2202802162277487,0.04021748113335117,0.33699226785218095,0.2693851013592743,0.3031886846057276,0.0905276585434159,0.016528013554118055,oracle_best_member,30,0.41651558304996816,0.331065830437539,0.3737907067437536,0.11441932014602266,0.020890014219460636,3.0,members
0.9454158453757551,0.7449498112140853,0.8451828282949202,0.2684289496446274,0.049008196935926916,0.7826639764711788,0.6151508417873944,0.6989074091292866,0.22430420685922287,0.04095215794670046,0.364307249415111,0.2756179412083373,0.31996259531172416,0.1187571647546709,0.02168199266716357,validation_best_member,30,0.4373179794016866,0.3372799587248332,0.3872989690632599,0.13395336984199058,0.02445642743876349,3.0,members
0.3844372501033719,0.31731347632534396,0.3508753632143579,0.08988038381049966,0.016409837896744266,0.3087764735450368,0.2559174429532509,0.28234695824914385,0.07077954188260832,0.012922517232995416,0.13044077066537454,0.10788086747105795,0.11916081906821624,0.030208265174992747,0.005515249419813757,adaptive_ridge,30,0.16350846575640604,0.13541623402195757,0.1494623498891818,0.0376161891423964,0.006867745106890473,6.0,members
0.3828009975555244,0.3167769799452487,0.34978898875038655,0.08840778325644838,0.016140979049528104,0.3072995178661966,0.254711682976999,0.2810056004215978,0.07041640416754197,0.012856217660321174,0.1304653396804431,0.10811735029971462,0.11929134499007886,0.029924507367169974,0.005463442569076174,static_ridge,30,0.16338537546993417,0.1353363967967028,0.1493608861333185,0.037558272229738454,0.006857170973715868,6.0,members
0.31978601010834184,0.26594268704269053,0.2928643485755162,0.07209753371103825,0.013163148518008266,0.2526227597929241,0.21250835025984086,0.2325655550263825,0.05371418086664999,0.00980682283952553,0.10389257694618742,0.0880966957841241,0.09599463636515576,0.02115107333157758,0.003861639993050329,rls,30,0.13199023216444056,0.11149319976147368,0.12174171596295712,0.02744603045483057,0.005010936664694826,6.0,members
0.480346992842856,0.4095135202982665,0.44493025657056123,0.09484776168860445,0.017316752868574314,0.40131491783982465,0.33836688008559934,0.369840898962712,0.08428897058406443,0.015388990179260494,0.1923817186834345,0.15140478766082072,0.1718932531721276,0.054869118352438156,0.010017684610683692,hedge,30,0.22795864553597545,0.18523383706969476,0.2065962413028351,0.05720956923367155,0.010444990524811815,6.0,members
0.9954458113659826,0.8639737303563831,0.9297097708611829,0.17604434966044716,0.032141153810117944,0.7544186065817803,0.637146375681186,0.6957824911314832,0.15703040115883993,0.028669697642927334,0.33479894130040144,0.26936775440213934,0.3020833478512704,0.08761396835404674,0.01599604894001839,exp3,30,0.4116652249839765,0.3443645658897557,0.3780148954368661,0.09011723759888224,0.016453081284320166,6.0,members
0.4274527436612764,0.35429607844691235,0.3908744110540944,0.09795857380586698,0.017884706858169345,0.34954238142573407,0.28977860578951203,0.31966049360762305,0.08002516530002579,0.014610529400967933,0.15299675221801035,0.12491259345483292,0.13895467283642163,0.03760537923533229,0.0068657714969092894,fixed_share,30,0.18866158975203187,0.15545922700252116,0.1720604083772765,0.04445878024096306,0.008117025605713478,6.0,members
0.38481250863607785,0.303219468173335,0.34401598840470643,0.10925508773253037,0.019947158691104278,0.28860336049272667,0.23414211510373045,0.26137273779822856,0.07292494689807055,0.013314212806979878,0.1122352542914673,0.09387309160287702,0.10305417294717216,0.02458738740612297,0.004489022237483996,passive_aggressive,30,0.14816371194061848,0.12129358742567051,0.1347286496831445,0.035979757521171864,0.006568974935970663,6.0,members
0.5645539331343722,0.4695727494458687,0.5170633412901204,0.1271821407558096,0.023220175801251353,0.48446838590766295,0.3949614397995511,0.43971491285360703,0.11985200201208288,0.02188188168805745,0.2611227136815071,0.18853150562553556,0.22482710965352132,0.09720141276494008,0.017746468797576093,ensemble_mean,30,0.2950996473518553,0.22397693355059195,0.2595382904512236,0.0952350628443716,0.017387464061761476,6.0,members
0.714670797965707,0.5707189316211541,0.6426948647934305,0.19275508912941056,0.03519210346336566,0.5886193295984523,0.4746790916797974,0.5316492106391248,0.15256878061496312,0.02785512090462407,0.2813270987556012,0.22134410411159713,0.2513356014335992,0.08031870494252515,0.014664122162207567,oracle_best_member,30,0.333239232438667,0.26821625090084983,0.3007277416697584,0.08706737133774047,0.0158962544347864,6.0,members
0.7312340913120118,0.5705466652773027,0.6508903782946572,0.21516441511887321,0.039283467911004157,0.6026736726448898,0.47727457595134487,0.5399741242981173,0.16791247431316442,0.03065648328927564,0.2920582537131977,0.22890591366923474,0.2604820836912162,0.08456253637426737,0.01543893623067912,validation_best_member,30,0.3439542256708033,0.2747644894028441,0.3093593575368237,0.09264675839109425,0.016914906483511117,6.0,members
0.27929552683788866,0.23857180335295686,0.25893366509542276,0.05453006723254984,0.009955782628513618,0.2246715122759002,0.19194895755645142,0.2083102349161758,0.04381630548917188,0.007999726300985624,0.09409096577862232,0.0805852938511553,0.08733812981488881,0.018084426845154225,0.0033017495075476516,adaptive_ridge,30,0.11849061601930279,0.10142314260706027,0.10995687931318153,0.022853766625826995,0.0041725078349747246,10.0,members
0.2679194286229273,0.2267548564011936,0.24733714251206046,0.05512037453257084,0.010063557503207442,0.21773212634746475,0.18371425950447506,0.2007231929259699,0.04555076027717658,0.008316392971773296,0.092265235846297,0.07759275238075633,0.08492899411352667,0.019646816189105364,0.003587001469976897,static_ridge,30,0.11550215194856424,0.09734876434505298,0.10642545814680861,0.02430783243296211,0.00443798271586301,10.0,members
0.24156751971082677,0.20480386746227505,0.2231856935865509,0.049227434460146484,0.008987658767309793,0.19397709281842135,0.1645566087746274,0.17926685079652438,0.039394751649265376,0.007192464708538831,0.08166091717474075,0.06918676782992969,0.07542384250233522,0.016703192739561307,0.003049571815271414,rls,30,0.10250441777465197,0.08696393613990117,0.09473417695727657,0.020809087083668142,0.003799202132271478,10.0,members
0.3581180482354286,0.3087389163407479,0.33342848228808825,0.06611987194879637,0.012071781788569613,0.29984551988752634,0.25353051023632683,0.2766880150619266,0.06201693691124757,0.01132269176455502,0.14299843175351615,0.11210897845354492,0.12755370510353053,0.04136173760848234,0.007551585568591853,hedge,30,0.16992040518543072,0.13783778380510692,0.15387909449526882,0.04295941901071055,0.007843280949827478,10.0,members
1.0762272001192164,0.9631104842895034,1.0196688422043598,0.1514660642856442,0.027653793368591646,0.8058112115365115,0.7054112579762617,0.7556112347563866,0.13443800687358662,0.024544909650232656,0.33499404523443266,0.278946453333084,0.3069702492837583,0.07504910388987175,0.013702029040343821,exp3,30,0.42498514400565174,0.36709385266853406,0.3960394983370929,0.07751786277500415,0.014152760683819928,10.0,members
0.3345700200535477,0.28393135254656526,0.3092506863000565,0.06780642110842865,0.012379702128260273,0.27189974587130816,0.22979167048799173,0.25084570817964996,0.05638374846875496,0.010294216971011487,0.11934928804430765,0.09825438053532524,0.10880183428981645,0.02824659992485355,0.005157099983888673,fixed_share,30,0.1469818629284556,0.12258621360008531,0.13478403826427046,0.03266637439353905,0.005964036709083492,10.0,members
0.25296994466911465,0.21695072831931797,0.2349603364942163,0.048230616484391954,0.00880566553696066,0.19871492203911614,0.17127541671542804,0.1849951693772721,0.03674217242640548,0.0067081722165622006,0.08228524208483655,0.07142926937907189,0.07685725573195422,0.014536414425343744,0.0026539740286680882,passive_aggressive,30,0.10446465137054475,0.09031445699280266,0.09738955418167371,0.01894745825630188,0.0034593167647880133,10.0,members
0.40531806614462806,0.3379065598011096,0.37161231297286884,0.09026566479167028,0.016480180258199223,0.3465969186947479,0.27997387123101275,0.3132853949628803,0.08920989896169661,0.01628742467135931,0.18199789954164305,0.12954469687336237,0.1557712982075027,0.07023612831283071,0.01282330394292155,ensemble_mean,30,0.2080973895137184,0.15622044324728815,0.18215891638050327,0.06946450681933643,0.012682425776974,10.0,members
0.6558075254574517,0.5175421672855435,0.5866748463714976,0.18514071484245484,0.033801915277281346,0.53708801651972,0.4250021038654961,0.48104506019260806,0.15008579348393974,0.027401791550738557,0.2423315794232291,0.19044869449476456,0.21639013695899684,0.06947245883384517,0.012683877609548684,oracle_best_member,30,0.2948945722963507,0.2331275248093634,0.26401104855285706,0.082707595573076,0.01510027192412938,10.0,members
0.7214184817364454,0.5521668691885903,0.6367926754625178,0.2266320714722207,0.04137716593315277,0.5911553011713042,0.45415721390426905,0.5226562575377867,0.18344380793584186,0.0334921038803686,0.27698580836393316,0.20487955076356607,0.2409326795637496,0.09655205217888392,0.017627912317263517,validation_best_member,30,0.3310866218133281,0.2504035189700598,0.29074507039169395,0.10803665888267977,0.01972470503584486,10.0,members
0.22839385248835278,0.19867910447922396,0.21353647848378837,0.039788778335449,0.007264403809966091,0.18284567597303925,0.15928648738188128,0.17106608167746026,0.03154633289599638,0.005759546044568163,0.07655098638620632,0.06651491888142792,0.07153295263381712,0.013438541197944968,0.002453530718025652,adaptive_ridge,30,0.0964968239299448,0.0839628187149615,0.09022982132245315,0.016783341221709866,0.0030642048591456024,15.0,members
0.20084522239190614,0.16748195938531155,0.18416359088860884,0.04467422964209073,0.008156361104713012,0.16141724579208008,0.13522185677973145,0.14831955128590577,0.03507627008995638,0.006404021453804291,0.06840831022769245,0.05709455682881041,0.06275143352825142,0.01514939403126536,0.0027658882811527207,static_ridge,30,0.08568870294885081,0.07158198054313,0.0786353417459904,0.018889248216693633,0.0034486891141991115,15.0,members
0.17548415424055358,0.14376597120208984,0.1596250627213217,0.04247142710861688,0.007754186225608626,0.14113261164053587,0.1159519608195485,0.12854228623004219,0.0337175106970723,0.006155947063902746,0.05977167142835755,0.048882168640859806,0.05432692003460868,0.01458131202936305,0.0026621711721678577,rls,30,0.07490125459443717,0.06136455963607094,0.06813290711525405,0.018125967446453038,0.0033093337490088808,15.0,members
0.3010037318324274,0.2595819776132992,0.2802928547228633,0.05546474755175495,0.010126431126808541,0.2549770966438714,0.2150783523453486,0.23502772449461,0.05342539981388949,0.009754098873933192,0.12746043169104904,0.0977516522460467,0.11260604196854787,0.039780786281303514,0.007262944667187329,hedge,30,0.14861233535454255,0.11870374869382516,0.13365804202418385,0.04004833305684632,0.0073117918019048505,15.0,members
1.093804482955792,1.0040807611194216,1.0489426220376068,0.12014227004321457,0.02193487713751526,0.7965192886706409,0.7193886338552615,0.7579539612629512,0.10327984361080039,0.018856233360413727,0.32582990214738133,0.27474644681062216,0.30028817447900175,0.06840200295081394,0.01248843999823191,exp3,30,0.41660897216321735,0.3691240912314472,0.39286653169733227,0.063583423325648,0.011608691746285852,15.0,members
0.27973572035598787,0.2308300749320113,0.2552828976439996,0.06548586192044646,0.011956027923832368,0.23196250456909057,0.18850633400494615,0.21023441928701836,0.05818888106851894,0.010623787585737713,0.10674348374486646,0.08272090779103201,0.09473219576794924,0.03216681997033801,0.005872830966987262,fixed_share,30,0.12886968176992533,0.10195364021155204,0.11541166099073868,0.03604124157151979,0.006580200336404778,15.0,members
0.19278113767884003,0.1664555347571896,0.17961833621801482,0.035250629716758915,0.006435855020710268,0.15353475040112916,0.13310246166477172,0.14331860603295044,0.027359337093050922,0.004995108694750602,0.06399737788720779,0.0556178932959759,0.05980763559159184,0.011220335937676747,0.0020485436986171445,passive_aggressive,30,0.08084977249742044,0.07014862101921261,0.07549919675831653,0.014329104994249544,0.002616124678070136,15.0,members
0.34862388813177053,0.29598294394709385,0.3223034160394322,0.07048751882026325,0.012869201360142704,0.2998756720157092,0.24836698971328408,0.27412133086449664,0.06897139231511003,0.012592395797841409,0.1611957952987521,0.11952338409814983,0.14035958969845097,0.05580038341415704,0.010187709571123648,ensemble_mean,30,0.18266284815833714,0.14170200953602421,0.16218242884718068,0.05484757023268767,0.010013750480263971,15.0,members
0.6070386142832019,0.4508671055177337,0.5289528599004678,0.2091174908389886,0.038179455633797994,0.4996008014339552,0.37430766521125697,0.4369542333226061,0.16777059063689895,0.03063057899259819,0.22907193057195954,0.1756404805273102,0.20235620554963488,0.07154602560705005,0.013062457374941185,oracle_best_member,30,0.27626320204089777,0.21134843114514001,0.2438058165930189,0.08692247462688439,0.015869800035771677,15.0,members
0.604622660311919,0.45282835731271426,0.5287255088123166,0.20325630467281275,0.03710935434148075,0.5023511688026154,0.38055097138988064,0.441451070096248,0.16309345967128464,0.02977665561450723,0.2470261982807376,0.1862757989390487,0.21665099860989315,0.08134627870490009,0.014851730605258637,validation_best_member,30,0.2889823909182772,0.22101392405538417,0.2549981574868307,0.09101144862400104,0.01661634113419596,15.0,members
0.21398528305504272,0.19994498678388006,0.2069651349194614,0.018800301988955073,0.0034324498290866446,0.172570428513639,0.16098369558122963,0.1667770620474343,0.015514920339827562,0.0028326239493397577,0.0726494939050801,0.0681466079500389,0.0703980509275595,0.006029475029702384,0.001100826494560709,adaptive_ridge,30,0.09126155731328853,0.08546112765190841,0.08836134248259847,0.007766917961953247,0.0014180387233512816,25.0,members
0.15985522790161077,0.13735253987452184,0.1486038838880663,0.03013165265902769,0.005501261952086662,0.1290091435306313,0.11035528839452322,0.11968221596257726,0.024977970766710274,0.004560332676543942,0.05475469909218458,0.04652786597046589,0.05064128253132524,0.011015931865962067,0.0020112247916424667,static_ridge,30,0.06856814885088425,0.05845072929935261,0.06350943907511843,0.013547473589173896,0.0024734189606653396,25.0,members
0.13929006817856698,0.11871527190858171,0.12900267004357435,0.027550158185153294,0.005029947700281349,0.11224061544796395,0.09555967160768129,0.10390014352782262,0.022336194023357608,0.004078012438468345,0.047623250134123475,0.04044270678999381,0.04403297846205864,0.009614924123195865,0.0017554369436583188,rls,30,0.059535521141881376,0.05063762705714722,0.0550865740995143,0.011914498998309694,0.002175279954248975,25.0,members
0.23449726309865612,0.2022523008014843,0.2183747819500702,0.043176797490691414,0.007882968648828046,0.19681453045928268,0.16635328569180388,0.18158390807554328,0.04078835585288227,0.007446900861390496,0.09423365753781729,0.07370295160090831,0.0839683045693628,0.027491120144885556,0.0050191688781461696,hedge,30,0.1118950599619305,0.0906065428746495,0.10125080141829,0.028505847911482127,0.005204431973976763,25.0,members
1.2008958061738744,1.098374096792122,1.1496349514829982,0.13727909009723627,0.025063618106680122,0.8753473352157136,0.8047335116137969,0.8400404234147553,0.09455364635271342,0.017263055000582405,0.3276994393151121,0.29061386043760645,0.30915664987635927,0.04965850213320194,0.009066360596757705,exp3,30,0.43808821528043196,0.40056444602667296,0.41932633065355246,0.0502452498230736,0.009173485578526623,25.0,members
0.21548908961820865,0.17705380146357066,0.19627144554088966,0.05146579604761172,0.00939632581174572,0.17699620001061536,0.14421192976788108,0.16060406488924822,0.04389894409257206,0.008014813976719957,0.07936400914286659,0.06189351363401216,0.07062876138843938,0.023393423124393062,0.004271035180831021,fixed_share,30,0.09691574522471691,0.07707836253838232,0.08699705388154962,0.026562743262017723,0.004849671224608489,25.0,members
0.1588456061438363,0.1430967340978993,0.1509711701208678,0.021088126969026552,0.0038501476121562965,0.1278162680315153,0.11505934530020863,0.12143780666586196,0.017081833258100483,0.003118701799667867,0.05347745543520524,0.04808614262173226,0.05078179902846875,0.007219100441519496,0.0013180213855719107,passive_aggressive,30,0.06727180259232818,0.060532247457522594,0.06390202502492538,0.009024430066037722,0.001647627971932232,25.0,members
0.278093414581806,0.23079986622665763,0.2544466404042318,0.06332722430026112,0.011561916417814108,0.23896145204481276,0.19291760702583846,0.2159395295353256,0.06165384080016129,0.011256399787693567,0.12792255955764786,0.09114388612157524,0.10953322283961156,0.04924754819964111,0.008991331016922123,ensemble_mean,30,0.14514157340428602,0.10886605584909986,0.12700381462669294,0.0485738101014207,0.008868323832173473,25.0,members
0.5090929286773288,0.38439527816660285,0.44674410342196585,0.16697322062426037,0.030484999811731413,0.41598992026375536,0.3143417753691037,0.3651658478164295,0.13610936576613006,0.024850056639276953,0.18375308778543745,0.13960696250739088,0.16168002514641416,0.059112747397942866,0.010792461728652707,oracle_best_member,30,0.22550494332318347,0.17140234629853798,0.19845364481086072,0.07244470791825018,0.013226533566232915,25.0,members
0.555002143106697,0.4196138469763244,0.48730799504151073,0.1812882580155342,0.033098556108641604,0.4579404472461796,0.34564466007075006,0.40179255365846483,0.15036682062911166,0.02745309985296587,0.21733385434981312,0.15806488714330758,0.18769937074656035,0.0793626046442043,0.014489562928664984,validation_best_member,30,0.25826003554339416,0.19200345044249134,0.22513174299294275,0.08871919684574593,0.016197835132052075,25.0,members
0.19123797745973983,0.17920506157051666,0.18522151951512825,0.0161123702916248,0.0029417028878663317,0.15344900000900158,0.14430143805625323,0.1488752190326274,0.01224881041346451,0.0022363165886862308,0.06393065609934746,0.060591429535357906,0.06226104281735269,0.004471306488131949,0.0008163451416896913,adaptive_ridge,30,0.08065586398687666,0.0762055207893518,0.07843069238811423,0.005959118985245662,0.001087981297025448,50.0,members
0.10228506152565696,0.08924695875032705,0.095766010137992,0.017458340251885363,0.0031874422575193457,0.0821961318466762,0.07167491769188246,0.07693552476927933,0.014088164493142213,0.002572135162245775,0.03458494802085217,0.030065425247046768,0.03232518663394947,0.006051752139163743,0.001104893719683375,static_ridge,30,0.04343043257775049,0.03783207070311902,0.040631251640434754,0.007496344226204026,0.0013686389438385183,50.0,members
0.09507077187816979,0.08020668326818944,0.08763872757317961,0.019903380189503418,0.003633843433464157,0.07636663107768532,0.06441569192390725,0.07039116150079629,0.016002601426874964,0.0029216619267545918,0.03231482350602269,0.02717428711194801,0.02974455530898535,0.0068833046487996215,0.0012567137421092426,rls,30,0.040490028286396786,0.03409404700186317,0.03729203764412998,0.008564376231284412,0.0015636340176118514,50.0,members
0.1630259515424212,0.1403336171355746,0.1516797843389979,0.030385593825346186,0.005547625053777265,0.1355010078375454,0.11435315930178025,0.12492708356966283,0.02831748926165233,0.005170042546839097,0.06412617567634099,0.04973350698804444,0.05692984133219271,0.01927213732111264,0.0035185947807035256,hedge,30,0.07635825739419042,0.061530010990831115,0.06894413419251076,0.019855386593398878,0.003625081041730074,50.0,members
1.2880512539974556,1.2163590885418543,1.252205171269655,0.09599757261360284,0.017526678662070146,0.9722707999372964,0.914464093380754,0.9433674466590252,0.07740460167368746,0.014132082130460251,0.36934135252498856,0.34184211321647373,0.35559173287073115,0.03682215770107891,0.006722775462964496,exp3,30,0.4880420215291635,0.4585581044717036,0.47330006300043354,0.03947969001452191,0.007207972261421703,50.0,members
0.1381663283366479,0.120204373898861,0.12918535111775445,0.024051498716293213,0.0043911827962401125,0.11377238048953009,0.09800840786034196,0.10589039417493602,0.021108347021356454,0.003853839271747971,0.050644951407191864,0.0419274954515453,0.046286223429368584,0.011672887906089632,0.002131168005798179,fixed_share,30,0.0619567812766211,0.05229412975061308,0.05712545551361709,0.012938528019248498,0.002362241219018346,50.0,members
0.1193023772464998,0.10790043236866544,0.11360140480758261,0.015267484590405606,0.0027874485688425574,0.09571971483109828,0.0867549396061835,0.09123732721864089,0.012004054489766398,0.002191630475188741,0.04008512347770397,0.03647427052735424,0.0382796970025291,0.004835020899360463,0.0008827500041962137,passive_aggressive,30,0.05045845935200255,0.04582610444013584,0.04814228189606919,0.006202837146819104,0.0011324779419479357,50.0,members
0.1891970779135785,0.15838212024783557,0.17378959908070704,0.04126198612223864,0.007533373522205074,0.16054616758338136,0.13090192091765968,0.14572404425052052,0.03969437530284326,0.007247168253147738,0.08237641311912887,0.05952322522486343,0.07094981917199615,0.030600980600742227,0.005586949118934836,ensemble_mean,30,0.09494975514972133,0.07220606865989927,0.0835779119048103,0.030454355527311378,0.005560179165530193,50.0,members
0.39418082546098776,0.30312516483100105,0.3486529951459944,0.12192576884318108,0.022260497978856948,0.3241253239146845,0.250288433860961,0.28720687888782276,0.09886941159399923,0.018051002325765394,0.15076633719151553,0.1147065909131065,0.13273646405231102,0.04828488705552426,0.008815573942299945,oracle_best_member,30,0.1809387324602596,0.1396206981139277,0.16027971528709364,0.05532586409138016,0.010101074592104659,50.0,members
0.44813452969658274,0.3339489945324562,0.39104176211451946,0.15289723965905014,0.027915089047178418,0.36893674607492843,0.2745225303068556,0.321729638190892,0.12642295676736062,0.02308156840266127,0.16801018802804885,0.12347282549025616,0.1457415067591525,0.05963662371013052,0.010888108019828638,validation_best_member,30,0.20349551097925406,0.15102277755067628,0.17725914426496517,0.07026228048117307,0.012828078653764476,50.0,members
0.12277641563752688,0.0773208521901743,0.10004863391385059,0.06086611730861776,0.01111258181256186,0.09916866509436457,0.06225713575292287,0.08071290042364372,0.049425445524150194,0.009023810476106604,0.04181145694440964,0.0263076642244958,0.03405956058445272,0.02075995972444008,0.0037902327446581877,adaptive_ridge,30,0.05244495733304549,0.03298241926173114,0.042713688297388315,0.026060817104249366,0.0047580324650046135,0.0,drift
0.11181928360400126,0.07027961481832004,0.09104944921116065,0.05562263805614883,0.01015525785709934,0.0905761973901232,0.0566799856572303,0.07362809152367675,0.04538786109298939,0.008286651785847124,0.03830239836071718,0.023919490038281265,0.03111094419949922,0.019259067951196324,0.0035162086511316766,static_ridge,30,0.04796935038043526,0.030010357249833548,0.0389898538151344,0.02404753345314716,0.004390458841549601,0.0,drift
0.11253386980955982,0.07011603371611819,0.091324951762839,0.05679852567731198,0.010369944582166722,0.08967325565527909,0.05645822066335432,0.0730657381593167,0.044475748685193855,0.008120123605603803,0.0369798917727053,0.023557370077150534,0.030268630924927917,0.017973086639776013,0.0032814216602000167,rls,30,0.0469600219594051,0.029743301699495475,0.03835166182945029,0.02305361182516259,0.004208994409536464,0.0,drift
0.24863256011920468,0.21294495201395439,0.23078875606657953,0.04778658488996582,0.00872459683012327,0.20755142745438768,0.1747721843974079,0.1911618059258978,0.043892212567217155,0.008013584973958857,0.09766701983955323,0.07644176985487158,0.0870543948472124,0.028421131705223916,0.005188964981592136,hedge,30,0.11663936601886342,0.0943922850651764,0.10551582554201991,0.02978938850180055,0.005438773352240395,0.0,drift
0.6215338793754762,0.553833206730156,0.5876835430528161,0.09065286558102013,0.016550873127069463,0.4330991696331789,0.37160899322107793,0.4023540814271284,0.08233685839493245,0.015032584885671035,0.1925944161879009,0.14660057173302216,0.16959749396046153,0.06158688881521316,0.01124417608355162,exp3,30,0.23877129945568432,0.19718835177943406,0.2179798256175592,0.055680589554944225,0.01016583830480983,0.0,drift
0.19268386463545684,0.147171509131168,0.16992768688331242,0.060942163269497425,0.011126465841955509,0.1587283151319505,0.12101361477631165,0.13987096495413107,0.05050091126390779,0.009220162757936341,0.07101942893438157,0.05429054323335524,0.06265498608386841,0.022400389353889535,0.004089732848674624,fixed_share,30,0.08673418096597668,0.06646544326944356,0.07659981211771012,0.027140338228645124,0.004955125155382913,0.0,drift
0.13044301034563807,0.08878046844788304,0.10961173939676055,0.05578716817493663,0.010185296809582368,0.10361221821412635,0.07098600611126892,0.08729911216269763,0.04368730035627848,0.007976173293879067,0.043258326585638565,0.02974742375468531,0.03650287517016194,0.018091431153561748,0.0033030283134524926,passive_aggressive,30,0.05457061427608888,0.03744874262102173,0.0460096784485553,0.022926607210742005,0.004185806645461331,0.0,drift
0.2583114563045764,0.22271633697794013,0.24051389664125827,0.04766274014089852,0.008701985975892359,0.21572714581936311,0.1828567962985488,0.19929197105895596,0.04401420636280061,0.008035857891864435,0.10137305913387201,0.07987747234339548,0.09062526573863375,0.028783119336361896,0.005255054578629513,ensemble_mean,30,0.12114707279155325,0.09868290379547308,0.10991498829351316,0.030080074729238983,0.005491845153548431,0.0,drift
0.3300808144380371,0.2292010947313325,0.2796409545846848,0.13508042554219793,0.024662198715619605,0.28482094300593547,0.19986015831692683,0.24234055066143115,0.11376458007176232,0.02077047558346897,0.16292214496074017,0.11318314877171168,0.13805264686622593,0.06660173908878526,0.012159758289333753,oracle_best_member,30,0.18096213943701855,0.12830900944339824,0.1546355744402084,0.0705038359181146,0.012872180440998107,0.0,drift
0.3352091994839038,0.2306585047793318,0.2829338521316178,0.13999595134171836,0.025559646836418256,0.2880364062082796,0.20086375941871645,0.244450082813498,0.1167263178189748,0.02131121244132324,0.162471676294005,0.11294112342112234,0.13770639985756367,0.06632262836238487,0.01210879987570337,validation_best_member,30,0.18132455263461544,0.12846833898017818,0.1548964458073968,0.07077576993422392,0.012921828572590123,0.0,drift
0.18451457021071835,0.14985930656394472,0.16718693838733154,0.046404250272437254,0.008472218212776378,0.14893515940869148,0.12082760536943542,0.13488138238906344,0.037636706085343065,0.006871490971044784,0.06258500288391025,0.050827031696988434,0.05670601729044934,0.015744212573746294,0.002874486792265771,adaptive_ridge,30,0.07864256908700562,0.06387189196964185,0.07125723052832374,0.01977829990369507,0.0036110070021186814,0.2,drift
0.17992766444734035,0.1456822244661735,0.16280494445675692,0.045855486305721484,0.008372028078337632,0.1469178028341426,0.11872057390569321,0.1328191883699179,0.03775678296727634,0.0068934139100013635,0.06262260884271602,0.05039749021020667,0.05651004952646134,0.016369734491574552,0.002988690947135248,static_ridge,30,0.07816433781509612,0.06305036009994332,0.07060734895751972,0.02023798784665386,0.003694934154042574,0.2,drift
0.167221714508487,0.13422628363640182,0.1507239990724444,0.044181693368178704,0.008066436695509292,0.13440495799535754,0.10839850095902855,0.12140172947719305,0.0348232855278119,0.006357833003341924,0.05628218011450165,0.045708982270738475,0.050995581192620064,0.014157771931065904,0.0025848436835527572,rls,30,0.07084559418704663,0.057375879489390456,0.06411073683821854,0.01803627923016985,0.00329295899594198,0.2,drift
0.26761893574622,0.22997183993875542,0.2487953878424877,0.050410387111357376,0.009203635384486042,0.22383670740236278,0.18936983526966744,0.2066032713360151,0.04615198940212341,0.008426161889760786,0.10490730909147138,0.08319874996139097,0.09405302952643117,0.029068294536551277,0.005307120208624437,hedge,30,0.1255839033770167,0.10259482667471674,0.11408936502586672,0.030782939056506104,0.005620170035851729,0.2,drift
0.7182569692055778,0.6481482619976819,0.6832026156016299,0.09387728307919269,0.017139568526590626,0.5172036584543037,0.4593218422293992,0.48826275034185146,0.07750517536673675,0.014150444290585151,0.20964551204985082,0.17909528771671285,0.19437039988328184,0.04090750167950377,0.007468653813681561,exp3,30,0.2699393750034839,0.23856767303101772,0.2542535240172508,0.04200748044051214,0.007669481540408517,0.2,drift
0.23660459276895068,0.20114662977547498,0.21887561127221283,0.047479084437819605,0.008668455185428761,0.19560165274217253,0.16435254450590234,0.17997709862403743,0.0418433244128952,0.007639510887316437,0.08687960829222385,0.07068583103875448,0.07878271966548916,0.021683865983113233,0.003958914177623351,fixed_share,30,0.10657602450057976,0.08796491385160596,0.09727046917609286,0.02492073484725623,0.004549882875149099,0.2,drift
0.18283543792883622,0.14977080274614085,0.16630312033748854,0.04427435964197248,0.00808335516500156,0.1463604131306312,0.12064345666172695,0.13350193489617906,0.03443563714857236,0.006287058416111987,0.061346935084928084,0.05104143492866205,0.056194185006795065,0.01379931814423038,0.002519399275261769,passive_aggressive,30,0.07727314419375564,0.06397896958538105,0.07062605688956834,0.017801226733703653,0.0032500444777711665,0.2,drift
0.28138489230347874,0.2426375292192704,0.26201121076137457,0.05188367205291765,0.009472619183194456,0.23676149103827937,0.20007381981345174,0.21841765542586555,0.04912569400083886,0.008969083585785218,0.11368864281332422,0.08810427497053452,0.10089645889192937,0.034258097717558084,0.006254644299040935,ensemble_mean,30,0.1346826463441201,0.1085206649257799,0.12160165563495,0.03503153650001266,0.006395854255040836,0.2,drift
0.41920882122772823,0.3404973492044637,0.37985308521609595,0.1053965967279421,0.019242697837389692,0.34614769086669706,0.2835550950596827,0.31485139296318987,0.08381302507564722,0.015302094815559372,0.16328157313630504,0.13233961736642758,0.1478105952513663,0.04143203970683841,0.007564420916961709,oracle_best_member,30,0.1942566323295782,0.15983210903432263,0.17704437068195042,0.0460952832673402,0.008415808813370888,0.2,drift
0.42166653473901194,0.3469921447395463,0.38432933973927913,0.09999084461731962,0.01825574704696666,0.348841082138063,0.28889292065144623,0.3188670013947546,0.08027206248815931,0.014655606454076375,0.1667952690759169,0.1342981879450546,0.15054672851048576,0.04351439080916141,0.00794460447409106,validation_best_member,30,0.197416818630434,0.16244861582227318,0.1799327172263536,0.046823283505399285,0.008548722864122251,0.2,drift
0.24778430125149498,0.20882417338143971,0.22830423731646735,0.0521685693335222,0.009524634072247453,0.19923098516251142,0.16801288510155027,0.18362193513203084,0.04180180370359695,0.007631930277621015,0.0833648397729252,0.07056125484033761,0.07696304730663141,0.017144315093142154,0.00313010936983008,adaptive_ridge,30,0.10497936687607436,0.08874932603028561,0.09686434645317998,0.021732423825030604,0.003967779586077322,0.4,drift
0.23910614363111526,0.20101061258253855,0.2200583781068269,0.05101085292721874,0.009313264941938713,0.19472074739289533,0.1630889627885264,0.17890485509071086,0.042355737480635786,0.007733064285970418,0.08279173387282787,0.06900078965816975,0.07589626176549881,0.01846641345317815,0.003371490401507514,static_ridge,30,0.10351019899903796,0.08651269042032342,0.09501144470968069,0.022760081993143378,0.004155403439437257,0.4,drift
0.2173536502838759,0.1824051450249269,0.1998793976544014,0.04679690800259841,0.008543907378172393,0.17476486527319726,0.1467747400599149,0.16076980266655608,0.037479465999530316,0.006842782990396887,0.0734702923880477,0.06177065469889367,0.06762047354347069,0.015666102585685796,0.0028602259247900398,rls,30,0.09229856508962239,0.07761180100442405,0.08495518304702322,0.01966593829001893,0.0035904926719826473,0.4,drift
0.32367669773898156,0.2773322380974561,0.30050446791821883,0.062056371172534236,0.011329891442703438,0.27095430277003485,0.227562395017496,0.24925834889376544,0.05810283158341478,0.010608077171053295,0.1293117555399643,0.10106489890625872,0.11518832722311151,0.037823235685069186,0.006905546460848919,hedge,30,0.15365146978541802,0.12409319206002731,0.13887233092272266,0.03957926077757416,0.007226151312418943,0.4,drift
0.935826619349368,0.8463641749255343,0.8910953971374511,0.1197924131624397,0.021871002302349,0.7004529795394707,0.6169368307886878,0.6586949051640792,0.11183017702369262,0.020417303521890796,0.294392396785314,0.24475880794025257,0.2695756023627833,0.06646059606301415,0.012133989216317293,exp3,30,0.3714100077390767,0.3220629442078193,0.346736475973448,0.06607693162154088,0.012063941993281452,0.4,drift
0.29774667779293806,0.2499660930878245,0.27385638544038127,0.0639793779501631,0.011680982839484322,0.2439482169541861,0.20321169848557188,0.22357995771987899,0.05454720003035748,0.009958910635124423,0.10780628490969178,0.08717717504811047,0.09749172997890113,0.02762288541999144,0.005043225815969958,fixed_share,30,0.13239974556289097,0.10855670300198512,0.12047822428243805,0.03192642034208433,0.0058289402005837964,0.4,drift
0.2316396830855307,0.19701581797396336,0.21432775052974704,0.046362206861636786,0.008464542171279755,0.18293532838167775,0.15656574538457357,0.16975053688312566,0.035309520119358555,0.0064466068880183955,0.0763864500068771,0.06580581012795284,0.07109613006741497,0.014167736999162694,0.0025866630477473194,passive_aggressive,30,0.09650084242958366,0.08281579423226908,0.08965831833092637,0.018324616081738406,0.003345601861863352,0.4,drift
0.3568370890524855,0.2987913161035089,0.3278142025779972,0.077724717452327,0.01419052700811832,0.30381722393959104,0.24690677579946602,0.27536199986952853,0.07620448961313232,0.013912972648093568,0.15567518952410148,0.11281952944704893,0.1342473594855752,0.05738478275842492,0.010476979991440953,ensemble_mean,30,0.1797301948974618,0.13682100710312187,0.15827560100029184,0.05745645768823745,0.01049006598339626,0.4,drift
0.6034832063132582,0.46977815676135676,0.5366306815373075,0.17903434945221366,0.0326870505877467,0.49472184183790086,0.38720640263473555,0.4409641222363182,0.14396581713494433,0.026284441851490925,0.2257374071081883,0.17397768129898256,0.19985754420358542,0.06930754574440316,0.012653768736510264,oracle_best_member,30,0.27305576557701794,0.21307515959492365,0.24306546258597078,0.08031550646548548,0.014663538202866137,0.4,drift
0.6377328721216428,0.5051283117564654,0.5714305919390541,0.17756076736773238,0.03241801253841141,0.524244312758718,0.4166557576139072,0.4704500351863126,0.14406372117889,0.026302316602604264,0.24741908626639963,0.18842754490042096,0.2179233155834103,0.07899112462122522,0.01442174026591559,validation_best_member,30,0.29462958426978086,0.23000871694329056,0.2623191506065357,0.08652893051989792,0.015797949040848438,0.4,drift
0.31141886955993564,0.2665353030947684,0.28897708632735203,0.06010019928280359,0.010972744952582445,0.2504541813984668,0.21446040952439419,0.23245729546143049,0.04819654570566164,0.008799445092273208,0.10473452356786539,0.0899688163678116,0.09735166996783849,0.01977164506219581,0.0036097919998500923,adaptive_ridge,30,0.13201154862845427,0.11324149592369186,0.12262652227607305,0.025133562168693033,0.004588739650083879,0.6,drift
0.29604227215535783,0.250974839823385,0.2735085559893714,0.06034640020012364,0.011017694884613996,0.2402081306251721,0.2030819556032425,0.2216450431142073,0.04971286136893443,0.00907628518996418,0.10162516194051026,0.08578580095248357,0.09370548144649692,0.0212092938878074,0.0038722695637028524,static_ridge,30,0.12734183205306207,0.10764545476829644,0.11749364341067926,0.02637393356168292,0.004815199447292101,0.6,drift
0.2656962255174189,0.22624346998266023,0.24596984775003958,0.05282820989136146,0.009645067410038738,0.2129746063397258,0.18149278652966416,0.197233696434695,0.042154930933093075,0.007696402194042459,0.08965819411557853,0.07625391578590031,0.08295605495073942,0.017948658324222704,0.0032769616803765495,rls,30,0.11254364863038914,0.0958612720305838,0.10420246033048647,0.02233811252359321,0.004078362707086884,0.6,drift
0.3943495017950738,0.34096291151055425,0.367656206652814,0.0714859572850357,0.013051490449954939,0.32979561167538096,0.27985493966228203,0.3048252756688315,0.06687178797686907,0.012209062245211316,0.15692155912131983,0.12333760579388973,0.1401295824576048,0.04496973940895146,0.008210313559803917,hedge,30,0.18657153795089007,0.1517608088731445,0.16916617341201728,0.04661242230774671,0.00851022505263663,0.6,drift
1.1966456598354662,1.0671735665486792,1.1319096131920727,0.17336631691548965,0.03165221416206771,0.8993118687609142,0.7848739320791812,0.8420929004200477,0.15323521149823535,0.027976793980552833,0.372265330124418,0.31119942934992784,0.3417323797371729,0.08176874288229738,0.014928861658491423,exp3,30,0.4729297641399302,0.4086451306782682,0.4407874474090992,0.08607870510616017,0.015715749502493017,0.6,drift
0.373126459273872,0.3183917898603327,0.34575912456710234,0.07329106839103396,0.013381057140474386,0.30237782379745237,0.2575513858523758,0.2799646048249141,0.06002370278948578,0.010958778667595708,0.13222454860170005,0.10994885657764296,0.12108670258967151,0.029827699428635446,0.005445767938515863,fixed_share,30,0.16313112785879197,0.13731716233212016,0.15022414509545606,0.034565534662589964,0.006310774348975748,0.6,drift
0.27482905493999643,0.2361705949100348,0.2554998249250156,0.05176462867695896,0.009450884935749741,0.21508698170468385,0.18604487443612802,0.20056592807040594,0.038888095842101664,0.007099962437047313,0.08834564895893976,0.07700007480267104,0.0826728618808054,0.015192002807948763,0.0027736675438651205,passive_aggressive,30,0.11255446048612744,0.09771898275957933,0.10513672162285338,0.01986506951298292,0.003626848892889636,0.6,drift
0.45791459412840796,0.38020668202720764,0.4190606380778078,0.104052805312545,0.01899735621379143,0.39291548034846396,0.3159989460001504,0.3544572131743072,0.10299313103970449,0.018803887046177217,0.21022706886310608,0.14795468888556254,0.1790908788743343,0.08338424820517187,0.015223811227527431,ensemble_mean,30,0.2386187775041589,0.17747262119358567,0.2080456993488723,0.08187620701877342,0.014948481835715004,0.6,drift
0.7396498058519612,0.586179815277208,0.6629148105645846,0.2055000915453275,0.037519011902917516,0.605351641036312,0.48115127399755053,0.5432514575169313,0.16630734582600196,0.030363428262571303,0.26953142958216925,0.21319523479986607,0.24136333219101766,0.07543555024485159,0.01377258416897319,oracle_best_member,30,0.3298298536058146,0.26208835699929856,0.2959591053025566,0.09070752986901273,0.016560853414943965,0.6,drift
0.7383549446265206,0.5863193005881676,0.6623371226073441,0.2035794662593409,0.03716835530503429,0.6048416423875664,0.4812358189355285,0.5430387306615475,0.1655112373422404,0.030218079404312155,0.27008561887913946,0.213468520036024,0.24177706945758173,0.07581168769032995,0.01384125715684348,validation_best_member,30,0.3301100002337947,0.2622847261772993,0.296197363205547,0.09081970993480751,0.01658133459912337,0.6,drift
0.3775042531707942,0.3218985011661157,0.34970137716845495,0.0744574694024124,0.013594011855483989,0.30304077987816824,0.2587562862130176,0.2808985330455929,0.05929802607105924,0.010826288831549527,0.12680284073718479,0.10861420784685713,0.11770852429202096,0.024355026738768635,0.004446599177821687,adaptive_ridge,30,0.15975052061153114,0.136642947991889,0.14819673430171007,0.030941608003903352,0.005649138889740087,0.8,drift
0.3507408674446894,0.2971179836728514,0.3239294255587704,0.07180236007553346,0.013109257431826006,0.28402969726056226,0.24006497440474017,0.2620473358326512,0.05886984509349845,0.010748114038181308,0.11984671233859272,0.10118756826179136,0.11051714030019204,0.02498505278836529,0.004561625670881673,static_ridge,30,0.15033917191474214,0.12708205128394442,0.13871061159934328,0.03114185646855629,0.005685699090138817,0.8,drift
0.3117550933609258,0.26539741991242904,0.2885762566366774,0.06207406478502534,0.011333121839598483,0.24958130271032009,0.2128758366027449,0.2312285696565325,0.0491495217864533,0.008973433924344028,0.10496829135301151,0.0893607386469694,0.09716451499999046,0.02089889689755287,0.00381559908592148,rls,30,0.13175299648525107,0.11237611652050235,0.1220645565028767,0.025946118793036134,0.004737091514218202,0.8,drift
0.471769035392185,0.40798379121015177,0.4398764133011684,0.08541001057965286,0.015593663143743587,0.3923312853366464,0.33342843681558754,0.36287986107611697,0.07887236272072486,0.014400057408623513,0.18531349269457179,0.1459088114797624,0.1656111520871671,0.0527638371946958,0.009633314617354997,hedge,30,0.22104678726358806,0.18018494730384982,0.20061586728371894,0.05471500858890454,0.009989548146077307,0.8,drift
1.4963907247104329,1.3214528636999066,1.4089217942051697,0.23424609800113513,0.042767290627595836,1.0946934091720864,0.9519167895992592,1.0233050993856727,0.19118140480015816,0.03490478932819102,0.4428566421096982,0.3693803993266803,0.40611852071818927,0.09838649602941221,0.01796283440973384,exp3,30,0.5705329429773455,0.4908242159261983,0.5306785794517719,0.10673194573497875,0.019486498095155055,0.8,drift
0.45304285246793924,0.3852754745682733,0.4191591635181063,0.09074218555701859,0.016567180648966187,0.368153618871805,0.3120155606607835,0.34008458976629424,0.07517024050328992,0.013724145458913461,0.16242375651018012,0.13385705067530998,0.14814040359274505,0.038251521631226165,0.006983740418773126,fixed_share,30,0.19955146991930794,0.16683704069792277,0.18319425530861536,0.04380542524744076,0.007997739849709876,0.8,drift
0.31721798616122077,0.2696643259509408,0.2934411560560808,0.06367552047100677,0.011625506307617463,0.24552072522883683,0.21161101880974248,0.22856587201928966,0.04540593080967728,0.008289950849659685,0.09971505777996421,0.0869183568246805,0.09331670730232236,0.017135097278240065,0.003128426434779153,passive_aggressive,30,0.12781904840177397,0.11073080406323468,0.11927492623250432,0.022881579406941268,0.004177585730842471,0.8,drift
0.5704244275193255,0.4705219490532215,0.5204731882862735,0.1337718754885152,0.024423291254944066,0.49205818934052103,0.3930077894495516,0.4425329893950363,0.13263092132191748,0.024214982476902368,0.27008693690549707,0.18748528294376363,0.22878610992463033,0.11060564601171034,0.020193735769348353,ensemble_mean,30,0.303506391261378,0.2229852644036304,0.2632458278325042,0.10781976905472074,0.019685106552089337,0.8,drift
0.9075810530249755,0.7158389850496487,0.8117100190373121,0.2567473443795344,0.04687543736540607,0.7441844852403189,0.586219905361146,0.6652021953007324,0.21151845715581472,0.03861781010430991,0.32903101224318637,0.25769463355603955,0.29336282289961296,0.09552116538106054,0.017439698999462804,oracle_best_member,30,0.40438927570712024,0.3177520911367867,0.3610706834219535,0.11600932073922886,0.02118030728324251,0.8,drift
0.9347855889215845,0.7309281159759237,0.8328568524487541,0.27297016957935494,0.04983730646820773,0.7707774708712998,0.6019584782815646,0.6863679745764322,0.22605278270921864,0.041271402758884274,0.35339764502966137,0.2695646716892773,0.3114811583594693,0.1122544129405843,0.020494758049019283,validation_best_member,30,0.42655211235006973,0.33009906428299063,0.3783255883165302,0.12915300335511537,0.023580004435712364,0.8,drift
0.44390282063728953,0.3747859305932491,0.4093443756152693,0.09254921550581766,0.016897097670647742,0.35520852660146807,0.3007768212026227,0.3279926739020454,0.072885392124805,0.013306991126455031,0.1487192233043257,0.12627724022023934,0.1374982317622825,0.03005036724747874,0.005486421334252845,adaptive_ridge,30,0.18736515890314406,0.158874731496601,0.17311994519987253,0.03814938293984137,0.006965092530351289,1.0,drift
0.4039566960766921,0.3413722141863927,0.3726644551315424,0.08380216034162673,0.015300111195591265,0.32679350336445334,0.27538593724575955,0.30108972030510645,0.06883599525842378,0.012567675790452454,0.13774064046674608,0.1159465785219838,0.12684360949436493,0.029182784908113216,0.005328023194998311,static_ridge,30,0.17281506677940328,0.1456650305066559,0.1592400486430296,0.03635456624851312,0.006637405334208865,1.0,drift
0.3485064760872931,0.29741331285321415,0.32295989447025364,0.06841500206406377,0.012490813300750076,0.2781358563482925,0.23812556556862427,0.2581307109584584,0.05357476329531743,0.009781368789948387,0.11618744183517994,0.09966556305160183,0.10792650244339089,0.022123202000669466,0.004039125593336696,rls,30,0.14643073927322864,0.12558065583537525,0.13600569755430195,0.027918774472847595,0.005097247518892677,1.0,drift
0.5544917757986555,0.47561820274906524,0.5150549892738604,0.10561365398861419,0.019282326890036484,0.45881648648862,0.3874921636919963,0.42315432509030815,0.09550502224716914,0.017436751679935757,0.2151853651745711,0.16899715813183924,0.19209126165320517,0.061847145100153406,0.011291692162883043,hedge,30,0.25736072201651794,0.20901121984909382,0.23318597093280588,0.0647411724231328,0.011820066845160411,1.0,drift
1.6970592247810476,1.5175294848161138,1.6072943547985807,0.2403947368455234,0.04388987335860382,1.2338766390079072,1.0849257464039754,1.1594011927059413,0.19944890822780603,0.03641422203538236,0.5054143601965162,0.41664759537346374,0.46103097778498997,0.11886088106869726,0.021700928588754748,exp3,30,0.649431917673066,0.5600037832979242,0.6047178504854951,0.11974647116348158,0.021862614479293586,1.0,drift
0.5308021328359299,0.44710653008737444,0.4889543314616522,0.11207047033987984,0.020461174878455283,0.43390350872326144,0.36219702853935887,0.39805026863131016,0.09601674038682903,0.01753017820266119,0.1940157253000094,0.15595166597628382,0.1749836956381466,0.05096871151368385,0.009305571007672642,fixed_share,30,0.23681695336239936,0.1940866354994025,0.21545179443090093,0.057216946451362695,0.010446337414325504,1.0,drift
0.35209731217688167,0.29601056357286804,0.32405393787487485,0.07510153567768998,0.013711601731316612,0.2704576626501577,0.23143472495478734,0.2509461938024725,0.05225267323425134,0.009539989273448627,0.10921982304250256,0.09485857245323666,0.10203919774786961,0.019230067713870227,0.0035109139564128413,passive_aggressive,30,0.14068063806541486,0.12109358976268929,0.13088711391405208,0.026227539366090364,0.004788471646220813,1.0,drift
0.6892559883907355,0.5655849896416903,0.627420489016213,0.16559850866773737,0.03023401289551151,0.5959990261581274,0.4736798250276028,0.5348394255928651,0.16378841841285194,0.029903537140937835,0.33241906588944403,0.22882959269385392,0.280624329291649,0.13870885210263356,0.025324655740753432,ensemble_mean,30,0.37126691303548026,0.2706712189058728,0.32096906597067654,0.1347001083096491,0.02459276260652796,1.0,drift
1.0699026099776177,0.8372205197290568,0.9535615648533372,0.31156704100888544,0.056884098845234564,0.871854626162359,0.6831161288399936,0.7774853775011763,0.2527254894107886,0.046141150468940635,0.3789374651198313,0.2976846498192125,0.3383110574695219,0.10879951787355871,0.019863983395011536,oracle_best_member,30,0.4694095156842576,0.36840772698603097,0.4189086213351443,0.13524387892379183,0.024692041083686098,1.0,drift
1.0527643189914038,0.8416035880051537,0.9471839534982787,0.28274941169893547,0.051622743636274025,0.8767317182957233,0.6955209627814167,0.78612634053857,0.242645658006015,0.04430083345685947,0.4252312641251319,0.3151031929023802,0.37016722851375605,0.14746419565955718,0.02692315546236496,validation_best_member,30,0.5010145777403425,0.3842477260090925,0.4426311518747175,0.15635368602269914,0.02854614692790417,1.0,drift
0.25775998580678366,0.2176862893805558,0.23772313759366973,0.05365966501534547,0.009796869652358504,0.20868684612472665,0.17631607107863034,0.1925014586016785,0.0433452638555144,0.007913726258226195,0.08785330958309967,0.07433520582296255,0.08109425770303111,0.01810107337482569,0.0033047887341493983,adaptive_ridge,30,0.11032943704907783,0.09332686621463895,0.10182815163185839,0.02276686047805032,0.004156641015800337,1.0,window
0.2679194286229273,0.2267548564011936,0.24733714251206046,0.05512037453257084,0.010063557503207442,0.21773212634746475,0.18371425950447506,0.2007231929259699,0.04555076027717658,0.008316392971773296,0.092265235846297,0.07759275238075633,0.08492899411352667,0.019646816189105364,0.003587001469976897,static_ridge,30,0.11550215194856424,0.09734876434505298,0.10642545814680861,0.02430783243296211,0.00443798271586301,1.0,window
0.24156751971082677,0.20480386746227505,0.2231856935865509,0.049227434460146484,0.008987658767309793,0.19397709281842135,0.1645566087746274,0.17926685079652438,0.039394751649265376,0.007192464708538831,0.08166091717474075,0.06918676782992969,0.07542384250233522,0.016703192739561307,0.003049571815271414,rls,30,0.10250441777465197,0.08696393613990117,0.09473417695727657,0.020809087083668142,0.003799202132271478,1.0,window
0.3581180482354286,0.3087389163407479,0.33342848228808825,0.06611987194879637,0.012071781788569613,0.29984551988752634,0.25353051023632683,0.2766880150619266,0.06201693691124757,0.01132269176455502,0.14299843175351615,0.11210897845354492,0.12755370510353053,0.04136173760848234,0.007551585568591853,hedge,30,0.16992040518543072,0.13783778380510692,0.15387909449526882,0.04295941901071055,0.007843280949827478,1.0,window
1.0762272001192164,0.9631104842895034,1.0196688422043598,0.1514660642856442,0.027653793368591646,0.8058112115365115,0.7054112579762617,0.7556112347563866,0.13443800687358662,0.024544909650232656,0.33499404523443266,0.278946453333084,0.3069702492837583,0.07504910388987175,0.013702029040343821,exp3,30,0.42498514400565174,0.36709385266853406,0.3960394983370929,0.07751786277500415,0.014152760683819928,1.0,window
0.3345700200535477,0.28393135254656526,0.3092506863000565,0.06780642110842865,0.012379702128260273,0.27189974587130816,0.22979167048799173,0.25084570817964996,0.05638374846875496,0.010294216971011487,0.11934928804430765,0.09825438053532524,0.10880183428981645,0.02824659992485355,0.005157099983888673,fixed_share,30,0.1469818629284556,0.12258621360008531,0.13478403826427046,0.03266637439353905,0.005964036709083492,1.0,window
0.25296994466911465,0.21695072831931797,0.2349603364942163,0.048230616484391954,0.00880566553696066,0.19871492203911614,0.17127541671542804,0.1849951693772721,0.03674217242640548,0.0067081722165622006,0.08228524208483655,0.07142926937907189,0.07685725573195422,0.014536414425343744,0.0026539740286680882,passive_aggressive,30,0.10446465137054475,0.09031445699280266,0.09738955418167371,0.01894745825630188,0.0034593167647880133,1.0,window
0.40531806614462806,0.3379065598011096,0.37161231297286884,0.09026566479167028,0.016480180258199223,0.3465969186947479,0.27997387123101275,0.3132853949628803,0.08920989896169661,0.01628742467135931,0.18199789954164305,0.12954469687336237,0.1557712982075027,0.07023612831283071,0.01282330394292155,ensemble_mean,30,0.2080973895137184,0.15622044324728815,0.18215891638050327,0.06946450681933643,0.012682425776974,1.0,window
0.6558075254574517,0.5175421672855435,0.5866748463714976,0.18514071484245484,0.033801915277281346,0.53708801651972,0.4250021038654961,0.48104506019260806,0.15008579348393974,0.027401791550738557,0.2423315794232291,0.19044869449476456,0.21639013695899684,0.06947245883384517,0.012683877609548684,oracle_best_member,30,0.2948945722963507,0.2331275248093634,0.26401104855285706,0.082707595573076,0.01510027192412938,1.0,window
0.7214184817364454,0.5521668691885903,0.6367926754625178,0.2266320714722207,0.04137716593315277,0.5911553011713042,0.45415721390426905,0.5226562575377867,0.18344380793584186,0.0334921038803686,0.27698580836393316,0.20487955076356607,0.2409326795637496,0.09655205217888392,0.017627912317263517,validation_best_member,30,0.3310866218133281,0.2504035189700598,0.29074507039169395,0.10803665888267977,0.01972470503584486,1.0,window
0.26346690098626196,0.22234713480024265,0.2429070178932523,0.05506037814886997,0.010052603712300209,0.21259097872080338,0.1791828306395565,0.19588690468017994,0.044734331860873146,0.008167334218374091,0.08918703554459809,0.07543759550630147,0.08231231552544978,0.01841083834035082,0.003361343820530373,adaptive_ridge,30,0.11220760389222194,0.09478276920621907,0.1034951865492205,0.023332282159694417,0.004259872418979995,2.0,window
0.2679194286229273,0.2267548564011936,0.24733714251206046,0.05512037453257084,0.010063557503207442,0.21773212634746475,0.18371425950447506,0.2007231929259699,0.04555076027717658,0.008316392971773296,0.092265235846297,0.07759275238075633,0.08492899411352667,0.019646816189105364,0.003587001469976897,static_ridge,30,0.11550215194856424,0.09734876434505298,0.10642545814680861,0.02430783243296211,0.00443798271586301,2.0,window
0.24156751971082677,0.20480386746227505,0.2231856935865509,0.049227434460146484,0.008987658767309793,0.19397709281842135,0.1645566087746274,0.17926685079652438,0.039394751649265376,0.007192464708538831,0.08166091717474075,0.06918676782992969,0.07542384250233522,0.016703192739561307,0.003049571815271414,rls,30,0.10250441777465197,0.08696393613990117,0.09473417695727657,0.020809087083668142,0.003799202132271478,2.0,window
0.3581180482354286,0.3087389163407479,0.33342848228808825,0.06611987194879637,0.012071781788569613,0.29984551988752634,0.25353051023632683,0.2766880150619266,0.06201693691124757,0.01132269176455502,0.14299843175351615,0.11210897845354492,0.12755370510353053,0.04136173760848234,0.007551585568591853,hedge,30,0.16992040518543072,0.13783778380510692,0.15387909449526882,0.04295941901071055,0.007843280949827478,2.0,window
1.0762272001192164,0.9631104842895034,1.0196688422043598,0.1514660642856442,0.027653793368591646,0.8058112115365115,0.7054112579762617,0.7556112347563866,0.13443800687358662,0.024544909650232656,0.33499404523443266,0.278946453333084,0.3069702492837583,0.07504910388987175,0.013702029040343821,exp3,30,0.42498514400565174,0.36709385266853406,0.3960394983370929,0.07751786277500415,0.014152760683819928,2.0,window
0.3345700200535477,0.28393135254656526,0.3092506863000565,0.06780642110842865,0.012379702128260273,0.27189974587130816,0.22979167048799173,0.25084570817964996,0.05638374846875496,0.010294216971011487,0.11934928804430765,0.09825438053532524,0.10880183428981645,0.02824659992485355,0.005157099983888673,fixed_share,30,0.1469818629284556,0.12258621360008531,0.13478403826427046,0.03266637439353905,0.005964036709083492,2.0,window
0.25296994466911465,0.21695072831931797,0.2349603364942163,0.048230616484391954,0.00880566553696066,0.19871492203911614,0.17127541671542804,0.1849951693772721,0.03674217242640548,0.0067081722165622006,0.08228524208483655,0.07142926937907189,0.07685725573195422,0.014536414425343744,0.0026539740286680882,passive_aggressive,30,0.10446465137054475,0.09031445699280266,0.09738955418167371,0.01894745825630188,0.0034593167647880133,2.0,window
0.40531806614462806,0.3379065598011096,0.37161231297286884,0.09026566479167028,0.016480180258199223,0.3465969186947479,0.27997387123101275,0.3132853949628803,0.08920989896169661,0.01628742467135931,0.18199789954164305,0.12954469687336237,0.1557712982075027,0.07023612831283071,0.01282330394292155,ensemble_mean,30,0.2080973895137184,0.15622044324728815,0.18215891638050327,0.06946450681933643,0.012682425776974,2.0,window
0.6558075254574517,0.5175421672855435,0.5866748463714976,0.18514071484245484,0.033801915277281346,0.53708801651972,0.4250021038654961,0.48104506019260806,0.15008579348393974,0.027401791550738557,0.2423315794232291,0.19044869449476456,0.21639013695899684,0.06947245883384517,0.012683877609548684,oracle_best_member,30,0.2948945722963507,0.2331275248093634,0.26401104855285706,0.082707595573076,0.01510027192412938,2.0,window
0.7214184817364454,0.5521668691885903,0.6367926754625178,0.2266320714722207,0.04137716593315277,0.5911553011713042,0.45415721390426905,0.5226562575377867,0.18344380793584186,0.0334921038803686,0.27698580836393316,0.20487955076356607,0.2409326795637496,0.09655205217888392,0.017627912317263517,validation_best_member,30,0.3310866218133281,0.2504035189700598,0.29074507039169395,0.10803665888267977,0.01972470503584486,2.0,window
0.2681682355728963,0.2262802451806242,0.24722424037676025,0.05608904925337098,0.010240412501696527,0.21646454950987842,0.18273021749505025,0.19959738350246434,0.045171100169521264,0.008247076836724076,0.09101027838688136,0.07721554929736218,0.08411291384212177,0.018471481493695537,0.0033724156948787554,adaptive_ridge,30,0.11432211184280341,0.09683081672969743,0.10557646428625042,0.02342127430599408,0.004276120087636371,3.0,window
0.2679194286229273,0.2267548564011936,0.24733714251206046,0.05512037453257084,0.010063557503207442,0.21773212634746475,0.18371425950447506,0.2007231929259699,0.04555076027717658,0.008316392971773296,0.092265235846297,0.07759275238075633,0.08492899411352667,0.019646816189105364,0.003587001469976897,static_ridge,30,0.11550215194856424,0.09734876434505298,0.10642545814680861,0.02430783243296211,0.00443798271586301,3.0,window
0.24156751971082677,0.20480386746227505,0.2231856935865509,0.049227434460146484,0.008987658767309793,0.19397709281842135,0.1645566087746274,0.17926685079652438,0.039394751649265376,0.007192464708538831,0.08166091717474075,0.06918676782992969,0.07542384250233522,0.016703192739561307,0.003049571815271414,rls,30,0.10250441777465197,0.08696393613990117,0.09473417695727657,0.020809087083668142,0.003799202132271478,3.0,window
0.3581180482354286,0.3087389163407479,0.33342848228808825,0.06611987194879637,0.012071781788569613,0.29984551988752634,0.25353051023632683,0.2766880150619266,0.06201693691124757,0.01132269176455502,0.14299843175351615,0.11210897845354492,0.12755370510353053,0.04136173760848234,0.007551585568591853,hedge,30,0.16992040518543072,0.13783778380510692,0.15387909449526882,0.04295941901071055,0.007843280949827478,3.0,window
1.0762272001192164,0.9631104842895034,1.0196688422043598,0.1514660642856442,0.027653793368591646,0.8058112115365115,0.7054112579762617,0.7556112347563866,0.13443800687358662,0.024544909650232656,0.33499404523443266,0.278946453333084,0.3069702492837583,0.07504910388987175,0.013702029040343821,exp3,30,0.42498514400565174,0.36709385266853406,0.3960394983370929,0.07751786277500415,0.014152760683819928,3.0,window
0.3345700200535477,0.28393135254656526,0.3092506863000565,0.06780642110842865,0.012379702128260273,0.27189974587130816,0.22979167048799173,0.25084570817964996,0.05638374846875496,0.010294216971011487,0.11934928804430765,0.09825438053532524,0.10880183428981645,0.02824659992485355,0.005157099983888673,fixed_share,30,0.1469818629284556,0.12258621360008531,0.13478403826427046,0.03266637439353905,0.005964036709083492,3.0,window
0.25296994466911465,0.21695072831931797,0.2349603364942163,0.048230616484391954,0.00880566553696066,0.19871492203911614,0.17127541671542804,0.1849951693772721,0.03674217242640548,0.0067081722165622006,0.08228524208483655,0.07142926937907189,0.07685725573195422,0.014536414425343744,0.0026539740286680882,passive_aggressive,30,0.10446465137054475,0.09031445699280266,0.09738955418167371,0.01894745825630188,0.0034593167647880133,3.0,window
0.40531806614462806,0.3379065598011096,0.37161231297286884,0.09026566479167028,0.016480180258199223,0.3465969186947479,0.27997387123101275,0.3132853949628803,0.08920989896169661,0.01628742467135931,0.18199789954164305,0.12954469687336237,0.1557712982075027,0.07023612831283071,0.01282330394292155,ensemble_mean,30,0.2080973895137184,0.15622044324728815,0.18215891638050327,0.06946450681933643,0.012682425776974,3.0,window
0.6558075254574517,0.5175421672855435,0.5866748463714976,0.18514071484245484,0.033801915277281346,0.53708801651972,0.4250021038654961,0.48104506019260806,0.15008579348393974,0.027401791550738557,0.2423315794232291,0.19044869449476456,0.21639013695899684,0.06947245883384517,0.012683877609548684,oracle_best_member,30,0.2948945722963507,0.2331275248093634,0.26401104855285706,0.082707595573076,0.01510027192412938,3.0,window
0.7214184817364454,0.5521668691885903,0.6367926754625178,0.2266320714722207,0.04137716593315277,0.5911553011713042,0.45415721390426905,0.5226562575377867,0.18344380793584186,0.0334921038803686,0.27698580836393316,0.20487955076356607,0.2409326795637496,0.09655205217888392,0.017627912317263517,validation_best_member,30,0.3310866218133281,0.2504035189700598,0.29074507039169395,0.10803665888267977,0.01972470503584486,3.0,window
0.2747496152556238,0.2331654596521061,0.25395753745386496,0.055682206999260894,0.01016613360838908,0.22108220075070778,0.18752892355632744,0.2043055621535176,0.04492866331240405,0.00820281412491949,0.0926911819616029,0.07891334001291632,0.08580226098725961,0.018448869196828643,0.0033682872731884213,adaptive_ridge,30,0.11666587624956443,0.09920611726505049,0.10793599675730746,0.023379046654266305,0.004268410408502446,4.0,window
0.2679194286229273,0.2267548564011936,0.24733714251206046,0.05512037453257084,0.010063557503207442,0.21773212634746475,0.18371425950447506,0.2007231929259699,0.04555076027717658,0.008316392971773296,0.092265235846297,0.07759275238075633,0.08492899411352667,0.019646816189105364,0.003587001469976897,static_ridge,30,0.11550215194856424,0.09734876434505298,0.10642545814680861,0.02430783243296211,0.00443798271586301,4.0,window
0.24156751971082677,0.20480386746227505,0.2231856935865509,0.049227434460146484,0.008987658767309793,0.19397709281842135,0.1645566087746274,0.17926685079652438,0.039394751649265376,0.007192464708538831,0.08166091717474075,0.06918676782992969,0.07542384250233522,0.016703192739561307,0.003049571815271414,rls,30,0.10250441777465197,0.08696393613990117,0.09473417695727657,0.020809087083668142,0.003799202132271478,4.0,window
0.3581180482354286,0.3087389163407479,0.33342848228808825,0.06611987194879637,0.012071781788569613,0.29984551988752634,0.25353051023632683,0.2766880150619266,0.06201693691124757,0.01132269176455502,0.14299843175351615,0.11210897845354492,0.12755370510353053,0.04136173760848234,0.007551585568591853,hedge,30,0.16992040518543072,0.13783778380510692,0.15387909449526882,0.04295941901071055,0.007843280949827478,4.0,window
1.0762272001192164,0.9631104842895034,1.0196688422043598,0.1514660642856442,0.027653793368591646,0.8058112115365115,0.7054112579762617,0.7556112347563866,0.13443800687358662,0.024544909650232656,0.33499404523443266,0.278946453333084,0.3069702492837583,0.07504910388987175,0.013702029040343821,exp3,30,0.42498514400565174,0.36709385266853406,0.3960394983370929,0.07751786277500415,0.014152760683819928,4.0,window
0.3345700200535477,0.28393135254656526,0.3092506863000565,0.06780642110842865,0.012379702128260273,0.27189974587130816,0.22979167048799173,0.25084570817964996,0.05638374846875496,0.010294216971011487,0.11934928804430765,0.09825438053532524,0.10880183428981645,0.02824659992485355,0.005157099983888673,fixed_share,30,0.1469818629284556,0.12258621360008531,0.13478403826427046,0.03266637439353905,0.005964036709083492,4.0,window
0.25296994466911465,0.21695072831931797,0.2349603364942163,0.048230616484391954,0.00880566553696066,0.19871492203911614,0.17127541671542804,0.1849951693772721,0.03674217242640548,0.0067081722165622006,0.08228524208483655,0.07142926937907189,0.07685725573195422,0.014536414425343744,0.0026539740286680882,passive_aggressive,30,0.10446465137054475,0.09031445699280266,0.09738955418167371,0.01894745825630188,0.0034593167647880133,4.0,window
0.40531806614462806,0.3379065598011096,0.37161231297286884,0.09026566479167028,0.016480180258199223,0.3465969186947479,0.27997387123101275,0.3132853949628803,0.08920989896169661,0.01628742467135931,0.18199789954164305,0.12954469687336237,0.1557712982075027,0.07023612831283071,0.01282330394292155,ensemble_mean,30,0.2080973895137184,0.15622044324728815,0.18215891638050327,0.06946450681933643,0.012682425776974,4.0,window
0.6558075254574517,0.5175421672855435,0.5866748463714976,0.18514071484245484,0.033801915277281346,0.53708801651972,0.4250021038654961,0.48104506019260806,0.15008579348393974,0.027401791550738557,0.2423315794232291,0.19044869449476456,0.21639013695899684,0.06947245883384517,0.012683877609548684,oracle_best_member,30,0.2948945722963507,0.2331275248093634,0.26401104855285706,0.082707595573076,0.01510027192412938,4.0,window
0.7214184817364454,0.5521668691885903,0.6367926754625178,0.2266320714722207,0.04137716593315277,0.5911553011713042,0.45415721390426905,0.5226562575377867,0.18344380793584186,0.0334921038803686,0.27698580836393316,0.20487955076356607,0.2409326795637496,0.09655205217888392,0.017627912317263517,validation_best_member,30,0.3310866218133281,0.2504035189700598,0.29074507039169395,0.10803665888267977,0.01972470503584486,4.0,window
0.27929552683788866,0.23857180335295686,0.25893366509542276,0.05453006723254984,0.009955782628513618,0.2246715122759002,0.19194895755645142,0.2083102349161758,0.04381630548917188,0.007999726300985624,0.09409096577862232,0.0805852938511553,0.08733812981488881,0.018084426845154225,0.0033017495075476516,adaptive_ridge,30,0.11849061601930279,0.10142314260706027,0.10995687931318153,0.022853766625826995,0.0041725078349747246,5.0,window
0.2679194286229273,0.2267548564011936,0.24733714251206046,0.05512037453257084,0.010063557503207442,0.21773212634746475,0.18371425950447506,0.2007231929259699,0.04555076027717658,0.008316392971773296,0.092265235846297,0.07759275238075633,0.08492899411352667,0.019646816189105364,0.003587001469976897,static_ridge,30,0.11550215194856424,0.09734876434505298,0.10642545814680861,0.02430783243296211,0.00443798271586301,5.0,window
0.24156751971082677,0.20480386746227505,0.2231856935865509,0.049227434460146484,0.008987658767309793,0.19397709281842135,0.1645566087746274,0.17926685079652438,0.039394751649265376,0.007192464708538831,0.08166091717474075,0.06918676782992969,0.07542384250233522,0.016703192739561307,0.003049571815271414,rls,30,0.10250441777465197,0.08696393613990117,0.09473417695727657,0.020809087083668142,0.003799202132271478,5.0,window
0.3581180482354286,0.3087389163407479,0.33342848228808825,0.06611987194879637,0.012071781788569613,0.29984551988752634,0.25353051023632683,0.2766880150619266,0.06201693691124757,0.01132269176455502,0.14299843175351615,0.11210897845354492,0.12755370510353053,0.04136173760848234,0.007551585568591853,hedge,30,0.16992040518543072,0.13783778380510692,0.15387909449526882,0.04295941901071055,0.007843280949827478,5.0,window
1.0762272001192164,0.9631104842895034,1.0196688422043598,0.1514660642856442,0.027653793368591646,0.8058112115365115,0.7054112579762617,0.7556112347563866,0.13443800687358662,0.024544909650232656,0.33499404523443266,0.278946453333084,0.3069702492837583,0.07504910388987175,0.013702029040343821,exp3,30,0.42498514400565174,0.36709385266853406,0.3960394983370929,0.07751786277500415,0.014152760683819928,5.0,window
0.3345700200535477,0.28393135254656526,0.3092506863000565,0.06780642110842865,0.012379702128260273,0.27189974587130816,0.22979167048799173,0.25084570817964996,0.05638374846875496,0.010294216971011487,0.11934928804430765,0.09825438053532524,0.10880183428981645,0.02824659992485355,0.005157099983888673,fixed_share,30,0.1469818629284556,0.12258621360008531,0.13478403826427046,0.03266637439353905,0.005964036709083492,5.0,window
0.25296994466911465,0.21695072831931797,0.2349603364942163,0.048230616484391954,0.00880566553696066,0.19871492203911614,0.17127541671542804,0.1849951693772721,0.03674217242640548,0.0067081722165622006,0.08228524208483655,0.07142926937907189,0.07685725573195422,0.014536414425343744,0.0026539740286680882,passive_aggressive,30,0.10446465137054475,0.09031445699280266,0.09738955418167371,0.01894745825630188,0.0034593167647880133,5.0,window
0.40531806614462806,0.3379065598011096,0.37161231297286884,0.09026566479167028,0.016480180258199223,0.3465969186947479,0.27997387123101275,0.3132853949628803,0.08920989896169661,0.01628742467135931,0.18199789954164305,0.12954469687336237,0.1557712982075027,0.07023612831283071,0.01282330394292155,ensemble_mean,30,0.2080973895137184,0.15622044324728815,0.18215891638050327,0.06946450681933643,0.012682425776974,5.0,window
0.6558075254574517,0.5175421672855435,0.5866748463714976,0.18514071484245484,0.033801915277281346,0.53708801651972,0.4250021038654961,0.48104506019260806,0.15008579348393974,0.027401791550738557,0.2423315794232291,0.19044869449476456,0.21639013695899684,0.06947245883384517,0.012683877609548684,oracle_best_member,30,0.2948945722963507,0.2331275248093634,0.26401104855285706,0.082707595573076,0.01510027192412938,5.0,window
0.7214184817364454,0.5521668691885903,0.6367926754625178,0.2266320714722207,0.04137716593315277,0.5911553011713042,0.45415721390426905,0.5226562575377867,0.18344380793584186,0.0334921038803686,0.27698580836393316,0.20487955076356607,0.2409326795637496,0.09655205217888392,0.017627912317263517,validation_best_member,30,0.3310866218133281,0.2504035189700598,0.29074507039169395,0.10803665888267977,0.01972470503584486,5.0,window
0.29167305947282823,0.2523042905726494,0.2719886750227388,0.05271574972224236,0.009624535086222945,0.23545477028136144,0.20299170809271108,0.21922323918703626,0.04346883860893878,0.007936287818222419,0.09854980889811807,0.08506146460085348,0.09180563674948578,0.018061224722188508,0.003297513398837541,adaptive_ridge,30,0.12401781394855924,0.10706951745021082,0.11554366569938503,0.022694185807299514,0.004143372496957178,8.0,window
0.2679194286229273,0.2267548564011936,0.24733714251206046,0.05512037453257084,0.010063557503207442,0.21773212634746475,0.18371425950447506,0.2007231929259699,0.04555076027717658,0.008316392971773296,0.092265235846297,0.07759275238075633,0.08492899411352667,0.019646816189105364,0.003587001469976897,static_ridge,30,0.11550215194856424,0.09734876434505298,0.10642545814680861,0.02430783243296211,0.00443798271586301,8.0,window
0.24156751971082677,0.20480386746227505,0.2231856935865509,0.049227434460146484,0.008987658767309793,0.19397709281842135,0.1645566087746274,0.17926685079652438,0.039394751649265376,0.007192464708538831,0.08166091717474075,0.06918676782992969,0.07542384250233522,0.016703192739561307,0.003049571815271414,rls,30,0.10250441777465197,0.08696393613990117,0.09473417695727657,0.020809087083668142,0.003799202132271478,8.0,window
0.3581180482354286,0.3087389163407479,0.33342848228808825,0.06611987194879637,0.012071781788569613,0.29984551988752634,0.25353051023632683,0.2766880150619266,0.06201693691124757,0.01132269176455502,0.14299843175351615,0.11210897845354492,0.12755370510353053,0.04136173760848234,0.007551585568591853,hedge,30,0.16992040518543072,0.13783778380510692,0.15387909449526882,0.04295941901071055,0.007843280949827478,8.0,window
1.0762272001192164,0.9631104842895034,1.0196688422043598,0.1514660642856442,0.027653793368591646,0.8058112115365115,0.7054112579762617,0.7556112347563866,0.13443800687358662,0.024544909650232656,0.33499404523443266,0.278946453333084,0.3069702492837583,0.07504910388987175,0.013702029040343821,exp3,30,0.42498514400565174,0.36709385266853406,0.3960394983370929,0.07751786277500415,0.014152760683819928,8.0,window
0.3345700200535477,0.28393135254656526,0.3092506863000565,0.06780642110842865,0.012379702128260273,0.27189974587130816,0.22979167048799173,0.25084570817964996,0.05638374846875496,0.010294216971011487,0.11934928804430765,0.09825438053532524,0.10880183428981645,0.02824659992485355,0.005157099983888673,fixed_share,30,0.1469818629284556,0.12258621360008531,0.13478403826427046,0.03266637439353905,0.005964036709083492,8.0,window
0.25296994466911465,0.21695072831931797,0.2349603364942163,0.048230616484391954,0.00880566553696066,0.19871492203911614,0.17127541671542804,0.1849951693772721,0.03674217242640548,0.0067081722165622006,0.08228524208483655,0.07142926937907189,0.07685725573195422,0.014536414425343744,0.0026539740286680882,passive_aggressive,30,0.10446465137054475,0.09031445699280266,0.09738955418167371,0.01894745825630188,0.0034593167647880133,8.0,window
0.40531806614462806,0.3379065598011096,0.37161231297286884,0.09026566479167028,0.016480180258199223,0.3465969186947479,0.27997387123101275,0.3132853949628803,0.08920989896169661,0.01628742467135931,0.18199789954164305,0.12954469687336237,0.1557712982075027,0.07023612831283071,0.01282330394292155,ensemble_mean,30,0.2080973895137184,0.15622044324728815,0.18215891638050327,0.06946450681933643,0.012682425776974,8.0,window
0.6558075254574517,0.5175421672855435,0.5866748463714976,0.18514071484245484,0.033801915277281346,0.53708801651972,0.4250021038654961,0.48104506019260806,0.15008579348393974,0.027401791550738557,0.2423315794232291,0.19044869449476456,0.21639013695899684,0.06947245883384517,0.012683877609548684,oracle_best_member,30,0.2948945722963507,0.2331275248093634,0.26401104855285706,0.082707595573076,0.01510027192412938,8.0,window
0.7214184817364454,0.5521668691885903,0.6367926754625178,0.2266320714722207,0.04137716593315277,0.5911553011713042,0.45415721390426905,0.5226562575377867,0.18344380793584186,0.0334921038803686,0.27698580836393316,0.20487955076356607,0.2409326795637496,0.09655205217888392,0.017627912317263517,validation_best_member,30,0.3310866218133281,0.2504035189700598,0.29074507039169395,0.10803665888267977,0.01972470503584486,8.0,window
0.29979788047873224,0.26046763319717103,0.28013275683795164,0.05266416832758181,0.00961511765508856,0.24279568809914612,0.21072974289594656,0.22676271549754634,0.042937089199437166,0.00783920410271439,0.10150997456736513,0.08818210451820965,0.09484603954278739,0.01784634575755452,0.0032582820468164105,adaptive_ridge,30,0.12789337553788402,0.11111360351422678,0.1195034895260554,0.022468527391299304,0.004102173095379111,10.0,window
0.2679194286229273,0.2267548564011936,0.24733714251206046,0.05512037453257084,0.010063557503207442,0.21773212634746475,0.18371425950447506,0.2007231929259699,0.04555076027717658,0.008316392971773296,0.092265235846297,0.07759275238075633,0.08492899411352667,0.019646816189105364,0.003587001469976897,static_ridge,30,0.11550215194856424,0.09734876434505298,0.10642545814680861,0.02430783243296211,0.00443798271586301,10.0,window
0.24156751971082677,0.20480386746227505,0.2231856935865509,0.049227434460146484,0.008987658767309793,0.19397709281842135,0.1645566087746274,0.17926685079652438,0.039394751649265376,0.007192464708538831,0.08166091717474075,0.06918676782992969,0.07542384250233522,0.016703192739561307,0.003049571815271414,rls,30,0.10250441777465197,0.08696393613990117,0.09473417695727657,0.020809087083668142,0.003799202132271478,10.0,window
0.3581180482354286,0.3087389163407479,0.33342848228808825,0.06611987194879637,0.012071781788569613,0.29984551988752634,0.25353051023632683,0.2766880150619266,0.06201693691124757,0.01132269176455502,0.14299843175351615,0.11210897845354492,0.12755370510353053,0.04136173760848234,0.007551585568591853,hedge,30,0.16992040518543072,0.13783778380510692,0.15387909449526882,0.04295941901071055,0.007843280949827478,10.0,window
1.0762272001192164,0.9631104842895034,1.0196688422043598,0.1514660642856442,0.027653793368591646,0.8058112115365115,0.7054112579762617,0.7556112347563866,0.13443800687358662,0.024544909650232656,0.33499404523443266,0.278946453333084,0.3069702492837583,0.07504910388987175,0.013702029040343821,exp3,30,0.42498514400565174,0.36709385266853406,0.3960394983370929,0.07751786277500415,0.014152760683819928,10.0,window
0.3345700200535477,0.28393135254656526,0.3092506863000565,0.06780642110842865,0.012379702128260273,0.27189974587130816,0.22979167048799173,0.25084570817964996,0.05638374846875496,0.010294216971011487,0.11934928804430765,0.09825438053532524,0.10880183428981645,0.02824659992485355,0.005157099983888673,fixed_share,30,0.1469818629284556,0.12258621360008531,0.13478403826427046,0.03266637439353905,0.005964036709083492,10.0,window
0.25296994466911465,0.21695072831931797,0.2349603364942163,0.048230616484391954,0.00880566553696066,0.19871492203911614,0.17127541671542804,0.1849951693772721,0.03674217242640548,0.0067081722165622006,0.08228524208483655,0.07142926937907189,0.07685725573195422,0.014536414425343744,0.0026539740286680882,passive_aggressive,30,0.10446465137054475,0.09031445699280266,0.09738955418167371,0.01894745825630188,0.0034593167647880133,10.0,window
0.40531806614462806,0.3379065598011096,0.37161231297286884,0.09026566479167028,0.016480180258199223,0.3465969186947479,0.27997387123101275,0.3132853949628803,0.08920989896169661,0.01628742467135931,0.18199789954164305,0.12954469687336237,0.1557712982075027,0.07023612831283071,0.01282330394292155,ensemble_mean,30,0.2080973895137184,0.15622044324728815,0.18215891638050327,0.06946450681933643,0.012682425776974,10.0,window
0.6558075254574517,0.5175421672855435,0.5866748463714976,0.18514071484245484,0.033801915277281346,0.53708801651972,0.4250021038654961,0.48104506019260806,0.15008579348393974,0.027401791550738557,0.2423315794232291,0.19044869449476456,0.21639013695899684,0.06947245883384517,0.012683877609548684,oracle_best_member,30,0.2948945722963507,0.2331275248093634,0.26401104855285706,0.082707595573076,0.01510027192412938,10.0,window
0.7214184817364454,0.5521668691885903,0.6367926754625178,0.2266320714722207,0.04137716593315277,0.5911553011713042,0.45415721390426905,0.5226562575377867,0.18344380793584186,0.0334921038803686,0.27698580836393316,0.20487955076356607,0.2409326795637496,0.09655205217888392,0.017627912317263517,validation_best_member,30,0.3310866218133281,0.2504035189700598,0.29074507039169395,0.10803665888267977,0.01972470503584486,10.0,window
0.32426645768917517,0.28526460723168645,0.3047655324604308,0.052224436904146083,0.009534834048468692,0.2606232011662726,0.22930428647399378,0.2449637438201332,0.041936796974185536,0.007656576564091938,0.10887720329708726,0.09593238292139745,0.10240479310924236,0.01733343282474724,0.003164637385704851,adaptive_ridge,30,0.13741089156376143,0.12100290178833115,0.1292068966760463,0.02197070181797749,0.004011282996642011,15.0,window
0.2679194286229273,0.2267548564011936,0.24733714251206046,0.05512037453257084,0.010063557503207442,0.21773212634746475,0.18371425950447506,0.2007231929259699,0.04555076027717658,0.008316392971773296,0.092265235846297,0.07759275238075633,0.08492899411352667,0.019646816189105364,0.003587001469976897,static_ridge,30,0.11550215194856424,0.09734876434505298,0.10642545814680861,0.02430783243296211,0.00443798271586301,15.0,window
0.24156751971082677,0.20480386746227505,0.2231856935865509,0.049227434460146484,0.008987658767309793,0.19397709281842135,0.1645566087746274,0.17926685079652438,0.039394751649265376,0.007192464708538831,0.08166091717474075,0.06918676782992969,0.07542384250233522,0.016703192739561307,0.003049571815271414,rls,30,0.10250441777465197,0.08696393613990117,0.09473417695727657,0.020809087083668142,0.003799202132271478,15.0,window
0.3581180482354286,0.3087389163407479,0.33342848228808825,0.06611987194879637,0.012071781788569613,0.29984551988752634,0.25353051023632683,0.2766880150619266,0.06201693691124757,0.01132269176455502,0.14299843175351615,0.11210897845354492,0.12755370510353053,0.04136173760848234,0.007551585568591853,hedge,30,0.16992040518543072,0.13783778380510692,0.15387909449526882,0.04295941901071055,0.007843280949827478,15.0,window
1.0762272001192164,0.9631104842895034,1.0196688422043598,0.1514660642856442,0.027653793368591646,0.8058112115365115,0.7054112579762617,0.7556112347563866,0.13443800687358662,0.024544909650232656,0.33499404523443266,0.278946453333084,0.3069702492837583,0.07504910388987175,0.013702029040343821,exp3,30,0.42498514400565174,0.36709385266853406,0.3960394983370929,0.07751786277500415,0.014152760683819928,15.0,window
0.3345700200535477,0.28393135254656526,0.3092506863000565,0.06780642110842865,0.012379702128260273,0.27189974587130816,0.22979167048799173,0.25084570817964996,0.05638374846875496,0.010294216971011487,0.11934928804430765,0.09825438053532524,0.10880183428981645,0.02824659992485355,0.005157099983888673,fixed_share,30,0.1469818629284556,0.12258621360008531,0.13478403826427046,0.03266637439353905,0.005964036709083492,15.0,window
0.25296994466911465,0.21695072831931797,0.2349603364942163,0.048230616484391954,0.00880566553696066,0.19871492203911614,0.17127541671542804,0.1849951693772721,0.03674217242640548,0.0067081722165622006,0.08228524208483655,0.07142926937907189,0.07685725573195422,0.014536414425343744,0.0026539740286680882,passive_aggressive,30,0.10446465137054475,0.09031445699280266,0.09738955418167371,0.01894745825630188,0.0034593167647880133,15.0,window
0.40531806614462806,0.3379065598011096,0.37161231297286884,0.09026566479167028,0.016480180258199223,0.3465969186947479,0.27997387123101275,0.3132853949628803,0.08920989896169661,0.01628742467135931,0.18199789954164305,0.12954469687336237,0.1557712982075027,0.07023612831283071,0.01282330394292155,ensemble_mean,30,0.2080973895137184,0.15622044324728815,0.18215891638050327,0.06946450681933643,0.012682425776974,15.0,window
0.6558075254574517,0.5175421672855435,0.5866748463714976,0.18514071484245484,0.033801915277281346,0.53708801651972,0.4250021038654961,0.48104506019260806,0.15008579348393974,0.027401791550738557,0.2423315794232291,0.19044869449476456,0.21639013695899684,0.06947245883384517,0.012683877609548684,oracle_best_member,30,0.2948945722963507,0.2331275248093634,0.26401104855285706,0.082707595573076,0.01510027192412938,15.0,window
0.7214184817364454,0.5521668691885903,0.6367926754625178,0.2266320714722207,0.04137716593315277,0.5911553011713042,0.45415721390426905,0.5226562575377867,0.18344380793584186,0.0334921038803686,0.27698580836393316,0.20487955076356607,0.2409326795637496,0.09655205217888392,0.017627912317263517,validation_best_member,30,0.3310866218133281,0.2504035189700598,0.29074507039169395,0.10803665888267977,0.01972470503584486,15.0,window
0.3445130250878213,0.304728137083862,0.32462058108584163,0.0532729434354914,0.009726264274771801,0.2761779705998929,0.24450241902675593,0.26034019481332443,0.042414342528142544,0.007743764054804789,0.11552880044507877,0.10219738668248801,0.10886309356378339,0.017851090876992094,0.003259148383134416,adaptive_ridge,30,0.1456885560322443,0.12881241538176935,0.13725048570700682,0.022597567352525365,0.004125732461240146,20.0,window
0.2679194286229273,0.2267548564011936,0.24733714251206046,0.05512037453257084,0.010063557503207442,0.21773212634746475,0.18371425950447506,0.2007231929259699,0.04555076027717658,0.008316392971773296,0.092265235846297,0.07759275238075633,0.08492899411352667,0.019646816189105364,0.003587001469976897,static_ridge,30,0.11550215194856424,0.09734876434505298,0.10642545814680861,0.02430783243296211,0.00443798271586301,20.0,window
0.24156751971082677,0.20480386746227505,0.2231856935865509,0.049227434460146484,0.008987658767309793,0.19397709281842135,0.1645566087746274,0.17926685079652438,0.039394751649265376,0.007192464708538831,0.08166091717474075,0.06918676782992969,0.07542384250233522,0.016703192739561307,0.003049571815271414,rls,30,0.10250441777465197,0.08696393613990117,0.09473417695727657,0.020809087083668142,0.003799202132271478,20.0,window
0.3581180482354286,0.3087389163407479,0.33342848228808825,0.06611987194879637,0.012071781788569613,0.29984551988752634,0.25353051023632683,0.2766880150619266,0.06201693691124757,0.01132269176455502,0.14299843175351615,0.11210897845354492,0.12755370510353053,0.04136173760848234,0.007551585568591853,hedge,30,0.16992040518543072,0.13783778380510692,0.15387909449526882,0.04295941901071055,0.007843280949827478,20.0,window
1.0762272001192164,0.9631104842895034,1.0196688422043598,0.1514660642856442,0.027653793368591646,0.8058112115365115,0.7054112579762617,0.7556112347563866,0.13443800687358662,0.024544909650232656,0.33499404523443266,0.278946453333084,0.3069702492837583,0.07504910388987175,0.013702029040343821,exp3,30,0.42498514400565174,0.36709385266853406,0.3960394983370929,0.07751786277500415,0.014152760683819928,20.0,window
0.3345700200535477,0.28393135254656526,0.3092506863000565,0.06780642110842865,0.012379702128260273,0.27189974587130816,0.22979167048799173,0.25084570817964996,0.05638374846875496,0.010294216971011487,0.11934928804430765,0.09825438053532524,0.10880183428981645,0.02824659992485355,0.005157099983888673,fixed_share,30,0.1469818629284556,0.12258621360008531,0.13478403826427046,0.03266637439353905,0.005964036709083492,20.0,window
0.25296994466911465,0.21695072831931797,0.2349603364942163,0.048230616484391954,0.00880566553696066,0.19871492203911614,0.17127541671542804,0.1849951693772721,0.03674217242640548,0.0067081722165622006,0.08228524208483655,0.07142926937907189,0.07685725573195422,0.014536414425343744,0.0026539740286680882,passive_aggressive,30,0.10446465137054475,0.09031445699280266,0.09738955418167371,0.01894745825630188,0.0034593167647880133,20.0,window
0.40531806614462806,0.3379065598011096,0.37161231297286884,0.09026566479167028,0.016480180258199223,0.3465969186947479,0.27997387123101275,0.3132853949628803,0.08920989896169661,0.01628742467135931,0.18199789954164305,0.12954469687336237,0.1557712982075027,0.07023612831283071,0.01282330394292155,ensemble_mean,30,0.2080973895137184,0.15622044324728815,0.18215891638050327,0.06946450681933643,0.012682425776974,20.0,window
0.6558075254574517,0.5175421672855435,0.5866748463714976,0.18514071484245484,0.033801915277281346,0.53708801651972,0.4250021038654961,0.48104506019260806,0.15008579348393974,0.027401791550738557,0.2423315794232291,0.19044869449476456,0.21639013695899684,0.06947245883384517,0.012683877609548684,oracle_best_member,30,0.2948945722963507,0.2331275248093634,0.26401104855285706,0.082707595573076,0.01510027192412938,20.0,window
0.7214184817364454,0.5521668691885903,0.6367926754625178,0.2266320714722207,0.04137716593315277,0.5911553011713042,0.45415721390426905,0.5226562575377867,0.18344380793584186,0.0334921038803686,0.27698580836393316,0.20487955076356607,0.2409326795637496,0.09655205217888392,0.017627912317263517,validation_best_member,30,0.3310866218133281,0.2504035189700598,0.29074507039169395,0.10803665888267977,0.01972470503584486,20.0,window
0.36246000475184387,0.3210110303529499,0.3417355175523969,0.055501196041865625,0.010133085680215414,0.2905035431218785,0.2575692194834424,0.27403638130266045,0.04409986927956079,0.00805149772914818,0.12149555333368148,0.1080300827933812,0.11476281806353134,0.018030596199097134,0.0032919214211708033,adaptive_ridge,30,0.1530088739453217,0.13587663711612474,0.14444275553072322,0.022940486433804332,0.004188340633311959,25.0,window
0.2679194286229273,0.2267548564011936,0.24733714251206046,0.05512037453257084,0.010063557503207442,0.21773212634746475,0.18371425950447506,0.2007231929259699,0.04555076027717658,0.008316392971773296,0.092265235846297,0.07759275238075633,0.08492899411352667,0.019646816189105364,0.003587001469976897,static_ridge,30,0.11550215194856424,0.09734876434505298,0.10642545814680861,0.02430783243296211,0.00443798271586301,25.0,window
0.24156751971082677,0.20480386746227505,0.2231856935865509,0.049227434460146484,0.008987658767309793,0.19397709281842135,0.1645566087746274,0.17926685079652438,0.039394751649265376,0.007192464708538831,0.08166091717474075,0.06918676782992969,0.07542384250233522,0.016703192739561307,0.003049571815271414,rls,30,0.10250441777465197,0.08696393613990117,0.09473417695727657,0.020809087083668142,0.003799202132271478,25.0,window
0.3581180482354286,0.3087389163407479,0.33342848228808825,0.06611987194879637,0.012071781788569613,0.29984551988752634,0.25353051023632683,0.2766880150619266,0.06201693691124757,0.01132269176455502,0.14299843175351615,0.11210897845354492,0.12755370510353053,0.04136173760848234,0.007551585568591853,hedge,30,0.16992040518543072,0.13783778380510692,0.15387909449526882,0.04295941901071055,0.007843280949827478,25.0,window
1.0762272001192164,0.9631104842895034,1.0196688422043598,0.1514660642856442,0.027653793368591646,0.8058112115365115,0.7054112579762617,0.7556112347563866,0.13443800687358662,0.024544909650232656,0.33499404523443266,0.278946453333084,0.3069702492837583,0.07504910388987175,0.013702029040343821,exp3,30,0.42498514400565174,0.36709385266853406,0.3960394983370929,0.07751786277500415,0.014152760683819928,25.0,window
0.3345700200535477,0.28393135254656526,0.3092506863000565,0.06780642110842865,0.012379702128260273,0.27189974587130816,0.22979167048799173,0.25084570817964996,0.05638374846875496,0.010294216971011487,0.11934928804430765,0.09825438053532524,0.10880183428981645,0.02824659992485355,0.005157099983888673,fixed_share,30,0.1469818629284556,0.12258621360008531,0.13478403826427046,0.03266637439353905,0.005964036709083492,25.0,window
0.25296994466911465,0.21695072831931797,0.2349603364942163,0.048230616484391954,0.00880566553696066,0.19871492203911614,0.17127541671542804,0.1849951693772721,0.03674217242640548,0.0067081722165622006,0.08228524208483655,0.07142926937907189,0.07685725573195422,0.014536414425343744,0.0026539740286680882,passive_aggressive,30,0.10446465137054475,0.09031445699280266,0.09738955418167371,0.01894745825630188,0.0034593167647880133,25.0,window
0.40531806614462806,0.3379065598011096,0.37161231297286884,0.09026566479167028,0.016480180258199223,0.3465969186947479,0.27997387123101275,0.3132853949628803,0.08920989896169661,0.01628742467135931,0.18199789954164305,0.12954469687336237,0.1557712982075027,0.07023612831283071,0.01282330394292155,ensemble_mean,30,0.2080973895137184,0.15622044324728815,0.18215891638050327,0.06946450681933643,0.012682425776974,25.0,window
0.6558075254574517,0.5175421672855435,0.5866748463714976,0.18514071484245484,0.033801915277281346,0.53708801651972,0.4250021038654961,0.48104506019260806,0.15008579348393974,0.027401791550738557,0.2423315794232291,0.19044869449476456,0.21639013695899684,0.06947245883384517,0.012683877609548684,oracle_best_member,30,0.2948945722963507,0.2331275248093634,0.26401104855285706,0.082707595573076,0.01510027192412938,25.0,window
0.7214184817364454,0.5521668691885903,0.6367926754625178,0.2266320714722207,0.04137716593315277,0.5911553011713042,0.45415721390426905,0.5226562575377867,0.18344380793584186,0.0334921038803686,0.27698580836393316,0.20487955076356607,0.2409326795637496,0.09655205217888392,0.017627912317263517,validation_best_member,30,0.3310866218133281,0.2504035189700598,0.29074507039169395,0.10803665888267977,0.01972470503584486,25.0,window
1.1111617184168956,0.9976387419707093,1.0544002301938025,0.15201005724194708,0.02775311243968865,0.9166751894537246,0.8332371069721147,0.8749561482129197,0.11172564436944803,0.020398218557648912,0.409062158271386,0.371270760046903,0.3901664591591445,0.05060361159645994,0.00923891318753704,adaptive_ridge,30,0.5002794796885888,0.4559961434658423,0.4781378115772155,0.05929647622721607,0.01082600587007169,100.0,history
0.37186221460801483,0.26398628521294776,0.3179242499104813,0.14444852236715008,0.02637257136625921,0.31752610903096423,0.21831478811456262,0.2679204485727634,0.13284639853237423,0.02425432305316752,0.1490434381793521,0.09686213837795049,0.12295278827865129,0.06987204368738813,0.012756831488856308,static_ridge,30,0.17899206059711825,0.11900810789452683,0.14900008424582253,0.08031998780653438,0.014664356380059588,100.0,history
0.24675483158841527,0.20903256668533493,0.2278936991368751,0.050511040378960856,0.009222012072870385,0.1985429102160188,0.16839228821071126,0.18346759921336503,0.04037242433543573,0.007370962503229555,0.08358931405216595,0.07091414941966358,0.07725173173591476,0.01697235715318947,0.0030987142889453453,rls,30,0.10494970325352623,0.08907366819499796,0.0970116857242621,0.021258401370105366,0.0038812353223018126,100.0,history
0.3613834389737343,0.3120068675564736,0.33669515326510396,0.06611644340656332,0.012071155825262813,0.3032300362783772,0.25667950924010063,0.2799547727592389,0.062332300484435894,0.011380269012171911,0.14531760986108297,0.11409446547890574,0.12970603766999436,0.041808558173756276,0.007633163469511101,hedge,30,0.17237737491762486,0.1399948617390214,0.15618611832832313,0.0433609815036081,0.007916595895030144,100.0,history
1.3347808706564168,1.204254460355583,1.2695176655059999,0.17477807332528028,0.031909964439182655,1.0231365531958267,0.9291367227343169,0.9761366379650718,0.12586808465122357,0.02298026307781497,0.4088895501717831,0.36483303046882576,0.3868612903203044,0.0589927633292996,0.010770555735006985,exp3,30,0.5260626643888603,0.47609401387777883,0.5010783391333196,0.06690925187372072,0.012215902185677214,100.0,history
0.3706221397820474,0.31342090850535365,0.3420215241437005,0.07659385538399686,0.0139840607867012,0.29890206805190594,0.2529674935882427,0.27593478082007433,0.06150752483939561,0.011229686270282098,0.12869407834075974,0.10744282364224435,0.11806845099150204,0.028455952656560615,0.005195322388432435,fixed_share,30,0.15992372268401694,0.13449543223659916,0.14720957746030805,0.034049106246867536,0.006216487851433138,100.0,history
0.2712354789960535,0.23192910550295978,0.2515822922495066,0.052632200737714636,0.00960928119839545,0.21261624489973205,0.18304663022371528,0.19783143756172367,0.03959444123326308,0.007228922871756952,0.08730875194083688,0.07551054199495756,0.08140964696789722,0.015798093261550284,0.0028843240149738175,passive_aggressive,30,0.11130123682967408,0.09590970971714952,0.1036054732734118,0.0206096333152868,0.0037627870228975203,100.0,history
0.40531806614462806,0.3379065598011096,0.37161231297286884,0.09026566479167028,0.016480180258199223,0.3465969186947479,0.27997387123101275,0.3132853949628803,0.08920989896169661,0.01628742467135931,0.18199789954164305,0.12954469687336237,0.1557712982075027,0.07023612831283071,0.01282330394292155,ensemble_mean,30,0.2080973895137184,0.15622044324728815,0.18215891638050327,0.06946450681933643,0.012682425776974,100.0,history
0.6558075254574517,0.5175421672855435,0.5866748463714976,0.18514071484245484,0.033801915277281346,0.53708801651972,0.4250021038654961,0.48104506019260806,0.15008579348393974,0.027401791550738557,0.2423315794232291,0.19044869449476456,0.21639013695899684,0.06947245883384517,0.012683877609548684,oracle_best_member,30,0.2948945722963507,0.2331275248093634,0.26401104855285706,0.082707595573076,0.01510027192412938,100.0,history
0.6883075819201473,0.5282025924444703,0.6082550871823088,0.21438451824292878,0.0391410788738433,0.5615743577989679,0.43339258042607925,0.49748346911252356,0.1716385521750642,0.03133676892127002,0.25021828791643497,0.19279850362604692,0.22150839577124096,0.07688650324403445,0.014037490731483934,validation_best_member,30,0.30603257661665906,0.23666548590595293,0.271349031261306,0.09288424035146949,0.01695826455907714,100.0,history
0.6970684341610118,0.6169156707783601,0.656992052469686,0.1073265213026966,0.01959505224534856,0.5888798233308539,0.5165141457036608,0.5526969845172574,0.0968994219745149,0.017691333074884533,0.2648529582916555,0.230399487460201,0.24762622287592825,0.04613404473019437,0.008422885655893263,adaptive_ridge,30,0.32411479716074526,0.28254001791427424,0.30332740753750975,0.055669651826590096,0.01016384135796069,200.0,history
0.40091018745752693,0.26861039417138455,0.33476029081445574,0.17715267675400947,0.03234350572686402,0.3448209340539823,0.22316326656804542,0.28399210031101385,0.1629026085941768,0.02974181113448852,0.15699667387160218,0.09808828468984263,0.1275424792807224,0.07887978180166008,0.014401411941284907,static_ridge,30,0.1925158251291338,0.12109960906480131,0.15680771709696756,0.09562806959248948,0.017459216948826784,200.0,history
0.24598647527912065,0.20776380596678617,0.22687514062295341,0.05118109418900083,0.00934434660170411,0.1977988062739741,0.16727015463682324,0.18253448045539866,0.040878615309056766,0.007463379908115469,0.08356115413861455,0.0706185589414169,0.07708985654001572,0.017330453256024177,0.0031640933933710985,rls,30,0.10476021634746184,0.0886199860251055,0.09669010118628367,0.021612165325515662,0.003945823488438636,200.0,history
0.35956799703746245,0.30973383204230087,0.33465091453988166,0.06672917246060847,0.01218302433344259,0.30153279379632447,0.2544235528045623,0.2779781733004434,0.06308043220816224,0.011516858552528625,0.1448697062784969,0.11253801580194947,0.1287038610402232,0.04329292865571268,0.007904171201731881,hedge,30,0.17161127565477285,0.13834926890493698,0.15498027227985492,0.04453864502417599,0.008131606853485471,200.0,history
1.2785642747280943,1.1668381031239137,1.222701188926004,0.14960409137110542,0.027313845179672804,0.985679284239201,0.8954223457845905,0.9405508150118957,0.12085626020801145,0.02206523331054729,0.3905183914925502,0.34337782766721947,0.36694810957988483,0.06312237425260814,0.011524516087145593,exp3,30,0.5044527761966083,0.45378023374349225,0.47911650497005026,0.0678517804943612,0.012387983581216887,200.0,history
0.35760256515928823,0.296389431563316,0.3269959983613021,0.08196589125104191,0.014964855861403665,0.28982910825781116,0.23982165359115862,0.2648253809244849,0.06696121159231022,0.01222538868899491,0.12531792244224596,0.10233706318060426,0.11382749281142511,0.030771935701379684,0.005618161107248069,fixed_share,30,0.1554839799101656,0.12778340874539684,0.14163369432778122,0.0370917460077976,0.006771995328574312,200.0,history
0.25923875939452395,0.2256911606936161,0.24246496004407003,0.0449210596699977,0.008201425896097772,0.203490596501244,0.17850509096679748,0.19099784373402073,0.03345620635934087,0.006108239637186262,0.08396780114583302,0.07406109795972171,0.07901444955277737,0.013265319193895685,0.002421904851667638,passive_aggressive,30,0.10677758386238771,0.093851564236575,0.10031457404948135,0.017308258158309876,0.0031600411414763802,200.0,history
0.40531806614462806,0.3379065598011096,0.37161231297286884,0.09026566479167028,0.016480180258199223,0.3465969186947479,0.27997387123101275,0.3132853949628803,0.08920989896169661,0.01628742467135931,0.18199789954164305,0.12954469687336237,0.1557712982075027,0.07023612831283071,0.01282330394292155,ensemble_mean,30,0.2080973895137184,0.15622044324728815,0.18215891638050327,0.06946450681933643,0.012682425776974,200.0,history
0.6558075254574517,0.5175421672855435,0.5866748463714976,0.18514071484245484,0.033801915277281346,0.53708801651972,0.4250021038654961,0.48104506019260806,0.15008579348393974,0.027401791550738557,0.2423315794232291,0.19044869449476456,0.21639013695899684,0.06947245883384517,0.012683877609548684,oracle_best_member,30,0.2948945722963507,0.2331275248093634,0.26401104855285706,0.082707595573076,0.01510027192412938,200.0,history
0.6883075819201473,0.5282025924444703,0.6082550871823088,0.21438451824292878,0.0391410788738433,0.5615743577989679,0.43339258042607925,0.49748346911252356,0.1716385521750642,0.03133676892127002,0.25021828791643497,0.19279850362604692,0.22150839577124096,0.07688650324403445,0.014037490731483934,validation_best_member,30,0.30603257661665906,0.23666548590595293,0.271349031261306,0.09288424035146949,0.01695826455907714,200.0,history
0.3956754047298058,0.34575026904216943,0.3707128368859876,0.06685098445500218,0.012205264059143964,0.31615737970245555,0.2757265586804168,0.29594196919143617,0.05413786363161811,0.00988417637539193,0.1322935225404988,0.11503073505327886,0.12366212879688883,0.023115296975425862,0.004220256525623895,adaptive_ridge,30,0.16666124776607302,0.14514823509462813,0.15590474143035057,0.0288064530195194,0.005259314706834527,400.0,history
0.25156373578413843,0.21200459238416794,0.2317841640841532,0.05297066585919248,0.00967107619238283,0.20351467053910435,0.17146353990785748,0.18748910522348092,0.04291725212326948,0.007835582364683727,0.0858066114753602,0.07216138135110556,0.07898399641323288,0.018271298702696878,0.003335867484793986,static_ridge,30,0.10771687384120206,0.0907074976865986,0.09921218576390033,0.02277597296910852,0.004158304721436217,400.0,history
0.24412579500772275,0.20617604067015272,0.22515091783893773,0.05081565432620975,0.009277626716283354,0.19608960574088183,0.16564757514861986,0.18086859044475084,0.040762627599747955,0.00744220354652154,0.08265789461406,0.06973212166464057,0.07619500813935029,0.017307927852552935,0.0031599808361717305,rls,30,0.10371771207297956,0.08758806439559477,0.09565288823428716,0.021597994903648145,0.003943236335203235,400.0,history
0.35703017864278436,0.30718085424183533,0.33210551644230984,0.06674947127776104,0.012186730373457634,0.299125508331578,0.2522354532407949,0.27568048078618645,0.06278693689648632,0.011463273884952987,0.14292144549615873,0.11159644631986501,0.12725894590801187,0.0419449442479124,0.007658064045959394,hedge,30,0.16970040975757583,0.13719348373457857,0.1534469467460772,0.04352757336183776,0.007947011267913173,400.0,history
1.24811299677162,1.1367814694176188,1.1924472330946194,0.1490756530149421,0.02721736597703227,0.9423118381107708,0.8571990297260007,0.8997554339183857,0.11396814353898521,0.020807641017762953,0.3689802343297813,0.32506181420212504,0.34702102426595316,0.05880784460179816,0.010736794348887755,exp3,30,0.4801528431745445,0.4336863550896866,0.45691959913211555,0.06221977025910507,0.0113597238979003,400.0,history
0.34259595752310823,0.28991358666730616,0.3162547720952072,0.0705429901516733,0.01287932899331208,0.2766182509358754,0.23417752807270903,0.2553978895042922,0.056829171624809584,0.01037553974108024,0.11892661040658405,0.09935913026522451,0.10914287033590428,0.026201337116796963,0.004783687791889022,fixed_share,30,0.1478789566248488,0.12437223258239262,0.1361255946036207,0.03147608157506566,0.0057467199668454,400.0,history
0.25844373767479834,0.2229203685206896,0.24068205309774396,0.047566664895389035,0.008684445116164563,0.20289574570004446,0.17631965438045785,0.18960770004025115,0.03558603984165792,0.006497092251184537,0.08373342663163502,0.07322211794193753,0.07847777228678628,0.014074900831781093,0.0025697135600715767,passive_aggressive,30,0.1064644293816048,0.09274516847534467,0.09960479892847474,0.0183704277403825,0.0033539658881420508,400.0,history
0.40531806614462806,0.3379065598011096,0.37161231297286884,0.09026566479167028,0.016480180258199223,0.3465969186947479,0.27997387123101275,0.3132853949628803,0.08920989896169661,0.01628742467135931,0.18199789954164305,0.12954469687336237,0.1557712982075027,0.07023612831283071,0.01282330394292155,ensemble_mean,30,0.2080973895137184,0.15622044324728815,0.18215891638050327,0.06946450681933643,0.012682425776974,400.0,history
0.6558075254574517,0.5175421672855435,0.5866748463714976,0.18514071484245484,0.033801915277281346,0.53708801651972,0.4250021038654961,0.48104506019260806,0.15008579348393974,0.027401791550738557,0.2423315794232291,0.19044869449476456,0.21639013695899684,0.06947245883384517,0.012683877609548684,oracle_best_member,30,0.2948945722963507,0.2331275248093634,0.26401104855285706,0.082707595573076,0.01510027192412938,400.0,history
0.6979388123498758,0.5371788625281924,0.6175588374390341,0.2152615262531518,0.039301197897280586,0.5668649491477782,0.43893716318965,0.5029010561687141,0.17129845142449057,0.03127467530363215,0.25108923495501145,0.1939055410670998,0.22249738801105565,0.07657037238913457,0.013979773398033248,validation_best_member,30,0.3080426305324589,0.23870835146046762,0.27337549099646324,0.0928403047603197,0.016950243054293785,400.0,history
0.33706199401669734,0.2893305428832108,0.3131962684499541,0.06391358688945165,0.011668971090139703,0.2739793339739666,0.23275526892351237,0.2533673014487395,0.0552000368932876,0.010078101793857002,0.11594246277226998,0.09731362002231535,0.10662804139729266,0.024944478566541042,0.00455421786536622,adaptive_ridge,30,0.14504350436982133,0.12259018189107423,0.13381684313044778,0.030065550975790205,0.0054891934910872514,750.0,history
0.2537588723344067,0.21370785354666683,0.23373336294053676,0.053629299099716844,0.009791325620035471,0.20528566095561168,0.1728307232236158,0.18905819208961375,0.043457959761680084,0.007934301621541339,0.08668292292418979,0.07276651238786054,0.07972471765602517,0.018634415943389524,0.0034021633193761177,static_ridge,30,0.10878845932294269,0.09147889188301743,0.10013367560298006,0.023177936482520548,0.004231692882632816,750.0,history
0.24417187053428224,0.20553966642412141,0.22485576847920183,0.051729471354654666,0.009444466116253894,0.19597332834785602,0.16534199295574048,0.18065766065179825,0.041016111382174626,0.00748848314172048,0.08256874928841543,0.06960317267196159,0.07608596098018851,0.017361225941572023,0.0031697116913809546,rls,30,0.1036637910146124,0.08744607071061875,0.09555493086261557,0.021715926316577667,0.003964767566903221,750.0,history
0.35747685954220326,0.3077824631165929,0.3326296613293981,0.06654201890876174,0.012148854926088035,0.2993680176781154,0.25263014045021603,0.2759990790641657,0.0625831669956955,0.011426070761218413,0.14291633614330196,0.11170864211069143,0.1273124891269967,0.04178786977572826,0.007629386302084904,hedge,30,0.16976314758254227,0.1373710662837562,0.15356710693314923,0.043373793451833766,0.007918935026046405,750.0,history
1.2122996473026457,1.09989349769486,1.1560965724987529,0.1505145986400921,0.027480080303004945,0.908958256466285,0.8179621023596222,0.8634601794129536,0.12184608814505371,0.022245950340269573,0.35562473252563037,0.307499369494768,0.3315620510101992,0.06444104460720067,0.011765271253520147,exp3,30,0.46314073819373985,0.41271983375205673,0.4379302859728983,0.06751483100871852,0.012326465303208134,750.0,history
0.33435962542110315,0.2819558294101779,0.3081577274156405,0.07016997158361311,0.012811225431947135,0.2698437330449611,0.2276045015211291,0.2487241172830451,0.05655936976632419,0.010326280886430485,0.11666415870203295,0.09674051665758465,0.1067023376798088,0.026678246663839937,0.004870759164157358,fixed_share,30,0.14468654381944102,0.12097970682240523,0.13283312532092312,0.03174403774246691,0.0057956418459481655,750.0,history
0.2536733743261726,0.2181975298088461,0.23593545206750935,0.047503028238001975,0.008672826705252856,0.1993677785390631,0.17259348882444583,0.18598063368175446,0.035851432366739835,0.006545546075378078,0.08242153330840075,0.07189715384485502,0.07715934357662789,0.014092402919403064,0.002572908989469572,passive_aggressive,30,0.10470559358922972,0.09096849040407066,0.09783704199665019,0.01839431899060917,0.003358327813700767,750.0,history
0.40531806614462806,0.3379065598011096,0.37161231297286884,0.09026566479167028,0.016480180258199223,0.3465969186947479,0.27997387123101275,0.3132853949628803,0.08920989896169661,0.01628742467135931,0.18199789954164305,0.12954469687336237,0.1557712982075027,0.07023612831283071,0.01282330394292155,ensemble_mean,30,0.2080973895137184,0.15622044324728815,0.18215891638050327,0.06946450681933643,0.012682425776974,750.0,history
0.6558075254574517,0.5175421672855435,0.5866748463714976,0.18514071484245484,0.033801915277281346,0.53708801651972,0.4250021038654961,0.48104506019260806,0.15008579348393974,0.027401791550738557,0.2423315794232291,0.19044869449476456,0.21639013695899684,0.06947245883384517,0.012683877609548684,oracle_best_member,30,0.2948945722963507,0.2331275248093634,0.26401104855285706,0.082707595573076,0.01510027192412938,750.0,history
0.6979388123498758,0.5371788625281924,0.6175588374390341,0.2152615262531518,0.039301197897280586,0.5668649491477782,0.43893716318965,0.5029010561687141,0.17129845142449057,0.03127467530363215,0.25108923495501145,0.1939055410670998,0.22249738801105565,0.07657037238913457,0.013979773398033248,validation_best_member,30,0.3080426305324589,0.23870835146046762,0.27337549099646324,0.0928403047603197,0.016950243054293785,750.0,history
0.2947722649296872,0.2544438609774621,0.27460806295357465,0.05400072465647605,0.009859138338659115,0.23658929529120934,0.2041043885853521,0.22034684193828072,0.04349808895468371,0.007941628176282193,0.09917521836783497,0.08544512585017927,0.09231017210900712,0.018384931534414378,0.00335661390652894,adaptive_ridge,30,0.12471389663670934,0.10757184617852189,0.11614287140761562,0.0229536271243614,0.004190739784191726,1500.0,history
0.25708234685821374,0.21760209562759977,0.23734222124290677,0.052865027304291566,0.009651789319229005,0.2087996601143605,0.17648051895602837,0.19264008953519443,0.043276124810006956,0.00790110325328326,0.08821550610381744,0.07444320251373544,0.08132935430877644,0.018441453198456647,0.0033669333033235,static_ridge,30,0.11059981668572272,0.09345058002953435,0.10202519835762854,0.022963249620209066,0.004192496603536815,1500.0,history
0.24215607324543495,0.20505647215840347,0.2236062727019192,0.049677278216594144,0.009069788624896206,0.19390291588866101,0.16456640053161672,0.17923465821013887,0.03928231551273231,0.007171936772452868,0.08148938752396306,0.06915543915062569,0.07532241333729438,0.01651546019090674,0.0030152966980460665,rls,30,0.10241960902138444,0.08696602817738727,0.09469281859938586,0.020692724787766816,0.0037779573808353955,1500.0,history
0.3570631796076498,0.3071199506633429,0.33209156513549637,0.06687521177063727,0.01220968734157101,0.29914531595579913,0.2522179933392234,0.27568165464751127,0.06283683903001332,0.011472384726353112,0.14281954146966638,0.11154729030781131,0.12718341588873885,0.04187431335938898,0.007645168668992426,hedge,30,0.16962989056309868,0.13714345105652248,0.15338667080981058,0.043500141412541334,0.00794200290210451,1500.0,history
1.1116367014363089,1.0152219488620595,1.0634293251491842,0.1291017247484458,0.023570642285848913,0.8226647981882835,0.7390383709518524,0.780851584570068,0.11197784262796671,0.02044426344936698,0.330288591645272,0.27987601576400156,0.3050823037046368,0.06750367886150835,0.012324429209010924,exp3,30,0.42637979286253364,0.37620174992151484,0.40129077139202424,0.06718963348682873,0.012267092630413527,1500.0,history
0.33555331252184895,0.2844489764450745,0.3100011444834617,0.06842996277519778,0.01249354474040488,0.27083407043800395,0.22932450554972855,0.25007928799386625,0.05558232819720116,0.010147898317420842,0.11680128873227377,0.09742175584090176,0.10711152228658777,0.025949671127026043,0.0047377400787042235,fixed_share,30,0.14505435625482827,0.12191865636064976,0.133486506307739,0.030979271116219304,0.005656015201807187,1500.0,history
0.2529850391387297,0.2170493289378152,0.23501718403827246,0.04811879969743827,0.0087852506781199,0.19876670926052845,0.17154118211460176,0.1851539456875651,0.03645565038418731,0.006655860687980422,0.08223915215399945,0.07147058478681641,0.07685486847040793,0.014419376527492832,0.0026326059297561116,passive_aggressive,30,0.10445304319059834,0.09041736151423127,0.0974352023524148,0.0187941229330407,0.003431321692983849,1500.0,history
0.40531806614462806,0.3379065598011096,0.37161231297286884,0.09026566479167028,0.016480180258199223,0.3465969186947479,0.27997387123101275,0.3132853949628803,0.08920989896169661,0.01628742467135931,0.18199789954164305,0.12954469687336237,0.1557712982075027,0.07023612831283071,0.01282330394292155,ensemble_mean,30,0.2080973895137184,0.15622044324728815,0.18215891638050327,0.06946450681933643,0.012682425776974,1500.0,history
0.6558075254574517,0.5175421672855435,0.5866748463714976,0.18514071484245484,0.033801915277281346,0.53708801651972,0.4250021038654961,0.48104506019260806,0.15008579348393974,0.027401791550738557,0.2423315794232291,0.19044869449476456,0.21639013695899684,0.06947245883384517,0.012683877609548684,oracle_best_member,30,0.2948945722963507,0.2331275248093634,0.26401104855285706,0.082707595573076,0.01510027192412938,1500.0,history
0.6955682178477675,0.5356796962764726,0.61562395706212,0.21409466239553762,0.039088158678496326,0.5658816766550289,0.438389303894029,0.502135490274529,0.17071542244576443,0.031168229262522978,0.25214008515785497,0.19433058182666635,0.22323533349226066,0.07740834662371757,0.014132765861662991,validation_best_member,30,0.30842791004527603,0.23888699194487717,0.2736574509950766,0.09311699950106715,0.017000760371310594,1500.0,history
0.27929552683788866,0.23857180335295686,0.25893366509542276,0.05453006723254984,0.009955782628513618,0.2246715122759002,0.19194895755645142,0.2083102349161758,0.04381630548917188,0.007999726300985624,0.09409096577862232,0.0805852938511553,0.08733812981488881,0.018084426845154225,0.0033017495075476516,adaptive_ridge,30,0.11849061601930279,0.10142314260706027,0.10995687931318153,0.022853766625826995,0.0041725078349747246,3000.0,history
0.2679194286229273,0.2267548564011936,0.24733714251206046,0.05512037453257084,0.010063557503207442,0.21773212634746475,0.18371425950447506,0.2007231929259699,0.04555076027717658,0.008316392971773296,0.092265235846297,0.07759275238075633,0.08492899411352667,0.019646816189105364,0.003587001469976897,static_ridge,30,0.11550215194856424,0.09734876434505298,0.10642545814680861,0.02430783243296211,0.00443798271586301,3000.0,history
0.24156751971082677,0.20480386746227505,0.2231856935865509,0.049227434460146484,0.008987658767309793,0.19397709281842135,0.1645566087746274,0.17926685079652438,0.039394751649265376,0.007192464708538831,0.08166091717474075,0.06918676782992969,0.07542384250233522,0.016703192739561307,0.003049571815271414,rls,30,0.10250441777465197,0.08696393613990117,0.09473417695727657,0.020809087083668142,0.003799202132271478,3000.0,history
0.3581180482354286,0.3087389163407479,0.33342848228808825,0.06611987194879637,0.012071781788569613,0.29984551988752634,0.25353051023632683,0.2766880150619266,0.06201693691124757,0.01132269176455502,0.14299843175351615,0.11210897845354492,0.12755370510353053,0.04136173760848234,0.007551585568591853,hedge,30,0.16992040518543072,0.13783778380510692,0.15387909449526882,0.04295941901071055,0.007843280949827478,3000.0,history
1.0762272001192164,0.9631104842895034,1.0196688422043598,0.1514660642856442,0.027653793368591646,0.8058112115365115,0.7054112579762617,0.7556112347563866,0.13443800687358662,0.024544909650232656,0.33499404523443266,0.278946453333084,0.3069702492837583,0.07504910388987175,0.013702029040343821,exp3,30,0.42498514400565174,0.36709385266853406,0.3960394983370929,0.07751786277500415,0.014152760683819928,3000.0,history
0.3345700200535477,0.28393135254656526,0.3092506863000565,0.06780642110842865,0.012379702128260273,0.27189974587130816,0.22979167048799173,0.25084570817964996,0.05638374846875496,0.010294216971011487,0.11934928804430765,0.09825438053532524,0.10880183428981645,0.02824659992485355,0.005157099983888673,fixed_share,30,0.1469818629284556,0.12258621360008531,0.13478403826427046,0.03266637439353905,0.005964036709083492,3000.0,history
0.25296994466911465,0.21695072831931797,0.2349603364942163,0.048230616484391954,0.00880566553696066,0.19871492203911614,0.17127541671542804,0.1849951693772721,0.03674217242640548,0.0067081722165622006,0.08228524208483655,0.07142926937907189,0.07685725573195422,0.014536414425343744,0.0026539740286680882,passive_aggressive,30,0.10446465137054475,0.09031445699280266,0.09738955418167371,0.01894745825630188,0.0034593167647880133,3000.0,history
0.40531806614462806,0.3379065598011096,0.37161231297286884,0.09026566479167028,0.016480180258199223,0.3465969186947479,0.27997387123101275,0.3132853949628803,0.08920989896169661,0.01628742467135931,0.18199789954164305,0.12954469687336237,0.1557712982075027,0.07023612831283071,0.01282330394292155,ensemble_mean,30,0.2080973895137184,0.15622044324728815,0.18215891638050327,0.06946450681933643,0.012682425776974,3000.0,history
0.6558075254574517,0.5175421672855435,0.5866748463714976,0.18514071484245484,0.033801915277281346,0.53708801651972,0.4250021038654961,0.48104506019260806,0.15008579348393974,0.027401791550738557,0.2423315794232291,0.19044869449476456,0.21639013695899684,0.06947245883384517,0.012683877609548684,oracle_best_member,30,0.2948945722963507,0.2331275248093634,0.26401104855285706,0.082707595573076,0.01510027192412938,3000.0,history
0.7214184817364454,0.5521668691885903,0.6367926754625178,0.2266320714722207,0.04137716593315277,0.5911553011713042,0.45415721390426905,0.5226562575377867,0.18344380793584186,0.0334921038803686,0.27698580836393316,0.20487955076356607,0.2409326795637496,0.09655205217888392,0.017627912317263517,validation_best_member,30,0.3310866218133281,0.2504035189700598,0.29074507039169395,0.10803665888267977,0.01972470503584486,3000.0,history
0.12277641563752688,0.0773208521901743,0.10004863391385059,0.06086611730861776,0.01111258181256186,0.09916866509436457,0.06225713575292287,0.08071290042364372,0.049425445524150194,0.009023810476106604,0.04181145694440964,0.0263076642244958,0.03405956058445272,0.02075995972444008,0.0037902327446581877,adaptive_ridge,30,0.05244495733304549,0.03298241926173114,0.042713688297388315,0.026060817104249366,0.0047580324650046135,0.0,discrete_probability
0.11181928360400126,0.07027961481832004,0.09104944921116065,0.05562263805614883,0.01015525785709934,0.0905761973901232,0.0566799856572303,0.07362809152367675,0.04538786109298939,0.008286651785847124,0.03830239836071718,0.023919490038281265,0.03111094419949922,0.019259067951196324,0.0035162086511316766,static_ridge,30,0.04796935038043526,0.030010357249833548,0.0389898538151344,0.02404753345314716,0.004390458841549601,0.0,discrete_probability
0.11253386980955982,0.07011603371611819,0.091324951762839,0.05679852567731198,0.010369944582166722,0.08967325565527909,0.05645822066335432,0.0730657381593167,0.044475748685193855,0.008120123605603803,0.0369798917727053,0.023557370077150534,0.030268630924927917,0.017973086639776013,0.0032814216602000167,rls,30,0.0469600219594051,0.029743301699495475,0.03835166182945029,0.02305361182516259,0.004208994409536464,0.0,discrete_probability
0.24863256011920468,0.21294495201395439,0.23078875606657953,0.04778658488996582,0.00872459683012327,0.20755142745438768,0.1747721843974079,0.1911618059258978,0.043892212567217155,0.008013584973958857,0.09766701983955323,0.07644176985487158,0.0870543948472124,0.028421131705223916,0.005188964981592136,hedge,30,0.11663936601886342,0.0943922850651764,0.10551582554201991,0.02978938850180055,0.005438773352240395,0.0,discrete_probability
0.6215338793754762,0.553833206730156,0.5876835430528161,0.09065286558102013,0.016550873127069463,0.4330991696331789,0.37160899322107793,0.4023540814271284,0.08233685839493245,0.015032584885671035,0.1925944161879009,0.14660057173302216,0.16959749396046153,0.06158688881521316,0.01124417608355162,exp3,30,0.23877129945568432,0.19718835177943406,0.2179798256175592,0.055680589554944225,0.01016583830480983,0.0,discrete_probability
0.19268386463545684,0.147171509131168,0.16992768688331242,0.060942163269497425,0.011126465841955509,0.1587283151319505,0.12101361477631165,0.13987096495413107,0.05050091126390779,0.009220162757936341,0.07101942893438157,0.05429054323335524,0.06265498608386841,0.022400389353889535,0.004089732848674624,fixed_share,30,0.08673418096597668,0.06646544326944356,0.07659981211771012,0.027140338228645124,0.004955125155382913,0.0,discrete_probability
0.13044301034563807,0.08878046844788304,0.10961173939676055,0.05578716817493663,0.010185296809582368,0.10361221821412635,0.07098600611126892,0.08729911216269763,0.04368730035627848,0.007976173293879067,0.043258326585638565,0.02974742375468531,0.03650287517016194,0.018091431153561748,0.0033030283134524926,passive_aggressive,30,0.05457061427608888,0.03744874262102173,0.0460096784485553,0.022926607210742005,0.004185806645461331,0.0,discrete_probability
0.2583114563045764,0.22271633697794013,0.24051389664125827,0.04766274014089852,0.008701985975892359,0.21572714581936311,0.1828567962985488,0.19929197105895596,0.04401420636280061,0.008035857891864435,0.10137305913387201,0.07987747234339548,0.09062526573863375,0.028783119336361896,0.005255054578629513,ensemble_mean,30,0.12114707279155325,0.09868290379547308,0.10991498829351316,0.030080074729238983,0.005491845153548431,0.0,discrete_probability
0.3300808144380371,0.2292010947313325,0.2796409545846848,0.13508042554219793,0.024662198715619605,0.28482094300593547,0.19986015831692683,0.24234055066143115,0.11376458007176232,0.02077047558346897,0.16292214496074017,0.11318314877171168,0.13805264686622593,0.06660173908878526,0.012159758289333753,oracle_best_member,30,0.18096213943701855,0.12830900944339824,0.1546355744402084,0.0705038359181146,0.012872180440998107,0.0,discrete_probability
0.3352091994839038,0.2306585047793318,0.2829338521316178,0.13999595134171836,0.025559646836418256,0.2880364062082796,0.20086375941871645,0.244450082813498,0.1167263178189748,0.02131121244132324,0.162471676294005,0.11294112342112234,0.13770639985756367,0.06632262836238487,0.01210879987570337,validation_best_member,30,0.18132455263461544,0.12846833898017818,0.1548964458073968,0.07077576993422392,0.012921828572590123,0.0,discrete_probability
0.24757576547284477,0.20582073932129058,0.22669825239706767,0.055911006865165626,0.010207906557625806,0.1833982750302999,0.15022234134509185,0.16681030818769588,0.044423391073912764,0.00811056445735189,0.07075094178472899,0.056668997964889466,0.06370996987480923,0.018856069080838495,0.0034426314604836493,adaptive_ridge,30,0.09352810603845634,0.07616638052392745,0.08484724328119189,0.02324777742709696,0.004244444036226805,0.2,discrete_probability
0.22338499185991742,0.18491499225733785,0.20414999205862763,0.051512275530036636,0.009404811765407485,0.1647001517605863,0.13462549745535216,0.14966282460796923,0.04027070171682409,0.007352390578955525,0.06387775203939114,0.050550809812275936,0.057214280925833534,0.017845103381025382,0.003258055220933103,static_ridge,30,0.08423504336951691,0.06815318971858449,0.0761941165440507,0.021533997526867868,0.003931552066241997,0.2,discrete_probability
0.2318560315995048,0.18923155943449088,0.21054379551699784,0.057075216458784224,0.010420461176322083,0.16855607328815256,0.13709353952088424,0.1528248064045184,0.042129106447506504,0.007691687309611882,0.06347488245750346,0.05094331877275416,0.05720910061512881,0.016780071952683915,0.0030636079750149137,rls,30,0.08518232217920019,0.06911933762746625,0.07715082990333322,0.021508731339008325,0.003926939112564385,0.2,discrete_probability
0.33798797894186394,0.2843327023872422,0.31116034066455306,0.07184573480829091,0.013117176538345012,0.2686318187096838,0.22504564761369167,0.24683873316168772,0.058362954977663,0.010655568987974814,0.1125145013745496,0.09269490631063698,0.10260470384259329,0.02653892519815783,0.004845322660991101,hedge,30,0.14108422455743586,0.11839852078379509,0.12974137267061547,0.030376715244421686,0.005546004054093604,0.2,discrete_probability
0.8856711953470413,0.7870664083348893,0.8363688018409653,0.13203423471857698,0.02410604290609879,0.6369943102917206,0.5560880528117444,0.5965411815517325,0.1083354684290965,0.01977925994550164,0.2446188876351637,0.20155249433052408,0.2230856909828439,0.0576669597325591,0.0105284982227549,exp3,30,0.3234504891228859,0.2791498067055067,0.3013001479141963,0.05931970320841036,0.010830246517252643,0.2,discrete_probability
0.35818632912293685,0.263249405815762,0.31071786746934943,0.12712287501675004,0.02320935540719464,0.26473783416705443,0.20318129387427494,0.2339595640206647,0.08242572126319533,0.0150488089514951,0.09515664023232104,0.07995405823976307,0.08755534923604205,0.020356631153074106,0.003716595359117029,fixed_share,30,0.13099914315154684,0.10534356339800971,0.11817135327477828,0.03435345221730694,0.006272053569198292,0.2,discrete_probability
0.25032533213922975,0.2039855699526584,0.22715545104594406,0.062050081164829865,0.011328743049667916,0.18504262084944148,0.15272775408600733,0.1688851874677244,0.04327040129012174,0.007900058286300107,0.0713215008382223,0.059259163088818526,0.06529033196352041,0.016151766885955057,0.002948895689000852,passive_aggressive,30,0.09444346647006671,0.07812101442132044,0.08628224044569358,0.021856164698386145,0.003990371475284729,0.2,discrete_probability
0.35742887414676433,0.296748653230447,0.3270887636886057,0.0812523080674852,0.01483457399264021,0.28463298241287394,0.23573634975240734,0.2601846660826406,0.06547379360846284,0.011953824561597555,0.11775243629004944,0.0966921223674852,0.10722227932876732,0.028200278261907,0.00514864284398968,ensemble_mean,30,0.14830950358311495,0.12376314776875769,0.13603632567593632,0.03286817408448067,0.006000880123358925,0.2,discrete_probability
0.6709759424839555,0.5323831143086727,0.6016795283963141,0.1855792052301834,0.033881972302817386,0.48967836229832645,0.39897448376824857,0.4443264230332875,0.12145472396030506,0.022174497342874088,0.21329841655577292,0.16305812068704284,0.18817826862140788,0.06727299168797103,0.012282311686119759,oracle_best_member,30,0.263889357026746,0.21297600274065873,0.23843267988370234,0.06817423346080399,0.012446855169035279,0.2,discrete_probability
0.6869011712748307,0.5394792883253403,0.6131902298000855,0.19740152669878772,0.036040423019628114,0.5015545100036631,0.40246720381077966,0.4520108569072214,0.1326803397677878,0.02422400500942238,0.20985583437384547,0.16260016605636185,0.18622800021510366,0.0632765019982743,0.011552655834825183,validation_best_member,30,0.26444609036034056,0.21333671461635192,0.23889140248834626,0.0684367110135342,0.012494776794524973,0.2,discrete_probability
0.26157275683819986,0.22059800487555567,0.24108538085687778,0.054866200537550966,0.010017151893006246,0.20262035558994906,0.16944059175320286,0.18603047367157596,0.04442851974101418,0.008111500819572348,0.08107283469326126,0.0663633541243347,0.07371809440879798,0.019696356220379505,0.0035960462008530164,adaptive_ridge,30,0.10439322428635169,0.08646781980791514,0.09543052204713341,0.02400255742187893,0.004382247379258711,0.4,discrete_probability
0.2425188235779813,0.20176911229539898,0.22214396793669014,0.05456486553270117,0.009962135899832192,0.18691158447644057,0.1546458631536914,0.17077872381506598,0.04320459433644977,0.00788804363531116,0.07384616408784445,0.05974830508020721,0.06679723458402582,0.018877379908689217,0.0034465222675279655,static_ridge,30,0.09582070430126433,0.0784941413754722,0.08715742283836826,0.023200693856052782,0.004235847791577208,0.4,discrete_probability
0.24559738533110997,0.2041559641967467,0.22487667476392834,0.05549108203490757,0.010131239123629517,0.18816392344595562,0.15616842672003878,0.1721661750829972,0.04284275695587208,0.0078219814701475,0.07334602405623813,0.06011568550104631,0.06673085477864223,0.017715748688622527,0.0032344383932837078,rls,30,0.09575516515695338,0.07912568432552299,0.08744042474123818,0.022267283788915477,0.00406543120851937,0.4,discrete_probability
0.3597191650453392,0.3064638523509522,0.3330915086981457,0.07131017336344272,0.013019396843587208,0.29330486485556995,0.24510884078483322,0.26920685282020157,0.06453566147730326,0.01178254585154539,0.1243248627780375,0.10292632304771215,0.11362559291287483,0.028653170936218112,0.005231329355272693,hedge,30,0.15588251646824858,0.1297480483222807,0.14281528239526464,0.03499469555169404,0.006389128048896173,0.4,discrete_probability
0.9742850656348561,0.8726283739560574,0.9234567197954567,0.1361208101202872,0.0248521460829196,0.7116200594400582,0.6252824151143267,0.6684512372771925,0.11560822898535104,0.021107078282833116,0.28304183279447404,0.23886401286305048,0.26095292282876226,0.05915518731825617,0.010800210162550812,exp3,30,0.368361999231591,0.32114051735900767,0.34475125829529935,0.06323072550783274,0.011544298229352429,0.4,discrete_probability
0.33000340053069205,0.2766895101412095,0.3033464553359508,0.07138861033773039,0.013033717410307143,0.26369900143413433,0.21996686516974048,0.2418329333019374,0.05855840592775848,0.010691253286059185,0.10854156894406236,0.09087126893035669,0.09970641893720952,0.023660966270022545,0.0043198816528200725,fixed_share,30,0.13773850881465124,0.1154524229478567,0.12659546588125398,0.029841617039668436,0.00544830893501898,0.4,discrete_probability
0.2698634587947553,0.2216542593370535,0.24575885906590442,0.06455330364446143,0.011785766855850659,0.20653311757609738,0.17079761637224733,0.18866536697417235,0.047850714926787885,0.008736305319383629,0.08162501061697572,0.0681844925932977,0.07490475160513671,0.017997184165702482,0.0032858212463766807,passive_aggressive,30,0.10591226612436005,0.08805135134680525,0.09698180873558265,0.023916204126454215,0.00436648149665237,0.4,discrete_probability
0.39383252520019635,0.3256990419215566,0.35976578356087646,0.09123240966280369,0.016656682915956622,0.32430640248730774,0.26141021240298684,0.2928583074451473,0.0842195452790139,0.015376314910714544,0.13691107028159002,0.10911772093380506,0.12301439560769754,0.037215978276476526,0.006794676933882809,ensemble_mean,30,0.17224007239956743,0.13806691097079135,0.1551534916851794,0.04575870354658112,0.008354358044884708,0.4,discrete_probability
0.7089439755223861,0.5707393387739133,0.6398416571481497,0.18505940736320112,0.033787070630454295,0.5640599487407078,0.45596455021852067,0.5100122494796142,0.1447423969255939,0.02642622527450473,0.24612200596670603,0.19766931891599737,0.2218956624413517,0.06487933951939473,0.011845292590269625,oracle_best_member,30,0.30322592637311474,0.24643785302170299,0.27483188969740885,0.07604062676157915,0.013883055521382635,0.4,discrete_probability
0.7315682641860598,0.5769366462353315,0.6542524552106956,0.20705553916873853,0.03780299648637085,0.5748224788162146,0.4587966412704543,0.5168095600433344,0.15536144980515443,0.02836499020832989,0.24481323909966196,0.19588581984031872,0.22034952946999034,0.06551501762146911,0.011961351002209028,validation_best_member,30,0.30471933389217376,0.24715839684615146,0.2759388653691626,0.07707551025508647,0.014071998532643872,0.4,discrete_probability
0.27146502948923235,0.23005026844916399,0.25075764896919817,0.055455383513016085,0.010124721495059665,0.21540710654061784,0.18189176066666396,0.1986494336036409,0.04487787234153809,0.008193541004765867,0.08814221771258898,0.07352648628593031,0.08083435199925965,0.019570823813384493,0.0035731272238499873,adaptive_ridge,30,0.1121785748463068,0.09420163663693737,0.10319010574162209,0.024071562354926235,0.0043948458987284255,0.6,discrete_probability
0.25127080472861063,0.21060040360122248,0.23093560416491657,0.05445866728448451,0.009942746841126924,0.19826127460075296,0.16625692052109994,0.18225909756092645,0.042854617170346686,0.00782414683914903,0.08113908505530018,0.06725263870689169,0.07419586188109593,0.01859429315887813,0.0033948379346605147,static_ridge,30,0.10328376075536214,0.08613877191719368,0.09471126633627791,0.022957561687417204,0.004191458133838256,0.6,discrete_probability
0.25297749959687893,0.21212918910808298,0.23255334435248096,0.05469689229459331,0.009986240578393087,0.19954094558183968,0.16744869060235487,0.18349481809209728,0.042972318636898585,0.007845636088576335,0.08093321257344387,0.06763114421252488,0.07428217839298437,0.017811796662485405,0.0032519742739128294,rls,30,0.10350732117071694,0.0867038512009564,0.09510558618583667,0.02250025952391641,0.004107966563656489,0.6,discrete_probability
0.37033509546819093,0.31832220348168455,0.34432864947493774,0.06964654148172364,0.012715660607253104,0.3049854306867422,0.2581317331978459,0.28155858194229405,0.06273825317344628,0.011454385493855534,0.13451986028067595,0.11036110113429076,0.12244048070748335,0.03234917261420869,0.005906123852476822,hedge,30,0.1659521251882697,0.13785546088688774,0.15190379303757873,0.03762212445852696,0.006868828742400683,0.6,discrete_probability
1.0555167920840263,0.9623410148017149,1.0089289034428706,0.12476465717899068,0.022778805705444022,0.7692430159359915,0.6859217440239973,0.7275823799799944,0.11156923214410308,0.020369661722951907,0.31237515001928795,0.2662849919216993,0.2893300709704936,0.06171585515136664,0.011267722007374973,exp3,30,0.4034943363387527,0.35562110734592484,0.37955772184233877,0.06410343092974002,0.011703631711230992,0.6,discrete_probability
0.3358900080363722,0.2855446328569948,0.3107173204466835,0.06741369546905994,0.012308000564395979,0.2720912684623569,0.23073810635881523,0.25141468741058604,0.055372901022153025,0.010109662321444694,0.11610926840889414,0.09819906152552645,0.1071541649672103,0.02398220746833935,0.004378532003059441,fixed_share,30,0.1450169425974454,0.1229497920617146,0.13398336732958,0.029548457247271148,0.005394785524602471,0.6,discrete_probability
0.27934911849619026,0.23099668051506414,0.2551728995056272,0.06474510354987792,0.011820784567425314,0.21798511066345888,0.18152426774087937,0.19975468920216913,0.04882196532592014,0.008913630570247173,0.0883382052576705,0.07398731711947226,0.08116276118857138,0.019216192137055076,0.0035083806342728232,passive_aggressive,30,0.11317107280409013,0.0944562248636698,0.10381364883387996,0.025059641631632025,0.0045752436682134755,0.6,discrete_probability
0.4150339184360301,0.3437902719354402,0.37941209518573515,0.09539699470277183,0.017417028638969656,0.3471777321572217,0.2800455579625657,0.3136116450598937,0.08989163217494943,0.01641189155772566,0.15721580853203249,0.12025694989777386,0.13873637921490317,0.04948882061116379,0.009035381131020336,ensemble_mean,30,0.19239310434527596,0.15004337046947036,0.17121823740737316,0.05670733513311353,0.010353295542803835,0.6,discrete_probability
0.7229899158155917,0.5886985074858524,0.655844211650722,0.1798194982755948,0.03283039849493486,0.5902376817748342,0.4821349824588511,0.5361863321168426,0.14475217286802936,0.02642801010923565,0.26731750242278673,0.21584590357917738,0.24158170300098206,0.0689217366517917,0.012583329955538965,oracle_best_member,30,0.324332588849422,0.2646164362748951,0.29447451256215856,0.07996139684925982,0.014598886927987373,0.6,discrete_probability
0.7173124835709002,0.5836157543169305,0.6504641189439153,0.17902320836866842,0.03268501651348911,0.5853799281542105,0.4784471015763936,0.531913514865302,0.1431856845018726,0.026142009771164498,0.26890694555479006,0.21657479421797715,0.2427408698863836,0.070074037603076,0.012793710363556655,validation_best_member,30,0.3248363720273856,0.2648634663773971,0.29484991920239134,0.08030519553142762,0.014661655692475324,0.6,discrete_probability
0.2766721886272491,0.23624797679736226,0.2564600827123057,0.054129013760792134,0.009882560617431133,0.2219607793846624,0.18874167476424952,0.20535122707445597,0.04448119801782059,0.008121118513071473,0.09419497786312611,0.07949021618066793,0.08684259702189702,0.019690037515350492,0.0035948925684268127,adaptive_ridge,30,0.11789084241247437,0.09990019707922297,0.10889551974584867,0.02408991653089259,0.004398196897462156,0.8,discrete_probability
0.25569670947204,0.21568811103802488,0.23569241025503243,0.05357249720286934,0.009780955059964652,0.20496650879521497,0.17346988719148856,0.18921819799335177,0.042174750898818975,0.007700020808148144,0.08661309506867587,0.07276908856432315,0.07969109181649951,0.01853746516399803,0.0033844626097626414,static_ridge,30,0.1086182458136235,0.09163629414499266,0.10012726997930808,0.022739250907962562,0.004151600221020308,0.8,discrete_probability
0.25827410790714617,0.2184120956112682,0.23834310175920717,0.05337621475902706,0.009745118952586432,0.2068814712043397,0.17551018466293888,0.1911958279336393,0.04200692416809927,0.007669379979425635,0.08651086892205066,0.07304559987777075,0.0797782343999107,0.01803032639097061,0.003291872161171771,rls,30,0.10897517858112363,0.09228132744373091,0.10062825301242727,0.022353477211606895,0.004081167902491593,0.8,discrete_probability
0.3759104041971545,0.3236912633433119,0.3498008337702332,0.06992271378720169,0.01276608254107595,0.31379195189542497,0.2652309883863412,0.2895114701408831,0.06502432435991615,0.011871763079486248,0.14438078474736626,0.11537170272156627,0.12987624373446627,0.03884387422988801,0.0070918887122010926,hedge,30,0.1746950620965828,0.14298867298038315,0.15884186753848298,0.04245563475666673,0.007751302949808907,0.8,discrete_probability
1.0921183457720747,0.9730857020329265,1.0326020239025007,0.15938763724210023,0.029100068101649598,0.7929965693183139,0.6958788593862548,0.7444377143522843,0.1300430019378255,0.023742495202345018,0.3236585864242815,0.2744398810089372,0.29904923371660935,0.06590505694772388,0.012032562114643645,exp3,30,0.41665723751166167,0.36305149464720404,0.38985436607943286,0.07177940797901837,0.013105066971491556,0.8,discrete_probability
0.3437381708392645,0.29087894013188775,0.3173085554855761,0.07077980984230585,0.01292256615551903,0.2808544443308434,0.2375400276048747,0.25919723596785904,0.057999069193161966,0.010589132837132588,0.1239985922719715,0.10305798643650506,0.11352828935423828,0.028039986189397025,0.005119377649355358,fixed_share,30,0.15246379207700325,0.12801588952286694,0.1402398407999351,0.03273634274786192,0.00597681112440821,0.8,discrete_probability
0.2875225984720722,0.23709083473644346,0.2623067166042578,0.06752937187036563,0.012329120089184695,0.22576204438841557,0.1885105585494951,0.20713630146895534,0.049880655634554724,0.009106920091397595,0.09288571380409391,0.07824651978555158,0.08556611679482275,0.019602240800913617,0.0035788631547695074,passive_aggressive,30,0.11799237612129095,0.09893431318006855,0.10846334465067975,0.025519214958120245,0.00465914989412857,0.8,discrete_probability
0.4303059532507052,0.35577856834895305,0.3930422607998291,0.09979400117630165,0.01821980851598583,0.36644017463510514,0.29486302062947867,0.3306515976322919,0.09584356945370126,0.01749856166053509,0.18033613205433258,0.13221484749980128,0.15627548977706693,0.0644355834270946,0.011764274183008584,ensemble_mean,30,0.21285737321190584,0.16188359568955824,0.18737048445073204,0.06825514166009738,0.01246162691764865,0.8,discrete_probability
0.7084276818926878,0.5761301504215564,0.6422789161571221,0.17714964812808698,0.03234295277795202,0.5864753467899037,0.47963285162245023,0.533054099206177,0.14306472852194735,0.02611992633160776,0.26839242188384244,0.2187198756053418,0.24355614874459214,0.06651276102443851,0.012143513191678465,oracle_best_member,30,0.3250065282842346,0.266437663893772,0.2957220960890033,0.07842514975644962,0.014318407865776081,0.8,discrete_probability
0.7134990161445535,0.5774175652212857,0.6454582906829196,0.18221640932942682,0.03326801257910729,0.5916286926179152,0.4816132135007164,0.5366209530593158,0.14731343206133357,0.02689562992116572,0.2701885772771545,0.21953407000169495,0.24486132363942473,0.06782763094795435,0.01238357449744337,validation_best_member,30,0.32720887669500526,0.2672112216563162,0.29721004917566074,0.08033833557153972,0.014667706208317331,0.8,discrete_probability
0.2754508296454135,0.2360033587965103,0.2557270942209619,0.05282113356703896,0.009643775455886851,0.22288010558364163,0.19033494508644655,0.2066075253350441,0.043578770263058765,0.007956358500470875,0.09441714103137831,0.08008971694096538,0.08725342898617185,0.019184773200037867,0.003502644347427103,adaptive_ridge,30,0.11816802475758563,0.10058428771018134,0.10937615623388348,0.023545056329370647,0.004298719489775363,1.0,discrete_probability
0.25434718308968085,0.21587715357079232,0.23511216833023657,0.05151231558870999,0.009404819079087159,0.2056681197253366,0.17433970620801215,0.19000391296667438,0.04194951613451876,0.007658898754434282,0.08681872863167933,0.07342350953151278,0.08012111908159605,0.017936527793120112,0.0032747469585367468,static_ridge,30,0.10875585782120877,0.09212414042158164,0.1004399991213952,0.02227027860873306,0.004065977985309288,1.0,discrete_probability
0.2566515598478729,0.21818399119161208,0.2374177755197425,0.05150902043313353,0.009404217468740586,0.20671112963559582,0.17596826778247518,0.1913396987090355,0.04116544805614225,0.007515748163385434,0.0869957393268685,0.07404495443862485,0.08052034688274667,0.01734141945373734,0.0031660955379902854,rls,30,0.10922229329726678,0.09297376593418126,0.10109802961572402,0.02175717772631524,0.003972299009450606,1.0,discrete_probability
0.3776157367494256,0.3250495287409718,0.3513326327451987,0.07038744524237321,0.01285093050813583,0.31717259776050044,0.26782476789507603,0.29249868282778824,0.06607795776183631,0.012064129340010442,0.15140957236682284,0.11830151396907035,0.1348555431679466,0.04433250439480664,0.008093970895910836,hedge,30,0.17991373397719812,0.14550694926559177,0.16271034162139494,0.046071530867602926,0.008411472238327226,1.0,discrete_probability
1.1366194716543667,1.0028602521859935,1.0697398619201801,0.17910688430252672,0.03270029357898727,0.8186386067722107,0.7069091614453102,0.7627738841087605,0.14960847496633528,0.027314645511002926,0.3207539297214152,0.2665355547348866,0.2936447422281509,0.07259973745644722,0.013254837957949626,exp3,30,0.42136766250399793,0.3608560481862684,0.39111185534513315,0.08102653968556786,0.014793354514124356,1.0,discrete_probability
0.34353257967093603,0.2938629034659293,0.31869774156843267,0.06650891792544873,0.012142811541009322,0.2801579420189908,0.23847956014382055,0.2593187510814057,0.05580837829423563,0.010189169229844846,0.12304063687478177,0.10268080068567746,0.11286071878022962,0.02726232135051093,0.00497739612454318,fixed_share,30,0.15157572544767062,0.12778016093162953,0.13967794318965007,0.031862846072420514,0.005817333180059867,1.0,discrete_probability
0.26837909574265534,0.2275398086513747,0.247959452197015,0.05468480974341504,0.009984034616448903,0.2102033391656474,0.18072621730339092,0.19546477823451916,0.039470591081035615,0.007206311031048475,0.08665835758207745,0.07541866935954718,0.08103851347081231,0.015050218938704204,0.002747781469373251,passive_aggressive,30,0.11018015415753554,0.09527252910652745,0.1027263416320315,0.019961676554696734,0.0036444868448764693,1.0,discrete_probability
0.4410137882312308,0.36401020479868623,0.4025119965149585,0.10310969190421869,0.01882516805111613,0.37869207627108376,0.30440679455149827,0.341549435411291,0.09946981906152898,0.018160621230318925,0.20216287269578678,0.1426781062754586,0.1724204894856227,0.0796515650984917,0.014542319648345034,ensemble_mean,30,0.22958965674280424,0.17097527735770673,0.20028246705025549,0.07848609545357989,0.014329534976809789,1.0,discrete_probability
0.7013196562557162,0.5533073936829414,0.6273135249693288,0.19819205953310307,0.03618475390822912,0.5780949478493435,0.4571513165901281,0.5176231322197358,0.16194649652687024,0.029567249752232957,0.259153459366925,0.20461565384472927,0.23188455660582713,0.0730274627992073,0.013332929564165066,oracle_best_member,30,0.31622490099923906,0.25053681084687107,0.28338085592305506,0.08795796812911245,0.016058854418878454,1.0,discrete_probability
0.7017896643689857,0.5534765294291958,0.6276330968990907,0.19859493503165174,0.036258308574369534,0.5783438427851612,0.4572371930983082,0.5177905179417347,0.16216478221045988,0.029607103083193784,0.25923836876108663,0.2046521155340977,0.23194524214759216,0.07309233546736135,0.01334477363873624,validation_best_member,30,0.3162530036409058,0.2505477028684405,0.28340035325467317,0.08798101357266996,0.016063061921973175,1.0,discrete_probability
