condition_number,fit_seconds,iterations,lambda,linear_solver,method,n_parameters,objective_variant,preparation_seconds,residual_norm,selection_metric,solve_seconds,tau,validation_cvar_05,validation_mae,validation_rmse,fit_and_validation_seconds,forgetting,ridge,eta,window,gamma,seed,share,C,epsilon,sweep,setting
320812.38113720546,0.23200310000000002,0,0.01,cholesky,adaptive_ridge,510,quadratic_stacked_beta,0.1832311,2.3131117923293164e-15,mae,0.048772,5,0.19315773207151238,0.06743707726364771,0.08446406107238992,,,,,,,16,,,,drift,0.4
,8.89e-5,,0.01,,static_ridge,,,,,mae,,,0.18018664441671364,0.06175857239241533,0.07785626598472639,,,,,,,16,,,,drift,0.4
,,,,,rls,,,,,mae,,,0.1731144052688682,0.06031356533486374,0.07524854676854917,0.0024961,0.995,0.1,,,,16,,,,drift,0.4
,,,,,hedge,,,,,mae,,,0.24733745965349663,0.0910063349143973,0.11211507251629703,0.0008742,,,0.01,0,,16,,,,drift,0.4
,,,,,exp3,,,,,mae,,,0.7530194786681232,0.18633044603991178,0.2600949836791068,0.0019584,,,,,0.2,16,,,,drift,0.4
,,,,,fixed_share,,,,,mae,,,0.246521713316711,0.0885877184591727,0.10928991473289201,0.0016468,,,0.05,,,16,0.01,,,drift,0.4
,,,,,passive_aggressive,,,,,mae,,,0.18890740578926915,0.06383348388534701,0.08001220354897567,0.0001466,,,,,,16,,1.0e12,0.1,drift,0.4
13580.627638550937,0.0016631999999999999,0,0.0001,cholesky,adaptive_ridge,48,quadratic_stacked_beta,0.0014964,2.4767088793141085e-16,mae,0.0001668,5,0.48503845489882236,0.16090365268931428,0.20312965216849732,,,,,,,2,,,,members,3.0
,3.63e-5,,0.01,,static_ridge,,,,,mae,,,0.47285542390428614,0.16603278171582866,0.2065191434596314,,,,,,,2,,,,members,3.0
,,,,,rls,,,,,mae,,,0.3887120435005631,0.12421948295342952,0.15820330530301752,0.0032774,0.95,0.0001,,,,2,,,,members,3.0
,,,,,hedge,,,,,mae,,,0.5075886731805095,0.17748594243531945,0.22052553159529512,0.0007822,,,1.0,72,,2,,,,members,3.0
,,,,,exp3,,,,,mae,,,0.6211773484585863,0.17153457571637104,0.23146297811615907,0.0006985,,,,,0.05,2,,,,members,3.0
,,,,,fixed_share,,,,,mae,,,0.41756494878545847,0.14332348721192636,0.17909923139121628,0.0007771,,,0.05,,,2,0.01,,,members,3.0
,,,,,passive_aggressive,,,,,mae,,,0.6475263621874318,0.16154246871114,0.22573975827726336,0.0002583,,,,,,2,,1.0e12,0.1,members,3.0
895.2505447076787,0.0015869,0,0.1,cholesky,adaptive_ridge,48,quadratic_stacked_beta,0.0014185,1.942890293094024e-16,mae,0.0001684,5,0.6433482459823615,0.23921483337873511,0.2948117113547481,,,,,,,3,,,,members,3.0
,3.74e-5,,0.1,,static_ridge,,,,,mae,,,0.6495593660730843,0.23738863542512792,0.2933348706721731,,,,,,,3,,,,members,3.0
,,,,,rls,,,,,mae,,,0.6550553307745384,0.1943075891644275,0.25477541849170143,0.0009732,0.9,1.0e-6,,,,3,,,,members,3.0
,,,,,hedge,,,,,mae,,,0.698352064055293,0.29731840678831994,0.3473555301034087,0.0016081,,,1.0,0,,3,,,,members,3.0
,,,,,exp3,,,,,mae,,,0.9282735244317242,0.32256880794991677,0.40191793829502687,0.0009044,,,,,0.1,3,,,,members,3.0
,,,,,fixed_share,,,,,mae,,,0.7021515999492048,0.2708657407290145,0.32717023723828204,0.001008,,,0.1,,,3,0.005,,,members,3.0
,,,,,passive_aggressive,,,,,mae,,,1.3299880223575247,0.280011711403923,0.4659076024930729,0.0001745,,,,,,3,,1.0e12,0.1,members,3.0
2374.495089147718,0.0016599000000000002,0,0.01,cholesky,adaptive_ridge,48,quadratic_stacked_beta,0.0015001,1.9397900991722177e-16,mae,0.0001598,5,0.4693444612815577,0.16454912591120938,0.20343569925431598,,,,,,,4,,,,members,3.0
,3.96e-5,,0.01,,static_ridge,,,,,mae,,,0.46624557676913253,0.1637180391032089,0.20204708445223857,,,,,,,4,,,,members,3.0
,,,,,rls,,,,,mae,,,0.4290975166663101,0.14414690750898854,0.18157713425563501,0.0009657,0.95,1.0e-6,,,,4,,,,members,3.0
,,,,,hedge,,,,,mae,,,0.5536824342073222,0.18860821805930603,0.23655346854309714,0.0013168,,,1.0,72,,4,,,,members,3.0
,,,,,exp3,,,,,mae,,,0.8162309637565838,0.31800891790752095,0.37656044022537616,0.0459893,,,,,0.1,4,,,,members,3.0
,,,,,fixed_share,,,,,mae,,,0.4895962857338233,0.1732730263521269,0.21502239974761508,0.0003791,,,0.05,,,4,0.01,,,members,3.0
,,,,,passive_aggressive,,,,,mae,,,0.713989794900582,0.1871532839636178,0.25536978045412073,0.000152,,,,,,4,,1.0e12,0.1,members,3.0
1257.963600308443,0.0032484,0,0.01,cholesky,adaptive_ridge,48,quadratic_stacked_beta,0.0030426,2.498965354837e-16,mae,0.0002058,5,0.5456428337617707,0.20252411026836944,0.24858053729174495,,,,,,,5,,,,members,3.0
,4.94e-5,,0.0001,,static_ridge,,,,,mae,,,0.5512331002246895,0.20062099814824427,0.2488097733882798,,,,,,,5,,,,members,3.0
,,,,,rls,,,,,mae,,,0.5389451402355857,0.1679308038473178,0.21497305096925917,0.0009673,0.9,1.0e-6,,,,5,,,,members,3.0
,,,,,hedge,,,,,mae,,,0.5953976249259213,0.21573174098299902,0.26690374717009746,0.0007631,,,0.5,168,,5,,,,members,3.0
,,,,,exp3,,,,,mae,,,0.9176254324498077,0.3239971629965155,0.40280079971834126,0.000633,,,,,0.1,5,,,,members,3.0
,,,,,fixed_share,,,,,mae,,,0.5885298530514611,0.21377523968914003,0.26455355806252534,0.0004831,,,0.01,,,5,0.005,,,members,3.0
,,,,,passive_aggressive,,,,,mae,,,0.5978729871313287,0.21591574605294026,0.2673218113511967,0.0001301,,,,,,5,,1.0e12,1.0,members,3.0
861.0200549503589,0.0050925,0,0.1,cholesky,adaptive_ridge,48,quadratic_stacked_beta,0.0047456,2.2073972817097756e-16,mae,0.0003469,5,0.4964116819534935,0.175742032721502,0.21885015584300133,,,,,,,6,,,,members,3.0
,0.000118,,0.1,,static_ridge,,,,,mae,,,0.4835221699393854,0.17087989444985777,0.2134929784140569,,,,,,,6,,,,members,3.0
,,,,,rls,,,,,mae,,,0.46322616314312454,0.15795301465842904,0.19893165390868395,0.0020217,0.9,1.0e-6,,,,6,,,,members,3.0
,,,,,hedge,,,,,mae,,,0.5173404449374774,0.18417922541932502,0.22806299554014062,0.00132,,,1.0,72,,6,,,,members,3.0
,,,,,exp3,,,,,mae,,,0.8884765430917221,0.3308458336404846,0.40281061465838075,0.0017061,,,,,0.05,6,,,,members,3.0
,,,,,fixed_share,,,,,mae,,,0.5133367309855617,0.18209093887752906,0.22561662387070242,0.0006133,,,0.01,,,6,0.005,,,members,3.0
,,,,,passive_aggressive,,,,,mae,,,0.5639618886042479,0.19724946971094842,0.2455271935113875,9.05e-5,,,,,,6,,1.0e12,1.0,members,3.0
4153.336338053989,0.0016182,0,0.0001,cholesky,adaptive_ridge,48,quadratic_stacked_beta,0.0014654,2.827120313889564e-16,mae,0.0001528,5,0.35185470465085544,0.11104405890471981,0.14276082255485026,,,,,,,7,,,,members,3.0
,3.5e-5,,0.01,,static_ridge,,,,,mae,,,0.364026530231129,0.11655804531914586,0.1490512907823447,,,,,,,7,,,,members,3.0
,,,,,rls,,,,,mae,,,0.32531948141826106,0.10188202196725181,0.1319179581565771,0.0008808,0.98,1.0e-6,,,,7,,,,members,3.0
,,,,,hedge,,,,,mae,,,0.4040197835596749,0.14057421009062757,0.1737676788865531,0.0006973,,,1.0,72,,7,,,,members,3.0
,,,,,exp3,,,,,mae,,,0.49589047760326804,0.1556210259163073,0.2001135628172462,0.0006022,,,,,0.05,7,,,,members,3.0
,,,,,fixed_share,,,,,mae,,,0.35565952052524563,0.11171706684458615,0.14319633496387565,0.0006699,,,0.1,,,7,0.01,,,members,3.0
,,,,,passive_aggressive,,,,,mae,,,0.432069609956212,0.12902444408420882,0.16951552656243246,0.0001518,,,,,,7,,1.0e12,0.1,members,3.0
1977.0140429970975,0.0015783,0,0.01,cholesky,adaptive_ridge,48,quadratic_stacked_beta,0.0014043,3.242541112088674e-16,mae,0.000174,5,0.37963942942535595,0.13608834742701686,0.167899984329008,,,,,,,8,,,,members,3.0
,3.65e-5,,0.1,,static_ridge,,,,,mae,,,0.40126591303686043,0.13770464947008448,0.17278778554423319,,,,,,,8,,,,members,3.0
,,,,,rls,,,,,mae,,,0.3493886592296498,0.12011802949441637,0.149691218955016,0.0009738,0.9,1.0e-6,,,,8,,,,members,3.0
,,,,,hedge,,,,,mae,,,0.4295274554544388,0.1500884179472786,0.18804606018394823,0.0014343,,,1.0,72,,8,,,,members,3.0
,,,,,exp3,,,,,mae,,,0.7522630721366319,0.27720291012542786,0.33661477948217083,0.0009142,,,,,0.05,8,,,,members,3.0
,,,,,fixed_share,,,,,mae,,,0.4135190182858174,0.14262177222423683,0.17931052516041374,0.000889,,,0.01,,,8,0.005,,,members,3.0
,,,,,passive_aggressive,,,,,mae,,,0.4822103975354928,0.13875259168199758,0.18395927298641046,0.0001659,,,,,,8,,1.0e12,0.1,members,3.0
453.83167097454816,0.0016983999999999999,0,0.1,cholesky,adaptive_ridge,48,quadratic_stacked_beta,0.0014971,2.5514002453611344e-16,mae,0.0002013,5,0.6128396219372004,0.22454186919853136,0.27536894834599923,,,,,,,9,,,,members,3.0
,3.53e-5,,0.1,,static_ridge,,,,,mae,,,0.6367782650473065,0.2432310217338724,0.2939038140477562,,,,,,,9,,,,members,3.0
,,,,,rls,,,,,mae,,,0.5308568422920387,0.16711256988409035,0.21306467254445058,0.002281,0.9,1.0e-6,,,,9,,,,members,3.0
,,,,,hedge,,,,,mae,,,0.6581870873694203,0.23362322224279902,0.2895931260983317,0.0007392,,,1.0,168,,9,,,,members,3.0
,,,,,exp3,,,,,mae,,,0.9487976539795946,0.30597258393909293,0.3895501272948704,0.0006704,,,,,0.1,9,,,,members,3.0
,,,,,fixed_share,,,,,mae,,,0.6440116969646594,0.2179876303924121,0.27505929940124074,0.0005296,,,0.05,,,9,0.01,,,members,3.0
,,,,,passive_aggressive,,,,,mae,,,0.9862632805378445,0.22195694362061338,0.32872946107720236,0.0001688,,,,,,9,,1.0e12,0.1,members,3.0
1330.5411232306794,0.07373880000000001,0,0.1,cholesky,adaptive_ridge,48,quadratic_stacked_beta,0.0735775,2.4902799884605145e-16,mae,0.0001613,5,0.7740712712752013,0.29887960529066787,0.36404504168445084,,,,,,,10,,,,members,3.0
,3.4e-5,,0.1,,static_ridge,,,,,mae,,,0.7571008289131427,0.3079285098803499,0.3683927776995138,,,,,,,10,,,,members,3.0
,,,,,rls,,,,,mae,,,0.7392640296395399,0.19274756623406403,0.26822113900925976,0.0009027,0.9,1.0e-6,,,,10,,,,members,3.0
,,,,,hedge,,,,,mae,,,0.8649940282317271,0.3360671218040635,0.40261479916906184,0.0016296,,,1.0,168,,10,,,,members,3.0
,,,,,exp3,,,,,mae,,,1.2206432450161895,0.5068483706030443,0.5838453395494588,0.0009062,,,,,0.01,10,,,,members,3.0
,,,,,fixed_share,,,,,mae,,,0.880095165267791,0.3323202789405893,0.4005490223158323,0.0005555,,,0.05,,,10,0.01,,,members,3.0
,,,,,passive_aggressive,,,,,mae,,,1.7614954067693958,0.2870037985188309,0.5574491325907609,0.0001457,,,,,,10,,1.0e12,0.1,members,3.0
1343.0910513854503,0.0015259000000000002,0,0.01,cholesky,adaptive_ridge,48,quadratic_stacked_beta,0.0013699,2.026584714835721e-16,mae,0.000156,5,0.34859303245398193,0.11695306896917232,0.1465949572572843,,,,,,,11,,,,members,3.0
,3.72e-5,,0.001,,static_ridge,,,,,mae,,,0.3501811455410014,0.1194809360326155,0.15016974382421322,,,,,,,11,,,,members,3.0
,,,,,rls,,,,,mae,,,0.3160677510587602,0.1065623763848464,0.13511917789290984,0.0008683,0.95,1.0e-6,,,,11,,,,members,3.0
,,,,,hedge,,,,,mae,,,0.44197130130404466,0.1544520116598837,0.1936505451723327,0.0012724,,,1.0,72,,11,,,,members,3.0
,,,,,exp3,,,,,mae,,,0.7994502605079232,0.33014326265178184,0.38532172022639,0.0006682,,,,,0.05,11,,,,members,3.0
,,,,,fixed_share,,,,,mae,,,0.36661336840730885,0.12082814967101252,0.15232536069048835,0.0004612,,,0.05,,,11,0.005,,,members,3.0
,,,,,passive_aggressive,,,,,mae,,,0.42946788506217304,0.12537179624137507,0.16532523470161964,0.0001694,,,,,,11,,1.0e12,0.1,members,3.0
1696.5585731535225,0.0015103,0,0.01,cholesky,adaptive_ridge,48,quadratic_stacked_beta,0.0013534,3.137227742525949e-16,mae,0.0001569,5,0.4560636567600481,0.14670099715757703,0.18633521076407328,,,,,,,12,,,,members,3.0
,3.57e-5,,0.01,,static_ridge,,,,,mae,,,0.44686704146986506,0.14330712895019615,0.18253009609615095,,,,,,,12,,,,members,3.0
,,,,,rls,,,,,mae,,,0.4197625201618485,0.1311422253480548,0.16828307718263297,0.0023194,0.9,1.0e-6,,,,12,,,,members,3.0
,,,,,hedge,,,,,mae,,,0.6487623052055786,0.2707113573683138,0.3183059848591068,0.0007355,,,1.0,72,,12,,,,members,3.0
,,,,,exp3,,,,,mae,,,0.6848202285361202,0.1957388247667757,0.2585800738069249,0.0008075,,,,,0.05,12,,,,members,3.0
,,,,,fixed_share,,,,,mae,,,0.4657050767700961,0.14938702005778567,0.1899611102056185,0.0008462,,,0.5,,,12,0.05,,,members,3.0
,,,,,passive_aggressive,,,,,mae,,,0.5542089603846635,0.162501055608637,0.21298742207682714,0.0001767,,,,,,12,,1.0e12,0.1,members,3.0
6591.489482627585,0.0017194999999999999,0,0.001,cholesky,adaptive_ridge,48,quadratic_stacked_beta,0.0014883,3.7070354741100805e-16,mae,0.0002312,5,0.38887813237499486,0.12755652402551093,0.1618123324588866,,,,,,,13,,,,members,3.0
,5.2e-5,,0.01,,static_ridge,,,,,mae,,,0.400177578089112,0.1298119720959989,0.16453891206384272,,,,,,,13,,,,members,3.0
,,,,,rls,,,,,mae,,,0.34079783413641984,0.11005324493264725,0.14132549260748958,0.0010446,0.9,1.0e-6,,,,13,,,,members,3.0
,,,,,hedge,,,,,mae,,,0.5775755687619367,0.2651894624356872,0.3016567432168909,0.0007373,,,1.0,24,,13,,,,members,3.0
,,,,,exp3,,,,,mae,,,0.6211728713612494,0.16643735165146117,0.22362913405225235,0.0006776,,,,,0.05,13,,,,members,3.0
,,,,,fixed_share,,,,,mae,,,0.3935799257317768,0.12658646339851018,0.1619578940571013,0.0005739,,,0.5,,,13,0.05,,,members,3.0
,,,,,passive_aggressive,,,,,mae,,,0.43281300060692757,0.12082805691127893,0.16281945449535734,0.0002179,,,,,,13,,1.0e12,0.1,members,3.0
1059.7367087006203,0.0071899,0,0.01,cholesky,adaptive_ridge,48,quadratic_stacked_beta,0.0070422,3.10239180263796e-16,mae,0.0001477,5,0.46885830513662824,0.1550738729228243,0.19600764662249587,,,,,,,14,,,,members,3.0
,3.67e-5,,0.01,,static_ridge,,,,,mae,,,0.45547069890989045,0.15531018150156306,0.19439288676434505,,,,,,,14,,,,members,3.0
,,,,,rls,,,,,mae,,,0.41285798042570976,0.13529534175171798,0.1707653965095664,0.0010742,0.9,1.0e-6,,,,14,,,,members,3.0
,,,,,hedge,,,,,mae,,,0.6017948831010363,0.22429626378496625,0.2736458461746793,0.0008468,,,1.0,72,,14,,,,members,3.0
,,,,,exp3,,,,,mae,,,0.6579063840793935,0.2075882141707803,0.26601291688341167,0.00086,,,,,0.05,14,,,,members,3.0
,,,,,fixed_share,,,,,mae,,,0.4606145072472651,0.15328765966905133,0.19441048207787662,0.0010329,,,0.5,,,14,0.05,,,members,3.0
,,,,,passive_aggressive,,,,,mae,,,0.5583554595456458,0.1611040318138259,0.21383762137582468,0.0001689,,,,,,14,,1.0e12,0.1,members,3.0
5063.772545700771,0.0015214999999999998,0,0.01,cholesky,adaptive_ridge,48,quadratic_stacked_beta,0.001359,1.3938370892613756e-16,mae,0.0001625,5,0.2885855024443501,0.09740079149221431,0.12319975018978117,,,,,,,15,,,,members,3.0
,0.0001047,,0.01,,static_ridge,,,,,mae,,,0.2709637282484476,0.09671407241210753,0.11980021799752824,,,,,,,15,,,,members,3.0
,,,,,rls,,,,,mae,,,0.2583465978821737,0.08092111585545822,0.10467638037346125,0.002013,0.9,1.0e-6,,,,15,,,,members,3.0
,,,,,hedge,,,,,mae,,,0.5260768988426018,0.17618988637329183,0.22055917599039068,0.0007474,,,1.0,72,,15,,,,members,3.0
,,,,,exp3,,,,,mae,,,0.4704808745342405,0.16806217356473807,0.2033226693160446,0.0006934,,,,,0.05,15,,,,members,3.0
,,,,,fixed_share,,,,,mae,,,0.3247720462466767,0.10790031133784023,0.13645585515484773,0.0004193,,,0.05,,,15,0.01,,,members,3.0
,,,,,passive_aggressive,,,,,mae,,,0.3233063916317152,0.09214559253777203,0.12341252389573953,0.0001424,,,,,,15,,1.0e12,0.1,members,3.0
20064.931224957476,0.0014765,0,0.01,cholesky,adaptive_ridge,48,quadratic_stacked_beta,0.0013262,2.813462647953859e-16,mae,0.0001503,5,0.2466929707927026,0.07968050633256071,0.10124353921963088,,,,,,,16,,,,members,3.0
,4.74e-5,,0.01,,static_ridge,,,,,mae,,,0.246834798735595,0.07918218660199085,0.10161867876638245,,,,,,,16,,,,members,3.0
,,,,,rls,,,,,mae,,,0.23739158828338192,0.07536023121749309,0.09622032135943784,0.0008931,0.98,0.0001,,,,16,,,,members,3.0
,,,,,hedge,,,,,mae,,,0.30803906164215733,0.11251011621339795,0.13732342932678102,0.0013549,,,1.0,24,,16,,,,members,3.0
,,,,,exp3,,,,,mae,,,0.5005313336233297,0.20630877792280147,0.23965718111437956,0.0009205,,,,,0.05,16,,,,members,3.0
,,,,,fixed_share,,,,,mae,,,0.28136047859536345,0.09328455259181448,0.1169034635017092,0.0008007,,,0.05,,,16,0.02,,,members,3.0
,,,,,passive_aggressive,,,,,mae,,,0.2780582050508185,0.08406190674271487,0.10891103054987239,0.0001186,,,,,,16,,1.0e12,0.1,members,3.0
45613.78312522609,0.0016346000000000002,0,0.0001,cholesky,adaptive_ridge,48,quadratic_stacked_beta,0.0014909,2.6440736937774003e-16,mae,0.0001437,5,0.17929998130570585,0.059112067483103437,0.07445355852668939,,,,,,,17,,,,members,3.0
,4.63e-5,,0.0001,,static_ridge,,,,,mae,,,0.18089920829505815,0.05853754660760275,0.07381556524712819,,,,,,,17,,,,members,3.0
,,,,,rls,,,,,mae,,,0.15791126345583772,0.05189189116253824,0.0656386583177186,0.0009467,0.9,0.01,,,,17,,,,members,3.0
,,,,,hedge,,,,,mae,,,0.4541377960335175,0.21484542151399355,0.24177742709600272,0.0006797,,,1.0,24,,17,,,,members,3.0
,,,,,exp3,,,,,mae,,,0.5672784357623076,0.2237834423227021,0.26200824230988645,0.0005579,,,,,0.05,17,,,,members,3.0
,,,,,fixed_share,,,,,mae,,,0.2172562758713324,0.07376795014449297,0.09242763938128924,0.0006187,,,0.5,,,17,0.05,,,members,3.0
,,,,,passive_aggressive,,,,,mae,,,0.19242912272431345,0.06233255316020911,0.07875696142274015,0.0001126,,,,,,17,,1.0e12,0.1,members,3.0
1225.8751846059708,0.0015582,0,0.0001,cholesky,adaptive_ridge,48,quadratic_stacked_beta,0.0014055,3.920321537349984e-16,mae,0.0001527,5,0.5162024045191993,0.1791877730332764,0.22329942695472876,,,,,,,18,,,,members,3.0
,3.26e-5,,0.1,,static_ridge,,,,,mae,,,0.5617335614456026,0.20445204613753903,0.25126313949595586,,,,,,,18,,,,members,3.0
,,,,,rls,,,,,mae,,,0.4372497983842268,0.14244269150610292,0.17941082799683575,0.0009075,0.9,1.0e-6,,,,18,,,,members,3.0
,,,,,hedge,,,,,mae,,,0.5055188776706965,0.17049093443381755,0.21351471108910633,0.0015906,,,1.0,72,,18,,,,members,3.0
,,,,,exp3,,,,,mae,,,0.8924729932964445,0.27535144693616553,0.35553324403734055,0.0010376,,,,,0.05,18,,,,members,3.0
,,,,,fixed_share,,,,,mae,,,0.5151317441944916,0.17254459727898208,0.21638225670738886,0.0004152,,,0.05,,,18,0.02,,,members,3.0
,,,,,passive_aggressive,,,,,mae,,,0.6024461659882704,0.17197827908072155,0.22772230153802933,0.0001646,,,,,,18,,1.0e12,0.1,members,3.0
3841.9546303848315,0.0015682,0,0.01,cholesky,adaptive_ridge,48,quadratic_stacked_beta,0.0014105,2.4650170333167535e-16,mae,0.0001577,5,0.6690265523677497,0.260926054720361,0.31380211024656784,,,,,,,19,,,,members,3.0
,4.56e-5,,0.0001,,static_ridge,,,,,mae,,,0.6860496889448485,0.2744611726382897,0.3255041623732871,,,,,,,19,,,,members,3.0
,,,,,rls,,,,,mae,,,0.6041836674197067,0.16689801005014102,0.22380710137750762,0.0017549,0.9,1.0e-6,,,,19,,,,members,3.0
,,,,,hedge,,,,,mae,,,0.7240097406010528,0.3361819013564524,0.3779567184263774,0.0012872,,,1.0,24,,19,,,,members,3.0
,,,,,exp3,,,,,mae,,,0.931767066404781,0.3540336257451211,0.42939813737656163,0.0007691,,,,,0.4,19,,,,members,3.0
,,,,,fixed_share,,,,,mae,,,0.76563181884725,0.2870513095091037,0.34757700890371096,0.00072,,,0.05,,,19,0.005,,,members,3.0
,,,,,passive_aggressive,,,,,mae,,,1.0788782162385437,0.22393815825339344,0.34505871162485996,0.0001538,,,,,,19,,1.0e12,0.1,members,3.0
620.8376293703622,0.0089139,0,0.1,cholesky,adaptive_ridge,48,quadratic_stacked_beta,0.0087468,3.219676680299483e-16,mae,0.0001671,5,0.6404080402520731,0.23408866242619114,0.28881023968087965,,,,,,,20,,,,members,3.0
,3.36e-5,,0.1,,static_ridge,,,,,mae,,,0.6514997420028308,0.24527717242710007,0.29784489833599703,,,,,,,20,,,,members,3.0
,,,,,rls,,,,,mae,,,0.5923674810987289,0.17280476609682308,0.22759261277997347,0.0009213,0.9,1.0e-6,,,,20,,,,members,3.0
,,,,,hedge,,,,,mae,,,0.7449451979400661,0.2728775766657612,0.3341673712481971,0.0013299,,,1.0,72,,20,,,,members,3.0
,,,,,exp3,,,,,mae,,,1.0170703295451136,0.3748761842662231,0.45884218463897297,0.001386,,,,,0.05,20,,,,members,3.0
,,,,,fixed_share,,,,,mae,,,0.7126659302875297,0.2565065507859421,0.31854202105980944,0.0009467,,,0.1,,,20,0.02,,,members,3.0
,,,,,passive_aggressive,,,,,mae,,,1.0448278586713646,0.24518495627528175,0.35779876062252153,0.0002906,,,,,,20,,1.0e12,0.1,members,3.0
2068.9719956117524,0.0015002000000000001,0,0.01,cholesky,adaptive_ridge,48,quadratic_stacked_beta,0.0013373,2.0885955386424364e-16,mae,0.0001629,5,0.44659027139231566,0.15686236217209257,0.1942251582444926,,,,,,,21,,,,members,3.0
,4.38e-5,,0.01,,static_ridge,,,,,mae,,,0.446221199599638,0.15568519061525105,0.19306362389910423,,,,,,,21,,,,members,3.0
,,,,,rls,,,,,mae,,,0.38840345182829517,0.13352290805973796,0.167968462078429,0.002182,0.9,1.0e-6,,,,21,,,,members,3.0
,,,,,hedge,,,,,mae,,,0.527297788357949,0.18316619042588636,0.2302989535824252,0.0007189,,,1.0,24,,21,,,,members,3.0
,,,,,exp3,,,,,mae,,,0.9153847224406226,0.3737674183034752,0.44036215490702957,0.000618,,,,,0.05,21,,,,members,3.0
,,,,,fixed_share,,,,,mae,,,0.5140739124918892,0.17858888817188762,0.2243458967386491,0.0004278,,,0.01,,,21,0.005,,,members,3.0
,,,,,passive_aggressive,,,,,mae,,,0.5225756625832285,0.1596907071289911,0.20655469010508223,0.0001591,,,,,,21,,1.0e12,0.1,members,3.0
7553.680203128417,0.0014712,0,0.01,cholesky,adaptive_ridge,48,quadratic_stacked_beta,0.0013004,3.2774798648992196e-16,mae,0.0001708,5,0.42622216511385597,0.14205119966944865,0.18004730363035934,,,,,,,22,,,,members,3.0
,3.74e-5,,0.01,,static_ridge,,,,,mae,,,0.42114527520960976,0.1418077821255295,0.17995872799896753,,,,,,,22,,,,members,3.0
,,,,,rls,,,,,mae,,,0.4173052274014946,0.11947773648898842,0.15713326823924256,0.1057645,0.9,1.0e-6,,,,22,,,,members,3.0
,,,,,hedge,,,,,mae,,,0.5424199547690536,0.19959744301364585,0.24229554038419887,0.0011949,,,1.0,24,,22,,,,members,3.0
,,,,,exp3,,,,,mae,,,0.5705794861104703,0.1752147602977546,0.2276953568229316,0.0008483,,,,,0.05,22,,,,members,3.0
,,,,,fixed_share,,,,,mae,,,0.4256505669974857,0.14025937056357102,0.17851015012795582,0.0004714,,,0.05,,,22,0.005,,,members,3.0
,,,,,passive_aggressive,,,,,mae,,,0.6324506155362504,0.15075561348364816,0.22038875395907404,0.0001371,,,,,,22,,1.0e12,0.1,members,3.0
1750.9167508315143,0.0016636,0,0.0001,cholesky,adaptive_ridge,48,quadratic_stacked_beta,0.0015162,3.331391796911832e-16,mae,0.0001474,5,0.36999632850869135,0.12242880961669932,0.1539356684465587,,,,,,,23,,,,members,3.0
,3.26e-5,,0.01,,static_ridge,,,,,mae,,,0.36779966547484055,0.12170937072810978,0.15299771025265133,,,,,,,23,,,,members,3.0
,,,,,rls,,,,,mae,,,0.3281952340103392,0.10517778469755702,0.13328269167026613,0.0009394,0.9,1.0e-6,,,,23,,,,members,3.0
,,,,,hedge,,,,,mae,,,0.46691654975692387,0.15388569209696673,0.19456327303435464,0.0014576,,,1.0,72,,23,,,,members,3.0
,,,,,exp3,,,,,mae,,,0.6266859076326854,0.25358994135782775,0.2943718230808221,0.000931,,,,,0.05,23,,,,members,3.0
,,,,,fixed_share,,,,,mae,,,0.4458548434237659,0.14954112573057973,0.18675860871205083,0.0010814,,,0.05,,,23,0.02,,,members,3.0
,,,,,passive_aggressive,,,,,mae,,,0.4962465688942031,0.12641320466763836,0.17774735325970928,0.0001551,,,,,,23,,1.0e12,0.1,members,3.0
25469.249238600456,0.0015084,0,0.01,cholesky,adaptive_ridge,48,quadratic_stacked_beta,0.0013479,4.791355229691893e-16,mae,0.0001605,5,0.4338186144103783,0.14913884554746865,0.1861269442749825,,,,,,,24,,,,members,3.0
,5.23e-5,,0.001,,static_ridge,,,,,mae,,,0.4213447131240629,0.14645765409565153,0.18327462350339055,,,,,,,24,,,,members,3.0
,,,,,rls,,,,,mae,,,0.39276737008898793,0.11571904851725766,0.15135267248901005,0.0020588,0.9,1.0e-6,,,,24,,,,members,3.0
,,,,,hedge,,,,,mae,,,0.5220873952190597,0.21364876465596613,0.2525357490437779,0.0013421,,,1.0,24,,24,,,,members,3.0
,,,,,exp3,,,,,mae,,,0.8911522707202962,0.4120394422024139,0.46335489462193474,0.0008636,,,,,0.05,24,,,,members,3.0
,,,,,fixed_share,,,,,mae,,,0.5004219223298638,0.2003063509459753,0.23887385870895275,0.0007897,,,0.05,,,24,0.02,,,members,3.0
,,,,,passive_aggressive,,,,,mae,,,0.5405139081860166,0.13658239813753198,0.19032688904094164,0.0001555,,,,,,24,,1.0e12,0.1,members,3.0
685.7517868331665,0.0015730999999999998,0,0.01,cholesky,adaptive_ridge,48,quadratic_stacked_beta,0.0014454,3.365433270075601e-16,mae,0.0001277,5,0.5228478062982321,0.1746709450248363,0.22091252734391845,,,,,,,25,,,,members,3.0
,3.56e-5,,0.01,,static_ridge,,,,,mae,,,0.5109279612256631,0.17230624229423402,0.21714099880038806,,,,,,,25,,,,members,3.0
,,,,,rls,,,,,mae,,,0.4557073565722666,0.14858012313391206,0.18713193426095037,0.0009538,0.9,1.0e-6,,,,25,,,,members,3.0
,,,,,hedge,,,,,mae,,,0.5389365465873669,0.18631461990319587,0.23138131632800962,0.0006381,,,1.0,0,,25,,,,members,3.0
,,,,,exp3,,,,,mae,,,0.9213360386084493,0.30979252542490054,0.3858467265070765,0.0008268,,,,,0.05,25,,,,members,3.0
,,,,,fixed_share,,,,,mae,,,0.5505792015505007,0.1891730331041016,0.23591027545324264,0.0373556,,,0.01,,,25,0.01,,,members,3.0
,,,,,passive_aggressive,,,,,mae,,,0.6572133491650618,0.19018064514887653,0.2521189613584051,0.0002048,,,,,,25,,1.0e12,0.1,members,3.0
2550.2125448336933,0.0018917,0,0.01,cholesky,adaptive_ridge,48,quadratic_stacked_beta,0.0017043,2.45921144921085e-16,mae,0.0001874,5,0.5200084075962729,0.16981617949814656,0.21515472586886533,,,,,,,26,,,,members,3.0
,4.16e-5,,0.0001,,static_ridge,,,,,mae,,,0.5374377407777913,0.17844655659921027,0.22420999036832592,,,,,,,26,,,,members,3.0
,,,,,rls,,,,,mae,,,0.4567835135573243,0.1284711997802562,0.17172933400352586,0.0008923,0.9,1.0e-6,,,,26,,,,members,3.0
,,,,,hedge,,,,,mae,,,0.6420444526402836,0.2687084006952533,0.31413602588269085,0.0014618,,,1.0,24,,26,,,,members,3.0
,,,,,exp3,,,,,mae,,,0.6976143709211992,0.21136436080378465,0.2722739419827207,0.0010144,,,,,0.05,26,,,,members,3.0
,,,,,fixed_share,,,,,mae,,,0.5586085359244276,0.1859511709839484,0.2330535904666738,0.0009985,,,0.05,,,26,0.005,,,members,3.0
,,,,,passive_aggressive,,,,,mae,,,0.739518371359084,0.16986578774462624,0.24741647058794797,0.000163,,,,,,26,,1.0e12,0.1,members,3.0
10885.031783826153,0.0015903000000000002,0,0.01,cholesky,adaptive_ridge,48,quadratic_stacked_beta,0.001427,4.1447913221215544e-16,mae,0.0001633,5,0.6168821200493698,0.22143803050992766,0.2758623494738711,,,,,,,27,,,,members,3.0
,4.04e-5,,0.1,,static_ridge,,,,,mae,,,0.6171991703070375,0.21617218037297425,0.2712031067998146,,,,,,,27,,,,members,3.0
,,,,,rls,,,,,mae,,,0.5236967110933556,0.14169358582202873,0.19342129376092532,0.0012889,0.9,1.0e-6,,,,27,,,,members,3.0
,,,,,hedge,,,,,mae,,,0.6790599203712199,0.24741696585115774,0.3026440914081587,0.0013212,,,1.0,336,,27,,,,members,3.0
,,,,,exp3,,,,,mae,,,1.0756599478648001,0.3866850572030692,0.4733829827890977,0.0008586,,,,,0.05,27,,,,members,3.0
,,,,,fixed_share,,,,,mae,,,0.6809166424063368,0.2417198634620635,0.29757060406094943,0.0007238,,,0.01,,,27,0.005,,,members,3.0
,,,,,passive_aggressive,,,,,mae,,,1.2721940481928982,0.22404929048732145,0.38907483637708357,0.0001389,,,,,,27,,1.0e12,0.1,members,3.0
4583.719114944421,0.0015607,0,0.001,cholesky,adaptive_ridge,48,quadratic_stacked_beta,0.0014108,3.0499576441961206e-16,mae,0.0001499,5,0.5875464290653958,0.20274390853837163,0.2545076347971219,,,,,,,28,,,,members,3.0
,3.47e-5,,0.01,,static_ridge,,,,,mae,,,0.611092352342004,0.20915848153080202,0.2621252506218533,,,,,,,28,,,,members,3.0
,,,,,rls,,,,,mae,,,0.533891632346927,0.1438822757269715,0.1948396809556484,0.0009474,0.9,1.0e-6,,,,28,,,,members,3.0
,,,,,hedge,,,,,mae,,,0.6362525467877047,0.3153669878710216,0.3473003009492858,0.0007108,,,1.0,24,,28,,,,members,3.0
,,,,,exp3,,,,,mae,,,0.8316363829639242,0.29666682608392325,0.36901402886607737,0.0006258,,,,,0.2,28,,,,members,3.0
,,,,,fixed_share,,,,,mae,,,0.6035665920026899,0.2170299420246596,0.26866655930888517,0.0004124,,,0.05,,,28,0.005,,,members,3.0
,,,,,passive_aggressive,,,,,mae,,,1.0091386746530753,0.19470632988021222,0.33830040790929966,0.0001905,,,,,,28,,1.0e12,0.1,members,3.0
4447.745135918219,0.0016327,0,0.0001,cholesky,adaptive_ridge,48,quadratic_stacked_beta,0.0014809,2.96997628699179e-16,mae,0.0001518,5,0.5827526503760877,0.2181417819906113,0.26745189358012655,,,,,,,29,,,,members,3.0
,4.6e-5,,0.0001,,static_ridge,,,,,mae,,,0.5876159125695649,0.22062890345683206,0.2701534099098027,,,,,,,29,,,,members,3.0
,,,,,rls,,,,,mae,,,0.5139096540282659,0.14490173700655393,0.1929168624002284,0.0009362,0.9,1.0e-6,,,,29,,,,members,3.0
,,,,,hedge,,,,,mae,,,0.6352814767804896,0.25547637414034174,0.3051584285147321,0.0006912,,,1.0,336,,29,,,,members,3.0
,,,,,exp3,,,,,mae,,,0.881656368129466,0.3073670601427122,0.3853198137758819,0.0005273,,,,,0.05,29,,,,members,3.0
,,,,,fixed_share,,,,,mae,,,0.670061401242611,0.2371160187575037,0.2959080989043139,0.0003767,,,0.05,,,29,0.005,,,members,3.0
,,,,,passive_aggressive,,,,,mae,,,0.9516678302887595,0.18770981243263088,0.2990176527104087,0.0001479,,,,,,29,,1.0e12,0.1,members,3.0
381.99016978188257,0.0015191,0,0.1,cholesky,adaptive_ridge,48,quadratic_stacked_beta,0.001345,2.635866513004206e-16,mae,0.0001741,5,0.4858220136146695,0.1695321690154134,0.2115276838539156,,,,,,,30,,,,members,3.0
,4.17e-5,,0.1,,static_ridge,,,,,mae,,,0.48444526069191596,0.16780274534322587,0.20980420332777994,,,,,,,30,,,,members,3.0
,,,,,rls,,,,,mae,,,0.4817885298039151,0.15450841757857667,0.1990725465947832,0.002069,0.9,1.0e-6,,,,30,,,,members,3.0
,,,,,hedge,,,,,mae,,,0.5115538036032949,0.17134720209579324,0.21521442936247576,0.0013631,,,0.5,0,,30,,,,members,3.0
,,,,,exp3,,,,,mae,,,1.0305532767856371,0.3550577082861102,0.4475763048485432,0.0009516,,,,,0.05,30,,,,members,3.0
,,,,,fixed_share,,,,,mae,,,0.5123431007458857,0.17147841961541702,0.2153605122098008,0.0004597,,,0.01,,,30,0.1,,,members,3.0
,,,,,passive_aggressive,,,,,mae,,,0.5120526295495549,0.17143254520598503,0.21537185684529245,9.94e-5,,,,,,30,,1.0e12,1.0,members,3.0
25229.945226513482,0.0125123,0,0.01,cholesky,adaptive_ridge,186,quadratic_stacked_beta,0.0093122,1.1551330718666515e-15,mae,0.0032001,5,0.2826653471200749,0.09774831600411733,0.12222454212530846,,,,,,,1,,,,members,6.0
,5.96e-5,,0.1,,static_ridge,,,,,mae,,,0.3515100628682657,0.13613573456997405,0.16509265510036256,,,,,,,1,,,,members,6.0
,,,,,rls,,,,,mae,,,0.24650153920308693,0.08852773780845054,0.11045660155464371,0.0016444,0.95,1.0e-6,,,,1,,,,members,6.0
,,,,,hedge,,,,,mae,,,0.3317026662436453,0.11072063818419775,0.13918702926285087,0.0014347,,,1.0,336,,1,,,,members,6.0
,,,,,exp3,,,,,mae,,,1.0003732895937143,0.37255416022554366,0.4510590837124677,0.0010489,,,,,0.05,1,,,,members,6.0
,,,,,fixed_share,,,,,mae,,,0.3223682003778435,0.10815473203848272,0.13615992513453565,0.0006378,,,0.01,,,1,0.005,,,members,6.0
,,,,,passive_aggressive,,,,,mae,,,0.2784688809984817,0.0910702933095207,0.11502636539152697,0.000163,,,,,,1,,1.0e12,0.1,members,6.0
103854.88981324936,0.011280199999999999,0,0.01,cholesky,adaptive_ridge,186,quadratic_stacked_beta,0.0080974,1.3689155693061499e-15,mae,0.0031828,5,0.4793682171009484,0.15505674438563255,0.19661831683805325,,,,,,,2,,,,members,6.0
,8.1e-5,,0.0001,,static_ridge,,,,,mae,,,0.45514008533624434,0.1552288242450573,0.19379037104201377,,,,,,,2,,,,members,6.0
,,,,,rls,,,,,mae,,,0.3505309598586625,0.10450291775669572,0.1367973975595814,0.001644,0.9,0.1,,,,2,,,,members,6.0
,,,,,hedge,,,,,mae,,,0.5875525352149894,0.29981655457043555,0.33010895861777473,0.0015116,,,1.0,24,,2,,,,members,6.0
,,,,,exp3,,,,,mae,,,0.9016160429725133,0.2602226279628991,0.33516245598594463,0.0015142,,,,,0.1,2,,,,members,6.0
,,,,,fixed_share,,,,,mae,,,0.472793187283778,0.20800799142080234,0.23989692724517425,0.0007375,,,1.0,,,2,0.005,,,members,6.0
,,,,,passive_aggressive,,,,,mae,,,0.44336153607187073,0.1273491281633286,0.1679362855545202,0.0001712,,,,,,2,,1.0e12,0.1,members,6.0
159734.8449857431,0.0396338,0,0.01,cholesky,adaptive_ridge,186,quadratic_stacked_beta,0.0086806,8.510971308895033e-16,mae,0.0309532,5,0.2605087252512996,0.08464736426373913,0.10715339397975313,,,,,,,3,,,,members,6.0
,6.04e-5,,0.01,,static_ridge,,,,,mae,,,0.23123589003556716,0.07928311609690895,0.09847921169916184,,,,,,,3,,,,members,6.0
,,,,,rls,,,,,mae,,,0.23674749153051028,0.07811285354782521,0.09873496054915198,0.0670672,0.95,0.0001,,,,3,,,,members,6.0
,,,,,hedge,,,,,mae,,,0.40348633640293263,0.17648278686965763,0.20387891105601597,0.002564,,,1.0,72,,3,,,,members,6.0
,,,,,exp3,,,,,mae,,,0.5767420364818454,0.14377547452176728,0.20026235348899693,0.0015052,,,,,0.05,3,,,,members,6.0
,,,,,fixed_share,,,,,mae,,,0.2553992010934269,0.09130088145900687,0.11341690114522053,0.0015384,,,0.1,,,3,0.005,,,members,6.0
,,,,,passive_aggressive,,,,,mae,,,0.26259316664826654,0.08577054314015081,0.10879900999896495,0.0001508,,,,,,3,,1.0e12,0.1,members,6.0
33877.86404300885,0.14705279999999998,0,0.01,cholesky,adaptive_ridge,186,quadratic_stacked_beta,0.1440897,9.966858222392771e-16,mae,0.0029631,5,0.3203557219577696,0.10665621587881614,0.13396319603923715,,,,,,,4,,,,members,6.0
,8.51e-5,,0.0001,,static_ridge,,,,,mae,,,0.2752157336725634,0.09258180368798404,0.11667332254367707,,,,,,,4,,,,members,6.0
,,,,,rls,,,,,mae,,,0.25852412901321015,0.08329569625154842,0.10569262606991561,0.0015118,0.95,1.0e-6,,,,4,,,,members,6.0
,,,,,hedge,,,,,mae,,,0.39050057553111656,0.13479637738282235,0.16846277501272816,0.0007994,,,1.0,72,,4,,,,members,6.0
,,,,,exp3,,,,,mae,,,0.7647585069968821,0.23159922687119497,0.2931216710899366,0.000822,,,,,0.1,4,,,,members,6.0
,,,,,fixed_share,,,,,mae,,,0.29224297459109944,0.1001943903942013,0.12538486919081718,0.0009577,,,0.05,,,4,0.005,,,members,6.0
,,,,,passive_aggressive,,,,,mae,,,0.28364739022490665,0.08693622175206138,0.11220961928340999,0.00026,,,,,,4,,1.0e12,0.1,members,6.0
2.379760978723028e6,0.012218799999999998,0,0.0001,cholesky,adaptive_ridge,186,quadratic_stacked_beta,0.0088937,9.52533801567439e-16,mae,0.0033251,5,0.18903183606486584,0.06082616975909052,0.07731454940109048,,,,,,,5,,,,members,6.0
,0.0001104,,0.0001,,static_ridge,,,,,mae,,,0.24673181599050253,0.09717887567895886,0.115650172333432,,,,,,,5,,,,members,6.0
,,,,,rls,,,,,mae,,,0.14977009088403548,0.05009263373497272,0.06306032734931837,0.0016353,0.95,0.0001,,,,5,,,,members,6.0
,,,,,hedge,,,,,mae,,,0.32003864806948246,0.12765081308604112,0.15290623760285613,0.0008489,,,1.0,24,,5,,,,members,6.0
,,,,,exp3,,,,,mae,,,0.6522343434853647,0.17982504288973641,0.228410791328389,0.0025758,,,,,0.1,5,,,,members,6.0
,,,,,fixed_share,,,,,mae,,,0.24106820008458427,0.09282429894252008,0.1122503630411233,0.0017316,,,0.1,,,5,0.02,,,members,6.0
,,,,,passive_aggressive,,,,,mae,,,0.16378869208103145,0.05577374065172678,0.07012690109702933,0.000122,,,,,,5,,1.0e12,0.1,members,6.0
2220.257006356649,0.014568900000000001,0,0.1,cholesky,adaptive_ridge,186,quadratic_stacked_beta,0.0104667,9.567373486587861e-16,mae,0.0041022,5,0.3440609428641923,0.1252059075552581,0.1552402837614471,,,,,,,6,,,,members,6.0
,5.66e-5,,0.1,,static_ridge,,,,,mae,,,0.34184396797547945,0.1231374038217604,0.1523654431541687,,,,,,,6,,,,members,6.0
,,,,,rls,,,,,mae,,,0.33083508567557196,0.11491580464258766,0.1434899983390785,0.001711,0.95,0.01,,,,6,,,,members,6.0
,,,,,hedge,,,,,mae,,,0.34600156263702464,0.12290342997761662,0.15101684031955892,0.0006821,,,1.0,0,,6,,,,members,6.0
,,,,,exp3,,,,,mae,,,0.9325438184319107,0.3090719160903012,0.3906630540261665,0.0508615,,,,,0.4,6,,,,members,6.0
,,,,,fixed_share,,,,,mae,,,0.35457113350365327,0.12328053291489292,0.15245541688753966,0.0007825,,,0.01,,,6,0.005,,,members,6.0
,,,,,passive_aggressive,,,,,mae,,,0.39272496629205195,0.1252495338080258,0.15984807017569833,0.0001863,,,,,,6,,1.0e12,0.1,members,6.0
49930.537780886654,0.015290000000000002,0,0.01,cholesky,adaptive_ridge,186,quadratic_stacked_beta,0.0110886,9.96426131020373e-16,mae,0.0042014,5,0.24999509068359424,0.08675690012910489,0.10756315114362183,,,,,,,7,,,,members,6.0
,7.8e-5,,0.01,,static_ridge,,,,,mae,,,0.23276394686079477,0.07905683798416685,0.09919580283933807,,,,,,,7,,,,members,6.0
,,,,,rls,,,,,mae,,,0.23127122522127333,0.07889191768786921,0.09896497564690003,0.0014836,0.98,0.01,,,,7,,,,members,6.0
,,,,,hedge,,,,,mae,,,0.292391892785437,0.10237834417686088,0.12809897008697058,0.0013471,,,0.01,0,,7,,,,members,6.0
,,,,,exp3,,,,,mae,,,0.7823676978047854,0.2065025441859154,0.2790137979149241,0.0012624,,,,,0.1,7,,,,members,6.0
,,,,,fixed_share,,,,,mae,,,0.2935828114415826,0.10313167007235456,0.1289624292446587,0.0008379,,,0.01,,,7,0.1,,,members,6.0
,,,,,passive_aggressive,,,,,mae,,,0.23747053505164548,0.08019501542437117,0.10091369807695717,0.0001433,,,,,,7,,1.0e12,0.1,members,6.0
19521.204559369962,0.0110125,0,0.01,cholesky,adaptive_ridge,186,quadratic_stacked_beta,0.0079276,7.529358122569129e-16,mae,0.0030849,5,0.32533847180399716,0.11361905133606488,0.14192241258439162,,,,,,,8,,,,members,6.0
,6.12e-5,,0.01,,static_ridge,,,,,mae,,,0.31475118374191413,0.1063711798310008,0.13223594712927997,,,,,,,8,,,,members,6.0
,,,,,rls,,,,,mae,,,0.2927390989064469,0.09517766876266326,0.12090656286148087,0.0014208,0.95,1.0e-6,,,,8,,,,members,6.0
,,,,,hedge,,,,,mae,,,0.3890437293923141,0.1382316843384225,0.17121126277455478,0.0017505,,,1.0,72,,8,,,,members,6.0
,,,,,exp3,,,,,mae,,,0.6510234424220249,0.1908671056799347,0.24854405384581837,0.0025322,,,,,0.1,8,,,,members,6.0
,,,,,fixed_share,,,,,mae,,,0.31163294609707753,0.10654258149862518,0.13282532816163903,0.0021611,,,0.05,,,8,0.01,,,members,6.0
,,,,,passive_aggressive,,,,,mae,,,0.3335088523842383,0.10150028475486177,0.1312227129374706,0.0002142,,,,,,8,,1.0e12,0.1,members,6.0
225576.54589428092,0.0128394,0,0.01,cholesky,adaptive_ridge,186,quadratic_stacked_beta,0.0096804,1.0279872375108927e-15,mae,0.003159,5,0.2124689795098254,0.07249453735421726,0.09086288075830107,,,,,,,9,,,,members,6.0
,8.96e-5,,0.01,,static_ridge,,,,,mae,,,0.20671658811661098,0.07124012460509956,0.08918303072828725,,,,,,,9,,,,members,6.0
,,,,,rls,,,,,mae,,,0.20343980169572803,0.0670096385938338,0.08477023229227124,0.0246998,0.98,1.0e-6,,,,9,,,,members,6.0
,,,,,hedge,,,,,mae,,,0.4291035674510219,0.19923581606200483,0.22598844082403058,0.0015847,,,1.0,24,,9,,,,members,6.0
,,,,,exp3,,,,,mae,,,0.765744588425123,0.23917638899124172,0.3066439065519258,0.0007274,,,,,0.1,9,,,,members,6.0
,,,,,fixed_share,,,,,mae,,,0.3228613556384296,0.11021154544374494,0.13934083550482176,0.0005757,,,0.05,,,9,0.01,,,members,6.0
,,,,,passive_aggressive,,,,,mae,,,0.21893420083839824,0.07233671632078743,0.09152116721754537,0.0001212,,,,,,9,,1.0e12,0.1,members,6.0
35217.48376372412,0.013367400000000002,0,0.01,cholesky,adaptive_ridge,186,quadratic_stacked_beta,0.0089577,1.2448239563462419e-15,mae,0.0044097,5,0.24429808632843716,0.08117625626818321,0.10282177418123414,,,,,,,10,,,,members,6.0
,0.0001492,,0.01,,static_ridge,,,,,mae,,,0.23379653782172888,0.07959456104691297,0.1006222669384424,,,,,,,10,,,,members,6.0
,,,,,rls,,,,,mae,,,0.21806644147954699,0.07349540158109646,0.09260032293843684,0.0046337,0.995,0.1,,,,10,,,,members,6.0
,,,,,hedge,,,,,mae,,,0.2800430530086684,0.099297853348574,0.12403337635178266,0.002278,,,1.0,168,,10,,,,members,6.0
,,,,,exp3,,,,,mae,,,0.8433962757299679,0.256412206744625,0.3341253294492861,0.0010723,,,,,0.05,10,,,,members,6.0
,,,,,fixed_share,,,,,mae,,,0.24178806068185849,0.08233155869016767,0.1032637272892724,0.001425,,,0.1,,,10,0.02,,,members,6.0
,,,,,passive_aggressive,,,,,mae,,,0.24606727914702653,0.077163488946846,0.09992949204347645,0.0001498,,,,,,10,,1.0e12,0.1,members,6.0
35048.819650876045,0.0130338,0,0.01,cholesky,adaptive_ridge,186,quadratic_stacked_beta,0.0087142,9.227424496649089e-16,mae,0.0043196,5,0.25507115370024996,0.0882453360437302,0.1102940800126183,,,,,,,11,,,,members,6.0
,6.17e-5,,0.001,,static_ridge,,,,,mae,,,0.24870001391161722,0.08623402752579977,0.10713818354023734,,,,,,,11,,,,members,6.0
,,,,,rls,,,,,mae,,,0.2341779615232069,0.08146118133305796,0.10063654345230552,0.001749,0.995,1.0e-6,,,,11,,,,members,6.0
,,,,,hedge,,,,,mae,,,0.2941371465336454,0.1035256958939523,0.12899012941810975,0.0006617,,,1.0,0,,11,,,,members,6.0
,,,,,exp3,,,,,mae,,,0.610798788293585,0.21477964833256175,0.2653748934971982,0.0008622,,,,,0.1,11,,,,members,6.0
,,,,,fixed_share,,,,,mae,,,0.23172758926973358,0.08275764952261538,0.10210461788813174,0.0006033,,,0.05,,,11,0.005,,,members,6.0
,,,,,passive_aggressive,,,,,mae,,,0.2852289092747172,0.09438882431328445,0.11995697651023357,0.0001507,,,,,,11,,1.0e12,0.1,members,6.0
111826.9489246529,0.0116925,0,0.01,cholesky,adaptive_ridge,186,quadratic_stacked_beta,0.008534,9.762348057295802e-16,mae,0.0031585,5,0.23126812041965772,0.0802546454652817,0.09964357848208319,,,,,,,12,,,,members,6.0
,6.52e-5,,0.01,,static_ridge,,,,,mae,,,0.22527429073257488,0.07663972116578101,0.0956545710966124,,,,,,,12,,,,members,6.0
,,,,,rls,,,,,mae,,,0.21692799442499539,0.0763765671298866,0.0944506240176446,0.0033022,0.995,0.1,,,,12,,,,members,6.0
,,,,,hedge,,,,,mae,,,0.41046019756917973,0.1505245126641761,0.18340669644432828,0.0018361,,,1.0,168,,12,,,,members,6.0
,,,,,exp3,,,,,mae,,,0.6357891092066261,0.14384514851367558,0.2083397426489357,0.001221,,,,,0.1,12,,,,members,6.0
,,,,,fixed_share,,,,,mae,,,0.29897118970118247,0.110174230134675,0.13586077166060112,0.0012632,,,0.05,,,12,0.005,,,members,6.0
,,,,,passive_aggressive,,,,,mae,,,0.2522411286846973,0.08214764417274785,0.10452570834182835,0.0001022,,,,,,12,,1.0e12,0.1,members,6.0
13704.502524157582,0.011813500000000001,0,0.01,cholesky,adaptive_ridge,186,quadratic_stacked_beta,0.0087106,5.083779476263766e-16,mae,0.0031029,5,0.2636005282196402,0.09211263958951554,0.11378264304262134,,,,,,,13,,,,members,6.0
,6.73e-5,,0.01,,static_ridge,,,,,mae,,,0.29368912686243204,0.10402546459240766,0.12886002551710876,,,,,,,13,,,,members,6.0
,,,,,rls,,,,,mae,,,0.21265641715056344,0.0764369578933549,0.09478253781173265,0.0045507,0.99,1.0e-6,,,,13,,,,members,6.0
,,,,,hedge,,,,,mae,,,0.38923469379451353,0.15251683838510563,0.18305643100576063,0.0009048,,,1.0,24,,13,,,,members,6.0
,,,,,exp3,,,,,mae,,,0.7475739776883104,0.23308653232760998,0.2996734395945258,0.000958,,,,,0.05,13,,,,members,6.0
,,,,,fixed_share,,,,,mae,,,0.218511982536332,0.0777319250076384,0.09640355875763451,0.0013279,,,0.1,,,13,0.01,,,members,6.0
,,,,,passive_aggressive,,,,,mae,,,0.24640441916145123,0.08636059735626817,0.10663761300192179,0.0001556,,,,,,13,,1.0e12,0.1,members,6.0
174662.99105542063,0.0121017,0,0.1,cholesky,adaptive_ridge,186,quadratic_stacked_beta,0.0087022,8.329960782064583e-16,mae,0.0033995,5,0.4481515765861869,0.14121829615926307,0.18193169248850877,,,,,,,14,,,,members,6.0
,6.7e-5,,0.1,,static_ridge,,,,,mae,,,0.32430214510276284,0.11087512096797235,0.1386895566380015,,,,,,,14,,,,members,6.0
,,,,,rls,,,,,mae,,,0.21006300491732383,0.06201326858235976,0.08141375132941638,0.0015982,0.9,0.01,,,,14,,,,members,6.0
,,,,,hedge,,,,,mae,,,0.3946339868423955,0.15458162059367184,0.18696815649208695,0.001333,,,1.0,24,,14,,,,members,6.0
,,,,,exp3,,,,,mae,,,0.8441354457684258,0.2991006923788877,0.3643210003642958,0.0012501,,,,,0.1,14,,,,members,6.0
,,,,,fixed_share,,,,,mae,,,0.30687688174952166,0.10659341930408912,0.13305852506119162,0.0014598,,,0.05,,,14,0.005,,,members,6.0
,,,,,passive_aggressive,,,,,mae,,,0.25106823894828617,0.07860884037460719,0.10128681843587758,0.0001674,,,,,,14,,1.0e12,0.1,members,6.0
124968.5548763141,0.0118806,0,0.001,cholesky,adaptive_ridge,186,quadratic_stacked_beta,0.0084973,5.632170551564599e-16,mae,0.0033833,5,0.3098111513253039,0.10221896829613827,0.12898315237213473,,,,,,,15,,,,members,6.0
,8.63e-5,,0.0001,,static_ridge,,,,,mae,,,0.32749023208559136,0.10855566176385475,0.1370553288915947,,,,,,,15,,,,members,6.0
,,,,,rls,,,,,mae,,,0.1763175361285031,0.05751996500734467,0.07288913495180493,0.0038436,0.95,1.0e-6,,,,15,,,,members,6.0
,,,,,hedge,,,,,mae,,,0.4537610070088797,0.15280108464538705,0.19176301722227104,0.0008703,,,1.0,168,,15,,,,members,6.0
,,,,,exp3,,,,,mae,,,0.6744787689381596,0.11193865065796549,0.18675268039406623,0.0009042,,,,,0.1,15,,,,members,6.0
,,,,,fixed_share,,,,,mae,,,0.19692392520670574,0.07460866737104252,0.09102058837879048,0.0007627,,,0.1,,,15,0.005,,,members,6.0
,,,,,passive_aggressive,,,,,mae,,,0.1958151000008776,0.06419623452528858,0.08097291275901064,0.0001551,,,,,,15,,1.0e12,0.1,members,6.0
269152.54246731417,0.11596429999999999,0,0.01,cholesky,adaptive_ridge,186,quadratic_stacked_beta,0.1126841,1.3816067878129433e-15,mae,0.0032802,5,0.3446029393930226,0.1203879592626121,0.15045518046956982,,,,,,,16,,,,members,6.0
,6.36e-5,,0.01,,static_ridge,,,,,mae,,,0.33405256382632315,0.12239791047831963,0.14987056541916083,,,,,,,16,,,,members,6.0
,,,,,rls,,,,,mae,,,0.26691429625336044,0.07704015819025903,0.10186096596054235,0.1673748,0.9,0.01,,,,16,,,,members,6.0
,,,,,hedge,,,,,mae,,,0.48485422765439823,0.21161359815351863,0.24425913810680824,0.0007952,,,0.01,24,,16,,,,members,6.0
,,,,,exp3,,,,,mae,,,0.6071200031430641,0.3008810471098817,0.31856856193495087,0.0012702,,,,,0.1,16,,,,members,6.0
,,,,,fixed_share,,,,,mae,,,0.48421299885086894,0.21199015184502812,0.2444259921566152,0.0090363,,,0.01,,,16,0.1,,,members,6.0
,,,,,passive_aggressive,,,,,mae,,,0.37900805144038735,0.09781387172122867,0.13606913704056162,0.0001696,,,,,,16,,1.0e12,0.1,members,6.0
25667.27120883363,0.0121101,0,0.01,cholesky,adaptive_ridge,186,quadratic_stacked_beta,0.0086102,1.1399232138517349e-15,mae,0.0034999,5,0.3338904932564145,0.11363976272316179,0.1429175676716088,,,,,,,17,,,,members,6.0
,6.81e-5,,0.1,,static_ridge,,,,,mae,,,0.3738886400336353,0.13653416199703775,0.168347201802348,,,,,,,17,,,,members,6.0
,,,,,rls,,,,,mae,,,0.2973103473802648,0.10019657996553061,0.1251230036813092,0.0036667,0.95,1.0e-6,,,,17,,,,members,6.0
,,,,,hedge,,,,,mae,,,0.3246168731977982,0.111612768132865,0.13998491191700174,0.001551,,,1.0,72,,17,,,,members,6.0
,,,,,exp3,,,,,mae,,,0.7807759080692473,0.26020457516576945,0.3275446662679141,0.0014086,,,,,0.05,17,,,,members,6.0
,,,,,fixed_share,,,,,mae,,,0.314090298264954,0.10824927308598313,0.13556224129839567,0.001394,,,0.05,,,17,0.02,,,members,6.0
,,,,,passive_aggressive,,,,,mae,,,0.3607590203312987,0.10924226063247362,0.14142873321562968,0.0001736,,,,,,17,,1.0e12,0.1,members,6.0
23725.765960413224,0.0335646,0,0.1,cholesky,adaptive_ridge,186,quadratic_stacked_beta,0.0305503,1.0971382017654378e-15,mae,0.0030143,5,0.25789147440407856,0.08771241847668615,0.10975791284869307,,,,,,,18,,,,members,6.0
,6.4e-5,,0.01,,static_ridge,,,,,mae,,,0.26035448663973726,0.0905405036543803,0.1124576961481345,,,,,,,18,,,,members,6.0
,,,,,rls,,,,,mae,,,0.22925805153946435,0.07934623586761094,0.09904175020146387,0.0014645,0.98,1.0e-6,,,,18,,,,members,6.0
,,,,,hedge,,,,,mae,,,0.3855274054869247,0.14848387391837206,0.1789469658046775,0.0092604,,,1.0,24,,18,,,,members,6.0
,,,,,exp3,,,,,mae,,,0.7191355365863075,0.1927887950553185,0.26093318835376295,0.0010185,,,,,0.1,18,,,,members,6.0
,,,,,fixed_share,,,,,mae,,,0.2435569172466616,0.08464979847077167,0.10616192600719791,0.0541376,,,0.1,,,18,0.005,,,members,6.0
,,,,,passive_aggressive,,,,,mae,,,0.2651499068414659,0.0870348016207086,0.10988158034549862,0.0001655,,,,,,18,,1.0e12,0.1,members,6.0
9419.137408741472,0.013019900000000001,0,0.0001,cholesky,adaptive_ridge,186,quadratic_stacked_beta,0.0099789,6.49075829378865e-16,mae,0.003041,5,0.35838799254213993,0.12173491733454934,0.15236754453561607,,,,,,,19,,,,members,6.0
,6.5e-5,,0.01,,static_ridge,,,,,mae,,,0.33030166700184405,0.11241628433966856,0.14164732959336215,,,,,,,19,,,,members,6.0
,,,,,rls,,,,,mae,,,0.2945110476505235,0.09934975096621197,0.12478791082626434,0.0031871,0.95,0.1,,,,19,,,,members,6.0
,,,,,hedge,,,,,mae,,,0.5012233013087272,0.20501187436359314,0.243110246649766,0.0017183,,,1.0,72,,19,,,,members,6.0
,,,,,exp3,,,,,mae,,,0.9588509860804295,0.3847332043163797,0.4495051859923376,0.0012393,,,,,0.05,19,,,,members,6.0
,,,,,fixed_share,,,,,mae,,,0.4275464159202616,0.14940940232356975,0.18723500888147845,0.0011776,,,0.05,,,19,0.01,,,members,6.0
,,,,,passive_aggressive,,,,,mae,,,0.3087113319499817,0.10495596621640778,0.13134248236616772,0.0001774,,,,,,19,,1.0e12,0.1,members,6.0
33301.04728828971,0.011534,0,0.01,cholesky,adaptive_ridge,186,quadratic_stacked_beta,0.0082716,1.1871999332678506e-15,mae,0.0032624,5,0.2191421776831937,0.07724452399913766,0.09711781937278863,,,,,,,20,,,,members,6.0
,6.37e-5,,0.01,,static_ridge,,,,,mae,,,0.219689599938514,0.07889700340201573,0.09823315809683053,,,,,,,20,,,,members,6.0
,,,,,rls,,,,,mae,,,0.19294022205881467,0.06775577717410193,0.08394151589617864,0.0015622,0.95,1.0e-6,,,,20,,,,members,6.0
,,,,,hedge,,,,,mae,,,0.2972042747665003,0.10550290353921882,0.13069396494791155,0.0019597,,,1.0,72,,20,,,,members,6.0
,,,,,exp3,,,,,mae,,,0.9660541155524837,0.356246329036528,0.4226849752680166,0.0012848,,,,,0.01,20,,,,members,6.0
,,,,,fixed_share,,,,,mae,,,0.28606492409602835,0.10048856321722646,0.12527606342559489,0.000734,,,0.01,,,20,0.005,,,members,6.0
,,,,,passive_aggressive,,,,,mae,,,0.19781573159845858,0.06832702152921348,0.08533516405802113,0.0001464,,,,,,20,,1.0e12,0.1,members,6.0
119889.72715534572,0.011321,0,0.01,cholesky,adaptive_ridge,186,quadratic_stacked_beta,0.0081522,8.243131434740815e-16,mae,0.0031688,5,0.3804694948424647,0.12745466389859397,0.15941996453442359,,,,,,,21,,,,members,6.0
,6.88e-5,,0.001,,static_ridge,,,,,mae,,,0.3581690836824938,0.12363465967571662,0.1537400287890099,,,,,,,21,,,,members,6.0
,,,,,rls,,,,,mae,,,0.29872815573047445,0.0897592847157747,0.11602497150567727,0.004089,0.9,0.0001,,,,21,,,,members,6.0
,,,,,hedge,,,,,mae,,,0.4170006284604037,0.18928485708511666,0.21645634059461138,0.0015339,,,1.0,24,,21,,,,members,6.0
,,,,,exp3,,,,,mae,,,0.6227401670082356,0.19404724733895204,0.2481928857262838,0.0013711,,,,,0.1,21,,,,members,6.0
,,,,,fixed_share,,,,,mae,,,0.3691635854232605,0.12541968577237864,0.15617735630567708,0.0013605,,,0.05,,,21,0.005,,,members,6.0
,,,,,passive_aggressive,,,,,mae,,,0.3846305955010291,0.11032681706650964,0.1458955122917449,0.0001507,,,,,,21,,1.0e12,0.1,members,6.0
31434.10857171441,0.0334035,0,0.001,cholesky,adaptive_ridge,186,quadratic_stacked_beta,0.0303227,1.0001248783080739e-15,mae,0.0030808,5,0.275943139256765,0.09360311600479192,0.11832195925470985,,,,,,,22,,,,members,6.0
,8.18e-5,,0.0001,,static_ridge,,,,,mae,,,0.3060621042868131,0.10661969830254217,0.13190114488452212,,,,,,,22,,,,members,6.0
,,,,,rls,,,,,mae,,,0.25349626356029836,0.08176108662145369,0.10416767862706049,0.0014936,0.95,1.0e-6,,,,22,,,,members,6.0
,,,,,hedge,,,,,mae,,,0.4187251645262306,0.20639308083211425,0.22937645250336935,0.0009317,,,1.0,72,,22,,,,members,6.0
,,,,,exp3,,,,,mae,,,0.7111751361283489,0.24132779046163363,0.2989972969070727,0.0009472,,,,,0.1,22,,,,members,6.0
,,,,,fixed_share,,,,,mae,,,0.26905957447020606,0.09114619545444783,0.11489609015861424,0.0008565,,,0.05,,,22,0.005,,,members,6.0
,,,,,passive_aggressive,,,,,mae,,,0.2860564417495791,0.09141919561169352,0.1177196278599318,0.0001575,,,,,,22,,1.0e12,0.1,members,6.0
63202.15375442608,0.011375399999999999,0,0.01,cholesky,adaptive_ridge,186,quadratic_stacked_beta,0.0083027,9.42055475210265e-16,mae,0.0030727,5,0.2695635857104632,0.0900520666753309,0.11370402947516244,,,,,,,23,,,,members,6.0
,6.0e-5,,0.1,,static_ridge,,,,,mae,,,0.26475533383095207,0.08861743666658653,0.11122441239494918,,,,,,,23,,,,members,6.0
,,,,,rls,,,,,mae,,,0.25043475070436866,0.07866948806356848,0.10086850140043747,0.0016014,0.95,1.0e-6,,,,23,,,,members,6.0
,,,,,hedge,,,,,mae,,,0.3358263194396368,0.11297068516227128,0.141603250787248,0.001642,,,1.0,168,,23,,,,members,6.0
,,,,,exp3,,,,,mae,,,0.650900499156344,0.20179900369561402,0.2594487460449871,0.1305277,,,,,0.05,23,,,,members,6.0
,,,,,fixed_share,,,,,mae,,,0.3058420443125709,0.10215601098280977,0.12886293225223766,0.0006949,,,0.05,,,23,0.01,,,members,6.0
,,,,,passive_aggressive,,,,,mae,,,0.2933662189130977,0.08643811475972843,0.11231197626369638,0.0001408,,,,,,23,,1.0e12,0.1,members,6.0
244102.16253863968,0.011133599999999999,0,0.01,cholesky,adaptive_ridge,186,quadratic_stacked_beta,0.0078693,1.1121295834054065e-15,mae,0.0032643,5,0.275406442662179,0.08867223051210707,0.11314417578725244,,,,,,,24,,,,members,6.0
,5.87e-5,,0.01,,static_ridge,,,,,mae,,,0.2565535858655905,0.08513969474045244,0.10668229554946107,,,,,,,24,,,,members,6.0
,,,,,rls,,,,,mae,,,0.24273657727764877,0.07978857130220107,0.10075886043929963,0.0014304,0.95,0.1,,,,24,,,,members,6.0
,,,,,hedge,,,,,mae,,,0.38168665502720606,0.13229234041375043,0.1639845238041321,0.0016266,,,1.0,72,,24,,,,members,6.0
,,,,,exp3,,,,,mae,,,0.9580428890742755,0.43281104601128567,0.48655738334090554,0.0011951,,,,,0.1,24,,,,members,6.0
,,,,,fixed_share,,,,,mae,,,0.38630018640543484,0.12850061828658857,0.1609944632438371,0.0012874,,,0.05,,,24,0.02,,,members,6.0
,,,,,passive_aggressive,,,,,mae,,,0.26045321505655067,0.07988766467862346,0.10393223052447247,0.0002055,,,,,,24,,1.0e12,0.1,members,6.0
3028.040287987776,0.0126352,0,0.1,cholesky,adaptive_ridge,186,quadratic_stacked_beta,0.0092313,6.656157960873108e-16,mae,0.0034039,5,0.3851975396383864,0.1319706662575065,0.16590857488630145,,,,,,,25,,,,members,6.0
,6.84e-5,,0.01,,static_ridge,,,,,mae,,,0.3733023332549965,0.13016113265905674,0.16297076741682115,,,,,,,25,,,,members,6.0
,,,,,rls,,,,,mae,,,0.3396010612857384,0.1148032638951822,0.14367533580674888,0.0015247,0.95,0.1,,,,25,,,,members,6.0
,,,,,hedge,,,,,mae,,,0.3871055337493057,0.1311924303981075,0.16525904693721777,0.0015417,,,1.0,72,,25,,,,members,6.0
,,,,,exp3,,,,,mae,,,0.9536234637573494,0.3336434027459556,0.4125807753839111,0.0014722,,,,,0.1,25,,,,members,6.0
,,,,,fixed_share,,,,,mae,,,0.38275406763956804,0.13084962431646124,0.1645373640558868,0.0008334,,,0.01,,,25,0.005,,,members,6.0
,,,,,passive_aggressive,,,,,mae,,,0.4521942554807628,0.12874514372230692,0.17191400576348598,0.0001949,,,,,,25,,1.0e12,0.1,members,6.0
31559.645726369687,0.0108295,0,0.01,cholesky,adaptive_ridge,186,quadratic_stacked_beta,0.0074818,8.818586694587125e-16,mae,0.0033477,5,0.20253337301794738,0.06994927385810289,0.08714979292521974,,,,,,,26,,,,members,6.0
,6.79e-5,,0.0001,,static_ridge,,,,,mae,,,0.19313963038939053,0.0668806979823916,0.08342535936425498,,,,,,,26,,,,members,6.0
,,,,,rls,,,,,mae,,,0.1802686283580899,0.06077418999354493,0.07640570540312147,0.0021319,0.995,1.0e-6,,,,26,,,,members,6.0
,,,,,hedge,,,,,mae,,,0.25680808086632384,0.09119599557356381,0.11379586108469093,0.0033066,,,1.0,336,,26,,,,members,6.0
,,,,,exp3,,,,,mae,,,0.6610766491953111,0.16718638219225607,0.22660884655003796,0.001608,,,,,0.1,26,,,,members,6.0
,,,,,fixed_share,,,,,mae,,,0.23224116444049997,0.08112933126059324,0.10155453965886148,0.0017657,,,0.05,,,26,0.01,,,members,6.0
,,,,,passive_aggressive,,,,,mae,,,0.19456920695790977,0.06217380702343131,0.07920351066300792,0.0001428,,,,,,26,,1.0e12,0.1,members,6.0
2.88375204328426e6,0.0120892,0,0.001,cholesky,adaptive_ridge,186,quadratic_stacked_beta,0.0089077,1.3238565818820348e-15,mae,0.0031815,5,0.17026036232480446,0.05759845842581796,0.07237807515829511,,,,,,,27,,,,members,6.0
,6.46e-5,,0.001,,static_ridge,,,,,mae,,,0.18825092494475196,0.06224484406834475,0.07872754373319031,,,,,,,27,,,,members,6.0
,,,,,rls,,,,,mae,,,0.15818504410537654,0.05392606324840543,0.06772478687825088,0.0015743,0.95,0.0001,,,,27,,,,members,6.0
,,,,,hedge,,,,,mae,,,0.309417881736921,0.10941671118271855,0.1372362372557188,0.0006744,,,1.0,0,,27,,,,members,6.0
,,,,,exp3,,,,,mae,,,0.7798668491117181,0.43019665842211324,0.44317718739453194,0.0008293,,,,,0.1,27,,,,members,6.0
,,,,,fixed_share,,,,,mae,,,0.3170566795115749,0.11197369953224683,0.14054394533374545,0.0006706,,,0.01,,,27,0.05,,,members,6.0
,,,,,passive_aggressive,,,,,mae,,,0.1732678472778082,0.05960147630114717,0.074051737474616,0.0001195,,,,,,27,,1.0e12,0.1,members,6.0
4923.748416049231,0.163595,0,0.1,cholesky,adaptive_ridge,186,quadratic_stacked_beta,0.1602489,1.2359772207196694e-15,mae,0.0033461,5,0.6241599596716211,0.21780740578012805,0.27271290507517065,,,,,,,28,,,,members,6.0
,8.13e-5,,0.0001,,static_ridge,,,,,mae,,,0.548179588197861,0.19649711494402322,0.2416463484246026,,,,,,,28,,,,members,6.0
,,,,,rls,,,,,mae,,,0.48568894025016135,0.1433461453160918,0.1878192908296575,0.001556,0.9,1.0e-6,,,,28,,,,members,6.0
,,,,,hedge,,,,,mae,,,0.6743779586911143,0.3160581256965093,0.3598435423340317,0.001835,,,1.0,24,,28,,,,members,6.0
,,,,,exp3,,,,,mae,,,1.2976167287701934,0.42955327460825793,0.5388087883519128,0.0015765,,,,,0.1,28,,,,members,6.0
,,,,,fixed_share,,,,,mae,,,0.6456485292323001,0.23472279494682408,0.28825807265993075,0.0008197,,,0.05,,,28,0.005,,,members,6.0
,,,,,passive_aggressive,,,,,mae,,,0.5747353353355079,0.14595207093366108,0.203523637531185,0.0001561,,,,,,28,,1.0e12,0.1,members,6.0
50468.35432054822,0.0114722,0,0.001,cholesky,adaptive_ridge,186,quadratic_stacked_beta,0.0084093,7.487979648222119e-16,mae,0.0030629,5,0.39762470491662927,0.13825181576524212,0.17157640884556344,,,,,,,29,,,,members,6.0
,7.72e-5,,0.0001,,static_ridge,,,,,mae,,,0.38380509731711965,0.13875133308475912,0.1707833199140525,,,,,,,29,,,,members,6.0
,,,,,rls,,,,,mae,,,0.3218220000445487,0.10166097601554734,0.1304692794620269,0.0015437,0.95,0.0001,,,,29,,,,members,6.0
,,,,,hedge,,,,,mae,,,0.47422145328877574,0.1927889259505388,0.2303490397660018,0.0011494,,,1.0,168,,29,,,,members,6.0
,,,,,exp3,,,,,mae,,,0.7222666548032453,0.21356038329467852,0.28087698342437317,0.0008755,,,,,0.1,29,,,,members,6.0
,,,,,fixed_share,,,,,mae,,,0.41681461418537075,0.13752281015716153,0.17428924578831848,0.0006815,,,0.05,,,29,0.005,,,members,6.0
,,,,,passive_aggressive,,,,,mae,,,0.41898761753214137,0.12458782195251064,0.16419311002190004,0.0001544,,,,,,29,,1.0e12,0.1,members,6.0
5682.414002540517,0.011090599999999999,0,0.1,cholesky,adaptive_ridge,186,quadratic_stacked_beta,0.0077722,6.996731975968728e-16,mae,0.0033184,5,0.3651720107930275,0.12452828836209495,0.15621485792381293,,,,,,,30,,,,members,6.0
,8.27e-5,,0.1,,static_ridge,,,,,mae,,,0.35038658215077056,0.12114029518710798,0.1514392564439091,,,,,,,30,,,,members,6.0
,,,,,rls,,,,,mae,,,0.3364291331528342,0.11301761329897232,0.14301569721399612,0.037614,0.95,1.0e-6,,,,30,,,,members,6.0
,,,,,hedge,,,,,mae,,,0.41718971974091784,0.14464346101486544,0.18170084979296947,0.0008865,,,1.0,168,,30,,,,members,6.0
,,,,,exp3,,,,,mae,,,0.8849056841328494,0.3113280008713287,0.3880637452580131,0.000923,,,,,0.05,30,,,,members,6.0
,,,,,fixed_share,,,,,mae,,,0.38909975737135666,0.13473504284860277,0.16834246501688094,0.0007466,,,0.05,,,30,0.01,,,members,6.0
,,,,,passive_aggressive,,,,,mae,,,0.41043982531334555,0.1255031248436269,0.16296655352967787,0.0001619,,,,,,30,,1.0e12,0.1,members,6.0
832529.8103401813,0.5188037,0,0.01,cholesky,adaptive_ridge,510,quadratic_stacked_beta,0.1651427,2.674899444325922e-15,mae,0.353661,5,0.19390013866141373,0.06334008519971653,0.08028510751013358,,,,,,,1,,,,members,10.0
,0.0003175,,0.001,,static_ridge,,,,,mae,,,0.18487866729418628,0.06230194016323979,0.07848348396917905,,,,,,,1,,,,members,10.0
,,,,,rls,,,,,mae,,,0.16150723590550217,0.05263884915064551,0.06669031759701369,0.0026196,0.995,0.1,,,,1,,,,members,10.0
,,,,,hedge,,,,,mae,,,0.4307279621805851,0.20891521000028987,0.23159691445242508,0.0009599,,,1.0,24,,1,,,,members,10.0
,,,,,exp3,,,,,mae,,,0.7908983940592816,0.23271494281508603,0.3048950417144624,0.0010841,,,,,0.1,1,,,,members,10.0
,,,,,fixed_share,,,,,mae,,,0.295504454408635,0.10078286706269464,0.12604846060986286,0.0018065,,,0.5,,,1,0.05,,,members,10.0
,,,,,passive_aggressive,,,,,mae,,,0.16914886291438477,0.05727567610560804,0.07179413969496565,0.0001436,,,,,,1,,1.0e12,0.1,members,10.0
140010.78156944618,0.1746741,0,0.1,cholesky,adaptive_ridge,510,quadratic_stacked_beta,0.0400835,2.9713637623098198e-15,mae,0.1345906,5,0.2304991116197403,0.08125431179928293,0.10139826499044126,,,,,,,2,,,,members,10.0
,0.000106,,0.01,,static_ridge,,,,,mae,,,0.2100257887555147,0.07209728228400382,0.09001700023182244,,,,,,,2,,,,members,10.0
,,,,,rls,,,,,mae,,,0.19611536866073895,0.06931787719731655,0.08563132795536331,0.0067224,0.995,0.1,,,,2,,,,members,10.0
,,,,,hedge,,,,,mae,,,0.2325767871638078,0.08206626116425177,0.10199789824837803,0.0009731,,,1.0,336,,2,,,,members,10.0
,,,,,exp3,,,,,mae,,,0.9505280170891917,0.35567350509184487,0.4286137026891908,0.0014844,,,,,0.1,2,,,,members,10.0
,,,,,fixed_share,,,,,mae,,,0.23293411830699065,0.08200120171268661,0.10182255953549592,0.0010178,,,0.01,,,2,0.005,,,members,10.0
,,,,,passive_aggressive,,,,,mae,,,0.2006189941742222,0.0698202177112568,0.08689477741264276,0.0001402,,,,,,2,,1.0e12,0.1,members,10.0
4.843986570867748e6,0.1546085,0,0.001,cholesky,adaptive_ridge,510,quadratic_stacked_beta,0.1067472,2.370442086770494e-15,mae,0.0478613,5,0.18666849696836502,0.06036090914257252,0.07645586430790853,,,,,,,3,,,,members,10.0
,9.28e-5,,0.01,,static_ridge,,,,,mae,,,0.2231958700154279,0.08118172814322659,0.09882080431987289,,,,,,,3,,,,members,10.0
,,,,,rls,,,,,mae,,,0.1381771301368853,0.04676836314931355,0.058697955978291076,0.0025074,0.99,0.1,,,,3,,,,members,10.0
,,,,,hedge,,,,,mae,,,0.293231572724992,0.1100002579896433,0.13315400513906242,0.0009889,,,1.0,24,,3,,,,members,10.0
,,,,,exp3,,,,,mae,,,0.8896375353722753,0.18061310755241325,0.28450686874233655,0.0011949,,,,,0.2,3,,,,members,10.0
,,,,,fixed_share,,,,,mae,,,0.1476085701948021,0.049414407408463895,0.061933394752123935,0.0016553,,,0.1,,,3,0.005,,,members,10.0
,,,,,passive_aggressive,,,,,mae,,,0.16919393129420768,0.05782950161686671,0.07242580500410513,0.0001426,,,,,,3,,1.0e12,0.1,members,10.0
39319.175292711356,0.0982273,0,0.1,cholesky,adaptive_ridge,510,quadratic_stacked_beta,0.0491482,2.0680506163521175e-15,mae,0.0490791,5,0.2113899988315622,0.07331477157009463,0.09086420852183875,,,,,,,4,,,,members,10.0
,0.000103,,0.01,,static_ridge,,,,,mae,,,0.18305703403122844,0.06543343211117121,0.08124382655340028,,,,,,,4,,,,members,10.0
,,,,,rls,,,,,mae,,,0.1729215356026235,0.06225860870364822,0.07737202808024217,0.0074583,0.995,0.1,,,,4,,,,members,10.0
,,,,,hedge,,,,,mae,,,0.2385230617138908,0.08067992992718755,0.10109131965642709,0.0009215,,,1.0,24,,4,,,,members,10.0
,,,,,exp3,,,,,mae,,,0.8289061760135936,0.26746329550934855,0.33723060312691494,0.0011928,,,,,0.1,4,,,,members,10.0
,,,,,fixed_share,,,,,mae,,,0.20868528516558588,0.07227086856801361,0.09024922237212511,0.0017223,,,0.05,,,4,0.02,,,members,10.0
,,,,,passive_aggressive,,,,,mae,,,0.19400056838862428,0.06502214748457769,0.0821867458015513,0.0001379,,,,,,4,,1.0e12,0.1,members,10.0
1.3325413439633535e7,0.2138605,0,0.001,cholesky,adaptive_ridge,510,quadratic_stacked_beta,0.0561569,2.2023446526773416e-15,mae,0.1577036,5,0.16314147604160698,0.05529285080224303,0.06983578907195237,,,,,,,5,,,,members,10.0
,9.61e-5,,0.001,,static_ridge,,,,,mae,,,0.13352419093998363,0.046419615380293204,0.05749563463856703,,,,,,,5,,,,members,10.0
,,,,,rls,,,,,mae,,,0.12241492103948587,0.043275525656496075,0.05385930552950398,0.1271748,0.995,0.1,,,,5,,,,members,10.0
,,,,,hedge,,,,,mae,,,0.21012839699201577,0.07083252059168027,0.0892032342414311,0.0009227,,,1.0,0,,5,,,,members,10.0
,,,,,exp3,,,,,mae,,,0.7074558695794627,0.19590837797204227,0.2554201626508102,0.0016283,,,,,0.1,5,,,,members,10.0
,,,,,fixed_share,,,,,mae,,,0.15795901866328493,0.05418480896035117,0.06809198555011022,0.0019435,,,0.05,,,5,0.01,,,members,10.0
,,,,,passive_aggressive,,,,,mae,,,0.1457077335073538,0.05110927625228515,0.06346723437578526,0.0001297,,,,,,5,,1.0e12,0.1,members,10.0
67616.9116330512,0.2125118,0,0.1,cholesky,adaptive_ridge,510,quadratic_stacked_beta,0.1632998,2.0825178617823036e-15,mae,0.049212,5,0.34949712114293163,0.11703429131642161,0.14681851929636383,,,,,,,6,,,,members,10.0
,8.67e-5,,0.01,,static_ridge,,,,,mae,,,0.3346328189095081,0.11986925923553192,0.14731230930230604,,,,,,,6,,,,members,10.0
,,,,,rls,,,,,mae,,,0.2749522364531735,0.09078327005414942,0.11561695524508236,0.0071085,0.98,1.0e-6,,,,6,,,,members,10.0
,,,,,hedge,,,,,mae,,,0.4171276018160625,0.15210507399872283,0.18645226073982002,0.0025152,,,1.0,24,,6,,,,members,10.0
,,,,,exp3,,,,,mae,,,1.0117406415014423,0.3813906986053922,0.4490017259647219,0.0915941,,,,,0.05,6,,,,members,10.0
,,,,,fixed_share,,,,,mae,,,0.4069023507918456,0.14141727454513034,0.17604787143958198,0.0014148,,,0.1,,,6,0.02,,,members,10.0
,,,,,passive_aggressive,,,,,mae,,,0.30947297684540936,0.09240504608121855,0.1204324651768481,0.0001968,,,,,,6,,1.0e12,0.1,members,10.0
16929.89959860936,0.1127039,0,0.1,cholesky,adaptive_ridge,510,quadratic_stacked_beta,0.0409818,2.5208013302859972e-15,mae,0.0717221,5,0.25422682898655447,0.08687461958160157,0.10945779566184873,,,,,,,7,,,,members,10.0
,0.0001011,,0.01,,static_ridge,,,,,mae,,,0.24441645204881973,0.07974548638667443,0.1013859908690247,,,,,,,7,,,,members,10.0
,,,,,rls,,,,,mae,,,0.23255223630273522,0.07718158146223414,0.09752879925351786,0.0075706,0.995,0.1,,,,7,,,,members,10.0
,,,,,hedge,,,,,mae,,,0.25903424778310635,0.08623560704456482,0.1091196847300239,0.0008409,,,1.0,0,,7,,,,members,10.0
,,,,,exp3,,,,,mae,,,0.8833715493329737,0.23978327376912048,0.32373410301323174,0.0012611,,,,,0.2,7,,,,members,10.0
,,,,,fixed_share,,,,,mae,,,0.2676274093787746,0.08530061831143365,0.10954731323658143,0.0011055,,,0.05,,,7,0.01,,,members,10.0
,,,,,passive_aggressive,,,,,mae,,,0.24999738836282784,0.08023314108732583,0.1026978965525089,0.0001668,,,,,,7,,1.0e12,0.1,members,10.0
268230.3584230646,0.3722397,0,0.01,cholesky,adaptive_ridge,510,quadratic_stacked_beta,0.1782226,2.07311993639398e-15,mae,0.1940171,5,0.1922939472457864,0.06554349452082002,0.082357440428967,,,,,,,8,,,,members,10.0
,0.0001324,,0.0001,,static_ridge,,,,,mae,,,0.16978018478549545,0.0592871209228417,0.07387462220940716,,,,,,,8,,,,members,10.0
,,,,,rls,,,,,mae,,,0.16168619099894282,0.05696196859295,0.07045760356580263,0.0025241,0.995,0.1,,,,8,,,,members,10.0
,,,,,hedge,,,,,mae,,,0.26286878235167177,0.08510394630858409,0.10800235623183435,0.0017167,,,0.01,0,,8,,,,members,10.0
,,,,,exp3,,,,,mae,,,0.76889722818504,0.2849616839060336,0.3423490817485267,0.0012025,,,,,0.1,8,,,,members,10.0
,,,,,fixed_share,,,,,mae,,,0.2645811818256606,0.0857642041986232,0.10874927348719313,0.0009805,,,0.01,,,8,0.1,,,members,10.0
,,,,,passive_aggressive,,,,,mae,,,0.16353267554112516,0.05980948694704145,0.07364779938109432,0.0001425,,,,,,8,,1.0e12,0.1,members,10.0
26079.656307643134,0.09405569999999999,0,0.1,cholesky,adaptive_ridge,510,quadratic_stacked_beta,0.0444296,2.4796669160544515e-15,mae,0.0496261,5,0.2591001669589559,0.0906679550296161,0.11327408900653552,,,,,,,9,,,,members,10.0
,9.68e-5,,0.1,,static_ridge,,,,,mae,,,0.24685814218139118,0.08863031180407924,0.10925350789467855,,,,,,,9,,,,members,10.0
,,,,,rls,,,,,mae,,,0.23933341236054306,0.083710269352733,0.10472581608704097,0.0096384,0.995,0.1,,,,9,,,,members,10.0
,,,,,hedge,,,,,mae,,,0.288841800954302,0.09852788192090634,0.1238629034374165,0.0020871,,,0.01,0,,9,,,,members,10.0
,,,,,exp3,,,,,mae,,,0.9318536075667341,0.29527234168809807,0.3762183427451998,0.0020394,,,,,0.1,9,,,,members,10.0
,,,,,fixed_share,,,,,mae,,,0.28955300437239445,0.09873539499906052,0.12413873052540629,0.0019228,,,0.01,,,9,0.1,,,members,10.0
,,,,,passive_aggressive,,,,,mae,,,0.25291235107781185,0.08382410736961511,0.10643784980109691,0.0001801,,,,,,9,,1.0e12,0.1,members,10.0
390643.60062376974,0.2635055,0,0.01,cholesky,adaptive_ridge,510,quadratic_stacked_beta,0.095887,2.5403934047007736e-15,mae,0.1676185,5,0.18959862677869319,0.0642757396708924,0.08075079165083757,,,,,,,10,,,,members,10.0
,9.18e-5,,0.01,,static_ridge,,,,,mae,,,0.17024426685147212,0.05794255950378842,0.0723756645627376,,,,,,,10,,,,members,10.0
,,,,,rls,,,,,mae,,,0.1611164940927139,0.055650546282209085,0.06954589861715472,0.0024965,0.995,0.1,,,,10,,,,members,10.0
,,,,,hedge,,,,,mae,,,0.3384163422667968,0.14597351808476855,0.17047205378664435,0.0018711,,,1.0,336,,10,,,,members,10.0
,,,,,exp3,,,,,mae,,,0.7322239673275946,0.16246117532771248,0.23936922355890314,0.0020999,,,,,0.1,10,,,,members,10.0
,,,,,fixed_share,,,,,mae,,,0.30595419792378153,0.10435491209551621,0.13100524876726477,0.000957,,,0.25,,,10,0.02,,,members,10.0
,,,,,passive_aggressive,,,,,mae,,,0.16651318604168674,0.05796302709183534,0.0723879954401935,0.0001376,,,,,,10,,1.0e12,0.1,members,10.0
34166.43843760302,0.1718509,0,0.1,cholesky,adaptive_ridge,510,quadratic_stacked_beta,0.0509876,2.468754696959428e-15,mae,0.1208633,5,0.256887723172522,0.08756389061221972,0.1105373920015806,,,,,,,11,,,,members,10.0
,9.41e-5,,0.01,,static_ridge,,,,,mae,,,0.22179972152720018,0.07584814551518011,0.09513799194951793,,,,,,,11,,,,members,10.0
,,,,,rls,,,,,mae,,,0.21706248278219722,0.07409498927407977,0.09209859963069383,0.0079129,0.995,0.1,,,,11,,,,members,10.0
,,,,,hedge,,,,,mae,,,0.3172762812291652,0.11983066643548644,0.1449290843835479,0.0009024,,,1.0,24,,11,,,,members,10.0
,,,,,exp3,,,,,mae,,,0.8344603672880428,0.2580128306461405,0.3344231054975238,0.0011202,,,,,0.2,11,,,,members,10.0
,,,,,fixed_share,,,,,mae,,,0.2711115467957225,0.09471995024478096,0.11796928867013975,0.0011796,,,0.05,,,11,0.005,,,members,10.0
,,,,,passive_aggressive,,,,,mae,,,0.22336798531994398,0.07519407805238026,0.0944012119479718,0.0001577,,,,,,11,,1.0e12,0.1,members,10.0
21904.36343005706,0.1420721,0,0.1,cholesky,adaptive_ridge,510,quadratic_stacked_beta,0.0399588,2.3452930615300254e-15,mae,0.1021133,5,0.23354587995998663,0.07850085363453727,0.09870905881857711,,,,,,,12,,,,members,10.0
,0.0001056,,0.01,,static_ridge,,,,,mae,,,0.21671530508095807,0.07138324682916589,0.09071315633149855,,,,,,,12,,,,members,10.0
,,,,,rls,,,,,mae,,,0.20421209266027376,0.06734019818809256,0.08546526565698051,0.0024809,0.995,1.0e-6,,,,12,,,,members,10.0
,,,,,hedge,,,,,mae,,,0.24582880098873303,0.08267691313891103,0.10352083724782639,0.0007811,,,1.0,0,,12,,,,members,10.0
,,,,,exp3,,,,,mae,,,0.8092378059534241,0.2769088012765567,0.3417995045249321,0.0010804,,,,,0.1,12,,,,members,10.0
,,,,,fixed_share,,,,,mae,,,0.24608961497148404,0.08319969738838509,0.10433341669149158,0.00094,,,0.01,,,12,0.01,,,members,10.0
,,,,,passive_aggressive,,,,,mae,,,0.22021390973183366,0.07003131957763856,0.09032169721498938,0.0002078,,,,,,12,,1.0e12,0.1,members,10.0
693404.6353683574,0.1310279,0,0.01,cholesky,adaptive_ridge,510,quadratic_stacked_beta,0.0437683,2.333104406674328e-15,mae,0.0872596,5,0.20968095060190003,0.06919576927412703,0.08683618388167413,,,,,,,13,,,,members,10.0
,0.0001314,,0.0001,,static_ridge,,,,,mae,,,0.18667628268759034,0.06338787683949348,0.07980283813172784,,,,,,,13,,,,members,10.0
,,,,,rls,,,,,mae,,,0.17613808726395244,0.058221131057297044,0.07321858826997549,0.0082792,0.995,0.1,,,,13,,,,members,10.0
,,,,,hedge,,,,,mae,,,0.28588177046817415,0.10170751134480117,0.1260016775165405,0.002031,,,0.25,0,,13,,,,members,10.0
,,,,,exp3,,,,,mae,,,0.9307446789179007,0.3126769206547629,0.38806013267928635,0.0018454,,,,,0.2,13,,,,members,10.0
,,,,,fixed_share,,,,,mae,,,0.25786156962447343,0.08820893907846783,0.11063189594400613,0.0017203,,,0.25,,,13,0.05,,,members,10.0
,,,,,passive_aggressive,,,,,mae,,,0.192698934820903,0.06057322042600924,0.07774559022940673,0.0001487,,,,,,13,,1.0e12,0.1,members,10.0
28650.87893396002,0.1242958,0,0.1,cholesky,adaptive_ridge,510,quadratic_stacked_beta,0.0429045,1.743143339216932e-15,mae,0.0813913,5,0.329285038223594,0.1140120016053298,0.1430896559179094,,,,,,,14,,,,members,10.0
,9.78e-5,,0.1,,static_ridge,,,,,mae,,,0.3151390344486258,0.10743064353420866,0.13504629192348533,,,,,,,14,,,,members,10.0
,,,,,rls,,,,,mae,,,0.3001260397225624,0.09652742617389634,0.12305286414579988,0.0026771,0.98,0.01,,,,14,,,,members,10.0
,,,,,hedge,,,,,mae,,,0.335036926790658,0.11772632025847649,0.14584185144122094,0.0018694,,,1.0,72,,14,,,,members,10.0
,,,,,exp3,,,,,mae,,,0.9228494869259469,0.2275729672957513,0.3163925566732033,0.0016626,,,,,0.2,14,,,,members,10.0
,,,,,fixed_share,,,,,mae,,,0.2993919287794196,0.10289463746951628,0.12839187332205462,0.0009378,,,0.05,,,14,0.01,,,members,10.0
,,,,,passive_aggressive,,,,,mae,,,0.3366230021549635,0.10310403572285196,0.13293391528743337,0.0001787,,,,,,14,,1.0e12,0.1,members,10.0
77776.75315585788,0.114413,0,0.1,cholesky,adaptive_ridge,510,quadratic_stacked_beta,0.0620087,2.67154849726165e-15,mae,0.0524043,5,0.3343632368368229,0.11353386312126403,0.14339478353511603,,,,,,,15,,,,members,10.0
,8.8e-5,,0.1,,static_ridge,,,,,mae,,,0.31303725690084405,0.10772692316768001,0.1348884311760078,,,,,,,15,,,,members,10.0
,,,,,rls,,,,,mae,,,0.3148394860335894,0.09974049279027619,0.12879382895082697,0.0040908,0.95,0.01,,,,15,,,,members,10.0
,,,,,hedge,,,,,mae,,,0.4255159634203406,0.18080769915445807,0.21109590813058013,0.0010497,,,1.0,24,,15,,,,members,10.0
,,,,,exp3,,,,,mae,,,1.0978966581586453,0.3343099866540617,0.43811446511464497,0.0011873,,,,,0.1,15,,,,members,10.0
,,,,,fixed_share,,,,,mae,,,0.3593057437343983,0.12279202485287447,0.1541451558374481,0.0009756,,,0.05,,,15,0.005,,,members,10.0
,,,,,passive_aggressive,,,,,mae,,,0.3748415140106583,0.10711275067408464,0.1418877678739849,0.000194,,,,,,15,,1.0e12,0.1,members,10.0
246930.1238140592,0.1008857,0,0.01,cholesky,adaptive_ridge,510,quadratic_stacked_beta,0.0529344,2.2635901396995487e-15,mae,0.0479513,5,0.21723412332625144,0.07580205617422574,0.09445897774358429,,,,,,,16,,,,members,10.0
,0.0001011,,0.01,,static_ridge,,,,,mae,,,0.20238946528403645,0.06986104758963516,0.08782060879245342,,,,,,,16,,,,members,10.0
,,,,,rls,,,,,mae,,,0.19163869834879216,0.06650715406389777,0.083214369035415,0.0590085,0.995,0.1,,,,16,,,,members,10.0
,,,,,hedge,,,,,mae,,,0.2510100650640427,0.09037314728342898,0.11191619369857118,0.0009487,,,0.01,0,,16,,,,members,10.0
,,,,,exp3,,,,,mae,,,0.8155003526292581,0.20922798777648652,0.28700371103388994,0.0020898,,,,,0.2,16,,,,members,10.0
,,,,,fixed_share,,,,,mae,,,0.25154523814667457,0.09074361095908116,0.11230483266476417,0.001077,,,0.01,,,16,0.1,,,members,10.0
,,,,,passive_aggressive,,,,,mae,,,0.20843429625400234,0.07066696136115179,0.08848908271557283,0.0001529,,,,,,16,,1.0e12,0.1,members,10.0
660085.1177012768,0.11470069999999999,0,0.01,cholesky,adaptive_ridge,510,quadratic_stacked_beta,0.0720135,2.4608237189787033e-15,mae,0.0426872,5,0.21683448792760845,0.07140512329265304,0.09064474850645375,,,,,,,17,,,,members,10.0
,0.0001192,,0.01,,static_ridge,,,,,mae,,,0.19418457572636671,0.0650389653727623,0.081920407996403,,,,,,,17,,,,members,10.0
,,,,,rls,,,,,mae,,,0.18164630561458048,0.0600435607693447,0.07570163391033578,0.1872021,0.995,1.0e-6,,,,17,,,,members,10.0
,,,,,hedge,,,,,mae,,,0.2924405506260153,0.11525346206150283,0.13846934760150642,0.0009714,,,1.0,24,,17,,,,members,10.0
,,,,,exp3,,,,,mae,,,0.7408118967082299,0.26644811608774305,0.3203864941492506,0.0011453,,,,,0.1,17,,,,members,10.0
,,,,,fixed_share,,,,,mae,,,0.22830489682334906,0.08085728779276558,0.1009110794332172,0.0014534,,,0.1,,,17,0.02,,,members,10.0
,,,,,passive_aggressive,,,,,mae,,,0.18451109965284992,0.06410028452744024,0.08015877443461288,0.0001327,,,,,,17,,1.0e12,0.1,members,10.0
1.2915489731596175e6,0.09456120000000001,0,0.001,cholesky,adaptive_ridge,510,quadratic_stacked_beta,0.0467419,2.6480643352592638e-15,mae,0.0478193,5,0.1901065505035273,0.06625065844356577,0.08253791889125639,,,,,,,18,,,,members,10.0
,9.0e-5,,0.001,,static_ridge,,,,,mae,,,0.16068397902110285,0.0573097906294586,0.07076773934452542,,,,,,,18,,,,members,10.0
,,,,,rls,,,,,mae,,,0.15719326372217407,0.055833329452598016,0.06874819376740263,0.1213436,0.995,0.1,,,,18,,,,members,10.0
,,,,,hedge,,,,,mae,,,0.25827084887026985,0.08255872221060993,0.10563516299483415,0.0016954,,,1.0,0,,18,,,,members,10.0
,,,,,exp3,,,,,mae,,,0.9145624474650051,0.28996112552596676,0.3522986716711297,0.0011994,,,,,0.2,18,,,,members,10.0
,,,,,fixed_share,,,,,mae,,,0.2664720371915227,0.08377577808384701,0.10776549323128937,0.0010539,,,0.01,,,18,0.005,,,members,10.0
,,,,,passive_aggressive,,,,,mae,,,0.16489997923768493,0.0558884963894822,0.07040953786463947,0.0001989,,,,,,18,,1.0e12,0.1,members,10.0
16929.89959860936,0.4229408,0,0.1,cholesky,adaptive_ridge,510,quadratic_stacked_beta,0.0684258,2.5208013302859972e-15,mae,0.354515,5,0.25422682898655447,0.08687461958160157,0.10945779566184873,,,,,,,7,,,,history,3000.0
,9.21e-5,,0.01,,static_ridge,,,,,mae,,,0.24441645204881973,0.07974548638667443,0.1013859908690247,,,,,,,7,,,,history,3000.0
,,,,,rls,,,,,mae,,,0.23255223630273522,0.07718158146223414,0.09752879925351786,0.0034004,0.995,0.1,,,,7,,,,history,3000.0
,,,,,hedge,,,,,mae,,,0.25903424778310635,0.08623560704456482,0.1091196847300239,0.0022278,,,1.0,0,,7,,,,history,3000.0
,,,,,exp3,,,,,mae,,,0.8833715493329737,0.23978327376912048,0.32373410301323174,0.0019917,,,,,0.2,7,,,,history,3000.0
,,,,,fixed_share,,,,,mae,,,0.2676274093787746,0.08530061831143365,0.10954731323658143,0.0021105,,,0.05,,,7,0.01,,,history,3000.0
,,,,,passive_aggressive,,,,,mae,,,0.24999738836282784,0.08023314108732583,0.1026978965525089,0.0001222,,,,,,7,,1.0e12,0.1,history,3000.0
268230.3584230646,0.09556239999999999,0,0.01,cholesky,adaptive_ridge,510,quadratic_stacked_beta,0.0433449,2.07311993639398e-15,mae,0.0522175,5,0.1922939472457864,0.06554349452082002,0.082357440428967,,,,,,,8,,,,history,3000.0
,0.0001237,,0.0001,,static_ridge,,,,,mae,,,0.16978018478549545,0.0592871209228417,0.07387462220940716,,,,,,,8,,,,history,3000.0
,,,,,rls,,,,,mae,,,0.16168619099894282,0.05696196859295,0.07045760356580263,0.0082858,0.995,0.1,,,,8,,,,history,3000.0
,,,,,hedge,,,,,mae,,,0.26286878235167177,0.08510394630858409,0.10800235623183435,0.001891,,,0.01,0,,8,,,,history,3000.0
,,,,,exp3,,,,,mae,,,0.76889722818504,0.2849616839060336,0.3423490817485267,0.0018726,,,,,0.1,8,,,,history,3000.0
,,,,,fixed_share,,,,,mae,,,0.2645811818256606,0.0857642041986232,0.10874927348719313,0.0019031,,,0.01,,,8,0.1,,,history,3000.0
,,,,,passive_aggressive,,,,,mae,,,0.16353267554112516,0.05980948694704145,0.07364779938109432,0.0001253,,,,,,8,,1.0e12,0.1,history,3000.0
37392.74895238826,0.26735949999999997,0,0.1,cholesky,adaptive_ridge,510,quadratic_stacked_beta,0.0968416,2.353686722682665e-15,mae,0.1705179,5,0.2205381980941562,0.07419059156536797,0.09320057382537103,,,,,,,21,,,,members,10.0
,0.0011294,,0.0001,,static_ridge,,,,,mae,,,0.22006645850020043,0.07397134347065264,0.093070455874823,,,,,,,21,,,,members,10.0
,,,,,rls,,,,,mae,,,0.17049791173541262,0.05829012432620005,0.07330329115774767,0.0076395,0.995,1.0e-6,,,,21,,,,members,10.0
,,,,,hedge,,,,,mae,,,0.200778141420455,0.06797604142618312,0.08544396783474428,0.0020363,,,0.5,0,,21,,,,members,10.0
,,,,,exp3,,,,,mae,,,0.7560201215308655,0.2623200913681688,0.32283561029559,0.0017716,,,,,0.05,21,,,,members,10.0
,,,,,fixed_share,,,,,mae,,,0.20110597030467983,0.0683552754108625,0.08576925688579996,0.0019681,,,0.01,,,21,0.02,,,members,10.0
,,,,,passive_aggressive,,,,,mae,,,0.18133556051412075,0.05915228753680813,0.07545182850034231,0.000153,,,,,,21,,1.0e12,0.1,members,10.0
279977.3170528745,0.1902182,0,0.01,cholesky,adaptive_ridge,510,quadratic_stacked_beta,0.1197604,1.4734444831631558e-15,mae,0.0704578,5,0.17206538530046564,0.057006198328360194,0.07214711186988532,,,,,,,22,,,,members,10.0
,9.62e-5,,0.001,,static_ridge,,,,,mae,,,0.15043940743128142,0.050165644857245645,0.06364274867681778,,,,,,,22,,,,members,10.0
,,,,,rls,,,,,mae,,,0.1412675034167916,0.045834931666762016,0.05834524522931382,0.0025886,0.995,0.1,,,,22,,,,members,10.0
,,,,,hedge,,,,,mae,,,0.2332351059166917,0.07447481130830606,0.09504167443725695,0.0010057,,,1.0,24,,22,,,,members,10.0
,,,,,exp3,,,,,mae,,,0.6269275992752393,0.18674325353258253,0.23732061152733588,0.0010255,,,,,0.1,22,,,,members,10.0
,,,,,fixed_share,,,,,mae,,,0.15924061294845987,0.053260898678787714,0.06687903934041661,0.0008353,,,0.05,,,22,0.005,,,members,10.0
,,,,,passive_aggressive,,,,,mae,,,0.1621822476648967,0.052435709265390304,0.06692965918633732,0.0001385,,,,,,22,,1.0e12,0.1,members,10.0
676480.3887027892,0.43443519999999997,0,0.01,cholesky,adaptive_ridge,510,quadratic_stacked_beta,0.3841088,2.7158704460274515e-15,mae,0.0503264,5,0.14942496483716916,0.05230276272197436,0.0649030350946761,,,,,,,23,,,,members,10.0
,0.0001252,,0.0001,,static_ridge,,,,,mae,,,0.13614353134305593,0.046065826707790754,0.05833732855624639,,,,,,,23,,,,members,10.0
,,,,,rls,,,,,mae,,,0.11858578055651885,0.04162985358100308,0.052140104766592386,0.0026266,0.995,0.1,,,,23,,,,members,10.0
,,,,,hedge,,,,,mae,,,0.31210919901770534,0.11045273623738251,0.13717011327014642,0.0020136,,,1.0,336,,23,,,,members,10.0
,,,,,exp3,,,,,mae,,,0.8310342531568655,0.21685322793651535,0.2968714409416686,0.0017647,,,,,0.1,23,,,,members,10.0
,,,,,fixed_share,,,,,mae,,,0.2255477917789984,0.07674493610754608,0.09583140190579428,0.0019675,,,0.5,,,23,0.05,,,members,10.0
,,,,,passive_aggressive,,,,,mae,,,0.13161355516710196,0.046859782743096996,0.05817780746205533,0.0001292,,,,,,23,,1.0e12,0.1,members,10.0
349918.61200504994,0.23647210000000002,0,0.01,cholesky,adaptive_ridge,510,quadratic_stacked_beta,0.1739167,2.3771307661138597e-15,mae,0.0625554,5,0.2068738716190606,0.0703058967304199,0.08754237847488747,,,,,,,24,,,,members,10.0
,0.0001713,,0.0001,,static_ridge,,,,,mae,,,0.2444183757454849,0.08346178180225888,0.10469644938954174,,,,,,,24,,,,members,10.0
,,,,,rls,,,,,mae,,,0.1793414262228641,0.057785278362323556,0.07355181928457905,0.0082827,0.99,0.1,,,,24,,,,members,10.0
,,,,,hedge,,,,,mae,,,0.2305220311093008,0.07818528106421761,0.09781633570902776,0.0017678,,,1.0,0,,24,,,,members,10.0
,,,,,exp3,,,,,mae,,,0.8344758980129316,0.24931521531515263,0.3218763579398014,0.0010798,,,,,0.2,24,,,,members,10.0
,,,,,fixed_share,,,,,mae,,,0.20678744452683476,0.06821815247396396,0.08649559434339776,0.0017864,,,0.05,,,24,0.01,,,members,10.0
,,,,,passive_aggressive,,,,,mae,,,0.20258844091993858,0.06355784911743875,0.08139266025414871,0.000145,,,,,,24,,1.0e12,0.1,members,10.0
123618.08079214202,0.2193727,0,0.1,cholesky,adaptive_ridge,510,quadratic_stacked_beta,0.1704062,1.8773523372634774e-15,mae,0.0489665,5,0.2565778741335559,0.08848829748976439,0.1101952228288165,,,,,,,25,,,,members,10.0
,0.0001272,,0.1,,static_ridge,,,,,mae,,,0.24943249381964105,0.08477079337441486,0.10651832708535056,,,,,,,25,,,,members,10.0
,,,,,rls,,,,,mae,,,0.22329541076828907,0.07151996318704264,0.09099755675928148,0.0090223,0.95,0.1,,,,25,,,,members,10.0
,,,,,hedge,,,,,mae,,,0.33791176266136674,0.16132600545016296,0.18145549256056784,0.0021534,,,1.0,336,,25,,,,members,10.0
,,,,,exp3,,,,,mae,,,0.777512071405914,0.31267711233439344,0.3641066390604588,0.0017294,,,,,0.05,25,,,,members,10.0
,,,,,fixed_share,,,,,mae,,,0.2996324919314596,0.13052228316411082,0.15032849436853354,0.0017514,,,0.1,,,25,0.01,,,members,10.0
,,,,,passive_aggressive,,,,,mae,,,0.25714058725810846,0.08071874564943428,0.10312815420317549,0.0001808,,,,,,25,,1.0e12,0.1,members,10.0
18239.728256331182,0.4596468,0,0.1,cholesky,adaptive_ridge,510,quadratic_stacked_beta,0.2309553,2.1371004698816806e-15,mae,0.2286915,5,0.25636728180120216,0.08402932068732487,0.10694573136835044,,,,,,,26,,,,members,10.0
,9.31e-5,,0.001,,static_ridge,,,,,mae,,,0.2404395276456878,0.0807393207115924,0.10278161168260401,,,,,,,26,,,,members,10.0
,,,,,rls,,,,,mae,,,0.22773093195962754,0.07664165605608296,0.09653090476802395,0.0029615,0.98,1.0e-6,,,,26,,,,members,10.0
,,,,,hedge,,,,,mae,,,0.37784248030154294,0.1803340278700402,0.20255334144725795,0.0020167,,,1.0,24,,26,,,,members,10.0
,,,,,exp3,,,,,mae,,,0.8949448514732319,0.2870729359820149,0.36372795185952495,0.001391,,,,,0.2,26,,,,members,10.0
,,,,,fixed_share,,,,,mae,,,0.3732056089645716,0.15606138235833444,0.18204656694191687,0.0010391,,,0.25,,,26,0.05,,,members,10.0
,,,,,passive_aggressive,,,,,mae,,,0.23183673269509025,0.07932901606148537,0.09952918039031548,0.0001676,,,,,,26,,1.0e12,0.1,members,10.0
471663.249605697,0.1288117,0,0.01,cholesky,adaptive_ridge,510,quadratic_stacked_beta,0.044652,2.3942703438560583e-15,mae,0.0841597,5,0.18309388816606997,0.05910540616423117,0.07554102384459528,,,,,,,27,,,,members,10.0
,8.87e-5,,0.001,,static_ridge,,,,,mae,,,0.15888478659533234,0.05402812961670505,0.06792924084655108,,,,,,,27,,,,members,10.0
,,,,,rls,,,,,mae,,,0.14200288330226377,0.04637602675919656,0.05869343847493325,0.0087413,0.995,1.0e-6,,,,27,,,,members,10.0
,,,,,hedge,,,,,mae,,,0.23573400986059226,0.08220138339795655,0.10253827232148054,0.0017128,,,1.0,0,,27,,,,members,10.0
,,,,,exp3,,,,,mae,,,0.6769125378222351,0.14542208371815266,0.21736488495946207,0.0015796,,,,,0.1,27,,,,members,10.0
,,,,,fixed_share,,,,,mae,,,0.20468200325618316,0.06968625041940894,0.08734926163389616,0.0012755,,,0.5,,,27,0.05,,,members,10.0
,,,,,passive_aggressive,,,,,mae,,,0.15917412066982173,0.05189963085315309,0.06560357371746672,0.0001216,,,,,,27,,1.0e12,0.1,members,10.0
162801.3074841596,0.4251548,0,0.01,cholesky,adaptive_ridge,510,quadratic_stacked_beta,0.3723723,1.9119234152113495e-15,mae,0.0527825,5,0.2163798180899643,0.07518340041921062,0.09325454948922114,,,,,,,28,,,,members,10.0
,9.38e-5,,0.001,,static_ridge,,,,,mae,,,0.18275108118572753,0.06146122435603038,0.0773759269686257,,,,,,,28,,,,members,10.0
,,,,,rls,,,,,mae,,,0.17494597829698588,0.06023366427678969,0.07539201212169529,0.0091057,0.995,1.0e-6,,,,28,,,,members,10.0
,,,,,hedge,,,,,mae,,,0.27452580462763815,0.09694977929358464,0.12033778300914431,0.0010012,,,1.0,72,,28,,,,members,10.0
,,,,,exp3,,,,,mae,,,0.719103567276871,0.15254914890228582,0.23060347882350973,0.0019568,,,,,0.1,28,,,,members,10.0
,,,,,fixed_share,,,,,mae,,,0.1782373331976065,0.06128062849794099,0.07680396146557647,0.0013761,,,0.05,,,28,0.005,,,members,10.0
,,,,,passive_aggressive,,,,,mae,,,0.1962733665340126,0.06441985843083274,0.08149524826081454,0.000156,,,,,,28,,1.0e12,0.1,members,10.0
50386.3521033488,0.18045,0,0.1,cholesky,adaptive_ridge,510,quadratic_stacked_beta,0.0964848,2.3511692238915266e-15,mae,0.0839652,5,0.2249954757850422,0.0751463669411162,0.09442678213896748,,,,,,,29,,,,members,10.0
,9.72e-5,,0.01,,static_ridge,,,,,mae,,,0.21039160406011972,0.07087168036267005,0.08867761186341253,,,,,,,29,,,,members,10.0
,,,,,rls,,,,,mae,,,0.18377641063280492,0.0651680074963615,0.0809751658970706,0.0070644,0.995,0.1,,,,29,,,,members,10.0
,,,,,hedge,,,,,mae,,,0.24170951365306714,0.07992233432066836,0.1005405374914922,0.0023624,,,1.0,336,,29,,,,members,10.0
,,,,,exp3,,,,,mae,,,0.8884256116870018,0.23702350799251404,0.3193536980361755,0.0018647,,,,,0.2,29,,,,members,10.0
,,,,,fixed_share,,,,,mae,,,0.24145933330758967,0.0802765633636932,0.10094861757775263,0.0017599,,,0.01,,,29,0.005,,,members,10.0
,,,,,passive_aggressive,,,,,mae,,,0.18833004734820932,0.06645737964517044,0.08238907943381177,0.0001447,,,,,,29,,1.0e12,0.1,members,10.0
116159.44383811216,0.4574569,0,0.01,cholesky,adaptive_ridge,510,quadratic_stacked_beta,0.4048182,2.262004456810844e-15,mae,0.0526387,5,0.24758771185342368,0.08382522991942344,0.10553328622897303,,,,,,,30,,,,members,10.0
,9.52e-5,,0.01,,static_ridge,,,,,mae,,,0.2681237104440177,0.10628204496691289,0.12676033278317406,,,,,,,30,,,,members,10.0
,,,,,rls,,,,,mae,,,0.21102284428226006,0.07005991849092323,0.08817235866109359,0.0024479,0.99,0.1,,,,30,,,,members,10.0
,,,,,hedge,,,,,mae,,,0.37509058862910344,0.14851555960774304,0.17597804187519556,0.0009695,,,1.0,24,,30,,,,members,10.0
,,,,,exp3,,,,,mae,,,0.948794377398713,0.30448921833012443,0.3888515652638487,0.0010958,,,,,0.2,30,,,,members,10.0
,,,,,fixed_share,,,,,mae,,,0.29664845772342396,0.10149275654737028,0.12724015325754134,0.0009318,,,0.1,,,30,0.02,,,members,10.0
,,,,,passive_aggressive,,,,,mae,,,0.223203652645055,0.07404637491807081,0.09352867953661068,0.0001772,,,,,,30,,1.0e12,0.1,members,10.0
3.9348200273877853e6,0.9294929,0,0.01,cholesky,adaptive_ridge,1140,quadratic_stacked_beta,0.3002688,4.99524340678614e-15,mae,0.6292241,5,0.13707192961176987,0.04579199287307395,0.05745625586524882,,,,,,,1,,,,members,15.0
,0.0001574,,0.001,,static_ridge,,,,,mae,,,0.09648362038538828,0.03289379975069004,0.04129234035362477,,,,,,,1,,,,members,15.0
,,,,,rls,,,,,mae,,,0.08930135509846827,0.028725660615521398,0.03640393652307417,0.0419244,0.995,1.0e-6,,,,1,,,,members,15.0
,,,,,hedge,,,,,mae,,,0.26296209875633225,0.13057934875344393,0.1437721348827729,0.0011911,,,1.0,24,,1,,,,members,15.0
,,,,,exp3,,,,,mae,,,0.8626036686877043,0.18400275002218927,0.28464889942650085,0.0021569,,,,,0.2,1,,,,members,15.0
,,,,,fixed_share,,,,,mae,,,0.15919593734138704,0.05394169625605798,0.06750854517229095,0.0012596,,,0.25,,,1,0.02,,,members,15.0
,,,,,passive_aggressive,,,,,mae,,,0.11164201945588954,0.036918367984687346,0.047016085906628195,0.0001983,,,,,,1,,1.0e12,0.01,members,15.0
2.826257932414233e6,1.0734067,0,0.01,cholesky,adaptive_ridge,1140,quadratic_stacked_beta,0.4609052,5.880582349929148e-15,mae,0.6125015,5,0.15160136705788405,0.05184897068101471,0.06473216065149447,,,,,,,2,,,,members,15.0
,0.0001888,,0.0001,,static_ridge,,,,,mae,,,0.11992856171467578,0.039214829017191276,0.04985539975909027,,,,,,,2,,,,members,15.0
,,,,,rls,,,,,mae,,,0.08425210413931286,0.028890780670168467,0.036300755361649846,0.004311,0.99,1.0e-6,,,,2,,,,members,15.0
,,,,,hedge,,,,,mae,,,0.2276738942300544,0.09012867680634484,0.10842976039658081,0.0010402,,,0.01,0,,2,,,,members,15.0
,,,,,exp3,,,,,mae,,,0.8154898143777012,0.26751445638498556,0.3292445734441505,0.002127,,,,,0.1,2,,,,members,15.0
,,,,,fixed_share,,,,,mae,,,0.20777570319659447,0.06616727111765225,0.0845904602365524,0.0023742,,,0.05,,,2,0.005,,,members,15.0
,,,,,passive_aggressive,,,,,mae,,,0.11573882248369113,0.03778863199638218,0.047986442857866074,0.0003297,,,,,,2,,1.0e12,0.01,members,15.0
1.3510674626132286e9,1.1408207,0,0.0001,cholesky,adaptive_ridge,1140,quadratic_stacked_beta,0.5101909,4.732652262995067e-15,mae,0.6306298,5,0.1322850233170851,0.038844618824619356,0.051116930990496336,,,,,,,3,,,,members,15.0
,0.0001634,,0.001,,static_ridge,,,,,mae,,,0.08321977946815177,0.028446362348768302,0.03552542732733232,,,,,,,3,,,,members,15.0
,,,,,rls,,,,,mae,,,0.047253273224987506,0.015888432723355588,0.02012130634868589,0.0057685,0.99,0.1,,,,3,,,,members,15.0
,,,,,hedge,,,,,mae,,,0.18619996162141456,0.06429668970371462,0.07968637054106857,0.0025818,,,1.0,336,,3,,,,members,15.0
,,,,,exp3,,,,,mae,,,0.7605886418066171,0.204118060566425,0.2714048026096876,0.0023294,,,,,0.1,3,,,,members,15.0
,,,,,fixed_share,,,,,mae,,,0.10378557863087977,0.037880656118294526,0.046708264182285845,0.0013835,,,0.25,,,3,0.02,,,members,15.0
,,,,,passive_aggressive,,,,,mae,,,0.09684845194863226,0.03149138685626473,0.04010690155596666,0.0002018,,,,,,3,,1.0e12,0.01,members,15.0
581332.0767063573,1.5102854,0,0.01,cholesky,adaptive_ridge,1140,quadratic_stacked_beta,0.7115624,3.92468326752703e-15,mae,0.798723,5,0.2003138789966061,0.0657990568213813,0.08279517654577066,,,,,,,4,,,,members,15.0
,0.000167,,0.01,,static_ridge,,,,,mae,,,0.15590849187206238,0.052109756699474444,0.06623511511317215,,,,,,,4,,,,members,15.0
,,,,,rls,,,,,mae,,,0.13136089999576048,0.04352467975485977,0.055127056517665654,0.005366,0.99,0.1,,,,4,,,,members,15.0
,,,,,hedge,,,,,mae,,,0.19765712268097052,0.06561309135090253,0.08289599030443008,0.0025334,,,1.0,72,,4,,,,members,15.0
,,,,,exp3,,,,,mae,,,0.8505949611389388,0.19450142933961764,0.2881921468137054,0.0022877,,,,,0.2,4,,,,members,15.0
,,,,,fixed_share,,,,,mae,,,0.1478345690567665,0.04916202859088968,0.06137377200596926,0.0013925,,,0.5,,,4,0.05,,,members,15.0
,,,,,passive_aggressive,,,,,mae,,,0.15552413208388136,0.05235994295573158,0.06660773278222658,0.0001503,,,,,,4,,1.0e12,0.1,members,15.0
1.2279564267440015e6,1.5090203999999998,0,0.01,cholesky,adaptive_ridge,1140,quadratic_stacked_beta,0.6637131,5.551351474167799e-15,mae,0.8453073,5,0.22048447741770918,0.07299915428381241,0.0916791151287572,,,,,,,5,,,,members,15.0
,0.0001898,,0.01,,static_ridge,,,,,mae,,,0.1521486431363868,0.05277624404853241,0.06629081587043616,,,,,,,5,,,,members,15.0
,,,,,rls,,,,,mae,,,0.12908520028816237,0.04496396495917314,0.05610114582370539,0.0107729,0.995,0.1,,,,5,,,,members,15.0
,,,,,hedge,,,,,mae,,,0.281855896071785,0.1081744810549628,0.13034693730775848,0.001105,,,1.0,0,,5,,,,members,15.0
,,,,,exp3,,,,,mae,,,0.9736719509948283,0.4250220228337496,0.490664016396978,0.0014458,,,,,0.1,5,,,,members,15.0
,,,,,fixed_share,,,,,mae,,,0.2892552127902044,0.11009599848458351,0.1329056609160592,0.0014501,,,0.01,,,5,0.1,,,members,15.0
,,,,,passive_aggressive,,,,,mae,,,0.1580912758532624,0.052792025082236176,0.06697928739118772,0.1136428,,,,,,5,,1.0e12,0.1,members,15.0
317767.97866015084,1.0386555,0,0.1,cholesky,adaptive_ridge,1140,quadratic_stacked_beta,0.4440673,5.165451638103486e-15,mae,0.5945882,5,0.21409164098250705,0.07872586829050605,0.09674044921163265,,,,,,,6,,,,members,15.0
,0.0012302,,0.01,,static_ridge,,,,,mae,,,0.19533699490764242,0.0697039629198284,0.08644282812506708,,,,,,,6,,,,members,15.0
,,,,,rls,,,,,mae,,,0.18076276352289425,0.0633142246873661,0.07850146153101578,0.0107015,0.995,0.1,,,,6,,,,members,15.0
,,,,,hedge,,,,,mae,,,0.2851824251938648,0.11257167488229682,0.13463420658502515,0.0011235,,,1.0,24,,6,,,,members,15.0
,,,,,exp3,,,,,mae,,,0.9141518281043061,0.22661244387023985,0.3184020604647149,0.0016766,,,,,0.2,6,,,,members,15.0
,,,,,fixed_share,,,,,mae,,,0.2443680055002379,0.08528165269791704,0.10649572924904868,0.0016359,,,0.1,,,6,0.02,,,members,15.0
,,,,,passive_aggressive,,,,,mae,,,0.19412167126743007,0.06680975013078126,0.08348613200403798,0.0001666,,,,,,6,,1.0e12,0.1,members,15.0
65553.49679903116,1.143691,0,0.1,cholesky,adaptive_ridge,1140,quadratic_stacked_beta,0.3699614,3.850474775627013e-15,mae,0.7737296,5,0.2369480495458694,0.08252443146775992,0.10353307390836504,,,,,,,7,,,,members,15.0
,0.0001676,,0.01,,static_ridge,,,,,mae,,,0.2143712964804025,0.07261106997269766,0.09145706098359868,,,,,,,7,,,,members,15.0
,,,,,rls,,,,,mae,,,0.18990949629527484,0.06329065619688089,0.08042500702328265,0.0045006,0.995,0.1,,,,7,,,,members,15.0
,,,,,hedge,,,,,mae,,,0.29670038015733896,0.10796899087437262,0.13272582027428648,0.0009799,,,0.25,0,,7,,,,members,15.0
,,,,,exp3,,,,,mae,,,0.9794286777515744,0.3290671815477554,0.41040776539381807,0.0015264,,,,,0.2,7,,,,members,15.0
,,,,,fixed_share,,,,,mae,,,0.29727041986148267,0.10807074726351613,0.13292894292851434,0.0022461,,,0.01,,,7,0.1,,,members,15.0
,,,,,passive_aggressive,,,,,mae,,,0.21020938524155988,0.0689348665828287,0.08746163400578483,0.0001663,,,,,,7,,1.0e12,0.1,members,15.0
52344.37416854087,1.1210387,0,0.1,cholesky,adaptive_ridge,1140,quadratic_stacked_beta,0.4458297,3.895399993618719e-15,mae,0.675209,5,0.20006868911175754,0.06685952007406319,0.08468110378946793,,,,,,,8,,,,members,15.0
,0.0002075,,0.0001,,static_ridge,,,,,mae,,,0.1921866056214524,0.0659636203631573,0.0825584647079412,,,,,,,8,,,,members,15.0
,,,,,rls,,,,,mae,,,0.16179146969949382,0.05403752678587097,0.06847431618561478,0.0171459,0.995,1.0e-6,,,,8,,,,members,15.0
,,,,,hedge,,,,,mae,,,0.32029385617958944,0.15392105545531684,0.17199196135397762,0.0012557,,,1.0,72,,8,,,,members,15.0
,,,,,exp3,,,,,mae,,,0.8225836021660936,0.2026984164100577,0.286699573339491,0.001676,,,,,0.2,8,,,,members,15.0
,,,,,fixed_share,,,,,mae,,,0.20741223219582905,0.06769648260919732,0.08637118746104752,0.0013639,,,0.25,,,8,0.02,,,members,15.0
,,,,,passive_aggressive,,,,,mae,,,0.17471030058958414,0.05885630629791229,0.07421436099085532,0.0001522,,,,,,8,,1.0e12,0.1,members,15.0
128414.60011604392,0.9943175,0,0.1,cholesky,adaptive_ridge,1140,quadratic_stacked_beta,0.3883853,4.848467206453196e-15,mae,0.6059322,5,0.21712454872744172,0.07593873790046998,0.0939901152721752,,,,,,,9,,,,members,15.0
,0.0001536,,0.01,,static_ridge,,,,,mae,,,0.18845269348661184,0.06636745618674365,0.08219062949239381,,,,,,,9,,,,members,15.0
,,,,,rls,,,,,mae,,,0.16605736191670725,0.05870275518130596,0.0727763414189426,0.0196736,0.995,1.0e-6,,,,9,,,,members,15.0
,,,,,hedge,,,,,mae,,,0.2821477098562875,0.11047650573555674,0.13366712885870888,0.0009386,,,0.25,0,,9,,,,members,15.0
,,,,,exp3,,,,,mae,,,1.0763144103723983,0.34030749497065216,0.4363949459912875,0.0014175,,,,,0.2,9,,,,members,15.0
,,,,,fixed_share,,,,,mae,,,0.28540972477994897,0.11221989582751085,0.1355586258334268,0.0018928,,,0.01,,,9,0.1,,,members,15.0
,,,,,passive_aggressive,,,,,mae,,,0.17635420180445913,0.06165272398455005,0.07622622236397454,0.0001634,,,,,,9,,1.0e12,0.1,members,15.0
115787.53256576679,0.75639,0,0.1,cholesky,adaptive_ridge,1140,quadratic_stacked_beta,0.1842848,4.8261949429097075e-15,mae,0.5721052,5,0.2224300115242981,0.07338771877076328,0.09240730641871625,,,,,,,10,,,,members,15.0
,0.000198,,0.01,,static_ridge,,,,,mae,,,0.16758076448290918,0.05651508621484392,0.07103040729001009,,,,,,,10,,,,members,15.0
,,,,,rls,,,,,mae,,,0.15969458372185838,0.0543669145540636,0.06798851224939523,0.0135607,0.995,1.0e-6,,,,10,,,,members,15.0
,,,,,hedge,,,,,mae,,,0.22765060389425362,0.07755438480145051,0.09690647799868266,0.0011342,,,1.0,24,,10,,,,members,15.0
,,,,,exp3,,,,,mae,,,0.9233128310673243,0.22242811896232587,0.3164657098520213,0.0022114,,,,,0.2,10,,,,members,15.0
,,,,,fixed_share,,,,,mae,,,0.1751881215542177,0.06198260537941051,0.07678809647170697,0.002273,,,0.05,,,10,0.01,,,members,15.0
,,,,,passive_aggressive,,,,,mae,,,0.17250702510243657,0.05878804028133738,0.07338373791401157,0.0001556,,,,,,10,,1.0e12,0.1,members,15.0
391931.7272432868,1.0672774999999999,0,0.1,cholesky,adaptive_ridge,1140,quadratic_stacked_beta,0.4983256,4.4528921647444675e-15,mae,0.5689519,5,0.22205992623426837,0.0750340255646487,0.0947752091751605,,,,,,,11,,,,members,15.0
,0.0002403,,0.001,,static_ridge,,,,,mae,,,0.20717836193156855,0.08185826221706494,0.09793933151503788,,,,,,,11,,,,members,15.0
,,,,,rls,,,,,mae,,,0.15479246971699515,0.051300074801832796,0.06461789107450336,0.0165988,0.99,0.1,,,,11,,,,members,15.0
,,,,,hedge,,,,,mae,,,0.28496801494260793,0.12538036688956045,0.14412308580227473,0.0010844,,,1.0,72,,11,,,,members,15.0
,,,,,exp3,,,,,mae,,,0.8708733770384108,0.21267271314759273,0.2922384508021211,0.0012845,,,,,0.2,11,,,,members,15.0
,,,,,fixed_share,,,,,mae,,,0.21534507270175035,0.09430665296338049,0.10842457921277913,0.0016957,,,0.5,,,11,0.05,,,members,15.0
,,,,,passive_aggressive,,,,,mae,,,0.17554357520935576,0.05763920822686705,0.0729445626663826,0.0001431,,,,,,11,,1.0e12,0.1,members,15.0
1.1123636665498007e6,0.9397192,0,0.01,cholesky,adaptive_ridge,1140,quadratic_stacked_beta,0.1887651,4.015640006064532e-15,mae,0.7509541,5,0.19594013523952294,0.0661287940889064,0.08339380782416732,,,,,,,12,,,,members,15.0
,0.0001864,,0.0001,,static_ridge,,,,,mae,,,0.14186455438449908,0.047138549762917835,0.059455188746048424,,,,,,,12,,,,members,15.0
,,,,,rls,,,,,mae,,,0.11361138412434013,0.03961795704970129,0.049550368344795086,0.047647,0.995,0.1,,,,12,,,,members,15.0
,,,,,hedge,,,,,mae,,,0.2009348755009387,0.0684982166728854,0.08592719957296649,0.0011553,,,1.0,336,,12,,,,members,15.0
,,,,,exp3,,,,,mae,,,0.8374596402704435,0.18567824961539126,0.2816392947856812,0.1157681,,,,,0.2,12,,,,members,15.0
,,,,,fixed_share,,,,,mae,,,0.14824179396036832,0.05110285971635068,0.06396263048508975,0.0020135,,,0.25,,,12,0.02,,,members,15.0
,,,,,passive_aggressive,,,,,mae,,,0.15355655330171278,0.05128314251058035,0.06431796543457448,0.0002117,,,,,,12,,1.0e12,0.1,members,15.0
9.244101858474147e6,1.1628497,0,0.01,cholesky,adaptive_ridge,1140,quadratic_stacked_beta,0.5520641,6.232165927726661e-15,mae,0.6107856,5,0.21674478723764082,0.07101172943818099,0.08987673937558008,,,,,,,13,,,,members,15.0
,0.0001659,,0.001,,static_ridge,,,,,mae,,,0.19942032508830448,0.07031453706646111,0.08767416183264802,,,,,,,13,,,,members,15.0
,,,,,rls,,,,,mae,,,0.11694345886639362,0.03969966443033548,0.05017222419511351,0.0185258,0.99,1.0e-6,,,,13,,,,members,15.0
,,,,,hedge,,,,,mae,,,0.263358757335029,0.09524982589125751,0.11713621302736811,0.0014126,,,1.0,24,,13,,,,members,15.0
,,,,,exp3,,,,,mae,,,1.090961125394299,0.3327529021490968,0.4259164666693678,0.0013293,,,,,0.2,13,,,,members,15.0
,,,,,fixed_share,,,,,mae,,,0.17369548796869658,0.06121421295493779,0.07673984795550627,0.0011837,,,0.05,,,13,0.01,,,members,15.0
,,,,,passive_aggressive,,,,,mae,,,0.1551211320341052,0.05047872670873973,0.06443732350371803,0.0002054,,,,,,13,,1.0e12,0.01,members,15.0
110266.71279193905,1.0069712,0,0.1,cholesky,adaptive_ridge,1140,quadratic_stacked_beta,0.3779343,4.138015599412917e-15,mae,0.6290369,5,0.274664308923474,0.08611523095889055,0.11135238331629077,,,,,,,14,,,,members,15.0
,0.0001495,,0.01,,static_ridge,,,,,mae,,,0.2448093655118971,0.08401352168132846,0.10529688324118265,,,,,,,14,,,,members,15.0
,,,,,rls,,,,,mae,,,0.20630624405293296,0.06742182706467059,0.08564320260567085,0.0174355,0.995,0.1,,,,14,,,,members,15.0
,,,,,hedge,,,,,mae,,,0.38356016880865357,0.18990734988759714,0.20952086401916145,0.0025889,,,1.0,24,,14,,,,members,15.0
,,,,,exp3,,,,,mae,,,0.9563576045030616,0.26677545515739587,0.3565945303837258,0.0014116,,,,,0.1,14,,,,members,15.0
,,,,,fixed_share,,,,,mae,,,0.31438347170336295,0.10640890255820015,0.1336610779975995,0.0019461,,,1.0,,,14,0.05,,,members,15.0
,,,,,passive_aggressive,,,,,mae,,,0.22776480566329446,0.0736000192778974,0.09361537245336188,0.0001503,,,,,,14,,1.0e12,0.1,members,15.0
176177.99622059573,1.5153468,0,0.1,cholesky,adaptive_ridge,1140,quadratic_stacked_beta,0.6639398,5.198936448188132e-15,mae,0.851407,5,0.21605783500815892,0.07453690255622811,0.09317849720893549,,,,,,,15,,,,members,15.0
,0.0001677,,0.0001,,static_ridge,,,,,mae,,,0.14782952828616241,0.05355647177408149,0.06581677296136218,,,,,,,15,,,,members,15.0
,,,,,rls,,,,,mae,,,0.13001121796310017,0.04719085435116546,0.05789190119209598,0.0042553,0.995,1.0e-6,,,,15,,,,members,15.0
,,,,,hedge,,,,,mae,,,0.23306278809529601,0.08057333763301942,0.10090496408123457,0.0011358,,,1.0,72,,15,,,,members,15.0
,,,,,exp3,,,,,mae,,,0.871453526692844,0.26950768729324515,0.33980320384450496,0.001382,,,,,0.1,15,,,,members,15.0
,,,,,fixed_share,,,,,mae,,,0.18021081526563126,0.06281161714724244,0.07846489577947711,0.0013253,,,0.05,,,15,0.01,,,members,15.0
,,,,,passive_aggressive,,,,,mae,,,0.1539099751246801,0.0551400047308426,0.06823076565093483,0.000209,,,,,,15,,1.0e12,0.1,members,15.0
2.375956050347802e6,1.5037069,0,0.01,cholesky,adaptive_ridge,1140,quadratic_stacked_beta,0.8022365,4.268113963958783e-15,mae,0.7014704,5,0.15517918307085135,0.05432148526288421,0.06746219239466703,,,,,,,16,,,,members,15.0
,0.0001588,,0.001,,static_ridge,,,,,mae,,,0.12087293217134637,0.04149847250984171,0.05185376292575896,,,,,,,16,,,,members,15.0
,,,,,rls,,,,,mae,,,0.09777482779717625,0.0332265172032117,0.04196451370346851,0.0043566,0.995,1.0e-6,,,,16,,,,members,15.0
,,,,,hedge,,,,,mae,,,0.23162833586113757,0.09183251431278741,0.1099174655912004,0.0008786,,,1.0,0,,16,,,,members,15.0
,,,,,exp3,,,,,mae,,,0.7377836152280847,0.2686376314731186,0.3181521323177682,0.0013758,,,,,0.1,16,,,,members,15.0
,,,,,fixed_share,,,,,mae,,,0.23639020549649495,0.09368014800511491,0.11205779097920673,0.0014572,,,0.01,,,16,0.1,,,members,15.0
,,,,,passive_aggressive,,,,,mae,,,0.13344915775044622,0.044009031705672316,0.05587538047944596,0.0002324,,,,,,16,,1.0e12,0.01,members,15.0
6.52249722436512e7,0.9814681000000001,0,0.001,cholesky,adaptive_ridge,1140,quadratic_stacked_beta,0.2912001,6.947480676285669e-15,mae,0.690268,5,0.16707428304545033,0.05365328130606053,0.0680546609709016,,,,,,,17,,,,members,15.0
,0.0001629,,0.01,,static_ridge,,,,,mae,,,0.15479978767577188,0.050513225674921294,0.06348015870593453,,,,,,,17,,,,members,15.0
,,,,,rls,,,,,mae,,,0.10244200616666141,0.034429847863094,0.043188500405156066,0.0150396,0.99,0.1,,,,17,,,,members,15.0
,,,,,hedge,,,,,mae,,,0.28246190755351164,0.10822579837906642,0.1308981760199647,0.0291277,,,1.0,24,,17,,,,members,15.0
,,,,,exp3,,,,,mae,,,0.9255506409565196,0.13782775558865723,0.27162422626150207,0.0013605,,,,,0.2,17,,,,members,15.0
,,,,,fixed_share,,,,,mae,,,0.1198745925180123,0.038600301623863,0.04940291365058245,0.0012527,,,0.1,,,17,0.005,,,members,15.0
,,,,,passive_aggressive,,,,,mae,,,0.13325091941855732,0.04188188028462475,0.05354908401164386,0.000228,,,,,,17,,1.0e12,0.01,members,15.0
3.2868734797330063e7,1.3532254,0,0.001,cholesky,adaptive_ridge,1140,quadratic_stacked_beta,0.3910105,5.432214480592183e-15,mae,0.9622149,5,0.18662567559266624,0.06183354588786374,0.07879475441961113,,,,,,,18,,,,members,15.0
,0.0001536,,0.01,,static_ridge,,,,,mae,,,0.1409395866961695,0.04859507174332903,0.06032899182627373,,,,,,,18,,,,members,15.0
,,,,,rls,,,,,mae,,,0.11742554950804447,0.03985699277034063,0.04995447023526949,0.0167719,0.995,1.0e-6,,,,18,,,,members,15.0
,,,,,hedge,,,,,mae,,,0.21092062086485938,0.07348865362015408,0.09184842456745297,0.0009075,,,1.0,0,,18,,,,members,15.0
,,,,,exp3,,,,,mae,,,0.853013174282934,0.24791129181174804,0.3056240772529195,0.0013143,,,,,0.2,18,,,,members,15.0
,,,,,fixed_share,,,,,mae,,,0.21310846400504865,0.07412532842056314,0.09265840165301537,0.0109408,,,0.01,,,18,0.1,,,members,15.0
,,,,,passive_aggressive,,,,,mae,,,0.14568896536484044,0.04911949938029787,0.061685768234527795,0.0002,,,,,,18,,1.0e12,0.01,members,15.0
61005.07563596637,1.829333,0,0.1,cholesky,adaptive_ridge,1140,quadratic_stacked_beta,0.9062074,4.0321857957606454e-15,mae,0.9231256,5,0.19419820547639602,0.06565525813170814,0.08215111432310394,,,,,,,19,,,,members,15.0
,0.000157,,0.01,,static_ridge,,,,,mae,,,0.17042107755375396,0.057896706981357536,0.07256168149559131,,,,,,,19,,,,members,15.0
,,,,,rls,,,,,mae,,,0.15027417882557123,0.050849605335715684,0.06383266324909395,0.0046971,0.995,1.0e-6,,,,19,,,,members,15.0
,,,,,hedge,,,,,mae,,,0.28323779200858423,0.12841789258295705,0.1466752836531585,0.0011881,,,1.0,72,,19,,,,members,15.0
,,,,,exp3,,,,,mae,,,0.82299509536194,0.23598746604832327,0.3083273835655542,0.0014241,,,,,0.2,19,,,,members,15.0
,,,,,fixed_share,,,,,mae,,,0.21765708450158935,0.0773016385107367,0.09493164583889015,0.0011033,,,0.05,,,19,0.005,,,members,15.0
,,,,,passive_aggressive,,,,,mae,,,0.17452377921773873,0.05832600816701741,0.07373678867263976,0.0001359,,,,,,19,,1.0e12,0.1,members,15.0
1.4185637827653915e6,0.8799076,0,0.01,cholesky,adaptive_ridge,1140,quadratic_stacked_beta,0.2569291,3.637630335976665e-15,mae,0.6229785,5,0.18130824341772572,0.0654534319923449,0.08131651439488376,,,,,,,20,,,,members,15.0
,0.0002271,,0.001,,static_ridge,,,,,mae,,,0.14738963004590147,0.049072025313543335,0.061982988611549175,,,,,,,20,,,,members,15.0
,,,,,rls,,,,,mae,,,0.13346685899200855,0.044257194976769824,0.056210374258181574,0.0048654,0.995,0.1,,,,20,,,,members,15.0
,,,,,hedge,,,,,mae,,,0.2481949830520906,0.09234067178489018,0.11238956800065787,0.0158823,,,1.0,72,,20,,,,members,15.0
,,,,,exp3,,,,,mae,,,0.7513809738066732,0.2545468437958115,0.3190603745245546,0.0016496,,,,,0.2,20,,,,members,15.0
,,,,,fixed_share,,,,,mae,,,0.23892891305863023,0.08249436658148424,0.10267175772346418,0.0015007,,,0.1,,,20,0.01,,,members,15.0
,,,,,passive_aggressive,,,,,mae,,,0.15274419563775413,0.05022513428649214,0.0640585431695525,0.0001406,,,,,,20,,1.0e12,0.1,members,15.0
95271.75901599025,1.2285382,0,0.1,cholesky,adaptive_ridge,1140,quadratic_stacked_beta,0.6246559,5.281911381323622e-15,mae,0.6038823,5,0.2125405694389473,0.07373714531538393,0.09219082628886568,,,,,,,21,,,,members,15.0
,8.06e-5,,0.1,,static_ridge,,,,,mae,,,0.1989329421210978,0.06574137585628587,0.08257063787751004,,,,,,,21,,,,members,15.0
,,,,,rls,,,,,mae,,,0.17620717046149081,0.058570791411894245,0.07394218001792471,0.0120691,0.995,0.1,,,,21,,,,members,15.0
,,,,,hedge,,,,,mae,,,0.2767528444201345,0.12513133283409603,0.14354069731069238,0.0025041,,,1.0,336,,21,,,,members,15.0
,,,,,exp3,,,,,mae,,,0.953753506318601,0.3109332233040092,0.3927082361726866,0.3559659,,,,,0.2,21,,,,members,15.0
,,,,,fixed_share,,,,,mae,,,0.288404737135038,0.130784717934986,0.14947744575249744,0.0014959,,,0.1,,,21,0.02,,,members,15.0
,,,,,passive_aggressive,,,,,mae,,,0.18568985197592527,0.0633484616463453,0.07949429310673992,0.0001597,,,,,,21,,1.0e12,0.1,members,15.0
155684.39864164506,1.0393065,0,0.1,cholesky,adaptive_ridge,1140,quadratic_stacked_beta,0.4296489,4.5486274132657836e-15,mae,0.6096576,5,0.1829409273136144,0.06478187310234278,0.0811770708486395,,,,,,,22,,,,members,15.0
,0.0001762,,0.01,,static_ridge,,,,,mae,,,0.17804173850695507,0.05941057395246042,0.07480760814285167,,,,,,,22,,,,members,15.0
,,,,,rls,,,,,mae,,,0.14272935237927664,0.050681444217299074,0.06294799439957474,0.0062427,0.995,0.1,,,,22,,,,members,15.0
,,,,,hedge,,,,,mae,,,0.1830567737994123,0.06487896788792431,0.08003992873724172,0.000953,,,0.01,0,,22,,,,members,15.0
,,,,,exp3,,,,,mae,,,0.8226897906255914,0.27668980478009775,0.3482271978259412,0.0016532,,,,,0.1,22,,,,members,15.0
,,,,,fixed_share,,,,,mae,,,0.1846788633634921,0.06523564877216527,0.08041136883028376,0.0011851,,,0.01,,,22,0.1,,,members,15.0
,,,,,passive_aggressive,,,,,mae,,,0.1656975952204578,0.05668515701814593,0.07091702849634549,0.0001646,,,,,,22,,1.0e12,0.1,members,15.0
3.2358250112594664e6,1.5634451,0,0.01,cholesky,adaptive_ridge,1140,quadratic_stacked_beta,0.5449038,5.781703238130473e-15,mae,1.0185413,5,0.16662228594556994,0.05460717681360281,0.06918209041258692,,,,,,,23,,,,members,15.0
,0.0001643,,0.001,,static_ridge,,,,,mae,,,0.13053979257444215,0.04398097113274503,0.05526697063128419,,,,,,,23,,,,members,15.0
,,,,,rls,,,,,mae,,,0.09363620651373726,0.031383254656654286,0.039360223114352944,0.0052444,0.99,1.0e-6,,,,23,,,,members,15.0
,,,,,hedge,,,,,mae,,,0.18600723446860898,0.06623214166089696,0.08174141180698577,0.002034,,,1.0,0,,23,,,,members,15.0
,,,,,exp3,,,,,mae,,,0.9580316122885907,0.23743557300435744,0.326011120709018,0.0029172,,,,,0.2,23,,,,members,15.0
,,,,,fixed_share,,,,,mae,,,0.1656507330284737,0.056620407516811216,0.0709328434059441,0.0019238,,,0.05,,,23,0.01,,,members,15.0
,,,,,passive_aggressive,,,,,mae,,,0.12334200554325774,0.041482942182131756,0.05214493239792023,0.0002101,,,,,,23,,1.0e12,0.01,members,15.0
146563.30363888876,1.4781524,0,0.1,cholesky,adaptive_ridge,1140,quadratic_stacked_beta,0.8352934,4.799697084570369e-15,mae,0.642859,5,0.21384323769987396,0.06846775813102902,0.08725367969436733,,,,,,,24,,,,members,15.0
,0.0001532,,0.01,,static_ridge,,,,,mae,,,0.17463172908337854,0.05919342192231211,0.07414540434872273,,,,,,,24,,,,members,15.0
,,,,,rls,,,,,mae,,,0.14585227494469583,0.050803704200359234,0.06306693638816484,0.0072922,0.995,0.1,,,,24,,,,members,15.0
,,,,,hedge,,,,,mae,,,0.23823042558914664,0.08377916693411389,0.10375524838230576,0.0073769,,,1.0,72,,24,,,,members,15.0
,,,,,exp3,,,,,mae,,,1.0318893143738945,0.2316395229795547,0.3385687831541559,0.001234,,,,,0.2,24,,,,members,15.0
,,,,,fixed_share,,,,,mae,,,0.17990363749605429,0.06251266451864722,0.07779307882723221,0.0010695,,,0.05,,,24,0.005,,,members,15.0
,,,,,passive_aggressive,,,,,mae,,,0.1647416230234732,0.05664766424398266,0.07058526742373486,0.0001613,,,,,,24,,1.0e12,0.1,members,15.0
5.852186422383918e7,0.9132305000000001,0,0.01,cholesky,adaptive_ridge,1140,quadratic_stacked_beta,0.3269225,5.807203848330061e-15,mae,0.586308,5,0.2612940978612242,0.0824731280294823,0.10602849898323609,,,,,,,25,,,,members,15.0
,0.000151,,0.001,,static_ridge,,,,,mae,,,0.13027497901202603,0.04472778342049067,0.05625439693262092,,,,,,,25,,,,members,15.0
,,,,,rls,,,,,mae,,,0.12786852608339502,0.04385332450658032,0.05513383350674233,0.0114898,0.995,0.1,,,,25,,,,members,15.0
,,,,,hedge,,,,,mae,,,0.28602197885671043,0.11818504502010779,0.13832868052008745,0.0011771,,,1.0,72,,25,,,,members,15.0
,,,,,exp3,,,,,mae,,,0.7655246841174875,0.23472898401728395,0.30261001990027653,0.0015022,,,,,0.1,25,,,,members,15.0
,,,,,fixed_share,,,,,mae,,,0.15506229231836652,0.05195648862236807,0.06552520547250344,0.0028497,,,0.05,,,25,0.005,,,members,15.0
,,,,,passive_aggressive,,,,,mae,,,0.15939757465888243,0.05273543015468303,0.06684857258430307,0.0002627,,,,,,25,,1.0e12,0.1,members,15.0
49433.02043648598,0.9821981999999999,0,0.1,cholesky,adaptive_ridge,1140,quadratic_stacked_beta,0.2349838,2.874516585371028e-15,mae,0.7472144,5,0.19842308161409558,0.06632406658524102,0.0834174870200115,,,,,,,26,,,,members,15.0
,0.000154,,0.01,,static_ridge,,,,,mae,,,0.1479514500420903,0.0497248547837998,0.06268662504606834,,,,,,,26,,,,members,15.0
,,,,,rls,,,,,mae,,,0.14399364622905572,0.04813681994147972,0.06064326608128373,0.0074375,0.995,0.1,,,,26,,,,members,15.0
,,,,,hedge,,,,,mae,,,0.1817102400948941,0.06146470385255881,0.07794157322254537,0.001078,,,1.0,0,,26,,,,members,15.0
,,,,,exp3,,,,,mae,,,0.6904790048910647,0.1698907806584422,0.23960287444969552,0.0075402,,,,,0.2,26,,,,members,15.0
,,,,,fixed_share,,,,,mae,,,0.15474802273268584,0.053228694792632626,0.06709611975956563,0.0012508,,,0.05,,,26,0.01,,,members,15.0
,,,,,passive_aggressive,,,,,mae,,,0.15979261397324668,0.053315481110124574,0.06699715362217924,0.0001569,,,,,,26,,1.0e12,0.1,members,15.0
189747.37037132436,1.0861018,0,0.1,cholesky,adaptive_ridge,1140,quadratic_stacked_beta,0.4463424,4.817071281435397e-15,mae,0.6397594,5,0.2119952647177226,0.06871034419445428,0.08648350414999043,,,,,,,27,,,,members,15.0
,0.0001945,,0.0001,,static_ridge,,,,,mae,,,0.21058267176854784,0.070057380092856,0.08837304146214424,,,,,,,27,,,,members,15.0
,,,,,rls,,,,,mae,,,0.14913509368445477,0.051684221623272776,0.0641644155681122,0.0135302,0.99,0.1,,,,27,,,,members,15.0
,,,,,hedge,,,,,mae,,,0.25764314579608477,0.099824484623112,0.12062530324063549,0.0014104,,,1.0,24,,27,,,,members,15.0
,,,,,exp3,,,,,mae,,,0.8250926697240678,0.24480675573925192,0.31507851165059836,0.0517055,,,,,0.2,27,,,,members,15.0
,,,,,fixed_share,,,,,mae,,,0.2159897258769733,0.07971535499604358,0.09800085931685884,0.0011211,,,0.25,,,27,0.05,,,members,15.0
,,,,,passive_aggressive,,,,,mae,,,0.1810813205061821,0.05891547965972971,0.07464711129934432,0.0001595,,,,,,27,,1.0e12,0.1,members,15.0
34825.28872252354,0.8447823000000001,0,0.1,cholesky,adaptive_ridge,1140,quadratic_stacked_beta,0.2188756,4.2429282349803534e-15,mae,0.6259067,5,0.24311197045036365,0.08457281501533909,0.10468832844441583,,,,,,,28,,,,members,15.0
,0.0001455,,0.1,,static_ridge,,,,,mae,,,0.2045451374873651,0.07220632910529393,0.08931102265324414,,,,,,,28,,,,members,15.0
,,,,,rls,,,,,mae,,,0.20282182269050786,0.06903313159187692,0.08642470731943062,0.0046741,0.995,1.0e-6,,,,28,,,,members,15.0
,,,,,hedge,,,,,mae,,,0.2148572513416992,0.07664817274426661,0.09474115221361419,0.0009223,,,1.0,0,,28,,,,members,15.0
,,,,,exp3,,,,,mae,,,1.0349598551979053,0.31575063809150306,0.4062391486158565,0.0015155,,,,,0.2,28,,,,members,15.0
,,,,,fixed_share,,,,,mae,,,0.21721675069632645,0.07683443236936413,0.09509878093597407,0.001458,,,0.05,,,28,0.02,,,members,15.0
,,,,,passive_aggressive,,,,,mae,,,0.21192971913429634,0.07333956868436192,0.09140197582087106,0.0001841,,,,,,28,,1.0e12,0.1,members,15.0
7.632663776418656e7,1.1097815,0,0.001,cholesky,adaptive_ridge,1140,quadratic_stacked_beta,0.3059843,5.896100245538865e-15,mae,0.8037972,5,0.1495894411445103,0.04900869868125115,0.06186320123104106,,,,,,,29,,,,members,15.0
,0.0001639,,0.001,,static_ridge,,,,,mae,,,0.09217963928926894,0.031063124972068923,0.03915253056051761,,,,,,,29,,,,members,15.0
,,,,,rls,,,,,mae,,,0.0873339648878944,0.029303159481081982,0.03690715840641462,0.0170359,0.995,0.1,,,,29,,,,members,15.0
,,,,,hedge,,,,,mae,,,0.17926194765219017,0.06349230352088117,0.07908805666617211,0.0013511,,,1.0,72,,29,,,,members,15.0
,,,,,exp3,,,,,mae,,,0.8271682507995091,0.24285149155932925,0.31656228617486626,0.0013823,,,,,0.1,29,,,,members,15.0
,,,,,fixed_share,,,,,mae,,,0.20737127149524034,0.07915103642349594,0.09673375946784009,0.0012835,,,0.01,,,29,0.005,,,members,15.0
,,,,,passive_aggressive,,,,,mae,,,0.11056111760334104,0.037415889288155826,0.04697210034158794,0.0002082,,,,,,29,,1.0e12,0.01,members,15.0
674196.3037819943,1.1659089,0,0.1,cholesky,adaptive_ridge,1140,quadratic_stacked_beta,0.549606,3.635548780637883e-15,mae,0.6163029,5,0.19708232199866807,0.07063351842185467,0.08736547923270226,,,,,,,30,,,,members,15.0
,0.0003012,,0.01,,static_ridge,,,,,mae,,,0.17112917788961454,0.05822189815445509,0.07284027499716213,,,,,,,30,,,,members,15.0
,,,,,rls,,,,,mae,,,0.12060506553347583,0.04172035106513691,0.05205335674897877,0.0073949,0.99,0.0001,,,,30,,,,members,15.0
,,,,,hedge,,,,,mae,,,0.25756800245798933,0.0989328627954337,0.11964169473387429,0.0024393,,,1.0,0,,30,,,,members,15.0
,,,,,exp3,,,,,mae,,,0.8358677399134358,0.249274066002699,0.3170862929207636,0.002372,,,,,0.1,30,,,,members,15.0
,,,,,fixed_share,,,,,mae,,,0.15456160778999975,0.052340971643987634,0.06547181769749147,0.0022951,,,0.1,,,30,0.01,,,members,15.0
,,,,,passive_aggressive,,,,,mae,,,0.15815471579277252,0.05318118300866338,0.06751888862897278,0.0001946,,,,,,30,,1.0e12,0.01,members,15.0
NaN,3.0038595,0,0.1,cholesky,adaptive_ridge,3150,quadratic_stacked_beta,1.9216353,1.2544851005156012e-14,mae,1.0822242,5,0.18736839786846501,0.06288464599345062,0.07918828202182829,,,,,,,1,,,,members,25.0
,0.0002472,,0.01,,static_ridge,,,,,mae,,,0.12447405814889688,0.04194012991787053,0.05299418744178909,,,,,,,1,,,,members,25.0
,,,,,rls,,,,,mae,,,0.10827908723495515,0.036218136700347986,0.04612696034162418,0.0254389,0.995,0.1,,,,1,,,,members,25.0
,,,,,hedge,,,,,mae,,,0.18087223518743664,0.07048871438731448,0.0852224098801613,0.004729,,,1.0,336,,1,,,,members,25.0
,,,,,exp3,,,,,mae,,,0.9844132147507577,0.29837041755425137,0.38525366171384035,0.0042985,,,,,0.2,1,,,,members,25.0
,,,,,fixed_share,,,,,mae,,,0.1375222828942154,0.04797948462709863,0.06018137045072135,0.0019317,,,0.1,,,1,0.02,,,members,25.0
,,,,,passive_aggressive,,,,,mae,,,0.12852975334088954,0.0451981953101907,0.056461470246251935,0.0001676,,,,,,1,,1.0e12,0.1,members,25.0
NaN,2.5364714,0,0.1,cholesky,adaptive_ridge,3150,quadratic_stacked_beta,1.5912804,1.2451453421639266e-14,mae,0.945191,5,0.1664115100949859,0.05884271185440383,0.07308870938038149,,,,,,,2,,,,members,25.0
,0.0002459,,0.001,,static_ridge,,,,,mae,,,0.11781756609999224,0.04094650326755639,0.050933453028425724,,,,,,,2,,,,members,25.0
,,,,,rls,,,,,mae,,,0.10292771058516297,0.036082338736489625,0.04495608995958959,0.0381429,0.995,0.1,,,,2,,,,members,25.0
,,,,,hedge,,,,,mae,,,0.17344039617828066,0.05991580792930772,0.07470830938201019,0.0037624,,,1.0,24,,2,,,,members,25.0
,,,,,exp3,,,,,mae,,,0.9554720802096268,0.27624838464404033,0.36442642202706127,0.0034132,,,,,0.2,2,,,,members,25.0
,,,,,fixed_share,,,,,mae,,,0.1776530469081729,0.0632204793487063,0.0783825965508448,0.003644,,,0.01,,,2,0.005,,,members,25.0
,,,,,passive_aggressive,,,,,mae,,,0.1354414171543762,0.044636771310686045,0.05652605156462861,0.0004377,,,,,,2,,1.0e12,0.01,members,25.0
NaN,2.4331382,0,0.1,cholesky,adaptive_ridge,3150,quadratic_stacked_beta,1.5916782,1.3337740582664511e-14,mae,0.84146,5,0.16334774972526095,0.055657950133592135,0.06961606316970333,,,,,,,3,,,,members,25.0
,0.0002856,,0.0001,,static_ridge,,,,,mae,,,0.09713398200376666,0.0319303574264406,0.040680418165728975,,,,,,,3,,,,members,25.0
,,,,,rls,,,,,mae,,,0.09260368430868236,0.030323300572886687,0.03859124879608671,0.0585489,0.995,0.1,,,,3,,,,members,25.0
,,,,,hedge,,,,,mae,,,0.17798562939568907,0.062406589449949854,0.07731404150180526,0.0017817,,,1.0,72,,3,,,,members,25.0
,,,,,exp3,,,,,mae,,,1.1068864879852425,0.2552645305754781,0.37195531140039645,0.0035091,,,,,0.2,3,,,,members,25.0
,,,,,fixed_share,,,,,mae,,,0.12340957272819834,0.04185340771514332,0.0526489181601476,0.0038328,,,0.5,,,3,0.05,,,members,25.0
,,,,,passive_aggressive,,,,,mae,,,0.11791280246203063,0.03917271955007533,0.04970419799478164,0.0003055,,,,,,3,,1.0e12,0.01,members,25.0
NaN,2.4644703999999997,0,0.1,cholesky,adaptive_ridge,3150,quadratic_stacked_beta,1.7242977,1.222505478881391e-14,mae,0.7401727,5,0.22881625226594607,0.07310936955943484,0.09277345832406028,,,,,,,4,,,,members,25.0
,0.0002645,,0.0001,,static_ridge,,,,,mae,,,0.12494682287143632,0.04390324626397618,0.05429332141930479,,,,,,,4,,,,members,25.0
,,,,,rls,,,,,mae,,,0.11955653601465294,0.04060839919986025,0.050803922242749475,0.020454,0.995,1.0e-6,,,,4,,,,members,25.0
,,,,,hedge,,,,,mae,,,0.1866236181220134,0.06058561199607078,0.07724956276433118,0.0013384,,,0.01,0,,4,,,,members,25.0
,,,,,exp3,,,,,mae,,,1.151194885952991,0.3496939748332285,0.44754819511737115,0.1708192,,,,,0.2,4,,,,members,25.0
,,,,,fixed_share,,,,,mae,,,0.1879498604561961,0.06040044658644642,0.07759128723135798,0.0037406,,,0.01,,,4,0.005,,,members,25.0
,,,,,passive_aggressive,,,,,mae,,,0.1420455746583949,0.04781493508460343,0.059894428678781336,0.0002033,,,,,,4,,1.0e12,0.1,members,25.0
NaN,2.6640908,0,0.1,cholesky,adaptive_ridge,3150,quadratic_stacked_beta,1.8053797,1.339337517004469e-14,mae,0.8587111,5,0.20651885239600165,0.0707860547187835,0.08885632735709213,,,,,,,5,,,,members,25.0
,0.0002318,,0.01,,static_ridge,,,,,mae,,,0.14241347323097112,0.050873733394490396,0.06301498565387562,,,,,,,5,,,,members,25.0
,,,,,rls,,,,,mae,,,0.14096691841847622,0.04834172028947553,0.060093260036280655,0.0463855,0.995,0.1,,,,5,,,,members,25.0
,,,,,hedge,,,,,mae,,,0.19126474510009403,0.06407138041385563,0.08041135215400369,0.0028085,,,0.01,0,,5,,,,members,25.0
,,,,,exp3,,,,,mae,,,1.0404312832829774,0.30209704204733906,0.40143954964530076,0.0019298,,,,,0.2,5,,,,members,25.0
,,,,,fixed_share,,,,,mae,,,0.19313791408712877,0.06497492409721095,0.08141513380645035,0.0017811,,,0.01,,,5,0.1,,,members,25.0
,,,,,passive_aggressive,,,,,mae,,,0.1451989848990736,0.05212486898154753,0.06452118108842889,0.0001713,,,,,,5,,1.0e12,0.1,members,25.0
NaN,2.5597737,0,0.1,cholesky,adaptive_ridge,3150,quadratic_stacked_beta,1.8710895,1.2894315627506146e-14,mae,0.6886842,5,0.1980046561163571,0.06705582427864049,0.084387953177629,,,,,,,6,,,,members,25.0
,0.0002826,,0.001,,static_ridge,,,,,mae,,,0.12045006308949432,0.038775129446917904,0.04909250959903952,,,,,,,6,,,,members,25.0
,,,,,rls,,,,,mae,,,0.11067472847901083,0.0359209148715907,0.04560819666168881,0.0163182,0.995,0.1,,,,6,,,,members,25.0
,,,,,hedge,,,,,mae,,,0.2582551398750055,0.12802504937946702,0.14218206003188608,0.001396,,,1.0,24,,6,,,,members,25.0
,,,,,exp3,,,,,mae,,,1.0942244545173097,0.24466474657167336,0.3716526726298551,0.002088,,,,,0.4,6,,,,members,25.0
,,,,,fixed_share,,,,,mae,,,0.20454859458923313,0.07542902036960597,0.0921342971506065,0.0020279,,,1.0,,,6,0.05,,,members,25.0
,,,,,passive_aggressive,,,,,mae,,,0.14176509432176057,0.045593027765945336,0.058385545197579894,0.0002925,,,,,,6,,1.0e12,0.01,members,25.0
NaN,2.3589522,0,0.1,cholesky,adaptive_ridge,3150,quadratic_stacked_beta,1.5399908,1.2144429668318925e-14,mae,0.8189614,5,0.18972840480991315,0.06278281346503664,0.07962500808348282,,,,,,,7,,,,members,25.0
,0.0002304,,0.01,,static_ridge,,,,,mae,,,0.14656140935162376,0.05244702340541518,0.06500445985939786,,,,,,,7,,,,members,25.0
,,,,,rls,,,,,mae,,,0.12729452800475116,0.044823018237065734,0.05580455217126719,0.03914,0.995,0.1,,,,7,,,,members,25.0
,,,,,hedge,,,,,mae,,,0.16788893172894415,0.058042683531754284,0.07268170167518313,0.0039563,,,1.0,72,,7,,,,members,25.0
,,,,,exp3,,,,,mae,,,0.9275824532568937,0.2767291689856754,0.3596326295595782,0.0038735,,,,,0.2,7,,,,members,25.0
,,,,,fixed_share,,,,,mae,,,0.16157869135175276,0.054817008274352264,0.06948689583505532,0.002792,,,0.5,,,7,0.05,,,members,25.0
,,,,,passive_aggressive,,,,,mae,,,0.14087604937877657,0.04920855339321576,0.06125865572208752,0.0001799,,,,,,7,,1.0e12,0.1,members,25.0
67646.39374621797,0.0497362,0,0.01,cholesky,adaptive_ridge,310,quadratic_stacked_beta,0.0278865,1.5973464911388539e-15,mae,0.0218497,3,0.23746915897482967,0.08032187587240135,0.10116945358549308,,,,,,,30,,,,window,3.0
,8.87e-5,,0.01,,static_ridge,,,,,mae,,,0.2681237104440177,0.10628204496691289,0.12676033278317406,,,,,,,30,,,,window,3.0
,,,,,rls,,,,,mae,,,0.21102284428226006,0.07005991849092323,0.08817235866109359,0.159346,0.99,0.1,,,,30,,,,window,3.0
,,,,,hedge,,,,,mae,,,0.37509058862910344,0.14851555960774304,0.17597804187519556,0.0025809,,,1.0,24,,30,,,,window,3.0
,,,,,exp3,,,,,mae,,,0.948794377398713,0.30448921833012443,0.3888515652638487,0.0020962,,,,,0.2,30,,,,window,3.0
,,,,,fixed_share,,,,,mae,,,0.29664845772342396,0.10149275654737028,0.12724015325754134,0.0010044,,,0.1,,,30,0.02,,,window,3.0
,,,,,passive_aggressive,,,,,mae,,,0.223203652645055,0.07404637491807081,0.09352867953661068,0.0001596,,,,,,30,,1.0e12,0.1,window,3.0
NaN,2.4846463,0,0.1,cholesky,adaptive_ridge,3150,quadratic_stacked_beta,1.7160372,1.1115298731637375e-14,mae,0.7686091,5,0.2021260682343356,0.06511928240900201,0.08298835110000688,,,,,,,9,,,,members,25.0
,0.0002144,,0.01,,static_ridge,,,,,mae,,,0.16639371866082986,0.056992758453816,0.07127810279924167,,,,,,,9,,,,members,25.0
,,,,,rls,,,,,mae,,,0.08603559284737228,0.028409950332875487,0.03574170028417274,0.0646632,0.99,0.1,,,,9,,,,members,25.0
,,,,,hedge,,,,,mae,,,0.22880363612304677,0.08874477497225462,0.10672714782523665,0.0015377,,,1.0,72,,9,,,,members,25.0
,,,,,exp3,,,,,mae,,,0.9046820444548931,0.2671661731118481,0.35058754640122014,0.001607,,,,,0.2,9,,,,members,25.0
,,,,,fixed_share,,,,,mae,,,0.2184845571756307,0.08583011381766559,0.10293229394360244,0.0014272,,,0.05,,,9,0.02,,,members,25.0
,,,,,passive_aggressive,,,,,mae,,,0.13789405717495257,0.043150878233354006,0.05541795109102347,0.0003076,,,,,,9,,1.0e12,0.01,members,25.0
NaN,3.0283628,0,0.1,cholesky,adaptive_ridge,3150,quadratic_stacked_beta,1.9323229,1.0725317775042807e-14,mae,1.0960399,5,0.20830855394058057,0.06602631940215081,0.08493368906635945,,,,,,,10,,,,members,25.0
,0.0002296,,0.01,,static_ridge,,,,,mae,,,0.14048841090321232,0.046816123196067226,0.0587199981504471,,,,,,,10,,,,members,25.0
,,,,,rls,,,,,mae,,,0.11573005774937814,0.038828547117046155,0.048658145079735544,0.0952076,0.995,0.1,,,,10,,,,members,25.0
,,,,,hedge,,,,,mae,,,0.17044803046755191,0.05698508608416632,0.0721708343097827,0.0037831,,,1.0,168,,10,,,,members,25.0
,,,,,exp3,,,,,mae,,,0.8092411163914184,0.2585381828383624,0.32785878406583074,0.0045132,,,,,0.2,10,,,,members,25.0
,,,,,fixed_share,,,,,mae,,,0.15658237008878786,0.049783613441539094,0.06355347377698889,0.0018685,,,0.05,,,10,0.01,,,members,25.0
,,,,,passive_aggressive,,,,,mae,,,0.15834515849116962,0.04995652043951909,0.06372625211069365,0.0002942,,,,,,10,,1.0e12,0.01,members,25.0
NaN,3.1545015000000003,0,0.1,cholesky,adaptive_ridge,3150,quadratic_stacked_beta,2.2931447,1.3007524681509148e-14,mae,0.8613568,5,0.19023910175684328,0.061820825861983016,0.07812222266729778,,,,,,,11,,,,members,25.0
,0.0003158,,0.0001,,static_ridge,,,,,mae,,,0.07336469473650652,0.025570816763206553,0.032037881493677915,,,,,,,11,,,,members,25.0
,,,,,rls,,,,,mae,,,0.06479445547166242,0.02183274877707615,0.027425685273782658,0.0437662,0.995,0.1,,,,11,,,,members,25.0
,,,,,hedge,,,,,mae,,,0.18644076115727198,0.06666837740981074,0.08268712213755086,0.0039861,,,1.0,72,,11,,,,members,25.0
,,,,,exp3,,,,,mae,,,0.9843768384996406,0.2742001802314389,0.37270270412904716,0.0031908,,,,,0.2,11,,,,members,25.0
,,,,,fixed_share,,,,,mae,,,0.12162512647691667,0.04882221506225427,0.058142964651175334,0.0016146,,,0.05,,,11,0.005,,,members,25.0
,,,,,passive_aggressive,,,,,mae,,,0.10639803879649942,0.03684071914433686,0.04608770938308164,0.0003072,,,,,,11,,1.0e12,0.01,members,25.0
NaN,2.8961841,0,0.1,cholesky,adaptive_ridge,3150,quadratic_stacked_beta,2.0342866,1.2354029568845334e-14,mae,0.8618975,5,0.18058701321732656,0.05894368569268864,0.07481545401767448,,,,,,,12,,,,members,25.0
,0.0003163,,0.0001,,static_ridge,,,,,mae,,,0.10346290425624849,0.03488329813246726,0.044121708919537,,,,,,,12,,,,members,25.0
,,,,,rls,,,,,mae,,,0.0953402366162583,0.03404294789888555,0.04198493937572559,0.037875,0.995,0.1,,,,12,,,,members,25.0
,,,,,hedge,,,,,mae,,,0.16744302283666876,0.06397563852776586,0.07780257183722315,0.0016032,,,1.0,72,,12,,,,members,25.0
,,,,,exp3,,,,,mae,,,1.0160500686658824,0.2506169829375175,0.3491899493618008,0.0027971,,,,,0.2,12,,,,members,25.0
,,,,,fixed_share,,,,,mae,,,0.12489640660076218,0.042513550785186,0.053372231222808056,0.0025085,,,0.1,,,12,0.02,,,members,25.0
,,,,,passive_aggressive,,,,,mae,,,0.1274496542263649,0.0431528052494574,0.054111157803399396,0.0001835,,,,,,12,,1.0e12,0.1,members,25.0
NaN,2.9405723,0,0.1,cholesky,adaptive_ridge,3150,quadratic_stacked_beta,1.7269644,1.373384769766124e-14,mae,1.2136079,5,0.18866251248711585,0.06131389062705527,0.077526714799638,,,,,,,13,,,,members,25.0
,0.0002484,,0.01,,static_ridge,,,,,mae,,,0.1388942697784954,0.048183211757531694,0.059793628147815345,,,,,,,13,,,,members,25.0
,,,,,rls,,,,,mae,,,0.10791740838381993,0.037430441336981604,0.046467179466349005,0.0127059,0.995,0.1,,,,13,,,,members,25.0
,,,,,hedge,,,,,mae,,,0.22773192985843352,0.09747247337436231,0.11307602721752352,0.0420679,,,1.0,72,,13,,,,members,25.0
,,,,,exp3,,,,,mae,,,0.9639943842339789,0.27361496392253526,0.35278588905424113,0.0020298,,,,,0.2,13,,,,members,25.0
,,,,,fixed_share,,,,,mae,,,0.19598525707880854,0.07430457897782436,0.09012465509431435,0.0039881,,,0.5,,,13,0.05,,,members,25.0
,,,,,passive_aggressive,,,,,mae,,,0.13324580127045832,0.0452139237371435,0.057115726772130344,0.0001884,,,,,,13,,1.0e12,0.1,members,25.0
NaN,2.789438,0,0.1,cholesky,adaptive_ridge,3150,quadratic_stacked_beta,1.8711154,1.236617253208527e-14,mae,0.9183226,5,0.22103954839159456,0.07594003326741915,0.0954551488215649,,,,,,,14,,,,members,25.0
,0.0002421,,0.01,,static_ridge,,,,,mae,,,0.2051741363321363,0.07509407546744541,0.09230628663676631,,,,,,,14,,,,members,25.0
,,,,,rls,,,,,mae,,,0.15014201416957504,0.05303340169011447,0.06556531301676136,0.0134786,0.995,0.1,,,,14,,,,members,25.0
,,,,,hedge,,,,,mae,,,0.1887885661481192,0.0655195590229782,0.08159297065117199,0.0016788,,,1.0,72,,14,,,,members,25.0
,,,,,exp3,,,,,mae,,,1.0376714803119917,0.2950029562504291,0.38873443242575134,0.0035155,,,,,0.4,14,,,,members,25.0
,,,,,fixed_share,,,,,mae,,,0.16800403671858166,0.05777797890755605,0.07250047059310767,0.0019842,,,0.1,,,14,0.02,,,members,25.0
,,,,,passive_aggressive,,,,,mae,,,0.15741913689389725,0.055877603553857944,0.06946495583465012,0.0002081,,,,,,14,,1.0e12,0.1,members,25.0
NaN,3.2882735,0,0.1,cholesky,adaptive_ridge,3150,quadratic_stacked_beta,2.2361652,1.3106365549461413e-14,mae,1.0521083,5,0.18117859918714466,0.05941287513390857,0.07506936511635028,,,,,,,15,,,,members,25.0
,0.0002416,,0.01,,static_ridge,,,,,mae,,,0.1126048462908883,0.03777813288723689,0.047617355703639314,,,,,,,15,,,,members,25.0
,,,,,rls,,,,,mae,,,0.08887725119274321,0.03237522052973624,0.04014621594318398,0.1215354,0.99,0.1,,,,15,,,,members,25.0
,,,,,hedge,,,,,mae,,,0.15586311681111448,0.05181548705821536,0.06552735819820567,0.0035669,,,0.01,0,,15,,,,members,25.0
,,,,,exp3,,,,,mae,,,0.9390329538988442,0.2486709614508811,0.34946471578177485,0.0020977,,,,,0.2,15,,,,members,25.0
,,,,,fixed_share,,,,,mae,,,0.12335402275967094,0.04253989511671248,0.05308191012693368,0.0021466,,,0.1,,,15,0.01,,,members,25.0
,,,,,passive_aggressive,,,,,mae,,,0.12419076733020389,0.041543539488127036,0.05265856391938638,0.0002042,,,,,,15,,1.0e12,0.1,members,25.0
NaN,2.6042608,0,0.1,cholesky,adaptive_ridge,3150,quadratic_stacked_beta,1.8713229,1.2821971091850178e-14,mae,0.7329379,5,0.1859484645035139,0.06415671098969954,0.08064902785622748,,,,,,,16,,,,members,25.0
,0.0002419,,0.01,,static_ridge,,,,,mae,,,0.12553861233261027,0.04283927342409389,0.05392582176330647,,,,,,,16,,,,members,25.0
,,,,,rls,,,,,mae,,,0.11899765732146016,0.03997406653069439,0.05029188199611002,0.0163712,0.995,1.0e-6,,,,16,,,,members,25.0
,,,,,hedge,,,,,mae,,,0.1579899727531252,0.05262318643111969,0.06665133599067195,0.0039924,,,1.0,72,,16,,,,members,25.0
,,,,,exp3,,,,,mae,,,0.9850198840233346,0.2773485204921924,0.3715126607097457,0.0033216,,,,,0.2,16,,,,members,25.0
,,,,,fixed_share,,,,,mae,,,0.15349091127142656,0.05101020690855251,0.06443889948114961,0.0034566,,,0.05,,,16,0.02,,,members,25.0
,,,,,passive_aggressive,,,,,mae,,,0.13260569006480938,0.04794812899757765,0.0591474970218154,0.0001862,,,,,,16,,1.0e12,0.1,members,25.0
NaN,3.1276777,0,0.1,cholesky,adaptive_ridge,3150,quadratic_stacked_beta,1.852363,1.3870303330912038e-14,mae,1.2753147,5,0.18062530042168184,0.06006592491224116,0.0758345731502065,,,,,,,17,,,,members,25.0
,0.0002472,,0.01,,static_ridge,,,,,mae,,,0.12494062984329474,0.04117435078618627,0.05193169099310813,,,,,,,17,,,,members,25.0
,,,,,rls,,,,,mae,,,0.12277335000883104,0.040844217720935584,0.05154965097620016,0.0480678,0.995,0.1,,,,17,,,,members,25.0
,,,,,hedge,,,,,mae,,,0.18066142844869823,0.06488485454774999,0.0804502344492432,0.0013207,,,0.01,0,,17,,,,members,25.0
,,,,,exp3,,,,,mae,,,0.9246463080236313,0.28061741011494423,0.3635858732883297,0.0037092,,,,,0.2,17,,,,members,25.0
,,,,,fixed_share,,,,,mae,,,0.1483241715677149,0.05216866077048725,0.0649507832148393,0.114914,,,0.05,,,17,0.01,,,members,25.0
,,,,,passive_aggressive,,,,,mae,,,0.13233536762081782,0.04433683995366299,0.05615172020030914,0.0001857,,,,,,17,,1.0e12,0.1,members,25.0
NaN,2.712259,0,0.1,cholesky,adaptive_ridge,3150,quadratic_stacked_beta,1.8753812,1.170764098754769e-14,mae,0.8368778,5,0.17236770900547058,0.057814068456174164,0.07294156263309469,,,,,,,18,,,,members,25.0
,0.0002782,,0.0001,,static_ridge,,,,,mae,,,0.09088048346666927,0.03131721709006287,0.03900662225294366,,,,,,,18,,,,members,25.0
,,,,,rls,,,,,mae,,,0.06639954512773615,0.02226854170743963,0.028154410430572333,0.1602636,0.99,0.1,,,,18,,,,members,25.0
,,,,,hedge,,,,,mae,,,0.1510909806791722,0.05080124849908956,0.06454944533107347,0.0038121,,,1.0,24,,18,,,,members,25.0
,,,,,exp3,,,,,mae,,,0.8694685478991405,0.24358062482241136,0.3325691396233178,0.0046206,,,,,0.2,18,,,,members,25.0
,,,,,fixed_share,,,,,mae,,,0.13290985966190888,0.045018114813311395,0.05610549081596348,0.0016323,,,0.1,,,18,0.02,,,members,25.0
,,,,,passive_aggressive,,,,,mae,,,0.09362703671080513,0.03216531964590897,0.040233222746937185,0.0002809,,,,,,18,,1.0e12,0.01,members,25.0
NaN,2.4227114,0,0.1,cholesky,adaptive_ridge,3150,quadratic_stacked_beta,1.5573534,1.0639834485162194e-14,mae,0.865358,5,0.17820636996660894,0.06017575594329726,0.07559197623717111,,,,,,,19,,,,members,25.0
,0.0002184,,0.001,,static_ridge,,,,,mae,,,0.1604759823783028,0.05590978879853111,0.0699123640809585,,,,,,,19,,,,members,25.0
,,,,,rls,,,,,mae,,,0.11961771616507332,0.04120072426001112,0.05156444182304133,0.0373528,0.995,0.1,,,,19,,,,members,25.0
,,,,,hedge,,,,,mae,,,0.1610676096142252,0.05705348519673349,0.07082650547437666,0.0015917,,,1.0,72,,19,,,,members,25.0
,,,,,exp3,,,,,mae,,,0.901002836621252,0.2532488325717027,0.3400662982248073,0.0023545,,,,,0.2,19,,,,members,25.0
,,,,,fixed_share,,,,,mae,,,0.1449182619492116,0.04961315576725057,0.06269155211472767,0.0019651,,,0.05,,,19,0.01,,,members,25.0
,,,,,passive_aggressive,,,,,mae,,,0.1327624524528745,0.04656476632700742,0.058004383707647725,0.0001968,,,,,,19,,1.0e12,0.1,members,25.0
NaN,2.5489386,0,0.1,cholesky,adaptive_ridge,3150,quadratic_stacked_beta,1.8066769,1.1028163562191635e-14,mae,0.7422617,5,0.19947846976531466,0.06632717604097091,0.08411138808402803,,,,,,,20,,,,members,25.0
,0.0002242,,0.01,,static_ridge,,,,,mae,,,0.13501149694933584,0.04621265579949961,0.05778050994945745,,,,,,,20,,,,members,25.0
,,,,,rls,,,,,mae,,,0.12896355204695556,0.04348610906750729,0.05419142796857197,0.0143682,0.995,0.1,,,,20,,,,members,25.0
,,,,,hedge,,,,,mae,,,0.227734843835852,0.09283245366882373,0.11035721858610635,0.0032436,,,1.0,72,,20,,,,members,25.0
,,,,,exp3,,,,,mae,,,0.9526193405780825,0.2459430741102767,0.3484497570667118,0.0033966,,,,,0.4,20,,,,members,25.0
,,,,,fixed_share,,,,,mae,,,0.17863747194613108,0.060956795310001116,0.07613229757520304,0.0022038,,,0.1,,,20,0.02,,,members,25.0
,,,,,passive_aggressive,,,,,mae,,,0.14374187147137862,0.048724729454773824,0.06090521619841491,0.0001795,,,,,,20,,1.0e12,0.1,members,25.0
NaN,1.9187869,0,0.1,cholesky,adaptive_ridge,3150,quadratic_stacked_beta,1.5078013,1.2360445775182714e-14,mae,0.4109856,5,0.1961705431082101,0.0650062886598998,0.08221380032766444,,,,,,,21,,,,members,25.0
,0.0001246,,0.001,,static_ridge,,,,,mae,,,0.12479309946970779,0.04315377563436645,0.053748802161371304,,,,,,,21,,,,members,25.0
,,,,,rls,,,,,mae,,,0.11096493474793266,0.03812382699624873,0.04751585990603165,0.0140435,0.995,0.1,,,,21,,,,members,25.0
,,,,,hedge,,,,,mae,,,0.15004658640338708,0.052349774547332514,0.06532415756339266,0.0028706,,,0.5,0,,21,,,,members,25.0
,,,,,exp3,,,,,mae,,,1.0458826167931783,0.2576302653930527,0.3633564199968584,0.0044785,,,,,0.2,21,,,,members,25.0
,,,,,fixed_share,,,,,mae,,,0.1262433057447102,0.043082483080371214,0.05438478620814856,0.0035514,,,0.05,,,21,0.01,,,members,25.0
,,,,,passive_aggressive,,,,,mae,,,0.13370403787493934,0.04396413719679047,0.05538826282162727,0.0001779,,,,,,21,,1.0e12,0.1,members,25.0
NaN,2.5290897,0,0.1,cholesky,adaptive_ridge,3150,quadratic_stacked_beta,1.8494937,9.737112454645771e-15,mae,0.679596,5,0.20334479283343587,0.06475162164381283,0.08254422036748436,,,,,,,22,,,,members,25.0
,0.0005569,,0.0001,,static_ridge,,,,,mae,,,0.13283336501389625,0.047057952078500914,0.05866369530020173,,,,,,,22,,,,members,25.0
,,,,,rls,,,,,mae,,,0.0745554398523303,0.025168490737204886,0.03169103458598341,0.0267875,0.99,1.0e-6,,,,22,,,,members,25.0
,,,,,hedge,,,,,mae,,,0.1530879174372496,0.04984026357425773,0.06288983783338414,0.0037879,,,1.0,72,,22,,,,members,25.0
,,,,,exp3,,,,,mae,,,0.905289351205775,0.21970193399492988,0.31888275077568673,0.0023971,,,,,0.2,22,,,,members,25.0
,,,,,fixed_share,,,,,mae,,,0.10257144875911328,0.035703295322890495,0.044416647396225625,0.0036446,,,0.5,,,22,0.05,,,members,25.0
,,,,,passive_aggressive,,,,,mae,,,0.12531012243816156,0.04034565224216522,0.0515201857333291,0.0003189,,,,,,22,,1.0e12,0.01,members,25.0
NaN,2.9568724,0,0.1,cholesky,adaptive_ridge,3150,quadratic_stacked_beta,2.0969833,1.5006711992885935e-14,mae,0.8598891,5,0.19048064273496756,0.0643788561372257,0.08197872572743806,,,,,,,23,,,,members,25.0
,0.0002391,,0.001,,static_ridge,,,,,mae,,,0.12937603959723543,0.04628832401874952,0.05748721871618905,,,,,,,23,,,,members,25.0
,,,,,rls,,,,,mae,,,0.11872287388978464,0.04022937436386004,0.05101855987197493,0.0199669,0.995,0.1,,,,23,,,,members,25.0
,,,,,hedge,,,,,mae,,,0.19873239734345827,0.07157331286359339,0.08798720736537688,0.0011667,,,1.0,0,,23,,,,members,25.0
,,,,,exp3,,,,,mae,,,1.0634555527520229,0.26335042182173674,0.37339374005246284,0.0033124,,,,,0.2,23,,,,members,25.0
,,,,,fixed_share,,,,,mae,,,0.1938416482534436,0.06707009433654257,0.0837635362901947,0.003704,,,0.1,,,23,0.02,,,members,25.0
,,,,,passive_aggressive,,,,,mae,,,0.1367398001717345,0.045903675304351584,0.057931084624566025,0.0001956,,,,,,23,,1.0e12,0.1,members,25.0
NaN,2.8821844999999997,0,0.1,cholesky,adaptive_ridge,3150,quadratic_stacked_beta,2.0915942,1.1038279266354739e-14,mae,0.7905903,5,0.1982512978187084,0.0695814962099738,0.08697906036711962,,,,,,,24,,,,members,25.0
,0.0002593,,0.01,,static_ridge,,,,,mae,,,0.11992678640218336,0.04281420887858343,0.05295767294908638,,,,,,,24,,,,members,25.0
,,,,,rls,,,,,mae,,,0.11791326943468385,0.0421162880572931,0.05201675636217394,0.0127002,0.995,0.1,,,,24,,,,members,25.0
,,,,,hedge,,,,,mae,,,0.20632232944413695,0.07863397262518106,0.0955604149448611,0.0032676,,,1.0,72,,24,,,,members,25.0
,,,,,exp3,,,,,mae,,,0.7968893447655474,0.23843796321644498,0.3063732199526536,0.0020503,,,,,0.2,24,,,,members,25.0
,,,,,fixed_share,,,,,mae,,,0.13033568352926345,0.04368649221870806,0.054859098325946494,0.0017825,,,0.05,,,24,0.005,,,members,25.0
,,,,,passive_aggressive,,,,,mae,,,0.13677835140246195,0.04803703800343789,0.05982924625010338,0.0002015,,,,,,24,,1.0e12,0.1,members,25.0
NaN,3.0780062,0,0.1,cholesky,adaptive_ridge,3150,quadratic_stacked_beta,2.2384563,1.2226498069564676e-14,mae,0.8395499,5,0.17952108904244443,0.06131133576845908,0.07767958136259519,,,,,,,25,,,,members,25.0
,0.0002721,,0.01,,static_ridge,,,,,mae,,,0.13048003671388436,0.043982463223577066,0.055527201435358185,,,,,,,25,,,,members,25.0
,,,,,rls,,,,,mae,,,0.11975912913261746,0.041571185743901576,0.05221221874916731,0.0124674,0.995,0.1,,,,25,,,,members,25.0
,,,,,hedge,,,,,mae,,,0.25287575101711934,0.12308349639819266,0.13589592725118677,0.003554,,,1.0,72,,25,,,,members,25.0
,,,,,exp3,,,,,mae,,,0.9788867772705087,0.28887837825981666,0.3747496621979899,0.003343,,,,,0.2,25,,,,members,25.0
,,,,,fixed_share,,,,,mae,,,0.23595263467220343,0.1088997775105971,0.12375744799825729,0.0039296,,,0.05,,,25,0.005,,,members,25.0
,,,,,passive_aggressive,,,,,mae,,,0.13281909688547822,0.04642276744916151,0.05764168608214305,0.0001909,,,,,,25,,1.0e12,0.1,members,25.0
NaN,2.7539529,0,0.1,cholesky,adaptive_ridge,3150,quadratic_stacked_beta,1.7889336,1.0472256325061549e-14,mae,0.9650193,5,0.21976006803983247,0.07117773828729279,0.09046000085385007,,,,,,,26,,,,members,25.0
,0.0003205,,0.0001,,static_ridge,,,,,mae,,,0.13865885566753192,0.04542744564913588,0.05770736487523316,,,,,,,26,,,,members,25.0
,,,,,rls,,,,,mae,,,0.11267476982215116,0.03794962381166285,0.04820260598414886,0.0123461,0.995,1.0e-6,,,,26,,,,members,25.0
,,,,,hedge,,,,,mae,,,0.25168532664828064,0.10297651354482486,0.12122271663840987,0.0032898,,,1.0,72,,26,,,,members,25.0
,,,,,exp3,,,,,mae,,,0.9682242833976015,0.3072778597947597,0.3910865974857504,0.0030796,,,,,0.2,26,,,,members,25.0
,,,,,fixed_share,,,,,mae,,,0.21850094627149289,0.07141636232622431,0.09042234030074336,0.0019994,,,1.0,,,26,0.1,,,members,25.0
,,,,,passive_aggressive,,,,,mae,,,0.1489103376756194,0.05109187209236057,0.06354159174990551,0.000312,,,,,,26,,1.0e12,0.01,members,25.0
NaN,2.7377302,0,0.1,cholesky,adaptive_ridge,3150,quadratic_stacked_beta,1.880554,1.1962983754850902e-14,mae,0.8571762,5,0.1771504066007045,0.059840527424205044,0.07524471687146284,,,,,,,27,,,,members,25.0
,0.000274,,0.0001,,static_ridge,,,,,mae,,,0.08011652769234757,0.026666623509668575,0.03372904551946834,,,,,,,27,,,,members,25.0
,,,,,rls,,,,,mae,,,0.05441823059325213,0.01820997878718993,0.02304684039321382,0.0099229,0.99,0.1,,,,27,,,,members,25.0
,,,,,hedge,,,,,mae,,,0.15705014886320842,0.05489408641364547,0.06818039458986375,0.003286,,,1.0,72,,27,,,,members,25.0
,,,,,exp3,,,,,mae,,,0.8930538007180582,0.2661766007213601,0.3403047284046136,0.0038698,,,,,0.2,27,,,,members,25.0
,,,,,fixed_share,,,,,mae,,,0.13882081428922713,0.04812012034673423,0.06002495387107815,0.001701,,,0.5,,,27,0.1,,,members,25.0
,,,,,passive_aggressive,,,,,mae,,,0.08159159458823238,0.02731655586134084,0.03449223905878139,0.000304,,,,,,27,,1.0e12,0.01,members,25.0
NaN,3.3304959,0,0.1,cholesky,adaptive_ridge,3150,quadratic_stacked_beta,2.2232684,1.0128561870001793e-14,mae,1.1072275,5,0.16859268025097457,0.05712690704731744,0.07213214911918314,,,,,,,28,,,,members,25.0
,0.0002599,,0.01,,static_ridge,,,,,mae,,,0.15801898978527323,0.05813611081305626,0.07134059593919682,,,,,,,28,,,,members,25.0
,,,,,rls,,,,,mae,,,0.12622555915232497,0.04182385995953633,0.053033247952269595,0.0602973,0.995,0.1,,,,28,,,,members,25.0
,,,,,hedge,,,,,mae,,,0.16191137612601075,0.05344700038927465,0.06745308845500138,0.0016882,,,1.0,72,,28,,,,members,25.0
,,,,,exp3,,,,,mae,,,0.7865944522241566,0.23702397178237464,0.30765997718167776,0.0035393,,,,,0.2,28,,,,members,25.0
,,,,,fixed_share,,,,,mae,,,0.15296264316298774,0.05004427255040714,0.06345849086370443,0.0036706,,,0.05,,,28,0.02,,,members,25.0
,,,,,passive_aggressive,,,,,mae,,,0.13879428503771765,0.04602306479883605,0.05805132999319049,0.0002093,,,,,,28,,1.0e12,0.1,members,25.0
NaN,2.1399803,0,0.1,cholesky,adaptive_ridge,3150,quadratic_stacked_beta,1.5668088,1.1944654037821033e-14,mae,0.5731715,5,0.19146717232645422,0.06398534709722327,0.08100151521115054,,,,,,,29,,,,members,25.0
,0.0002744,,0.0001,,static_ridge,,,,,mae,,,0.11143791241401572,0.0367569223245088,0.04672829556745102,,,,,,,29,,,,members,25.0
,,,,,rls,,,,,mae,,,0.09957375003067544,0.03260960698256001,0.04126895705808889,0.1916074,0.995,1.0e-6,,,,29,,,,members,25.0
,,,,,hedge,,,,,mae,,,0.1617589873650081,0.05464796286213767,0.06863601389872606,0.00171,,,0.01,72,,29,,,,members,25.0
,,,,,exp3,,,,,mae,,,1.0361881983269654,0.3241841902378418,0.4023137377452185,0.0031883,,,,,0.2,29,,,,members,25.0
,,,,,fixed_share,,,,,mae,,,0.16206429957191898,0.05459043878298766,0.06866777482223561,0.0016102,,,0.01,,,29,0.05,,,members,25.0
,,,,,passive_aggressive,,,,,mae,,,0.13430147816230012,0.044645736339763105,0.05688260102273303,0.0002986,,,,,,29,,1.0e12,0.01,members,25.0
NaN,2.2544171,0,0.1,cholesky,adaptive_ridge,3150,quadratic_stacked_beta,1.5470355,1.1130869064805697e-14,mae,0.7073816,5,0.21470176469217633,0.07570343977109095,0.09423463207483636,,,,,,,30,,,,members,25.0
,0.000275,,0.001,,static_ridge,,,,,mae,,,0.12060256345262839,0.03863789097740571,0.049357447704935005,,,,,,,30,,,,members,25.0
,,,,,rls,,,,,mae,,,0.10159087345350405,0.033920164734057345,0.04270582416283136,0.0136559,0.995,0.1,,,,30,,,,members,25.0
,,,,,hedge,,,,,mae,,,0.2551642794997672,0.11914099177322039,0.13515055469892354,0.0029402,,,1.0,72,,30,,,,members,25.0
,,,,,exp3,,,,,mae,,,0.8891643206711722,0.3156665231918251,0.3826267307455063,0.0021623,,,,,0.2,30,,,,members,25.0
,,,,,fixed_share,,,,,mae,,,0.22139829658282242,0.0830469045330048,0.1004053838838657,0.0032937,,,0.05,,,30,0.005,,,members,25.0
,,,,,passive_aggressive,,,,,mae,,,0.13330045115210967,0.044372970262801494,0.05557446959880518,0.000306,,,,,,30,,1.0e12,0.01,members,25.0
143.59081007989988,2.7789489,1,0.1,dual_eigen_stacked_beta,adaptive_ridge,12550,quadratic_stacked_beta,2.7630418,1.3922447174802045e-13,mae,0.0159071,5,0.18402864872800795,0.06336809239574963,0.07956087957416476,,,,,,,1,,,,members,50.0
,0.0006398,,0.01,,static_ridge,,,,,mae,,,0.11321436424313873,0.03643045959260867,0.04625062334030525,,,,,,,1,,,,members,50.0
,,,,,rls,,,,,mae,,,0.094054230167039,0.032214630379296685,0.04054250445856992,0.8775644,0.995,0.1,,,,1,,,,members,50.0
,,,,,hedge,,,,,mae,,,0.12841579072506196,0.04296629771692083,0.053955016725950246,0.0071115,,,1.0,168,,1,,,,members,50.0
,,,,,exp3,,,,,mae,,,1.0310795428924358,0.32289565695205075,0.4181180147188552,0.2282398,,,,,0.2,1,,,,members,50.0
,,,,,fixed_share,,,,,mae,,,0.1176055637439895,0.03877241804108371,0.04899182186315399,0.008434,,,0.05,,,1,0.01,,,members,50.0
,,,,,passive_aggressive,,,,,mae,,,0.11882624980132399,0.04098202965554663,0.05142983010136494,0.0004681,,,,,,1,,1.0e12,0.01,members,50.0
183.77019476583826,2.7216815,1,0.1,dual_eigen_stacked_beta,adaptive_ridge,12550,quadratic_stacked_beta,2.7058484,4.1127205822724055e-13,mae,0.0158331,5,0.17168908353061305,0.05772223825092715,0.07204744755604921,,,,,,,2,,,,members,50.0
,0.0007361,,0.01,,static_ridge,,,,,mae,,,0.09199582238064113,0.031651285344645924,0.03961715246299515,,,,,,,2,,,,members,50.0
,,,,,rls,,,,,mae,,,0.08539271386859927,0.02987518889250875,0.037227129496016455,0.1218151,0.995,0.1,,,,2,,,,members,50.0
,,,,,hedge,,,,,mae,,,0.11595215880548401,0.04003645151282244,0.05019079179653319,0.0025313,,,0.01,0,,2,,,,members,50.0
,,,,,exp3,,,,,mae,,,1.209752555619696,0.3375903499988396,0.45224686336729397,0.0050722,,,,,0.4,2,,,,members,50.0
,,,,,fixed_share,,,,,mae,,,0.11690317343829065,0.040507784309583954,0.05072664450368755,0.0036431,,,0.01,,,2,0.1,,,members,50.0
,,,,,passive_aggressive,,,,,mae,,,0.10687493305300955,0.03651944472562805,0.0456507276971498,0.0002954,,,,,,2,,1.0e12,0.1,members,50.0
177.03218794067192,2.6843822000000004,1,0.1,dual_eigen_stacked_beta,adaptive_ridge,12550,quadratic_stacked_beta,2.6687678000000004,1.9718510795838968e-13,mae,0.0156144,5,0.16716382979803002,0.05644470801281447,0.07124534708123596,,,,,,,3,,,,members,50.0
,0.0007043,,0.0001,,static_ridge,,,,,mae,,,0.04377275387196643,0.01522184283342457,0.019038685919124606,,,,,,,3,,,,members,50.0
,,,,,rls,,,,,mae,,,0.018691295379140525,0.00575939632817539,0.007455064706836498,0.285578,0.98,0.01,,,,3,,,,members,50.0
,,,,,hedge,,,,,mae,,,0.1369105324344718,0.05158482238154138,0.06277146836869016,0.0036938,,,1.0,24,,3,,,,members,50.0
,,,,,exp3,,,,,mae,,,1.1391604149429606,0.33656510822226676,0.44361532168357976,0.0092206,,,,,0.4,3,,,,members,50.0
,,,,,fixed_share,,,,,mae,,,0.11216215758020219,0.041959748303124746,0.051249349551799765,0.0040558,,,0.05,,,3,0.01,,,members,50.0
,,,,,passive_aggressive,,,,,mae,,,0.08668926957696295,0.028205199622423033,0.03576111171771985,0.00044,,,,,,3,,1.0e12,0.01,members,50.0
155.23908643293692,2.5265916,1,0.1,dual_eigen_stacked_beta,adaptive_ridge,12550,quadratic_stacked_beta,2.5106544,3.6600778944648604e-14,mae,0.0159372,5,0.170485997539172,0.056170561360470966,0.0712367727017099,,,,,,,4,,,,members,50.0
,0.0006566,,0.01,,static_ridge,,,,,mae,,,0.09520144294472246,0.03297342976129331,0.041040632323861924,,,,,,,4,,,,members,50.0
,,,,,rls,,,,,mae,,,0.09153322084333328,0.03163981954125689,0.03960346358505579,0.0709718,0.995,1.0e-6,,,,4,,,,members,50.0
,,,,,hedge,,,,,mae,,,0.11922535874397681,0.03872327663650114,0.049215988867484746,0.0026627,,,1.0,168,,4,,,,members,50.0
,,,,,exp3,,,,,mae,,,1.1345746131976184,0.3290707628393041,0.4344597357345586,0.0037825,,,,,0.4,4,,,,members,50.0
,,,,,fixed_share,,,,,mae,,,0.11218805909497101,0.036995454901378996,0.047008548699468015,0.1378569,,,0.05,,,4,0.01,,,members,50.0
,,,,,passive_aggressive,,,,,mae,,,0.118746921669307,0.039963335811095416,0.05040347414181212,0.0002446,,,,,,4,,1.0e12,0.1,members,50.0
195.98863064596944,2.5145399000000004,1,0.1,dual_eigen_stacked_beta,adaptive_ridge,12550,quadratic_stacked_beta,2.4987120000000003,1.3377547088080807e-13,mae,0.0158279,5,0.16721123207626548,0.05708018235679019,0.07148146301922702,,,,,,,5,,,,members,50.0
,0.0006015,,0.001,,static_ridge,,,,,mae,,,0.06581479938922588,0.022837699798432795,0.028498938794441417,,,,,,,5,,,,members,50.0
,,,,,rls,,,,,mae,,,0.06550420937708065,0.022517738002944872,0.028122285169721883,0.10924,0.995,0.1,,,,5,,,,members,50.0
,,,,,hedge,,,,,mae,,,0.10653161803602212,0.03673071051351744,0.04603616449531841,0.0065424,,,1.0,72,,5,,,,members,50.0
,,,,,exp3,,,,,mae,,,1.0392437924943747,0.3237135832626618,0.41733076821801013,0.0059591,,,,,0.2,5,,,,members,50.0
,,,,,fixed_share,,,,,mae,,,0.09377950118832847,0.032454391546293454,0.0405612871455339,0.0497103,,,0.05,,,5,0.01,,,members,50.0
,,,,,passive_aggressive,,,,,mae,,,0.09074854765885426,0.029623198492970824,0.03790420486926204,0.0004371,,,,,,5,,1.0e12,0.01,members,50.0
166.8275993191594,2.8118041,1,0.1,dual_eigen_stacked_beta,adaptive_ridge,12550,quadratic_stacked_beta,2.7953232999999997,2.6538184820571594e-13,mae,0.0164808,5,0.17921843148475564,0.06032173623443989,0.0762805295756997,,,,,,,6,,,,members,50.0
,0.0005629,,0.01,,static_ridge,,,,,mae,,,0.09267250654380473,0.03050112259109205,0.03855140427794024,,,,,,,6,,,,members,50.0
,,,,,rls,,,,,mae,,,0.07946536064342631,0.026729958855220608,0.033811578524528,0.1684319,0.995,0.1,,,,6,,,,members,50.0
,,,,,hedge,,,,,mae,,,0.11392576172744308,0.03918649725736611,0.048898627454205444,0.0064043,,,1.0,336,,6,,,,members,50.0
,,,,,exp3,,,,,mae,,,0.9190122740929393,0.29370909304638776,0.37774740208770613,0.0051222,,,,,0.2,6,,,,members,50.0
,,,,,fixed_share,,,,,mae,,,0.10411028323712689,0.03609662218395837,0.045285024227426134,0.0071741,,,0.05,,,6,0.01,,,members,50.0
,,,,,passive_aggressive,,,,,mae,,,0.1064885526650095,0.03372483516643491,0.043353276256462486,0.0004219,,,,,,6,,1.0e12,0.01,members,50.0
187.08079350630126,2.7898587,1,0.1,dual_eigen_stacked_beta,adaptive_ridge,12550,quadratic_stacked_beta,2.6467065,1.5892821209779672e-13,mae,0.1431522,5,0.18580546900661574,0.059487940562150725,0.07619996011162092,,,,,,,7,,,,members,50.0
,0.0006688,,0.01,,static_ridge,,,,,mae,,,0.09190250157557113,0.030631694427597392,0.038664608046976495,,,,,,,7,,,,members,50.0
,,,,,rls,,,,,mae,,,0.09046097227021939,0.03040328563911347,0.03803560553124491,0.0979586,0.995,0.1,,,,7,,,,members,50.0
,,,,,hedge,,,,,mae,,,0.11420365960285352,0.03850316819925925,0.04808801180997297,0.0034759,,,1.0,72,,7,,,,members,50.0
,,,,,exp3,,,,,mae,,,1.003496569005318,0.2954567467517125,0.3901515604351966,0.0039396,,,,,0.2,7,,,,members,50.0
,,,,,fixed_share,,,,,mae,,,0.09923368140987442,0.03307488147905573,0.0417654679584645,0.0039012,,,0.05,,,7,0.01,,,members,50.0
,,,,,passive_aggressive,,,,,mae,,,0.10561531487039254,0.036966441997357206,0.046060538331021326,0.0003983,,,,,,7,,1.0e12,0.01,members,50.0
150.72411036239325,2.6131442,1,0.1,dual_eigen_stacked_beta,adaptive_ridge,12550,quadratic_stacked_beta,2.5962245,2.0453431605644883e-13,mae,0.0169197,5,0.1723302020252844,0.05926853295204276,0.07404123335428164,,,,,,,8,,,,members,50.0
,0.0006992,,0.0001,,static_ridge,,,,,mae,,,0.07135934335991348,0.02317665945064803,0.02951209267088946,,,,,,,8,,,,members,50.0
,,,,,rls,,,,,mae,,,0.06687313785835013,0.022807447669243964,0.02854920954338642,0.3671297,0.995,0.1,,,,8,,,,members,50.0
,,,,,hedge,,,,,mae,,,0.12369335645679523,0.04146909310729453,0.05237815820986464,0.0057381,,,1.0,168,,8,,,,members,50.0
,,,,,exp3,,,,,mae,,,1.0373962565722061,0.290140930240458,0.3909507149685662,0.0038325,,,,,0.2,8,,,,members,50.0
,,,,,fixed_share,,,,,mae,,,0.0974993351717368,0.032601492625793524,0.04111239683363523,0.0048175,,,0.05,,,8,0.01,,,members,50.0
,,,,,passive_aggressive,,,,,mae,,,0.12069299406196404,0.039798176133723814,0.050162138059344615,0.0004511,,,,,,8,,1.0e12,0.01,members,50.0
186.78095105827828,2.5370523,1,0.1,dual_eigen_stacked_beta,adaptive_ridge,12550,quadratic_stacked_beta,2.3962754,6.235050927449882e-14,mae,0.1407769,5,0.18682777248645066,0.0606476007717929,0.07762601610621601,,,,,,,9,,,,members,50.0
,0.0006092,,0.01,,static_ridge,,,,,mae,,,0.09667579602175697,0.03177223276834738,0.040242840979687104,,,,,,,9,,,,members,50.0
,,,,,rls,,,,,mae,,,0.08672843855023898,0.028426275649793383,0.035865515571781366,0.1123059,0.995,0.1,,,,9,,,,members,50.0
,,,,,hedge,,,,,mae,,,0.13709668147879134,0.047334772592658246,0.05851489186449991,0.0027421,,,1.0,168,,9,,,,members,50.0
,,,,,exp3,,,,,mae,,,1.163093110531715,0.3476662551199487,0.45056319806328526,0.0045807,,,,,0.4,9,,,,members,50.0
,,,,,fixed_share,,,,,mae,,,0.10949157483928486,0.0352689774852477,0.04523666702892703,0.0033235,,,0.1,,,9,0.02,,,members,50.0
,,,,,passive_aggressive,,,,,mae,,,0.1058279869859872,0.035999299234448674,0.04495153427212006,0.0004303,,,,,,9,,1.0e12,0.01,members,50.0
186.542463118018,2.5716721999999996,1,0.1,dual_eigen_stacked_beta,adaptive_ridge,12550,quadratic_stacked_beta,2.5573151,6.509534526784483e-14,mae,0.0143571,5,0.1715644258603326,0.0566762643255953,0.07135058679311014,,,,,,,10,,,,members,50.0
,0.0006837,,0.0001,,static_ridge,,,,,mae,,,0.08031020474748228,0.027464139076264722,0.034170007226742016,,,,,,,10,,,,members,50.0
,,,,,rls,,,,,mae,,,0.07096159562901701,0.024733848595730107,0.030864749593944786,0.3414764,0.995,0.1,,,,10,,,,members,50.0
,,,,,hedge,,,,,mae,,,0.13620258761277582,0.05210141183265744,0.06325824902701069,0.0021835,,,0.01,0,,10,,,,members,50.0
,,,,,exp3,,,,,mae,,,1.0229300838404867,0.31765456327001845,0.40559480720593344,0.0039147,,,,,0.2,10,,,,members,50.0
,,,,,fixed_share,,,,,mae,,,0.10501036465603082,0.035301535088804584,0.04425248905820649,0.0040833,,,0.05,,,10,0.005,,,members,50.0
,,,,,passive_aggressive,,,,,mae,,,0.097942855123685,0.03188068783781178,0.040533008717627945,0.0004347,,,,,,10,,1.0e12,0.01,members,50.0
187.24366467174806,2.6784139,1,0.01,dual_eigen_stacked_beta,adaptive_ridge,12550,quadratic_stacked_beta,2.6625878,5.040819492685043e-14,mae,0.0158261,5,0.21362815161309123,0.07293565722108401,0.0908554160384843,,,,,,,11,,,,members,50.0
,0.0014937,,0.001,,static_ridge,,,,,mae,,,0.10643868829777592,0.03713802589995925,0.046382261037992124,,,,,,,11,,,,members,50.0
,,,,,rls,,,,,mae,,,0.09690438406996872,0.03442302332371001,0.042655716119894334,0.3217442,0.995,0.1,,,,11,,,,members,50.0
,,,,,hedge,,,,,mae,,,0.1526189808313122,0.05850530600986249,0.07104491060632437,0.0026754,,,1.0,24,,11,,,,members,50.0
,,,,,exp3,,,,,mae,,,1.2013215772487438,0.3291044672866756,0.444997553736872,0.0035043,,,,,0.4,11,,,,members,50.0
,,,,,fixed_share,,,,,mae,,,0.11367438861174431,0.038555369602507106,0.04829094888530764,0.0072962,,,0.1,,,11,0.02,,,members,50.0
,,,,,passive_aggressive,,,,,mae,,,0.12669050471198545,0.0434147097974372,0.054087961354188,0.0002974,,,,,,11,,1.0e12,0.1,members,50.0
202.92720218694066,2.6185534,1,0.1,dual_eigen_stacked_beta,adaptive_ridge,12550,quadratic_stacked_beta,2.599828,6.331565856224552e-14,mae,0.0187254,5,0.15461390715798293,0.051379187730385925,0.06505396371382688,,,,,,,12,,,,members,50.0
,0.0013453,,0.001,,static_ridge,,,,,mae,,,0.0653141081094278,0.023451490939791313,0.028931742247571234,,,,,,,12,,,,members,50.0
,,,,,rls,,,,,mae,,,0.059802373931195654,0.020494710993418055,0.025659283810754434,0.0974984,0.995,0.1,,,,12,,,,members,50.0
,,,,,hedge,,,,,mae,,,0.13778651985738327,0.058253083282370395,0.06824850356110886,0.0057874,,,1.0,72,,12,,,,members,50.0
,,,,,exp3,,,,,mae,,,1.048736769302551,0.2671460793941292,0.36677651923644444,0.0063769,,,,,0.2,12,,,,members,50.0
,,,,,fixed_share,,,,,mae,,,0.07192106862243959,0.024815741873404285,0.031145856110101122,0.0058058,,,0.1,,,12,0.01,,,members,50.0
,,,,,passive_aggressive,,,,,mae,,,0.08022878390228887,0.026493679649413505,0.03351949101697325,0.0004375,,,,,,12,,1.0e12,0.01,members,50.0
163.64212597398705,2.5763477999999997,1,0.1,dual_eigen_stacked_beta,adaptive_ridge,12550,quadratic_stacked_beta,2.5600527,1.308911131167893e-13,mae,0.0162951,5,0.1805424124503294,0.06118842127850406,0.07701635584273371,,,,,,,13,,,,members,50.0
,0.0007736,,0.0001,,static_ridge,,,,,mae,,,0.07268905553675137,0.02428167195568745,0.03076659573943184,,,,,,,13,,,,members,50.0
,,,,,rls,,,,,mae,,,0.06593525145957159,0.021585066640248642,0.027352670211228093,0.2157166,0.995,0.1,,,,13,,,,members,50.0
,,,,,hedge,,,,,mae,,,0.11056788840325928,0.037294096295133014,0.0468505020505582,0.0026442,,,1.0,24,,13,,,,members,50.0
,,,,,exp3,,,,,mae,,,1.0191457110559776,0.3191593187834301,0.41168737617033396,0.0057424,,,,,0.4,13,,,,members,50.0
,,,,,fixed_share,,,,,mae,,,0.10796012176196979,0.03655856966221812,0.046162446967438854,0.0066836,,,0.01,,,13,0.005,,,members,50.0
,,,,,passive_aggressive,,,,,mae,,,0.09273983923763546,0.030244356165216837,0.038364277744896834,0.0004141,,,,,,13,,1.0e12,0.01,members,50.0
206.97380257391984,2.6310231,1,0.1,dual_eigen_stacked_beta,adaptive_ridge,12550,quadratic_stacked_beta,2.6151996,3.563542203429228e-14,mae,0.0158235,5,0.17177077599986978,0.05782168300019243,0.0724363314433388,,,,,,,14,,,,members,50.0
,0.000653,,0.0001,,static_ridge,,,,,mae,,,0.08665142736232591,0.029314505674986446,0.03673093304656436,,,,,,,14,,,,members,50.0
,,,,,rls,,,,,mae,,,0.06781753674488378,0.022346743654538183,0.028236130708974308,0.1702824,0.99,0.1,,,,14,,,,members,50.0
,,,,,hedge,,,,,mae,,,0.19367285471818677,0.1014323931834597,0.11054982613646644,0.0031414,,,1.0,24,,14,,,,members,50.0
,,,,,exp3,,,,,mae,,,1.0132065861530217,0.2876823502621587,0.3827855733014698,0.0042849,,,,,0.2,14,,,,members,50.0
,,,,,fixed_share,,,,,mae,,,0.08959660602727525,0.032054575730693285,0.039639570626792006,0.0025848,,,0.25,,,14,0.01,,,members,50.0
,,,,,passive_aggressive,,,,,mae,,,0.09479446884592069,0.03304886623891608,0.04092070550151526,0.0004275,,,,,,14,,1.0e12,0.01,members,50.0
158.82135381440872,2.8462315,1,0.1,dual_eigen_stacked_beta,adaptive_ridge,12550,quadratic_stacked_beta,2.8286476,1.502135147160403e-13,mae,0.0175839,5,0.16911923962486072,0.05625729786001532,0.07050420984702112,,,,,,,15,,,,members,50.0
,0.0007458,,0.0001,,static_ridge,,,,,mae,,,0.08041200101019007,0.027288274355492727,0.03447320681754056,,,,,,,15,,,,members,50.0
,,,,,rls,,,,,mae,,,0.07916184910690277,0.02598107911012786,0.032727212274572884,0.1384988,0.995,0.1,,,,15,,,,members,50.0
,,,,,hedge,,,,,mae,,,0.12770149874131065,0.046278906271071125,0.057228219362672694,0.0019335,,,1.0,0,,15,,,,members,50.0
,,,,,exp3,,,,,mae,,,1.0225309115595278,0.306470950259878,0.3993565866376945,0.0036455,,,,,0.2,15,,,,members,50.0
,,,,,fixed_share,,,,,mae,,,0.10208166774082585,0.036169967599594656,0.04511417364835033,0.0035296,,,0.5,,,15,0.05,,,members,50.0
,,,,,passive_aggressive,,,,,mae,,,0.10051836555576149,0.03353620924310298,0.04237348951943233,0.0004626,,,,,,15,,1.0e12,0.01,members,50.0
185.74028736842317,2.7294140000000002,1,0.1,dual_eigen_stacked_beta,adaptive_ridge,12550,quadratic_stacked_beta,2.7137299,7.140827621337366e-14,mae,0.0156841,5,0.18403311007629847,0.059209706226112775,0.07502963695733554,,,,,,,16,,,,members,50.0
,0.0013354,,0.0001,,static_ridge,,,,,mae,,,0.053108202654943426,0.01727756895224142,0.02181873908166139,,,,,,,16,,,,members,50.0
,,,,,rls,,,,,mae,,,0.05185038628000882,0.017228772265799656,0.021680291992863348,0.0723146,0.995,1.0e-6,,,,16,,,,members,50.0
,,,,,hedge,,,,,mae,,,0.12736824740146896,0.04336416079162099,0.05440234532638197,0.0021424,,,1.0,0,,16,,,,members,50.0
,,,,,exp3,,,,,mae,,,1.019810295857348,0.27720229232894966,0.37771179305670727,0.0363384,,,,,0.4,16,,,,members,50.0
,,,,,fixed_share,,,,,mae,,,0.06925508423444907,0.02369012340593911,0.029660692623418014,0.0037381,,,0.25,,,16,0.02,,,members,50.0
,,,,,passive_aggressive,,,,,mae,,,0.08926646174031198,0.03070252477944868,0.03859056790334302,0.0004329,,,,,,16,,1.0e12,0.01,members,50.0
275.4117234340913,2.4262032,1,0.01,dual_eigen_stacked_beta,adaptive_ridge,12550,quadratic_stacked_beta,2.3557607,3.212435930080615e-14,mae,0.0704425,5,0.18722775864291846,0.06216648553174587,0.07809508766701038,,,,,,,17,,,,members,50.0
,0.0006648,,0.0001,,static_ridge,,,,,mae,,,0.06855643612002493,0.022890822314610485,0.028848042434304725,,,,,,,17,,,,members,50.0
,,,,,rls,,,,,mae,,,0.05763229207888086,0.01980260597143163,0.02478019620531122,0.0962155,0.995,0.1,,,,17,,,,members,50.0
,,,,,hedge,,,,,mae,,,0.17154972110410693,0.07880581601075197,0.08945096245603296,0.0061088,,,1.0,72,,17,,,,members,50.0
,,,,,exp3,,,,,mae,,,1.0723260005344988,0.3091918221579935,0.4053945420226344,0.0064292,,,,,0.4,17,,,,members,50.0
,,,,,fixed_share,,,,,mae,,,0.11074900062034355,0.03784062445902508,0.0470772971359973,0.0067041,,,0.5,,,17,0.05,,,members,50.0
,,,,,passive_aggressive,,,,,mae,,,0.09701340244088302,0.031877475852990396,0.040347260939090385,0.0004202,,,,,,17,,1.0e12,0.01,members,50.0
180.27985512926242,2.3752841,1,0.1,dual_eigen_stacked_beta,adaptive_ridge,12550,quadratic_stacked_beta,2.3593707,2.640374467432712e-13,mae,0.0159134,5,0.17147329721656512,0.0555855936633023,0.07019424857406006,,,,,,,18,,,,members,50.0
,0.0006328,,0.01,,static_ridge,,,,,mae,,,0.07662084270858227,0.025284563513779727,0.03227896607619711,,,,,,,18,,,,members,50.0
,,,,,rls,,,,,mae,,,0.07231545734043278,0.02468672663544754,0.031070117817102543,0.099049,0.995,0.1,,,,18,,,,members,50.0
,,,,,hedge,,,,,mae,,,0.09508624971355602,0.03354139946183769,0.04195888821120361,0.0061173,,,1.0,168,,18,,,,members,50.0
,,,,,exp3,,,,,mae,,,1.0532777990147846,0.3078653333696624,0.4018904986450401,0.0072813,,,,,0.4,18,,,,members,50.0
,,,,,fixed_share,,,,,mae,,,0.09277589105896614,0.031605645524995465,0.039484202333827385,0.0036172,,,0.05,,,18,0.01,,,members,50.0
,,,,,passive_aggressive,,,,,mae,,,0.09267315753746037,0.03125498978937682,0.03940443142255706,0.0004314,,,,,,18,,1.0e12,0.01,members,50.0
172.9993994856482,2.5913199,1,0.1,dual_eigen_stacked_beta,adaptive_ridge,12550,quadratic_stacked_beta,2.5753155999999997,3.386740182852198e-14,mae,0.0160043,5,0.174735195704448,0.05869168679998196,0.07372416694268666,,,,,,,19,,,,members,50.0
,0.0006742,,0.001,,static_ridge,,,,,mae,,,0.07750435024969515,0.0257608228019486,0.032505214484637106,,,,,,,19,,,,members,50.0
,,,,,rls,,,,,mae,,,0.07594066495461323,0.025433497021729742,0.03201139859643995,0.1537182,0.995,0.1,,,,19,,,,members,50.0
,,,,,hedge,,,,,mae,,,0.1370191583701529,0.0489907581981387,0.06002273365698726,0.0029019,,,1.0,72,,19,,,,members,50.0
,,,,,exp3,,,,,mae,,,1.0161865363941678,0.2879232702056089,0.3821259498242181,0.0026829,,,,,0.4,19,,,,members,50.0
,,,,,fixed_share,,,,,mae,,,0.09256373554681203,0.03250426936621403,0.04042750268942796,0.002761,,,0.1,,,19,0.02,,,members,50.0
,,,,,passive_aggressive,,,,,mae,,,0.09408686926520657,0.03222655156552613,0.04030348599415746,0.000427,,,,,,19,,1.0e12,0.01,members,50.0
363.0133372353366,2.8006830999999996,1,0.01,dual_eigen_stacked_beta,adaptive_ridge,12550,quadratic_stacked_beta,2.7847568999999996,1.0674673079538203e-13,mae,0.0159262,5,0.16968284760128247,0.05834001523184433,0.07322113429538304,,,,,,,20,,,,members,50.0
,0.0007236,,0.0001,,static_ridge,,,,,mae,,,0.06615721357002585,0.02143070177051859,0.02722199247112732,,,,,,,20,,,,members,50.0
,,,,,rls,,,,,mae,,,0.049771378513834265,0.016776914328428535,0.02113358310962945,0.0981535,0.99,0.0001,,,,20,,,,members,50.0
,,,,,hedge,,,,,mae,,,0.10334841413910432,0.03602246267293366,0.04480813563346515,0.0028111,,,1.0,168,,20,,,,members,50.0
,,,,,exp3,,,,,mae,,,0.9650742788475466,0.29304739102503985,0.3806561304763467,0.0034985,,,,,0.2,20,,,,members,50.0
,,,,,fixed_share,,,,,mae,,,0.08761817545229228,0.030163177148686195,0.038264384884916715,0.0018767,,,0.25,,,20,0.05,,,members,50.0
,,,,,passive_aggressive,,,,,mae,,,0.09345348162720878,0.030109947119891498,0.03844827726419209,0.0001789,,,,,,20,,1.0e12,0.01,members,50.0
147.69650512692945,1.0966791999999999,1,0.1,dual_eigen_stacked_beta,adaptive_ridge,12550,quadratic_stacked_beta,1.089063,6.495840519033263e-14,mae,0.0076162,5,0.188362211648445,0.06381650348818112,0.07988903893121167,,,,,,,21,,,,members,50.0
,0.0005632,,0.01,,static_ridge,,,,,mae,,,0.09911777328957504,0.03357812432931872,0.04235269507105314,,,,,,,21,,,,members,50.0
,,,,,rls,,,,,mae,,,0.09745732943921653,0.03227225839474311,0.04065834592780225,0.3068918,0.995,0.1,,,,21,,,,members,50.0
,,,,,hedge,,,,,mae,,,0.14295669233301464,0.054754063792627226,0.06679467870057451,0.0025828,,,1.0,72,,21,,,,members,50.0
,,,,,exp3,,,,,mae,,,1.070579207863454,0.2929577494910285,0.3952885296314944,0.0033445,,,,,0.2,21,,,,members,50.0
,,,,,fixed_share,,,,,mae,,,0.10577404251888918,0.0360299505614358,0.04521510355347216,0.0031093,,,0.1,,,21,0.02,,,members,50.0
,,,,,passive_aggressive,,,,,mae,,,0.11539070992944049,0.04030075216542788,0.05029686422987224,0.0002537,,,,,,21,,1.0e12,0.1,members,50.0
217.49709085090058,2.6226315000000002,1,0.01,dual_eigen_stacked_beta,adaptive_ridge,12550,quadratic_stacked_beta,2.606917,1.4540240793740835e-13,mae,0.0157145,5,0.17906364872910088,0.06066434358264408,0.07623075985416532,,,,,,,22,,,,members,50.0
,0.0012311,,0.01,,static_ridge,,,,,mae,,,0.11104098893927755,0.0387492142937783,0.0480480520002863,,,,,,,22,,,,members,50.0
,,,,,rls,,,,,mae,,,0.10109490386036744,0.03463424362863443,0.043620931200858026,0.1600851,0.995,0.1,,,,22,,,,members,50.0
,,,,,hedge,,,,,mae,,,0.17786860093380444,0.07732028723517177,0.08925584388158474,0.0029928,,,1.0,72,,22,,,,members,50.0
,,,,,exp3,,,,,mae,,,1.0779926747219886,0.34879700064037905,0.44146956486760924,0.0340352,,,,,0.2,22,,,,members,50.0
,,,,,fixed_share,,,,,mae,,,0.15459483138999328,0.06143527930968296,0.07311174453697365,0.0084004,,,0.25,,,22,0.05,,,members,50.0
,,,,,passive_aggressive,,,,,mae,,,0.11836058313293449,0.040564184501137635,0.05051004604685646,0.0004952,,,,,,22,,1.0e12,0.1,members,50.0
153.86872187335342,2.4265949,1,0.1,dual_eigen_stacked_beta,adaptive_ridge,12550,quadratic_stacked_beta,2.410545,4.592147111475093e-14,mae,0.0160499,5,0.17265647208837487,0.06082477932940396,0.07615985235701019,,,,,,,23,,,,members,50.0
,0.0006455,,0.001,,static_ridge,,,,,mae,,,0.08199604393731141,0.027063512305699946,0.034486608363743024,,,,,,,23,,,,members,50.0
,,,,,rls,,,,,mae,,,0.0669142961175255,0.023934408805844538,0.029469045981342486,0.1242316,0.995,0.1,,,,23,,,,members,50.0
,,,,,hedge,,,,,mae,,,0.12733869180688154,0.04307952082336503,0.05389477234028174,0.0055416,,,1.0,336,,23,,,,members,50.0
,,,,,exp3,,,,,mae,,,1.15125214035325,0.3398139231506848,0.4361204625056043,0.023028,,,,,0.4,23,,,,members,50.0
,,,,,fixed_share,,,,,mae,,,0.10237526035952048,0.03477115344216131,0.043350313391924314,0.0038601,,,0.05,,,23,0.01,,,members,50.0
,,,,,passive_aggressive,,,,,mae,,,0.10031462239686896,0.03350242145903034,0.0422554009057709,0.0005009,,,,,,23,,1.0e12,0.01,members,50.0
227.42219475614647,2.5163979,1,0.1,dual_eigen_stacked_beta,adaptive_ridge,12550,quadratic_stacked_beta,2.4990663,1.8358852377248561e-13,mae,0.0173316,5,0.1627409262666839,0.051901508590442104,0.06616673442946899,,,,,,,24,,,,members,50.0
,0.0005848,,0.001,,static_ridge,,,,,mae,,,0.06824211235572214,0.023670382625331294,0.02942773554176533,,,,,,,24,,,,members,50.0
,,,,,rls,,,,,mae,,,0.06619239812602415,0.02337616612549289,0.02892158408275379,0.1316037,0.995,0.1,,,,24,,,,members,50.0
,,,,,hedge,,,,,mae,,,0.09941676690811586,0.033674394387793134,0.04245692407481585,0.0027065,,,1.0,72,,24,,,,members,50.0
,,,,,exp3,,,,,mae,,,0.92155281650673,0.2719391227735417,0.3605046983341126,0.0355909,,,,,0.2,24,,,,members,50.0
,,,,,fixed_share,,,,,mae,,,0.0875376263798869,0.030398001442688352,0.038216462442197195,0.0032302,,,0.1,,,24,0.02,,,members,50.0
,,,,,passive_aggressive,,,,,mae,,,0.08678999328439051,0.028936563634665152,0.03634694733944958,0.0003892,,,,,,24,,1.0e12,0.01,members,50.0
179.63202796084292,2.6654853,1,0.1,dual_eigen_stacked_beta,adaptive_ridge,12550,quadratic_stacked_beta,2.6499652,1.3511558990355009e-13,mae,0.0155201,5,0.17311053160388398,0.05917544132611749,0.07403777565050687,,,,,,,25,,,,members,50.0
,0.0012325,,0.0001,,static_ridge,,,,,mae,,,0.08033625126539484,0.027867065941305526,0.03470431559861924,,,,,,,25,,,,members,50.0
,,,,,rls,,,,,mae,,,0.07314095778654912,0.025199213165586536,0.03142113697255188,0.1041151,0.995,0.1,,,,25,,,,members,50.0
,,,,,hedge,,,,,mae,,,0.1770883039407808,0.07903543657607708,0.0904982718350116,0.0027573,,,1.0,24,,25,,,,members,50.0
,,,,,exp3,,,,,mae,,,1.101426370935506,0.30150537522667825,0.4072631153530187,0.0043381,,,,,0.2,25,,,,members,50.0
,,,,,fixed_share,,,,,mae,,,0.0965555887920046,0.033463516573276154,0.04183835632273269,0.0070207,,,1.0,,,25,0.05,,,members,50.0
,,,,,passive_aggressive,,,,,mae,,,0.09773992478389891,0.03291506966576537,0.04151495997483371,0.00069,,,,,,25,,1.0e12,0.01,members,50.0
312.3378906731158,2.3230593,1,0.01,dual_eigen_stacked_beta,adaptive_ridge,12550,quadratic_stacked_beta,2.3076508000000002,5.010026876829836e-14,mae,0.0154085,5,0.18360049023707148,0.059776446903823825,0.07591874301343735,,,,,,,26,,,,members,50.0
,0.0005804,,0.01,,static_ridge,,,,,mae,,,0.09415257520190061,0.031023784632541494,0.03923653239359868,,,,,,,26,,,,members,50.0
,,,,,rls,,,,,mae,,,0.08555611732904651,0.028922745192424378,0.03627826929207561,0.0501208,0.995,0.1,,,,26,,,,members,50.0
,,,,,hedge,,,,,mae,,,0.10790401802085775,0.037168822494228336,0.046328642417147896,0.0027087,,,1.0,336,,26,,,,members,50.0
,,,,,exp3,,,,,mae,,,1.0812858928703295,0.33667875217643106,0.42626553804233663,0.0051177,,,,,0.2,26,,,,members,50.0
,,,,,fixed_share,,,,,mae,,,0.10539665924918339,0.03656865634279373,0.0454179466106262,0.0102341,,,0.01,,,26,0.005,,,members,50.0
,,,,,passive_aggressive,,,,,mae,,,0.10797989592656969,0.035432207670499045,0.045153147340297226,0.0004342,,,,,,26,,1.0e12,0.01,members,50.0
229.96271377946985,2.5078861,1,0.0001,dual_eigen_stacked_beta,adaptive_ridge,12550,quadratic_stacked_beta,2.4866536,1.9688545714082625e-13,mae,0.0212325,5,0.19637791891684878,0.06604812271147979,0.08291870353846832,,,,,,,27,,,,members,50.0
,0.0006683,,0.001,,static_ridge,,,,,mae,,,0.07788823472074398,0.026627357319031774,0.033725142257268206,,,,,,,27,,,,members,50.0
,,,,,rls,,,,,mae,,,0.0797784333078113,0.02661430310628894,0.03355696827287227,0.0555549,0.995,0.1,,,,27,,,,members,50.0
,,,,,hedge,,,,,mae,,,0.16728420364811414,0.0680349687715158,0.08058984593055595,0.0027304,,,1.0,72,,27,,,,members,50.0
,,,,,exp3,,,,,mae,,,1.1855901660616717,0.33413907707465773,0.4457686687478995,0.0046896,,,,,0.4,27,,,,members,50.0
,,,,,fixed_share,,,,,mae,,,0.1274483695667509,0.042769053762064045,0.053902208291959214,0.0033662,,,0.05,,,27,0.005,,,members,50.0
,,,,,passive_aggressive,,,,,mae,,,0.1022971107300249,0.03336964824748225,0.042313005438075806,0.0004235,,,,,,27,,1.0e12,0.01,members,50.0
174.08557874937648,2.5459091,1,0.1,dual_eigen_stacked_beta,adaptive_ridge,12550,quadratic_stacked_beta,2.4007946,1.2055559509376432e-13,mae,0.1451145,5,0.18434591221433153,0.061386863961124714,0.07763864392697764,,,,,,,28,,,,members,50.0
,0.0012619,,0.1,,static_ridge,,,,,mae,,,0.10311835647801687,0.03435616896868296,0.04352766777551167,,,,,,,28,,,,members,50.0
,,,,,rls,,,,,mae,,,0.10318121117852908,0.034901817132103816,0.04393819826717204,0.0714985,0.995,0.1,,,,28,,,,members,50.0
,,,,,hedge,,,,,mae,,,0.11923529009171636,0.04051812734098376,0.051066234044018416,0.0022229,,,0.01,0,,28,,,,members,50.0
,,,,,exp3,,,,,mae,,,1.152093405457353,0.35314886286921615,0.46124279979794186,0.0103202,,,,,0.4,28,,,,members,50.0
,,,,,fixed_share,,,,,mae,,,0.11921082674512105,0.04060109405242515,0.05110819276593195,0.0084789,,,0.01,,,28,0.1,,,members,50.0
,,,,,passive_aggressive,,,,,mae,,,0.11660079058140074,0.038593700619797326,0.048825162056497895,0.0005018,,,,,,28,,1.0e12,0.1,members,50.0
166.86137684076283,2.3324105,1,0.1,dual_eigen_stacked_beta,adaptive_ridge,12550,quadratic_stacked_beta,2.3167531,6.555572802425711e-14,mae,0.0156574,5,0.20266522917355165,0.06673535530035109,0.0845151976790804,,,,,,,29,,,,members,50.0
,0.001309,,0.001,,static_ridge,,,,,mae,,,0.07551911310219936,0.025107170368674738,0.03168943289362205,,,,,,,29,,,,members,50.0
,,,,,rls,,,,,mae,,,0.07073887299651448,0.024084471030081257,0.030451896515261957,0.0892626,0.995,0.1,,,,29,,,,members,50.0
,,,,,hedge,,,,,mae,,,0.12708806303707004,0.044290351580132906,0.0548712498399539,0.0019289,,,1.0,0,,29,,,,members,50.0
,,,,,exp3,,,,,mae,,,1.1738662985447104,0.3319702929473301,0.45307405948893104,0.0028521,,,,,0.4,29,,,,members,50.0
,,,,,fixed_share,,,,,mae,,,0.12900890102554785,0.04575097526384543,0.05631445291840752,0.0039316,,,0.05,,,29,0.01,,,members,50.0
,,,,,passive_aggressive,,,,,mae,,,0.0960107438951615,0.032742314077513504,0.04103237452684505,0.0006311,,,,,,29,,1.0e12,0.01,members,50.0
147.7669876949378,2.4561602000000002,1,0.1,dual_eigen_stacked_beta,adaptive_ridge,12550,quadratic_stacked_beta,2.4406086,1.063546483219439e-13,mae,0.0155516,5,0.1710410319924442,0.058518656173337694,0.07363103528694176,,,,,,,30,,,,members,50.0
,0.0006209,,0.01,,static_ridge,,,,,mae,,,0.09453475558533253,0.0332211510653649,0.0409408313842917,,,,,,,30,,,,members,50.0
,,,,,rls,,,,,mae,,,0.09158240284811242,0.03234423686547172,0.04012802497462827,0.0459592,0.995,0.1,,,,30,,,,members,50.0
,,,,,hedge,,,,,mae,,,0.14187373699871203,0.0543260339946904,0.06650000625711645,0.0027446,,,1.0,336,,30,,,,members,50.0
,,,,,exp3,,,,,mae,,,1.0207371213431333,0.31312612723858607,0.4020375962968749,0.0033659,,,,,0.4,30,,,,members,50.0
,,,,,fixed_share,,,,,mae,,,0.14543170530862023,0.055265895918927097,0.0677089772856871,0.0035486,,,0.01,,,30,0.1,,,members,50.0
,,,,,passive_aggressive,,,,,mae,,,0.10858458484826052,0.03961487024153794,0.04836922821748483,0.0002728,,,,,,30,,1.0e12,0.1,members,50.0
9.078396848755466e9,0.0953282,0,0.0001,cholesky,adaptive_ridge,510,quadratic_stacked_beta,0.0449586,6.479541208096093e-15,mae,0.0503696,5,0.04562166287494665,0.015262349200966103,0.019162849271477028,,,,,,,1,,,,drift,0.0
,0.0001223,,0.0001,,static_ridge,,,,,mae,,,0.0383055222504986,0.013190558118996552,0.016542234373554992,,,,,,,1,,,,drift,0.0
,,,,,rls,,,,,mae,,,0.03846516857108776,0.013395030238240822,0.01676821154868534,0.0023535,0.995,0.1,,,,1,,,,drift,0.0
,,,,,hedge,,,,,mae,,,0.21434203332349788,0.07549121420749691,0.09439008786759281,0.0009656,,,1.0,336,,1,,,,drift,0.0
,,,,,exp3,,,,,mae,,,0.5418402697958835,0.17047233170672713,0.2089221177052308,0.0010294,,,,,0.1,1,,,,drift,0.0
,,,,,fixed_share,,,,,mae,,,0.15271597793017175,0.05134701864068474,0.06474229487279187,0.0010161,,,0.05,,,1,0.01,,,drift,0.0
,,,,,passive_aggressive,,,,,mae,,,0.05315769956949863,0.0175035330472459,0.022054901199857306,0.0001687,,,,,,1,,1.0e12,0.01,drift,0.0
2.0421025225479335e8,0.0887529,0,0.0001,cholesky,adaptive_ridge,510,quadratic_stacked_beta,0.0390593,4.0366176616369796e-15,mae,0.0496936,5,0.04578256597843763,0.01581513393593943,0.019706778582404914,,,,,,,2,,,,drift,0.0
,0.0001117,,0.0001,,static_ridge,,,,,mae,,,0.03932205697804601,0.013186679707538862,0.016622490350804448,,,,,,,2,,,,drift,0.0
,,,,,rls,,,,,mae,,,0.0395746819570085,0.013370370052639764,0.0167648042000714,0.0065583,0.995,0.1,,,,2,,,,drift,0.0
,,,,,hedge,,,,,mae,,,0.24016518961064484,0.09164678701025432,0.1107781535126063,0.0016659,,,0.01,168,,2,,,,drift,0.0
,,,,,exp3,,,,,mae,,,0.7301889858411026,0.26049370763969376,0.312723175916735,0.0017271,,,,,0.1,2,,,,drift,0.0
,,,,,fixed_share,,,,,mae,,,0.24149569285825165,0.0924549502050424,0.11161990162891697,0.0017309,,,0.01,,,2,0.1,,,drift,0.0
,,,,,passive_aggressive,,,,,mae,,,0.05092665188122268,0.016768454796291472,0.021285115027725038,0.0002147,,,,,,2,,1.0e12,0.01,drift,0.0
9.590027607847197e8,0.09642129999999999,0,0.0001,cholesky,adaptive_ridge,510,quadratic_stacked_beta,0.041773,4.0309897479156e-15,mae,0.0546483,5,0.11844304796890207,0.039131089006001304,0.0493520869475141,,,,,,,3,,,,drift,0.0
,0.000112,,0.0001,,static_ridge,,,,,mae,,,0.10161153085154559,0.033904022001748295,0.04230813696695517,,,,,,,3,,,,drift,0.0
,,,,,rls,,,,,mae,,,0.09763904311794537,0.030171989151654838,0.039052599009560506,0.0068537,0.95,0.1,,,,3,,,,drift,0.0
,,,,,hedge,,,,,mae,,,0.2000463196126883,0.06737842529344358,0.0846275055913582,0.0020138,,,1.0,0,,3,,,,drift,0.0
,,,,,exp3,,,,,mae,,,0.6936272563652528,0.15840888043986914,0.22433389707865536,0.0018212,,,,,0.2,3,,,,drift,0.0
,,,,,fixed_share,,,,,mae,,,0.1607002796278971,0.05318173018647116,0.06694390601279061,0.0009703,,,0.05,,,3,0.01,,,drift,0.0
,,,,,passive_aggressive,,,,,mae,,,0.14551937098938858,0.040570232183739154,0.054848242288320324,0.0001807,,,,,,3,,1.0e12,0.01,drift,0.0
9.424912505867992e7,0.0927795,0,0.0001,cholesky,adaptive_ridge,510,quadratic_stacked_beta,0.0481054,2.0959257543307668e-15,mae,0.0446741,5,0.07205737962924254,0.025927232139049402,0.03202162161292705,,,,,,,4,,,,drift,0.0
,0.0001167,,0.0001,,static_ridge,,,,,mae,,,0.06462582244790908,0.022597407071113643,0.02805119483212792,,,,,,,4,,,,drift,0.0
,,,,,rls,,,,,mae,,,0.06647501673390142,0.021664576229537914,0.027791689621717214,0.0023502,0.95,0.01,,,,4,,,,drift,0.0
,,,,,hedge,,,,,mae,,,0.16250194394177087,0.05479448318251667,0.0688560396091274,0.0009468,,,1.0,168,,4,,,,drift,0.0
,,,,,exp3,,,,,mae,,,0.48020957467020176,0.16595417773153812,0.19858495112741842,0.0009808,,,,,0.1,4,,,,drift,0.0
,,,,,fixed_share,,,,,mae,,,0.11320024568781313,0.038246000500472506,0.04826573916023182,0.0008716,,,0.25,,,4,0.02,,,drift,0.0
,,,,,passive_aggressive,,,,,mae,,,0.09281703162636248,0.029268651886828263,0.03765601134570222,0.0001842,,,,,,4,,1.0e12,0.01,drift,0.0
1.633984298395761e9,0.09049309999999999,0,0.0001,cholesky,adaptive_ridge,510,quadratic_stacked_beta,0.044838,2.349617470932304e-15,mae,0.0456551,5,0.02225511395774381,0.007311588142770013,0.009194744725973451,,,,,,,5,,,,drift,0.0
,0.0001185,,0.0001,,static_ridge,,,,,mae,,,0.01854099134609282,0.006231645611641507,0.007812896446949937,,,,,,,5,,,,drift,0.0
,,,,,rls,,,,,mae,,,0.01799689273822088,0.005980026075207913,0.007564138395588907,0.0024341,0.995,1.0e-6,,,,5,,,,drift,0.0
,,,,,hedge,,,,,mae,,,0.17106054036205862,0.059433359428750186,0.07429951318357797,0.0009398,,,1.0,168,,5,,,,drift,0.0
,,,,,exp3,,,,,mae,,,0.4667376476795384,0.09854814628189655,0.14640795242045804,0.0011366,,,,,0.1,5,,,,drift,0.0
,,,,,fixed_share,,,,,mae,,,0.054679678223190455,0.04597697122362827,0.046171724015605334,0.006073,,,1.0,,,5,0.005,,,drift,0.0
,,,,,passive_aggressive,,,,,mae,,,0.05205744561480625,0.016899085795894213,0.021563445203488785,0.0001697,,,,,,5,,1.0e12,0.001,drift,0.0
3.435940150797577e8,0.0872652,0,0.0001,cholesky,adaptive_ridge,510,quadratic_stacked_beta,0.0439256,2.0367404509975773e-15,mae,0.0433396,5,0.013447777938727042,0.004586330716526878,0.005766904224849,,,,,,,6,,,,drift,0.0
,0.0001118,,0.0001,,static_ridge,,,,,mae,,,0.011276125336426707,0.0038460002734873803,0.00480385745429284,,,,,,,6,,,,drift,0.0
,,,,,rls,,,,,mae,,,0.010671484438187627,0.003666407681614252,0.004581089303346255,0.0024476,0.995,1.0e-6,,,,6,,,,drift,0.0
,,,,,hedge,,,,,mae,,,0.24811264693860505,0.0865627043852387,0.10834545918643626,0.0007282,,,1.0,0,,6,,,,drift,0.0
,,,,,exp3,,,,,mae,,,0.5869637702916092,0.09667270957004576,0.1654655338314596,0.0009212,,,,,0.1,6,,,,drift,0.0
,,,,,fixed_share,,,,,mae,,,0.07735739800518669,0.02950696314369984,0.03575787784394224,0.0017063,,,0.1,,,6,0.005,,,drift,0.0
,,,,,passive_aggressive,,,,,mae,,,0.022567692720077696,0.006702118338249406,0.008779381058052312,0.0002974,,,,,,6,,1.0e12,0.001,drift,0.0
98260.94421526557,0.0914113,0,0.01,cholesky,adaptive_ridge,510,quadratic_stacked_beta,0.0452781,2.357141339963036e-15,mae,0.0461332,5,0.18505945625692746,0.06151493914147291,0.07743716440119168,,,,,,,7,,,,drift,0.0
,0.0001035,,0.001,,static_ridge,,,,,mae,,,0.16304202089157244,0.05510233235931895,0.06932990210591329,,,,,,,7,,,,drift,0.0
,,,,,rls,,,,,mae,,,0.16582184540800482,0.05573697381450779,0.07021501652149488,0.0080281,0.995,0.1,,,,7,,,,drift,0.0
,,,,,hedge,,,,,mae,,,0.20244731405970384,0.06937156442945255,0.08711607459727364,0.0019471,,,1.0,72,,7,,,,drift,0.0
,,,,,exp3,,,,,mae,,,0.6884059894388139,0.23650817666680013,0.2910797492471405,0.001721,,,,,0.2,7,,,,drift,0.0
,,,,,fixed_share,,,,,mae,,,0.20160882187386317,0.068213732142117,0.08555444879139058,0.0017064,,,0.01,,,7,0.005,,,drift,0.0
,,,,,passive_aggressive,,,,,mae,,,0.17980119882142406,0.06042382167484424,0.07687225427466357,0.0001528,,,,,,7,,1.0e12,0.1,drift,0.0
2.298131008458367e6,0.0862493,0,0.001,cholesky,adaptive_ridge,510,quadratic_stacked_beta,0.0387962,2.1620603887611746e-15,mae,0.0474531,5,0.09192608660440714,0.03246996514500482,0.0401465567284315,,,,,,,8,,,,drift,0.0
,0.0001097,,0.0001,,static_ridge,,,,,mae,,,0.08293667861467732,0.028801941746641895,0.03592951256499522,,,,,,,8,,,,drift,0.0
,,,,,rls,,,,,mae,,,0.08443750879881307,0.02910830608840546,0.036389501972569,0.0051903,0.995,1.0e-6,,,,8,,,,drift,0.0
,,,,,hedge,,,,,mae,,,0.18598307263466526,0.06070246365102925,0.07695738156606158,0.0008002,,,1.0,0,,8,,,,drift,0.0
,,,,,exp3,,,,,mae,,,0.4526346161549561,0.13648202266530207,0.17522348371798604,0.0011622,,,,,0.1,8,,,,drift,0.0
,,,,,fixed_share,,,,,mae,,,0.15587694174548297,0.0515736722568618,0.06501217848180117,0.0010098,,,0.05,,,8,0.01,,,drift,0.0
,,,,,passive_aggressive,,,,,mae,,,0.09450082442662183,0.03204152776366871,0.04043711799635254,9.49e-5,,,,,,8,,1.0e12,0.1,drift,0.0
4.473947315633593e6,0.09353539999999999,0,0.0001,cholesky,adaptive_ridge,510,quadratic_stacked_beta,0.0455598,1.9660073541513524e-15,mae,0.0479756,5,0.09669465768637134,0.033498549070348556,0.04163049734362511,,,,,,,9,,,,drift,0.0
,0.0001183,,0.0001,,static_ridge,,,,,mae,,,0.08452257124778419,0.02852598691427211,0.036298590733057114,,,,,,,9,,,,drift,0.0
,,,,,rls,,,,,mae,,,0.08651337483863669,0.028944780791176534,0.036558530477066566,0.0068684,0.995,0.1,,,,9,,,,drift,0.0
,,,,,hedge,,,,,mae,,,0.2526736993665663,0.10116638102065235,0.12089193491444715,0.0007995,,,1.0,0,,9,,,,drift,0.0
,,,,,exp3,,,,,mae,,,0.49537348828049665,0.16176550269246273,0.19675526595648696,0.0011058,,,,,0.1,9,,,,drift,0.0
,,,,,fixed_share,,,,,mae,,,0.21079682805857392,0.08539934937745736,0.10162458175823613,0.001063,,,0.05,,,9,0.01,,,drift,0.0
,,,,,passive_aggressive,,,,,mae,,,0.116230497386111,0.03951186227719265,0.049474258607932545,0.000172,,,,,,9,,1.0e12,0.01,drift,0.0
1.031412783005972e6,0.0935738,0,0.001,cholesky,adaptive_ridge,510,quadratic_stacked_beta,0.0451876,2.342213333225313e-15,mae,0.0483862,5,0.13725482292379304,0.04797645720978083,0.05969189197615394,,,,,,,10,,,,drift,0.0
,0.0001128,,0.0001,,static_ridge,,,,,mae,,,0.12374426324846496,0.041982365656528395,0.0526197268861617,,,,,,,10,,,,drift,0.0
,,,,,rls,,,,,mae,,,0.12658726724675165,0.042195015812288045,0.053099786025039,0.0070958,0.995,1.0e-6,,,,10,,,,drift,0.0
,,,,,hedge,,,,,mae,,,0.22474725873225215,0.07680603792088803,0.09696114012383937,0.0020317,,,0.01,168,,10,,,,drift,0.0
,,,,,exp3,,,,,mae,,,0.648098059545828,0.19277752576840762,0.24740625942933586,0.0009542,,,,,0.2,10,,,,drift,0.0
,,,,,fixed_share,,,,,mae,,,0.22458028461445412,0.07687879285691296,0.09703322717825179,0.001824,,,0.01,,,10,0.1,,,drift,0.0
,,,,,passive_aggressive,,,,,mae,,,0.13269096940239483,0.04585169833771759,0.05745324185152581,0.0001282,,,,,,10,,1.0e12,0.1,drift,0.0
662115.8112329298,0.0839936,0,0.01,cholesky,adaptive_ridge,510,quadratic_stacked_beta,0.0408382,2.512153006221813e-15,mae,0.0431554,5,0.2072563001302746,0.06882734649941291,0.08747770343678253,,,,,,,11,,,,drift,0.0
,0.0001137,,0.0001,,static_ridge,,,,,mae,,,0.18075448769324481,0.06122464396466187,0.07754223205507564,,,,,,,11,,,,drift,0.0
,,,,,rls,,,,,mae,,,0.18295880333282838,0.057597047996162845,0.0739545569104973,0.0024024,0.95,0.1,,,,11,,,,drift,0.0
,,,,,hedge,,,,,mae,,,0.23302773122835987,0.08052970248208992,0.10065109854367855,0.0009655,,,1.0,72,,11,,,,drift,0.0
,,,,,exp3,,,,,mae,,,0.6618408006240171,0.1892338039523495,0.2503313984521425,0.0011517,,,,,0.1,11,,,,drift,0.0
,,,,,fixed_share,,,,,mae,,,0.21648794084995082,0.07204343405929647,0.09086418583653677,0.0008934,,,0.1,,,11,0.02,,,drift,0.0
,,,,,passive_aggressive,,,,,mae,,,0.19825152068264862,0.06555471476080417,0.08309080712264488,0.0001481,,,,,,11,,1.0e12,0.1,drift,0.0
142511.58885452998,0.09072369999999999,0,0.01,cholesky,adaptive_ridge,510,quadratic_stacked_beta,0.0443383,1.8836127420015387e-15,mae,0.0463854,5,0.15830083497409192,0.05669014919555887,0.0703624239508812,,,,,,,12,,,,drift,0.0
,0.0001272,,0.0001,,static_ridge,,,,,mae,,,0.14281440717825938,0.048638390199534524,0.06138499537749849,,,,,,,12,,,,drift,0.0
,,,,,rls,,,,,mae,,,0.14385797264424474,0.04896228525266245,0.06168318529144933,0.0062631,0.995,1.0e-6,,,,12,,,,drift,0.0
,,,,,hedge,,,,,mae,,,0.21533886798503346,0.07804651391803968,0.09683236706154187,0.0019366,,,1.0,336,,12,,,,drift,0.0
,,,,,exp3,,,,,mae,,,0.5439697530026538,0.1710870298238427,0.2186046270401402,0.0016876,,,,,0.1,12,,,,drift,0.0
,,,,,fixed_share,,,,,mae,,,0.18632314657870575,0.066883780229375,0.08294931925033926,0.0016892,,,0.1,,,12,0.01,,,drift,0.0
,,,,,passive_aggressive,,,,,mae,,,0.15929549060168927,0.053743643804020955,0.0676871159528165,0.0001374,,,,,,12,,1.0e12,0.1,drift,0.0
3.7935125906164603e9,0.1356789,0,0.0001,cholesky,adaptive_ridge,510,quadratic_stacked_beta,0.0937899,5.423716633344634e-15,mae,0.041889,5,0.021391206713049272,0.007129946567368518,0.009005487450619076,,,,,,,13,,,,drift,0.0
,0.0001186,,0.0001,,static_ridge,,,,,mae,,,0.018877008628266884,0.006351791554156787,0.007950116232519412,,,,,,,13,,,,drift,0.0
,,,,,rls,,,,,mae,,,0.01846559032154495,0.006238105449024433,0.007801969731861619,0.0023521,0.995,0.1,,,,13,,,,drift,0.0
,,,,,hedge,,,,,mae,,,0.1967817494872488,0.07000938753602369,0.08688576723767838,0.0014803,,,1.0,0,,13,,,,drift,0.0
,,,,,exp3,,,,,mae,,,0.5518333870971373,0.14563089408915192,0.1879179381193347,0.0013803,,,,,0.1,13,,,,drift,0.0
,,,,,fixed_share,,,,,mae,,,0.12310591909662402,0.05002660589468851,0.05985388032870736,0.0014738,,,0.05,,,13,0.005,,,drift,0.0
,,,,,passive_aggressive,,,,,mae,,,0.04694254348593249,0.014542556263383237,0.01863589500691457,0.0001673,,,,,,13,,1.0e12,0.001,drift,0.0
5.854041059700909e7,0.0890329,0,0.001,cholesky,adaptive_ridge,510,quadratic_stacked_beta,0.0458302,3.3055860231478166e-15,mae,0.0432027,5,0.2656169791183268,0.0892884558869353,0.11252422568646783,,,,,,,14,,,,drift,0.0
,0.0001065,,0.0001,,static_ridge,,,,,mae,,,0.21465277708808939,0.07847051562550306,0.09695276985618971,,,,,,,14,,,,drift,0.0
,,,,,rls,,,,,mae,,,0.20537179517032084,0.05441605330967036,0.0750380887102817,0.002322,0.9,0.1,,,,14,,,,drift,0.0
,,,,,hedge,,,,,mae,,,0.31518693710658424,0.1165795959186233,0.1424351676743701,0.0007599,,,0.01,0,,14,,,,drift,0.0
,,,,,exp3,,,,,mae,,,0.6987044215873474,0.26716935212152604,0.2972999642999433,0.0011843,,,,,0.2,14,,,,drift,0.0
,,,,,fixed_share,,,,,mae,,,0.3153398121724713,0.11699517534216723,0.14281080996306075,0.000959,,,0.01,,,14,0.1,,,drift,0.0
,,,,,passive_aggressive,,,,,mae,,,0.2444627010049283,0.08064861603377599,0.10219073125761302,0.0001589,,,,,,14,,1.0e12,0.1,drift,0.0
2.1476771281501275e7,0.0826682,0,0.0001,cholesky,adaptive_ridge,510,quadratic_stacked_beta,0.0398855,2.107675638057312e-15,mae,0.0427827,5,0.03442909830208672,0.011629616345503479,0.014600330814685978,,,,,,,15,,,,drift,0.0
,0.0001109,,0.0001,,static_ridge,,,,,mae,,,0.031164223639801866,0.010226230864530225,0.013011497940768682,,,,,,,15,,,,drift,0.0
,,,,,rls,,,,,mae,,,0.03191003062486573,0.010433138221443075,0.013248991696560864,0.0024462,0.995,1.0e-6,,,,15,,,,drift,0.0
,,,,,hedge,,,,,mae,,,0.36265472698116613,0.1747899892544178,0.19645319960429983,0.0018815,,,0.01,168,,15,,,,drift,0.0
,,,,,exp3,,,,,mae,,,0.5794158278729563,0.05600698010490963,0.14893468746328295,0.0009918,,,,,0.1,15,,,,drift,0.0
,,,,,fixed_share,,,,,mae,,,0.03396690080070544,0.011316829326353152,0.014331723156359985,0.0009939,,,1.0,,,15,0.01,,,drift,0.0
,,,,,passive_aggressive,,,,,mae,,,0.03803832276889291,0.013073714333411543,0.016303359921981217,0.0001812,,,,,,15,,1.0e12,0.01,drift,0.0
1.9479869932271726e6,0.0886516,0,0.001,cholesky,adaptive_ridge,510,quadratic_stacked_beta,0.0452175,2.306765460482531e-15,mae,0.0434341,5,0.11552360976071065,0.039920127148662575,0.0497708914929546,,,,,,,16,,,,drift,0.0
,0.0001216,,0.0001,,static_ridge,,,,,mae,,,0.10219976327387346,0.035623072544693955,0.0442896472220372,,,,,,,16,,,,drift,0.0
,,,,,rls,,,,,mae,,,0.1030217910388729,0.035859325793456985,0.04464448612956165,0.0062761,0.995,1.0e-6,,,,16,,,,drift,0.0
,,,,,hedge,,,,,mae,,,0.24962583206773373,0.09779789650654397,0.1177067003867662,0.0019487,,,1.0,168,,16,,,,drift,0.0
,,,,,exp3,,,,,mae,,,0.6701716123737984,0.1878310595586483,0.24017738636768912,0.0014759,,,,,0.2,16,,,,drift,0.0
,,,,,fixed_share,,,,,mae,,,0.20660415863480971,0.07668916864434351,0.09314320956998795,0.0015493,,,0.05,,,16,0.01,,,drift,0.0
,,,,,passive_aggressive,,,,,mae,,,0.1210420807393314,0.0424913178978806,0.05276917104411607,0.0001279,,,,,,16,,1.0e12,0.1,drift,0.0
9.598566986536188e10,0.0879168,0,0.0001,cholesky,adaptive_ridge,510,quadratic_stacked_beta,0.0436761,5.026711272472395e-15,mae,0.0442407,5,0.012298389449968705,0.003958661097469669,0.005067406425154978,,,,,,,17,,,,drift,0.0
,0.0001166,,0.0001,,static_ridge,,,,,mae,,,0.008196708179342907,0.0027530728416427803,0.003496597205965192,,,,,,,17,,,,drift,0.0
,,,,,rls,,,,,mae,,,0.002888316867255477,0.0010401924323226426,0.0012903988683303411,0.0060142,0.995,0.1,,,,17,,,,drift,0.0
,,,,,hedge,,,,,mae,,,0.2124671677280606,0.07937148427922203,0.09682686542411383,0.0017925,,,1.0,336,,17,,,,drift,0.0
,,,,,exp3,,,,,mae,,,0.5247740210364875,0.1526805014090427,0.18636382804906554,0.0010061,,,,,0.1,17,,,,drift,0.0
,,,,,fixed_share,,,,,mae,,,0.1852031327807699,0.0739372303258169,0.08831296859596514,0.0008821,,,0.05,,,17,0.01,,,drift,0.0
,,,,,passive_aggressive,,,,,mae,,,0.07569890831156824,0.023535894771640323,0.03016430822372849,0.0001725,,,,,,17,,1.0e12,0.0001,drift,0.0
3.583002654635415e6,0.09990170000000001,0,0.0001,cholesky,adaptive_ridge,510,quadratic_stacked_beta,0.0460515,2.0444347264268284e-15,mae,0.0538502,5,0.08819650742898964,0.029676196796036523,0.037504958073467126,,,,,,,18,,,,drift,0.0
,0.0001282,,0.0001,,static_ridge,,,,,mae,,,0.07323745830378435,0.025495721778080693,0.03151363822157315,,,,,,,18,,,,drift,0.0
,,,,,rls,,,,,mae,,,0.072980796227317,0.025787300477929497,0.031710235013559185,0.0068862,0.995,1.0e-6,,,,18,,,,drift,0.0
,,,,,hedge,,,,,mae,,,0.2762838501165232,0.10977712363367811,0.131407539872133,0.0007647,,,1.0,0,,18,,,,drift,0.0
,,,,,exp3,,,,,mae,,,0.6267341031038436,0.20756573068801806,0.2436559916211576,0.0010689,,,,,0.1,18,,,,drift,0.0
,,,,,fixed_share,,,,,mae,,,0.12974127451035575,0.04737448156732549,0.05848626391090806,0.0008844,,,0.5,,,18,0.05,,,drift,0.0
,,,,,passive_aggressive,,,,,mae,,,0.09919274582606401,0.03332497901465264,0.042000664350802866,0.0001759,,,,,,18,,1.0e12,0.01,drift,0.0
79108.21267883832,0.09471470000000001,0,0.01,cholesky,adaptive_ridge,510,quadratic_stacked_beta,0.0445313,1.9953175589740827e-15,mae,0.0501834,5,0.16664228039536688,0.05728322887422164,0.07216602360813303,,,,,,,19,,,,drift,0.0
,8.78e-5,,0.001,,static_ridge,,,,,mae,,,0.15533361383705396,0.05190725005791426,0.06556688181190112,,,,,,,19,,,,drift,0.0
,,,,,rls,,,,,mae,,,0.1573216623697441,0.052268921447279126,0.06591236842727792,0.0074084,0.995,0.1,,,,19,,,,drift,0.0
,,,,,hedge,,,,,mae,,,0.22821771997354787,0.08131722148104745,0.1009018963040619,0.0007263,,,1.0,0,,19,,,,drift,0.0
,,,,,exp3,,,,,mae,,,0.5842194418471744,0.199013877343616,0.2473717447196062,0.0010192,,,,,0.1,19,,,,drift,0.0
,,,,,fixed_share,,,,,mae,,,0.18509761514484196,0.06429432044701662,0.08009541640499775,0.0008839,,,0.05,,,19,0.005,,,drift,0.0
,,,,,passive_aggressive,,,,,mae,,,0.17151774712770218,0.057787360681881166,0.07309324687730892,0.0001378,,,,,,19,,1.0e12,0.1,drift,0.0
780227.1226827385,0.0915745,0,0.001,cholesky,adaptive_ridge,510,quadratic_stacked_beta,0.0441245,2.408381645141042e-15,mae,0.04745,5,0.12050895595511772,0.04207069524228456,0.052512689812056736,,,,,,,20,,,,drift,0.0
,0.0001153,,0.0001,,static_ridge,,,,,mae,,,0.10455190669420242,0.035367327727280594,0.044494279894248825,,,,,,,20,,,,drift,0.0
,,,,,rls,,,,,mae,,,0.10504751414668054,0.03552096410657868,0.04480179053529749,0.0070651,0.995,1.0e-6,,,,20,,,,drift,0.0
,,,,,hedge,,,,,mae,,,0.22077896449964424,0.07600254522936127,0.09483581359345475,0.0017988,,,1.0,336,,20,,,,drift,0.0
,,,,,exp3,,,,,mae,,,0.5862915215672337,0.21313128458225017,0.24840938456153241,0.0014639,,,,,0.2,20,,,,drift,0.0
,,,,,fixed_share,,,,,mae,,,0.19856050314056553,0.07155102637544962,0.08834241380743536,0.00157,,,0.1,,,20,0.02,,,drift,0.0
,,,,,passive_aggressive,,,,,mae,,,0.11606234770407309,0.039989234077142985,0.05033899774172527,0.0001214,,,,,,20,,1.0e12,0.1,drift,0.0
264596.3857909131,0.0828874,0,0.01,cholesky,adaptive_ridge,510,quadratic_stacked_beta,0.0389285,2.3729393962773176e-15,mae,0.0439589,5,0.17355290387862343,0.05832223582374425,0.07318154109472347,,,,,,,21,,,,drift,0.0
,8.38e-5,,0.001,,static_ridge,,,,,mae,,,0.1459327403168122,0.05040782984270499,0.06292329526729794,,,,,,,21,,,,drift,0.0
,,,,,rls,,,,,mae,,,0.14546876323484015,0.05125149046406009,0.0636720246764306,0.0025057,0.995,1.0e-6,,,,21,,,,drift,0.0
,,,,,hedge,,,,,mae,,,0.27046803400979125,0.12888230276724716,0.14473290541721215,0.0018162,,,1.0,0,,21,,,,drift,0.0
,,,,,exp3,,,,,mae,,,0.5679454513658374,0.18826008001801478,0.2342050164299507,0.0017249,,,,,0.1,21,,,,drift,0.0
,,,,,fixed_share,,,,,mae,,,0.20881152233089517,0.08930788375065725,0.10455941909740972,0.0011349,,,0.05,,,21,0.005,,,drift,0.0
,,,,,passive_aggressive,,,,,mae,,,0.15981358574181503,0.0542426827099758,0.06786519071273603,0.0001518,,,,,,21,,1.0e12,0.1,drift,0.0
2.338933522838235e7,0.0921498,0,0.001,cholesky,adaptive_ridge,510,quadratic_stacked_beta,0.0471648,2.1387430662094002e-15,mae,0.044985,5,0.07218268450515213,0.023518686315450517,0.02966858032978571,,,,,,,22,,,,drift,0.0
,0.0001235,,0.0001,,static_ridge,,,,,mae,,,0.05829241906437987,0.01960924056088876,0.024760621746212595,,,,,,,22,,,,drift,0.0
,,,,,rls,,,,,mae,,,0.05868382127232264,0.019822247296573666,0.02486651843408677,0.0023547,0.995,0.1,,,,22,,,,drift,0.0
,,,,,hedge,,,,,mae,,,0.16658000233783476,0.05793848310949949,0.07237982017227025,0.0007657,,,1.0,0,,22,,,,drift,0.0
,,,,,exp3,,,,,mae,,,0.406525099968731,0.08721349023487998,0.13382724344550517,0.0010117,,,,,0.1,22,,,,drift,0.0
,,,,,fixed_share,,,,,mae,,,0.07981527057920546,0.027281990342115446,0.03409772096016636,0.0009655,,,0.1,,,22,0.005,,,drift,0.0
,,,,,passive_aggressive,,,,,mae,,,0.07614086673660406,0.024733080602640442,0.031497772999717316,0.0001783,,,,,,22,,1.0e12,0.01,drift,0.0
3.001372253404429e6,0.0934194,0,0.001,cholesky,adaptive_ridge,510,quadratic_stacked_beta,0.0434846,2.4650951625709315e-15,mae,0.0499348,5,0.09556590771622854,0.03235683942204798,0.040531989860139866,,,,,,,23,,,,drift,0.0
,0.0001173,,0.0001,,static_ridge,,,,,mae,,,0.08284410016388273,0.028096230085582923,0.03513261049674261,,,,,,,23,,,,drift,0.0
,,,,,rls,,,,,mae,,,0.08406104404693657,0.028630815333933628,0.035685789683346285,0.0069478,0.995,0.1,,,,23,,,,drift,0.0
,,,,,hedge,,,,,mae,,,0.24825986994617733,0.08728334640639757,0.10879641609067382,0.0007519,,,0.01,0,,23,,,,drift,0.0
,,,,,exp3,,,,,mae,,,0.7708785947058948,0.3587560160391619,0.3883117275590729,0.000966,,,,,0.2,23,,,,drift,0.0
,,,,,fixed_share,,,,,mae,,,0.24883933329063673,0.08757095805239473,0.10916639228217791,0.0008148,,,0.01,,,23,0.1,,,drift,0.0
,,,,,passive_aggressive,,,,,mae,,,0.09895924247159471,0.03614309801411015,0.04432730148158164,0.0001136,,,,,,23,,1.0e12,0.1,drift,0.0
6.884044498037589e7,0.08806810000000001,0,0.0001,cholesky,adaptive_ridge,510,quadratic_stacked_beta,0.0444907,2.3653894456701985e-15,mae,0.0435774,5,0.08797127186718845,0.029478546677201633,0.0375154929612847,,,,,,,24,,,,drift,0.0
,0.0002771,,0.0001,,static_ridge,,,,,mae,,,0.0787668137370783,0.02652697209786895,0.033603376054260864,,,,,,,24,,,,drift,0.0
,,,,,rls,,,,,mae,,,0.08128230153572336,0.026406005303946472,0.03381112813146762,0.0023482,0.95,0.0001,,,,24,,,,drift,0.0
,,,,,hedge,,,,,mae,,,0.3079647107168986,0.1460223882703541,0.16343342786102855,0.0009723,,,1.0,336,,24,,,,drift,0.0
,,,,,exp3,,,,,mae,,,0.5933944983224078,0.18022444480205643,0.22205594241295917,0.0010633,,,,,0.1,24,,,,drift,0.0
,,,,,fixed_share,,,,,mae,,,0.1700155357088603,0.07446459080630605,0.08602702706756392,0.0009349,,,1.0,,,24,0.02,,,drift,0.0
,,,,,passive_aggressive,,,,,mae,,,0.11027484676379323,0.03456846976351668,0.04458329493407228,0.0001729,,,,,,24,,1.0e12,0.01,drift,0.0
3.1001556526456818e10,0.0961224,0,0.0001,cholesky,adaptive_ridge,510,quadratic_stacked_beta,0.044219,4.313015177862758e-15,mae,0.0519034,5,0.017875174530228063,0.0059279847409741005,0.0075286673558510086,,,,,,,25,,,,drift,0.0
,0.0001072,,0.0001,,static_ridge,,,,,mae,,,0.013202768395080531,0.004453184171253281,0.005610973986026562,,,,,,,25,,,,drift,0.0
,,,,,rls,,,,,mae,,,0.008421064787162957,0.0029551543834789532,0.0037024004700971793,0.0023806,0.995,1.0e-6,,,,25,,,,drift,0.0
,,,,,hedge,,,,,mae,,,0.2712105363659625,0.1292827714034772,0.1463780683819619,0.000737,,,1.0,0,,25,,,,drift,0.0
,,,,,exp3,,,,,mae,,,0.49113650778282847,0.16396666494739418,0.19762383233107664,0.0010787,,,,,0.1,25,,,,drift,0.0
,,,,,fixed_share,,,,,mae,,,0.1356293353636682,0.04867228714443505,0.06054792216806013,0.0009511,,,0.25,,,25,0.02,,,drift,0.0
,,,,,passive_aggressive,,,,,mae,,,0.08108223643398954,0.025570600673644237,0.032740415959138666,0.0001717,,,,,,25,,1.0e12,0.001,drift,0.0
101886.73042372831,0.0912559,0,0.01,cholesky,adaptive_ridge,510,quadratic_stacked_beta,0.0458515,1.5817558334424291e-15,mae,0.0454044,5,0.13643344419933126,0.04905537779929703,0.06090340946777351,,,,,,,26,,,,drift,0.0
,8.7e-5,,0.001,,static_ridge,,,,,mae,,,0.12357451667673965,0.04289862232723099,0.053768242184151716,,,,,,,26,,,,drift,0.0
,,,,,rls,,,,,mae,,,0.12487370434546032,0.04336976496135871,0.054343725828602536,0.0069672,0.995,0.1,,,,26,,,,drift,0.0
,,,,,hedge,,,,,mae,,,0.17263247684152483,0.05829878531545552,0.07349637511526509,0.0017319,,,1.0,0,,26,,,,drift,0.0
,,,,,exp3,,,,,mae,,,0.564033565520107,0.1467506464048734,0.19857160080968497,0.0014946,,,,,0.2,26,,,,drift,0.0
,,,,,fixed_share,,,,,mae,,,0.16336800164027193,0.054823403496765045,0.06895844540821054,0.0025137,,,0.05,,,26,0.02,,,drift,0.0
,,,,,passive_aggressive,,,,,mae,,,0.13527943584110697,0.045766342401857084,0.057639874737367036,0.0001284,,,,,,26,,1.0e12,0.1,drift,0.0
5.0715919549144255e6,0.143092,0,0.001,cholesky,adaptive_ridge,510,quadratic_stacked_beta,0.1001042,2.4991194882704922e-15,mae,0.0429878,5,0.0877584730290206,0.030769577862866035,0.03825502947074861,,,,,,,27,,,,drift,0.0
,0.0001142,,0.0001,,static_ridge,,,,,mae,,,0.07866070027278285,0.027229660421895386,0.03399320377800404,,,,,,,27,,,,drift,0.0
,,,,,rls,,,,,mae,,,0.07869242679388011,0.027512371298090386,0.034286757395999595,0.0065174,0.995,1.0e-6,,,,27,,,,drift,0.0
,,,,,hedge,,,,,mae,,,0.20883010957887835,0.07751316354106326,0.09436017316426139,0.0016033,,,1.0,336,,27,,,,drift,0.0
,,,,,exp3,,,,,mae,,,0.5628278343213293,0.1342359899109861,0.19612197944325163,0.0016119,,,,,0.1,27,,,,drift,0.0
,,,,,fixed_share,,,,,mae,,,0.1214653633334753,0.043031852323251026,0.05344044692491865,0.0015953,,,0.05,,,27,0.01,,,drift,0.0
,,,,,passive_aggressive,,,,,mae,,,0.10512426851735354,0.03558629737098671,0.04470311061906261,0.0001145,,,,,,27,,1.0e12,0.1,drift,0.0
441139.2287812197,0.0898697,0,0.001,cholesky,adaptive_ridge,510,quadratic_stacked_beta,0.0458446,1.774760311876017e-15,mae,0.0440251,5,0.17373309728248898,0.06014017769941753,0.07548737858136495,,,,,,,28,,,,drift,0.0
,8.53e-5,,0.001,,static_ridge,,,,,mae,,,0.14954097408194456,0.04970641076588338,0.0632210988516173,,,,,,,28,,,,drift,0.0
,,,,,rls,,,,,mae,,,0.1506834382027022,0.050062582848558815,0.06370747661721589,0.0072794,0.995,0.1,,,,28,,,,drift,0.0
,,,,,hedge,,,,,mae,,,0.23254261069428014,0.07872840070314906,0.09864920924392227,0.0007506,,,1.0,0,,28,,,,drift,0.0
,,,,,exp3,,,,,mae,,,0.703520781287674,0.14125757897664368,0.2171026928249696,0.0010925,,,,,0.2,28,,,,drift,0.0
,,,,,fixed_share,,,,,mae,,,0.20165456443469815,0.07477386888509918,0.0912663789401223,0.0009238,,,0.05,,,28,0.01,,,drift,0.0
,,,,,passive_aggressive,,,,,mae,,,0.16434837586260584,0.055365137658457436,0.06917492305488855,0.0001397,,,,,,28,,1.0e12,0.1,drift,0.0
8.254689429532532e6,0.0906279,0,0.001,cholesky,adaptive_ridge,510,quadratic_stacked_beta,0.0460803,2.5609125215681683e-15,mae,0.0445476,5,0.10077880493427342,0.03505992190172204,0.04368444824632422,,,,,,,29,,,,drift,0.0
,0.0001153,,0.0001,,static_ridge,,,,,mae,,,0.08767528693834331,0.03039741892394653,0.038128845640477714,,,,,,,29,,,,drift,0.0
,,,,,rls,,,,,mae,,,0.08727733254127124,0.030664032422994283,0.03824806249984934,0.0024045,0.995,0.1,,,,29,,,,drift,0.0
,,,,,hedge,,,,,mae,,,0.17126085557043338,0.057070702104781296,0.07213907215018481,0.0008026,,,1.0,0,,29,,,,drift,0.0
,,,,,exp3,,,,,mae,,,0.5148092249314609,0.13160236086383656,0.18275849031398692,0.0009625,,,,,0.1,29,,,,drift,0.0
,,,,,fixed_share,,,,,mae,,,0.1393509140772468,0.045689849822405454,0.0576678135751594,0.0007138,,,0.05,,,29,0.01,,,drift,0.0
,,,,,passive_aggressive,,,,,mae,,,0.1081596324164487,0.037508875369481796,0.04652836780245303,0.00012,,,,,,29,,1.0e12,0.1,drift,0.0
490016.72331441415,0.0893706,0,0.0001,cholesky,adaptive_ridge,510,quadratic_stacked_beta,0.0446676,1.877819237233932e-15,mae,0.044703,5,0.14870050984464694,0.051295720098759164,0.06402694577699995,,,,,,,30,,,,drift,0.0
,0.0001184,,0.0001,,static_ridge,,,,,mae,,,0.125204182656553,0.04391842311171597,0.05429623056454754,,,,,,,30,,,,drift,0.0
,,,,,rls,,,,,mae,,,0.12670041827781012,0.0443065114662779,0.05503585803830415,0.0062612,0.995,1.0e-6,,,,30,,,,drift,0.0
,,,,,hedge,,,,,mae,,,0.23622687678065313,0.07817211382630579,0.09979321131415926,0.0020656,,,1.0,72,,30,,,,drift,0.0
,,,,,exp3,,,,,mae,,,0.6418200501647507,0.19095702318314328,0.24493709642262324,0.0014649,,,,,0.2,30,,,,drift,0.0
,,,,,fixed_share,,,,,mae,,,0.22003384691566036,0.07325455900580094,0.0921337743072806,0.0018041,,,0.05,,,30,0.01,,,drift,0.0
,,,,,passive_aggressive,,,,,mae,,,0.14041688917947867,0.04825150462150412,0.06026708280363774,0.0001532,,,,,,30,,1.0e12,0.1,drift,0.0
1.861113373605849e7,0.0856312,0,0.001,cholesky,adaptive_ridge,510,quadratic_stacked_beta,0.0390587,2.1607660884333784e-15,mae,0.0465725,5,0.08857449085273078,0.030628943363237727,0.03801715935990336,,,,,,,1,,,,drift,0.2
,0.0001181,,0.0001,,static_ridge,,,,,mae,,,0.08944231106599393,0.030929526036264095,0.03852950206930521,,,,,,,1,,,,drift,0.2
,,,,,rls,,,,,mae,,,0.07777319291368133,0.02748839087908218,0.03397773121991573,0.0063225,0.995,0.1,,,,1,,,,drift,0.2
,,,,,hedge,,,,,mae,,,0.29849819946575273,0.12852246024978578,0.1492550424806522,0.0009067,,,1.0,72,,1,,,,drift,0.2
,,,,,exp3,,,,,mae,,,0.6114587626917192,0.1577358910157863,0.2143325671177267,0.0009721,,,,,0.1,1,,,,drift,0.2
,,,,,fixed_share,,,,,mae,,,0.1864076576253951,0.0628529938550769,0.07871188837732407,0.0008676,,,0.05,,,1,0.005,,,drift,0.2
,,,,,passive_aggressive,,,,,mae,,,0.10239433495258908,0.03496031440145488,0.043895333706821915,0.000186,,,,,,1,,1.0e12,0.01,drift,0.2
8.608119330583058e6,0.0994504,0,0.001,cholesky,adaptive_ridge,510,quadratic_stacked_beta,0.0475795,3.53923266548576e-15,mae,0.0518709,5,0.12162576473368845,0.04333776490339445,0.05351361405617619,,,,,,,2,,,,drift,0.2
,8.28e-5,,0.01,,static_ridge,,,,,mae,,,0.11635703728367863,0.0406440590634628,0.05061828316169163,,,,,,,2,,,,drift,0.2
,,,,,rls,,,,,mae,,,0.10734015485692233,0.03764691975646751,0.046924106708488074,0.0022682,0.995,0.1,,,,2,,,,drift,0.2
,,,,,hedge,,,,,mae,,,0.22240130737814867,0.07894868651368345,0.09783372581871162,0.0008907,,,0.01,24,,2,,,,drift,0.2
,,,,,exp3,,,,,mae,,,0.7632400109965528,0.23227050683090064,0.2968566160037479,0.001095,,,,,0.1,2,,,,drift,0.2
,,,,,fixed_share,,,,,mae,,,0.22268984894726798,0.07919916869765982,0.09809615571500394,0.0009928,,,0.01,,,2,0.1,,,drift,0.2
,,,,,passive_aggressive,,,,,mae,,,0.12672125988463953,0.04376068457156557,0.054964197486028106,0.0001291,,,,,,2,,1.0e12,0.1,drift,0.2
5.262462199388128e7,0.0970016,0,0.0001,cholesky,adaptive_ridge,510,quadratic_stacked_beta,0.0534522,2.3531880420852353e-15,mae,0.0435494,5,0.1203308726988871,0.04043512541378577,0.05057313120709455,,,,,,,3,,,,drift,0.2
,0.000112,,0.0001,,static_ridge,,,,,mae,,,0.1276400936058823,0.04673881845930659,0.05734884674166065,,,,,,,3,,,,drift,0.2
,,,,,rls,,,,,mae,,,0.0832349733121206,0.02893766854886452,0.03584790244128101,0.0022657,0.99,0.1,,,,3,,,,drift,0.2
,,,,,hedge,,,,,mae,,,0.22541198893006345,0.0787971959518468,0.09769053076214021,0.0008905,,,1.0,72,,3,,,,drift,0.2
,,,,,exp3,,,,,mae,,,0.6364505229381947,0.15272798579310382,0.21055660835507714,0.0010763,,,,,0.1,3,,,,drift,0.2
,,,,,fixed_share,,,,,mae,,,0.15358204570738304,0.051151513808018065,0.06484325462713787,0.0009704,,,0.5,,,3,0.05,,,drift,0.2
,,,,,passive_aggressive,,,,,mae,,,0.11414519863561835,0.03656238954189209,0.046631299651735236,0.0001809,,,,,,3,,1.0e12,0.01,drift,0.2
1.0072886684006144e6,0.1004516,0,0.01,cholesky,adaptive_ridge,510,quadratic_stacked_beta,0.04514,2.081352282971609e-15,mae,0.0553116,5,0.13385705556653066,0.047181154809150264,0.058865520775016146,,,,,,,4,,,,drift,0.2
,9.55e-5,,0.01,,static_ridge,,,,,mae,,,0.11687375685503372,0.04170607427489221,0.05173524631280825,,,,,,,4,,,,drift,0.2
,,,,,rls,,,,,mae,,,0.11248422107105054,0.04049190235789748,0.05017101334521808,0.0066468,0.995,0.1,,,,4,,,,drift,0.2
,,,,,hedge,,,,,mae,,,0.1737035842578968,0.058957455097056743,0.0742623047975863,0.0020785,,,1.0,72,,4,,,,drift,0.2
,,,,,exp3,,,,,mae,,,0.653771313508559,0.12793467452554338,0.20096654950682052,0.0020502,,,,,0.2,4,,,,drift,0.2
,,,,,fixed_share,,,,,mae,,,0.14988344310524468,0.05095792126434225,0.06410887123442104,0.0019836,,,1.0,,,4,0.1,,,drift,0.2
,,,,,passive_aggressive,,,,,mae,,,0.12788304551681814,0.044856864315142304,0.055891278837820975,0.0001731,,,,,,4,,1.0e12,0.1,drift,0.2
1.8086100480938962e8,0.0905053,0,0.0001,cholesky,adaptive_ridge,510,quadratic_stacked_beta,0.0453313,2.1757305429717505e-15,mae,0.045174,5,0.08563835926628709,0.029102611356218767,0.03629261127820857,,,,,,,5,,,,drift,0.2
,8.31e-5,,0.001,,static_ridge,,,,,mae,,,0.07741168400154147,0.02731238079155535,0.03385283314027344,,,,,,,5,,,,drift,0.2
,,,,,rls,,,,,mae,,,0.07111430424828107,0.024262479501281978,0.030519993451030222,0.0059625,0.995,0.1,,,,5,,,,drift,0.2
,,,,,hedge,,,,,mae,,,0.17370605605204986,0.05884591071972286,0.07396422191812634,0.0009032,,,1.0,168,,5,,,,drift,0.2
,,,,,exp3,,,,,mae,,,0.5144528180700043,0.1349710704317814,0.17418400807775336,0.0010387,,,,,0.1,5,,,,drift,0.2
,,,,,fixed_share,,,,,mae,,,0.13874456163072865,0.04939249748813083,0.06127500420449508,0.0009041,,,0.05,,,5,0.01,,,drift,0.2
,,,,,passive_aggressive,,,,,mae,,,0.09577445485069848,0.03138580313899459,0.039716230042153945,0.0001795,,,,,,5,,1.0e12,0.01,drift,0.2
5.649480826424307e6,0.0914393,0,0.001,cholesky,adaptive_ridge,510,quadratic_stacked_beta,0.0381682,1.962999650480699e-15,mae,0.0532711,5,0.18594744521574083,0.06076611627073668,0.07739910515726742,,,,,,,6,,,,drift,0.2
,8.53e-5,,0.001,,static_ridge,,,,,mae,,,0.18775843715404966,0.07031204255483424,0.0861113431088418,,,,,,,6,,,,drift,0.2
,,,,,rls,,,,,mae,,,0.15599929073230093,0.05264779973757274,0.06633158750525459,0.0072026,0.995,0.1,,,,6,,,,drift,0.2
,,,,,hedge,,,,,mae,,,0.28507080815662456,0.0951278116638306,0.12003332131975361,0.000952,,,1.0,168,,6,,,,drift,0.2
,,,,,exp3,,,,,mae,,,0.7234611264087999,0.20540743605469552,0.2545710129116693,0.0009122,,,,,0.1,6,,,,drift,0.2
,,,,,fixed_share,,,,,mae,,,0.2637029315819128,0.0912083769285438,0.11391363437539423,0.0008859,,,0.05,,,6,0.01,,,drift,0.2
,,,,,passive_aggressive,,,,,mae,,,0.18113030008784414,0.05884224804668667,0.07485337216209315,0.0001355,,,,,,6,,1.0e12,0.1,drift,0.2
78602.50203626,0.09613,0,0.01,cholesky,adaptive_ridge,510,quadratic_stacked_beta,0.0457899,2.4377648747674303e-15,mae,0.0503401,5,0.20524589431665896,0.06768343471821005,0.08532869648567787,,,,,,,7,,,,drift,0.2
,8.62e-5,,0.01,,static_ridge,,,,,mae,,,0.19305348801374295,0.06152766092080883,0.07848067656827301,,,,,,,7,,,,drift,0.2
,,,,,rls,,,,,mae,,,0.19201762929613317,0.061609180669660486,0.07837558019056962,0.0023989,0.995,0.1,,,,7,,,,drift,0.2
,,,,,hedge,,,,,mae,,,0.21572038040302627,0.07286541488336325,0.09171849444994132,0.0007779,,,1.0,0,,7,,,,drift,0.2
,,,,,exp3,,,,,mae,,,0.7227820041306063,0.20028062964958215,0.2681049080544987,0.0011336,,,,,0.1,7,,,,drift,0.2
,,,,,fixed_share,,,,,mae,,,0.20933539390038167,0.06690541507848582,0.0854993656964202,0.0009617,,,0.05,,,7,0.01,,,drift,0.2
,,,,,passive_aggressive,,,,,mae,,,0.2071202268063094,0.0675666048359553,0.0855250523145104,0.0001504,,,,,,7,,1.0e12,0.1,drift,0.2
453093.2207644827,0.0843467,0,0.01,cholesky,adaptive_ridge,510,quadratic_stacked_beta,0.0398176,2.0620324026686684e-15,mae,0.0445291,5,0.12348988202039529,0.04182165053483474,0.05260829691094297,,,,,,,8,,,,drift,0.2
,8.39e-5,,0.001,,static_ridge,,,,,mae,,,0.1182867276590024,0.039812749152581595,0.05027510338843372,,,,,,,8,,,,drift,0.2
,,,,,rls,,,,,mae,,,0.10702286744183556,0.03722484305760168,0.046684481141510255,0.007272,0.995,0.1,,,,8,,,,drift,0.2
,,,,,hedge,,,,,mae,,,0.19828503316487966,0.06431154184647671,0.08156959322461013,0.0019218,,,1.0,0,,8,,,,drift,0.2
,,,,,exp3,,,,,mae,,,0.499220383360673,0.19266871840866087,0.22797987092030225,0.0015939,,,,,0.1,8,,,,drift,0.2
,,,,,fixed_share,,,,,mae,,,0.17932567795777865,0.05914605356671685,0.0746660818921987,0.0016153,,,0.05,,,8,0.01,,,drift,0.2
,,,,,passive_aggressive,,,,,mae,,,0.11737013552401138,0.04119966853146111,0.05133595450505262,0.0001166,,,,,,8,,1.0e12,0.1,drift,0.2
404060.43374637334,0.0849453,0,0.01,cholesky,adaptive_ridge,510,quadratic_stacked_beta,0.0395259,2.5351379688130243e-15,mae,0.0454194,5,0.1766113735554576,0.059996533179101426,0.07476046594377823,,,,,,,9,,,,drift,0.2
,9.95e-5,,0.01,,static_ridge,,,,,mae,,,0.16430401080813295,0.056223190846162736,0.06992359299662156,,,,,,,9,,,,drift,0.2
,,,,,rls,,,,,mae,,,0.15612292915024853,0.05395693071733576,0.06746855298812751,0.0023854,0.995,0.1,,,,9,,,,drift,0.2
,,,,,hedge,,,,,mae,,,0.2583731009426718,0.09456012855961103,0.11664425179858869,0.0007916,,,0.01,0,,9,,,,drift,0.2
,,,,,exp3,,,,,mae,,,0.7299098575738101,0.16435417267638242,0.24035877624398957,0.0020373,,,,,0.2,9,,,,drift,0.2
,,,,,fixed_share,,,,,mae,,,0.2317777567522473,0.08413753105237588,0.10300815009580286,0.0015765,,,0.05,,,9,0.005,,,drift,0.2
,,,,,passive_aggressive,,,,,mae,,,0.1682250132205084,0.05670688977779226,0.07124138031496277,0.000128,,,,,,9,,1.0e12,0.1,drift,0.2
431493.7833428669,0.09441540000000001,0,0.01,cholesky,adaptive_ridge,510,quadratic_stacked_beta,0.0408542,2.261227854364454e-15,mae,0.0535612,5,0.15039585508798223,0.052099603532656434,0.06495126150444579,,,,,,,10,,,,drift,0.2
,8.28e-5,,0.001,,static_ridge,,,,,mae,,,0.14006068189478277,0.04683063843354087,0.058650432995547674,,,,,,,10,,,,drift,0.2
,,,,,rls,,,,,mae,,,0.13814333545494467,0.046122545294123726,0.058001469764454694,0.0026143,0.995,1.0e-6,,,,10,,,,drift,0.2
,,,,,hedge,,,,,mae,,,0.25784004581144976,0.0976444330577322,0.11881452377231029,0.0009562,,,1.0,168,,10,,,,drift,0.2
,,,,,exp3,,,,,mae,,,0.6318231825509419,0.17155030323076217,0.230610346650247,0.0010416,,,,,0.1,10,,,,drift,0.2
,,,,,fixed_share,,,,,mae,,,0.26051126066762015,0.09987120382634651,0.12103845117113766,0.0008908,,,0.01,,,10,0.01,,,drift,0.2
,,,,,passive_aggressive,,,,,mae,,,0.1444039072140328,0.04938803567597673,0.0619669300352831,0.0001214,,,,,,10,,1.0e12,0.1,drift,0.2
424156.0803686792,0.0873624,0,0.01,cholesky,adaptive_ridge,510,quadratic_stacked_beta,0.0435997,2.6054784336041104e-15,mae,0.0437627,5,0.21385243494317854,0.0731625992959349,0.09132989419148879,,,,,,,11,,,,drift,0.2
,8.45e-5,,0.001,,static_ridge,,,,,mae,,,0.1817097903674918,0.06318562785203032,0.07881266377427609,,,,,,,11,,,,drift,0.2
,,,,,rls,,,,,mae,,,0.18991178598428848,0.0606490085241352,0.07686347032988862,0.0024235,0.95,1.0e-6,,,,11,,,,drift,0.2
,,,,,hedge,,,,,mae,,,0.26178992908749044,0.09363203940882205,0.11513564509212734,0.0009364,,,0.01,24,,11,,,,drift,0.2
,,,,,exp3,,,,,mae,,,0.692551984453575,0.23299717405420603,0.2888079830928899,0.001086,,,,,0.1,11,,,,drift,0.2
,,,,,fixed_share,,,,,mae,,,0.226434100128957,0.08057701861125104,0.10024476213953722,0.000914,,,0.25,,,11,0.02,,,drift,0.2
,,,,,passive_aggressive,,,,,mae,,,0.19347760933661895,0.06445366717828663,0.08150847222279797,0.0001494,,,,,,11,,1.0e12,0.1,drift,0.2
128248.9229475102,0.09616079999999999,0,0.01,cholesky,adaptive_ridge,510,quadratic_stacked_beta,0.0456967,2.1740092784901685e-15,mae,0.0504641,5,0.17922273445791057,0.06133646905591677,0.07695743777260203,,,,,,,12,,,,drift,0.2
,8.19e-5,,0.001,,static_ridge,,,,,mae,,,0.16160453314182585,0.05329150752772281,0.06710291887130068,,,,,,,12,,,,drift,0.2
,,,,,rls,,,,,mae,,,0.1585132780750202,0.05214982884253503,0.06603962687014323,0.0065304,0.995,0.1,,,,12,,,,drift,0.2
,,,,,hedge,,,,,mae,,,0.20893913919379514,0.07424002205631074,0.09214370384150859,0.0018043,,,1.0,336,,12,,,,drift,0.2
,,,,,exp3,,,,,mae,,,0.6890782495546515,0.19599797626791518,0.2577171602329502,0.0017186,,,,,0.1,12,,,,drift,0.2
,,,,,fixed_share,,,,,mae,,,0.174413252422622,0.06050710703715161,0.07580510035625979,0.0016034,,,0.05,,,12,0.01,,,drift,0.2
,,,,,passive_aggressive,,,,,mae,,,0.1786712198090872,0.05834262758594699,0.07353371660148812,0.0001346,,,,,,12,,1.0e12,0.1,drift,0.2
4.808444234001677e6,0.0851099,0,0.01,cholesky,adaptive_ridge,510,quadratic_stacked_beta,0.0387922,2.2016523383470632e-15,mae,0.0463177,5,0.10796661267169806,0.03804177767112302,0.047401501307822794,,,,,,,13,,,,drift,0.2
,8.67e-5,,0.01,,static_ridge,,,,,mae,,,0.10220942218687672,0.034284391252712626,0.04318489237613563,,,,,,,13,,,,drift,0.2
,,,,,rls,,,,,mae,,,0.09423441722074606,0.0318403465109277,0.039901452781432166,0.0027073,0.995,1.0e-6,,,,13,,,,drift,0.2
,,,,,hedge,,,,,mae,,,0.21225246351135746,0.07623129522760769,0.09363024272275187,0.000937,,,1.0,168,,13,,,,drift,0.2
,,,,,exp3,,,,,mae,,,0.634294150465307,0.16330818456424795,0.22540806054043233,0.0009637,,,,,0.1,13,,,,drift,0.2
,,,,,fixed_share,,,,,mae,,,0.13926777597591078,0.04558872031786983,0.05759316475896472,0.0007721,,,0.05,,,13,0.005,,,drift,0.2
,,,,,passive_aggressive,,,,,mae,,,0.11021757780619473,0.03920789316651832,0.04895151591880319,0.0001144,,,,,,13,,1.0e12,0.1,drift,0.2
146276.38809535964,0.0889032,0,0.1,cholesky,adaptive_ridge,510,quadratic_stacked_beta,0.0453741,1.7289860258630863e-15,mae,0.0435291,5,0.2976026866056443,0.10147502242542154,0.12723225396816543,,,,,,,14,,,,drift,0.2
,8.24e-5,,0.01,,static_ridge,,,,,mae,,,0.27550079308530007,0.09795494162903096,0.12120943548797833,,,,,,,14,,,,drift,0.2
,,,,,rls,,,,,mae,,,0.25789006591117614,0.08152825838113509,0.10578622213208147,0.0109099,0.95,0.0001,,,,14,,,,drift,0.2
,,,,,hedge,,,,,mae,,,0.32203968079609935,0.12011785428752436,0.14597613414809002,0.000933,,,0.01,72,,14,,,,drift,0.2
,,,,,exp3,,,,,mae,,,0.8585239972317428,0.2668376841851534,0.33386798371530274,0.0011371,,,,,0.2,14,,,,drift,0.2
,,,,,fixed_share,,,,,mae,,,0.32009961694707184,0.11998851694670436,0.14573470428153787,0.000922,,,0.05,,,14,0.1,,,drift,0.2
,,,,,passive_aggressive,,,,,mae,,,0.30554084162800044,0.09516937080246722,0.12200301535396861,0.000169,,,,,,14,,1.0e12,0.1,drift,0.2
675786.2211726859,0.0943769,0,0.01,cholesky,adaptive_ridge,510,quadratic_stacked_beta,0.044161,2.5651064570751947e-15,mae,0.0502159,5,0.21438266371494685,0.07517112943827862,0.0944421497138839,,,,,,,15,,,,drift,0.2
,8.14e-5,,0.01,,static_ridge,,,,,mae,,,0.20291311305660514,0.070457842290073,0.08799888189769287,,,,,,,15,,,,drift,0.2
,,,,,rls,,,,,mae,,,0.20301130774959325,0.06717236940917688,0.08503530942607183,0.0024459,0.98,0.1,,,,15,,,,drift,0.2
,,,,,hedge,,,,,mae,,,0.38531390138912053,0.18745481443392065,0.20934278320757635,0.0009022,,,1.0,24,,15,,,,drift,0.2
,,,,,exp3,,,,,mae,,,0.6899227942398669,0.16373390705739063,0.22932438827488993,0.0010724,,,,,0.1,15,,,,drift,0.2
,,,,,fixed_share,,,,,mae,,,0.20463184637132084,0.0705641245839829,0.08840475909355715,0.0009549,,,0.05,,,15,0.005,,,drift,0.2
,,,,,passive_aggressive,,,,,mae,,,0.23853688008238536,0.07544884333838084,0.09708293109726841,0.0001453,,,,,,15,,1.0e12,0.1,drift,0.2
1.246271821310875e6,0.0882948,0,0.001,cholesky,adaptive_ridge,510,quadratic_stacked_beta,0.0451761,2.2176287244082355e-15,mae,0.0431187,5,0.15171097752029053,0.05115605536148401,0.06468859071143662,,,,,,,16,,,,drift,0.2
,9.31e-5,,0.001,,static_ridge,,,,,mae,,,0.13764850748120225,0.0460911510009776,0.05807414707665498,,,,,,,16,,,,drift,0.2
,,,,,rls,,,,,mae,,,0.13318598297316067,0.045902087550842026,0.057130731056931325,0.0069174,0.995,0.1,,,,16,,,,drift,0.2
,,,,,hedge,,,,,mae,,,0.24215654004095322,0.09274442819823553,0.11295593887922152,0.0021416,,,1.0,0,,16,,,,drift,0.2
,,,,,exp3,,,,,mae,,,0.6713996131887316,0.16856079310691027,0.23252210998390552,0.0015198,,,,,0.2,16,,,,drift,0.2
,,,,,fixed_share,,,,,mae,,,0.2246852211224939,0.08399688310933677,0.1024795738337387,0.0014437,,,0.05,,,16,0.01,,,drift,0.2
,,,,,passive_aggressive,,,,,mae,,,0.14244430613113662,0.048788230307423165,0.06092892664086877,0.0001302,,,,,,16,,1.0e12,0.1,drift,0.2
1.991494363500586e7,0.086651,0,0.001,cholesky,adaptive_ridge,510,quadratic_stacked_beta,0.0415681,2.6737981222057976e-15,mae,0.0450829,5,0.1303938150165425,0.045917285273635755,0.05730317029562886,,,,,,,17,,,,drift,0.2
,8.17e-5,,0.01,,static_ridge,,,,,mae,,,0.12993448405652205,0.04308779031696248,0.05443576342526386,,,,,,,17,,,,drift,0.2
,,,,,rls,,,,,mae,,,0.1162314406709725,0.038958517719990676,0.04896833186848203,0.0023282,0.995,0.1,,,,17,,,,drift,0.2
,,,,,hedge,,,,,mae,,,0.24014827325201848,0.09398544893269267,0.11316769351680032,0.0017679,,,1.0,24,,17,,,,drift,0.2
,,,,,exp3,,,,,mae,,,0.5539825558776507,0.19067358984017896,0.22575184961261918,0.0015015,,,,,0.1,17,,,,drift,0.2
,,,,,fixed_share,,,,,mae,,,0.19146547649256096,0.07155005201837031,0.08731955549643743,0.0016421,,,0.05,,,17,0.01,,,drift,0.2
,,,,,passive_aggressive,,,,,mae,,,0.1348413944467918,0.04594533352597971,0.05813003801630523,0.0001211,,,,,,17,,1.0e12,0.1,drift,0.2
3.1277227089859284e6,0.08331179999999999,0,0.0001,cholesky,adaptive_ridge,510,quadratic_stacked_beta,0.038535,2.1165899554640655e-15,mae,0.0447768,5,0.11035326512984835,0.03856291764207019,0.04780767261523286,,,,,,,18,,,,drift,0.2
,0.0001124,,0.0001,,static_ridge,,,,,mae,,,0.09599231891207179,0.034151685751942565,0.042152112793456244,,,,,,,18,,,,drift,0.2
,,,,,rls,,,,,mae,,,0.0962813828452499,0.0343566965209134,0.0424327200127832,0.0024066,0.995,1.0e-6,,,,18,,,,drift,0.2
,,,,,hedge,,,,,mae,,,0.24201061358178272,0.08687322941097728,0.10641776996941654,0.0057953,,,1.0,0,,18,,,,drift,0.2
,,,,,exp3,,,,,mae,,,0.6631048365158421,0.22743021364417487,0.2665721501195435,0.0011506,,,,,0.1,18,,,,drift,0.2
,,,,,fixed_share,,,,,mae,,,0.18631962511362313,0.06365586178148014,0.08015132706757674,0.0010027,,,0.05,,,18,0.01,,,drift,0.2
,,,,,passive_aggressive,,,,,mae,,,0.1212942434539928,0.042899567924871006,0.053277161188335725,0.0050587,,,,,,18,,1.0e12,0.1,drift,0.2
61561.957126896086,0.0957131,0,0.01,cholesky,adaptive_ridge,510,quadratic_stacked_beta,0.043971,1.5527207771730146e-15,mae,0.0517421,5,0.19697845755894988,0.06596229377796226,0.08240967680162509,,,,,,,19,,,,drift,0.2
,0.0001193,,0.01,,static_ridge,,,,,mae,,,0.18658262614284404,0.06925744486486722,0.08452271346027548,,,,,,,19,,,,drift,0.2
,,,,,rls,,,,,mae,,,0.16371245757096287,0.055907864183648445,0.0705021984207653,0.0031028,0.995,0.1,,,,19,,,,drift,0.2
,,,,,hedge,,,,,mae,,,0.24485211905329016,0.08715455713720191,0.10745068680284513,0.0009009,,,1.0,168,,19,,,,drift,0.2
,,,,,exp3,,,,,mae,,,0.6987249930417166,0.18048597010093667,0.24735942596214627,0.0009445,,,,,0.2,19,,,,drift,0.2
,,,,,fixed_share,,,,,mae,,,0.1696919855010206,0.058240509773385664,0.0733423877351854,0.0007763,,,0.1,,,19,0.01,,,drift,0.2
,,,,,passive_aggressive,,,,,mae,,,0.1800359546469624,0.06109799301479582,0.07695956896498667,0.0001514,,,,,,19,,1.0e12,0.1,drift,0.2
768753.0104199091,0.09132950000000001,0,0.001,cholesky,adaptive_ridge,510,quadratic_stacked_beta,0.0460087,1.6383101751295812e-15,mae,0.0453208,5,0.14006842854412785,0.047879599129203816,0.06014023598003255,,,,,,,20,,,,drift,0.2
,0.0001091,,0.0001,,static_ridge,,,,,mae,,,0.11750637679600526,0.039203421833419676,0.049811275527407065,,,,,,,20,,,,drift,0.2
,,,,,rls,,,,,mae,,,0.11739405752558722,0.03841022777997562,0.04920834070520197,0.0022462,0.995,1.0e-6,,,,20,,,,drift,0.2
,,,,,hedge,,,,,mae,,,0.21897590944474402,0.07636582922260332,0.09496598532865173,0.0009565,,,1.0,336,,20,,,,drift,0.2
,,,,,exp3,,,,,mae,,,0.6240218244381206,0.1676053448056492,0.22440692057705133,0.0063502,,,,,0.2,20,,,,drift,0.2
,,,,,fixed_share,,,,,mae,,,0.18866337966715602,0.06766564602620373,0.08400156313217667,0.000976,,,0.05,,,20,0.01,,,drift,0.2
,,,,,passive_aggressive,,,,,mae,,,0.12851770184106914,0.04442524524684861,0.0556649490323279,0.0001221,,,,,,20,,1.0e12,0.1,drift,0.2
240430.54062898626,0.0829574,0,0.01,cholesky,adaptive_ridge,510,quadratic_stacked_beta,0.0391541,2.2587565197861026e-15,mae,0.0438033,5,0.1826302427406598,0.06060022193949151,0.0763481556767623,,,,,,,21,,,,drift,0.2
,0.0001101,,0.0001,,static_ridge,,,,,mae,,,0.15963107444070823,0.05409385635023406,0.06797044168403883,,,,,,,21,,,,drift,0.2
,,,,,rls,,,,,mae,,,0.14300181591536776,0.049671454439759094,0.06212079465495983,0.0025694,0.995,0.1,,,,21,,,,drift,0.2
,,,,,hedge,,,,,mae,,,0.2182685394223529,0.08219350119248561,0.09978979447959034,0.0007499,,,0.01,0,,21,,,,drift,0.2
,,,,,exp3,,,,,mae,,,0.602060004486773,0.21034067142125562,0.2573015501986003,0.0011113,,,,,0.1,21,,,,drift,0.2
,,,,,fixed_share,,,,,mae,,,0.22002048133884386,0.0837184081476624,0.1013147700842214,0.0009366,,,0.01,,,21,0.1,,,drift,0.2
,,,,,passive_aggressive,,,,,mae,,,0.1496324820953519,0.05120694111041404,0.06436650911726827,0.0001357,,,,,,21,,1.0e12,0.1,drift,0.2
3.403694512621909e6,0.0890416,0,0.001,cholesky,adaptive_ridge,510,quadratic_stacked_beta,0.0443764,1.5470784386502162e-15,mae,0.0446652,5,0.10620750019947714,0.03490118945700838,0.0443984816257621,,,,,,,22,,,,drift,0.2
,9.86e-5,,0.001,,static_ridge,,,,,mae,,,0.09669687514234805,0.0321693148135554,0.0411440410237111,,,,,,,22,,,,drift,0.2
,,,,,rls,,,,,mae,,,0.08851350250943422,0.029539942068591212,0.037533028906260715,0.0072259,0.995,0.1,,,,22,,,,drift,0.2
,,,,,hedge,,,,,mae,,,0.16422599965770082,0.05487813318461619,0.06849561064323882,0.001861,,,1.0,168,,22,,,,drift,0.2
,,,,,exp3,,,,,mae,,,0.47884751056360825,0.1024779560119858,0.1520358125272475,0.0016747,,,,,0.2,22,,,,drift,0.2
,,,,,fixed_share,,,,,mae,,,0.13930626028518125,0.04859264555146149,0.06009952612396287,0.0017833,,,0.05,,,22,0.01,,,drift,0.2
,,,,,passive_aggressive,,,,,mae,,,0.12292614745022826,0.03903160487800894,0.05011675325363453,0.0001705,,,,,,22,,1.0e12,0.01,drift,0.2
838163.523369763,0.1406579,0,0.01,cholesky,adaptive_ridge,510,quadratic_stacked_beta,0.0976004,2.4706555126601776e-15,mae,0.0430575,5,0.11212708941049135,0.03783020387181145,0.04779379223125365,,,,,,,23,,,,drift,0.2
,0.000123,,0.0001,,static_ridge,,,,,mae,,,0.11105734856420703,0.03772374052087256,0.04761718342109332,,,,,,,23,,,,drift,0.2
,,,,,rls,,,,,mae,,,0.094333281772305,0.0322251941624869,0.040453355248606424,0.0269727,0.995,0.1,,,,23,,,,drift,0.2
,,,,,hedge,,,,,mae,,,0.21901044286003166,0.07701579553935316,0.0958577253257251,0.0007389,,,1.0,0,,23,,,,drift,0.2
,,,,,exp3,,,,,mae,,,0.7949816976850778,0.23993996033981296,0.30374592870165423,0.0015753,,,,,0.2,23,,,,drift,0.2
,,,,,fixed_share,,,,,mae,,,0.2214074843065629,0.07810910486153927,0.09712808539996998,0.0015724,,,0.01,,,23,0.01,,,drift,0.2
,,,,,passive_aggressive,,,,,mae,,,0.10146136721720833,0.035609965952467904,0.04401707808937047,0.000117,,,,,,23,,1.0e12,0.1,drift,0.2
1.2920728840177245e6,0.0887516,0,0.01,cholesky,adaptive_ridge,510,quadratic_stacked_beta,0.0455969,2.3073498199443722e-15,mae,0.0431547,5,0.13221417764371785,0.045356252552917205,0.05651175787171239,,,,,,,24,,,,drift,0.2
,8.58e-5,,0.001,,static_ridge,,,,,mae,,,0.13035093628775146,0.045066732868909526,0.05639626856748785,,,,,,,24,,,,drift,0.2
,,,,,rls,,,,,mae,,,0.10981482940930025,0.03583452007504351,0.04545119746748677,0.0072593,0.995,0.1,,,,24,,,,drift,0.2
,,,,,hedge,,,,,mae,,,0.2638849978022361,0.10295684737292034,0.1233722119331901,0.000754,,,1.0,0,,24,,,,drift,0.2
,,,,,exp3,,,,,mae,,,0.6262730934244174,0.17017055843719434,0.2267929061193898,0.0010882,,,,,0.2,24,,,,drift,0.2
,,,,,fixed_share,,,,,mae,,,0.17888947901668584,0.06282740659980508,0.07784104343844063,0.000825,,,0.1,,,24,0.005,,,drift,0.2
,,,,,passive_aggressive,,,,,mae,,,0.1209150538402171,0.038547303128355644,0.04965565328710612,0.0001187,,,,,,24,,1.0e12,0.1,drift,0.2
5.960224905626386e6,0.0892523,0,0.01,cholesky,adaptive_ridge,510,quadratic_stacked_beta,0.0437263,2.017360342327426e-15,mae,0.045526,5,0.1971429710070604,0.06547379556649657,0.08308709519031246,,,,,,,25,,,,drift,0.2
,8.19e-5,,0.01,,static_ridge,,,,,mae,,,0.19202607355304807,0.06453487116242078,0.08143828629213953,,,,,,,25,,,,drift,0.2
,,,,,rls,,,,,mae,,,0.1745149829481666,0.056284915286721936,0.07169265960829757,0.0022933,0.95,0.1,,,,25,,,,drift,0.2
,,,,,hedge,,,,,mae,,,0.2945389642980804,0.14359651893904488,0.16087797273613796,0.0009228,,,1.0,336,,25,,,,drift,0.2
,,,,,exp3,,,,,mae,,,0.5702226999931518,0.1428845510853768,0.1985892175476202,0.000992,,,,,0.2,25,,,,drift,0.2
,,,,,fixed_share,,,,,mae,,,0.24756376567238397,0.09093668292187872,0.11170701701576598,0.0008792,,,0.1,,,25,0.005,,,drift,0.2
,,,,,passive_aggressive,,,,,mae,,,0.1866407096257929,0.06258328064150626,0.0783203101886054,0.0001342,,,,,,25,,1.0e12,0.1,drift,0.2
83914.7621664018,0.08588979999999999,0,0.01,cholesky,adaptive_ridge,510,quadratic_stacked_beta,0.0394485,2.093879502299245e-15,mae,0.0464413,5,0.16541715315902036,0.05763099228346306,0.07187981646771695,,,,,,,26,,,,drift,0.2
,8.62e-5,,0.001,,static_ridge,,,,,mae,,,0.15313581994846173,0.051753890932208106,0.0649742476196347,,,,,,,26,,,,drift,0.2
,,,,,rls,,,,,mae,,,0.14914713841635494,0.05124807929277016,0.06410061540737917,0.0023317,0.995,0.1,,,,26,,,,drift,0.2
,,,,,hedge,,,,,mae,,,0.24349997854461608,0.09075030079243139,0.11057516975674184,0.0008809,,,0.5,24,,26,,,,drift,0.2
,,,,,exp3,,,,,mae,,,0.6127803015339355,0.219457455125699,0.2652218205258598,0.0010724,,,,,0.1,26,,,,drift,0.2
,,,,,fixed_share,,,,,mae,,,0.2465599845830063,0.09108370851977585,0.11136819989099243,0.000953,,,0.01,,,26,0.1,,,drift,0.2
,,,,,passive_aggressive,,,,,mae,,,0.1596596758658425,0.0554870330160297,0.06924777283867435,0.0001279,,,,,,26,,1.0e12,0.1,drift,0.2
746429.9725310452,0.08839469999999999,0,0.01,cholesky,adaptive_ridge,510,quadratic_stacked_beta,0.0443362,2.1361427427109544e-15,mae,0.0440585,5,0.12117431664358903,0.04158077107320057,0.05169473223386399,,,,,,,27,,,,drift,0.2
,9.15e-5,,0.01,,static_ridge,,,,,mae,,,0.10853663153780754,0.03739559203017119,0.0467999429707437,,,,,,,27,,,,drift,0.2
,,,,,rls,,,,,mae,,,0.1018732927992817,0.035042293828608025,0.043987042162728786,0.0064818,0.995,1.0e-6,,,,27,,,,drift,0.2
,,,,,hedge,,,,,mae,,,0.20922161311214457,0.07609654019632257,0.09351391596941404,0.0017657,,,1.0,0,,27,,,,drift,0.2
,,,,,exp3,,,,,mae,,,0.5471510152032018,0.12040218619846318,0.18357559863592562,0.0016432,,,,,0.1,27,,,,drift,0.2
,,,,,fixed_share,,,,,mae,,,0.1360465783481575,0.046920447441207006,0.05903812065898146,0.001419,,,0.05,,,27,0.005,,,drift,0.2
,,,,,passive_aggressive,,,,,mae,,,0.12082072203173919,0.04078774862462216,0.05086159853689593,0.0001185,,,,,,27,,1.0e12,0.1,drift,0.2
388669.7863706726,0.14710990000000002,0,0.001,cholesky,adaptive_ridge,510,quadratic_stacked_beta,0.0976346,1.764635891786887e-15,mae,0.0494753,5,0.1832881184332165,0.06354264166698335,0.07902530257032239,,,,,,,28,,,,drift,0.2
,9.31e-5,,0.001,,static_ridge,,,,,mae,,,0.15305908188291192,0.05160842141527479,0.06539591493503313,,,,,,,28,,,,drift,0.2
,,,,,rls,,,,,mae,,,0.15210002092465108,0.05145054214998839,0.06548364793223593,0.0227837,0.995,0.1,,,,28,,,,drift,0.2
,,,,,hedge,,,,,mae,,,0.24569020895734817,0.08418707856587515,0.10486428448738262,0.001539,,,1.0,168,,28,,,,drift,0.2
,,,,,exp3,,,,,mae,,,0.6224840577636819,0.13074790272007494,0.1994285912018469,0.0014531,,,,,0.1,28,,,,drift,0.2
,,,,,fixed_share,,,,,mae,,,0.17273438996675275,0.06268561494598981,0.07716981216125976,0.00087,,,0.25,,,28,0.02,,,drift,0.2
,,,,,passive_aggressive,,,,,mae,,,0.1696809011604538,0.056816095506608724,0.07181425274207531,0.0001856,,,,,,28,,1.0e12,0.1,drift,0.2
744807.2329164175,0.090109,0,0.01,cholesky,adaptive_ridge,510,quadratic_stacked_beta,0.0450653,2.20180627122632e-15,mae,0.0450437,5,0.150689337804656,0.050756617184245054,0.06353708899579821,,,,,,,29,,,,drift,0.2
,8.21e-5,,0.01,,static_ridge,,,,,mae,,,0.1315138327073422,0.04511663449421218,0.0566319850385729,,,,,,,29,,,,drift,0.2
,,,,,rls,,,,,mae,,,0.13052335364075054,0.044622747010197174,0.05625097556862858,0.0024034,0.995,1.0e-6,,,,29,,,,drift,0.2
,,,,,hedge,,,,,mae,,,0.18951331759347448,0.06250880831030971,0.07918600047680088,0.0009064,,,1.0,24,,29,,,,drift,0.2
,,,,,exp3,,,,,mae,,,0.6342292435119021,0.2470965275461624,0.29308335948972947,0.0008721,,,,,0.1,29,,,,drift,0.2
,,,,,fixed_share,,,,,mae,,,0.18584690055061764,0.06086846488705445,0.07738727899954549,0.0007131,,,0.05,,,29,0.02,,,drift,0.2
,,,,,passive_aggressive,,,,,mae,,,0.1382546272457984,0.04924734875912949,0.06050763612420001,0.0001226,,,,,,29,,1.0e12,0.1,drift,0.2
359461.2635768974,0.0933804,0,0.001,cholesky,adaptive_ridge,510,quadratic_stacked_beta,0.0467954,1.947151038167077e-15,mae,0.046585,5,0.19174982187388753,0.06643490657811893,0.08248071840701107,,,,,,,30,,,,drift,0.2
,8.15e-5,,0.01,,static_ridge,,,,,mae,,,0.19257144041415092,0.07094160904141406,0.08698662777184113,,,,,,,30,,,,drift,0.2
,,,,,rls,,,,,mae,,,0.16334902469800053,0.05531825396084203,0.06931263105486671,0.0023046,0.995,1.0e-6,,,,30,,,,drift,0.2
,,,,,hedge,,,,,mae,,,0.2984797756003151,0.1042262038663555,0.12845046152154205,0.0009529,,,1.0,24,,30,,,,drift,0.2
,,,,,exp3,,,,,mae,,,0.7075306096689679,0.20428762307423626,0.2692028678094787,0.0011418,,,,,0.2,30,,,,drift,0.2
,,,,,fixed_share,,,,,mae,,,0.270970301425349,0.09159412036515055,0.11439402360528082,0.001036,,,0.1,,,30,0.02,,,drift,0.2
,,,,,passive_aggressive,,,,,mae,,,0.17352254069306286,0.05915726529821852,0.07466778810102327,0.0001388,,,,,,30,,1.0e12,0.1,drift,0.2
3.178537911180765e6,0.0892632,0,0.001,cholesky,adaptive_ridge,510,quadratic_stacked_beta,0.0385934,2.895716617609585e-15,mae,0.0506698,5,0.16195227987384833,0.052437138355574744,0.0665957284855493,,,,,,,1,,,,drift,0.4
,9.3e-5,,0.001,,static_ridge,,,,,mae,,,0.15544445261276127,0.05264670832274338,0.0662226777121245,,,,,,,1,,,,drift,0.4
,,,,,rls,,,,,mae,,,0.1347324823856905,0.04481606251086878,0.05647643885098077,0.0024354,0.995,0.1,,,,1,,,,drift,0.4
,,,,,hedge,,,,,mae,,,0.38930943893302855,0.1858009247313868,0.2071557855738136,0.0009082,,,1.0,24,,1,,,,drift,0.4
,,,,,exp3,,,,,mae,,,0.6868999238512182,0.2026800385621033,0.26564668901390615,0.0009318,,,,,0.1,1,,,,drift,0.4
,,,,,fixed_share,,,,,mae,,,0.25910336717515925,0.0886726396969179,0.11085006250248405,0.0007848,,,0.5,,,1,0.05,,,drift,0.4
,,,,,passive_aggressive,,,,,mae,,,0.15005379046274872,0.051603623939536436,0.06480465849747034,0.0001202,,,,,,1,,1.0e12,0.1,drift,0.4
1.04110716422551e6,0.0881686,0,0.01,cholesky,adaptive_ridge,510,quadratic_stacked_beta,0.0448117,3.185333035793456e-15,mae,0.0433569,5,0.19606689921135598,0.06921114244529977,0.08549955169817537,,,,,,,2,,,,drift,0.4
,8.78e-5,,0.01,,static_ridge,,,,,mae,,,0.18020512905457153,0.06188181799653154,0.07748758949747263,,,,,,,2,,,,drift,0.4
,,,,,rls,,,,,mae,,,0.16741757648368283,0.059332450435847686,0.07345284858093444,0.006547,0.995,0.1,,,,2,,,,drift,0.4
,,,,,hedge,,,,,mae,,,0.22225444187552768,0.07827803970635694,0.09746450437255565,0.0021754,,,1.0,336,,2,,,,drift,0.4
,,,,,exp3,,,,,mae,,,0.8652871315827081,0.3012594535988061,0.36710217266632217,0.001642,,,,,0.1,2,,,,drift,0.4
,,,,,fixed_share,,,,,mae,,,0.21347577914106894,0.0760777233416446,0.09433771493361409,0.0016967,,,0.01,,,2,0.005,,,drift,0.4
,,,,,passive_aggressive,,,,,mae,,,0.17241248772530496,0.06150352060271871,0.07574818209748664,0.0001334,,,,,,2,,1.0e12,0.1,drift,0.4
8.277689181191824e6,0.1370491,0,0.001,cholesky,adaptive_ridge,510,quadratic_stacked_beta,0.0915466,2.377429693313651e-15,mae,0.0455025,5,0.15905630010540217,0.05128854761774843,0.06523908947011214,,,,,,,3,,,,drift,0.4
,8.9e-5,,0.001,,static_ridge,,,,,mae,,,0.18881591583219526,0.07205056185596859,0.08670706512799367,,,,,,,3,,,,drift,0.4
,,,,,rls,,,,,mae,,,0.11427233934773913,0.039310267268938485,0.04904906017747993,0.0064038,0.99,0.1,,,,3,,,,drift,0.4
,,,,,hedge,,,,,mae,,,0.26752937521511405,0.09829187200634579,0.1196767449290756,0.0009722,,,1.0,24,,3,,,,drift,0.4
,,,,,exp3,,,,,mae,,,0.7688630138848701,0.17034989034910508,0.25053074894816735,0.0015345,,,,,0.1,3,,,,drift,0.4
,,,,,fixed_share,,,,,mae,,,0.1354981646376134,0.04542667723410927,0.05735880374125185,0.0009061,,,0.25,,,3,0.02,,,drift,0.4
,,,,,passive_aggressive,,,,,mae,,,0.15296174752562267,0.05040220884333754,0.06360485894951343,0.0001734,,,,,,3,,1.0e12,0.01,drift,0.4
42327.38870015738,0.0907124,0,0.1,cholesky,adaptive_ridge,510,quadratic_stacked_beta,0.0465746,1.751583073939603e-15,mae,0.0441378,5,0.18619336009532192,0.0654075902249587,0.08077879500732729,,,,,,,4,,,,drift,0.4
,8.31e-5,,0.01,,static_ridge,,,,,mae,,,0.15952347699679872,0.0573150025147463,0.0711225387621314,,,,,,,4,,,,drift,0.4
,,,,,rls,,,,,mae,,,0.1539902838230235,0.05579341877943293,0.06911873499406325,0.0074308,0.995,0.1,,,,4,,,,drift,0.4
,,,,,hedge,,,,,mae,,,0.21590094397880713,0.07357974983442303,0.09203818589956404,0.0009003,,,1.0,72,,4,,,,drift,0.4
,,,,,exp3,,,,,mae,,,0.7501421681803134,0.23548020472422618,0.29669777580329293,0.0010743,,,,,0.1,4,,,,drift,0.4
,,,,,fixed_share,,,,,mae,,,0.18672958136234605,0.06468809193693524,0.08102006404362033,0.0009467,,,0.05,,,4,0.02,,,drift,0.4
,,,,,passive_aggressive,,,,,mae,,,0.1718137261423649,0.05817723146387928,0.07314877456300753,0.0001271,,,,,,4,,1.0e12,0.1,drift,0.4
2.2745187636252917e7,0.0886295,0,0.001,cholesky,adaptive_ridge,510,quadratic_stacked_beta,0.0449918,2.460782626528368e-15,mae,0.0436377,5,0.13718536267144368,0.04684347879761073,0.058992061771656286,,,,,,,5,,,,drift,0.4
,9.0e-5,,0.001,,static_ridge,,,,,mae,,,0.1165639457322691,0.040725694865836715,0.05038291103406481,,,,,,,5,,,,drift,0.4
,,,,,rls,,,,,mae,,,0.10789446839334599,0.03781554152482899,0.04712006376967741,0.0023,0.995,0.1,,,,5,,,,drift,0.4
,,,,,hedge,,,,,mae,,,0.19602607990900886,0.06562045274626034,0.08282067223337372,0.0007259,,,1.0,0,,5,,,,drift,0.4
,,,,,exp3,,,,,mae,,,0.6095835540224417,0.17404304820536898,0.2212127668228666,0.0064363,,,,,0.1,5,,,,drift,0.4
,,,,,fixed_share,,,,,mae,,,0.14645815194206052,0.05043637617796292,0.06331741962722387,0.0008503,,,0.05,,,5,0.01,,,drift,0.4
,,,,,passive_aggressive,,,,,mae,,,0.1348572482839529,0.046774252166998785,0.05804622502248879,0.0001185,,,,,,5,,1.0e12,0.1,drift,0.4
551983.5187079082,0.0821509,0,0.01,cholesky,adaptive_ridge,510,quadratic_stacked_beta,0.0390767,2.2849439285217375e-15,mae,0.0430742,5,0.31428398031091404,0.10331855305415391,0.13107747086808058,,,,,,,6,,,,drift,0.4
,8.12e-5,,0.01,,static_ridge,,,,,mae,,,0.2998263299105691,0.1101436306357079,0.13416925610455172,,,,,,,6,,,,drift,0.4
,,,,,rls,,,,,mae,,,0.24521497251171034,0.0811833191700808,0.10337799892389539,0.0024596,0.98,1.0e-6,,,,6,,,,drift,0.4
,,,,,hedge,,,,,mae,,,0.37865344318577593,0.1345094600081711,0.16650728096206066,0.0008959,,,1.0,24,,6,,,,drift,0.4
,,,,,exp3,,,,,mae,,,0.9507674244872567,0.3272240747558335,0.3869163225030501,0.000899,,,,,0.1,6,,,,drift,0.4
,,,,,fixed_share,,,,,mae,,,0.37629771923004346,0.13269808016446172,0.16450706185609093,0.0007009,,,0.05,,,6,0.02,,,drift,0.4
,,,,,passive_aggressive,,,,,mae,,,0.2795830798093308,0.08365851751864062,0.10910970081623142,0.0001478,,,,,,6,,1.0e12,0.1,drift,0.4
17364.72737599074,0.0875972,0,0.1,cholesky,adaptive_ridge,510,quadratic_stacked_beta,0.0438639,2.4724222031905685e-15,mae,0.0437333,5,0.2365886258518853,0.07980249339211119,0.1006111247787471,,,,,,,7,,,,drift,0.4
,8.55e-5,,0.01,,static_ridge,,,,,mae,,,0.22832131960958862,0.07338768956669064,0.09362401196771945,,,,,,,7,,,,drift,0.4
,,,,,rls,,,,,mae,,,0.22129187258298735,0.07200670048439745,0.09140466206287827,0.0067449,0.995,0.1,,,,7,,,,drift,0.4
,,,,,hedge,,,,,mae,,,0.24201134693200363,0.08085022076445265,0.1023197123969967,0.0016885,,,1.0,0,,7,,,,drift,0.4
,,,,,exp3,,,,,mae,,,0.8471099239110742,0.21947713930430998,0.3011463975957772,0.0017846,,,,,0.2,7,,,,drift,0.4
,,,,,fixed_share,,,,,mae,,,0.2438896455296426,0.07687836465815055,0.09911803048984369,0.0017091,,,0.05,,,7,0.01,,,drift,0.4
,,,,,passive_aggressive,,,,,mae,,,0.2396468990688558,0.0773007588003837,0.09856104960204937,0.0001568,,,,,,7,,1.0e12,0.1,drift,0.4
319908.9572895242,0.1462465,0,0.01,cholesky,adaptive_ridge,510,quadratic_stacked_beta,0.1017414,1.9216322812576573e-15,mae,0.0445051,5,0.16697452329011248,0.05702125989937323,0.07165953664728393,,,,,,,8,,,,drift,0.4
,0.0001193,,0.0001,,static_ridge,,,,,mae,,,0.1516600072243299,0.05265992566783236,0.06570515245076897,,,,,,,8,,,,drift,0.4
,,,,,rls,,,,,mae,,,0.14153875373334418,0.049997084801955846,0.061966998286539184,0.0023903,0.995,0.1,,,,8,,,,drift,0.4
,,,,,hedge,,,,,mae,,,0.23755338101369158,0.07695714272830476,0.0977581081761363,0.0008357,,,0.01,0,,8,,,,drift,0.4
,,,,,exp3,,,,,mae,,,0.6749716792220853,0.2557744139285223,0.304040076769515,0.0016487,,,,,0.1,8,,,,drift,0.4
,,,,,fixed_share,,,,,mae,,,0.2388559865496456,0.07745707221515175,0.09829258334826714,0.0009911,,,0.01,,,8,0.1,,,drift,0.4
,,,,,passive_aggressive,,,,,mae,,,0.14469438733904383,0.05309329231881202,0.06594916561871363,0.0001205,,,,,,8,,1.0e12,0.1,drift,0.4
32006.564180709738,0.0920742,0,0.1,cholesky,adaptive_ridge,510,quadratic_stacked_beta,0.0464234,2.9174397673688057e-15,mae,0.0456508,5,0.2305202495276118,0.08167225334224355,0.10183629516209125,,,,,,,9,,,,drift,0.4
,8.14e-5,,0.1,,static_ridge,,,,,mae,,,0.21796704724956814,0.07897407745652715,0.0973149817009806,,,,,,,9,,,,drift,0.4
,,,,,rls,,,,,mae,,,0.2141695981272524,0.07535929829629688,0.09380546716526514,0.0029396,0.995,0.1,,,,9,,,,drift,0.4
,,,,,hedge,,,,,mae,,,0.2745649936353897,0.09553363276470589,0.11949594287703585,0.001414,,,0.01,0,,9,,,,drift,0.4
,,,,,exp3,,,,,mae,,,0.9744043781234698,0.2520796299452732,0.34362137746059124,0.0010345,,,,,0.2,9,,,,drift,0.4
,,,,,fixed_share,,,,,mae,,,0.27497619927831357,0.09569433335898926,0.11971469838652274,0.0009312,,,0.01,,,9,0.1,,,drift,0.4
,,,,,passive_aggressive,,,,,mae,,,0.2282612593050593,0.0768101453100167,0.09703540492760679,0.0001386,,,,,,9,,1.0e12,0.1,drift,0.4
398366.45215587557,0.09312319999999999,0,0.01,cholesky,adaptive_ridge,510,quadratic_stacked_beta,0.0435722,2.5003522136841852e-15,mae,0.049551,5,0.1753553624060823,0.0597027282499786,0.07484289370412042,,,,,,,10,,,,drift,0.4
,8.4e-5,,0.01,,static_ridge,,,,,mae,,,0.157041683724368,0.054065563346919795,0.06727804700619512,,,,,,,10,,,,drift,0.4
,,,,,rls,,,,,mae,,,0.15272121333340757,0.05211036608476888,0.06531969479794004,0.0071076,0.995,0.1,,,,10,,,,drift,0.4
,,,,,hedge,,,,,mae,,,0.310089515315128,0.12813898885712516,0.15168045067084993,0.000988,,,1.0,336,,10,,,,drift,0.4
,,,,,exp3,,,,,mae,,,0.695455783814987,0.16129237767826654,0.23291302799317687,0.0010089,,,,,0.1,10,,,,drift,0.4
,,,,,fixed_share,,,,,mae,,,0.2942141678467899,0.10563289140885068,0.12998607540538193,0.0008813,,,0.05,,,10,0.005,,,drift,0.4
,,,,,passive_aggressive,,,,,mae,,,0.1596901445602569,0.05492951470357687,0.06897688451036349,0.0001267,,,,,,10,,1.0e12,0.1,drift,0.4
44458.24264081051,0.1022371,0,0.1,cholesky,adaptive_ridge,510,quadratic_stacked_beta,0.0458512,2.532620231111617e-15,mae,0.0563859,5,0.2431296297408518,0.08311521655766435,0.1045263069523793,,,,,,,11,,,,drift,0.4
,8.34e-5,,0.01,,static_ridge,,,,,mae,,,0.205551543411593,0.07063337988382229,0.08830814371492107,,,,,,,11,,,,drift,0.4
,,,,,rls,,,,,mae,,,0.20139458729431003,0.06924855314131961,0.08583242159594905,0.0022377,0.995,0.1,,,,11,,,,drift,0.4
,,,,,hedge,,,,,mae,,,0.29802376969977495,0.11111898903561407,0.1347823265961129,0.0010375,,,1.0,24,,11,,,,drift,0.4
,,,,,exp3,,,,,mae,,,0.8099269954249487,0.2548794422319003,0.326564884400705,0.0009907,,,,,0.2,11,,,,drift,0.4
,,,,,fixed_share,,,,,mae,,,0.24808717835885546,0.09145873608747587,0.11216190931404363,0.0008731,,,0.05,,,11,0.005,,,drift,0.4
,,,,,passive_aggressive,,,,,mae,,,0.20884863472042994,0.07036534715172942,0.08791777521133602,0.0001544,,,,,,11,,1.0e12,0.1,drift,0.4
105877.45040639328,0.0891142,0,0.01,cholesky,adaptive_ridge,510,quadratic_stacked_beta,0.0424338,2.2746853867024663e-15,mae,0.0466804,5,0.2190891918602359,0.07280789828473401,0.09203030815975988,,,,,,,12,,,,drift,0.4
,0.0001631,,0.01,,static_ridge,,,,,mae,,,0.19651158356699366,0.0649317567180339,0.08222300618180507,,,,,,,12,,,,drift,0.4
,,,,,rls,,,,,mae,,,0.1876539586726096,0.061886757845146,0.07838094759680383,0.0067532,0.995,1.0e-6,,,,12,,,,drift,0.4
,,,,,hedge,,,,,mae,,,0.22743092622171837,0.07834018671508725,0.0973047912609228,0.0008093,,,1.0,0,,12,,,,drift,0.4
,,,,,exp3,,,,,mae,,,0.7676404585392653,0.24683428510324446,0.31029302892857474,0.0011533,,,,,0.1,12,,,,drift,0.4
,,,,,fixed_share,,,,,mae,,,0.22569676665054866,0.07520699402555221,0.09492414584133294,0.0016957,,,0.25,,,12,0.05,,,drift,0.4
,,,,,passive_aggressive,,,,,mae,,,0.20768043652804613,0.0661500195762475,0.08514881899868927,0.0001371,,,,,,12,,1.0e12,0.1,drift,0.4
1.0048181577387832e6,0.0960505,0,0.01,cholesky,adaptive_ridge,510,quadratic_stacked_beta,0.0521569,2.1502735439910097e-15,mae,0.0438936,5,0.17206540351534563,0.05819263351758728,0.07262523050784715,,,,,,,13,,,,drift,0.4
,0.0001178,,0.0001,,static_ridge,,,,,mae,,,0.1573139118677295,0.05344711382373712,0.06733906700925443,,,,,,,13,,,,drift,0.4
,,,,,rls,,,,,mae,,,0.14612032759653049,0.048808415322093616,0.06120340130170591,0.0023486,0.995,1.0e-6,,,,13,,,,drift,0.4
,,,,,hedge,,,,,mae,,,0.2524196035085925,0.09092586005500897,0.11173606201383814,0.0010084,,,1.0,336,,13,,,,drift,0.4
,,,,,exp3,,,,,mae,,,0.844782184179162,0.2674708850292814,0.3413917672470234,0.0010374,,,,,0.2,13,,,,drift,0.4
,,,,,fixed_share,,,,,mae,,,0.22932296375645556,0.07793374121051481,0.0976604200297282,0.000905,,,0.05,,,13,0.01,,,drift,0.4
,,,,,passive_aggressive,,,,,mae,,,0.1673817121141105,0.05356047933486511,0.06850364251012352,0.0001197,,,,,,13,,1.0e12,0.1,drift,0.4
36492.36074638351,0.0836987,0,0.1,cholesky,adaptive_ridge,510,quadratic_stacked_beta,0.0392896,1.7662296445079724e-15,mae,0.0444091,5,0.30998579995763503,0.10740167354316234,0.13441809929382492,,,,,,,14,,,,drift,0.4
,8.35e-5,,0.01,,static_ridge,,,,,mae,,,0.30101998555610743,0.1020035573471427,0.1277209274593526,,,,,,,14,,,,drift,0.4
,,,,,rls,,,,,mae,,,0.2914321194527113,0.09067419459022967,0.11710996400662307,0.0023202,0.95,0.0001,,,,14,,,,drift,0.4
,,,,,hedge,,,,,mae,,,0.32808702745459667,0.11784319622886899,0.14501916394500913,0.00101,,,1.0,72,,14,,,,drift,0.4
,,,,,exp3,,,,,mae,,,0.8711355373112329,0.2175867877186674,0.3007575499344251,0.0010286,,,,,0.2,14,,,,drift,0.4
,,,,,fixed_share,,,,,mae,,,0.2963389918475593,0.10384777391397972,0.128731704546649,0.0009449,,,0.05,,,14,0.01,,,drift,0.4
,,,,,passive_aggressive,,,,,mae,,,0.314647307611843,0.0968987713026904,0.12490778856300748,0.0001807,,,,,,14,,1.0e12,0.1,drift,0.4
78417.89592988112,0.08558289999999999,0,0.1,cholesky,adaptive_ridge,510,quadratic_stacked_beta,0.0398932,2.6289458129146705e-15,mae,0.0456897,5,0.31014545765928203,0.10524814253113289,0.1330385217930124,,,,,,,15,,,,drift,0.4
,8.36e-5,,0.1,,static_ridge,,,,,mae,,,0.28991173732203607,0.09936570700937829,0.12455790738400874,,,,,,,15,,,,drift,0.4
,,,,,rls,,,,,mae,,,0.29072134744696365,0.09328520950993101,0.11984907615476632,0.0023227,0.95,0.1,,,,15,,,,drift,0.4
,,,,,hedge,,,,,mae,,,0.41190043268457915,0.1848244049679022,0.21179911790882758,0.000898,,,1.0,24,,15,,,,drift,0.4
,,,,,exp3,,,,,mae,,,0.8766675063883094,0.27080607408560536,0.35156940245301255,0.0010674,,,,,0.1,15,,,,drift,0.4
,,,,,fixed_share,,,,,mae,,,0.3168225607661674,0.1098669854642171,0.13644079480999277,0.0009286,,,0.1,,,15,0.01,,,drift,0.4
,,,,,passive_aggressive,,,,,mae,,,0.3453733313074588,0.10304595654535711,0.13420902058308737,0.0001756,,,,,,15,,1.0e12,0.1,drift,0.4
320812.38113720546,0.23200310000000002,0,0.01,cholesky,adaptive_ridge,510,quadratic_stacked_beta,0.1832311,2.3131117923293164e-15,mae,0.048772,5,0.19315773207151238,0.06743707726364771,0.08446406107238992,,,,,,,16,,,,drift,0.4
,8.89e-5,,0.01,,static_ridge,,,,,mae,,,0.18018664441671364,0.06175857239241533,0.07785626598472639,,,,,,,16,,,,drift,0.4
,,,,,rls,,,,,mae,,,0.1731144052688682,0.06031356533486374,0.07524854676854917,0.0024961,0.995,0.1,,,,16,,,,drift,0.4
,,,,,hedge,,,,,mae,,,0.24733745965349663,0.0910063349143973,0.11211507251629703,0.0008742,,,0.01,0,,16,,,,drift,0.4
,,,,,exp3,,,,,mae,,,0.7530194786681232,0.18633044603991178,0.2600949836791068,0.0019584,,,,,0.2,16,,,,drift,0.4
,,,,,fixed_share,,,,,mae,,,0.246521713316711,0.0885877184591727,0.10928991473289201,0.0016468,,,0.05,,,16,0.01,,,drift,0.4
,,,,,passive_aggressive,,,,,mae,,,0.18890740578926915,0.06383348388534701,0.08001220354897567,0.0001466,,,,,,16,,1.0e12,0.1,drift,0.4
960575.1766585804,0.1291455,0,0.01,cholesky,adaptive_ridge,510,quadratic_stacked_beta,0.066779,2.510959350316228e-15,mae,0.0623665,5,0.18891844747564918,0.0631295185976582,0.0798294488488215,,,,,,,17,,,,drift,0.4
,9.66e-5,,0.01,,static_ridge,,,,,mae,,,0.1725967950992635,0.05772260899163899,0.07276186336764463,,,,,,,17,,,,drift,0.4
,,,,,rls,,,,,mae,,,0.1624837451340508,0.0535613989674172,0.06748057046291159,0.003658,0.995,1.0e-6,,,,17,,,,drift,0.4
,,,,,hedge,,,,,mae,,,0.2734872327011417,0.1087825359768417,0.13020350185976298,0.0010307,,,1.0,24,,17,,,,drift,0.4
,,,,,exp3,,,,,mae,,,0.6682656852248035,0.24115157199220344,0.2886722406589633,0.0012479,,,,,0.1,17,,,,drift,0.4
,,,,,fixed_share,,,,,mae,,,0.215709179166649,0.07969223919529528,0.09802355128915793,0.0010531,,,0.1,,,17,0.02,,,drift,0.4
,,,,,passive_aggressive,,,,,mae,,,0.16610162692462538,0.05772368945701664,0.07222862735576006,0.0001381,,,,,,17,,1.0e12,0.1,drift,0.4
1.6970247281520932e6,0.1861311,0,0.001,cholesky,adaptive_ridge,510,quadratic_stacked_beta,0.1253307,2.7463143131578333e-15,mae,0.0608004,5,0.16157439532957066,0.05611155638436317,0.06992958846435775,,,,,,,18,,,,drift,0.4
,0.0002741,,0.001,,static_ridge,,,,,mae,,,0.13752632762782288,0.049420690228256264,0.06083624043173549,,,,,,,18,,,,drift,0.4
,,,,,rls,,,,,mae,,,0.13725265275846738,0.048810472691204115,0.06011198706525447,0.0079389,0.995,1.0e-6,,,,18,,,,drift,0.4
,,,,,hedge,,,,,mae,,,0.23967329728025052,0.07925550643078484,0.10016231019893956,0.0008277,,,1.0,0,,18,,,,drift,0.4
,,,,,exp3,,,,,mae,,,0.8087564603095712,0.2651401345532806,0.31783383642817525,0.0012954,,,,,0.1,18,,,,drift,0.4
,,,,,fixed_share,,,,,mae,,,0.24150938546059855,0.07751218236258305,0.09889234662804156,0.0010033,,,0.05,,,18,0.02,,,drift,0.4
,,,,,passive_aggressive,,,,,mae,,,0.14842069622733006,0.05068786918513038,0.06364014736454462,0.0001507,,,,,,18,,1.0e12,0.1,drift,0.4
50391.07286082879,0.1407941,0,0.01,cholesky,adaptive_ridge,510,quadratic_stacked_beta,0.0934503,1.532406057674704e-15,mae,0.0473438,5,0.23522110318733663,0.080810687662594,0.10066338188888845,,,,,,,19,,,,drift,0.4
,8.24e-5,,0.01,,static_ridge,,,,,mae,,,0.24415676586898097,0.09420127718107797,0.1134077506730856,,,,,,,19,,,,drift,0.4
,,,,,rls,,,,,mae,,,0.20060929709708408,0.0694930812325914,0.08674136389705818,0.0231505,0.99,1.0e-6,,,,19,,,,drift,0.4
,,,,,hedge,,,,,mae,,,0.2780359827675173,0.09942027018196184,0.12277234406973087,0.0009576,,,1.0,72,,19,,,,drift,0.4
,,,,,exp3,,,,,mae,,,0.714391515503264,0.19890806990445564,0.265406786716119,0.0008763,,,,,0.1,19,,,,drift,0.4
,,,,,fixed_share,,,,,mae,,,0.2530775517675846,0.09232131993733235,0.11324818426782755,0.000828,,,0.05,,,19,0.01,,,drift,0.4
,,,,,passive_aggressive,,,,,mae,,,0.21607569003508792,0.07200011557595261,0.09088948581682071,0.0001568,,,,,,19,,1.0e12,0.1,drift,0.4
652503.1187997119,0.1382632,0,0.001,cholesky,adaptive_ridge,510,quadratic_stacked_beta,0.0517934,1.8712657606333552e-15,mae,0.0864698,5,0.1762514145427025,0.06015611751840191,0.07567212378718692,,,,,,,20,,,,drift,0.4
,0.0001194,,0.0001,,static_ridge,,,,,mae,,,0.13423072460579408,0.04451301290092146,0.056796228720724436,,,,,,,20,,,,drift,0.4
,,,,,rls,,,,,mae,,,0.1300091436489964,0.042397517054071736,0.054124222132463824,0.011147,0.995,0.1,,,,20,,,,drift,0.4
,,,,,hedge,,,,,mae,,,0.260442150387946,0.08906909040656845,0.11142602821191426,0.0008192,,,1.0,0,,20,,,,drift,0.4
,,,,,exp3,,,,,mae,,,0.7487370014178745,0.2118280132328962,0.2812427511567189,0.0018153,,,,,0.2,20,,,,drift,0.4
,,,,,fixed_share,,,,,mae,,,0.24752249910553928,0.08540513736707553,0.1069039578879243,0.0018866,,,0.05,,,20,0.02,,,drift,0.4
,,,,,passive_aggressive,,,,,mae,,,0.14570408118583036,0.05020691670452209,0.06319456757461807,0.0001494,,,,,,20,,1.0e12,0.1,drift,0.4
3841.9546303848315,0.0015682,0,0.01,cholesky,adaptive_ridge,48,quadratic_stacked_beta,0.0014105,2.4650170333167535e-16,mae,0.0001577,5,0.6690265523677497,0.260926054720361,0.31380211024656784,,,,,,,19,,,,members,3.0
,4.56e-5,,0.0001,,static_ridge,,,,,mae,,,0.6860496889448485,0.2744611726382897,0.3255041623732871,,,,,,,19,,,,members,3.0
,,,,,rls,,,,,mae,,,0.6041836674197067,0.16689801005014102,0.22380710137750762,0.0017549,0.9,1.0e-6,,,,19,,,,members,3.0
,,,,,hedge,,,,,mae,,,0.7240097406010528,0.3361819013564524,0.3779567184263774,0.0012872,,,1.0,24,,19,,,,members,3.0
,,,,,exp3,,,,,mae,,,0.931767066404781,0.3540336257451211,0.42939813737656163,0.0007691,,,,,0.4,19,,,,members,3.0
,,,,,fixed_share,,,,,mae,,,0.76563181884725,0.2870513095091037,0.34757700890371096,0.00072,,,0.05,,,19,0.005,,,members,3.0
,,,,,passive_aggressive,,,,,mae,,,1.0788782162385437,0.22393815825339344,0.34505871162485996,0.0001538,,,,,,19,,1.0e12,0.1,members,3.0
391706.79392182117,0.14822760000000001,0,0.01,cholesky,adaptive_ridge,510,quadratic_stacked_beta,0.1046923,1.510778333966126e-15,mae,0.0435353,5,0.15031136873643292,0.050252707054380785,0.06351723643893341,,,,,,,22,,,,drift,0.4
,9.51e-5,,0.001,,static_ridge,,,,,mae,,,0.13357896254972768,0.045002086637891764,0.057100877830803344,,,,,,,22,,,,drift,0.4
,,,,,rls,,,,,mae,,,0.1246004283479674,0.04063139771542873,0.051702483102682634,0.0024592,0.995,0.1,,,,22,,,,drift,0.4
,,,,,hedge,,,,,mae,,,0.20608615080936654,0.06591064762517768,0.08418826354834326,0.0021838,,,1.0,72,,22,,,,drift,0.4
,,,,,exp3,,,,,mae,,,0.6179238566153162,0.15692094046321728,0.2104143901725235,0.0017707,,,,,0.2,22,,,,drift,0.4
,,,,,fixed_share,,,,,mae,,,0.15848831378764458,0.05124493945888922,0.06456095903652782,0.0016837,,,0.05,,,22,0.01,,,drift,0.4
,,,,,passive_aggressive,,,,,mae,,,0.15284818427359004,0.04853507477403354,0.0620248979339723,0.0001402,,,,,,22,,1.0e12,0.1,drift,0.4
717748.477431722,0.10952429999999999,0,0.01,cholesky,adaptive_ridge,510,quadratic_stacked_beta,0.0422667,2.430075479332719e-15,mae,0.0672576,5,0.1372867991131978,0.04703857748292971,0.058752608214531925,,,,,,,23,,,,drift,0.4
,9.75e-5,,0.0001,,static_ridge,,,,,mae,,,0.12723172107928732,0.042905035963289415,0.054411701668316326,,,,,,,23,,,,drift,0.4
,,,,,rls,,,,,mae,,,0.10997212914356946,0.03840133946800296,0.04811999775628731,0.0026349,0.995,0.1,,,,23,,,,drift,0.4
,,,,,hedge,,,,,mae,,,0.2676843755647953,0.09158149760131477,0.11470945983197653,0.0009579,,,1.0,168,,23,,,,drift,0.4
,,,,,exp3,,,,,mae,,,0.8009166425713539,0.18815875937300078,0.2670176431825692,0.0016599,,,,,0.1,23,,,,drift,0.4
,,,,,fixed_share,,,,,mae,,,0.20055558364575662,0.07035170890239792,0.08759434569725454,0.0007848,,,0.1,,,23,0.02,,,drift,0.4
,,,,,passive_aggressive,,,,,mae,,,0.12222937215277284,0.042820995926396016,0.05319456111223623,0.0001185,,,,,,23,,1.0e12,0.1,drift,0.4
444898.43947049655,0.3246966,0,0.01,cholesky,adaptive_ridge,510,quadratic_stacked_beta,0.2792925,2.4040150680475535e-15,mae,0.0454041,5,0.18020693602526613,0.06118758430056575,0.07631125115535962,,,,,,,24,,,,drift,0.4
,0.0001174,,0.0001,,static_ridge,,,,,mae,,,0.20691990308872882,0.07077619685257361,0.08880284435795668,,,,,,,24,,,,drift,0.4
,,,,,rls,,,,,mae,,,0.15409202310621464,0.04987384525229478,0.06359337369013915,0.0025256,0.99,0.1,,,,24,,,,drift,0.4
,,,,,hedge,,,,,mae,,,0.23641412294586686,0.07975116141482955,0.1000016499959231,0.0007549,,,1.0,0,,24,,,,drift,0.4
,,,,,exp3,,,,,mae,,,0.7318037201136991,0.2239112493767568,0.2855375737638923,0.0012138,,,,,0.1,24,,,,drift,0.4
,,,,,fixed_share,,,,,mae,,,0.1880367904252781,0.06288491848119479,0.07908042607040484,0.0010256,,,0.05,,,24,0.005,,,drift,0.4
,,,,,passive_aggressive,,,,,mae,,,0.17323376984733016,0.05565373510683425,0.07068244418412045,0.000135,,,,,,24,,1.0e12,0.1,drift,0.4
193055.93798317475,0.1308501,0,0.1,cholesky,adaptive_ridge,510,quadratic_stacked_beta,0.0439455,1.6517801559265664e-15,mae,0.0869046,5,0.23522679030315466,0.08100851820308926,0.10058134551475273,,,,,,,25,,,,drift,0.4
,0.0001269,,0.01,,static_ridge,,,,,mae,,,0.24194101555148065,0.08090235958626181,0.10237184612773424,,,,,,,25,,,,drift,0.4
,,,,,rls,,,,,mae,,,0.20989136347791798,0.0677757013049076,0.08630794271216538,0.0386451,0.95,1.0e-6,,,,25,,,,drift,0.4
,,,,,hedge,,,,,mae,,,0.3228807856062082,0.15558898620935185,0.17443269793438018,0.0024944,,,1.0,336,,25,,,,drift,0.4
,,,,,exp3,,,,,mae,,,0.6253038472424455,0.25390681771260604,0.293444172625648,0.0018519,,,,,0.1,25,,,,drift,0.4
,,,,,fixed_share,,,,,mae,,,0.28740548731203336,0.12193680281431604,0.1424249025236369,0.0018648,,,0.5,,,25,0.05,,,drift,0.4
,,,,,passive_aggressive,,,,,mae,,,0.24141411139364347,0.07788878077781101,0.09888059606199937,0.0001708,,,,,,25,,1.0e12,0.1,drift,0.4
32064.899805131598,0.4913458,0,0.1,cholesky,adaptive_ridge,810,quadratic_stacked_beta,0.2811287,3.797212776335681e-15,mae,0.2102171,8,0.2687293872779249,0.09202123628490079,0.11632458023821358,,,,,,,7,,,,window,8.0
,0.0002797,,0.01,,static_ridge,,,,,mae,,,0.24441645204881973,0.07974548638667443,0.1013859908690247,,,,,,,7,,,,window,8.0
,,,,,rls,,,,,mae,,,0.23255223630273522,0.07718158146223414,0.09752879925351786,0.002454,0.995,0.1,,,,7,,,,window,8.0
,,,,,hedge,,,,,mae,,,0.25903424778310635,0.08623560704456482,0.1091196847300239,0.0008369,,,1.0,0,,7,,,,window,8.0
,,,,,exp3,,,,,mae,,,0.8833715493329737,0.23978327376912048,0.32373410301323174,0.0011563,,,,,0.2,7,,,,window,8.0
,,,,,fixed_share,,,,,mae,,,0.2676274093787746,0.08530061831143365,0.10954731323658143,0.0010068,,,0.05,,,7,0.01,,,window,8.0
,,,,,passive_aggressive,,,,,mae,,,0.24999738836282784,0.08023314108732583,0.1026978965525089,0.000148,,,,,,7,,1.0e12,0.1,window,8.0
518137.3288357218,0.0935294,0,0.01,cholesky,adaptive_ridge,510,quadratic_stacked_beta,0.0446957,2.2820153809739237e-15,mae,0.0488337,5,0.1619677035018795,0.0536051360941583,0.06782763153727697,,,,,,,27,,,,drift,0.4
,0.0001138,,0.01,,static_ridge,,,,,mae,,,0.1446710524975322,0.04941546352638531,0.06199691442156985,,,,,,,27,,,,drift,0.4
,,,,,rls,,,,,mae,,,0.13186580221268682,0.04372532233363152,0.055265536453384015,0.0086401,0.995,1.0e-6,,,,27,,,,drift,0.4
,,,,,hedge,,,,,mae,,,0.22303811578489222,0.07882127638827233,0.09801478808018098,0.000897,,,1.0,0,,27,,,,drift,0.4
,,,,,exp3,,,,,mae,,,0.6323190566582431,0.13282738725309975,0.20012956020595932,0.0010603,,,,,0.1,27,,,,drift,0.4
,,,,,fixed_share,,,,,mae,,,0.1804855103560174,0.06139869799365139,0.07672469012788596,0.0027862,,,0.25,,,27,0.02,,,drift,0.4
,,,,,passive_aggressive,,,,,mae,,,0.1524636843403176,0.049583007438330245,0.06255243229937617,0.0001252,,,,,,27,,1.0e12,0.1,drift,0.4
172628.32571328856,0.1122395,0,0.01,cholesky,adaptive_ridge,510,quadratic_stacked_beta,0.0593366,1.9506932705763074e-15,mae,0.0529029,5,0.20256732989443943,0.07091445415674058,0.08785492828704171,,,,,,,28,,,,drift,0.4
,0.0002727,,0.001,,static_ridge,,,,,mae,,,0.16999876372696932,0.05745973881047846,0.07248122254952817,,,,,,,28,,,,drift,0.4
,,,,,rls,,,,,mae,,,0.1653617011063202,0.05680997881208912,0.07138344987054171,0.008035,0.995,0.1,,,,28,,,,drift,0.4
,,,,,hedge,,,,,mae,,,0.26319923316813737,0.0923477054369352,0.1145527216287958,0.0009627,,,1.0,72,,28,,,,drift,0.4
,,,,,exp3,,,,,mae,,,0.7798618425112022,0.13996347697206188,0.2315745794713045,0.0012484,,,,,0.2,28,,,,drift,0.4
,,,,,fixed_share,,,,,mae,,,0.1698318280251909,0.05892324144793847,0.07384407489114833,0.0009922,,,0.05,,,28,0.005,,,drift,0.4
,,,,,passive_aggressive,,,,,mae,,,0.18599308837503245,0.06128118828898239,0.0775370183293593,0.0001446,,,,,,28,,1.0e12,0.1,drift,0.4
353537.12390653556,0.1530987,0,0.01,cholesky,adaptive_ridge,510,quadratic_stacked_beta,0.0423726,2.4484268397576308e-15,mae,0.1107261,5,0.20477709684258494,0.0679025530986493,0.08585454806897462,,,,,,,29,,,,drift,0.4
,0.0001254,,0.01,,static_ridge,,,,,mae,,,0.18657623716377628,0.062773110389866,0.07872060828580828,,,,,,,29,,,,drift,0.4
,,,,,rls,,,,,mae,,,0.1691086708479378,0.05918421919400707,0.07386747407226002,0.0092494,0.995,0.1,,,,29,,,,drift,0.4
,,,,,hedge,,,,,mae,,,0.22347933075622223,0.07288607168108142,0.09230664342737788,0.002652,,,1.0,24,,29,,,,drift,0.4
,,,,,exp3,,,,,mae,,,0.8341889634297894,0.24172933863237472,0.31709332524686706,0.0015134,,,,,0.2,29,,,,drift,0.4
,,,,,fixed_share,,,,,mae,,,0.22085469483988754,0.07305570045539889,0.0921903180224573,0.0008937,,,0.01,,,29,0.005,,,drift,0.4
,,,,,passive_aggressive,,,,,mae,,,0.17617313304187093,0.06237133789202403,0.07713881164783076,0.0001455,,,,,,29,,1.0e12,0.1,drift,0.4
145139.13327463207,0.288608,0,0.01,cholesky,adaptive_ridge,510,quadratic_stacked_beta,0.0728628,2.043142377086554e-15,mae,0.2157452,5,0.2257738501779448,0.07757010704447276,0.09725442297116055,,,,,,,30,,,,drift,0.4
,9.02e-5,,0.01,,static_ridge,,,,,mae,,,0.2477398189639819,0.09760482887806017,0.11665285904519064,,,,,,,30,,,,drift,0.4
,,,,,rls,,,,,mae,,,0.19469669035075923,0.06573100546057793,0.08236907913507924,0.007422,0.995,1.0e-6,,,,30,,,,drift,0.4
,,,,,hedge,,,,,mae,,,0.3535534789590277,0.13649673329804454,0.16308533330550287,0.000991,,,1.0,24,,30,,,,drift,0.4
,,,,,exp3,,,,,mae,,,0.8075768881409059,0.27061457337782613,0.3429927209187351,0.0011658,,,,,0.1,30,,,,drift,0.4
,,,,,fixed_share,,,,,mae,,,0.2970534667450901,0.1007709359201638,0.12617565996627492,0.0629127,,,0.1,,,30,0.02,,,drift,0.4
,,,,,passive_aggressive,,,,,mae,,,0.20832067722767542,0.07015689068052959,0.08831236871854894,0.0001553,,,,,,30,,1.0e12,0.1,drift,0.4
589044.0289902169,0.1336177,0,0.01,cholesky,adaptive_ridge,510,quadratic_stacked_beta,0.0466224,2.765074164279591e-15,mae,0.0869953,5,0.22960377409764432,0.0744192912286705,0.09456880652599997,,,,,,,1,,,,drift,0.6
,9.41e-5,,0.001,,static_ridge,,,,,mae,,,0.2126856384207396,0.07127703699859682,0.08996676749803356,,,,,,,1,,,,drift,0.6
,,,,,rls,,,,,mae,,,0.18664957583093045,0.06011130643064886,0.07641612750506328,0.0029124,0.995,0.1,,,,1,,,,drift,0.6
,,,,,hedge,,,,,mae,,,0.46768183821062437,0.2274680108707305,0.2519664981331207,0.0009599,,,1.0,24,,1,,,,drift,0.6
,,,,,exp3,,,,,mae,,,0.8698437288432948,0.25230850521428666,0.33228266345661234,0.0011925,,,,,0.1,1,,,,drift,0.6
,,,,,fixed_share,,,,,mae,,,0.33035405868919127,0.11363512673171267,0.14177803523949786,0.0016382,,,0.5,,,1,0.05,,,drift,0.6
,,,,,passive_aggressive,,,,,mae,,,0.18843528986833236,0.06288772733638577,0.0790420176772618,0.0001404,,,,,,1,,1.0e12,0.1,drift,0.6
113121.6290554259,0.1686426,0,0.1,cholesky,adaptive_ridge,510,quadratic_stacked_beta,0.0439518,2.6209032299482675e-15,mae,0.1246908,5,0.2580298908692493,0.09049001496449956,0.11307055941585296,,,,,,,2,,,,drift,0.6
,0.0001018,,0.01,,static_ridge,,,,,mae,,,0.2385766690139944,0.08201158484150164,0.10216182635803134,,,,,,,2,,,,drift,0.6
,,,,,rls,,,,,mae,,,0.22413143637261443,0.07892495003377183,0.09738465396655582,0.0079313,0.995,0.1,,,,2,,,,drift,0.6
,,,,,hedge,,,,,mae,,,0.2538544575416568,0.08884487648767939,0.11014725727389701,0.0008393,,,1.0,0,,2,,,,drift,0.6
,,,,,exp3,,,,,mae,,,1.1029094210367894,0.37985951589982003,0.4696146776751732,0.0018142,,,,,0.2,2,,,,drift,0.6
,,,,,fixed_share,,,,,mae,,,0.25970664946809735,0.0898007515528648,0.1118260179668851,0.0019765,,,0.01,,,2,0.01,,,drift,0.6
,,,,,passive_aggressive,,,,,mae,,,0.22984048058550613,0.07786534422562673,0.09759638500115456,0.0001499,,,,,,2,,1.0e12,0.1,drift,0.6
3.1415603113026246e6,0.1175838,0,0.001,cholesky,adaptive_ridge,510,quadratic_stacked_beta,0.070539,2.7553134060942345e-15,mae,0.0470448,5,0.21679997938658835,0.07040329069957786,0.08910373580821992,,,,,,,3,,,,drift,0.6
,8.69e-5,,0.01,,static_ridge,,,,,mae,,,0.24715878516978443,0.0890039140296563,0.10873413519027744,,,,,,,3,,,,drift,0.6
,,,,,rls,,,,,mae,,,0.16380651929827658,0.054407554820305015,0.06878176256015933,0.0034113,0.99,0.1,,,,3,,,,drift,0.6
,,,,,hedge,,,,,mae,,,0.32510091743402314,0.12328643884550766,0.1486715985731406,0.0009519,,,1.0,72,,3,,,,drift,0.6
,,,,,exp3,,,,,mae,,,0.9781489937681767,0.18784648208649887,0.3082512955660251,0.001139,,,,,0.2,3,,,,drift,0.6
,,,,,fixed_share,,,,,mae,,,0.18501790434954932,0.06074109355562713,0.07684160000870123,0.0009606,,,0.1,,,3,0.005,,,drift,0.6
,,,,,passive_aggressive,,,,,mae,,,0.18644145336159543,0.062413837130550924,0.07869941791214195,0.0001432,,,,,,3,,1.0e12,0.1,drift,0.6
37822.46838151312,0.1450603,0,0.1,cholesky,adaptive_ridge,510,quadratic_stacked_beta,0.0956355,2.3486207245281422e-15,mae,0.0494248,5,0.2374839038146893,0.08218694036814196,0.10217053680595167,,,,,,,4,,,,drift,0.6
,7.5e-5,,0.001,,static_ridge,,,,,mae,,,0.2083115318765552,0.0733161275983613,0.0913196071180461,,,,,,,4,,,,drift,0.6
,,,,,rls,,,,,mae,,,0.19158160124618753,0.06869677142145343,0.08551498500248202,0.1879709,0.995,0.1,,,,4,,,,drift,0.6
,,,,,hedge,,,,,mae,,,0.2578902035684853,0.087266543740658,0.10922807611772023,0.0009721,,,1.0,168,,4,,,,drift,0.6
,,,,,exp3,,,,,mae,,,1.0037203621085238,0.2906331120063192,0.37839924389857615,0.0010235,,,,,0.2,4,,,,drift,0.6
,,,,,fixed_share,,,,,mae,,,0.23292953890158125,0.08016115801092993,0.10027402284659864,0.1802092,,,0.05,,,4,0.02,,,drift,0.6
,,,,,passive_aggressive,,,,,mae,,,0.21105102085156868,0.07132034983307088,0.0903023467809648,0.0001424,,,,,,4,,1.0e12,0.1,drift,0.6
2.527001511668123e6,0.09158569999999999,0,0.01,cholesky,adaptive_ridge,510,quadratic_stacked_beta,0.0465977,2.6544420976524074e-15,mae,0.044988,5,0.17860710939239519,0.061381079458997866,0.07651271648409536,,,,,,,5,,,,drift,0.6
,9.58e-5,,0.001,,static_ridge,,,,,mae,,,0.1496512863264151,0.05188984295115961,0.06443984221946315,,,,,,,5,,,,drift,0.6
,,,,,rls,,,,,mae,,,0.13734543079799755,0.04848037568973117,0.060239544935409645,0.0029971,0.995,0.1,,,,5,,,,drift,0.6
,,,,,hedge,,,,,mae,,,0.2308758349755589,0.0787012460710351,0.09835531800957198,0.0008201,,,1.0,0,,5,,,,drift,0.6
,,,,,exp3,,,,,mae,,,0.8151947478444737,0.22092435102928307,0.29426189581287826,0.0016223,,,,,0.1,5,,,,drift,0.6
,,,,,fixed_share,,,,,mae,,,0.1729202988073653,0.05935112615756852,0.07470696692004156,0.0011234,,,0.05,,,5,0.01,,,drift,0.6
,,,,,passive_aggressive,,,,,mae,,,0.15960461701084058,0.05605773189569387,0.06932673312879167,0.0001501,,,,,,5,,1.0e12,0.1,drift,0.6
53991.34816224733,0.0994636,0,0.1,cholesky,adaptive_ridge,510,quadratic_stacked_beta,0.0443807,2.118594212465645e-15,mae,0.0550829,5,0.3805005669072687,0.12614198264745147,0.15804718536979098,,,,,,,6,,,,drift,0.6
,8.46e-5,,0.01,,static_ridge,,,,,mae,,,0.364409326788255,0.12728269653213695,0.1577690891578538,,,,,,,6,,,,drift,0.6
,,,,,rls,,,,,mae,,,0.30152790024326803,0.09887630593647576,0.1257698952008548,0.0027165,0.98,0.0001,,,,6,,,,drift,0.6
,,,,,hedge,,,,,mae,,,0.4487484885390707,0.16485132691301912,0.20155161667211607,0.0022761,,,1.0,24,,6,,,,drift,0.6
,,,,,exp3,,,,,mae,,,1.119707072304992,0.4262856134293863,0.5040117982548904,0.070992,,,,,0.05,6,,,,drift,0.6
,,,,,fixed_share,,,,,mae,,,0.43804505028789914,0.14535479896434458,0.1840875860765071,0.0016048,,,0.1,,,6,0.01,,,drift,0.6
,,,,,passive_aggressive,,,,,mae,,,0.3311078136286744,0.09837265032318519,0.12869078643736467,0.0005855,,,,,,6,,1.0e12,0.1,drift,0.6
16771.495603165455,0.29156920000000003,0,0.1,cholesky,adaptive_ridge,510,quadratic_stacked_beta,0.1842263,2.562062070913106e-15,mae,0.1073429,5,0.2731896539932983,0.09472716163923858,0.11923481504861257,,,,,,,7,,,,drift,0.6
,0.0001024,,0.01,,static_ridge,,,,,mae,,,0.2602281919749915,0.08615923238518283,0.10912588051128115,,,,,,,7,,,,drift,0.6
,,,,,rls,,,,,mae,,,0.24435602200902437,0.08202165191070149,0.10355110416737764,0.0036329,0.995,0.1,,,,7,,,,drift,0.6
,,,,,hedge,,,,,mae,,,0.2769272232370168,0.09246202221139034,0.11671788321321758,0.0007983,,,1.0,0,,7,,,,drift,0.6
,,,,,exp3,,,,,mae,,,0.9151096765497244,0.28498780173437593,0.3638527021907082,0.0011273,,,,,0.1,7,,,,drift,0.6
,,,,,fixed_share,,,,,mae,,,0.2745661894975297,0.09331311386338474,0.11781407822670902,0.1716783,,,0.01,,,7,0.1,,,drift,0.6
,,,,,passive_aggressive,,,,,mae,,,0.2555457774683621,0.08349784869906697,0.10597639895248308,0.0001693,,,,,,7,,1.0e12,0.1,drift,0.6
225641.5479127607,0.1333896,0,0.01,cholesky,adaptive_ridge,510,quadratic_stacked_beta,0.0434269,2.359418437935127e-15,mae,0.0899627,5,0.22083021039486758,0.07488061494816237,0.09401772487805472,,,,,,,8,,,,drift,0.6
,0.0001282,,0.0001,,static_ridge,,,,,mae,,,0.18938494287973331,0.06632195723900805,0.08250116584597221,,,,,,,8,,,,drift,0.6
,,,,,rls,,,,,mae,,,0.1827122963592072,0.0641219914855871,0.07929659443649222,0.0032437,0.995,0.1,,,,8,,,,drift,0.6
,,,,,hedge,,,,,mae,,,0.29160523616297246,0.09413529138611727,0.1195140448149948,0.0017766,,,0.01,0,,8,,,,drift,0.6
,,,,,exp3,,,,,mae,,,0.8249513868010648,0.30946766346176735,0.3725389986793621,0.00196,,,,,0.1,8,,,,drift,0.6
,,,,,fixed_share,,,,,mae,,,0.2934902304703867,0.09487112950665215,0.12039293363734786,0.0020396,,,0.01,,,8,0.1,,,drift,0.6
,,,,,passive_aggressive,,,,,mae,,,0.18128293729330303,0.06665183249913198,0.0817171957528114,0.0001363,,,,,,8,,1.0e12,0.1,drift,0.6
22557.387725473818,0.1765767,0,0.1,cholesky,adaptive_ridge,510,quadratic_stacked_beta,0.0935576,2.852701463031727e-15,mae,0.0830191,5,0.2900992080581134,0.09972197659807006,0.12495530913840525,,,,,,,9,,,,drift,0.6
,9.61e-5,,0.1,,static_ridge,,,,,mae,,,0.2755183765146372,0.09823204184543073,0.12134640591028277,,,,,,,9,,,,drift,0.6
,,,,,rls,,,,,mae,,,0.26436002863952707,0.09146914740152857,0.1148496312762988,0.0077853,0.995,0.1,,,,9,,,,drift,0.6
,,,,,hedge,,,,,mae,,,0.30685616116176484,0.10296482563839003,0.12995755434868955,0.0017232,,,0.01,0,,9,,,,drift,0.6
,,,,,exp3,,,,,mae,,,1.0715842155541393,0.34931532943400945,0.4416554765437378,0.0011671,,,,,0.1,9,,,,drift,0.6
,,,,,fixed_share,,,,,mae,,,0.3076302937912369,0.10321703193663824,0.1302612503997388,0.0010327,,,0.01,,,9,0.1,,,drift,0.6
,,,,,passive_aggressive,,,,,mae,,,0.2733030810529422,0.0898974413578447,0.11435979682989923,0.000156,,,,,,9,,1.0e12,0.1,drift,0.6
392012.2814983004,0.2476083,0,0.01,cholesky,adaptive_ridge,510,quadratic_stacked_beta,0.1987135,2.9404622154655664e-15,mae,0.0488948,5,0.20460248724394578,0.06947115174418177,0.08707238232101959,,,,,,,10,,,,drift,0.6
,8.68e-5,,0.01,,static_ridge,,,,,mae,,,0.18337713919608745,0.06196991442305564,0.07767722086541846,,,,,,,10,,,,drift,0.6
,,,,,rls,,,,,mae,,,0.17004056955274513,0.059348333179192685,0.07399032089690957,0.0354335,0.995,0.1,,,,10,,,,drift,0.6
,,,,,hedge,,,,,mae,,,0.36796505109810096,0.16423990635891147,0.18949570131723786,0.0009047,,,1.0,0,,10,,,,drift,0.6
,,,,,exp3,,,,,mae,,,0.742631238051137,0.16703792796429773,0.24351199835692838,0.0010175,,,,,0.1,10,,,,drift,0.6
,,,,,fixed_share,,,,,mae,,,0.3132655440905739,0.10431010535978015,0.13240686064572857,0.0010276,,,0.25,,,10,0.02,,,drift,0.6
,,,,,passive_aggressive,,,,,mae,,,0.17626680388007293,0.061274422544109065,0.07646026870228509,0.0001322,,,,,,10,,1.0e12,0.1,drift,0.6
27313.267410980112,0.3379734,0,0.1,cholesky,adaptive_ridge,510,quadratic_stacked_beta,0.1694461,2.456152817171879e-15,mae,0.1685273,5,0.27256381247162237,0.09279016381344449,0.11749661642324172,,,,,,,11,,,,drift,0.6
,9.01e-5,,0.01,,static_ridge,,,,,mae,,,0.24171487439018605,0.08165145695332189,0.1028547159011106,,,,,,,11,,,,drift,0.6
,,,,,rls,,,,,mae,,,0.23488104589708217,0.07940059214177783,0.0991459451003306,0.0025457,0.995,0.1,,,,11,,,,drift,0.6
,,,,,hedge,,,,,mae,,,0.33576662209551666,0.1278745082572458,0.15452373205875305,0.0023571,,,1.0,24,,11,,,,drift,0.6
,,,,,exp3,,,,,mae,,,0.8481125283115167,0.2604590676059489,0.3394559567512709,0.0015401,,,,,0.2,11,,,,drift,0.6
,,,,,fixed_share,,,,,mae,,,0.2764152519531573,0.09785474215224761,0.12190799461929029,0.0017971,,,0.05,,,11,0.01,,,drift,0.6
,,,,,passive_aggressive,,,,,mae,,,0.24383182392498307,0.08047233915318196,0.10158231178067488,0.0001631,,,,,,11,,1.0e12,0.1,drift,0.6
20924.73182513259,0.266689,0,0.1,cholesky,adaptive_ridge,510,quadratic_stacked_beta,0.2173177,2.4805696835358813e-15,mae,0.0493713,5,0.25074552914488696,0.08391740593031835,0.10577659693877663,,,,,,,12,,,,drift,0.6
,9.59e-5,,0.01,,static_ridge,,,,,mae,,,0.23694943861621617,0.07813803370448855,0.09938491747542982,,,,,,,12,,,,drift,0.6
,,,,,rls,,,,,mae,,,0.22129945756885186,0.07263974851793006,0.09257729043580265,0.0428929,0.995,0.1,,,,12,,,,drift,0.6
,,,,,hedge,,,,,mae,,,0.2666713236040601,0.0890715637486437,0.1118027160564724,0.000852,,,0.5,0,,12,,,,drift,0.6
,,,,,exp3,,,,,mae,,,0.8780861808537963,0.31052177481840365,0.37956090226099165,0.0012418,,,,,0.1,12,,,,drift,0.6
,,,,,fixed_share,,,,,mae,,,0.2668692967716083,0.08943896548763296,0.11233341319034751,0.0010871,,,0.01,,,12,0.02,,,drift,0.6
,,,,,passive_aggressive,,,,,mae,,,0.233326069671145,0.07396129783371999,0.09532318395593599,0.000166,,,,,,12,,1.0e12,0.1,drift,0.6
589305.0078045902,0.29351479999999996,0,0.01,cholesky,adaptive_ridge,510,quadratic_stacked_beta,0.1121405,2.4471851734714656e-15,mae,0.1813743,5,0.2517056601618415,0.08062670137128884,0.10209838294112256,,,,,,,13,,,,drift,0.6
,8.72e-5,,0.001,,static_ridge,,,,,mae,,,0.21754351505156502,0.07351958812036366,0.09263154112167457,,,,,,,13,,,,drift,0.6
,,,,,rls,,,,,mae,,,0.20603532897041008,0.06766364866660451,0.08533091033742256,0.0089016,0.995,0.1,,,,13,,,,drift,0.6
,,,,,hedge,,,,,mae,,,0.3137417643050717,0.11025417858581285,0.13732802805021654,0.0024792,,,0.01,0,,13,,,,drift,0.6
,,,,,exp3,,,,,mae,,,1.0213546883580307,0.35086380137671863,0.43188682214912605,0.0018794,,,,,0.1,13,,,,drift,0.6
,,,,,fixed_share,,,,,mae,,,0.2713732007721902,0.09174639916574837,0.11564279702573772,0.0009538,,,0.25,,,13,0.05,,,drift,0.6
,,,,,passive_aggressive,,,,,mae,,,0.2217337840502065,0.06890890252585839,0.08870536255332552,0.0001438,,,,,,13,,1.0e12,0.1,drift,0.6
23464.829512977383,0.1468663,0,0.1,cholesky,adaptive_ridge,510,quadratic_stacked_beta,0.0927586,1.8224443554624165e-15,mae,0.0541077,5,0.3536273340640912,0.1230641526109511,0.15397914497872858,,,,,,,14,,,,drift,0.6
,9.37e-5,,0.1,,static_ridge,,,,,mae,,,0.33745866111525286,0.11390654676128015,0.14348039025936785,,,,,,,14,,,,drift,0.6
,,,,,rls,,,,,mae,,,0.31823972840620685,0.10309145042288637,0.13158064778096742,0.0074129,0.98,1.0e-6,,,,14,,,,drift,0.6
,,,,,hedge,,,,,mae,,,0.3442009894537049,0.11924472407352084,0.1488477134507529,0.0017445,,,1.0,72,,14,,,,drift,0.6
,,,,,exp3,,,,,mae,,,1.0185959716309612,0.26312388840719914,0.360842538961402,0.0013879,,,,,0.2,14,,,,drift,0.6
,,,,,fixed_share,,,,,mae,,,0.31630473775996765,0.10863895020886676,0.1357675604126826,0.0010177,,,0.05,,,14,0.01,,,drift,0.6
,,,,,passive_aggressive,,,,,mae,,,0.3659582243985336,0.11071624286344248,0.14255243707857784,0.0001751,,,,,,14,,1.0e12,0.1,drift,0.6
81127.67721528,0.3248843,0,0.1,cholesky,adaptive_ridge,510,quadratic_stacked_beta,0.2746695,2.6343042580280468e-15,mae,0.0502148,5,0.35851434952993655,0.12174550942024621,0.15367246951890284,,,,,,,15,,,,drift,0.6
,8.37e-5,,0.1,,static_ridge,,,,,mae,,,0.33837838015550303,0.11697594814534022,0.1460342985858173,,,,,,,15,,,,drift,0.6
,,,,,rls,,,,,mae,,,0.3358468800310493,0.10449595967149458,0.1352483760725506,0.0025556,0.95,0.1,,,,15,,,,drift,0.6
,,,,,hedge,,,,,mae,,,0.4398129472628663,0.17726308608830427,0.2108774120790601,0.0010601,,,1.0,24,,15,,,,drift,0.6
,,,,,exp3,,,,,mae,,,1.1099617056553237,0.36981676333746194,0.4708476137655946,0.001252,,,,,0.1,15,,,,drift,0.6
,,,,,fixed_share,,,,,mae,,,0.4365522722929255,0.14153279190815024,0.18019811643590658,0.0011904,,,0.05,,,15,0.005,,,drift,0.6
,,,,,passive_aggressive,,,,,mae,,,0.39662769850992646,0.10974679852751758,0.14732568335465018,0.0001927,,,,,,15,,1.0e12,0.1,drift,0.6
43347.68702479006,0.0847124,0,0.1,cholesky,adaptive_ridge,510,quadratic_stacked_beta,0.0410265,2.5264721384638317e-15,mae,0.0436859,5,0.23537821741882672,0.08194723331607111,0.10271072724017813,,,,,,,16,,,,drift,0.6
,0.0001052,,0.01,,static_ridge,,,,,mae,,,0.22419043083320106,0.077529086729402,0.09739697113611318,,,,,,,16,,,,drift,0.6
,,,,,rls,,,,,mae,,,0.20779182345228578,0.07212013645030524,0.09023624514296825,0.0025876,0.995,0.1,,,,16,,,,drift,0.6
,,,,,hedge,,,,,mae,,,0.25785501638935254,0.09134902601259394,0.1132714641020325,0.0009198,,,0.01,0,,16,,,,drift,0.6
,,,,,exp3,,,,,mae,,,0.8621349117961614,0.23185521082201604,0.31241984751545554,0.001622,,,,,0.2,16,,,,drift,0.6
,,,,,fixed_share,,,,,mae,,,0.25829669545051714,0.09164000403347591,0.11358074746340252,0.1272076,,,0.01,,,16,0.1,,,drift,0.6
,,,,,passive_aggressive,,,,,mae,,,0.22458240224477768,0.07635932280268544,0.0958757561331855,0.0001593,,,,,,16,,1.0e12,0.1,drift,0.6
525666.5620864352,0.1161732,0,0.01,cholesky,adaptive_ridge,510,quadratic_stacked_beta,0.0705315,2.4480236746103055e-15,mae,0.0456417,5,0.24665658491921133,0.0802169451006363,0.10219051576594572,,,,,,,17,,,,drift,0.6
,8.99e-5,,0.01,,static_ridge,,,,,mae,,,0.21488671282260605,0.07205815678740257,0.09094951176481779,,,,,,,17,,,,drift,0.6
,,,,,rls,,,,,mae,,,0.19978784874577582,0.0666335756409435,0.0839344343940084,0.0026201,0.995,1.0e-6,,,,17,,,,drift,0.6
,,,,,hedge,,,,,mae,,,0.31172573133500486,0.12160073383873232,0.14675746632504189,0.0018993,,,1.0,24,,17,,,,drift,0.6
,,,,,exp3,,,,,mae,,,0.8483000907414748,0.29152036254228675,0.35834979012744494,0.0017739,,,,,0.05,17,,,,drift,0.6
,,,,,fixed_share,,,,,mae,,,0.23787197463507107,0.08040724362952888,0.10184922234818593,0.0017939,,,0.5,,,17,0.05,,,drift,0.6
,,,,,passive_aggressive,,,,,mae,,,0.20241404160966214,0.06972998819281101,0.08751331156545515,0.000149,,,,,,17,,1.0e12,0.1,drift,0.6
997421.4199956467,0.1377931,0,0.001,cholesky,adaptive_ridge,510,quadratic_stacked_beta,0.0903499,2.7966057364146693e-15,mae,0.0474432,5,0.22207830539607387,0.07676221384180162,0.09563520649740143,,,,,,,18,,,,drift,0.6
,9.46e-5,,0.01,,static_ridge,,,,,mae,,,0.18667664317537266,0.06493298646039723,0.08143351349110674,,,,,,,18,,,,drift,0.6
,,,,,rls,,,,,mae,,,0.17605597837111708,0.062427012540240454,0.07704380992563817,0.0071304,0.995,0.1,,,,18,,,,drift,0.6
,,,,,hedge,,,,,mae,,,0.279836084599646,0.08810590131508945,0.1132496090431113,0.0010087,,,1.0,336,,18,,,,drift,0.6
,,,,,exp3,,,,,mae,,,0.9946844473109485,0.3094188139349623,0.38034139023132246,0.0011627,,,,,0.2,18,,,,drift,0.6
,,,,,fixed_share,,,,,mae,,,0.2952692327489755,0.09169039722743752,0.11825708864676485,0.0213924,,,0.01,,,18,0.01,,,drift,0.6
,,,,,passive_aggressive,,,,,mae,,,0.18306362762975262,0.06157275254487865,0.07752598143796692,0.0001365,,,,,,18,,1.0e12,0.1,drift,0.6
48096.07480306621,0.1459057,0,0.01,cholesky,adaptive_ridge,510,quadratic_stacked_beta,0.0475817,1.4892073138476333e-15,mae,0.098324,5,0.2827261229172781,0.09536685183876789,0.1196639414196281,,,,,,,19,,,,drift,0.6
,9.25e-5,,0.01,,static_ridge,,,,,mae,,,0.28205867514831806,0.10590967753810113,0.12885270267433346,,,,,,,19,,,,drift,0.6
,,,,,rls,,,,,mae,,,0.23119115129039766,0.0796860979957004,0.09945394866439865,0.0025549,0.98,0.01,,,,19,,,,drift,0.6
,,,,,hedge,,,,,mae,,,0.30369666516383,0.1083710984653106,0.13425060748416648,0.0031454,,,1.0,72,,19,,,,drift,0.6
,,,,,exp3,,,,,mae,,,0.8419629826590602,0.29986209123113594,0.36398176612481326,0.0015437,,,,,0.1,19,,,,drift,0.6
,,,,,fixed_share,,,,,mae,,,0.3147864244973929,0.11330717590356364,0.14013758851460792,0.001792,,,0.1,,,19,0.05,,,drift,0.6
,,,,,passive_aggressive,,,,,mae,,,0.24073919027749824,0.08158760517535703,0.10263741914061582,0.0001831,,,,,,19,,1.0e12,0.1,drift,0.6
646364.3702388396,0.2881133,0,0.0001,cholesky,adaptive_ridge,510,quadratic_stacked_beta,0.1835259,1.911032150754671e-15,mae,0.1045874,5,0.21703568867114906,0.07210002387622161,0.09152223400947732,,,,,,,20,,,,drift,0.6
,0.0002377,,0.0001,,static_ridge,,,,,mae,,,0.14851538701627653,0.04940534404086732,0.06297545391119909,,,,,,,20,,,,drift,0.6
,,,,,rls,,,,,mae,,,0.14084768621941354,0.04628259361639866,0.05856493277190173,0.0078225,0.995,1.0e-6,,,,20,,,,drift,0.6
,,,,,hedge,,,,,mae,,,0.31480138013603115,0.10918252892802201,0.13604453305086706,0.0008646,,,0.01,0,,20,,,,drift,0.6
,,,,,exp3,,,,,mae,,,0.8942115895422856,0.30470131345988694,0.3816667672544026,0.0011351,,,,,0.1,20,,,,drift,0.6
,,,,,fixed_share,,,,,mae,,,0.3144213786449226,0.10911608309079053,0.1360602089375473,0.0014439,,,0.01,,,20,0.05,,,drift,0.6
,,,,,passive_aggressive,,,,,mae,,,0.15246558454332595,0.05307284077401923,0.06616882746643374,0.0001398,,,,,,20,,1.0e12,0.1,drift,0.6
39319.175292711356,0.2204576,0,0.1,cholesky,adaptive_ridge,510,quadratic_stacked_beta,0.1689884,2.0680506163521175e-15,mae,0.0514692,5,0.2113899988315622,0.07331477157009463,0.09086420852183875,,,,,,,4,,,,history,3000.0
,0.0001185,,0.01,,static_ridge,,,,,mae,,,0.18305703403122844,0.06543343211117121,0.08124382655340028,,,,,,,4,,,,history,3000.0
,,,,,rls,,,,,mae,,,0.1729215356026235,0.06225860870364822,0.07737202808024217,0.0099858,0.995,0.1,,,,4,,,,history,3000.0
,,,,,hedge,,,,,mae,,,0.2385230617138908,0.08067992992718755,0.10109131965642709,0.0560906,,,1.0,24,,4,,,,history,3000.0
,,,,,exp3,,,,,mae,,,0.8289061760135936,0.26746329550934855,0.33723060312691494,0.0019947,,,,,0.1,4,,,,history,3000.0
,,,,,fixed_share,,,,,mae,,,0.20868528516558588,0.07227086856801361,0.09024922237212511,0.0028533,,,0.05,,,4,0.02,,,history,3000.0
,,,,,passive_aggressive,,,,,mae,,,0.19400056838862428,0.06502214748457769,0.0821867458015513,0.0001298,,,,,,4,,1.0e12,0.1,history,3000.0
203738.06506295642,0.1795911,0,0.01,cholesky,adaptive_ridge,510,quadratic_stacked_beta,0.0772967,1.7070013957094168e-15,mae,0.1022944,5,0.19580497788072102,0.06377617910339586,0.08097549101110753,,,,,,,22,,,,drift,0.6
,0.0001053,,0.001,,static_ridge,,,,,mae,,,0.16620344074926682,0.055260513050564744,0.07004370938370677,,,,,,,22,,,,drift,0.6
,,,,,rls,,,,,mae,,,0.1569635042021792,0.050798237932352885,0.06478759792371168,0.0090977,0.995,0.1,,,,22,,,,drift,0.6
,,,,,hedge,,,,,mae,,,0.2600590102768942,0.08309683139891773,0.10601296246904542,0.1825697,,,1.0,24,,22,,,,drift,0.6
,,,,,exp3,,,,,mae,,,0.7426881092630074,0.22285547131844713,0.28226423645217014,0.0016515,,,,,0.1,22,,,,drift,0.6
,,,,,fixed_share,,,,,mae,,,0.17890612362833955,0.056987831271979886,0.07305005855329899,0.0009605,,,0.05,,,22,0.005,,,drift,0.6
,,,,,passive_aggressive,,,,,mae,,,0.1732627372520735,0.05623437586072415,0.07186757685824514,0.0001368,,,,,,22,,1.0e12,0.1,drift,0.6
1.4269237607080305e6,0.4883988,0,0.001,cholesky,adaptive_ridge,510,quadratic_stacked_beta,0.3910224,2.880401942885502e-15,mae,0.0973764,5,0.1635352341019267,0.056840596730200636,0.07043260427173875,,,,,,,23,,,,drift,0.6
,0.0001655,,0.0001,,static_ridge,,,,,mae,,,0.1467424289043505,0.049795857227610346,0.06288133631741442,,,,,,,23,,,,drift,0.6
,,,,,rls,,,,,mae,,,0.12712865116266203,0.044946660774287224,0.05623110724486588,0.0087426,0.995,0.1,,,,23,,,,drift,0.6
,,,,,hedge,,,,,mae,,,0.3590486280286612,0.13554937385704838,0.16477724540136449,0.0011125,,,1.0,336,,23,,,,drift,0.6
,,,,,exp3,,,,,mae,,,0.8700940955510887,0.24500000569900673,0.32896211588168495,0.0014828,,,,,0.1,23,,,,drift,0.6
,,,,,fixed_share,,,,,mae,,,0.28443567095987554,0.09738815626688847,0.12206001651325667,0.0018562,,,0.25,,,23,0.02,,,drift,0.6
,,,,,passive_aggressive,,,,,mae,,,0.1376968549552986,0.05022400197489401,0.062115094162316226,0.0001397,,,,,,23,,1.0e12,0.1,drift,0.6
288548.84812075493,0.1013902,0,0.01,cholesky,adaptive_ridge,510,quadratic_stacked_beta,0.0497652,2.393335056432322e-15,mae,0.051625,5,0.23868007837108307,0.08031091299351897,0.10021312471638455,,,,,,,24,,,,drift,0.6
,0.00013,,0.0001,,static_ridge,,,,,mae,,,0.2808665424790521,0.09592824217460236,0.12029208805053318,,,,,,,24,,,,drift,0.6
,,,,,rls,,,,,mae,,,0.20529861612083417,0.06611971090659327,0.08395470563048452,0.0025452,0.99,0.1,,,,24,,,,drift,0.6
,,,,,hedge,,,,,mae,,,0.24141831809638312,0.0818586784681354,0.1025696158107002,0.000806,,,1.0,0,,24,,,,drift,0.6
,,,,,exp3,,,,,mae,,,0.8857409126693281,0.2765015632437704,0.3529994308303281,0.0166752,,,,,0.1,24,,,,drift,0.6
,,,,,fixed_share,,,,,mae,,,0.24147617634490218,0.07850882801113537,0.09987161702865414,0.0020235,,,0.1,,,24,0.02,,,drift,0.6
,,,,,passive_aggressive,,,,,mae,,,0.23072025503158222,0.0706855354851564,0.09145348304959422,0.0001502,,,,,,24,,1.0e12,0.1,drift,0.6
87217.55083675706,0.0927702,0,0.1,cholesky,adaptive_ridge,510,quadratic_stacked_beta,0.0437913,1.6395274135794296e-15,mae,0.0489789,5,0.2889835753067835,0.09848761688011946,0.12361148877700719,,,,,,,25,,,,drift,0.6
,8.6e-5,,0.1,,static_ridge,,,,,mae,,,0.25682462451031113,0.08720408732590709,0.10925689550017398,,,,,,,25,,,,drift,0.6
,,,,,rls,,,,,mae,,,0.2343790797542432,0.07451456599509093,0.09518476753754346,0.0026741,0.95,0.0001,,,,25,,,,drift,0.6
,,,,,hedge,,,,,mae,,,0.3549138337974286,0.16719196869519476,0.18886701541577927,0.0023074,,,1.0,336,,25,,,,drift,0.6
,,,,,exp3,,,,,mae,,,0.8782996229292618,0.34893072054470076,0.4106359277316349,0.0028784,,,,,0.05,25,,,,drift,0.6
,,,,,fixed_share,,,,,mae,,,0.31918570538375846,0.14020220445162276,0.16168839018965714,0.0021142,,,0.05,,,25,0.01,,,drift,0.6
,,,,,passive_aggressive,,,,,mae,,,0.2678919027527156,0.08225210364422239,0.10588697191066429,0.0001894,,,,,,25,,1.0e12,0.1,drift,0.6
19465.12450349319,0.0943512,0,0.1,cholesky,adaptive_ridge,510,quadratic_stacked_beta,0.0449686,2.301538120267108e-15,mae,0.0493826,5,0.2907631322956752,0.0950870074121985,0.12101512554176846,,,,,,,26,,,,drift,0.6
,9.31e-5,,0.001,,static_ridge,,,,,mae,,,0.27286544495481063,0.0918212962448433,0.11688566399465643,,,,,,,26,,,,drift,0.6
,,,,,rls,,,,,mae,,,0.25362174253134667,0.08595533569389574,0.10778564100258582,0.0075749,0.95,0.1,,,,26,,,,drift,0.6
,,,,,hedge,,,,,mae,,,0.4259452887658543,0.20696382960820614,0.23074681001280647,0.0009781,,,1.0,24,,26,,,,drift,0.6
,,,,,exp3,,,,,mae,,,1.0417269608862572,0.3200650733800364,0.4116994102849933,0.0011621,,,,,0.2,26,,,,drift,0.6
,,,,,fixed_share,,,,,mae,,,0.4086970167629208,0.16428879309002328,0.19413175631661533,0.0018625,,,0.25,,,26,0.05,,,drift,0.6
,,,,,passive_aggressive,,,,,mae,,,0.2608617730576406,0.0880322379221726,0.11084033651057239,0.0001535,,,,,,26,,1.0e12,0.1,drift,0.6
445912.3652561014,0.10693949999999999,0,0.01,cholesky,adaptive_ridge,510,quadratic_stacked_beta,0.0547603,2.5993098387441027e-15,mae,0.0521792,5,0.2037531731484445,0.06477448640145676,0.08312808285179979,,,,,,,27,,,,drift,0.6
,0.0001301,,0.0001,,static_ridge,,,,,mae,,,0.1690795324440034,0.057263922169820645,0.07221291198855485,,,,,,,27,,,,drift,0.6
,,,,,rls,,,,,mae,,,0.1492982673001966,0.04838063196920241,0.061360055585599066,0.0025714,0.995,1.0e-6,,,,27,,,,drift,0.6
,,,,,hedge,,,,,mae,,,0.25183096927068915,0.08666547794700262,0.10842941229451146,0.0016191,,,1.0,0,,27,,,,drift,0.6
,,,,,exp3,,,,,mae,,,0.7421069924803385,0.16186495793148195,0.24045678406658413,0.0016119,,,,,0.1,27,,,,drift,0.6
,,,,,fixed_share,,,,,mae,,,0.23050231413286604,0.07811197741405708,0.09804796776141453,0.0011726,,,1.0,,,27,0.1,,,drift,0.6
,,,,,passive_aggressive,,,,,mae,,,0.16241755278856757,0.05346902384505643,0.0673274957401491,0.0001442,,,,,,27,,1.0e12,0.1,drift,0.6
153069.11964528877,0.1370026,0,0.01,cholesky,adaptive_ridge,510,quadratic_stacked_beta,0.0487244,2.0292071466120036e-15,mae,0.0882782,5,0.23211204618013276,0.0796185807235691,0.09926214744110405,,,,,,,28,,,,drift,0.6
,8.75e-5,,0.01,,static_ridge,,,,,mae,,,0.19544268309836194,0.0656315257558032,0.08279998979032438,,,,,,,28,,,,drift,0.6
,,,,,rls,,,,,mae,,,0.18575565499035349,0.0637841709238354,0.07974982945109295,0.0025659,0.995,1.0e-6,,,,28,,,,drift,0.6
,,,,,hedge,,,,,mae,,,0.2871511777352982,0.10179763858565676,0.12641806926000326,0.0017848,,,1.0,72,,28,,,,drift,0.6
,,,,,exp3,,,,,mae,,,0.755196014437395,0.1626039744181958,0.24247530905030024,0.0017195,,,,,0.1,28,,,,drift,0.6
,,,,,fixed_share,,,,,mae,,,0.19373821553284296,0.06585164089931836,0.0828033956525621,0.001909,,,0.05,,,28,0.005,,,drift,0.6
,,,,,passive_aggressive,,,,,mae,,,0.2043914148337825,0.06801981392935247,0.08576554746109429,0.0001561,,,,,,28,,1.0e12,0.1,drift,0.6
44735.88014768209,0.0935347,0,0.1,cholesky,adaptive_ridge,510,quadratic_stacked_beta,0.041744,2.720365014351558e-15,mae,0.0517907,5,0.24640282860825036,0.08207268401075117,0.10323077593828761,,,,,,,29,,,,drift,0.6
,9.44e-5,,0.01,,static_ridge,,,,,mae,,,0.23109852819780458,0.07816364179406131,0.09770230685314718,,,,,,,29,,,,drift,0.6
,,,,,rls,,,,,mae,,,0.19686055651041984,0.07039932751127749,0.08727750830165608,0.1350066,0.995,0.1,,,,29,,,,drift,0.6
,,,,,hedge,,,,,mae,,,0.26102363827517017,0.08801920267477624,0.11014229909888096,0.0009505,,,1.0,336,,29,,,,drift,0.6
,,,,,exp3,,,,,mae,,,0.9215369210842124,0.23810707464105232,0.32400842059562696,0.0009081,,,,,0.2,29,,,,drift,0.6
,,,,,fixed_share,,,,,mae,,,0.2634380005829909,0.08805089272094914,0.11051863913468014,0.0009034,,,0.01,,,29,0.005,,,drift,0.6
,,,,,passive_aggressive,,,,,mae,,,0.19942757873366962,0.06983912717832653,0.08710892902173599,0.0001499,,,,,,29,,1.0e12,0.1,drift,0.6
24997.183274807554,0.2325927,0,0.1,cholesky,adaptive_ridge,510,quadratic_stacked_beta,0.0549211,2.071997573877023e-15,mae,0.1776716,5,0.26610886520107835,0.0907500343376268,0.11402271480447446,,,,,,,30,,,,drift,0.6
,8.13e-5,,0.01,,static_ridge,,,,,mae,,,0.28498362600764515,0.11257275739230614,0.13440671533335194,,,,,,,30,,,,drift,0.6
,,,,,rls,,,,,mae,,,0.22346779632115824,0.07388308425313399,0.09342565723038831,0.0024816,0.99,0.0001,,,,30,,,,drift,0.6
,,,,,hedge,,,,,mae,,,0.39192283041723824,0.15616367615047064,0.18473876133301173,0.0010466,,,1.0,24,,30,,,,drift,0.6
,,,,,exp3,,,,,mae,,,1.007610658292808,0.3269208062697217,0.4145246533860025,0.0012546,,,,,0.1,30,,,,drift,0.6
,,,,,fixed_share,,,,,mae,,,0.2961638420543598,0.10150281891543043,0.12749384945016626,0.0018954,,,0.1,,,30,0.02,,,drift,0.6
,,,,,passive_aggressive,,,,,mae,,,0.23828036899296848,0.07773691626466242,0.09880414043687151,0.0001565,,,,,,30,,1.0e12,0.1,drift,0.6
354066.6594144225,0.0924759,0,0.01,cholesky,adaptive_ridge,510,quadratic_stacked_beta,0.0429009,3.0413847330108088e-15,mae,0.049575,5,0.3048889868655809,0.09656674612057656,0.12386039181566774,,,,,,,1,,,,drift,0.8
,8.5e-5,,0.01,,static_ridge,,,,,mae,,,0.2625350896159425,0.08668987572775562,0.11020232437222124,,,,,,,1,,,,drift,0.8
,,,,,rls,,,,,mae,,,0.23374652688818645,0.0745546625262045,0.0948831394314555,0.0027937,0.995,0.1,,,,1,,,,drift,0.8
,,,,,hedge,,,,,mae,,,0.5263309767701471,0.25105837570608697,0.28054196609448934,0.0020094,,,1.0,24,,1,,,,drift,0.8
,,,,,exp3,,,,,mae,,,1.062101304388686,0.3006528697970104,0.39920074500948494,0.0010407,,,,,0.1,1,,,,drift,0.8
,,,,,fixed_share,,,,,mae,,,0.39902243547346006,0.1374752681403068,0.1713371063634074,0.0008679,,,1.0,,,1,0.1,,,drift,0.8
,,,,,passive_aggressive,,,,,mae,,,0.22898999156841376,0.0743619199272535,0.09452215995447304,0.0001399,,,,,,1,,1.0e12,0.1,drift,0.8
82368.5173773422,0.2439027,0,0.1,cholesky,adaptive_ridge,510,quadratic_stacked_beta,0.1956052,2.755778459826841e-15,mae,0.0482975,5,0.31974882383956815,0.11080679682823281,0.13917482334896464,,,,,,,2,,,,drift,0.8
,9.26e-5,,0.01,,static_ridge,,,,,mae,,,0.29326732079405365,0.10124326237701053,0.1256114683793115,,,,,,,2,,,,drift,0.8
,,,,,rls,,,,,mae,,,0.2766432161698333,0.09688217683613799,0.11984131313590006,0.0027096,0.995,0.1,,,,2,,,,drift,0.8
,,,,,hedge,,,,,mae,,,0.3110487823116364,0.1054234648616049,0.1313745019857154,0.0025399,,,0.5,336,,2,,,,drift,0.8
,,,,,exp3,,,,,mae,,,1.2813101689594277,0.4135972611599499,0.5316384883109065,0.0021575,,,,,0.2,2,,,,drift,0.8
,,,,,fixed_share,,,,,mae,,,0.31805940971974556,0.10739751169943829,0.13413036657278968,0.0021806,,,0.01,,,2,0.01,,,drift,0.8
,,,,,passive_aggressive,,,,,mae,,,0.27976187725747165,0.09290833641411586,0.11702712357370869,0.0001684,,,,,,2,,1.0e12,0.1,drift,0.8
833051.379258621,0.13591920000000002,0,0.01,cholesky,adaptive_ridge,510,quadratic_stacked_beta,0.0865921,2.822829975584839e-15,mae,0.0493271,5,0.27934491514370124,0.09017555396620427,0.11482946521876332,,,,,,,3,,,,drift,0.8
,9.49e-5,,0.01,,static_ridge,,,,,mae,,,0.2949021340385371,0.10357210001161608,0.1275940642826367,,,,,,,3,,,,drift,0.8
,,,,,rls,,,,,mae,,,0.21622737978648807,0.06972394808687385,0.08902175235721484,0.0025538,0.99,0.1,,,,3,,,,drift,0.8
,,,,,hedge,,,,,mae,,,0.3958062495318525,0.1555064496683583,0.18546115979821554,0.0010536,,,1.0,72,,3,,,,drift,0.8
,,,,,exp3,,,,,mae,,,0.9636044241897186,0.21443549138743917,0.3229954648579016,0.0249574,,,,,0.1,3,,,,drift,0.8
,,,,,fixed_share,,,,,mae,,,0.29383102163161245,0.09946274776724638,0.12539395059705918,0.0010481,,,0.25,,,3,0.01,,,drift,0.8
,,,,,passive_aggressive,,,,,mae,,,0.23145020921744994,0.07440681336453292,0.09508715481950149,0.0001414,,,,,,3,,1.0e12,0.1,drift,0.8
37321.2711675755,0.2145965,0,0.1,cholesky,adaptive_ridge,510,quadratic_stacked_beta,0.1555367,2.6736474463667457e-15,mae,0.0590598,5,0.2961647982720715,0.10158866434032689,0.12695604081403014,,,,,,,4,,,,drift,0.8
,0.0001219,,0.0001,,static_ridge,,,,,mae,,,0.24695837595551695,0.08757226231513511,0.10874269101664909,,,,,,,4,,,,drift,0.8
,,,,,rls,,,,,mae,,,0.22865252105924547,0.08176794559984876,0.10188395114937922,0.0094326,0.995,0.1,,,,4,,,,drift,0.8
,,,,,hedge,,,,,mae,,,0.29745639894632364,0.10064069533548763,0.1261756689626403,0.0023543,,,1.0,168,,4,,,,drift,0.8
,,,,,exp3,,,,,mae,,,1.1729265026576439,0.3202151494231348,0.4228700852913173,0.001839,,,,,0.1,4,,,,drift,0.8
,,,,,fixed_share,,,,,mae,,,0.28355841204592985,0.09660954056814017,0.12176118862618848,0.0014129,,,0.05,,,4,0.02,,,drift,0.8
,,,,,passive_aggressive,,,,,mae,,,0.242876644076607,0.08305471181065378,0.1046174449475718,0.0001616,,,,,,4,,1.0e12,0.1,drift,0.8
1.5331256139633646e6,0.2008575,0,0.01,cholesky,adaptive_ridge,510,quadratic_stacked_beta,0.0859654,2.343066282240653e-15,mae,0.1148921,5,0.2196135114323593,0.0739902354507722,0.09292330816849403,,,,,,,5,,,,drift,0.8
,0.0001546,,0.001,,static_ridge,,,,,mae,,,0.18179220004845106,0.06270133028130663,0.07825673205183194,,,,,,,5,,,,drift,0.8
,,,,,rls,,,,,mae,,,0.16634758110587114,0.05822677141673971,0.07261327977227215,0.358498,0.995,0.1,,,,5,,,,drift,0.8
,,,,,hedge,,,,,mae,,,0.278434333312288,0.09434136509437062,0.11946800075950195,0.0007923,,,0.25,0,,5,,,,drift,0.8
,,,,,exp3,,,,,mae,,,0.9108988050862383,0.25351282201641734,0.3358991919739099,0.001222,,,,,0.1,5,,,,drift,0.8
,,,,,fixed_share,,,,,mae,,,0.21117859110402407,0.07235342381446432,0.09115046397966824,0.0009307,,,0.05,,,5,0.01,,,drift,0.8
,,,,,passive_aggressive,,,,,mae,,,0.1885438625846983,0.06532512597875284,0.08057160303394417,0.0002356,,,,,,5,,1.0e12,0.1,drift,0.8
41368.77567967001,0.10230700000000001,0,0.1,cholesky,adaptive_ridge,510,quadratic_stacked_beta,0.0510663,2.7765880399607833e-15,mae,0.0512407,5,0.44380455039366884,0.14522072511968478,0.18231711586312843,,,,,,,6,,,,drift,0.8
,9.67e-5,,0.01,,static_ridge,,,,,mae,,,0.41376524819763943,0.13885489078486146,0.17427120829147838,,,,,,,6,,,,drift,0.8
,,,,,rls,,,,,mae,,,0.35195256133087227,0.1119108498659517,0.14225180183123004,0.0052738,0.95,0.0001,,,,6,,,,drift,0.8
,,,,,hedge,,,,,mae,,,0.4990639432232722,0.1777909829442777,0.22037765347365024,0.0010669,,,1.0,24,,6,,,,drift,0.8
,,,,,exp3,,,,,mae,,,1.2650911018205049,0.48665672143082633,0.5802568261920684,0.0009948,,,,,0.1,6,,,,drift,0.8
,,,,,fixed_share,,,,,mae,,,0.4932996683763246,0.15710368501747676,0.20094830211092757,0.000798,,,0.05,,,6,0.005,,,drift,0.8
,,,,,passive_aggressive,,,,,mae,,,0.37137093456331544,0.10695284672610268,0.14017098090948812,0.0001839,,,,,,6,,1.0e12,0.1,drift,0.8
17309.589740745378,0.0970856,0,0.1,cholesky,adaptive_ridge,510,quadratic_stacked_beta,0.0439715,2.411280714993153e-15,mae,0.0531141,5,0.3175556806609422,0.11191093372073879,0.14005888463165986,,,,,,,7,,,,drift,0.8
,9.0e-5,,0.01,,static_ridge,,,,,mae,,,0.2920365238164097,0.09898135490991929,0.12446103366558423,,,,,,,7,,,,drift,0.8
,,,,,rls,,,,,mae,,,0.2702975592790211,0.09188534394853151,0.11562135482601332,0.0028738,0.995,0.1,,,,7,,,,drift,0.8
,,,,,hedge,,,,,mae,,,0.31050784167708445,0.10570166077828562,0.13309316592027015,0.0012183,,,0.1,0,,7,,,,drift,0.8
,,,,,exp3,,,,,mae,,,1.113894768904344,0.39373300806640565,0.4802986284264081,0.0011873,,,,,0.1,7,,,,drift,0.8
,,,,,fixed_share,,,,,mae,,,0.3101781721740662,0.10587519274744482,0.13321290814397058,0.0010097,,,0.01,,,7,0.1,,,drift,0.8
,,,,,passive_aggressive,,,,,mae,,,0.26234562487925056,0.08959722086082682,0.11214985025862291,0.0001873,,,,,,7,,1.0e12,0.1,drift,0.8
164061.628136496,0.3134091,0,0.01,cholesky,adaptive_ridge,510,quadratic_stacked_beta,0.2610275,2.262207118772674e-15,mae,0.0523816,5,0.2890167860346367,0.09564410363251524,0.12035848253328106,,,,,,,8,,,,drift,0.8
,0.0001524,,0.0001,,static_ridge,,,,,mae,,,0.2310644563446177,0.08094665902559102,0.10064226392406829,,,,,,,8,,,,drift,0.8
,,,,,rls,,,,,mae,,,0.22634656941436831,0.07866321508823637,0.0974660051089768,0.0046081,0.995,0.1,,,,8,,,,drift,0.8
,,,,,hedge,,,,,mae,,,0.35243279519938125,0.11413522334093008,0.14507931618211248,0.0028851,,,0.01,24,,8,,,,drift,0.8
,,,,,exp3,,,,,mae,,,1.1461233993362827,0.4033184952524538,0.49676247642103427,0.0010666,,,,,0.2,8,,,,drift,0.8
,,,,,fixed_share,,,,,mae,,,0.3542055990863915,0.11481872714411556,0.1459285468511373,0.0010194,,,0.01,,,8,0.1,,,drift,0.8
,,,,,passive_aggressive,,,,,mae,,,0.2219559100428885,0.0797924293385619,0.09845038091146154,0.000153,,,,,,8,,1.0e12,0.1,drift,0.8
19261.198462073524,0.2118354,0,0.1,cholesky,adaptive_ridge,510,quadratic_stacked_beta,0.1534104,2.7407416741502703e-15,mae,0.058425,5,0.35406911388394474,0.11828231229638993,0.14901742046617283,,,,,,,9,,,,drift,0.8
,9.39e-5,,0.1,,static_ridge,,,,,mae,,,0.3319175984861765,0.11654097452782362,0.1448663215827115,,,,,,,9,,,,drift,0.8
,,,,,rls,,,,,mae,,,0.31248535333037325,0.10591278114591123,0.13377479703111295,0.0025762,0.995,0.1,,,,9,,,,drift,0.8
,,,,,hedge,,,,,mae,,,0.347748594965595,0.11554957409058979,0.146410181070072,0.0017438,,,0.01,0,,9,,,,drift,0.8
,,,,,exp3,,,,,mae,,,1.3812684056271285,0.42008583738327293,0.5379117901784661,0.1360081,,,,,0.1,9,,,,drift,0.8
,,,,,fixed_share,,,,,mae,,,0.348811360993965,0.11573154000197917,0.14674878866119623,0.0010201,,,0.01,,,9,0.1,,,drift,0.8
,,,,,passive_aggressive,,,,,mae,,,0.3057124648979188,0.09962884365048617,0.12661892589423207,0.0002632,,,,,,9,,1.0e12,0.1,drift,0.8
86658.17452263193,0.0991421,0,0.1,cholesky,adaptive_ridge,510,quadratic_stacked_beta,0.046053,2.740731337726541e-15,mae,0.0530891,5,0.23536118663219313,0.0792151637140258,0.09948237556119376,,,,,,,10,,,,drift,0.8
,9.54e-5,,0.01,,static_ridge,,,,,mae,,,0.2098091010200477,0.07027481607330256,0.08843602283049685,,,,,,,10,,,,drift,0.8
,,,,,rls,,,,,mae,,,0.1885705401623128,0.06703095561129478,0.08320256574109013,0.0082265,0.995,0.1,,,,10,,,,drift,0.8
,,,,,hedge,,,,,mae,,,0.42754109447577704,0.198769563167496,0.2263542796878024,0.002003,,,1.0,336,,10,,,,drift,0.8
,,,,,exp3,,,,,mae,,,0.8575193111539892,0.1929457320969072,0.28005254986395106,0.0010551,,,,,0.1,10,,,,drift,0.8
,,,,,fixed_share,,,,,mae,,,0.32615912210739395,0.10792862504230082,0.13756628354464864,0.0008738,,,0.1,,,10,0.01,,,drift,0.8
,,,,,passive_aggressive,,,,,mae,,,0.19960896325369404,0.06765622094735818,0.08489799630313767,0.0001557,,,,,,10,,1.0e12,0.1,drift,0.8
22049.36203779976,0.6316237,0,0.1,cholesky,adaptive_ridge,510,quadratic_stacked_beta,0.584806,2.9300809536432542e-15,mae,0.0468177,5,0.3144935240811348,0.10554574124290457,0.13373600353771842,,,,,,,11,,,,drift,0.8
,8.89e-5,,0.1,,static_ridge,,,,,mae,,,0.2843184409112825,0.09439400484773917,0.11867422891767243,,,,,,,11,,,,drift,0.8
,,,,,rls,,,,,mae,,,0.2734338256932762,0.09151045330398787,0.11456211480357929,0.0041316,0.995,0.1,,,,11,,,,drift,0.8
,,,,,hedge,,,,,mae,,,0.37233063089234264,0.14076677113216401,0.17072719104926068,0.0012382,,,1.0,24,,11,,,,drift,0.8
,,,,,exp3,,,,,mae,,,1.049107429610641,0.3077846689128745,0.40309243341352474,0.0010998,,,,,0.2,11,,,,drift,0.8
,,,,,fixed_share,,,,,mae,,,0.2973172512644319,0.10292687207984018,0.12964671242286863,0.001874,,,0.05,,,11,0.01,,,drift,0.8
,,,,,passive_aggressive,,,,,mae,,,0.2833800038527993,0.0915732625649048,0.11613156603636623,0.0001898,,,,,,11,,1.0e12,0.1,drift,0.8
20117.919994950982,0.0982506,0,0.1,cholesky,adaptive_ridge,510,quadratic_stacked_beta,0.0422334,2.77886068475868e-15,mae,0.0560172,5,0.28356656834562605,0.09510827194196167,0.12051350055466001,,,,,,,12,,,,drift,0.8
,9.68e-5,,0.01,,static_ridge,,,,,mae,,,0.2767226519829397,0.09164868345475541,0.11645364481711161,,,,,,,12,,,,drift,0.8
,,,,,rls,,,,,mae,,,0.2524456498520329,0.08321385597707849,0.10617751352020649,0.0108486,0.995,0.1,,,,12,,,,drift,0.8
,,,,,hedge,,,,,mae,,,0.30949692203384843,0.10169227789847209,0.12867819038388534,0.0007925,,,0.25,0,,12,,,,drift,0.8
,,,,,exp3,,,,,mae,,,1.0934584429295429,0.3815331611974991,0.46516033233244536,0.0014142,,,,,0.1,12,,,,drift,0.8
,,,,,fixed_share,,,,,mae,,,0.30776999452476256,0.1018519479140518,0.128691924627757,0.0010646,,,0.01,,,12,0.05,,,drift,0.8
,,,,,passive_aggressive,,,,,mae,,,0.25943388464618355,0.08176209869849259,0.1051633968802385,0.0001767,,,,,,12,,1.0e12,0.1,drift,0.8
82097.49465851038,0.6602257,0,0.1,cholesky,adaptive_ridge,510,quadratic_stacked_beta,0.6103231,2.920956500464452e-15,mae,0.0499026,5,0.3116581298544282,0.10459894963237959,0.1325407583208596,,,,,,,13,,,,drift,0.8
,9.08e-5,,0.01,,static_ridge,,,,,mae,,,0.2774610224048521,0.09273890332321956,0.1175049417933646,,,,,,,13,,,,drift,0.8
,,,,,rls,,,,,mae,,,0.26147164754381813,0.0852159600886456,0.10789980416686148,0.0102181,0.98,1.0e-6,,,,13,,,,drift,0.8
,,,,,hedge,,,,,mae,,,0.3707326985382896,0.12929738817426983,0.16126477845047385,0.001724,,,0.01,0,,13,,,,drift,0.8
,,,,,exp3,,,,,mae,,,1.3323935167984267,0.4243715526566869,0.5319159627868283,0.0018458,,,,,0.1,13,,,,drift,0.8
,,,,,fixed_share,,,,,mae,,,0.3217063778063235,0.10549627441536215,0.13442619286057764,0.0009442,,,0.1,,,13,0.02,,,drift,0.8
,,,,,passive_aggressive,,,,,mae,,,0.2801148656841335,0.08492965269747631,0.11005368568605023,0.0001385,,,,,,13,,1.0e12,0.1,drift,0.8
16746.44772118144,1.1820251000000002,0,0.1,cholesky,adaptive_ridge,510,quadratic_stacked_beta,0.4968133,2.3672548393405575e-15,mae,0.6852118,5,0.40949474452805323,0.14386604938515846,0.17892676227222132,,,,,,,14,,,,drift,0.8
,9.02e-5,,0.1,,static_ridge,,,,,mae,,,0.38702673569601004,0.13032722895400473,0.16438122191927543,,,,,,,14,,,,drift,0.8
,,,,,rls,,,,,mae,,,0.3583268361430072,0.11757962030045645,0.14984370323664065,0.0091804,0.98,1.0e-6,,,,14,,,,drift,0.8
,,,,,hedge,,,,,mae,,,0.376128999613276,0.13031907235177673,0.1627401559303546,0.0038053,,,1.0,168,,14,,,,drift,0.8
,,,,,exp3,,,,,mae,,,1.2008269354756056,0.35580362095428764,0.463303036893159,0.0020855,,,,,0.2,14,,,,drift,0.8
,,,,,fixed_share,,,,,mae,,,0.37221737944918876,0.1256016454822946,0.15808141377881507,0.0008561,,,0.1,,,14,0.02,,,drift,0.8
,,,,,passive_aggressive,,,,,mae,,,0.4094526711236833,0.12485391333789235,0.16079356233993944,0.0001839,,,,,,14,,1.0e12,0.1,drift,0.8
88453.99052162336,0.1928168,0,0.1,cholesky,adaptive_ridge,510,quadratic_stacked_beta,0.1414197,2.9281063468006906e-15,mae,0.0513971,5,0.40524342686479103,0.13769351438855315,0.1732386744111476,,,,,,,15,,,,drift,0.8
,9.23e-5,,0.1,,static_ridge,,,,,mae,,,0.3870729518364607,0.13503386669870196,0.16824223685005346,,,,,,,15,,,,drift,0.8
,,,,,rls,,,,,mae,,,0.36409832425212363,0.11157023216422525,0.14440714156927434,0.4102217,0.95,1.0e-6,,,,15,,,,drift,0.8
,,,,,hedge,,,,,mae,,,0.4744018533960366,0.1763427966509578,0.21542344251507417,0.0022052,,,1.0,24,,15,,,,drift,0.8
,,,,,exp3,,,,,mae,,,1.464143659599331,0.41319471930783624,0.5522050008653762,0.0022214,,,,,0.2,15,,,,drift,0.8
,,,,,fixed_share,,,,,mae,,,0.4875413341382935,0.16556939583521676,0.20796274836150971,0.0010092,,,0.05,,,15,0.01,,,drift,0.8
,,,,,passive_aggressive,,,,,mae,,,0.415972944383854,0.11464713634972001,0.15405368862045699,0.0001698,,,,,,15,,1.0e12,0.1,drift,0.8
34380.145523387124,0.7319909,0,0.1,cholesky,adaptive_ridge,510,quadratic_stacked_beta,0.683859,2.3216271624326742e-15,mae,0.0481319,5,0.26285888099844834,0.09159056130122782,0.11463614791751602,,,,,,,16,,,,drift,0.8
,8.95e-5,,0.01,,static_ridge,,,,,mae,,,0.265165173243681,0.09155251549606734,0.11499153117034729,,,,,,,16,,,,drift,0.8
,,,,,rls,,,,,mae,,,0.23330089715831942,0.08133067120468207,0.10167602809792778,0.0027447,0.995,1.0e-6,,,,16,,,,drift,0.8
,,,,,hedge,,,,,mae,,,0.27956105947980187,0.09651453142230663,0.12034099156712989,0.0010258,,,0.01,24,,16,,,,drift,0.8
,,,,,exp3,,,,,mae,,,0.9578193689019499,0.2845680437141431,0.371892970790021,0.001223,,,,,0.2,16,,,,drift,0.8
,,,,,fixed_share,,,,,mae,,,0.2784679185756054,0.09643457983634861,0.1200879784126781,0.0144007,,,0.01,,,16,0.05,,,drift,0.8
,,,,,passive_aggressive,,,,,mae,,,0.2554924681942229,0.08550231623326061,0.1078380059144217,0.0002463,,,,,,16,,1.0e12,0.1,drift,0.8
58964.8677640204,0.0961494,0,0.1,cholesky,adaptive_ridge,510,quadratic_stacked_beta,0.0462063,2.4403311515629146e-15,mae,0.0499431,5,0.2836016241702226,0.09672915070533773,0.12097324189903448,,,,,,,17,,,,drift,0.8
,8.98e-5,,0.01,,static_ridge,,,,,mae,,,0.25554627202291547,0.08591391730954566,0.10883332843971519,,,,,,,17,,,,drift,0.8
,,,,,rls,,,,,mae,,,0.23641858564661303,0.08018717953846202,0.10072244639273469,0.002597,0.995,1.0e-6,,,,17,,,,drift,0.8
,,,,,hedge,,,,,mae,,,0.35437777819181776,0.13515151195214098,0.16435924597688978,0.0009793,,,1.0,72,,17,,,,drift,0.8
,,,,,exp3,,,,,mae,,,0.9945259134354325,0.31647953740619816,0.40087987768518485,0.0013583,,,,,0.05,17,,,,drift,0.8
,,,,,fixed_share,,,,,mae,,,0.3041226957757084,0.10038316542573102,0.1274321371984897,0.000986,,,0.1,,,17,0.01,,,drift,0.8
,,,,,passive_aggressive,,,,,mae,,,0.2397265121474048,0.08131998483329456,0.10258549411196305,0.0001645,,,,,,17,,1.0e12,0.1,drift,0.8
373581.01090550283,0.0907076,0,0.01,cholesky,adaptive_ridge,510,quadratic_stacked_beta,0.0426416,3.044200270666815e-15,mae,0.048066,5,0.27204158069742806,0.09532353982950471,0.11872629448368119,,,,,,,18,,,,drift,0.8
,8.91e-5,,0.01,,static_ridge,,,,,mae,,,0.22929792872514582,0.07885669894558912,0.09935147194867194,,,,,,,18,,,,drift,0.8
,,,,,rls,,,,,mae,,,0.2121877328266861,0.07479537087735344,0.09273792662806818,0.0076586,0.995,0.1,,,,18,,,,drift,0.8
,,,,,hedge,,,,,mae,,,0.33686876721400855,0.1047474140046553,0.13403610944492467,0.0009223,,,1.0,168,,18,,,,drift,0.8
,,,,,exp3,,,,,mae,,,1.1239032706200256,0.3501573872537728,0.4373036656236094,0.0011148,,,,,0.1,18,,,,drift,0.8
,,,,,fixed_share,,,,,mae,,,0.3715575042367087,0.1161441714715247,0.14847517106021185,0.0009794,,,0.01,,,18,0.01,,,drift,0.8
,,,,,passive_aggressive,,,,,mae,,,0.2129173973111609,0.07266768986504281,0.09128780433246372,0.0001409,,,,,,18,,1.0e12,0.1,drift,0.8
59048.53061307463,0.09240119999999999,0,0.01,cholesky,adaptive_ridge,510,quadratic_stacked_beta,0.0427636,1.9357409568100098e-15,mae,0.0496376,5,0.3290408357203875,0.10919975325920912,0.13760232422400548,,,,,,,19,,,,drift,0.8
,9.21e-5,,0.01,,static_ridge,,,,,mae,,,0.30790468393361176,0.11250186652725959,0.13838330172999422,,,,,,,19,,,,drift,0.8
,,,,,rls,,,,,mae,,,0.25506570206716234,0.0870886281363453,0.10868346429740083,0.0077683,0.95,1.0e-6,,,,19,,,,drift,0.8
,,,,,hedge,,,,,mae,,,0.327330409782058,0.11523947153124076,0.143504813283502,0.0010698,,,1.0,72,,19,,,,drift,0.8
,,,,,exp3,,,,,mae,,,1.0350832350960395,0.37838580975615727,0.45967872475203136,0.0009815,,,,,0.1,19,,,,drift,0.8
,,,,,fixed_share,,,,,mae,,,0.35133092451210357,0.1272204835432772,0.15707849627294623,0.0008247,,,0.05,,,19,0.02,,,drift,0.8
,,,,,passive_aggressive,,,,,mae,,,0.2584486483939697,0.08774063767476752,0.11081813395087517,0.000183,,,,,,19,,1.0e12,0.1,drift,0.8
591827.7697392205,0.3548988,0,0.0001,cholesky,adaptive_ridge,510,quadratic_stacked_beta,0.1619343,2.352700198470796e-15,mae,0.1929645,5,0.25237707518579566,0.08249585256228502,0.10454365327512745,,,,,,,20,,,,drift,0.8
,0.0001206,,0.0001,,static_ridge,,,,,mae,,,0.16145306533983045,0.054457432849625426,0.06926517559391177,,,,,,,20,,,,drift,0.8
,,,,,rls,,,,,mae,,,0.15093724764863922,0.05021922943345666,0.06317309069699795,0.0096785,0.995,1.0e-6,,,,20,,,,drift,0.8
,,,,,hedge,,,,,mae,,,0.37131229973417634,0.1321744332578235,0.1637039176690457,0.0032208,,,0.01,0,,20,,,,drift,0.8
,,,,,exp3,,,,,mae,,,1.1661385941773252,0.40959416406516497,0.5058483082863102,0.0029072,,,,,0.1,20,,,,drift,0.8
,,,,,fixed_share,,,,,mae,,,0.371409108079759,0.1321875340487427,0.16375331240237634,0.0010257,,,0.01,,,20,0.1,,,drift,0.8
,,,,,passive_aggressive,,,,,mae,,,0.15644370294732834,0.05540377435218433,0.06830674680032552,0.0001442,,,,,,20,,1.0e12,0.1,drift,0.8
34860.82306382209,0.6273615,0,0.1,cholesky,adaptive_ridge,510,quadratic_stacked_beta,0.5713542,2.2920916990863747e-15,mae,0.0560073,5,0.2795853437350848,0.09152552608513019,0.1157785882766305,,,,,,,21,,,,drift,0.8
,0.0001224,,0.0001,,static_ridge,,,,,mae,,,0.28431694066005925,0.0943892037546423,0.11986040922423513,,,,,,,21,,,,drift,0.8
,,,,,rls,,,,,mae,,,0.20866163882264968,0.07058525751505743,0.08915245944630576,0.0028553,0.995,1.0e-6,,,,21,,,,drift,0.8
,,,,,hedge,,,,,mae,,,0.24426964819810018,0.08305132062708713,0.10411442978424361,0.0021897,,,1.0,336,,21,,,,drift,0.8
,,,,,exp3,,,,,mae,,,1.0646359007189126,0.318920979604046,0.41148251160260846,0.0021342,,,,,0.2,21,,,,drift,0.8
,,,,,fixed_share,,,,,mae,,,0.26704372743772786,0.09038912529463676,0.11361978450482342,0.0023047,,,0.05,,,21,0.02,,,drift,0.8
,,,,,passive_aggressive,,,,,mae,,,0.20875531615592294,0.06908922280950616,0.08787376075989818,0.0001574,,,,,,21,,1.0e12,0.1,drift,0.8
122388.94977835158,0.5307723,0,0.01,cholesky,adaptive_ridge,510,quadratic_stacked_beta,0.3530265,1.4486769120614867e-15,mae,0.1777458,5,0.2464016913851295,0.07858249061694607,0.10044533976031884,,,,,,,22,,,,drift,0.8
,9.35e-5,,0.001,,static_ridge,,,,,mae,,,0.19838504831597198,0.06546830241188555,0.0831593552277804,,,,,,,22,,,,drift,0.8
,,,,,rls,,,,,mae,,,0.1867965400725089,0.06048580696831278,0.0772883828094579,0.0085662,0.995,0.1,,,,22,,,,drift,0.8
,,,,,hedge,,,,,mae,,,0.3087424226384544,0.0985186668701271,0.12558752996345246,0.0031833,,,1.0,24,,22,,,,drift,0.8
,,,,,exp3,,,,,mae,,,1.0038788304250812,0.28528738013310284,0.37146930732997024,0.001174,,,,,0.05,22,,,,drift,0.8
,,,,,fixed_share,,,,,mae,,,0.21722302723315573,0.0704589431758214,0.08974448407352448,0.0010572,,,0.05,,,22,0.01,,,drift,0.8
,,,,,passive_aggressive,,,,,mae,,,0.19678358004825852,0.06416522089398483,0.08230138686762102,0.0002555,,,,,,22,,1.0e12,0.1,drift,0.8
1.1766336335517785e6,0.4048191,0,0.001,cholesky,adaptive_ridge,510,quadratic_stacked_beta,0.3597701,2.6252500926655675e-15,mae,0.045049,5,0.1906297039471362,0.06592019719729372,0.08223500258872214,,,,,,,23,,,,drift,0.8
,0.0001232,,0.0001,,static_ridge,,,,,mae,,,0.17172262785424344,0.05816835267723365,0.07322581007039997,,,,,,,23,,,,drift,0.8
,,,,,rls,,,,,mae,,,0.1448605817040345,0.051674662274857064,0.06449043466333423,0.015583,0.995,0.1,,,,23,,,,drift,0.8
,,,,,hedge,,,,,mae,,,0.45452252364399387,0.19545601397685283,0.2265135087656393,0.2088927,,,1.0,72,,23,,,,drift,0.8
,,,,,exp3,,,,,mae,,,1.0668820718238867,0.32947340521334045,0.4279789860249967,0.0012196,,,,,0.2,23,,,,drift,0.8
,,,,,fixed_share,,,,,mae,,,0.42214300108651687,0.1780729784875943,0.20782605822100034,0.0009613,,,0.5,,,23,0.05,,,drift,0.8
,,,,,passive_aggressive,,,,,mae,,,0.14840127360690467,0.05501720669506437,0.06789683568616853,0.0001352,,,,,,23,,1.0e12,0.1,drift,0.8
230833.74685400716,0.40550739999999996,0,0.01,cholesky,adaptive_ridge,510,quadratic_stacked_beta,0.0446159,2.815588199863582e-15,mae,0.3608915,5,0.3149063627100475,0.10287551125650019,0.13015832722116447,,,,,,,24,,,,drift,0.8
,0.000124,,0.0001,,static_ridge,,,,,mae,,,0.35076679212427536,0.11955632692197751,0.15009280843966588,,,,,,,24,,,,drift,0.8
,,,,,rls,,,,,mae,,,0.2580056201813196,0.08304742323786457,0.10550623573758823,0.0084659,0.99,0.1,,,,24,,,,drift,0.8
,,,,,hedge,,,,,mae,,,0.30317944571672123,0.10024896454320377,0.12709400875811092,0.0010259,,,1.0,336,,24,,,,drift,0.8
,,,,,exp3,,,,,mae,,,1.1304614437019767,0.3058478593615629,0.4144326001496029,0.0010648,,,,,0.2,24,,,,drift,0.8
,,,,,fixed_share,,,,,mae,,,0.3304161375365469,0.11137233392602341,0.14050731726177124,0.0008992,,,0.1,,,24,0.05,,,drift,0.8
,,,,,passive_aggressive,,,,,mae,,,0.29023221172179836,0.08738741240517124,0.11381610236049997,0.0001611,,,,,,24,,1.0e12,0.1,drift,0.8
53225.4288492411,0.1102113,0,0.1,cholesky,adaptive_ridge,510,quadratic_stacked_beta,0.0465266,1.8007900291740763e-15,mae,0.0636847,5,0.36142726793956753,0.1207824062743385,0.15255792507336885,,,,,,,25,,,,drift,0.8
,8.72e-5,,0.1,,static_ridge,,,,,mae,,,0.2751962136471739,0.09403392514899209,0.11702104852428373,,,,,,,25,,,,drift,0.8
,,,,,rls,,,,,mae,,,0.24343141837727128,0.08076028682273871,0.10253116458875261,0.5561558,0.995,1.0e-6,,,,25,,,,drift,0.8
,,,,,hedge,,,,,mae,,,0.39278335909836415,0.17960665687094046,0.20494321880069255,0.001991,,,1.0,336,,25,,,,drift,0.8
,,,,,exp3,,,,,mae,,,0.9729054112246059,0.3703939934939248,0.44913054892220844,0.0010342,,,,,0.2,25,,,,drift,0.8
,,,,,fixed_share,,,,,mae,,,0.35320239970233547,0.14930129336244397,0.17403664211870204,0.0015155,,,0.05,,,25,0.01,,,drift,0.8
,,,,,passive_aggressive,,,,,mae,,,0.2849429966318972,0.08554313307813353,0.11155213916882592,0.0001559,,,,,,25,,1.0e12,0.1,drift,0.8
128414.60011604392,0.9943175,0,0.1,cholesky,adaptive_ridge,1140,quadratic_stacked_beta,0.3883853,4.848467206453196e-15,mae,0.6059322,5,0.21712454872744172,0.07593873790046998,0.0939901152721752,,,,,,,9,,,,members,15.0
,0.0001536,,0.01,,static_ridge,,,,,mae,,,0.18845269348661184,0.06636745618674365,0.08219062949239381,,,,,,,9,,,,members,15.0
,,,,,rls,,,,,mae,,,0.16605736191670725,0.05870275518130596,0.0727763414189426,0.0196736,0.995,1.0e-6,,,,9,,,,members,15.0
,,,,,hedge,,,,,mae,,,0.2821477098562875,0.11047650573555674,0.13366712885870888,0.0009386,,,0.25,0,,9,,,,members,15.0
,,,,,exp3,,,,,mae,,,1.0763144103723983,0.34030749497065216,0.4363949459912875,0.0014175,,,,,0.2,9,,,,members,15.0
,,,,,fixed_share,,,,,mae,,,0.28540972477994897,0.11221989582751085,0.1355586258334268,0.0018928,,,0.01,,,9,0.1,,,members,15.0
,,,,,passive_aggressive,,,,,mae,,,0.17635420180445913,0.06165272398455005,0.07622622236397454,0.0001634,,,,,,9,,1.0e12,0.1,members,15.0
415544.7092601844,0.5569965,0,0.01,cholesky,adaptive_ridge,510,quadratic_stacked_beta,0.5064287,2.632132921191462e-15,mae,0.0505678,5,0.24554145874532174,0.0762690059886967,0.09816301978845444,,,,,,,27,,,,drift,0.8
,0.0001129,,0.0001,,static_ridge,,,,,mae,,,0.18676483865021262,0.06285455982419348,0.07935373938055518,,,,,,,27,,,,drift,0.8
,,,,,rls,,,,,mae,,,0.15966717576484601,0.05160896868645906,0.06561418871924822,0.0082787,0.995,1.0e-6,,,,27,,,,drift,0.8
,,,,,hedge,,,,,mae,,,0.2935582351922719,0.0987322736069903,0.12406962893772985,0.0019653,,,1.0,0,,27,,,,drift,0.8
,,,,,exp3,,,,,mae,,,0.822946809765225,0.17846543155268654,0.2615560978340725,0.0008455,,,,,0.1,27,,,,drift,0.8
,,,,,fixed_share,,,,,mae,,,0.27759728698217706,0.09368333441920723,0.11699354590704801,0.0007315,,,0.1,,,27,0.02,,,drift,0.8
,,,,,passive_aggressive,,,,,mae,,,0.1693718420152367,0.05559361645591272,0.07023763547295288,0.0002406,,,,,,27,,1.0e12,0.1,drift,0.8
135453.48829485936,0.1059282,0,0.01,cholesky,adaptive_ridge,510,quadratic_stacked_beta,0.0420201,2.223500654263358e-15,mae,0.0639081,5,0.26560068904182466,0.0891691684116531,0.11205191193811488,,,,,,,28,,,,drift,0.8
,8.53e-5,,0.01,,static_ridge,,,,,mae,,,0.21963840265885118,0.07312456383954599,0.09246949225370227,,,,,,,28,,,,drift,0.8
,,,,,rls,,,,,mae,,,0.20839963942615466,0.07107515793648835,0.0887619766608066,0.0025891,0.995,1.0e-6,,,,28,,,,drift,0.8
,,,,,hedge,,,,,mae,,,0.31275539886634185,0.11139206946418949,0.13858093884701883,0.0022324,,,1.0,72,,28,,,,drift,0.8
,,,,,exp3,,,,,mae,,,0.8499280961916033,0.19375922002497492,0.27989393054633976,0.0017421,,,,,0.1,28,,,,drift,0.8
,,,,,fixed_share,,,,,mae,,,0.2271355816547283,0.07726378706030686,0.09676491368715004,0.0010017,,,0.05,,,28,0.01,,,drift,0.8
,,,,,passive_aggressive,,,,,mae,,,0.22095897056071728,0.07523529641026958,0.09425181600813685,0.0001551,,,,,,28,,1.0e12,0.1,drift,0.8
40459.84381604796,0.3396447,0,0.1,cholesky,adaptive_ridge,510,quadratic_stacked_beta,0.2937172,3.0471088183234293e-15,mae,0.0459275,5,0.28625282562114146,0.09548347663913324,0.1202069310433118,,,,,,,29,,,,drift,0.8
,0.0001727,,0.0001,,static_ridge,,,,,mae,,,0.26065323423809444,0.08991485030055332,0.1124677244940842,,,,,,,29,,,,drift,0.8
,,,,,rls,,,,,mae,,,0.22134519882136353,0.07949367912516281,0.09824400022869373,0.0084727,0.995,1.0e-6,,,,29,,,,drift,0.8
,,,,,hedge,,,,,mae,,,0.3170706599476781,0.10528288108031668,0.13190220749891388,0.0019777,,,1.0,0,,29,,,,drift,0.8
,,,,,exp3,,,,,mae,,,0.99834187599822,0.25318315966975163,0.3478052315488215,0.0017532,,,,,0.1,29,,,,drift,0.8
,,,,,fixed_share,,,,,mae,,,0.3054358359122308,0.10395567626984552,0.1300431540651643,0.0008448,,,0.05,,,29,0.02,,,drift,0.8
,,,,,passive_aggressive,,,,,mae,,,0.22328117730165842,0.075599365564485,0.09521353245353723,0.0001792,,,,,,29,,1.0e12,0.1,drift,0.8
27011.545291183873,0.2602687,0,0.1,cholesky,adaptive_ridge,510,quadratic_stacked_beta,0.2057813,2.6703463246332818e-15,mae,0.0544874,5,0.3036227475519449,0.1051149875617811,0.1311367171479801,,,,,,,30,,,,drift,0.8
,0.000118,,0.01,,static_ridge,,,,,mae,,,0.31121295402995264,0.1208537434012219,0.1450801478884269,,,,,,,30,,,,drift,0.8
,,,,,rls,,,,,mae,,,0.2460880879467527,0.08149697680812715,0.10329677044612316,0.0086066,0.995,1.0e-6,,,,30,,,,drift,0.8
,,,,,hedge,,,,,mae,,,0.41067999145541534,0.15894370636917604,0.19037430190544313,0.0019571,,,1.0,24,,30,,,,drift,0.8
,,,,,exp3,,,,,mae,,,1.2194604768697717,0.3579119749033802,0.4664200782109349,0.0015454,,,,,0.2,30,,,,drift,0.8
,,,,,fixed_share,,,,,mae,,,0.29793483178977703,0.1032667274453162,0.1292825854492374,0.0009536,,,0.05,,,30,0.01,,,drift,0.8
,,,,,passive_aggressive,,,,,mae,,,0.26814797623912484,0.08536650080101404,0.10911901400344759,0.0001645,,,,,,30,,1.0e12,0.1,drift,0.8
61427.87273339544,0.3454058,0,0.1,cholesky,adaptive_ridge,510,quadratic_stacked_beta,0.2944851,3.0187247420561378e-15,mae,0.0509207,5,0.36554586417130636,0.11664051638859108,0.14898947951093983,,,,,,,1,,,,drift,1.0
,0.0003234,,0.01,,static_ridge,,,,,mae,,,0.309192410598701,0.10059292081498744,0.1282895654897618,,,,,,,1,,,,drift,1.0
,,,,,rls,,,,,mae,,,0.2660003088046559,0.08681439743585523,0.10995051911771246,0.0035525,0.95,1.0e-6,,,,1,,,,drift,1.0
,,,,,hedge,,,,,mae,,,0.571624531157855,0.26065972629300865,0.2962616483767232,0.0009878,,,1.0,24,,1,,,,drift,1.0
,,,,,exp3,,,,,mae,,,1.247406583352322,0.3345504231610873,0.4525735403440633,0.0010506,,,,,0.1,1,,,,drift,1.0
,,,,,fixed_share,,,,,mae,,,0.4527289851177787,0.15723512039432,0.19558392361154936,0.001829,,,0.5,,,1,0.05,,,drift,1.0
,,,,,passive_aggressive,,,,,mae,,,0.26210428633956007,0.08478176066493504,0.10749584965188688,0.00014,,,,,,1,,1.0e12,0.1,drift,1.0
67368.0658836484,0.701104,0,0.1,cholesky,adaptive_ridge,510,quadratic_stacked_beta,0.6499526,3.3948077483460163e-15,mae,0.0511514,5,0.3877125955471271,0.13337576764139378,0.16741536429044762,,,,,,,2,,,,drift,1.0
,9.72e-5,,0.1,,static_ridge,,,,,mae,,,0.3542152411344546,0.11854527324566538,0.14857495336338272,,,,,,,2,,,,drift,1.0
,,,,,rls,,,,,mae,,,0.31942203484923476,0.1125903510291149,0.13907766155753984,0.0076996,0.95,0.0001,,,,2,,,,drift,1.0
,,,,,hedge,,,,,mae,,,0.36630085436622445,0.12331075718277788,0.153749852064463,0.0009551,,,0.5,336,,2,,,,drift,1.0
,,,,,exp3,,,,,mae,,,1.473483831964254,0.47624227437214495,0.6076819981603122,0.0011145,,,,,0.1,2,,,,drift,1.0
,,,,,fixed_share,,,,,mae,,,0.3819867444993875,0.12706695203133456,0.15897054460184132,0.001051,,,0.01,,,2,0.01,,,drift,1.0
,,,,,passive_aggressive,,,,,mae,,,0.31651770846221333,0.10524897687917928,0.13246779905735256,0.0001664,,,,,,2,,1.0e12,0.1,drift,1.0
558247.8241146551,0.4217381,0,0.01,cholesky,adaptive_ridge,510,quadratic_stacked_beta,0.3631584,2.887772240144316e-15,mae,0.0585797,5,0.34275629701244165,0.11083445266959578,0.14116714503746378,,,,,,,3,,,,drift,1.0
,9.4e-5,,0.01,,static_ridge,,,,,mae,,,0.34264143368416117,0.11817810364128026,0.14645168767752714,,,,,,,3,,,,drift,1.0
,,,,,rls,,,,,mae,,,0.2671544732980759,0.08515425714027003,0.10887150041691332,0.0033591,0.99,0.1,,,,3,,,,drift,1.0
,,,,,hedge,,,,,mae,,,0.48015211666525176,0.19681693655893512,0.23106060048583996,0.0009106,,,1.0,72,,3,,,,drift,1.0
,,,,,exp3,,,,,mae,,,1.1767115682194516,0.27444269781648173,0.39831793320347325,0.0010644,,,,,0.1,3,,,,drift,1.0
,,,,,fixed_share,,,,,mae,,,0.40051532887570956,0.1492568377420834,0.1819229371577254,0.0011237,,,1.0,,,3,0.05,,,drift,1.0
,,,,,passive_aggressive,,,,,mae,,,0.28590905444616577,0.08777006522577614,0.1133831368725456,0.0001994,,,,,,3,,1.0e12,0.1,drift,1.0
38915.85530892112,0.09066650000000001,0,0.1,cholesky,adaptive_ridge,510,quadratic_stacked_beta,0.0424515,2.682937735331751e-15,mae,0.048215,5,0.3616425383336353,0.12209866566116151,0.1530823898497658,,,,,,,4,,,,drift,1.0
,0.0001172,,0.0001,,static_ridge,,,,,mae,,,0.28484664023202777,0.10138097233603342,0.12597013421044664,,,,,,,4,,,,drift,1.0
,,,,,rls,,,,,mae,,,0.2662278303440685,0.09513737194759264,0.11846534485309895,0.0025236,0.995,0.1,,,,4,,,,drift,1.0
,,,,,hedge,,,,,mae,,,0.35301653070102346,0.11839617634719037,0.1492467655639613,0.0009584,,,1.0,336,,4,,,,drift,1.0
,,,,,exp3,,,,,mae,,,1.3031690404570435,0.34844631408929183,0.45997034989974367,0.0009641,,,,,0.1,4,,,,drift,1.0
,,,,,fixed_share,,,,,mae,,,0.3374058278645024,0.11386989223408893,0.14440497489524873,0.0007924,,,0.05,,,4,0.02,,,drift,1.0
,,,,,passive_aggressive,,,,,mae,,,0.2739042285841719,0.09399999011460641,0.1177048873990381,0.0001604,,,,,,4,,1.0e12,0.1,drift,1.0
1.070394076097244e6,0.15267940000000002,0,0.01,cholesky,adaptive_ridge,510,quadratic_stacked_beta,0.0459716,2.6035558438922172e-15,mae,0.1067078,5,0.26369222521128416,0.08780166192659472,0.11086869251820591,,,,,,,5,,,,drift,1.0
,9.67e-5,,0.001,,static_ridge,,,,,mae,,,0.21493678014072834,0.07334539795841408,0.09197990051616199,,,,,,,5,,,,drift,1.0
,,,,,rls,,,,,mae,,,0.19601282827365687,0.06778658680973891,0.0848642200388143,0.0024081,0.995,0.1,,,,5,,,,drift,1.0
,,,,,hedge,,,,,mae,,,0.3222890012190521,0.10971189693885959,0.13813702735703193,0.0012487,,,0.25,0,,5,,,,drift,1.0
,,,,,exp3,,,,,mae,,,0.9985918710190818,0.29092640522335117,0.3793890611826713,0.0010944,,,,,0.1,5,,,,drift,1.0
,,,,,fixed_share,,,,,mae,,,0.25486133469651306,0.08710270176345651,0.10970670450482517,0.0010006,,,0.05,,,5,0.01,,,drift,1.0
,,,,,passive_aggressive,,,,,mae,,,0.2155138259642847,0.0736205020231131,0.09125717353246818,0.0001571,,,,,,5,,1.0e12,0.1,drift,1.0
36810.22788447276,0.0932859,0,0.1,cholesky,adaptive_ridge,510,quadratic_stacked_beta,0.0444333,3.117123836837323e-15,mae,0.0488526,5,0.5051193232263239,0.16464318675777156,0.2071459251387758,,,,,,,6,,,,drift,1.0
,0.0001012,,0.01,,static_ridge,,,,,mae,,,0.4556474082963638,0.1490705600644727,0.18842982148259757,,,,,,,6,,,,drift,1.0
,,,,,rls,,,,,mae,,,0.3772172158671823,0.12128377544526413,0.15389349596855167,0.0073345,0.95,0.1,,,,6,,,,drift,1.0
,,,,,hedge,,,,,mae,,,0.5470803803980856,0.18627025797622476,0.23363367820293304,0.0015078,,,1.0,72,,6,,,,drift,1.0
,,,,,exp3,,,,,mae,,,1.564129821152231,0.5326967087145252,0.6589853121054886,0.0015369,,,,,0.1,6,,,,drift,1.0
,,,,,fixed_share,,,,,mae,,,0.5614833406408138,0.17741886701395632,0.22666484113663996,0.0008046,,,0.05,,,6,0.005,,,drift,1.0
,,,,,passive_aggressive,,,,,mae,,,0.39714309123860825,0.11377938811550511,0.14866376178185237,0.0002803,,,,,,6,,1.0e12,0.1,drift,1.0
19031.93767761171,0.0917356,0,0.1,cholesky,adaptive_ridge,510,quadratic_stacked_beta,0.0438414,2.2624891304999287e-15,mae,0.0478942,5,0.3658443942323109,0.1287204209829589,0.16044421586680288,,,,,,,7,,,,drift,1.0
,9.1e-5,,0.01,,static_ridge,,,,,mae,,,0.3231229052313091,0.11169592058827206,0.13950766179880364,,,,,,,7,,,,drift,1.0
,,,,,rls,,,,,mae,,,0.30210559130031966,0.1003532463184014,0.12671824122103859,0.0026126,0.95,0.01,,,,7,,,,drift,1.0
,,,,,hedge,,,,,mae,,,0.3512626513332871,0.11998150560251587,0.15045352752655805,0.0009428,,,0.01,336,,7,,,,drift,1.0
,,,,,exp3,,,,,mae,,,1.3209228827043995,0.5231107459775846,0.6153595948252644,0.0018673,,,,,0.1,7,,,,drift,1.0
,,,,,fixed_share,,,,,mae,,,0.35052218920661415,0.1201748974322228,0.1506037155415331,0.0022385,,,0.01,,,7,0.1,,,drift,1.0
,,,,,passive_aggressive,,,,,mae,,,0.27398518147339557,0.0945303789859149,0.11792622927911177,0.0002362,,,,,,7,,1.0e12,0.1,drift,1.0
27194.646552135087,0.1187325,0,0.1,cholesky,adaptive_ridge,510,quadratic_stacked_beta,0.0655706,2.126939093843747e-15,mae,0.0531619,5,0.3393646146213529,0.11300606500536714,0.14132570201665587,,,,,,,8,,,,drift,1.0
,0.0001953,,0.0001,,static_ridge,,,,,mae,,,0.2752349003293946,0.09563482180175492,0.11943956301295527,,,,,,,8,,,,drift,1.0
,,,,,rls,,,,,mae,,,0.2843360040760276,0.09232659656073584,0.11738054630429066,0.0075751,0.95,1.0e-6,,,,8,,,,drift,1.0
,,,,,hedge,,,,,mae,,,0.4176121383187777,0.13598808418007524,0.1726882009801362,0.0018851,,,0.05,24,,8,,,,drift,1.0
,,,,,exp3,,,,,mae,,,1.385980436629567,0.44276840783866644,0.5657071818625864,0.0009901,,,,,0.4,8,,,,drift,1.0
,,,,,fixed_share,,,,,mae,,,0.41897673952153186,0.13641715484534211,0.173299327376104,0.0007215,,,0.01,,,8,0.1,,,drift,1.0
,,,,,passive_aggressive,,,,,mae,,,0.2652295544365406,0.09188242976087724,0.1145824580964863,0.0001502,,,,,,8,,1.0e12,0.1,drift,1.0
18272.43515010494,0.11183309999999999,0,0.1,cholesky,adaptive_ridge,510,quadratic_stacked_beta,0.0405742,2.7706168965795928e-15,mae,0.0712589,5,0.4200802050091821,0.13782679391596955,0.1744404690864975,,,,,,,9,,,,drift,1.0
,8.68e-5,,0.1,,static_ridge,,,,,mae,,,0.38729723220984696,0.13373830324120198,0.16697199132069118,,,,,,,9,,,,drift,1.0
,,,,,rls,,,,,mae,,,0.343032428692037,0.11636002407878934,0.1459776111880915,0.0050488,0.95,0.01,,,,9,,,,drift,1.0
,,,,,hedge,,,,,mae,,,0.39937407307691375,0.13165838806937546,0.16709566841692122,0.0008267,,,0.01,0,,9,,,,drift,1.0
,,,,,exp3,,,,,mae,,,1.5893827064175878,0.4712804275956044,0.6086591086022711,0.0017685,,,,,0.1,9,,,,drift,1.0
,,,,,fixed_share,,,,,mae,,,0.4002291744033869,0.13185651948591542,0.16744195347699892,0.0020175,,,0.01,,,9,0.1,,,drift,1.0
,,,,,passive_aggressive,,,,,mae,,,0.3330959634855948,0.10614668614173983,0.13583281593052215,0.0001781,,,,,,9,,1.0e12,0.1,drift,1.0
99054.30006644451,0.1338983,0,0.1,cholesky,adaptive_ridge,510,quadratic_stacked_beta,0.0796775,3.0258227216310893e-15,mae,0.0542208,5,0.2633861476958847,0.08847346031355147,0.11105039558987194,,,,,,,10,,,,drift,1.0
,0.0001141,,0.01,,static_ridge,,,,,mae,,,0.23527368065973545,0.07874178785130699,0.09912878905296132,,,,,,,10,,,,drift,1.0
,,,,,rls,,,,,mae,,,0.208255343219545,0.0748478843701902,0.09248242710627544,0.002078,0.995,0.1,,,,10,,,,drift,1.0
,,,,,hedge,,,,,mae,,,0.48042083256314405,0.22667221168003276,0.2569432012364107,0.0009772,,,1.0,168,,10,,,,drift,1.0
,,,,,exp3,,,,,mae,,,1.032030418116269,0.23303455676699938,0.3366564350849542,0.0012449,,,,,0.1,10,,,,drift,1.0
,,,,,fixed_share,,,,,mae,,,0.34727318860841594,0.11566043130221174,0.146957094565625,0.0010301,,,0.5,,,10,0.05,,,drift,1.0
,,,,,passive_aggressive,,,,,mae,,,0.22193100224307202,0.07328214518727934,0.09284980486296013,0.000232,,,,,,10,,1.0e12,0.1,drift,1.0
19000.636092635472,0.0888021,0,0.1,cholesky,adaptive_ridge,510,quadratic_stacked_beta,0.0432437,2.3652129532568827e-15,mae,0.0455584,5,0.36321010132457815,0.1202267298179279,0.1521619195364418,,,,,,,11,,,,drift,1.0
,8.44e-5,,0.1,,static_ridge,,,,,mae,,,0.323055770233435,0.10598358631206237,0.13378246191675755,,,,,,,11,,,,drift,1.0
,,,,,rls,,,,,mae,,,0.31407578657238594,0.10422410232420788,0.13091271587169026,0.0023616,0.995,0.1,,,,11,,,,drift,1.0
,,,,,hedge,,,,,mae,,,0.40159985469950643,0.14869115468006577,0.18183908559235637,0.0010563,,,1.0,72,,11,,,,drift,1.0
,,,,,exp3,,,,,mae,,,1.1616997889531284,0.3796859791335563,0.4801164050676376,0.0011521,,,,,0.1,11,,,,drift,1.0
,,,,,fixed_share,,,,,mae,,,0.33868360296509537,0.11655051578859646,0.1466633707155663,0.0009814,,,0.05,,,11,0.01,,,drift,1.0
,,,,,passive_aggressive,,,,,mae,,,0.31945778052367496,0.10282499974053892,0.130942646888094,0.0001698,,,,,,11,,1.0e12,0.1,drift,1.0
20640.945063512307,0.2419149,0,0.1,cholesky,adaptive_ridge,510,quadratic_stacked_beta,0.0397242,2.6620596434717857e-15,mae,0.2021907,5,0.31820047547412,0.10713084195596026,0.13570890252786322,,,,,,,12,,,,drift,1.0
,8.41e-5,,0.01,,static_ridge,,,,,mae,,,0.3142541745481661,0.10455925055368823,0.13255278248698246,,,,,,,12,,,,drift,1.0
,,,,,rls,,,,,mae,,,0.2794406431875409,0.0930232304745809,0.11864415464322016,0.0023911,0.995,0.1,,,,12,,,,drift,1.0
,,,,,hedge,,,,,mae,,,0.3541293778198831,0.11569621686682523,0.1463835472234285,0.0007686,,,0.05,0,,12,,,,drift,1.0
,,,,,exp3,,,,,mae,,,1.2352319759496233,0.44498032090129547,0.5382768481022626,0.0010062,,,,,0.1,12,,,,drift,1.0
,,,,,fixed_share,,,,,mae,,,0.3544351907241119,0.11581625883432461,0.14659338615946474,0.0008896,,,0.01,,,12,0.1,,,drift,1.0
,,,,,passive_aggressive,,,,,mae,,,0.27935578562093105,0.08831347500891036,0.11306403180306228,0.0002274,,,,,,12,,1.0e12,0.1,drift,1.0
74825.88166769086,0.08766789999999999,0,0.1,cholesky,adaptive_ridge,510,quadratic_stacked_beta,0.0416481,3.1398854317158343e-15,mae,0.0460198,5,0.37399412255607983,0.12515934511058366,0.15815268293826706,,,,,,,13,,,,drift,1.0
,8.98e-5,,0.01,,static_ridge,,,,,mae,,,0.3332889595508219,0.11099292907558,0.14073023762115072,,,,,,,13,,,,drift,1.0
,,,,,rls,,,,,mae,,,0.31050145059571876,0.09952706659911435,0.1273169999847499,0.0068323,0.95,0.1,,,,13,,,,drift,1.0
,,,,,hedge,,,,,mae,,,0.4319075706914501,0.15000034173221347,0.18706534178879097,0.0007766,,,0.01,0,,13,,,,drift,1.0
,,,,,exp3,,,,,mae,,,1.4482862955752387,0.46383800235706973,0.5817660373250537,0.0009307,,,,,0.1,13,,,,drift,1.0
,,,,,fixed_share,,,,,mae,,,0.41815303728829795,0.13298691922407196,0.17072077889704457,0.0007932,,,0.1,,,13,0.02,,,drift,1.0
,,,,,passive_aggressive,,,,,mae,,,0.3336722143137304,0.09770153743893106,0.12817932268566645,0.0001443,,,,,,13,,1.0e12,0.1,drift,1.0
13032.368918936814,0.0877079,0,0.1,cholesky,adaptive_ridge,510,quadratic_stacked_beta,0.0419687,2.2817600364325487e-15,mae,0.0457392,5,0.4697606781471118,0.16585985273756093,0.20627545506282996,,,,,,,14,,,,drift,1.0
,0.0001887,,0.1,,static_ridge,,,,,mae,,,0.4380557985272157,0.1487090005491645,0.18736853224304356,,,,,,,14,,,,drift,1.0
,,,,,rls,,,,,mae,,,0.41320493694457044,0.13241532688182187,0.16882752770258835,0.0023887,0.95,0.01,,,,14,,,,drift,1.0
,,,,,hedge,,,,,mae,,,0.42731601165047933,0.14927388620685753,0.18613027481748215,0.0021495,,,1.0,336,,14,,,,drift,1.0
,,,,,exp3,,,,,mae,,,1.4749225734227946,0.46187720899937007,0.5932497258943316,0.0016464,,,,,0.1,14,,,,drift,1.0
,,,,,fixed_share,,,,,mae,,,0.43879340578946135,0.1436485794102922,0.18222962102834017,0.0020098,,,0.05,,,14,0.01,,,drift,1.0
,,,,,passive_aggressive,,,,,mae,,,0.44958864128362264,0.13818108680662852,0.17834597478800096,0.0001423,,,,,,14,,1.0e12,0.1,drift,1.0
95699.38974030169,0.118306,0,0.1,cholesky,adaptive_ridge,510,quadratic_stacked_beta,0.0619229,3.24699458727809e-15,mae,0.0563831,5,0.4504302744724186,0.15321629962611544,0.19266167086618505,,,,,,,15,,,,drift,1.0
,8.8e-5,,0.1,,static_ridge,,,,,mae,,,0.4330861157191361,0.15119807220420903,0.1884736293708716,,,,,,,15,,,,drift,1.0
,,,,,rls,,,,,mae,,,0.38248424193807323,0.1173829731984374,0.15143731729420049,0.0078341,0.95,1.0e-6,,,,15,,,,drift,1.0
,,,,,hedge,,,,,mae,,,0.520021199801079,0.18345656195120477,0.2277471364796538,0.0009688,,,1.0,72,,15,,,,drift,1.0
,,,,,exp3,,,,,mae,,,1.6901702489808395,0.44986667907629774,0.614821495106675,0.0012644,,,,,0.2,15,,,,drift,1.0
,,,,,fixed_share,,,,,mae,,,0.5436230259878415,0.18310723936277465,0.23061686111186802,0.0010051,,,0.05,,,15,0.01,,,drift,1.0
,,,,,passive_aggressive,,,,,mae,,,0.41403060358083466,0.11813237816659994,0.15635395758209658,0.0002143,,,,,,15,,1.0e12,0.1,drift,1.0
30091.396690305373,0.0922479,0,0.1,cholesky,adaptive_ridge,510,quadratic_stacked_beta,0.042958,2.4870108414385778e-15,mae,0.0492899,5,0.2869551080506277,0.10089215826626484,0.12589392373284722,,,,,,,16,,,,drift,1.0
,0.0001295,,0.1,,static_ridge,,,,,mae,,,0.30621177493616064,0.10366436346707611,0.13047013560196688,,,,,,,16,,,,drift,1.0
,,,,,rls,,,,,mae,,,0.2534465278927199,0.08805433496830758,0.11018266848290374,0.0023844,0.995,1.0e-6,,,,16,,,,drift,1.0
,,,,,hedge,,,,,mae,,,0.3020348557932976,0.10371565558096289,0.12949938261735697,0.0005593,,,0.25,24,,16,,,,drift,1.0
,,,,,exp3,,,,,mae,,,1.0318631519320376,0.3403117456191462,0.43088404148523823,0.0009011,,,,,0.1,16,,,,drift,1.0
,,,,,fixed_share,,,,,mae,,,0.29585524693649773,0.10272831841219984,0.1279520998986788,0.0008291,,,0.01,,,16,0.01,,,drift,1.0
,,,,,passive_aggressive,,,,,mae,,,0.2773604415065394,0.09256283467151587,0.11713899336014208,0.0001715,,,,,,16,,1.0e12,0.1,drift,1.0
51720.319343833195,0.0860828,0,0.1,cholesky,adaptive_ridge,510,quadratic_stacked_beta,0.0407202,2.527631997681275e-15,mae,0.0453626,5,0.32697501407416907,0.112997777816829,0.14127169281325688,,,,,,,17,,,,drift,1.0
,8.98e-5,,0.001,,static_ridge,,,,,mae,,,0.2961065704000805,0.0996104034871456,0.12638804375581206,,,,,,,17,,,,drift,1.0
,,,,,rls,,,,,mae,,,0.2647624144031633,0.09380348354038166,0.1163726321811913,0.0082163,0.98,0.1,,,,17,,,,drift,1.0
,,,,,hedge,,,,,mae,,,0.40661877472727875,0.15138504233928168,0.18525493347977737,0.0007999,,,1.0,168,,17,,,,drift,1.0
,,,,,exp3,,,,,mae,,,1.0785201706273349,0.3275436765833612,0.42391829362066574,0.0093674,,,,,0.1,17,,,,drift,1.0
,,,,,fixed_share,,,,,mae,,,0.3917755924288167,0.1349638849972907,0.16942363339486732,0.0010149,,,0.05,,,17,0.005,,,drift,1.0
,,,,,passive_aggressive,,,,,mae,,,0.28750376282997286,0.0941402938451951,0.11945749268694225,0.0001689,,,,,,17,,1.0e12,0.1,drift,1.0
62299.35634693327,0.5695673,0,0.1,cholesky,adaptive_ridge,510,quadratic_stacked_beta,0.521665,3.2582955297463675e-15,mae,0.0479023,5,0.3290316859783385,0.1120080664197721,0.13940174730839253,,,,,,,18,,,,drift,1.0
,0.0001141,,0.01,,static_ridge,,,,,mae,,,0.27144218277482224,0.09269309984581971,0.11716573934099418,,,,,,,18,,,,drift,1.0
,,,,,rls,,,,,mae,,,0.24707139114390955,0.08631509818816777,0.10754944078748259,0.0073509,0.995,0.1,,,,18,,,,drift,1.0
,,,,,hedge,,,,,mae,,,0.3870783888066161,0.12262844314069786,0.15595225114656927,0.0009755,,,1.0,168,,18,,,,drift,1.0
,,,,,exp3,,,,,mae,,,1.332261565408495,0.39258950891238686,0.5004346204375635,0.0019,,,,,0.2,18,,,,drift,1.0
,,,,,fixed_share,,,,,mae,,,0.4499665223686386,0.1451870833991485,0.18374735747389587,0.000949,,,0.01,,,18,0.01,,,drift,1.0
,,,,,passive_aggressive,,,,,mae,,,0.2390017934356772,0.0817573406791067,0.10284758801739947,0.0001429,,,,,,18,,1.0e12,0.1,drift,1.0
78042.57215046539,0.6152916,0,0.01,cholesky,adaptive_ridge,510,quadratic_stacked_beta,0.5536263,2.059553688727276e-15,mae,0.0616653,5,0.36275595499589697,0.12171145662580295,0.15309613906170638,,,,,,,19,,,,drift,1.0
,0.0001874,,0.01,,static_ridge,,,,,mae,,,0.32830445208322806,0.11850952725747291,0.14647019737779135,,,,,,,19,,,,drift,1.0
,,,,,rls,,,,,mae,,,0.27328814101530524,0.09252012349594639,0.11548893509526181,0.0055117,0.95,0.1,,,,19,,,,drift,1.0
,,,,,hedge,,,,,mae,,,0.3555548920020007,0.1235179515762946,0.1543111362279785,0.0009372,,,1.0,168,,19,,,,drift,1.0
,,,,,exp3,,,,,mae,,,1.2838655256735938,0.41818572404722015,0.5311743031277035,0.0009262,,,,,0.1,19,,,,drift,1.0
,,,,,fixed_share,,,,,mae,,,0.3819463075395699,0.13458833612684962,0.16674913531154859,0.0007877,,,0.1,,,19,0.02,,,drift,1.0
,,,,,passive_aggressive,,,,,mae,,,0.2759027955406625,0.09259114205112977,0.11689666933411218,0.0001801,,,,,,19,,1.0e12,0.1,drift,1.0
572513.8179940922,0.09203030000000001,0,0.0001,cholesky,adaptive_ridge,510,quadratic_stacked_beta,0.0387979,2.723163088914998e-15,mae,0.0532324,5,0.2837194594678246,0.09101884189634007,0.11569312192858225,,,,,,,20,,,,drift,1.0
,0.0001727,,0.0001,,static_ridge,,,,,mae,,,0.17522964327220877,0.059936060219618004,0.07589920802989317,,,,,,,20,,,,drift,1.0
,,,,,rls,,,,,mae,,,0.16074681087962708,0.054238636593737746,0.06793149417081763,0.0083593,0.995,1.0e-6,,,,20,,,,drift,1.0
,,,,,hedge,,,,,mae,,,0.4340041746300048,0.15826098117888568,0.19427537045864007,0.002078,,,0.01,0,,20,,,,drift,1.0
,,,,,exp3,,,,,mae,,,1.3495624066536231,0.3998795012051064,0.5349517608808086,0.0011359,,,,,0.1,20,,,,drift,1.0
,,,,,fixed_share,,,,,mae,,,0.33309220226536423,0.13752608516654027,0.16270299861548815,0.0008684,,,0.05,,,20,0.01,,,drift,1.0
,,,,,passive_aggressive,,,,,mae,,,0.16386972269256112,0.057723651197632765,0.07149309315501357,0.0001459,,,,,,20,,1.0e12,0.1,drift,1.0
34909.974232579065,0.1153264,0,0.1,cholesky,adaptive_ridge,510,quadratic_stacked_beta,0.0437022,2.5113404292972167e-15,mae,0.0716242,5,0.32506276131316697,0.10527538396571064,0.13409858986395048,,,,,,,21,,,,drift,1.0
,0.0001225,,0.0001,,static_ridge,,,,,mae,,,0.3255188188175972,0.10776161257534987,0.13713118221079795,,,,,,,21,,,,drift,1.0
,,,,,rls,,,,,mae,,,0.23487691341754405,0.07835552582976803,0.09920901879996731,0.0089787,0.99,0.1,,,,21,,,,drift,1.0
,,,,,hedge,,,,,mae,,,0.2779065962199563,0.0938551499325252,0.11770611900152717,0.0011415,,,1.0,72,,21,,,,drift,1.0
,,,,,exp3,,,,,mae,,,1.2291691942650667,0.38809746549632795,0.4930036075266438,0.0014075,,,,,0.1,21,,,,drift,1.0
,,,,,fixed_share,,,,,mae,,,0.33985446076083986,0.1162809531293094,0.14525620480571486,0.0025536,,,0.1,,,21,0.02,,,drift,1.0
,,,,,passive_aggressive,,,,,mae,,,0.22846450751890068,0.07478270727935579,0.09534734309089983,0.0001739,,,,,,21,,1.0e12,0.1,drift,1.0
18319.415761074262,0.0988708,0,0.1,cholesky,adaptive_ridge,510,quadratic_stacked_beta,0.0491217,1.46213331094054e-15,mae,0.0497491,5,0.2908787647306939,0.09339549384396835,0.11974711907329176,,,,,,,22,,,,drift,1.0
,6.6e-5,,0.001,,static_ridge,,,,,mae,,,0.23147423635347267,0.07589478024148219,0.09657075306993834,,,,,,,22,,,,drift,1.0
,,,,,rls,,,,,mae,,,0.21586521269299822,0.0700967155842673,0.08943064684352854,0.0042847,0.995,0.1,,,,22,,,,drift,1.0
,,,,,hedge,,,,,mae,,,0.34809636003374317,0.10994209644099735,0.14074795675133242,0.000437,,,1.0,24,,22,,,,drift,1.0
,,,,,exp3,,,,,mae,,,1.1162359829293882,0.34405349456618783,0.4322877600526078,0.0005163,,,,,0.1,22,,,,drift,1.0
,,,,,fixed_share,,,,,mae,,,0.2706255276114877,0.08537659144569779,0.1086965004600846,0.0004824,,,0.05,,,22,0.01,,,drift,1.0
,,,,,passive_aggressive,,,,,mae,,,0.22767155189208957,0.07472904315244258,0.09520542768294063,6.31e-5,,,,,,22,,1.0e12,0.1,drift,1.0
1.0016423504837059e6,0.1220448,0,0.001,cholesky,adaptive_ridge,510,quadratic_stacked_beta,0.1026913,2.8972297057182764e-15,mae,0.0193535,5,0.22184785688952333,0.07569977572264135,0.09509124948525066,,,,,,,23,,,,drift,1.0
,4.79e-5,,0.001,,static_ridge,,,,,mae,,,0.19784774894769405,0.06711446601326092,0.08433806815532036,,,,,,,23,,,,drift,1.0
,,,,,rls,,,,,mae,,,0.1637344482136418,0.0582564812672937,0.07277115352320247,0.0088801,0.995,0.1,,,,23,,,,drift,1.0
,,,,,hedge,,,,,mae,,,0.5461535089520947,0.25704508026238476,0.2884079990230753,0.0009644,,,1.0,72,,23,,,,drift,1.0
,,,,,exp3,,,,,mae,,,1.1158087654293882,0.4011042082380456,0.47861430454237114,0.0017392,,,,,0.1,23,,,,drift,1.0
,,,,,fixed_share,,,,,mae,,,0.5441947130101282,0.24477843141978553,0.2766738359516002,0.007335,,,0.25,,,23,0.05,,,drift,1.0
,,,,,passive_aggressive,,,,,mae,,,0.16340464167489854,0.05968928017872159,0.07364331219710259,0.000128,,,,,,23,,1.0e12,0.1,drift,1.0
201162.9650596903,0.1668671,0,0.01,cholesky,adaptive_ridge,510,quadratic_stacked_beta,0.1157041,2.931808529768854e-15,mae,0.051163,5,0.3996189371602523,0.13003938526477976,0.16540111525100712,,,,,,,24,,,,drift,1.0
,0.000118,,0.0001,,static_ridge,,,,,mae,,,0.4167568679174065,0.14151589176741747,0.1779066552018867,,,,,,,24,,,,drift,1.0
,,,,,rls,,,,,mae,,,0.3233659415967283,0.09856252732343546,0.12756273790739786,0.0097768,0.95,0.1,,,,24,,,,drift,1.0
,,,,,hedge,,,,,mae,,,0.3872303108585683,0.13020511223685727,0.1644465643125308,0.0031606,,,0.5,72,,24,,,,drift,1.0
,,,,,exp3,,,,,mae,,,1.3838251051831174,0.3740967208248694,0.5046142551894246,0.0026746,,,,,0.2,24,,,,drift,1.0
,,,,,fixed_share,,,,,mae,,,0.42628469573217076,0.15165622689454217,0.1875398433602291,0.0009322,,,0.25,,,24,0.1,,,drift,1.0
,,,,,passive_aggressive,,,,,mae,,,0.36030320055086906,0.10272100502281763,0.13558021597924896,0.0001631,,,,,,24,,1.0e12,0.1,drift,1.0
43705.31528056119,0.5068921,0,0.1,cholesky,adaptive_ridge,510,quadratic_stacked_beta,0.4558242,1.847675139038466e-15,mae,0.0510679,5,0.414653423753866,0.13772593189086876,0.1740874287440723,,,,,,,25,,,,drift,1.0
,8.22e-5,,0.1,,static_ridge,,,,,mae,,,0.2993942452855564,0.10352833357165682,0.128654196739872,,,,,,,25,,,,drift,1.0
,,,,,rls,,,,,mae,,,0.269340005025775,0.08889366783790414,0.11279735629248738,0.0041898,0.995,1.0e-6,,,,25,,,,drift,1.0
,,,,,hedge,,,,,mae,,,0.43441305369956823,0.19195508439472492,0.22164568468202386,0.0027611,,,1.0,336,,25,,,,drift,1.0
,,,,,exp3,,,,,mae,,,1.10574440722597,0.3300391663584495,0.4378157540365432,0.0017756,,,,,0.2,25,,,,drift,1.0
,,,,,fixed_share,,,,,mae,,,0.37313618805648213,0.14143793286703246,0.1708262446142331,0.0016607,,,0.05,,,25,0.01,,,drift,1.0
,,,,,passive_aggressive,,,,,mae,,,0.30358953610671036,0.09245457977414655,0.11975793210645487,0.0002086,,,,,,25,,1.0e12,0.1,drift,1.0
26948.816346520533,0.12232789999999999,0,0.1,cholesky,adaptive_ridge,510,quadratic_stacked_beta,0.061304,3.1795886616151966e-15,mae,0.0610239,5,0.4513250876607727,0.1474990528345142,0.18677423340200494,,,,,,,26,,,,drift,1.0
,0.0001437,,0.0001,,static_ridge,,,,,mae,,,0.4078597144455912,0.13713185662839655,0.17408212138121526,,,,,,,26,,,,drift,1.0
,,,,,rls,,,,,mae,,,0.35840656225941186,0.12015595824695174,0.1507580029057992,0.0077701,0.95,0.0001,,,,26,,,,drift,1.0
,,,,,hedge,,,,,mae,,,0.6183795905069204,0.2864196733115975,0.3238151141233526,0.0035776,,,1.0,24,,26,,,,drift,1.0
,,,,,exp3,,,,,mae,,,1.3256487213441648,0.4295734801981724,0.5433040524954167,0.001306,,,,,0.1,26,,,,drift,1.0
,,,,,fixed_share,,,,,mae,,,0.5902593211248098,0.19990431554354535,0.2512810140056436,0.000942,,,0.1,,,26,0.01,,,drift,1.0
,,,,,passive_aggressive,,,,,mae,,,0.3894167155940309,0.11791420587837105,0.15284324249102157,0.0001723,,,,,,26,,1.0e12,0.1,drift,1.0
405584.55051984993,0.0873139,0,0.01,cholesky,adaptive_ridge,510,quadratic_stacked_beta,0.0392434,2.4551148578996887e-15,mae,0.0480705,5,0.28737943842531843,0.08664352373559898,0.1119857605507948,,,,,,,27,,,,drift,1.0
,0.000119,,0.0001,,static_ridge,,,,,mae,,,0.20193981531367589,0.06727121712327339,0.08511377326681385,,,,,,,27,,,,drift,1.0
,,,,,rls,,,,,mae,,,0.16786970739397053,0.054479930681739286,0.06931447183243922,0.0028397,0.995,1.0e-6,,,,27,,,,drift,1.0
,,,,,hedge,,,,,mae,,,0.35015927988007717,0.11447187849095737,0.14478603139597093,0.000805,,,1.0,0,,27,,,,drift,1.0
,,,,,exp3,,,,,mae,,,0.9479641383042892,0.2079499883993754,0.30151099014741817,0.0016213,,,,,0.1,27,,,,drift,1.0
,,,,,fixed_share,,,,,mae,,,0.3276705642452242,0.1091097457612501,0.136604011767831,0.0015686,,,0.25,,,27,0.05,,,drift,1.0
,,,,,passive_aggressive,,,,,mae,,,0.17628270688473546,0.05742347119754407,0.0726947892515889,0.0001285,,,,,,27,,1.0e12,0.1,drift,1.0
25219.307156649436,0.5881981,0,0.1,cholesky,adaptive_ridge,510,quadratic_stacked_beta,0.5383106,2.1598348375072032e-15,mae,0.0498875,5,0.282850764576402,0.09804514591833816,0.12245889339608064,,,,,,,28,,,,drift,1.0
,8.57e-5,,0.01,,static_ridge,,,,,mae,,,0.24543387539549208,0.0809718374633985,0.1026235874655789,,,,,,,28,,,,drift,1.0
,,,,,rls,,,,,mae,,,0.23001587918781083,0.07798193717292519,0.09749089164881354,0.0080901,0.995,1.0e-6,,,,28,,,,drift,1.0
,,,,,hedge,,,,,mae,,,0.3384223911368525,0.11979390649658335,0.14955982759700914,0.0026833,,,1.0,72,,28,,,,drift,1.0
,,,,,exp3,,,,,mae,,,1.00498078022442,0.2374151100763491,0.33645181143688296,0.0018161,,,,,0.1,28,,,,drift,1.0
,,,,,fixed_share,,,,,mae,,,0.25683844557689944,0.08550449972105603,0.10823923696357671,0.0011415,,,0.05,,,28,0.01,,,drift,1.0
,,,,,passive_aggressive,,,,,mae,,,0.23860262093553097,0.08159669766790997,0.10196832753394022,0.0002109,,,,,,28,,1.0e12,0.1,drift,1.0
41412.351345192685,0.44874759999999997,0,0.1,cholesky,adaptive_ridge,510,quadratic_stacked_beta,0.4002148,3.0638104381137514e-15,mae,0.0485328,5,0.32145884617546305,0.10847750039862107,0.13654520186775607,,,,,,,29,,,,drift,1.0
,0.0001151,,0.0001,,static_ridge,,,,,mae,,,0.28826265824809094,0.09951193879821538,0.12450874387567433,,,,,,,29,,,,drift,1.0
,,,,,rls,,,,,mae,,,0.25384951089942925,0.0858751690663421,0.10766592691254254,0.002492,0.95,0.1,,,,29,,,,drift,1.0
,,,,,hedge,,,,,mae,,,0.3649085256402727,0.12393776124825635,0.15478259188733687,0.0019738,,,1.0,0,,29,,,,drift,1.0
,,,,,exp3,,,,,mae,,,1.1254558342491057,0.2772672154858352,0.3866889571893205,0.0017487,,,,,0.1,29,,,,drift,1.0
,,,,,fixed_share,,,,,mae,,,0.35046810753673613,0.1195506019466623,0.14929397740679706,0.0009032,,,0.05,,,29,0.02,,,drift,1.0
,,,,,passive_aggressive,,,,,mae,,,0.24610638836005172,0.08105973172059065,0.10278645085692244,0.0001501,,,,,,29,,1.0e12,0.1,drift,1.0
29894.618766544285,0.7904525,0,0.1,cholesky,adaptive_ridge,510,quadratic_stacked_beta,0.7424893,2.834410394854214e-15,mae,0.0479632,5,0.3486587310137621,0.12212147153886128,0.15184440807292204,,,,,,,30,,,,drift,1.0
,9.18e-5,,0.01,,static_ridge,,,,,mae,,,0.33239211420366893,0.12643641726239746,0.1526984889434399,,,,,,,30,,,,drift,1.0
,,,,,rls,,,,,mae,,,0.2705216801658712,0.08931872551632943,0.1129337744802279,0.008794,0.995,1.0e-6,,,,30,,,,drift,1.0
,,,,,hedge,,,,,mae,,,0.41286339220491763,0.1516086836292397,0.18517248160334066,0.002106,,,1.0,24,,30,,,,drift,1.0
,,,,,exp3,,,,,mae,,,1.2852602685561343,0.38455914261606844,0.4915472061062677,0.0011925,,,,,0.1,30,,,,drift,1.0
,,,,,fixed_share,,,,,mae,,,0.3075895457968775,0.10782464850291117,0.13416947282679242,0.0020639,,,0.05,,,30,0.01,,,drift,1.0
,,,,,passive_aggressive,,,,,mae,,,0.2927530944564205,0.09163632858645096,0.11783002797905809,0.0001841,,,,,,30,,1.0e12,0.1,drift,1.0
283500.6336817909,0.0045748,0,0.001,cholesky,adaptive_ridge,110,quadratic_stacked_beta,0.0037195,8.348373924264556e-16,mae,0.0008553,1,0.17155210105030463,0.05478608179734188,0.07021296592035142,,,,,,,1,,,,window,1.0
,8.97e-5,,0.001,,static_ridge,,,,,mae,,,0.18487866729418628,0.06230194016323979,0.07848348396917905,,,,,,,1,,,,window,1.0
,,,,,rls,,,,,mae,,,0.16150723590550217,0.05263884915064551,0.06669031759701369,0.0025024,0.995,0.1,,,,1,,,,window,1.0
,,,,,hedge,,,,,mae,,,0.4307279621805851,0.20891521000028987,0.23159691445242508,0.0023616,,,1.0,24,,1,,,,window,1.0
,,,,,exp3,,,,,mae,,,0.7908983940592816,0.23271494281508603,0.3048950417144624,0.0015343,,,,,0.1,1,,,,window,1.0
,,,,,fixed_share,,,,,mae,,,0.295504454408635,0.10078286706269464,0.12604846060986286,0.0017574,,,0.5,,,1,0.05,,,window,1.0
,,,,,passive_aggressive,,,,,mae,,,0.16914886291438477,0.05727567610560804,0.07179413969496565,0.0001383,,,,,,1,,1.0e12,0.1,window,1.0
116086.3239380597,0.0048211,0,0.01,cholesky,adaptive_ridge,110,quadratic_stacked_beta,0.0037939,7.642635782924525e-16,mae,0.0010272,1,0.2084305118502051,0.07445103661388705,0.09084018188398148,,,,,,,2,,,,window,1.0
,0.0001539,,0.01,,static_ridge,,,,,mae,,,0.2100257887555147,0.07209728228400382,0.09001700023182244,,,,,,,2,,,,window,1.0
,,,,,rls,,,,,mae,,,0.19611536866073895,0.06931787719731655,0.08563132795536331,0.0026575,0.995,0.1,,,,2,,,,window,1.0
,,,,,hedge,,,,,mae,,,0.2325767871638078,0.08206626116425177,0.10199789824837803,0.0039251,,,1.0,336,,2,,,,window,1.0
,,,,,exp3,,,,,mae,,,0.9505280170891917,0.35567350509184487,0.4286137026891908,0.0028644,,,,,0.1,2,,,,window,1.0
,,,,,fixed_share,,,,,mae,,,0.23293411830699065,0.08200120171268661,0.10182255953549592,0.0030177,,,0.01,,,2,0.005,,,window,1.0
,,,,,passive_aggressive,,,,,mae,,,0.2006189941742222,0.0698202177112568,0.08689477741264276,0.000158,,,,,,2,,1.0e12,0.1,window,1.0
682396.5367242441,0.0060457,0,0.001,cholesky,adaptive_ridge,110,quadratic_stacked_beta,0.0051247,8.413879411426296e-16,mae,0.000921,1,0.18377611318604814,0.05859745445969869,0.07474586589405738,,,,,,,3,,,,window,1.0
,0.0273297,,0.01,,static_ridge,,,,,mae,,,0.2231958700154279,0.08118172814322659,0.09882080431987289,,,,,,,3,,,,window,1.0
,,,,,rls,,,,,mae,,,0.1381771301368853,0.04676836314931355,0.058697955978291076,0.0025109,0.99,0.1,,,,3,,,,window,1.0
,,,,,hedge,,,,,mae,,,0.293231572724992,0.1100002579896433,0.13315400513906242,0.0008959,,,1.0,24,,3,,,,window,1.0
,,,,,exp3,,,,,mae,,,0.8896375353722753,0.18061310755241325,0.28450686874233655,0.0010439,,,,,0.2,3,,,,window,1.0
,,,,,fixed_share,,,,,mae,,,0.1476085701948021,0.049414407408463895,0.061933394752123935,0.0011049,,,0.1,,,3,0.005,,,window,1.0
,,,,,passive_aggressive,,,,,mae,,,0.16919393129420768,0.05782950161686671,0.07242580500410513,0.0001439,,,,,,3,,1.0e12,0.1,window,1.0
36061.41904731732,0.004721,0,0.01,cholesky,adaptive_ridge,110,quadratic_stacked_beta,0.0037847,7.060655881258221e-16,mae,0.0009363,1,0.1991517935748066,0.068971042899246,0.0856267633914104,,,,,,,4,,,,window,1.0
,9.72e-5,,0.01,,static_ridge,,,,,mae,,,0.18305703403122844,0.06543343211117121,0.08124382655340028,,,,,,,4,,,,window,1.0
,,,,,rls,,,,,mae,,,0.1729215356026235,0.06225860870364822,0.07737202808024217,0.0027186,0.995,0.1,,,,4,,,,window,1.0
,,,,,hedge,,,,,mae,,,0.2385230617138908,0.08067992992718755,0.10109131965642709,0.0009296,,,1.0,24,,4,,,,window,1.0
,,,,,exp3,,,,,mae,,,0.8289061760135936,0.26746329550934855,0.33723060312691494,0.0017218,,,,,0.1,4,,,,window,1.0
,,,,,fixed_share,,,,,mae,,,0.20868528516558588,0.07227086856801361,0.09024922237212511,0.0009874,,,0.05,,,4,0.02,,,window,1.0
,,,,,passive_aggressive,,,,,mae,,,0.19400056838862428,0.06502214748457769,0.0821867458015513,0.0001443,,,,,,4,,1.0e12,0.1,window,1.0
1.750319290593472e6,0.0045645,0,0.001,cholesky,adaptive_ridge,110,quadratic_stacked_beta,0.003634,6.35734145270199e-16,mae,0.0009305,1,0.13430003191090742,0.04751501303085476,0.058851344090325594,,,,,,,5,,,,window,1.0
,9.35e-5,,0.001,,static_ridge,,,,,mae,,,0.13352419093998363,0.046419615380293204,0.05749563463856703,,,,,,,5,,,,window,1.0
,,,,,rls,,,,,mae,,,0.12241492103948587,0.043275525656496075,0.05385930552950398,0.0046852,0.995,0.1,,,,5,,,,window,1.0
,,,,,hedge,,,,,mae,,,0.21012839699201577,0.07083252059168027,0.0892032342414311,0.0008436,,,1.0,0,,5,,,,window,1.0
,,,,,exp3,,,,,mae,,,0.7074558695794627,0.19590837797204227,0.2554201626508102,0.0011567,,,,,0.1,5,,,,window,1.0
,,,,,fixed_share,,,,,mae,,,0.15795901866328493,0.05418480896035117,0.06809198555011022,0.0018266,,,0.05,,,5,0.01,,,window,1.0
,,,,,passive_aggressive,,,,,mae,,,0.1457077335073538,0.05110927625228515,0.06346723437578526,9.87e-5,,,,,,5,,1.0e12,0.1,window,1.0
68589.02966015009,0.004440899999999999,0,0.01,cholesky,adaptive_ridge,110,quadratic_stacked_beta,0.0034996,6.313683098972226e-16,mae,0.0009413,1,0.31640316556046966,0.10361658836353002,0.13128396756671307,,,,,,,6,,,,window,1.0
,9.42e-5,,0.01,,static_ridge,,,,,mae,,,0.3346328189095081,0.11986925923553192,0.14731230930230604,,,,,,,6,,,,window,1.0
,,,,,rls,,,,,mae,,,0.2749522364531735,0.09078327005414942,0.11561695524508236,0.0277676,0.98,1.0e-6,,,,6,,,,window,1.0
,,,,,hedge,,,,,mae,,,0.4171276018160625,0.15210507399872283,0.18645226073982002,0.0010168,,,1.0,24,,6,,,,window,1.0
,,,,,exp3,,,,,mae,,,1.0117406415014423,0.3813906986053922,0.4490017259647219,0.0010101,,,,,0.05,6,,,,window,1.0
,,,,,fixed_share,,,,,mae,,,0.4069023507918456,0.14141727454513034,0.17604787143958198,0.0016487,,,0.1,,,6,0.02,,,window,1.0
,,,,,passive_aggressive,,,,,mae,,,0.30947297684540936,0.09240504608121855,0.1204324651768481,0.0001568,,,,,,6,,1.0e12,0.1,window,1.0
8563.377133707208,0.0041409,0,0.01,cholesky,adaptive_ridge,110,quadratic_stacked_beta,0.0032675,7.276571913343998e-16,mae,0.0008734,1,0.23724902211378332,0.08033092945850413,0.10114700090210328,,,,,,,7,,,,window,1.0
,8.4e-5,,0.01,,static_ridge,,,,,mae,,,0.24441645204881973,0.07974548638667443,0.1013859908690247,,,,,,,7,,,,window,1.0
,,,,,rls,,,,,mae,,,0.23255223630273522,0.07718158146223414,0.09752879925351786,0.0132993,0.995,0.1,,,,7,,,,window,1.0
,,,,,hedge,,,,,mae,,,0.25903424778310635,0.08623560704456482,0.1091196847300239,0.0007912,,,1.0,0,,7,,,,window,1.0
,,,,,exp3,,,,,mae,,,0.8833715493329737,0.23978327376912048,0.32373410301323174,0.0266784,,,,,0.2,7,,,,window,1.0
,,,,,fixed_share,,,,,mae,,,0.2676274093787746,0.08530061831143365,0.10954731323658143,0.0010309,,,0.05,,,7,0.01,,,window,1.0
,,,,,passive_aggressive,,,,,mae,,,0.24999738836282784,0.08023314108732583,0.1026978965525089,0.0002372,,,,,,7,,1.0e12,0.1,window,1.0
97800.3699857891,0.0048512,0,0.001,cholesky,adaptive_ridge,110,quadratic_stacked_beta,0.0039013,6.905038414239346e-16,mae,0.0009499,1,0.17547158208514824,0.06046329960882548,0.07549426867806222,,,,,,,8,,,,window,1.0
,0.0001239,,0.0001,,static_ridge,,,,,mae,,,0.16978018478549545,0.0592871209228417,0.07387462220940716,,,,,,,8,,,,window,1.0
,,,,,rls,,,,,mae,,,0.16168619099894282,0.05696196859295,0.07045760356580263,0.0025883,0.995,0.1,,,,8,,,,window,1.0
,,,,,hedge,,,,,mae,,,0.26286878235167177,0.08510394630858409,0.10800235623183435,0.0008412,,,0.01,0,,8,,,,window,1.0
,,,,,exp3,,,,,mae,,,0.76889722818504,0.2849616839060336,0.3423490817485267,0.001078,,,,,0.1,8,,,,window,1.0
,,,,,fixed_share,,,,,mae,,,0.2645811818256606,0.0857642041986232,0.10874927348719313,0.0009502,,,0.01,,,8,0.1,,,window,1.0
,,,,,passive_aggressive,,,,,mae,,,0.16353267554112516,0.05980948694704145,0.07364779938109432,0.0001305,,,,,,8,,1.0e12,0.1,window,1.0
4615.159873547695,0.0054119,0,0.1,cholesky,adaptive_ridge,110,quadratic_stacked_beta,0.0037586,7.413583869354331e-16,mae,0.0016533,1,0.24633464383772893,0.08867915389972474,0.1095391745177521,,,,,,,9,,,,window,1.0
,8.88e-5,,0.1,,static_ridge,,,,,mae,,,0.24685814218139118,0.08863031180407924,0.10925350789467855,,,,,,,9,,,,window,1.0
,,,,,rls,,,,,mae,,,0.23933341236054306,0.083710269352733,0.10472581608704097,0.0024428,0.995,0.1,,,,9,,,,window,1.0
,,,,,hedge,,,,,mae,,,0.288841800954302,0.09852788192090634,0.1238629034374165,0.0016463,,,0.01,0,,9,,,,window,1.0
,,,,,exp3,,,,,mae,,,0.9318536075667341,0.29527234168809807,0.3762183427451998,0.0012764,,,,,0.1,9,,,,window,1.0
,,,,,fixed_share,,,,,mae,,,0.28955300437239445,0.09873539499906052,0.12413873052540629,0.0012626,,,0.01,,,9,0.1,,,window,1.0
,,,,,passive_aggressive,,,,,mae,,,0.25291235107781185,0.08382410736961511,0.10643784980109691,0.0001712,,,,,,9,,1.0e12,0.1,window,1.0
57325.56600679523,0.0049362,0,0.01,cholesky,adaptive_ridge,110,quadratic_stacked_beta,0.0039485,6.781326732071404e-16,mae,0.0009877,1,0.17140868061960973,0.058000210608184916,0.07231945361745867,,,,,,,10,,,,window,1.0
,0.0001108,,0.01,,static_ridge,,,,,mae,,,0.17024426685147212,0.05794255950378842,0.0723756645627376,,,,,,,10,,,,window,1.0
,,,,,rls,,,,,mae,,,0.1611164940927139,0.055650546282209085,0.06954589861715472,0.083354,0.995,0.1,,,,10,,,,window,1.0
,,,,,hedge,,,,,mae,,,0.3384163422667968,0.14597351808476855,0.17047205378664435,0.0024311,,,1.0,336,,10,,,,window,1.0
,,,,,exp3,,,,,mae,,,0.7322239673275946,0.16246117532771248,0.23936922355890314,0.0018802,,,,,0.1,10,,,,window,1.0
,,,,,fixed_share,,,,,mae,,,0.30595419792378153,0.10435491209551621,0.13100524876726477,0.00111,,,0.25,,,10,0.02,,,window,1.0
,,,,,passive_aggressive,,,,,mae,,,0.16651318604168674,0.05796302709183534,0.0723879954401935,0.0001505,,,,,,10,,1.0e12,0.1,window,1.0
30271.357861921908,0.0049291000000000005,0,0.01,cholesky,adaptive_ridge,110,quadratic_stacked_beta,0.0039347,7.644444344592333e-16,mae,0.0009944,1,0.22560849610669742,0.07630466212126437,0.09589953294537773,,,,,,,11,,,,window,1.0
,0.0001036,,0.01,,static_ridge,,,,,mae,,,0.22179972152720018,0.07584814551518011,0.09513799194951793,,,,,,,11,,,,window,1.0
,,,,,rls,,,,,mae,,,0.21706248278219722,0.07409498927407977,0.09209859963069383,0.0089215,0.995,0.1,,,,11,,,,window,1.0
,,,,,hedge,,,,,mae,,,0.3172762812291652,0.11983066643548644,0.1449290843835479,0.0010685,,,1.0,24,,11,,,,window,1.0
,,,,,exp3,,,,,mae,,,0.8344603672880428,0.2580128306461405,0.3344231054975238,0.0011037,,,,,0.2,11,,,,window,1.0
,,,,,fixed_share,,,,,mae,,,0.2711115467957225,0.09471995024478096,0.11796928867013975,0.0009556,,,0.05,,,11,0.005,,,window,1.0
,,,,,passive_aggressive,,,,,mae,,,0.22336798531994398,0.07519407805238026,0.0944012119479718,0.0002438,,,,,,11,,1.0e12,0.1,window,1.0
22522.535401496167,0.0048563,0,0.01,cholesky,adaptive_ridge,110,quadratic_stacked_beta,0.0039057,7.383689034205686e-16,mae,0.0009506,1,0.2149440311765241,0.07142747382066444,0.09047681717242098,,,,,,,12,,,,window,1.0
,9.93e-5,,0.01,,static_ridge,,,,,mae,,,0.21671530508095807,0.07138324682916589,0.09071315633149855,,,,,,,12,,,,window,1.0
,,,,,rls,,,,,mae,,,0.20421209266027376,0.06734019818809256,0.08546526565698051,0.0081079,0.995,1.0e-6,,,,12,,,,window,1.0
,,,,,hedge,,,,,mae,,,0.24582880098873303,0.08267691313891103,0.10352083724782639,0.0018742,,,1.0,0,,12,,,,window,1.0
,,,,,exp3,,,,,mae,,,0.8092378059534241,0.2769088012765567,0.3417995045249321,0.0010844,,,,,0.1,12,,,,window,1.0
,,,,,fixed_share,,,,,mae,,,0.24608961497148404,0.08319969738838509,0.10433341669149158,0.0009596,,,0.01,,,12,0.01,,,window,1.0
,,,,,passive_aggressive,,,,,mae,,,0.22021390973183366,0.07003131957763856,0.09032169721498938,0.0001469,,,,,,12,,1.0e12,0.1,window,1.0
165119.53801605845,0.004559,0,0.01,cholesky,adaptive_ridge,110,quadratic_stacked_beta,0.0036639,7.405704982314126e-16,mae,0.0008951,1,0.18490814899854768,0.06233103891817019,0.07859302236601157,,,,,,,13,,,,window,1.0
,9.57e-5,,0.0001,,static_ridge,,,,,mae,,,0.18667628268759034,0.06338787683949348,0.07980283813172784,,,,,,,13,,,,window,1.0
,,,,,rls,,,,,mae,,,0.17613808726395244,0.058221131057297044,0.07321858826997549,0.0079273,0.995,0.1,,,,13,,,,window,1.0
,,,,,hedge,,,,,mae,,,0.28588177046817415,0.10170751134480117,0.1260016775165405,0.0023452,,,0.25,0,,13,,,,window,1.0
,,,,,exp3,,,,,mae,,,0.9307446789179007,0.3126769206547629,0.38806013267928635,0.0010566,,,,,0.2,13,,,,window,1.0
,,,,,fixed_share,,,,,mae,,,0.25786156962447343,0.08820893907846783,0.11063189594400613,0.0019128,,,0.25,,,13,0.05,,,window,1.0
,,,,,passive_aggressive,,,,,mae,,,0.192698934820903,0.06057322042600924,0.07774559022940673,0.0001487,,,,,,13,,1.0e12,0.1,window,1.0
7044.488596632861,0.4437738,0,0.1,cholesky,adaptive_ridge,110,quadratic_stacked_beta,0.4428087,5.461321676515169e-16,mae,0.0009651,1,0.313087127242644,0.10970818625754077,0.13707513251360665,,,,,,,14,,,,window,1.0
,8.04e-5,,0.1,,static_ridge,,,,,mae,,,0.3151390344486258,0.10743064353420866,0.13504629192348533,,,,,,,14,,,,window,1.0
,,,,,rls,,,,,mae,,,0.3001260397225624,0.09652742617389634,0.12305286414579988,0.0024841,0.98,0.01,,,,14,,,,window,1.0
,,,,,hedge,,,,,mae,,,0.335036926790658,0.11772632025847649,0.14584185144122094,0.0010822,,,1.0,72,,14,,,,window,1.0
,,,,,exp3,,,,,mae,,,0.9228494869259469,0.2275729672957513,0.3163925566732033,0.0011654,,,,,0.2,14,,,,window,1.0
,,,,,fixed_share,,,,,mae,,,0.2993919287794196,0.10289463746951628,0.12839187332205462,0.0010363,,,0.05,,,14,0.01,,,window,1.0
,,,,,passive_aggressive,,,,,mae,,,0.3366230021549635,0.10310403572285196,0.13293391528743337,0.000191,,,,,,14,,1.0e12,0.1,window,1.0
17631.562940545093,0.0043730999999999996,0,0.1,cholesky,adaptive_ridge,110,quadratic_stacked_beta,0.0033642,7.964629152901884e-16,mae,0.0010089,1,0.3190794277178491,0.10959731126116089,0.13688581937969982,,,,,,,15,,,,window,1.0
,0.0001098,,0.1,,static_ridge,,,,,mae,,,0.31303725690084405,0.10772692316768001,0.1348884311760078,,,,,,,15,,,,window,1.0
,,,,,rls,,,,,mae,,,0.3148394860335894,0.09974049279027619,0.12879382895082697,0.0039585,0.95,0.01,,,,15,,,,window,1.0
,,,,,hedge,,,,,mae,,,0.4255159634203406,0.18080769915445807,0.21109590813058013,0.0021783,,,1.0,24,,15,,,,window,1.0
,,,,,exp3,,,,,mae,,,1.0978966581586453,0.3343099866540617,0.43811446511464497,0.0016533,,,,,0.1,15,,,,window,1.0
,,,,,fixed_share,,,,,mae,,,0.3593057437343983,0.12279202485287447,0.1541451558374481,0.0017078,,,0.05,,,15,0.005,,,window,1.0
,,,,,passive_aggressive,,,,,mae,,,0.3748415140106583,0.10711275067408464,0.1418877678739849,0.0012832,,,,,,15,,1.0e12,0.1,window,1.0
55356.75488950225,0.0177333,0,0.01,cholesky,adaptive_ridge,110,quadratic_stacked_beta,0.009423,5.608927316480888e-16,mae,0.0083103,1,0.2007502534337663,0.07013391182292722,0.08767799353428542,,,,,,,16,,,,window,1.0
,0.0001104,,0.01,,static_ridge,,,,,mae,,,0.20238946528403645,0.06986104758963516,0.08782060879245342,,,,,,,16,,,,window,1.0
,,,,,rls,,,,,mae,,,0.19163869834879216,0.06650715406389777,0.083214369035415,0.0019493,0.995,0.1,,,,16,,,,window,1.0
,,,,,hedge,,,,,mae,,,0.2510100650640427,0.09037314728342898,0.11191619369857118,0.0008437,,,0.01,0,,16,,,,window,1.0
,,,,,exp3,,,,,mae,,,0.8155003526292581,0.20922798777648652,0.28700371103388994,0.0017968,,,,,0.2,16,,,,window,1.0
,,,,,fixed_share,,,,,mae,,,0.25154523814667457,0.09074361095908116,0.11230483266476417,0.0018165,,,0.01,,,16,0.1,,,window,1.0
,,,,,passive_aggressive,,,,,mae,,,0.20843429625400234,0.07066696136115179,0.08848908271557283,0.0001495,,,,,,16,,1.0e12,0.1,window,1.0
149771.14908388778,0.0046513,0,0.01,cholesky,adaptive_ridge,110,quadratic_stacked_beta,0.003655,8.755113465090672e-16,mae,0.0009963,1,0.1895158818975891,0.06418029740319743,0.08136916403693778,,,,,,,17,,,,window,1.0
,8.83e-5,,0.01,,static_ridge,,,,,mae,,,0.19418457572636671,0.0650389653727623,0.081920407996403,,,,,,,17,,,,window,1.0
,,,,,rls,,,,,mae,,,0.18164630561458048,0.0600435607693447,0.07570163391033578,0.1167391,0.995,1.0e-6,,,,17,,,,window,1.0
,,,,,hedge,,,,,mae,,,0.2924405506260153,0.11525346206150283,0.13846934760150642,0.0010114,,,1.0,24,,17,,,,window,1.0
,,,,,exp3,,,,,mae,,,0.7408118967082299,0.26644811608774305,0.3203864941492506,0.0020368,,,,,0.1,17,,,,window,1.0
,,,,,fixed_share,,,,,mae,,,0.22830489682334906,0.08085728779276558,0.1009110794332172,0.0015233,,,0.1,,,17,0.02,,,window,1.0
,,,,,passive_aggressive,,,,,mae,,,0.18451109965284992,0.06410028452744024,0.08015877443461288,0.0002051,,,,,,17,,1.0e12,0.1,window,1.0
254156.5204905928,0.0044409,0,0.001,cholesky,adaptive_ridge,110,quadratic_stacked_beta,0.0034894,8.827254228293375e-16,mae,0.0009515,1,0.16602552170980264,0.0579747599271997,0.07202340765900384,,,,,,,18,,,,window,1.0
,8.51e-5,,0.001,,static_ridge,,,,,mae,,,0.16068397902110285,0.0573097906294586,0.07076773934452542,,,,,,,18,,,,window,1.0
,,,,,rls,,,,,mae,,,0.15719326372217407,0.055833329452598016,0.06874819376740263,0.0024822,0.995,0.1,,,,18,,,,window,1.0
,,,,,hedge,,,,,mae,,,0.25827084887026985,0.08255872221060993,0.10563516299483415,0.0021453,,,1.0,0,,18,,,,window,1.0
,,,,,exp3,,,,,mae,,,0.9145624474650051,0.28996112552596676,0.3522986716711297,0.0021799,,,,,0.2,18,,,,window,1.0
,,,,,fixed_share,,,,,mae,,,0.2664720371915227,0.08377577808384701,0.10776549323128937,0.0024153,,,0.01,,,18,0.005,,,window,1.0
,,,,,passive_aggressive,,,,,mae,,,0.16489997923768493,0.0558884963894822,0.07040953786463947,0.0001487,,,,,,18,,1.0e12,0.1,window,1.0
13706.350174575673,0.005744,0,0.01,cholesky,adaptive_ridge,110,quadratic_stacked_beta,0.0048852,5.939445937972493e-16,mae,0.0008588,1,0.23941059801601935,0.0858154230353391,0.10554441120888443,,,,,,,19,,,,window,1.0
,8.44e-5,,0.01,,static_ridge,,,,,mae,,,0.26534766012922967,0.10126856458013526,0.12239244462639493,,,,,,,19,,,,window,1.0
,,,,,rls,,,,,mae,,,0.21886395503825823,0.07493456154033827,0.09341459610425004,0.0024166,0.98,0.0001,,,,19,,,,window,1.0
,,,,,hedge,,,,,mae,,,0.29180832784632715,0.1043936702296371,0.12911186123306106,0.0010126,,,1.0,72,,19,,,,window,1.0
,,,,,exp3,,,,,mae,,,0.7674600410470833,0.24793667291327107,0.31018421210545194,0.0018475,,,,,0.1,19,,,,window,1.0
,,,,,fixed_share,,,,,mae,,,0.28762800975529773,0.10416942692896325,0.12857925832281553,0.0009689,,,0.05,,,19,0.02,,,window,1.0
,,,,,passive_aggressive,,,,,mae,,,0.23001543063610932,0.07675541786056898,0.09701991404014175,0.0001604,,,,,,19,,1.0e12,0.1,window,1.0
102170.81643407038,0.004325,0,0.001,cholesky,adaptive_ridge,110,quadratic_stacked_beta,0.0033571,8.450014379957562e-16,mae,0.0009679,1,0.1577266895646423,0.0544720897195082,0.06814458398027715,,,,,,,20,,,,window,1.0
,0.0001147,,0.0001,,static_ridge,,,,,mae,,,0.14149777279209658,0.0470079238804436,0.05990350596575299,,,,,,,20,,,,window,1.0
,,,,,rls,,,,,mae,,,0.13561045841667518,0.044336680046807436,0.05633544910209395,0.0078344,0.995,1.0e-6,,,,20,,,,window,1.0
,,,,,hedge,,,,,mae,,,0.28915085573729316,0.09925256388715235,0.12391859426202931,0.0008477,,,0.01,0,,20,,,,window,1.0
,,,,,exp3,,,,,mae,,,0.8417903042029303,0.2540509181622264,0.33122307098034304,0.0009971,,,,,0.2,20,,,,window,1.0
,,,,,fixed_share,,,,,mae,,,0.2833082059260935,0.09796223985436557,0.12225135585638076,0.0009397,,,0.01,,,20,0.005,,,window,1.0
,,,,,passive_aggressive,,,,,mae,,,0.15025830471604465,0.05198254278791295,0.06512898954742202,0.0001527,,,,,,20,,1.0e12,0.1,window,1.0
59041.59239180469,0.005327,0,0.001,cholesky,adaptive_ridge,110,quadratic_stacked_beta,0.0043938,7.564349188644372e-16,mae,0.0009332,1,0.2130089933997388,0.07023862002987988,0.08881673551563268,,,,,,,21,,,,window,1.0
,0.0001478,,0.0001,,static_ridge,,,,,mae,,,0.22006645850020043,0.07397134347065264,0.093070455874823,,,,,,,21,,,,window,1.0
,,,,,rls,,,,,mae,,,0.17049791173541262,0.05829012432620005,0.07330329115774767,0.0076011,0.995,1.0e-6,,,,21,,,,window,1.0
,,,,,hedge,,,,,mae,,,0.200778141420455,0.06797604142618312,0.08544396783474428,0.0008214,,,0.5,0,,21,,,,window,1.0
,,,,,exp3,,,,,mae,,,0.7560201215308655,0.2623200913681688,0.32283561029559,0.0019638,,,,,0.05,21,,,,window,1.0
,,,,,fixed_share,,,,,mae,,,0.20110597030467983,0.0683552754108625,0.08576925688579996,0.0010604,,,0.01,,,21,0.02,,,window,1.0
,,,,,passive_aggressive,,,,,mae,,,0.18133556051412075,0.05915228753680813,0.07545182850034231,0.0001468,,,,,,21,,1.0e12,0.1,window,1.0
104735.68003751468,0.0046791,0,0.01,cholesky,adaptive_ridge,110,quadratic_stacked_beta,0.003659,7.214612342021829e-16,mae,0.0010201,1,0.15614421973674655,0.04991683532108061,0.06325056296263425,,,,,,,22,,,,window,1.0
,9.1e-5,,0.001,,static_ridge,,,,,mae,,,0.15043940743128142,0.050165644857245645,0.06364274867681778,,,,,,,22,,,,window,1.0
,,,,,rls,,,,,mae,,,0.1412675034167916,0.045834931666762016,0.05834524522931382,0.0025463,0.995,0.1,,,,22,,,,window,1.0
,,,,,hedge,,,,,mae,,,0.2332351059166917,0.07447481130830606,0.09504167443725695,0.0009076,,,1.0,24,,22,,,,window,1.0
,,,,,exp3,,,,,mae,,,0.6269275992752393,0.18674325353258253,0.23732061152733588,0.000948,,,,,0.1,22,,,,window,1.0
,,,,,fixed_share,,,,,mae,,,0.15924061294845987,0.053260898678787714,0.06687903934041661,0.0008686,,,0.05,,,22,0.005,,,window,1.0
,,,,,passive_aggressive,,,,,mae,,,0.1621822476648967,0.052435709265390304,0.06692965918633732,0.0001272,,,,,,22,,1.0e12,0.1,window,1.0
211287.67594029586,0.005426,0,0.001,cholesky,adaptive_ridge,110,quadratic_stacked_beta,0.0045285,7.513392730570601e-16,mae,0.0008975,1,0.1296012807156241,0.04498925978696539,0.05606719586867124,,,,,,,23,,,,window,1.0
,0.0001088,,0.0001,,static_ridge,,,,,mae,,,0.13614353134305593,0.046065826707790754,0.05833732855624639,,,,,,,23,,,,window,1.0
,,,,,rls,,,,,mae,,,0.11858578055651885,0.04162985358100308,0.052140104766592386,0.0089576,0.995,0.1,,,,23,,,,window,1.0
,,,,,hedge,,,,,mae,,,0.31210919901770534,0.11045273623738251,0.13717011327014642,0.0078529,,,1.0,336,,23,,,,window,1.0
,,,,,exp3,,,,,mae,,,0.8310342531568655,0.21685322793651535,0.2968714409416686,0.0009883,,,,,0.1,23,,,,window,1.0
,,,,,fixed_share,,,,,mae,,,0.2255477917789984,0.07674493610754608,0.09583140190579428,0.0009415,,,0.5,,,23,0.05,,,window,1.0
,,,,,passive_aggressive,,,,,mae,,,0.13161355516710196,0.046859782743096996,0.05817780746205533,0.0001296,,,,,,23,,1.0e12,0.1,window,1.0
74822.1361806413,0.0046889,0,0.01,cholesky,adaptive_ridge,110,quadratic_stacked_beta,0.0037745,6.047097742953838e-16,mae,0.0009144,1,0.2138082439767893,0.07464012267742591,0.09245793715959061,,,,,,,24,,,,window,1.0
,0.0001686,,0.0001,,static_ridge,,,,,mae,,,0.2444183757454849,0.08346178180225888,0.10469644938954174,,,,,,,24,,,,window,1.0
,,,,,rls,,,,,mae,,,0.1793414262228641,0.057785278362323556,0.07355181928457905,0.0037276,0.99,0.1,,,,24,,,,window,1.0
,,,,,hedge,,,,,mae,,,0.2305220311093008,0.07818528106421761,0.09781633570902776,0.0024478,,,1.0,0,,24,,,,window,1.0
,,,,,exp3,,,,,mae,,,0.8344758980129316,0.24931521531515263,0.3218763579398014,0.0010867,,,,,0.2,24,,,,window,1.0
,,,,,fixed_share,,,,,mae,,,0.20678744452683476,0.06821815247396396,0.08649559434339776,0.001729,,,0.05,,,24,0.01,,,window,1.0
,,,,,passive_aggressive,,,,,mae,,,0.20258844091993858,0.06355784911743875,0.08139266025414871,0.000133,,,,,,24,,1.0e12,0.1,window,1.0
35752.46489843231,0.0044399,0,0.1,cholesky,adaptive_ridge,110,quadratic_stacked_beta,0.0035171,6.004449063730082e-16,mae,0.0009228,1,0.24400726283568994,0.08396845983923097,0.10482510649442611,,,,,,,25,,,,window,1.0
,9.01e-5,,0.1,,static_ridge,,,,,mae,,,0.24943249381964105,0.08477079337441486,0.10651832708535056,,,,,,,25,,,,window,1.0
,,,,,rls,,,,,mae,,,0.22329541076828907,0.07151996318704264,0.09099755675928148,0.0026694,0.95,0.1,,,,25,,,,window,1.0
,,,,,hedge,,,,,mae,,,0.33791176266136674,0.16132600545016296,0.18145549256056784,0.0010034,,,1.0,336,,25,,,,window,1.0
,,,,,exp3,,,,,mae,,,0.777512071405914,0.31267711233439344,0.3641066390604588,0.0010711,,,,,0.05,25,,,,window,1.0
,,,,,fixed_share,,,,,mae,,,0.2996324919314596,0.13052228316411082,0.15032849436853354,0.0017783,,,0.1,,,25,0.01,,,window,1.0
,,,,,passive_aggressive,,,,,mae,,,0.25714058725810846,0.08071874564943428,0.10312815420317549,0.0001749,,,,,,25,,1.0e12,0.1,window,1.0
16720.925871136045,0.0047413,0,0.01,cholesky,adaptive_ridge,110,quadratic_stacked_beta,0.0037459,5.723641179706052e-16,mae,0.0009954,1,0.23176964979828546,0.08021803775271985,0.10062618558389307,,,,,,,26,,,,window,1.0
,8.62e-5,,0.001,,static_ridge,,,,,mae,,,0.2404395276456878,0.0807393207115924,0.10278161168260401,,,,,,,26,,,,window,1.0
,,,,,rls,,,,,mae,,,0.22773093195962754,0.07664165605608296,0.09653090476802395,0.0086146,0.98,1.0e-6,,,,26,,,,window,1.0
,,,,,hedge,,,,,mae,,,0.37784248030154294,0.1803340278700402,0.20255334144725795,0.0022547,,,1.0,24,,26,,,,window,1.0
,,,,,exp3,,,,,mae,,,0.8949448514732319,0.2870729359820149,0.36372795185952495,0.5028919,,,,,0.2,26,,,,window,1.0
,,,,,fixed_share,,,,,mae,,,0.3732056089645716,0.15606138235833444,0.18204656694191687,0.0008861,,,0.25,,,26,0.05,,,window,1.0
,,,,,passive_aggressive,,,,,mae,,,0.23183673269509025,0.07932901606148537,0.09952918039031548,0.0001403,,,,,,26,,1.0e12,0.1,window,1.0
238962.134334519,0.0040852,0,0.001,cholesky,adaptive_ridge,110,quadratic_stacked_beta,0.0032324,9.382913864189606e-16,mae,0.0008528,1,0.1527646547068619,0.05103756674777637,0.06430443552055659,,,,,,,27,,,,window,1.0
,8.57e-5,,0.001,,static_ridge,,,,,mae,,,0.15888478659533234,0.05402812961670505,0.06792924084655108,,,,,,,27,,,,window,1.0
,,,,,rls,,,,,mae,,,0.14200288330226377,0.04637602675919656,0.05869343847493325,0.0067904,0.995,1.0e-6,,,,27,,,,window,1.0
,,,,,hedge,,,,,mae,,,0.23573400986059226,0.08220138339795655,0.10253827232148054,0.0019741,,,1.0,0,,27,,,,window,1.0
,,,,,exp3,,,,,mae,,,0.6769125378222351,0.14542208371815266,0.21736488495946207,0.0014592,,,,,0.1,27,,,,window,1.0
,,,,,fixed_share,,,,,mae,,,0.20468200325618316,0.06968625041940894,0.08734926163389616,0.0008263,,,0.5,,,27,0.05,,,window,1.0
,,,,,passive_aggressive,,,,,mae,,,0.15917412066982173,0.05189963085315309,0.06560357371746672,0.00012,,,,,,27,,1.0e12,0.1,window,1.0
86166.46537808471,0.0045196,0,0.001,cholesky,adaptive_ridge,110,quadratic_stacked_beta,0.0036731,8.035309548018325e-16,mae,0.0008465,1,0.18195304082954805,0.06366011472639738,0.0792737293858946,,,,,,,28,,,,window,1.0
,0.0001011,,0.001,,static_ridge,,,,,mae,,,0.18275108118572753,0.06146122435603038,0.0773759269686257,,,,,,,28,,,,window,1.0
,,,,,rls,,,,,mae,,,0.17494597829698588,0.06023366427678969,0.07539201212169529,0.0083776,0.995,1.0e-6,,,,28,,,,window,1.0
,,,,,hedge,,,,,mae,,,0.27452580462763815,0.09694977929358464,0.12033778300914431,0.0017593,,,1.0,72,,28,,,,window,1.0
,,,,,exp3,,,,,mae,,,0.719103567276871,0.15254914890228582,0.23060347882350973,0.0688204,,,,,0.1,28,,,,window,1.0
,,,,,fixed_share,,,,,mae,,,0.1782373331976065,0.06128062849794099,0.07680396146557647,0.0010895,,,0.05,,,28,0.005,,,window,1.0
,,,,,passive_aggressive,,,,,mae,,,0.1962733665340126,0.06441985843083274,0.08149524826081454,0.0001658,,,,,,28,,1.0e12,0.1,window,1.0
40198.36881142518,0.0041383999999999995,0,0.01,cholesky,adaptive_ridge,110,quadratic_stacked_beta,0.0032974,6.670006125585279e-16,mae,0.000841,1,0.20688211149074834,0.0694303387988113,0.08702260675866291,,,,,,,29,,,,window,1.0
,9.7e-5,,0.01,,static_ridge,,,,,mae,,,0.21039160406011972,0.07087168036267005,0.08867761186341253,,,,,,,29,,,,window,1.0
,,,,,rls,,,,,mae,,,0.18377641063280492,0.0651680074963615,0.0809751658970706,0.0093274,0.995,0.1,,,,29,,,,window,1.0
,,,,,hedge,,,,,mae,,,0.24170951365306714,0.07992233432066836,0.1005405374914922,0.0024418,,,1.0,336,,29,,,,window,1.0
,,,,,exp3,,,,,mae,,,0.8884256116870018,0.23702350799251404,0.3193536980361755,0.0016605,,,,,0.2,29,,,,window,1.0
,,,,,fixed_share,,,,,mae,,,0.24145933330758967,0.0802765633636932,0.10094861757775263,0.0008903,,,0.01,,,29,0.005,,,window,1.0
,,,,,passive_aggressive,,,,,mae,,,0.18833004734820932,0.06645737964517044,0.08238907943381177,0.0001383,,,,,,29,,1.0e12,0.1,window,1.0
19880.319588093684,0.0051205,0,0.01,cholesky,adaptive_ridge,110,quadratic_stacked_beta,0.004126,6.35070069014505e-16,mae,0.0009945,1,0.23068926709798745,0.08226279355501027,0.10215223661718616,,,,,,,30,,,,window,1.0
,9.97e-5,,0.01,,static_ridge,,,,,mae,,,0.2681237104440177,0.10628204496691289,0.12676033278317406,,,,,,,30,,,,window,1.0
,,,,,rls,,,,,mae,,,0.21102284428226006,0.07005991849092323,0.08817235866109359,0.0080597,0.99,0.1,,,,30,,,,window,1.0
,,,,,hedge,,,,,mae,,,0.37509058862910344,0.14851555960774304,0.17597804187519556,0.0020689,,,1.0,24,,30,,,,window,1.0
,,,,,exp3,,,,,mae,,,0.948794377398713,0.30448921833012443,0.3888515652638487,0.0011198,,,,,0.2,30,,,,window,1.0
,,,,,fixed_share,,,,,mae,,,0.29664845772342396,0.10149275654737028,0.12724015325754134,0.0010419,,,0.1,,,30,0.02,,,window,1.0
,,,,,passive_aggressive,,,,,mae,,,0.223203652645055,0.07404637491807081,0.09352867953661068,0.0001759,,,,,,30,,1.0e12,0.1,window,1.0
596249.9189204973,0.012372499999999998,0,0.0001,cholesky,adaptive_ridge,210,quadratic_stacked_beta,0.0082642,1.1581037052485578e-15,mae,0.0041083,2,0.17586313256749128,0.05674529306702834,0.07231343583000643,,,,,,,1,,,,window,2.0
,0.0002941,,0.001,,static_ridge,,,,,mae,,,0.18487866729418628,0.06230194016323979,0.07848348396917905,,,,,,,1,,,,window,2.0
,,,,,rls,,,,,mae,,,0.16150723590550217,0.05263884915064551,0.06669031759701369,0.0028682,0.995,0.1,,,,1,,,,window,2.0
,,,,,hedge,,,,,mae,,,0.4307279621805851,0.20891521000028987,0.23159691445242508,0.0023935,,,1.0,24,,1,,,,window,2.0
,,,,,exp3,,,,,mae,,,0.7908983940592816,0.23271494281508603,0.3048950417144624,0.0018933,,,,,0.1,1,,,,window,2.0
,,,,,fixed_share,,,,,mae,,,0.295504454408635,0.10078286706269464,0.12604846060986286,0.0022163,,,0.5,,,1,0.05,,,window,2.0
,,,,,passive_aggressive,,,,,mae,,,0.16914886291438477,0.05727567610560804,0.07179413969496565,0.0001271,,,,,,1,,1.0e12,0.1,window,2.0
235122.2741507949,0.0133752,0,0.01,cholesky,adaptive_ridge,210,quadratic_stacked_beta,0.0089665,1.375054736382134e-15,mae,0.0044087,2,0.21344998274884733,0.07674317105686355,0.09381351683207204,,,,,,,2,,,,window,2.0
,9.63e-5,,0.01,,static_ridge,,,,,mae,,,0.2100257887555147,0.07209728228400382,0.09001700023182244,,,,,,,2,,,,window,2.0
,,,,,rls,,,,,mae,,,0.19611536866073895,0.06931787719731655,0.08563132795536331,0.0072062,0.995,0.1,,,,2,,,,window,2.0
,,,,,hedge,,,,,mae,,,0.2325767871638078,0.08206626116425177,0.10199789824837803,0.0010616,,,1.0,336,,2,,,,window,2.0
,,,,,exp3,,,,,mae,,,0.9505280170891917,0.35567350509184487,0.4286137026891908,0.0013183,,,,,0.1,2,,,,window,2.0
,,,,,fixed_share,,,,,mae,,,0.23293411830699065,0.08200120171268661,0.10182255953549592,0.0011474,,,0.01,,,2,0.005,,,window,2.0
,,,,,passive_aggressive,,,,,mae,,,0.2006189941742222,0.0698202177112568,0.08689477741264276,0.0001377,,,,,,2,,1.0e12,0.1,window,2.0
1.7500154929376687e6,0.0137754,0,0.001,cholesky,adaptive_ridge,210,quadratic_stacked_beta,0.009435,1.064838266709788e-15,mae,0.0043404,2,0.17706441837335304,0.056109413087857385,0.0715837854899327,,,,,,,3,,,,window,2.0
,9.41e-5,,0.01,,static_ridge,,,,,mae,,,0.2231958700154279,0.08118172814322659,0.09882080431987289,,,,,,,3,,,,window,2.0
,,,,,rls,,,,,mae,,,0.1381771301368853,0.04676836314931355,0.058697955978291076,0.0043425,0.99,0.1,,,,3,,,,window,2.0
,,,,,hedge,,,,,mae,,,0.293231572724992,0.1100002579896433,0.13315400513906242,0.0024787,,,1.0,24,,3,,,,window,2.0
,,,,,exp3,,,,,mae,,,0.8896375353722753,0.18061310755241325,0.28450686874233655,0.0014325,,,,,0.2,3,,,,window,2.0
,,,,,fixed_share,,,,,mae,,,0.1476085701948021,0.049414407408463895,0.061933394752123935,0.0020171,,,0.1,,,3,0.005,,,window,2.0
,,,,,passive_aggressive,,,,,mae,,,0.16919393129420768,0.05782950161686671,0.07242580500410513,0.0001488,,,,,,3,,1.0e12,0.1,window,2.0
63998.12220806274,0.120087,0,0.01,cholesky,adaptive_ridge,210,quadratic_stacked_beta,0.0080612,1.2056825910267262e-15,mae,0.1120258,2,0.19759241962432347,0.06980087983691935,0.08616385216124813,,,,,,,4,,,,window,2.0
,9.06e-5,,0.01,,static_ridge,,,,,mae,,,0.18305703403122844,0.06543343211117121,0.08124382655340028,,,,,,,4,,,,window,2.0
,,,,,rls,,,,,mae,,,0.1729215356026235,0.06225860870364822,0.07737202808024217,0.0024012,0.995,0.1,,,,4,,,,window,2.0
,,,,,hedge,,,,,mae,,,0.2385230617138908,0.08067992992718755,0.10109131965642709,0.0021891,,,1.0,24,,4,,,,window,2.0
,,,,,exp3,,,,,mae,,,0.8289061760135936,0.26746329550934855,0.33723060312691494,0.0012633,,,,,0.1,4,,,,window,2.0
,,,,,fixed_share,,,,,mae,,,0.20868528516558588,0.07227086856801361,0.09024922237212511,0.0010745,,,0.05,,,4,0.02,,,window,2.0
,,,,,passive_aggressive,,,,,mae,,,0.19400056838862428,0.06502214748457769,0.0821867458015513,0.0001417,,,,,,4,,1.0e12,0.1,window,2.0
1.6192919399088803e6,0.0144053,0,0.01,cholesky,adaptive_ridge,210,quadratic_stacked_beta,0.0087407,1.1037310179031197e-15,mae,0.0056646,2,0.1386894795542754,0.04972167246107946,0.06159629999297363,,,,,,,5,,,,window,2.0
,0.0001542,,0.001,,static_ridge,,,,,mae,,,0.13352419093998363,0.046419615380293204,0.05749563463856703,,,,,,,5,,,,window,2.0
,,,,,rls,,,,,mae,,,0.12241492103948587,0.043275525656496075,0.05385930552950398,0.0073787,0.995,0.1,,,,5,,,,window,2.0
,,,,,hedge,,,,,mae,,,0.21012839699201577,0.07083252059168027,0.0892032342414311,0.0007966,,,1.0,0,,5,,,,window,2.0
,,,,,exp3,,,,,mae,,,0.7074558695794627,0.19590837797204227,0.2554201626508102,0.0011009,,,,,0.1,5,,,,window,2.0
,,,,,fixed_share,,,,,mae,,,0.15795901866328493,0.05418480896035117,0.06809198555011022,0.0010452,,,0.05,,,5,0.01,,,window,2.0
,,,,,passive_aggressive,,,,,mae,,,0.1457077335073538,0.05110927625228515,0.06346723437578526,0.0001243,,,,,,5,,1.0e12,0.1,window,2.0
151284.35268241074,0.0130022,0,0.01,cholesky,adaptive_ridge,210,quadratic_stacked_beta,0.00839,1.1908428733047605e-15,mae,0.0046122,2,0.3272909753809172,0.10503329021349092,0.1333585160686725,,,,,,,6,,,,window,2.0
,9.22e-5,,0.01,,static_ridge,,,,,mae,,,0.3346328189095081,0.11986925923553192,0.14731230930230604,,,,,,,6,,,,window,2.0
,,,,,rls,,,,,mae,,,0.2749522364531735,0.09078327005414942,0.11561695524508236,0.0023958,0.98,1.0e-6,,,,6,,,,window,2.0
,,,,,hedge,,,,,mae,,,0.4171276018160625,0.15210507399872283,0.18645226073982002,0.0020026,,,1.0,24,,6,,,,window,2.0
,,,,,exp3,,,,,mae,,,1.0117406415014423,0.3813906986053922,0.4490017259647219,0.0017453,,,,,0.05,6,,,,window,2.0
,,,,,fixed_share,,,,,mae,,,0.4069023507918456,0.14141727454513034,0.17604787143958198,0.0007704,,,0.1,,,6,0.02,,,window,2.0
,,,,,passive_aggressive,,,,,mae,,,0.30947297684540936,0.09240504608121855,0.1204324651768481,0.0001765,,,,,,6,,1.0e12,0.1,window,2.0
5241.257720984789,0.015099600000000001,0,0.1,cholesky,adaptive_ridge,210,quadratic_stacked_beta,0.0101253,1.3489695034845755e-15,mae,0.0049743,2,0.23696464812537946,0.08219515382981343,0.10381585249520671,,,,,,,7,,,,window,2.0
,9.52e-5,,0.01,,static_ridge,,,,,mae,,,0.24441645204881973,0.07974548638667443,0.1013859908690247,,,,,,,7,,,,window,2.0
,,,,,rls,,,,,mae,,,0.23255223630273522,0.07718158146223414,0.09752879925351786,0.0028311,0.995,0.1,,,,7,,,,window,2.0
,,,,,hedge,,,,,mae,,,0.25903424778310635,0.08623560704456482,0.1091196847300239,0.0008084,,,1.0,0,,7,,,,window,2.0
,,,,,exp3,,,,,mae,,,0.8833715493329737,0.23978327376912048,0.32373410301323174,0.0019048,,,,,0.2,7,,,,window,2.0
,,,,,fixed_share,,,,,mae,,,0.2676274093787746,0.08530061831143365,0.10954731323658143,0.0011117,,,0.05,,,7,0.01,,,window,2.0
,,,,,passive_aggressive,,,,,mae,,,0.24999738836282784,0.08023314108732583,0.1026978965525089,0.0001898,,,,,,7,,1.0e12,0.1,window,2.0
96049.34228761106,0.0259362,0,0.01,cholesky,adaptive_ridge,210,quadratic_stacked_beta,0.014976,1.2035549731194488e-15,mae,0.0109602,2,0.1827631584131965,0.062107461999743444,0.07779211236460863,,,,,,,8,,,,window,2.0
,0.0001188,,0.0001,,static_ridge,,,,,mae,,,0.16978018478549545,0.0592871209228417,0.07387462220940716,,,,,,,8,,,,window,2.0
,,,,,rls,,,,,mae,,,0.16168619099894282,0.05696196859295,0.07045760356580263,0.0092848,0.995,0.1,,,,8,,,,window,2.0
,,,,,hedge,,,,,mae,,,0.26286878235167177,0.08510394630858409,0.10800235623183435,0.0022631,,,0.01,0,,8,,,,window,2.0
,,,,,exp3,,,,,mae,,,0.76889722818504,0.2849616839060336,0.3423490817485267,0.0018782,,,,,0.1,8,,,,window,2.0
,,,,,fixed_share,,,,,mae,,,0.2645811818256606,0.0857642041986232,0.10874927348719313,0.0019383,,,0.01,,,8,0.1,,,window,2.0
,,,,,passive_aggressive,,,,,mae,,,0.16353267554112516,0.05980948694704145,0.07364779938109432,0.0001597,,,,,,8,,1.0e12,0.1,window,2.0
8388.363453667349,0.0128004,0,0.1,cholesky,adaptive_ridge,210,quadratic_stacked_beta,0.0087771,1.1849062956446367e-15,mae,0.0040233,2,0.2507191666020407,0.08836260754528717,0.11001720312226737,,,,,,,9,,,,window,2.0
,8.56e-5,,0.1,,static_ridge,,,,,mae,,,0.24685814218139118,0.08863031180407924,0.10925350789467855,,,,,,,9,,,,window,2.0
,,,,,rls,,,,,mae,,,0.23933341236054306,0.083710269352733,0.10472581608704097,0.0068828,0.995,0.1,,,,9,,,,window,2.0
,,,,,hedge,,,,,mae,,,0.288841800954302,0.09852788192090634,0.1238629034374165,0.0019347,,,0.01,0,,9,,,,window,2.0
,,,,,exp3,,,,,mae,,,0.9318536075667341,0.29527234168809807,0.3762183427451998,0.001145,,,,,0.1,9,,,,window,2.0
,,,,,fixed_share,,,,,mae,,,0.28955300437239445,0.09873539499906052,0.12413873052540629,0.0011443,,,0.01,,,9,0.1,,,window,2.0
,,,,,passive_aggressive,,,,,mae,,,0.25291235107781185,0.08382410736961511,0.10643784980109691,0.0001526,,,,,,9,,1.0e12,0.1,window,2.0
170708.83958257188,0.1641362,0,0.01,cholesky,adaptive_ridge,210,quadratic_stacked_beta,0.159367,1.2736603912179137e-15,mae,0.0047692,2,0.17201715103190188,0.059489747977394,0.07411137707990358,,,,,,,10,,,,window,2.0
,9.83e-5,,0.01,,static_ridge,,,,,mae,,,0.17024426685147212,0.05794255950378842,0.0723756645627376,,,,,,,10,,,,window,2.0
,,,,,rls,,,,,mae,,,0.1611164940927139,0.055650546282209085,0.06954589861715472,0.0087112,0.995,0.1,,,,10,,,,window,2.0
,,,,,hedge,,,,,mae,,,0.3384163422667968,0.14597351808476855,0.17047205378664435,0.0024288,,,1.0,336,,10,,,,window,2.0
,,,,,exp3,,,,,mae,,,0.7322239673275946,0.16246117532771248,0.23936922355890314,0.0012592,,,,,0.1,10,,,,window,2.0
,,,,,fixed_share,,,,,mae,,,0.30595419792378153,0.10435491209551621,0.13100524876726477,0.0022183,,,0.25,,,10,0.02,,,window,2.0
,,,,,passive_aggressive,,,,,mae,,,0.16651318604168674,0.05796302709183534,0.0723879954401935,0.0001467,,,,,,10,,1.0e12,0.1,window,2.0
67486.56652794362,0.0131874,0,0.01,cholesky,adaptive_ridge,210,quadratic_stacked_beta,0.0090373,1.2295947115178195e-15,mae,0.0041501,2,0.22820929367916162,0.07877869976677872,0.09868863467734305,,,,,,,11,,,,window,2.0
,0.0001005,,0.01,,static_ridge,,,,,mae,,,0.22179972152720018,0.07584814551518011,0.09513799194951793,,,,,,,11,,,,window,2.0
,,,,,rls,,,,,mae,,,0.21706248278219722,0.07409498927407977,0.09209859963069383,0.0087608,0.995,0.1,,,,11,,,,window,2.0
,,,,,hedge,,,,,mae,,,0.3172762812291652,0.11983066643548644,0.1449290843835479,0.0013387,,,1.0,24,,11,,,,window,2.0
,,,,,exp3,,,,,mae,,,0.8344603672880428,0.2580128306461405,0.3344231054975238,0.0015334,,,,,0.2,11,,,,window,2.0
,,,,,fixed_share,,,,,mae,,,0.2711115467957225,0.09471995024478096,0.11796928867013975,0.0017654,,,0.05,,,11,0.005,,,window,2.0
,,,,,passive_aggressive,,,,,mae,,,0.22336798531994398,0.07519407805238026,0.0944012119479718,0.0001692,,,,,,11,,1.0e12,0.1,window,2.0
36550.42871461377,0.0143654,0,0.01,cholesky,adaptive_ridge,210,quadratic_stacked_beta,0.0097289,1.3499579191351605e-15,mae,0.0046365,2,0.2201586073932938,0.07300479432435962,0.09285463760294003,,,,,,,12,,,,window,2.0
,9.99e-5,,0.01,,static_ridge,,,,,mae,,,0.21671530508095807,0.07138324682916589,0.09071315633149855,,,,,,,12,,,,window,2.0
,,,,,rls,,,,,mae,,,0.20421209266027376,0.06734019818809256,0.08546526565698051,0.0076439,0.995,1.0e-6,,,,12,,,,window,2.0
,,,,,hedge,,,,,mae,,,0.24582880098873303,0.08267691313891103,0.10352083724782639,0.0008296,,,1.0,0,,12,,,,window,2.0
,,,,,exp3,,,,,mae,,,0.8092378059534241,0.2769088012765567,0.3417995045249321,0.002528,,,,,0.1,12,,,,window,2.0
,,,,,fixed_share,,,,,mae,,,0.24608961497148404,0.08319969738838509,0.10433341669149158,0.0011195,,,0.01,,,12,0.01,,,window,2.0
,,,,,passive_aggressive,,,,,mae,,,0.22021390973183366,0.07003131957763856,0.09032169721498938,0.0001565,,,,,,12,,1.0e12,0.1,window,2.0
272672.464903568,0.0133298,0,0.01,cholesky,adaptive_ridge,210,quadratic_stacked_beta,0.0090422,1.1980799587472478e-15,mae,0.0042876,2,0.19248929649837598,0.06384204817595006,0.08078972710743215,,,,,,,13,,,,window,2.0
,0.0001118,,0.0001,,static_ridge,,,,,mae,,,0.18667628268759034,0.06338787683949348,0.07980283813172784,,,,,,,13,,,,window,2.0
,,,,,rls,,,,,mae,,,0.17613808726395244,0.058221131057297044,0.07321858826997549,0.002917,0.995,0.1,,,,13,,,,window,2.0
,,,,,hedge,,,,,mae,,,0.28588177046817415,0.10170751134480117,0.1260016775165405,0.0027528,,,0.25,0,,13,,,,window,2.0
,,,,,exp3,,,,,mae,,,0.9307446789179007,0.3126769206547629,0.38806013267928635,0.0020096,,,,,0.2,13,,,,window,2.0
,,,,,fixed_share,,,,,mae,,,0.25786156962447343,0.08820893907846783,0.11063189594400613,0.0018552,,,0.25,,,13,0.05,,,window,2.0
,,,,,passive_aggressive,,,,,mae,,,0.192698934820903,0.06057322042600924,0.07774559022940673,0.0001916,,,,,,13,,1.0e12,0.1,window,2.0
11434.399712238059,0.0172172,0,0.1,cholesky,adaptive_ridge,210,quadratic_stacked_beta,0.0117408,8.245978437566194e-16,mae,0.0054764,2,0.3086335883717161,0.11022223991083568,0.13728782865351088,,,,,,,14,,,,window,2.0
,0.0001142,,0.1,,static_ridge,,,,,mae,,,0.3151390344486258,0.10743064353420866,0.13504629192348533,,,,,,,14,,,,window,2.0
,,,,,rls,,,,,mae,,,0.3001260397225624,0.09652742617389634,0.12305286414579988,0.0094792,0.98,0.01,,,,14,,,,window,2.0
,,,,,hedge,,,,,mae,,,0.335036926790658,0.11772632025847649,0.14584185144122094,0.0009827,,,1.0,72,,14,,,,window,2.0
,,,,,exp3,,,,,mae,,,0.9228494869259469,0.2275729672957513,0.3163925566732033,0.0012176,,,,,0.2,14,,,,window,2.0
,,,,,fixed_share,,,,,mae,,,0.2993919287794196,0.10289463746951628,0.12839187332205462,0.0010252,,,0.05,,,14,0.01,,,window,2.0
,,,,,passive_aggressive,,,,,mae,,,0.3366230021549635,0.10310403572285196,0.13293391528743337,0.000172,,,,,,14,,1.0e12,0.1,window,2.0
31962.505299758886,0.0126013,0,0.1,cholesky,adaptive_ridge,210,quadratic_stacked_beta,0.0085802,1.2788195096072457e-15,mae,0.0040211,2,0.32166328807139566,0.11049230267712083,0.13870672659932706,,,,,,,15,,,,window,2.0
,9.59e-5,,0.1,,static_ridge,,,,,mae,,,0.31303725690084405,0.10772692316768001,0.1348884311760078,,,,,,,15,,,,window,2.0
,,,,,rls,,,,,mae,,,0.3148394860335894,0.09974049279027619,0.12879382895082697,0.0908414,0.95,0.01,,,,15,,,,window,2.0
,,,,,hedge,,,,,mae,,,0.4255159634203406,0.18080769915445807,0.21109590813058013,0.0022715,,,1.0,24,,15,,,,window,2.0
,,,,,exp3,,,,,mae,,,1.0978966581586453,0.3343099866540617,0.43811446511464497,0.0018458,,,,,0.1,15,,,,window,2.0
,,,,,fixed_share,,,,,mae,,,0.3593057437343983,0.12279202485287447,0.1541451558374481,0.0571358,,,0.05,,,15,0.005,,,window,2.0
,,,,,passive_aggressive,,,,,mae,,,0.3748415140106583,0.10711275067408464,0.1418877678739849,0.0001714,,,,,,15,,1.0e12,0.1,window,2.0
96465.27355943015,0.0118668,0,0.01,cholesky,adaptive_ridge,210,quadratic_stacked_beta,0.0083358,1.2105536314778655e-15,mae,0.003531,2,0.20077322332770892,0.06979365260104702,0.08731993877349256,,,,,,,16,,,,window,2.0
,9.25e-5,,0.01,,static_ridge,,,,,mae,,,0.20238946528403645,0.06986104758963516,0.08782060879245342,,,,,,,16,,,,window,2.0
,,,,,rls,,,,,mae,,,0.19163869834879216,0.06650715406389777,0.083214369035415,0.0328661,0.995,0.1,,,,16,,,,window,2.0
,,,,,hedge,,,,,mae,,,0.2510100650640427,0.09037314728342898,0.11191619369857118,0.0008582,,,0.01,0,,16,,,,window,2.0
,,,,,exp3,,,,,mae,,,0.8155003526292581,0.20922798777648652,0.28700371103388994,0.0011421,,,,,0.2,16,,,,window,2.0
,,,,,fixed_share,,,,,mae,,,0.25154523814667457,0.09074361095908116,0.11230483266476417,0.0010148,,,0.01,,,16,0.1,,,window,2.0
,,,,,passive_aggressive,,,,,mae,,,0.20843429625400234,0.07066696136115179,0.08848908271557283,0.0001563,,,,,,16,,1.0e12,0.1,window,2.0
241348.42748285507,0.0420025,0,0.01,cholesky,adaptive_ridge,210,quadratic_stacked_beta,0.03782,1.4221516554496767e-15,mae,0.0041825,2,0.19724997713416226,0.06636914697422128,0.08435662376059141,,,,,,,17,,,,window,2.0
,9.2e-5,,0.01,,static_ridge,,,,,mae,,,0.19418457572636671,0.0650389653727623,0.081920407996403,,,,,,,17,,,,window,2.0
,,,,,rls,,,,,mae,,,0.18164630561458048,0.0600435607693447,0.07570163391033578,0.0025835,0.995,1.0e-6,,,,17,,,,window,2.0
,,,,,hedge,,,,,mae,,,0.2924405506260153,0.11525346206150283,0.13846934760150642,0.0026574,,,1.0,24,,17,,,,window,2.0
,,,,,exp3,,,,,mae,,,0.7408118967082299,0.26644811608774305,0.3203864941492506,0.0020888,,,,,0.1,17,,,,window,2.0
,,,,,fixed_share,,,,,mae,,,0.22830489682334906,0.08085728779276558,0.1009110794332172,0.00204,,,0.1,,,17,0.02,,,window,2.0
,,,,,passive_aggressive,,,,,mae,,,0.18451109965284992,0.06410028452744024,0.08015877443461288,0.000154,,,,,,17,,1.0e12,0.1,window,2.0
465008.2331395288,0.013665300000000002,0,0.001,cholesky,adaptive_ridge,210,quadratic_stacked_beta,0.0093328,1.393356633542241e-15,mae,0.0043325,2,0.17130871542700635,0.058682783345869585,0.07379330765954224,,,,,,,18,,,,window,2.0
,0.0001629,,0.001,,static_ridge,,,,,mae,,,0.16068397902110285,0.0573097906294586,0.07076773934452542,,,,,,,18,,,,window,2.0
,,,,,rls,,,,,mae,,,0.15719326372217407,0.055833329452598016,0.06874819376740263,0.0070223,0.995,0.1,,,,18,,,,window,2.0
,,,,,hedge,,,,,mae,,,0.25827084887026985,0.08255872221060993,0.10563516299483415,0.0008192,,,1.0,0,,18,,,,window,2.0
,,,,,exp3,,,,,mae,,,0.9145624474650051,0.28996112552596676,0.3522986716711297,0.00184,,,,,0.2,18,,,,window,2.0
,,,,,fixed_share,,,,,mae,,,0.2664720371915227,0.08377577808384701,0.10776549323128937,0.0019783,,,0.01,,,18,0.005,,,window,2.0
,,,,,passive_aggressive,,,,,mae,,,0.16489997923768493,0.0558884963894822,0.07040953786463947,0.0001487,,,,,,18,,1.0e12,0.1,window,2.0
22068.71550192088,0.0154482,0,0.01,cholesky,adaptive_ridge,210,quadratic_stacked_beta,0.0110068,9.459572931221152e-16,mae,0.0044414,2,0.23574253615398677,0.08284001165371208,0.10316144565463628,,,,,,,19,,,,window,2.0
,9.31e-5,,0.01,,static_ridge,,,,,mae,,,0.26534766012922967,0.10126856458013526,0.12239244462639493,,,,,,,19,,,,window,2.0
,,,,,rls,,,,,mae,,,0.21886395503825823,0.07493456154033827,0.09341459610425004,0.0078379,0.98,0.0001,,,,19,,,,window,2.0
,,,,,hedge,,,,,mae,,,0.29180832784632715,0.1043936702296371,0.12911186123306106,0.0011009,,,1.0,72,,19,,,,window,2.0
,,,,,exp3,,,,,mae,,,0.7674600410470833,0.24793667291327107,0.31018421210545194,0.0018406,,,,,0.1,19,,,,window,2.0
,,,,,fixed_share,,,,,mae,,,0.28762800975529773,0.10416942692896325,0.12857925832281553,0.0011037,,,0.05,,,19,0.02,,,window,2.0
,,,,,passive_aggressive,,,,,mae,,,0.23001543063610932,0.07675541786056898,0.09701991404014175,0.0001766,,,,,,19,,1.0e12,0.1,window,2.0
205709.5513599188,0.012954299999999998,0,0.0001,cholesky,adaptive_ridge,210,quadratic_stacked_beta,0.0086813,8.832148071426097e-16,mae,0.004273,2,0.17056631920264193,0.05919611194798659,0.07389053242268134,,,,,,,20,,,,window,2.0
,0.0001054,,0.0001,,static_ridge,,,,,mae,,,0.14149777279209658,0.0470079238804436,0.05990350596575299,,,,,,,20,,,,window,2.0
,,,,,rls,,,,,mae,,,0.13561045841667518,0.044336680046807436,0.05633544910209395,0.0026958,0.995,1.0e-6,,,,20,,,,window,2.0
,,,,,hedge,,,,,mae,,,0.28915085573729316,0.09925256388715235,0.12391859426202931,0.0018623,,,0.01,0,,20,,,,window,2.0
,,,,,exp3,,,,,mae,,,0.8417903042029303,0.2540509181622264,0.33122307098034304,0.0015907,,,,,0.2,20,,,,window,2.0
,,,,,fixed_share,,,,,mae,,,0.2833082059260935,0.09796223985436557,0.12225135585638076,0.0017696,,,0.01,,,20,0.005,,,window,2.0
,,,,,passive_aggressive,,,,,mae,,,0.15025830471604465,0.05198254278791295,0.06512898954742202,0.0001266,,,,,,20,,1.0e12,0.1,window,2.0
64946.48227140341,0.1041688,0,0.01,cholesky,adaptive_ridge,210,quadratic_stacked_beta,0.1001972,1.0863524850028598e-15,mae,0.0039716,2,0.20568883764362572,0.0695403700560301,0.08715804683650775,,,,,,,21,,,,window,2.0
,9.63e-5,,0.0001,,static_ridge,,,,,mae,,,0.22006645850020043,0.07397134347065264,0.093070455874823,,,,,,,21,,,,window,2.0
,,,,,rls,,,,,mae,,,0.17049791173541262,0.05829012432620005,0.07330329115774767,0.0095161,0.995,1.0e-6,,,,21,,,,window,2.0
,,,,,hedge,,,,,mae,,,0.200778141420455,0.06797604142618312,0.08544396783474428,0.0961361,,,0.5,0,,21,,,,window,2.0
,,,,,exp3,,,,,mae,,,0.7560201215308655,0.2623200913681688,0.32283561029559,0.0019155,,,,,0.05,21,,,,window,2.0
,,,,,fixed_share,,,,,mae,,,0.20110597030467983,0.0683552754108625,0.08576925688579996,0.0016913,,,0.01,,,21,0.02,,,window,2.0
,,,,,passive_aggressive,,,,,mae,,,0.18133556051412075,0.05915228753680813,0.07545182850034231,0.0001582,,,,,,21,,1.0e12,0.1,window,2.0
148121.28245209326,0.0129623,0,0.01,cholesky,adaptive_ridge,210,quadratic_stacked_beta,0.0087762,8.75635263179414e-16,mae,0.0041861,2,0.1545936056884337,0.05074563280209353,0.0640888138691131,,,,,,,22,,,,window,2.0
,9.21e-5,,0.001,,static_ridge,,,,,mae,,,0.15043940743128142,0.050165644857245645,0.06364274867681778,,,,,,,22,,,,window,2.0
,,,,,rls,,,,,mae,,,0.1412675034167916,0.045834931666762016,0.05834524522931382,0.0081416,0.995,0.1,,,,22,,,,window,2.0
,,,,,hedge,,,,,mae,,,0.2332351059166917,0.07447481130830606,0.09504167443725695,0.002269,,,1.0,24,,22,,,,window,2.0
,,,,,exp3,,,,,mae,,,0.6269275992752393,0.18674325353258253,0.23732061152733588,0.0009538,,,,,0.1,22,,,,window,2.0
,,,,,fixed_share,,,,,mae,,,0.15924061294845987,0.053260898678787714,0.06687903934041661,0.0008339,,,0.05,,,22,0.005,,,window,2.0
,,,,,passive_aggressive,,,,,mae,,,0.1621822476648967,0.052435709265390304,0.06692965918633732,0.0001189,,,,,,22,,1.0e12,0.1,window,2.0
447540.2116556813,0.0127261,0,0.001,cholesky,adaptive_ridge,210,quadratic_stacked_beta,0.0087923,1.2991054675771628e-15,mae,0.0039338,2,0.13302922885002683,0.047882784626050695,0.058976477150352244,,,,,,,23,,,,window,2.0
,0.0001418,,0.0001,,static_ridge,,,,,mae,,,0.13614353134305593,0.046065826707790754,0.05833732855624639,,,,,,,23,,,,window,2.0
,,,,,rls,,,,,mae,,,0.11858578055651885,0.04162985358100308,0.052140104766592386,0.0065407,0.995,0.1,,,,23,,,,window,2.0
,,,,,hedge,,,,,mae,,,0.31210919901770534,0.11045273623738251,0.13717011327014642,0.0026757,,,1.0,336,,23,,,,window,2.0
,,,,,exp3,,,,,mae,,,0.8310342531568655,0.21685322793651535,0.2968714409416686,0.0018974,,,,,0.1,23,,,,window,2.0
,,,,,fixed_share,,,,,mae,,,0.2255477917789984,0.07674493610754608,0.09583140190579428,0.0020064,,,0.5,,,23,0.05,,,window,2.0
,,,,,passive_aggressive,,,,,mae,,,0.13161355516710196,0.046859782743096996,0.05817780746205533,0.0001444,,,,,,23,,1.0e12,0.1,window,2.0
136980.50176600614,0.4353658,0,0.01,cholesky,adaptive_ridge,210,quadratic_stacked_beta,0.4310277,1.1399126542651253e-15,mae,0.0043381,2,0.20172214953612866,0.06970267475404611,0.0869365053601618,,,,,,,24,,,,window,2.0
,0.0001177,,0.0001,,static_ridge,,,,,mae,,,0.2444183757454849,0.08346178180225888,0.10469644938954174,,,,,,,24,,,,window,2.0
,,,,,rls,,,,,mae,,,0.1793414262228641,0.057785278362323556,0.07355181928457905,0.0027793,0.99,0.1,,,,24,,,,window,2.0
,,,,,hedge,,,,,mae,,,0.2305220311093008,0.07818528106421761,0.09781633570902776,0.0009115,,,1.0,0,,24,,,,window,2.0
,,,,,exp3,,,,,mae,,,0.8344758980129316,0.24931521531515263,0.3218763579398014,0.0012772,,,,,0.2,24,,,,window,2.0
,,,,,fixed_share,,,,,mae,,,0.20678744452683476,0.06821815247396396,0.08649559434339776,0.0010199,,,0.05,,,24,0.01,,,window,2.0
,,,,,passive_aggressive,,,,,mae,,,0.20258844091993858,0.06355784911743875,0.08139266025414871,0.0001662,,,,,,24,,1.0e12,0.1,window,2.0
62267.91404020823,0.0593979,0,0.1,cholesky,adaptive_ridge,210,quadratic_stacked_beta,0.0546968,9.180211705290622e-16,mae,0.0047011,2,0.24833868389334535,0.08461936035632708,0.10584491729583861,,,,,,,25,,,,window,2.0
,0.00017,,0.1,,static_ridge,,,,,mae,,,0.24943249381964105,0.08477079337441486,0.10651832708535056,,,,,,,25,,,,window,2.0
,,,,,rls,,,,,mae,,,0.22329541076828907,0.07151996318704264,0.09099755675928148,0.0027505,0.95,0.1,,,,25,,,,window,2.0
,,,,,hedge,,,,,mae,,,0.33791176266136674,0.16132600545016296,0.18145549256056784,0.0025794,,,1.0,336,,25,,,,window,2.0
,,,,,exp3,,,,,mae,,,0.777512071405914,0.31267711233439344,0.3641066390604588,0.0020631,,,,,0.05,25,,,,window,2.0
,,,,,fixed_share,,,,,mae,,,0.2996324919314596,0.13052228316411082,0.15032849436853354,0.0027219,,,0.1,,,25,0.01,,,window,2.0
,,,,,passive_aggressive,,,,,mae,,,0.25714058725810846,0.08071874564943428,0.10312815420317549,0.0001519,,,,,,25,,1.0e12,0.1,window,2.0
29911.04002542373,0.051972300000000006,0,0.01,cholesky,adaptive_ridge,210,quadratic_stacked_beta,0.0473804,1.1999271754668687e-15,mae,0.0045919,2,0.23089906297662682,0.08067144243758424,0.1008262191756178,,,,,,,26,,,,window,2.0
,9.77e-5,,0.001,,static_ridge,,,,,mae,,,0.2404395276456878,0.0807393207115924,0.10278161168260401,,,,,,,26,,,,window,2.0
,,,,,rls,,,,,mae,,,0.22773093195962754,0.07664165605608296,0.09653090476802395,0.0070524,0.98,1.0e-6,,,,26,,,,window,2.0
,,,,,hedge,,,,,mae,,,0.37784248030154294,0.1803340278700402,0.20255334144725795,0.002139,,,1.0,24,,26,,,,window,2.0
,,,,,exp3,,,,,mae,,,0.8949448514732319,0.2870729359820149,0.36372795185952495,0.001038,,,,,0.2,26,,,,window,2.0
,,,,,fixed_share,,,,,mae,,,0.3732056089645716,0.15606138235833444,0.18204656694191687,0.0009762,,,0.25,,,26,0.05,,,window,2.0
,,,,,passive_aggressive,,,,,mae,,,0.23183673269509025,0.07932901606148537,0.09952918039031548,0.0001574,,,,,,26,,1.0e12,0.1,window,2.0
210455.7398769873,0.0158099,0,0.01,cholesky,adaptive_ridge,210,quadratic_stacked_beta,0.0097135,1.3042352069820138e-15,mae,0.0060964,2,0.1654742561304493,0.0536757200484886,0.068057600229604,,,,,,,27,,,,window,2.0
,9.44e-5,,0.001,,static_ridge,,,,,mae,,,0.15888478659533234,0.05402812961670505,0.06792924084655108,,,,,,,27,,,,window,2.0
,,,,,rls,,,,,mae,,,0.14200288330226377,0.04637602675919656,0.05869343847493325,0.0079572,0.995,1.0e-6,,,,27,,,,window,2.0
,,,,,hedge,,,,,mae,,,0.23573400986059226,0.08220138339795655,0.10253827232148054,0.0008199,,,1.0,0,,27,,,,window,2.0
,,,,,exp3,,,,,mae,,,0.6769125378222351,0.14542208371815266,0.21736488495946207,0.001589,,,,,0.1,27,,,,window,2.0
,,,,,fixed_share,,,,,mae,,,0.20468200325618316,0.06968625041940894,0.08734926163389616,0.0020683,,,0.5,,,27,0.05,,,window,2.0
,,,,,passive_aggressive,,,,,mae,,,0.15917412066982173,0.05189963085315309,0.06560357371746672,0.0001261,,,,,,27,,1.0e12,0.1,window,2.0
76327.43595351893,0.0126923,0,0.01,cholesky,adaptive_ridge,210,quadratic_stacked_beta,0.0082953,1.1803604634562468e-15,mae,0.004397,2,0.18945552656982875,0.06623170872378008,0.08277480894039313,,,,,,,28,,,,window,2.0
,8.91e-5,,0.001,,static_ridge,,,,,mae,,,0.18275108118572753,0.06146122435603038,0.0773759269686257,,,,,,,28,,,,window,2.0
,,,,,rls,,,,,mae,,,0.17494597829698588,0.06023366427678969,0.07539201212169529,0.0081906,0.995,1.0e-6,,,,28,,,,window,2.0
,,,,,hedge,,,,,mae,,,0.27452580462763815,0.09694977929358464,0.12033778300914431,0.0010064,,,1.0,72,,28,,,,window,2.0
,,,,,exp3,,,,,mae,,,0.719103567276871,0.15254914890228582,0.23060347882350973,0.0012946,,,,,0.1,28,,,,window,2.0
,,,,,fixed_share,,,,,mae,,,0.1782373331976065,0.06128062849794099,0.07680396146557647,0.0010803,,,0.05,,,28,0.005,,,window,2.0
,,,,,passive_aggressive,,,,,mae,,,0.1962733665340126,0.06441985843083274,0.08149524826081454,0.000157,,,,,,28,,1.0e12,0.1,window,2.0
84815.03794965528,0.0136608,0,0.01,cholesky,adaptive_ridge,210,quadratic_stacked_beta,0.0092598,1.3559280486665453e-15,mae,0.004401,2,0.20566933900874107,0.07120051010311722,0.08869247937360472,,,,,,,29,,,,window,2.0
,0.0001043,,0.01,,static_ridge,,,,,mae,,,0.21039160406011972,0.07087168036267005,0.08867761186341253,,,,,,,29,,,,window,2.0
,,,,,rls,,,,,mae,,,0.18377641063280492,0.0651680074963615,0.0809751658970706,0.0997244,0.995,0.1,,,,29,,,,window,2.0
,,,,,hedge,,,,,mae,,,0.24170951365306714,0.07992233432066836,0.1005405374914922,0.0023363,,,1.0,336,,29,,,,window,2.0
,,,,,exp3,,,,,mae,,,0.8884256116870018,0.23702350799251404,0.3193536980361755,0.0015468,,,,,0.2,29,,,,window,2.0
,,,,,fixed_share,,,,,mae,,,0.24145933330758967,0.0802765633636932,0.10094861757775263,0.0009473,,,0.01,,,29,0.005,,,window,2.0
,,,,,passive_aggressive,,,,,mae,,,0.18833004734820932,0.06645737964517044,0.08238907943381177,0.0001536,,,,,,29,,1.0e12,0.1,window,2.0
47068.04945385115,0.0167353,0,0.01,cholesky,adaptive_ridge,210,quadratic_stacked_beta,0.0108088,1.084842096598274e-15,mae,0.0059265,2,0.23021197175152705,0.07836974295783766,0.09900293939160085,,,,,,,30,,,,window,2.0
,9.65e-5,,0.01,,static_ridge,,,,,mae,,,0.2681237104440177,0.10628204496691289,0.12676033278317406,,,,,,,30,,,,window,2.0
,,,,,rls,,,,,mae,,,0.21102284428226006,0.07005991849092323,0.08817235866109359,0.0026498,0.99,0.1,,,,30,,,,window,2.0
,,,,,hedge,,,,,mae,,,0.37509058862910344,0.14851555960774304,0.17597804187519556,0.0010068,,,1.0,24,,30,,,,window,2.0
,,,,,exp3,,,,,mae,,,0.948794377398713,0.30448921833012443,0.3888515652638487,0.0012217,,,,,0.2,30,,,,window,2.0
,,,,,fixed_share,,,,,mae,,,0.29664845772342396,0.10149275654737028,0.12724015325754134,0.0010876,,,0.1,,,30,0.02,,,window,2.0
,,,,,passive_aggressive,,,,,mae,,,0.223203652645055,0.07404637491807081,0.09352867953661068,0.0001582,,,,,,30,,1.0e12,0.1,window,2.0
951232.7504785123,0.0312715,0,0.0001,cholesky,adaptive_ridge,310,quadratic_stacked_beta,0.0189984,1.8270769927402108e-15,mae,0.0122731,3,0.18307598049391874,0.05883653901321045,0.07480330867284862,,,,,,,1,,,,window,3.0
,9.85e-5,,0.001,,static_ridge,,,,,mae,,,0.18487866729418628,0.06230194016323979,0.07848348396917905,,,,,,,1,,,,window,3.0
,,,,,rls,,,,,mae,,,0.16150723590550217,0.05263884915064551,0.06669031759701369,0.0027632,0.995,0.1,,,,1,,,,window,3.0
,,,,,hedge,,,,,mae,,,0.4307279621805851,0.20891521000028987,0.23159691445242508,0.000996,,,1.0,24,,1,,,,window,3.0
,,,,,exp3,,,,,mae,,,0.7908983940592816,0.23271494281508603,0.3048950417144624,0.0016976,,,,,0.1,1,,,,window,3.0
,,,,,fixed_share,,,,,mae,,,0.295504454408635,0.10078286706269464,0.12604846060986286,0.0010046,,,0.5,,,1,0.05,,,window,3.0
,,,,,passive_aggressive,,,,,mae,,,0.16914886291438477,0.05727567610560804,0.07179413969496565,0.0001284,,,,,,1,,1.0e12,0.1,window,3.0
382705.9341152538,0.0301273,0,0.01,cholesky,adaptive_ridge,310,quadratic_stacked_beta,0.0157438,1.7903168367624735e-15,mae,0.0143835,3,0.2143872646896356,0.07778754648322024,0.09510403151076048,,,,,,,2,,,,window,3.0
,9.49e-5,,0.01,,static_ridge,,,,,mae,,,0.2100257887555147,0.07209728228400382,0.09001700023182244,,,,,,,2,,,,window,3.0
,,,,,rls,,,,,mae,,,0.19611536866073895,0.06931787719731655,0.08563132795536331,0.0095431,0.995,0.1,,,,2,,,,window,3.0
,,,,,hedge,,,,,mae,,,0.2325767871638078,0.08206626116425177,0.10199789824837803,0.0011392,,,1.0,336,,2,,,,window,3.0
,,,,,exp3,,,,,mae,,,0.9505280170891917,0.35567350509184487,0.4286137026891908,0.0013822,,,,,0.1,2,,,,window,3.0
,,,,,fixed_share,,,,,mae,,,0.23293411830699065,0.08200120171268661,0.10182255953549592,0.0022178,,,0.01,,,2,0.005,,,window,3.0
,,,,,passive_aggressive,,,,,mae,,,0.2006189941742222,0.0698202177112568,0.08689477741264276,0.0001364,,,,,,2,,1.0e12,0.1,window,3.0
2.566323506455647e6,0.0329079,0,0.001,cholesky,adaptive_ridge,310,quadratic_stacked_beta,0.0212662,1.4909751175719105e-15,mae,0.0116417,3,0.17751897085805815,0.05668009426974045,0.07229462142680892,,,,,,,3,,,,window,3.0
,0.0001298,,0.01,,static_ridge,,,,,mae,,,0.2231958700154279,0.08118172814322659,0.09882080431987289,,,,,,,3,,,,window,3.0
,,,,,rls,,,,,mae,,,0.1381771301368853,0.04676836314931355,0.058697955978291076,0.0088289,0.99,0.1,,,,3,,,,window,3.0
,,,,,hedge,,,,,mae,,,0.293231572724992,0.1100002579896433,0.13315400513906242,0.0020955,,,1.0,24,,3,,,,window,3.0
,,,,,exp3,,,,,mae,,,0.8896375353722753,0.18061310755241325,0.28450686874233655,0.0856725,,,,,0.2,3,,,,window,3.0
,,,,,fixed_share,,,,,mae,,,0.1476085701948021,0.049414407408463895,0.061933394752123935,0.0009764,,,0.1,,,3,0.005,,,window,3.0
,,,,,passive_aggressive,,,,,mae,,,0.16919393129420768,0.05782950161686671,0.07242580500410513,0.0001545,,,,,,3,,1.0e12,0.1,window,3.0
99329.60065998304,0.0304738,0,0.01,cholesky,adaptive_ridge,310,quadratic_stacked_beta,0.0164431,1.6967101637428796e-15,mae,0.0140307,3,0.20211218580019846,0.07094673700064746,0.08802055258863144,,,,,,,4,,,,window,3.0
,0.0001002,,0.01,,static_ridge,,,,,mae,,,0.18305703403122844,0.06543343211117121,0.08124382655340028,,,,,,,4,,,,window,3.0
,,,,,rls,,,,,mae,,,0.1729215356026235,0.06225860870364822,0.07737202808024217,0.0028156,0.995,0.1,,,,4,,,,window,3.0
,,,,,hedge,,,,,mae,,,0.2385230617138908,0.08067992992718755,0.10109131965642709,0.0020859,,,1.0,24,,4,,,,window,3.0
,,,,,exp3,,,,,mae,,,0.8289061760135936,0.26746329550934855,0.33723060312691494,0.0013625,,,,,0.1,4,,,,window,3.0
,,,,,fixed_share,,,,,mae,,,0.20868528516558588,0.07227086856801361,0.09024922237212511,0.001087,,,0.05,,,4,0.02,,,window,3.0
,,,,,passive_aggressive,,,,,mae,,,0.19400056838862428,0.06502214748457769,0.0821867458015513,0.0001308,,,,,,4,,1.0e12,0.1,window,3.0
2.2332643597369837e6,0.0287983,0,0.01,cholesky,adaptive_ridge,310,quadratic_stacked_beta,0.0171426,1.3869556950108067e-15,mae,0.0116557,3,0.14239293128056896,0.05087315555394077,0.06316291306346045,,,,,,,5,,,,window,3.0
,0.0001008,,0.001,,static_ridge,,,,,mae,,,0.13352419093998363,0.046419615380293204,0.05749563463856703,,,,,,,5,,,,window,3.0
,,,,,rls,,,,,mae,,,0.12241492103948587,0.043275525656496075,0.05385930552950398,0.0080815,0.995,0.1,,,,5,,,,window,3.0
,,,,,hedge,,,,,mae,,,0.21012839699201577,0.07083252059168027,0.0892032342414311,0.000822,,,1.0,0,,5,,,,window,3.0
,,,,,exp3,,,,,mae,,,0.7074558695794627,0.19590837797204227,0.2554201626508102,0.0011612,,,,,0.1,5,,,,window,3.0
,,,,,fixed_share,,,,,mae,,,0.15795901866328493,0.05418480896035117,0.06809198555011022,0.0019407,,,0.05,,,5,0.01,,,window,3.0
,,,,,passive_aggressive,,,,,mae,,,0.1457077335073538,0.05110927625228515,0.06346723437578526,0.000138,,,,,,5,,1.0e12,0.1,window,3.0
221432.34626329335,0.0351517,0,0.01,cholesky,adaptive_ridge,310,quadratic_stacked_beta,0.0237057,1.6814703794138521e-15,mae,0.011446,3,0.3366715872670273,0.10933123217737474,0.13846883672938773,,,,,,,6,,,,window,3.0
,9.28e-5,,0.01,,static_ridge,,,,,mae,,,0.3346328189095081,0.11986925923553192,0.14731230930230604,,,,,,,6,,,,window,3.0
,,,,,rls,,,,,mae,,,0.2749522364531735,0.09078327005414942,0.11561695524508236,0.0072227,0.98,1.0e-6,,,,6,,,,window,3.0
,,,,,hedge,,,,,mae,,,0.4171276018160625,0.15210507399872283,0.18645226073982002,0.0038412,,,1.0,24,,6,,,,window,3.0
,,,,,exp3,,,,,mae,,,1.0117406415014423,0.3813906986053922,0.4490017259647219,0.0009868,,,,,0.05,6,,,,window,3.0
,,,,,fixed_share,,,,,mae,,,0.4069023507918456,0.14141727454513034,0.17604787143958198,0.0008413,,,0.1,,,6,0.02,,,window,3.0
,,,,,passive_aggressive,,,,,mae,,,0.30947297684540936,0.09240504608121855,0.1204324651768481,0.0002029,,,,,,6,,1.0e12,0.1,window,3.0
8618.463174095465,0.0301816,0,0.1,cholesky,adaptive_ridge,310,quadratic_stacked_beta,0.0179542,1.578019251487329e-15,mae,0.0122274,3,0.24482604505971037,0.084659805585203,0.1062625643767921,,,,,,,7,,,,window,3.0
,0.0001035,,0.01,,static_ridge,,,,,mae,,,0.24441645204881973,0.07974548638667443,0.1013859908690247,,,,,,,7,,,,window,3.0
,,,,,rls,,,,,mae,,,0.23255223630273522,0.07718158146223414,0.09752879925351786,0.005019,0.995,0.1,,,,7,,,,window,3.0
,,,,,hedge,,,,,mae,,,0.25903424778310635,0.08623560704456482,0.1091196847300239,0.0037302,,,1.0,0,,7,,,,window,3.0
,,,,,exp3,,,,,mae,,,0.8833715493329737,0.23978327376912048,0.32373410301323174,0.0011668,,,,,0.2,7,,,,window,3.0
,,,,,fixed_share,,,,,mae,,,0.2676274093787746,0.08530061831143365,0.10954731323658143,0.0011657,,,0.05,,,7,0.01,,,window,3.0
,,,,,passive_aggressive,,,,,mae,,,0.24999738836282784,0.08023314108732583,0.1026978965525089,0.000176,,,,,,7,,1.0e12,0.1,window,3.0
151889.7942467925,0.0275891,0,0.01,cholesky,adaptive_ridge,310,quadratic_stacked_beta,0.0168123,1.5489422074453608e-15,mae,0.0107768,3,0.1840612182620649,0.06286180108629809,0.07832321860660404,,,,,,,8,,,,window,3.0
,0.00012,,0.0001,,static_ridge,,,,,mae,,,0.16978018478549545,0.0592871209228417,0.07387462220940716,,,,,,,8,,,,window,3.0
,,,,,rls,,,,,mae,,,0.16168619099894282,0.05696196859295,0.07045760356580263,0.0074588,0.995,0.1,,,,8,,,,window,3.0
,,,,,hedge,,,,,mae,,,0.26286878235167177,0.08510394630858409,0.10800235623183435,0.0018555,,,0.01,0,,8,,,,window,3.0
,,,,,exp3,,,,,mae,,,0.76889722818504,0.2849616839060336,0.3423490817485267,0.0011876,,,,,0.1,8,,,,window,3.0
,,,,,fixed_share,,,,,mae,,,0.2645811818256606,0.0857642041986232,0.10874927348719313,0.0010678,,,0.01,,,8,0.1,,,window,3.0
,,,,,passive_aggressive,,,,,mae,,,0.16353267554112516,0.05980948694704145,0.07364779938109432,0.0001364,,,,,,8,,1.0e12,0.1,window,3.0
13383.290156791541,0.029729,0,0.1,cholesky,adaptive_ridge,310,quadratic_stacked_beta,0.0176054,1.5248051603771811e-15,mae,0.0121236,3,0.25446314299963396,0.08960993606980086,0.1115616606378784,,,,,,,9,,,,window,3.0
,0.0001327,,0.1,,static_ridge,,,,,mae,,,0.24685814218139118,0.08863031180407924,0.10925350789467855,,,,,,,9,,,,window,3.0
,,,,,rls,,,,,mae,,,0.23933341236054306,0.083710269352733,0.10472581608704097,0.002884,0.995,0.1,,,,9,,,,window,3.0
,,,,,hedge,,,,,mae,,,0.288841800954302,0.09852788192090634,0.1238629034374165,0.0008563,,,0.01,0,,9,,,,window,3.0
,,,,,exp3,,,,,mae,,,0.9318536075667341,0.29527234168809807,0.3762183427451998,0.0019914,,,,,0.1,9,,,,window,3.0
,,,,,fixed_share,,,,,mae,,,0.28955300437239445,0.09873539499906052,0.12413873052540629,0.0043721,,,0.01,,,9,0.1,,,window,3.0
,,,,,passive_aggressive,,,,,mae,,,0.25291235107781185,0.08382410736961511,0.10643784980109691,0.0001785,,,,,,9,,1.0e12,0.1,window,3.0
234089.67883507157,0.029484,0,0.01,cholesky,adaptive_ridge,310,quadratic_stacked_beta,0.0171546,1.9300605426861076e-15,mae,0.0123294,3,0.1829505910380225,0.0627414780826715,0.07790073671879902,,,,,,,10,,,,window,3.0
,8.64e-5,,0.01,,static_ridge,,,,,mae,,,0.17024426685147212,0.05794255950378842,0.0723756645627376,,,,,,,10,,,,window,3.0
,,,,,rls,,,,,mae,,,0.1611164940927139,0.055650546282209085,0.06954589861715472,0.0040442,0.995,0.1,,,,10,,,,window,3.0
,,,,,hedge,,,,,mae,,,0.3384163422667968,0.14597351808476855,0.17047205378664435,0.0025662,,,1.0,336,,10,,,,window,3.0
,,,,,exp3,,,,,mae,,,0.7322239673275946,0.16246117532771248,0.23936922355890314,0.0019789,,,,,0.1,10,,,,window,3.0
,,,,,fixed_share,,,,,mae,,,0.30595419792378153,0.10435491209551621,0.13100524876726477,0.0019202,,,0.25,,,10,0.02,,,window,3.0
,,,,,passive_aggressive,,,,,mae,,,0.16651318604168674,0.05796302709183534,0.0723879954401935,0.0001326,,,,,,10,,1.0e12,0.1,window,3.0
21740.85280601047,0.0253672,0,0.1,cholesky,adaptive_ridge,310,quadratic_stacked_beta,0.0146042,1.6861940507838581e-15,mae,0.010763,3,0.2492371366372953,0.0836982205614031,0.10548460240901109,,,,,,,11,,,,window,3.0
,0.0001092,,0.01,,static_ridge,,,,,mae,,,0.22179972152720018,0.07584814551518011,0.09513799194951793,,,,,,,11,,,,window,3.0
,,,,,rls,,,,,mae,,,0.21706248278219722,0.07409498927407977,0.09209859963069383,0.103346,0.995,0.1,,,,11,,,,window,3.0
,,,,,hedge,,,,,mae,,,0.3172762812291652,0.11983066643548644,0.1449290843835479,0.0022108,,,1.0,24,,11,,,,window,3.0
,,,,,exp3,,,,,mae,,,0.8344603672880428,0.2580128306461405,0.3344231054975238,0.1843948,,,,,0.2,11,,,,window,3.0
,,,,,fixed_share,,,,,mae,,,0.2711115467957225,0.09471995024478096,0.11796928867013975,0.000895,,,0.05,,,11,0.005,,,window,3.0
,,,,,passive_aggressive,,,,,mae,,,0.22336798531994398,0.07519407805238026,0.0944012119479718,0.0001731,,,,,,11,,1.0e12,0.1,window,3.0
51850.919779476644,0.37192549999999996,0,0.01,cholesky,adaptive_ridge,310,quadratic_stacked_beta,0.3608244,1.5131151777449053e-15,mae,0.0111011,3,0.22933876033524683,0.07552406732003375,0.0960120600969331,,,,,,,12,,,,window,3.0
,0.000182,,0.01,,static_ridge,,,,,mae,,,0.21671530508095807,0.07138324682916589,0.09071315633149855,,,,,,,12,,,,window,3.0
,,,,,rls,,,,,mae,,,0.20421209266027376,0.06734019818809256,0.08546526565698051,0.0089375,0.995,1.0e-6,,,,12,,,,window,3.0
,,,,,hedge,,,,,mae,,,0.24582880098873303,0.08267691313891103,0.10352083724782639,0.0018412,,,1.0,0,,12,,,,window,3.0
,,,,,exp3,,,,,mae,,,0.8092378059534241,0.2769088012765567,0.3417995045249321,0.0017987,,,,,0.1,12,,,,window,3.0
,,,,,fixed_share,,,,,mae,,,0.24608961497148404,0.08319969738838509,0.10433341669149158,0.0018702,,,0.01,,,12,0.01,,,window,3.0
,,,,,passive_aggressive,,,,,mae,,,0.22021390973183366,0.07003131957763856,0.09032169721498938,0.0001594,,,,,,12,,1.0e12,0.1,window,3.0
406632.50040101755,0.46772309999999995,0,0.01,cholesky,adaptive_ridge,310,quadratic_stacked_beta,0.3717059,1.5727963932738626e-15,mae,0.0960172,3,0.1937378001619583,0.06534898803703855,0.08209814308872808,,,,,,,13,,,,window,3.0
,0.000113,,0.0001,,static_ridge,,,,,mae,,,0.18667628268759034,0.06338787683949348,0.07980283813172784,,,,,,,13,,,,window,3.0
,,,,,rls,,,,,mae,,,0.17613808726395244,0.058221131057297044,0.07321858826997549,0.0025371,0.995,0.1,,,,13,,,,window,3.0
,,,,,hedge,,,,,mae,,,0.28588177046817415,0.10170751134480117,0.1260016775165405,0.0021824,,,0.25,0,,13,,,,window,3.0
,,,,,exp3,,,,,mae,,,0.9307446789179007,0.3126769206547629,0.38806013267928635,0.0011242,,,,,0.2,13,,,,window,3.0
,,,,,fixed_share,,,,,mae,,,0.25786156962447343,0.08820893907846783,0.11063189594400613,0.0010446,,,0.25,,,13,0.05,,,window,3.0
,,,,,passive_aggressive,,,,,mae,,,0.192698934820903,0.06057322042600924,0.07774559022940673,0.0001392,,,,,,13,,1.0e12,0.1,window,3.0
17722.221181189474,0.0290593,0,0.1,cholesky,adaptive_ridge,310,quadratic_stacked_beta,0.0166925,9.755147712421253e-16,mae,0.0123668,3,0.315781526500434,0.1104784300339369,0.13846122290106874,,,,,,,14,,,,window,3.0
,8.26e-5,,0.1,,static_ridge,,,,,mae,,,0.3151390344486258,0.10743064353420866,0.13504629192348533,,,,,,,14,,,,window,3.0
,,,,,rls,,,,,mae,,,0.3001260397225624,0.09652742617389634,0.12305286414579988,0.008494,0.98,0.01,,,,14,,,,window,3.0
,,,,,hedge,,,,,mae,,,0.335036926790658,0.11772632025847649,0.14584185144122094,0.0009476,,,1.0,72,,14,,,,window,3.0
,,,,,exp3,,,,,mae,,,0.9228494869259469,0.2275729672957513,0.3163925566732033,0.0011109,,,,,0.2,14,,,,window,3.0
,,,,,fixed_share,,,,,mae,,,0.2993919287794196,0.10289463746951628,0.12839187332205462,0.000991,,,0.05,,,14,0.01,,,window,3.0
,,,,,passive_aggressive,,,,,mae,,,0.3366230021549635,0.10310403572285196,0.13293391528743337,0.0001893,,,,,,14,,1.0e12,0.1,window,3.0
45773.003014077585,0.0843227,0,0.1,cholesky,adaptive_ridge,310,quadratic_stacked_beta,0.0176537,1.6636495571347326e-15,mae,0.066669,3,0.324898905282628,0.11091708414068488,0.13985598454558845,,,,,,,15,,,,window,3.0
,8.9e-5,,0.1,,static_ridge,,,,,mae,,,0.31303725690084405,0.10772692316768001,0.1348884311760078,,,,,,,15,,,,window,3.0
,,,,,rls,,,,,mae,,,0.3148394860335894,0.09974049279027619,0.12879382895082697,0.0084802,0.95,0.01,,,,15,,,,window,3.0
,,,,,hedge,,,,,mae,,,0.4255159634203406,0.18080769915445807,0.21109590813058013,0.002323,,,1.0,24,,15,,,,window,3.0
,,,,,exp3,,,,,mae,,,1.0978966581586453,0.3343099866540617,0.43811446511464497,0.001107,,,,,0.1,15,,,,window,3.0
,,,,,fixed_share,,,,,mae,,,0.3593057437343983,0.12279202485287447,0.1541451558374481,0.0011253,,,0.05,,,15,0.005,,,window,3.0
,,,,,passive_aggressive,,,,,mae,,,0.3748415140106583,0.10711275067408464,0.1418877678739849,0.0002025,,,,,,15,,1.0e12,0.1,window,3.0
139449.52116239758,0.0298993,0,0.01,cholesky,adaptive_ridge,310,quadratic_stacked_beta,0.0182908,1.4150240516267522e-15,mae,0.0116085,3,0.2043725723243413,0.071269996057947,0.08926086661143295,,,,,,,16,,,,window,3.0
,9.03e-5,,0.01,,static_ridge,,,,,mae,,,0.20238946528403645,0.06986104758963516,0.08782060879245342,,,,,,,16,,,,window,3.0
,,,,,rls,,,,,mae,,,0.19163869834879216,0.06650715406389777,0.083214369035415,0.0073929,0.995,0.1,,,,16,,,,window,3.0
,,,,,hedge,,,,,mae,,,0.2510100650640427,0.09037314728342898,0.11191619369857118,0.0016341,,,0.01,0,,16,,,,window,3.0
,,,,,exp3,,,,,mae,,,0.8155003526292581,0.20922798777648652,0.28700371103388994,0.0024942,,,,,0.2,16,,,,window,3.0
,,,,,fixed_share,,,,,mae,,,0.25154523814667457,0.09074361095908116,0.11230483266476417,0.0025328,,,0.01,,,16,0.1,,,window,3.0
,,,,,passive_aggressive,,,,,mae,,,0.20843429625400234,0.07066696136115179,0.08848908271557283,0.0001521,,,,,,16,,1.0e12,0.1,window,3.0
381216.02409011556,0.036589300000000005,0,0.01,cholesky,adaptive_ridge,310,quadratic_stacked_beta,0.0161535,1.7588693156881262e-15,mae,0.0204358,3,0.20881068713653902,0.0685580028404395,0.08686552505243453,,,,,,,17,,,,window,3.0
,9.4e-5,,0.01,,static_ridge,,,,,mae,,,0.19418457572636671,0.0650389653727623,0.081920407996403,,,,,,,17,,,,window,3.0
,,,,,rls,,,,,mae,,,0.18164630561458048,0.0600435607693447,0.07570163391033578,0.0080373,0.995,1.0e-6,,,,17,,,,window,3.0
,,,,,hedge,,,,,mae,,,0.2924405506260153,0.11525346206150283,0.13846934760150642,0.0912299,,,1.0,24,,17,,,,window,3.0
,,,,,exp3,,,,,mae,,,0.7408118967082299,0.26644811608774305,0.3203864941492506,0.0010374,,,,,0.1,17,,,,window,3.0
,,,,,fixed_share,,,,,mae,,,0.22830489682334906,0.08085728779276558,0.1009110794332172,0.0009545,,,0.1,,,17,0.02,,,window,3.0
,,,,,passive_aggressive,,,,,mae,,,0.18451109965284992,0.06410028452744024,0.08015877443461288,0.0001367,,,,,,17,,1.0e12,0.1,window,3.0
707880.3550563366,0.1802297,0,0.001,cholesky,adaptive_ridge,310,quadratic_stacked_beta,0.0573883,2.1141689270245295e-15,mae,0.1228414,3,0.1815696528136325,0.06025590881304491,0.07642057550591237,,,,,,,18,,,,window,3.0
,0.0001029,,0.001,,static_ridge,,,,,mae,,,0.16068397902110285,0.0573097906294586,0.07076773934452542,,,,,,,18,,,,window,3.0
,,,,,rls,,,,,mae,,,0.15719326372217407,0.055833329452598016,0.06874819376740263,0.0079852,0.995,0.1,,,,18,,,,window,3.0
,,,,,hedge,,,,,mae,,,0.25827084887026985,0.08255872221060993,0.10563516299483415,0.0026928,,,1.0,0,,18,,,,window,3.0
,,,,,exp3,,,,,mae,,,0.9145624474650051,0.28996112552596676,0.3522986716711297,0.0020809,,,,,0.2,18,,,,window,3.0
,,,,,fixed_share,,,,,mae,,,0.2664720371915227,0.08377577808384701,0.10776549323128937,0.0020923,,,0.01,,,18,0.005,,,window,3.0
,,,,,passive_aggressive,,,,,mae,,,0.16489997923768493,0.0558884963894822,0.07040953786463947,0.0001308,,,,,,18,,1.0e12,0.1,window,3.0
28747.65462441397,0.135886,0,0.01,cholesky,adaptive_ridge,310,quadratic_stacked_beta,0.0157171,1.0797340323655432e-15,mae,0.1201689,3,0.24055019651716628,0.08424135317409336,0.10493272967991182,,,,,,,19,,,,window,3.0
,9.01e-5,,0.01,,static_ridge,,,,,mae,,,0.26534766012922967,0.10126856458013526,0.12239244462639493,,,,,,,19,,,,window,3.0
,,,,,rls,,,,,mae,,,0.21886395503825823,0.07493456154033827,0.09341459610425004,0.00731,0.98,0.0001,,,,19,,,,window,3.0
,,,,,hedge,,,,,mae,,,0.29180832784632715,0.1043936702296371,0.12911186123306106,0.0018498,,,1.0,72,,19,,,,window,3.0
,,,,,exp3,,,,,mae,,,0.7674600410470833,0.24793667291327107,0.31018421210545194,0.0017653,,,,,0.1,19,,,,window,3.0
,,,,,fixed_share,,,,,mae,,,0.28762800975529773,0.10416942692896325,0.12857925832281553,0.0010467,,,0.05,,,19,0.02,,,window,3.0
,,,,,passive_aggressive,,,,,mae,,,0.23001543063610932,0.07675541786056898,0.09701991404014175,0.0001492,,,,,,19,,1.0e12,0.1,window,3.0
328415.2139809505,0.0270481,0,0.0001,cholesky,adaptive_ridge,310,quadratic_stacked_beta,0.0156519,1.2661050597697434e-15,mae,0.0113962,3,0.17531462279916735,0.061298865695315556,0.07650802723700639,,,,,,,20,,,,window,3.0
,0.0001221,,0.0001,,static_ridge,,,,,mae,,,0.14149777279209658,0.0470079238804436,0.05990350596575299,,,,,,,20,,,,window,3.0
,,,,,rls,,,,,mae,,,0.13561045841667518,0.044336680046807436,0.05633544910209395,0.0038198,0.995,1.0e-6,,,,20,,,,window,3.0
,,,,,hedge,,,,,mae,,,0.28915085573729316,0.09925256388715235,0.12391859426202931,0.0015253,,,0.01,0,,20,,,,window,3.0
,,,,,exp3,,,,,mae,,,0.8417903042029303,0.2540509181622264,0.33122307098034304,0.0011072,,,,,0.2,20,,,,window,3.0
,,,,,fixed_share,,,,,mae,,,0.2833082059260935,0.09796223985436557,0.12225135585638076,0.0010887,,,0.01,,,20,0.005,,,window,3.0
,,,,,passive_aggressive,,,,,mae,,,0.15025830471604465,0.05198254278791295,0.06512898954742202,0.0001485,,,,,,20,,1.0e12,0.1,window,3.0
98403.76858113022,0.0748876,0,0.01,cholesky,adaptive_ridge,310,quadratic_stacked_beta,0.0182189,1.6036953262655925e-15,mae,0.0566687,3,0.20658348786165057,0.06991855089524292,0.08808012879198644,,,,,,,21,,,,window,3.0
,0.00011,,0.0001,,static_ridge,,,,,mae,,,0.22006645850020043,0.07397134347065264,0.093070455874823,,,,,,,21,,,,window,3.0
,,,,,rls,,,,,mae,,,0.17049791173541262,0.05829012432620005,0.07330329115774767,0.0082727,0.995,1.0e-6,,,,21,,,,window,3.0
,,,,,hedge,,,,,mae,,,0.200778141420455,0.06797604142618312,0.08544396783474428,0.0008197,,,0.5,0,,21,,,,window,3.0
,,,,,exp3,,,,,mae,,,0.7560201215308655,0.2623200913681688,0.32283561029559,0.0021085,,,,,0.05,21,,,,window,3.0
,,,,,fixed_share,,,,,mae,,,0.20110597030467983,0.0683552754108625,0.08576925688579996,0.0020695,,,0.01,,,21,0.02,,,window,3.0
,,,,,passive_aggressive,,,,,mae,,,0.18133556051412075,0.05915228753680813,0.07545182850034231,0.000157,,,,,,21,,1.0e12,0.1,window,3.0
197398.98868404742,0.0312358,0,0.01,cholesky,adaptive_ridge,310,quadratic_stacked_beta,0.0198304,8.980003409793851e-16,mae,0.0114054,3,0.16372501761119373,0.05349302575955077,0.06760780204641761,,,,,,,22,,,,window,3.0
,9.8e-5,,0.001,,static_ridge,,,,,mae,,,0.15043940743128142,0.050165644857245645,0.06364274867681778,,,,,,,22,,,,window,3.0
,,,,,rls,,,,,mae,,,0.1412675034167916,0.045834931666762016,0.05834524522931382,0.0069316,0.995,0.1,,,,22,,,,window,3.0
,,,,,hedge,,,,,mae,,,0.2332351059166917,0.07447481130830606,0.09504167443725695,0.002738,,,1.0,24,,22,,,,window,3.0
,,,,,exp3,,,,,mae,,,0.6269275992752393,0.18674325353258253,0.23732061152733588,0.0013293,,,,,0.1,22,,,,window,3.0
,,,,,fixed_share,,,,,mae,,,0.15924061294845987,0.053260898678787714,0.06687903934041661,0.000909,,,0.05,,,22,0.005,,,window,3.0
,,,,,passive_aggressive,,,,,mae,,,0.1621822476648967,0.052435709265390304,0.06692965918633732,0.0003915,,,,,,22,,1.0e12,0.1,window,3.0
685893.919964763,0.41193640000000004,0,0.001,cholesky,adaptive_ridge,310,quadratic_stacked_beta,0.4005811,1.9006193848868697e-15,mae,0.0113553,3,0.13934521214613274,0.04887340453397024,0.06053750838652559,,,,,,,23,,,,window,3.0
,0.0001158,,0.0001,,static_ridge,,,,,mae,,,0.13614353134305593,0.046065826707790754,0.05833732855624639,,,,,,,23,,,,window,3.0
,,,,,rls,,,,,mae,,,0.11858578055651885,0.04162985358100308,0.052140104766592386,0.0097028,0.995,0.1,,,,23,,,,window,3.0
,,,,,hedge,,,,,mae,,,0.31210919901770534,0.11045273623738251,0.13717011327014642,0.002274,,,1.0,336,,23,,,,window,3.0
,,,,,exp3,,,,,mae,,,0.8310342531568655,0.21685322793651535,0.2968714409416686,0.002553,,,,,0.1,23,,,,window,3.0
,,,,,fixed_share,,,,,mae,,,0.2255477917789984,0.07674493610754608,0.09583140190579428,0.0026439,,,0.5,,,23,0.05,,,window,3.0
,,,,,passive_aggressive,,,,,mae,,,0.13161355516710196,0.046859782743096996,0.05817780746205533,0.000146,,,,,,23,,1.0e12,0.1,window,3.0
201142.93525069152,0.069485,0,0.01,cholesky,adaptive_ridge,310,quadratic_stacked_beta,0.0170645,1.7547789084267075e-15,mae,0.0524205,3,0.20188545574855035,0.0692356514990897,0.08618158749911166,,,,,,,24,,,,window,3.0
,0.0001217,,0.0001,,static_ridge,,,,,mae,,,0.2444183757454849,0.08346178180225888,0.10469644938954174,,,,,,,24,,,,window,3.0
,,,,,rls,,,,,mae,,,0.1793414262228641,0.057785278362323556,0.07355181928457905,0.0025765,0.99,0.1,,,,24,,,,window,3.0
,,,,,hedge,,,,,mae,,,0.2305220311093008,0.07818528106421761,0.09781633570902776,0.001927,,,1.0,0,,24,,,,window,3.0
,,,,,exp3,,,,,mae,,,0.8344758980129316,0.24931521531515263,0.3218763579398014,0.0011336,,,,,0.2,24,,,,window,3.0
,,,,,fixed_share,,,,,mae,,,0.20678744452683476,0.06821815247396396,0.08649559434339776,0.001862,,,0.05,,,24,0.01,,,window,3.0
,,,,,passive_aggressive,,,,,mae,,,0.20258844091993858,0.06355784911743875,0.08139266025414871,0.0001448,,,,,,24,,1.0e12,0.1,window,3.0
80409.14619279045,0.0341604,0,0.1,cholesky,adaptive_ridge,310,quadratic_stacked_beta,0.0228228,1.0324446904835013e-15,mae,0.0113376,3,0.2496325656931785,0.08517603582073965,0.10650499952583468,,,,,,,25,,,,window,3.0
,0.0001044,,0.1,,static_ridge,,,,,mae,,,0.24943249381964105,0.08477079337441486,0.10651832708535056,,,,,,,25,,,,window,3.0
,,,,,rls,,,,,mae,,,0.22329541076828907,0.07151996318704264,0.09099755675928148,0.0025882,0.95,0.1,,,,25,,,,window,3.0
,,,,,hedge,,,,,mae,,,0.33791176266136674,0.16132600545016296,0.18145549256056784,0.0020103,,,1.0,336,,25,,,,window,3.0
,,,,,exp3,,,,,mae,,,0.777512071405914,0.31267711233439344,0.3641066390604588,0.0018699,,,,,0.05,25,,,,window,3.0
,,,,,fixed_share,,,,,mae,,,0.2996324919314596,0.13052228316411082,0.15032849436853354,0.0018798,,,0.1,,,25,0.01,,,window,3.0
,,,,,passive_aggressive,,,,,mae,,,0.25714058725810846,0.08071874564943428,0.10312815420317549,0.000163,,,,,,25,,1.0e12,0.1,window,3.0
44773.05835801305,0.3393614,0,0.01,cholesky,adaptive_ridge,310,quadratic_stacked_beta,0.3279084,1.4243674917892939e-15,mae,0.011453,3,0.2424802388734428,0.08189020650938952,0.10322543671158538,,,,,,,26,,,,window,3.0
,9.81e-5,,0.001,,static_ridge,,,,,mae,,,0.2404395276456878,0.0807393207115924,0.10278161168260401,,,,,,,26,,,,window,3.0
,,,,,rls,,,,,mae,,,0.22773093195962754,0.07664165605608296,0.09653090476802395,0.011131,0.98,1.0e-6,,,,26,,,,window,3.0
,,,,,hedge,,,,,mae,,,0.37784248030154294,0.1803340278700402,0.20255334144725795,0.0023717,,,1.0,24,,26,,,,window,3.0
,,,,,exp3,,,,,mae,,,0.8949448514732319,0.2870729359820149,0.36372795185952495,0.0012625,,,,,0.2,26,,,,window,3.0
,,,,,fixed_share,,,,,mae,,,0.3732056089645716,0.15606138235833444,0.18204656694191687,0.0021507,,,0.25,,,26,0.05,,,window,3.0
,,,,,passive_aggressive,,,,,mae,,,0.23183673269509025,0.07932901606148537,0.09952918039031548,0.0001692,,,,,,26,,1.0e12,0.1,window,3.0
293180.86266600294,0.3871755,0,0.01,cholesky,adaptive_ridge,310,quadratic_stacked_beta,0.3758025,1.5971632109860755e-15,mae,0.011373,3,0.1655545821837896,0.05434760811610621,0.06890455278284759,,,,,,,27,,,,window,3.0
,9.15e-5,,0.001,,static_ridge,,,,,mae,,,0.15888478659533234,0.05402812961670505,0.06792924084655108,,,,,,,27,,,,window,3.0
,,,,,rls,,,,,mae,,,0.14200288330226377,0.04637602675919656,0.05869343847493325,0.0075491,0.995,1.0e-6,,,,27,,,,window,3.0
,,,,,hedge,,,,,mae,,,0.23573400986059226,0.08220138339795655,0.10253827232148054,0.0022535,,,1.0,0,,27,,,,window,3.0
,,,,,exp3,,,,,mae,,,0.6769125378222351,0.14542208371815266,0.21736488495946207,0.001578,,,,,0.1,27,,,,window,3.0
,,,,,fixed_share,,,,,mae,,,0.20468200325618316,0.06968625041940894,0.08734926163389616,0.0008542,,,0.5,,,27,0.05,,,window,3.0
,,,,,passive_aggressive,,,,,mae,,,0.15917412066982173,0.05189963085315309,0.06560357371746672,0.0001464,,,,,,27,,1.0e12,0.1,window,3.0
105641.67893753864,0.0332172,0,0.01,cholesky,adaptive_ridge,310,quadratic_stacked_beta,0.016708,1.1930900425756727e-15,mae,0.0165092,3,0.19360443806917793,0.06870599535370195,0.08532856840446683,,,,,,,28,,,,window,3.0
,0.0002151,,0.001,,static_ridge,,,,,mae,,,0.18275108118572753,0.06146122435603038,0.0773759269686257,,,,,,,28,,,,window,3.0
,,,,,rls,,,,,mae,,,0.17494597829698588,0.06023366427678969,0.07539201212169529,0.0056463,0.995,1.0e-6,,,,28,,,,window,3.0
,,,,,hedge,,,,,mae,,,0.27452580462763815,0.09694977929358464,0.12033778300914431,0.0019585,,,1.0,72,,28,,,,window,3.0
,,,,,exp3,,,,,mae,,,0.719103567276871,0.15254914890228582,0.23060347882350973,0.0013268,,,,,0.1,28,,,,window,3.0
,,,,,fixed_share,,,,,mae,,,0.1782373331976065,0.06128062849794099,0.07680396146557647,0.0013267,,,0.05,,,28,0.005,,,window,3.0
,,,,,passive_aggressive,,,,,mae,,,0.1962733665340126,0.06441985843083274,0.08149524826081454,0.0002705,,,,,,28,,1.0e12,0.1,window,3.0
24956.011999050967,0.1669341,0,0.1,cholesky,adaptive_ridge,510,quadratic_stacked_beta,0.1198636,3.0641352251684788e-15,mae,0.0470705,5,0.28174566163806847,0.0971894084668852,0.12140235526267056,,,,,,,30,,,,discrete_probability,0.4
,9.8e-5,,0.001,,static_ridge,,,,,mae,,,0.24797686506627634,0.08579366286538515,0.10781078739962269,,,,,,,30,,,,discrete_probability,0.4
,,,,,rls,,,,,mae,,,0.25157986764198215,0.08648712263197218,0.10909057744144168,0.009258,0.995,0.1,,,,30,,,,discrete_probability,0.4
,,,,,hedge,,,,,mae,,,0.4207143536724963,0.14379446783369135,0.18491361646345142,0.0011011,,,1.0,72,,30,,,,discrete_probability,0.4
,,,,,exp3,,,,,mae,,,0.9568465703037217,0.3141765547205127,0.39454540194485577,0.0013134,,,,,0.1,30,,,,discrete_probability,0.4
,,,,,fixed_share,,,,,mae,,,0.28855432379123797,0.10046542558583658,0.1266221198113667,0.0020851,,,0.05,,,30,0.005,,,discrete_probability,0.4
,,,,,passive_aggressive,,,,,mae,,,0.28513587494245596,0.09696561962334478,0.12215706932105028,0.0001883,,,,,,30,,1.0e12,0.1,discrete_probability,0.4
67646.39374621797,0.0497362,0,0.01,cholesky,adaptive_ridge,310,quadratic_stacked_beta,0.0278865,1.5973464911388539e-15,mae,0.0218497,3,0.23746915897482967,0.08032187587240135,0.10116945358549308,,,,,,,30,,,,window,3.0
,8.87e-5,,0.01,,static_ridge,,,,,mae,,,0.2681237104440177,0.10628204496691289,0.12676033278317406,,,,,,,30,,,,window,3.0
,,,,,rls,,,,,mae,,,0.21102284428226006,0.07005991849092323,0.08817235866109359,0.159346,0.99,0.1,,,,30,,,,window,3.0
,,,,,hedge,,,,,mae,,,0.37509058862910344,0.14851555960774304,0.17597804187519556,0.0025809,,,1.0,24,,30,,,,window,3.0
,,,,,exp3,,,,,mae,,,0.948794377398713,0.30448921833012443,0.3888515652638487,0.0020962,,,,,0.2,30,,,,window,3.0
,,,,,fixed_share,,,,,mae,,,0.29664845772342396,0.10149275654737028,0.12724015325754134,0.0010044,,,0.1,,,30,0.02,,,window,3.0
,,,,,passive_aggressive,,,,,mae,,,0.223203652645055,0.07404637491807081,0.09352867953661068,0.0001596,,,,,,30,,1.0e12,0.1,window,3.0
633756.6773433225,0.13137290000000001,0,0.01,cholesky,adaptive_ridge,410,quadratic_stacked_beta,0.0404075,2.200550868814774e-15,mae,0.0909654,4,0.1855588651038642,0.060952314366722195,0.07731545848307948,,,,,,,1,,,,window,4.0
,9.99e-5,,0.001,,static_ridge,,,,,mae,,,0.18487866729418628,0.06230194016323979,0.07848348396917905,,,,,,,1,,,,window,4.0
,,,,,rls,,,,,mae,,,0.16150723590550217,0.05263884915064551,0.06669031759701369,0.0025496,0.995,0.1,,,,1,,,,window,4.0
,,,,,hedge,,,,,mae,,,0.4307279621805851,0.20891521000028987,0.23159691445242508,0.001147,,,1.0,24,,1,,,,window,4.0
,,,,,exp3,,,,,mae,,,0.7908983940592816,0.23271494281508603,0.3048950417144624,0.0010464,,,,,0.1,1,,,,window,4.0
,,,,,fixed_share,,,,,mae,,,0.295504454408635,0.10078286706269464,0.12604846060986286,0.0009163,,,0.5,,,1,0.05,,,window,4.0
,,,,,passive_aggressive,,,,,mae,,,0.16914886291438477,0.05727567610560804,0.07179413969496565,0.0001288,,,,,,1,,1.0e12,0.1,window,4.0
117121.52737614239,0.0600064,0,0.1,cholesky,adaptive_ridge,410,quadratic_stacked_beta,0.0329977,2.5023920862073513e-15,mae,0.0270087,4,0.2275127880111315,0.07941286396420467,0.09959784372034752,,,,,,,2,,,,window,4.0
,9.06e-5,,0.01,,static_ridge,,,,,mae,,,0.2100257887555147,0.07209728228400382,0.09001700023182244,,,,,,,2,,,,window,4.0
,,,,,rls,,,,,mae,,,0.19611536866073895,0.06931787719731655,0.08563132795536331,0.0087792,0.995,0.1,,,,2,,,,window,4.0
,,,,,hedge,,,,,mae,,,0.2325767871638078,0.08206626116425177,0.10199789824837803,0.0010871,,,1.0,336,,2,,,,window,4.0
,,,,,exp3,,,,,mae,,,0.9505280170891917,0.35567350509184487,0.4286137026891908,0.0013579,,,,,0.1,2,,,,window,4.0
,,,,,fixed_share,,,,,mae,,,0.23293411830699065,0.08200120171268661,0.10182255953549592,0.0014316,,,0.01,,,2,0.005,,,window,4.0
,,,,,passive_aggressive,,,,,mae,,,0.2006189941742222,0.0698202177112568,0.08689477741264276,0.0001526,,,,,,2,,1.0e12,0.1,window,4.0
3.6127066947920443e6,0.2200181,0,0.001,cholesky,adaptive_ridge,410,quadratic_stacked_beta,0.0296274,2.0122495682364786e-15,mae,0.1903907,4,0.18197151750905965,0.058706207567229794,0.07498647625502114,,,,,,,3,,,,window,4.0
,9.67e-5,,0.01,,static_ridge,,,,,mae,,,0.2231958700154279,0.08118172814322659,0.09882080431987289,,,,,,,3,,,,window,4.0
,,,,,rls,,,,,mae,,,0.1381771301368853,0.04676836314931355,0.058697955978291076,0.0025802,0.99,0.1,,,,3,,,,window,4.0
,,,,,hedge,,,,,mae,,,0.293231572724992,0.1100002579896433,0.13315400513906242,0.0022161,,,1.0,24,,3,,,,window,4.0
,,,,,exp3,,,,,mae,,,0.8896375353722753,0.18061310755241325,0.28450686874233655,0.0015218,,,,,0.2,3,,,,window,4.0
,,,,,fixed_share,,,,,mae,,,0.1476085701948021,0.049414407408463895,0.061933394752123935,0.001747,,,0.1,,,3,0.005,,,window,4.0
,,,,,passive_aggressive,,,,,mae,,,0.16919393129420768,0.05782950161686671,0.07242580500410513,0.0001405,,,,,,3,,1.0e12,0.1,window,4.0
30249.64954976749,0.0648924,0,0.1,cholesky,adaptive_ridge,410,quadratic_stacked_beta,0.0392372,2.002033783653981e-15,mae,0.0256552,4,0.20958256179315027,0.0718617892947861,0.08964656365314112,,,,,,,4,,,,window,4.0
,9.49e-5,,0.01,,static_ridge,,,,,mae,,,0.18305703403122844,0.06543343211117121,0.08124382655340028,,,,,,,4,,,,window,4.0
,,,,,rls,,,,,mae,,,0.1729215356026235,0.06225860870364822,0.07737202808024217,0.0092753,0.995,0.1,,,,4,,,,window,4.0
,,,,,hedge,,,,,mae,,,0.2385230617138908,0.08067992992718755,0.10109131965642709,0.0009753,,,1.0,24,,4,,,,window,4.0
,,,,,exp3,,,,,mae,,,0.8289061760135936,0.26746329550934855,0.33723060312691494,0.0026219,,,,,0.1,4,,,,window,4.0
,,,,,fixed_share,,,,,mae,,,0.20868528516558588,0.07227086856801361,0.09024922237212511,0.0028377,,,0.05,,,4,0.02,,,window,4.0
,,,,,passive_aggressive,,,,,mae,,,0.19400056838862428,0.06502214748457769,0.0821867458015513,0.0001467,,,,,,4,,1.0e12,0.1,window,4.0
2.8659634732699553e6,0.115325,0,0.01,cholesky,adaptive_ridge,410,quadratic_stacked_beta,0.0317076,1.9247764431654266e-15,mae,0.0836174,4,0.15380836549492474,0.053088675137476685,0.0662770291453307,,,,,,,5,,,,window,4.0
,8.91e-5,,0.001,,static_ridge,,,,,mae,,,0.13352419093998363,0.046419615380293204,0.05749563463856703,,,,,,,5,,,,window,4.0
,,,,,rls,,,,,mae,,,0.12241492103948587,0.043275525656496075,0.05385930552950398,0.0061319,0.995,0.1,,,,5,,,,window,4.0
,,,,,hedge,,,,,mae,,,0.21012839699201577,0.07083252059168027,0.0892032342414311,0.001468,,,1.0,0,,5,,,,window,4.0
,,,,,exp3,,,,,mae,,,0.7074558695794627,0.19590837797204227,0.2554201626508102,0.001205,,,,,0.1,5,,,,window,4.0
,,,,,fixed_share,,,,,mae,,,0.15795901866328493,0.05418480896035117,0.06809198555011022,0.0010516,,,0.05,,,5,0.01,,,window,4.0
,,,,,passive_aggressive,,,,,mae,,,0.1457077335073538,0.05110927625228515,0.06346723437578526,0.000135,,,,,,5,,1.0e12,0.1,window,4.0
287700.72465423576,0.0714842,0,0.01,cholesky,adaptive_ridge,410,quadratic_stacked_beta,0.045256,1.9683869662192585e-15,mae,0.0262282,4,0.350649927559914,0.11385567894428425,0.14530724828052144,,,,,,,6,,,,window,4.0
,9.66e-5,,0.01,,static_ridge,,,,,mae,,,0.3346328189095081,0.11986925923553192,0.14731230930230604,,,,,,,6,,,,window,4.0
,,,,,rls,,,,,mae,,,0.2749522364531735,0.09078327005414942,0.11561695524508236,0.0026495,0.98,1.0e-6,,,,6,,,,window,4.0
,,,,,hedge,,,,,mae,,,0.4171276018160625,0.15210507399872283,0.18645226073982002,0.0009447,,,1.0,24,,6,,,,window,4.0
,,,,,exp3,,,,,mae,,,1.0117406415014423,0.3813906986053922,0.4490017259647219,0.000962,,,,,0.05,6,,,,window,4.0
,,,,,fixed_share,,,,,mae,,,0.4069023507918456,0.14141727454513034,0.17604787143958198,0.0007862,,,0.1,,,6,0.02,,,window,4.0
,,,,,passive_aggressive,,,,,mae,,,0.30947297684540936,0.09240504608121855,0.1204324651768481,0.0001693,,,,,,6,,1.0e12,0.1,window,4.0
12618.815881459392,0.1875213,0,0.1,cholesky,adaptive_ridge,410,quadratic_stacked_beta,0.0282098,2.085018186273301e-15,mae,0.1593115,4,0.2518750020989525,0.0865799053286493,0.10871533488125901,,,,,,,7,,,,window,4.0
,9.79e-5,,0.01,,static_ridge,,,,,mae,,,0.24441645204881973,0.07974548638667443,0.1013859908690247,,,,,,,7,,,,window,4.0
,,,,,rls,,,,,mae,,,0.23255223630273522,0.07718158146223414,0.09752879925351786,0.002492,0.995,0.1,,,,7,,,,window,4.0
,,,,,hedge,,,,,mae,,,0.25903424778310635,0.08623560704456482,0.1091196847300239,0.0007833,,,1.0,0,,7,,,,window,4.0
,,,,,exp3,,,,,mae,,,0.8833715493329737,0.23978327376912048,0.32373410301323174,0.001832,,,,,0.2,7,,,,window,4.0
,,,,,fixed_share,,,,,mae,,,0.2676274093787746,0.08530061831143365,0.10954731323658143,0.0026102,,,0.05,,,7,0.01,,,window,4.0
,,,,,passive_aggressive,,,,,mae,,,0.24999738836282784,0.08023314108732583,0.1026978965525089,0.0001604,,,,,,7,,1.0e12,0.1,window,4.0
211537.85330657059,0.0567001,0,0.01,cholesky,adaptive_ridge,410,quadratic_stacked_beta,0.0302002,1.834063416510449e-15,mae,0.0264999,4,0.18664239419261108,0.06446575234863647,0.08024527248875861,,,,,,,8,,,,window,4.0
,0.0001203,,0.0001,,static_ridge,,,,,mae,,,0.16978018478549545,0.0592871209228417,0.07387462220940716,,,,,,,8,,,,window,4.0
,,,,,rls,,,,,mae,,,0.16168619099894282,0.05696196859295,0.07045760356580263,0.0085795,0.995,0.1,,,,8,,,,window,4.0
,,,,,hedge,,,,,mae,,,0.26286878235167177,0.08510394630858409,0.10800235623183435,0.0020799,,,0.01,0,,8,,,,window,4.0
,,,,,exp3,,,,,mae,,,0.76889722818504,0.2849616839060336,0.3423490817485267,0.0011157,,,,,0.1,8,,,,window,4.0
,,,,,fixed_share,,,,,mae,,,0.2645811818256606,0.0857642041986232,0.10874927348719313,0.0009519,,,0.01,,,8,0.1,,,window,4.0
,,,,,passive_aggressive,,,,,mae,,,0.16353267554112516,0.05980948694704145,0.07364779938109432,0.0001468,,,,,,8,,1.0e12,0.1,window,4.0
19544.629255247943,0.0629678,0,0.1,cholesky,adaptive_ridge,410,quadratic_stacked_beta,0.03114,2.221979665705695e-15,mae,0.0318278,4,0.25528025721335185,0.08978031462281541,0.11184430744383782,,,,,,,9,,,,window,4.0
,9.07e-5,,0.1,,static_ridge,,,,,mae,,,0.24685814218139118,0.08863031180407924,0.10925350789467855,,,,,,,9,,,,window,4.0
,,,,,rls,,,,,mae,,,0.23933341236054306,0.083710269352733,0.10472581608704097,0.0362578,0.995,0.1,,,,9,,,,window,4.0
,,,,,hedge,,,,,mae,,,0.288841800954302,0.09852788192090634,0.1238629034374165,0.0009694,,,0.01,0,,9,,,,window,4.0
,,,,,exp3,,,,,mae,,,0.9318536075667341,0.29527234168809807,0.3762183427451998,0.0013426,,,,,0.1,9,,,,window,4.0
,,,,,fixed_share,,,,,mae,,,0.28955300437239445,0.09873539499906052,0.12413873052540629,0.0011745,,,0.01,,,9,0.1,,,window,4.0
,,,,,passive_aggressive,,,,,mae,,,0.25291235107781185,0.08382410736961511,0.10643784980109691,0.0001428,,,,,,9,,1.0e12,0.1,window,4.0
310440.99514719547,0.0579288,0,0.01,cholesky,adaptive_ridge,410,quadratic_stacked_beta,0.0286077,2.2621751929238227e-15,mae,0.0293211,4,0.1883582523136298,0.06412618774723847,0.08008844542347755,,,,,,,10,,,,window,4.0
,9.5e-5,,0.01,,static_ridge,,,,,mae,,,0.17024426685147212,0.05794255950378842,0.0723756645627376,,,,,,,10,,,,window,4.0
,,,,,rls,,,,,mae,,,0.1611164940927139,0.055650546282209085,0.06954589861715472,0.1457173,0.995,0.1,,,,10,,,,window,4.0
,,,,,hedge,,,,,mae,,,0.3384163422667968,0.14597351808476855,0.17047205378664435,0.0025843,,,1.0,336,,10,,,,window,4.0
,,,,,exp3,,,,,mae,,,0.7322239673275946,0.16246117532771248,0.23936922355890314,0.0016983,,,,,0.1,10,,,,window,4.0
,,,,,fixed_share,,,,,mae,,,0.30595419792378153,0.10435491209551621,0.13100524876726477,0.0020798,,,0.25,,,10,0.02,,,window,4.0
,,,,,passive_aggressive,,,,,mae,,,0.16651318604168674,0.05796302709183534,0.0723879954401935,0.0001361,,,,,,10,,1.0e12,0.1,window,4.0
27697.299630067933,0.2264225,0,0.1,cholesky,adaptive_ridge,410,quadratic_stacked_beta,0.032379,2.1761482008367822e-15,mae,0.1940435,4,0.2516543025753069,0.08478644990856658,0.10753437618296494,,,,,,,11,,,,window,4.0
,0.000104,,0.01,,static_ridge,,,,,mae,,,0.22179972152720018,0.07584814551518011,0.09513799194951793,,,,,,,11,,,,window,4.0
,,,,,rls,,,,,mae,,,0.21706248278219722,0.07409498927407977,0.09209859963069383,0.0027427,0.995,0.1,,,,11,,,,window,4.0
,,,,,hedge,,,,,mae,,,0.3172762812291652,0.11983066643548644,0.1449290843835479,0.0010024,,,1.0,24,,11,,,,window,4.0
,,,,,exp3,,,,,mae,,,0.8344603672880428,0.2580128306461405,0.3344231054975238,0.0016648,,,,,0.2,11,,,,window,4.0
,,,,,fixed_share,,,,,mae,,,0.2711115467957225,0.09471995024478096,0.11796928867013975,0.0008932,,,0.05,,,11,0.005,,,window,4.0
,,,,,passive_aggressive,,,,,mae,,,0.22336798531994398,0.07519407805238026,0.0944012119479718,0.0001548,,,,,,11,,1.0e12,0.1,window,4.0
17408.498835684866,0.0630818,0,0.1,cholesky,adaptive_ridge,410,quadratic_stacked_beta,0.0327623,2.0114802805654745e-15,mae,0.0303195,4,0.23283731286278606,0.07750490985879475,0.09752780752803848,,,,,,,12,,,,window,4.0
,0.0001793,,0.01,,static_ridge,,,,,mae,,,0.21671530508095807,0.07138324682916589,0.09071315633149855,,,,,,,12,,,,window,4.0
,,,,,rls,,,,,mae,,,0.20421209266027376,0.06734019818809256,0.08546526565698051,0.0025567,0.995,1.0e-6,,,,12,,,,window,4.0
,,,,,hedge,,,,,mae,,,0.24582880098873303,0.08267691313891103,0.10352083724782639,0.0008285,,,1.0,0,,12,,,,window,4.0
,,,,,exp3,,,,,mae,,,0.8092378059534241,0.2769088012765567,0.3417995045249321,0.0011418,,,,,0.1,12,,,,window,4.0
,,,,,fixed_share,,,,,mae,,,0.24608961497148404,0.08319969738838509,0.10433341669149158,0.0009858,,,0.01,,,12,0.01,,,window,4.0
,,,,,passive_aggressive,,,,,mae,,,0.22021390973183366,0.07003131957763856,0.09032169721498938,0.0001686,,,,,,12,,1.0e12,0.1,window,4.0
569260.6628696076,0.1181798,0,0.01,cholesky,adaptive_ridge,410,quadratic_stacked_beta,0.0304653,2.060477643085659e-15,mae,0.0877145,4,0.20538783717631318,0.06761027103857199,0.08498881449765174,,,,,,,13,,,,window,4.0
,0.0001223,,0.0001,,static_ridge,,,,,mae,,,0.18667628268759034,0.06338787683949348,0.07980283813172784,,,,,,,13,,,,window,4.0
,,,,,rls,,,,,mae,,,0.17613808726395244,0.058221131057297044,0.07321858826997549,0.008557,0.995,0.1,,,,13,,,,window,4.0
,,,,,hedge,,,,,mae,,,0.28588177046817415,0.10170751134480117,0.1260016775165405,0.0019661,,,0.25,0,,13,,,,window,4.0
,,,,,exp3,,,,,mae,,,0.9307446789179007,0.3126769206547629,0.38806013267928635,0.001209,,,,,0.2,13,,,,window,4.0
,,,,,fixed_share,,,,,mae,,,0.25786156962447343,0.08820893907846783,0.11063189594400613,0.0009189,,,0.25,,,13,0.05,,,window,4.0
,,,,,passive_aggressive,,,,,mae,,,0.192698934820903,0.06057322042600924,0.07774559022940673,0.0002113,,,,,,13,,1.0e12,0.1,window,4.0
23452.361808739104,0.062420699999999996,0,0.1,cholesky,adaptive_ridge,410,quadratic_stacked_beta,0.0328904,1.5025699705141883e-15,mae,0.0295303,4,0.32438507701204355,0.11143839213626543,0.13995803090294703,,,,,,,14,,,,window,4.0
,0.0001284,,0.1,,static_ridge,,,,,mae,,,0.3151390344486258,0.10743064353420866,0.13504629192348533,,,,,,,14,,,,window,4.0
,,,,,rls,,,,,mae,,,0.3001260397225624,0.09652742617389634,0.12305286414579988,0.0077376,0.98,0.01,,,,14,,,,window,4.0
,,,,,hedge,,,,,mae,,,0.335036926790658,0.11772632025847649,0.14584185144122094,0.0025151,,,1.0,72,,14,,,,window,4.0
,,,,,exp3,,,,,mae,,,0.9228494869259469,0.2275729672957513,0.3163925566732033,0.0018914,,,,,0.2,14,,,,window,4.0
,,,,,fixed_share,,,,,mae,,,0.2993919287794196,0.10289463746951628,0.12839187332205462,0.001635,,,0.05,,,14,0.01,,,window,4.0
,,,,,passive_aggressive,,,,,mae,,,0.3366230021549635,0.10310403572285196,0.13293391528743337,0.0002015,,,,,,14,,1.0e12,0.1,window,4.0
62369.968099480924,0.056991200000000006,0,0.1,cholesky,adaptive_ridge,410,quadratic_stacked_beta,0.0305827,2.107162829561957e-15,mae,0.0264085,4,0.32511461776363476,0.1115191158268605,0.1405003154181717,,,,,,,15,,,,window,4.0
,8.82e-5,,0.1,,static_ridge,,,,,mae,,,0.31303725690084405,0.10772692316768001,0.1348884311760078,,,,,,,15,,,,window,4.0
,,,,,rls,,,,,mae,,,0.3148394860335894,0.09974049279027619,0.12879382895082697,0.0084183,0.95,0.01,,,,15,,,,window,4.0
,,,,,hedge,,,,,mae,,,0.4255159634203406,0.18080769915445807,0.21109590813058013,0.0025638,,,1.0,24,,15,,,,window,4.0
,,,,,exp3,,,,,mae,,,1.0978966581586453,0.3343099866540617,0.43811446511464497,0.0011249,,,,,0.1,15,,,,window,4.0
,,,,,fixed_share,,,,,mae,,,0.3593057437343983,0.12279202485287447,0.1541451558374481,0.001122,,,0.05,,,15,0.005,,,window,4.0
,,,,,passive_aggressive,,,,,mae,,,0.3748415140106583,0.10711275067408464,0.1418877678739849,0.0002278,,,,,,15,,1.0e12,0.1,window,4.0
187729.47094136119,0.0625061,0,0.01,cholesky,adaptive_ridge,410,quadratic_stacked_beta,0.0336131,1.879825632927243e-15,mae,0.028893,4,0.2089121172585484,0.07336484220212224,0.09127469989115154,,,,,,,16,,,,window,4.0
,9.72e-5,,0.01,,static_ridge,,,,,mae,,,0.20238946528403645,0.06986104758963516,0.08782060879245342,,,,,,,16,,,,window,4.0
,,,,,rls,,,,,mae,,,0.19163869834879216,0.06650715406389777,0.083214369035415,0.0077301,0.995,0.1,,,,16,,,,window,4.0
,,,,,hedge,,,,,mae,,,0.2510100650640427,0.09037314728342898,0.11191619369857118,0.0008679,,,0.01,0,,16,,,,window,4.0
,,,,,exp3,,,,,mae,,,0.8155003526292581,0.20922798777648652,0.28700371103388994,0.0012674,,,,,0.2,16,,,,window,4.0
,,,,,fixed_share,,,,,mae,,,0.25154523814667457,0.09074361095908116,0.11230483266476417,0.0019056,,,0.01,,,16,0.1,,,window,4.0
,,,,,passive_aggressive,,,,,mae,,,0.20843429625400234,0.07066696136115179,0.08848908271557283,0.0001662,,,,,,16,,1.0e12,0.1,window,4.0
529625.7157634513,0.07658290000000001,0,0.01,cholesky,adaptive_ridge,410,quadratic_stacked_beta,0.0424977,2.326196266063463e-15,mae,0.0340852,4,0.20993937983126632,0.0700939121616758,0.08854087715396398,,,,,,,17,,,,window,4.0
,0.0001167,,0.01,,static_ridge,,,,,mae,,,0.19418457572636671,0.0650389653727623,0.081920407996403,,,,,,,17,,,,window,4.0
,,,,,rls,,,,,mae,,,0.18164630561458048,0.0600435607693447,0.07570163391033578,0.0090455,0.995,1.0e-6,,,,17,,,,window,4.0
,,,,,hedge,,,,,mae,,,0.2924405506260153,0.11525346206150283,0.13846934760150642,0.0021423,,,1.0,24,,17,,,,window,4.0
,,,,,exp3,,,,,mae,,,0.7408118967082299,0.26644811608774305,0.3203864941492506,0.0021873,,,,,0.1,17,,,,window,4.0
,,,,,fixed_share,,,,,mae,,,0.22830489682334906,0.08085728779276558,0.1009110794332172,0.0010235,,,0.1,,,17,0.02,,,window,4.0
,,,,,passive_aggressive,,,,,mae,,,0.18451109965284992,0.06410028452744024,0.08015877443461288,0.0001403,,,,,,17,,1.0e12,0.1,window,4.0
991126.0430108183,0.17537519999999998,0,0.001,cholesky,adaptive_ridge,410,quadratic_stacked_beta,0.1491911,2.3736158629260378e-15,mae,0.0261841,4,0.18693949069704793,0.06383055699539993,0.07983985821053226,,,,,,,18,,,,window,4.0
,9.29e-5,,0.001,,static_ridge,,,,,mae,,,0.16068397902110285,0.0573097906294586,0.07076773934452542,,,,,,,18,,,,window,4.0
,,,,,rls,,,,,mae,,,0.15719326372217407,0.055833329452598016,0.06874819376740263,0.0084854,0.995,0.1,,,,18,,,,window,4.0
,,,,,hedge,,,,,mae,,,0.25827084887026985,0.08255872221060993,0.10563516299483415,0.0007661,,,1.0,0,,18,,,,window,4.0
,,,,,exp3,,,,,mae,,,0.9145624474650051,0.28996112552596676,0.3522986716711297,0.0011021,,,,,0.2,18,,,,window,4.0
,,,,,fixed_share,,,,,mae,,,0.2664720371915227,0.08377577808384701,0.10776549323128937,0.0009687,,,0.01,,,18,0.005,,,window,4.0
,,,,,passive_aggressive,,,,,mae,,,0.16489997923768493,0.0558884963894822,0.07040953786463947,0.0001464,,,,,,18,,1.0e12,0.1,window,4.0
37807.559527757585,0.0815034,0,0.01,cholesky,adaptive_ridge,410,quadratic_stacked_beta,0.0310341,1.539212036495084e-15,mae,0.0504693,4,0.2422594869656158,0.08570681094203071,0.10606659295964983,,,,,,,19,,,,window,4.0
,9.71e-5,,0.01,,static_ridge,,,,,mae,,,0.26534766012922967,0.10126856458013526,0.12239244462639493,,,,,,,19,,,,window,4.0
,,,,,rls,,,,,mae,,,0.21886395503825823,0.07493456154033827,0.09341459610425004,0.0027946,0.98,0.0001,,,,19,,,,window,4.0
,,,,,hedge,,,,,mae,,,0.29180832784632715,0.1043936702296371,0.12911186123306106,0.001064,,,1.0,72,,19,,,,window,4.0
,,,,,exp3,,,,,mae,,,0.7674600410470833,0.24793667291327107,0.31018421210545194,0.0012335,,,,,0.1,19,,,,window,4.0
,,,,,fixed_share,,,,,mae,,,0.28762800975529773,0.10416942692896325,0.12857925832281553,0.0011169,,,0.05,,,19,0.02,,,window,4.0
,,,,,passive_aggressive,,,,,mae,,,0.23001543063610932,0.07675541786056898,0.09701991404014175,0.0001685,,,,,,19,,1.0e12,0.1,window,4.0
440640.7075350711,0.5247315,0,0.001,cholesky,adaptive_ridge,410,quadratic_stacked_beta,0.3761837,1.671445752148127e-15,mae,0.1485478,4,0.1843635282095186,0.06337405462755039,0.07969391616577103,,,,,,,20,,,,window,4.0
,0.0001171,,0.0001,,static_ridge,,,,,mae,,,0.14149777279209658,0.0470079238804436,0.05990350596575299,,,,,,,20,,,,window,4.0
,,,,,rls,,,,,mae,,,0.13561045841667518,0.044336680046807436,0.05633544910209395,0.0078261,0.995,1.0e-6,,,,20,,,,window,4.0
,,,,,hedge,,,,,mae,,,0.28915085573729316,0.09925256388715235,0.12391859426202931,0.0009309,,,0.01,0,,20,,,,window,4.0
,,,,,exp3,,,,,mae,,,0.8417903042029303,0.2540509181622264,0.33122307098034304,0.002014,,,,,0.2,20,,,,window,4.0
,,,,,fixed_share,,,,,mae,,,0.2833082059260935,0.09796223985436557,0.12225135585638076,0.002134,,,0.01,,,20,0.005,,,window,4.0
,,,,,passive_aggressive,,,,,mae,,,0.15025830471604465,0.05198254278791295,0.06512898954742202,0.0001449,,,,,,20,,1.0e12,0.1,window,4.0
29144.080403074688,0.0575871,0,0.1,cholesky,adaptive_ridge,410,quadratic_stacked_beta,0.0304534,1.927252018418093e-15,mae,0.0271337,4,0.2126447505531166,0.0725690686044125,0.09067500266758657,,,,,,,21,,,,window,4.0
,0.0001198,,0.0001,,static_ridge,,,,,mae,,,0.22006645850020043,0.07397134347065264,0.093070455874823,,,,,,,21,,,,window,4.0
,,,,,rls,,,,,mae,,,0.17049791173541262,0.05829012432620005,0.07330329115774767,0.0026832,0.995,1.0e-6,,,,21,,,,window,4.0
,,,,,hedge,,,,,mae,,,0.200778141420455,0.06797604142618312,0.08544396783474428,0.0019424,,,0.5,0,,21,,,,window,4.0
,,,,,exp3,,,,,mae,,,0.7560201215308655,0.2623200913681688,0.32283561029559,0.0017243,,,,,0.05,21,,,,window,4.0
,,,,,fixed_share,,,,,mae,,,0.20110597030467983,0.0683552754108625,0.08576925688579996,0.0023669,,,0.01,,,21,0.02,,,window,4.0
,,,,,passive_aggressive,,,,,mae,,,0.18133556051412075,0.05915228753680813,0.07545182850034231,0.0001547,,,,,,21,,1.0e12,0.1,window,4.0
237742.69087831874,0.0590951,0,0.01,cholesky,adaptive_ridge,410,quadratic_stacked_beta,0.0315409,1.301705637112751e-15,mae,0.0275542,4,0.17168712119357235,0.0563454875539978,0.07092211532176888,,,,,,,22,,,,window,4.0
,0.0001032,,0.001,,static_ridge,,,,,mae,,,0.15043940743128142,0.050165644857245645,0.06364274867681778,,,,,,,22,,,,window,4.0
,,,,,rls,,,,,mae,,,0.1412675034167916,0.045834931666762016,0.05834524522931382,0.0030697,0.995,0.1,,,,22,,,,window,4.0
,,,,,hedge,,,,,mae,,,0.2332351059166917,0.07447481130830606,0.09504167443725695,0.0021969,,,1.0,24,,22,,,,window,4.0
,,,,,exp3,,,,,mae,,,0.6269275992752393,0.18674325353258253,0.23732061152733588,0.0018408,,,,,0.1,22,,,,window,4.0
,,,,,fixed_share,,,,,mae,,,0.15924061294845987,0.053260898678787714,0.06687903934041661,0.0009238,,,0.05,,,22,0.005,,,window,4.0
,,,,,passive_aggressive,,,,,mae,,,0.1621822476648967,0.052435709265390304,0.06692965918633732,0.0001237,,,,,,22,,1.0e12,0.1,window,4.0
1.0718047932699202e6,0.109657,0,0.001,cholesky,adaptive_ridge,410,quadratic_stacked_beta,0.068888,2.1226330970289662e-15,mae,0.040769,4,0.14591173161183918,0.051230895585592524,0.06357392465744605,,,,,,,23,,,,window,4.0
,0.0001414,,0.0001,,static_ridge,,,,,mae,,,0.13614353134305593,0.046065826707790754,0.05833732855624639,,,,,,,23,,,,window,4.0
,,,,,rls,,,,,mae,,,0.11858578055651885,0.04162985358100308,0.052140104766592386,0.0068297,0.995,0.1,,,,23,,,,window,4.0
,,,,,hedge,,,,,mae,,,0.31210919901770534,0.11045273623738251,0.13717011327014642,0.0012245,,,1.0,336,,23,,,,window,4.0
,,,,,exp3,,,,,mae,,,0.8310342531568655,0.21685322793651535,0.2968714409416686,0.0009828,,,,,0.1,23,,,,window,4.0
,,,,,fixed_share,,,,,mae,,,0.2255477917789984,0.07674493610754608,0.09583140190579428,0.0010455,,,0.5,,,23,0.05,,,window,4.0
,,,,,passive_aggressive,,,,,mae,,,0.13161355516710196,0.046859782743096996,0.05817780746205533,0.0001391,,,,,,23,,1.0e12,0.1,window,4.0
274173.87265516806,0.802094,0,0.01,cholesky,adaptive_ridge,410,quadratic_stacked_beta,0.0326131,1.7422704536315055e-15,mae,0.7694809,4,0.20562581189209872,0.06884807167610463,0.08617815470663563,,,,,,,24,,,,window,4.0
,0.0001196,,0.0001,,static_ridge,,,,,mae,,,0.2444183757454849,0.08346178180225888,0.10469644938954174,,,,,,,24,,,,window,4.0
,,,,,rls,,,,,mae,,,0.1793414262228641,0.057785278362323556,0.07355181928457905,0.0028724,0.99,0.1,,,,24,,,,window,4.0
,,,,,hedge,,,,,mae,,,0.2305220311093008,0.07818528106421761,0.09781633570902776,0.0022348,,,1.0,0,,24,,,,window,4.0
,,,,,exp3,,,,,mae,,,0.8344758980129316,0.24931521531515263,0.3218763579398014,0.0018617,,,,,0.2,24,,,,window,4.0
,,,,,fixed_share,,,,,mae,,,0.20678744452683476,0.06821815247396396,0.08649559434339776,0.0021748,,,0.05,,,24,0.01,,,window,4.0
,,,,,passive_aggressive,,,,,mae,,,0.20258844091993858,0.06355784911743875,0.08139266025414871,0.0001465,,,,,,24,,1.0e12,0.1,window,4.0
102230.34701948696,0.6605964,0,0.1,cholesky,adaptive_ridge,410,quadratic_stacked_beta,0.5047126,1.2855787442438529e-15,mae,0.1558838,4,0.2510795324739811,0.08602339777676322,0.10766982778154245,,,,,,,25,,,,window,4.0
,9.58e-5,,0.1,,static_ridge,,,,,mae,,,0.24943249381964105,0.08477079337441486,0.10651832708535056,,,,,,,25,,,,window,4.0
,,,,,rls,,,,,mae,,,0.22329541076828907,0.07151996318704264,0.09099755675928148,0.0027064,0.95,0.1,,,,25,,,,window,4.0
,,,,,hedge,,,,,mae,,,0.33791176266136674,0.16132600545016296,0.18145549256056784,0.0027175,,,1.0,336,,25,,,,window,4.0
,,,,,exp3,,,,,mae,,,0.777512071405914,0.31267711233439344,0.3641066390604588,0.0018932,,,,,0.05,25,,,,window,4.0
,,,,,fixed_share,,,,,mae,,,0.2996324919314596,0.13052228316411082,0.15032849436853354,0.0015986,,,0.1,,,25,0.01,,,window,4.0
,,,,,passive_aggressive,,,,,mae,,,0.25714058725810846,0.08071874564943428,0.10312815420317549,0.0001669,,,,,,25,,1.0e12,0.1,window,4.0
13874.183365394854,0.19146069999999998,0,0.1,cholesky,adaptive_ridge,410,quadratic_stacked_beta,0.1652159,1.727004128578355e-15,mae,0.0262448,4,0.25335553507584785,0.08410349801887639,0.10634810212688058,,,,,,,26,,,,window,4.0
,0.0001084,,0.001,,static_ridge,,,,,mae,,,0.2404395276456878,0.0807393207115924,0.10278161168260401,,,,,,,26,,,,window,4.0
,,,,,rls,,,,,mae,,,0.22773093195962754,0.07664165605608296,0.09653090476802395,0.0051101,0.98,1.0e-6,,,,26,,,,window,4.0
,,,,,hedge,,,,,mae,,,0.37784248030154294,0.1803340278700402,0.20255334144725795,0.0009094,,,1.0,24,,26,,,,window,4.0
,,,,,exp3,,,,,mae,,,0.8949448514732319,0.2870729359820149,0.36372795185952495,0.0015443,,,,,0.2,26,,,,window,4.0
,,,,,fixed_share,,,,,mae,,,0.3732056089645716,0.15606138235833444,0.18204656694191687,0.0009719,,,0.25,,,26,0.05,,,window,4.0
,,,,,passive_aggressive,,,,,mae,,,0.23183673269509025,0.07932901606148537,0.09952918039031548,0.0001548,,,,,,26,,1.0e12,0.1,window,4.0
387037.12147890375,0.0866581,0,0.01,cholesky,adaptive_ridge,410,quadratic_stacked_beta,0.0306601,1.8361144554535676e-15,mae,0.055998,4,0.17229431946047774,0.056764387072580566,0.0718450853396706,,,,,,,27,,,,window,4.0
,9.88e-5,,0.001,,static_ridge,,,,,mae,,,0.15888478659533234,0.05402812961670505,0.06792924084655108,,,,,,,27,,,,window,4.0
,,,,,rls,,,,,mae,,,0.14200288330226377,0.04637602675919656,0.05869343847493325,0.0081077,0.995,1.0e-6,,,,27,,,,window,4.0
,,,,,hedge,,,,,mae,,,0.23573400986059226,0.08220138339795655,0.10253827232148054,0.0019706,,,1.0,0,,27,,,,window,4.0
,,,,,exp3,,,,,mae,,,0.6769125378222351,0.14542208371815266,0.21736488495946207,0.0016627,,,,,0.1,27,,,,window,4.0
,,,,,fixed_share,,,,,mae,,,0.20468200325618316,0.06968625041940894,0.08734926163389616,0.0021023,,,0.5,,,27,0.05,,,window,4.0
,,,,,passive_aggressive,,,,,mae,,,0.15917412066982173,0.05189963085315309,0.06560357371746672,0.0001617,,,,,,27,,1.0e12,0.1,window,4.0
132595.37256859356,0.0579498,0,0.01,cholesky,adaptive_ridge,410,quadratic_stacked_beta,0.0305622,1.5279841813557068e-15,mae,0.0273876,4,0.2025268451732069,0.07141704544658534,0.08859971849984168,,,,,,,28,,,,window,4.0
,0.0001014,,0.001,,static_ridge,,,,,mae,,,0.18275108118572753,0.06146122435603038,0.0773759269686257,,,,,,,28,,,,window,4.0
,,,,,rls,,,,,mae,,,0.17494597829698588,0.06023366427678969,0.07539201212169529,0.0437031,0.995,1.0e-6,,,,28,,,,window,4.0
,,,,,hedge,,,,,mae,,,0.27452580462763815,0.09694977929358464,0.12033778300914431,0.0010976,,,1.0,72,,28,,,,window,4.0
,,,,,exp3,,,,,mae,,,0.719103567276871,0.15254914890228582,0.23060347882350973,0.0015716,,,,,0.1,28,,,,window,4.0
,,,,,fixed_share,,,,,mae,,,0.1782373331976065,0.06128062849794099,0.07680396146557647,0.0011632,,,0.05,,,28,0.005,,,window,4.0
,,,,,passive_aggressive,,,,,mae,,,0.1962733665340126,0.06441985843083274,0.08149524826081454,0.0001437,,,,,,28,,1.0e12,0.1,window,4.0
39724.038159442374,0.10290740000000001,0,0.1,cholesky,adaptive_ridge,410,quadratic_stacked_beta,0.0593184,2.1453866032941094e-15,mae,0.043589,4,0.21893385334747678,0.07390735787645403,0.09277772009826168,,,,,,,29,,,,window,4.0
,0.0001113,,0.01,,static_ridge,,,,,mae,,,0.21039160406011972,0.07087168036267005,0.08867761186341253,,,,,,,29,,,,window,4.0
,,,,,rls,,,,,mae,,,0.18377641063280492,0.0651680074963615,0.0809751658970706,0.0090434,0.995,0.1,,,,29,,,,window,4.0
,,,,,hedge,,,,,mae,,,0.24170951365306714,0.07992233432066836,0.1005405374914922,0.0022274,,,1.0,336,,29,,,,window,4.0
,,,,,exp3,,,,,mae,,,0.8884256116870018,0.23702350799251404,0.3193536980361755,0.0016099,,,,,0.2,29,,,,window,4.0
,,,,,fixed_share,,,,,mae,,,0.24145933330758967,0.0802765633636932,0.10094861757775263,0.0017555,,,0.01,,,29,0.005,,,window,4.0
,,,,,passive_aggressive,,,,,mae,,,0.18833004734820932,0.06645737964517044,0.08238907943381177,0.0001434,,,,,,29,,1.0e12,0.1,window,4.0
90775.61685001515,0.09327440000000001,0,0.01,cholesky,adaptive_ridge,410,quadratic_stacked_beta,0.0666274,1.8044524992685973e-15,mae,0.026647,4,0.2337399159007162,0.07975001246418105,0.10066877721499924,,,,,,,30,,,,window,4.0
,9.9e-5,,0.01,,static_ridge,,,,,mae,,,0.2681237104440177,0.10628204496691289,0.12676033278317406,,,,,,,30,,,,window,4.0
,,,,,rls,,,,,mae,,,0.21102284428226006,0.07005991849092323,0.08817235866109359,0.0074898,0.99,0.1,,,,30,,,,window,4.0
,,,,,hedge,,,,,mae,,,0.37509058862910344,0.14851555960774304,0.17597804187519556,0.0021127,,,1.0,24,,30,,,,window,4.0
,,,,,exp3,,,,,mae,,,0.948794377398713,0.30448921833012443,0.3888515652638487,0.001632,,,,,0.2,30,,,,window,4.0
,,,,,fixed_share,,,,,mae,,,0.29664845772342396,0.10149275654737028,0.12724015325754134,0.1356089,,,0.1,,,30,0.02,,,window,4.0
,,,,,passive_aggressive,,,,,mae,,,0.223203652645055,0.07404637491807081,0.09352867953661068,0.0001477,,,,,,30,,1.0e12,0.1,window,4.0
832529.8103401813,0.3932832,0,0.01,cholesky,adaptive_ridge,510,quadratic_stacked_beta,0.0479662,2.674899444325922e-15,mae,0.345317,5,0.19390013866141373,0.06334008519971653,0.08028510751013358,,,,,,,1,,,,window,5.0
,9.92e-5,,0.001,,static_ridge,,,,,mae,,,0.18487866729418628,0.06230194016323979,0.07848348396917905,,,,,,,1,,,,window,5.0
,,,,,rls,,,,,mae,,,0.16150723590550217,0.05263884915064551,0.06669031759701369,0.0027193,0.995,0.1,,,,1,,,,window,5.0
,,,,,hedge,,,,,mae,,,0.4307279621805851,0.20891521000028987,0.23159691445242508,0.0021953,,,1.0,24,,1,,,,window,5.0
,,,,,exp3,,,,,mae,,,0.7908983940592816,0.23271494281508603,0.3048950417144624,0.0010887,,,,,0.1,1,,,,window,5.0
,,,,,fixed_share,,,,,mae,,,0.295504454408635,0.10078286706269464,0.12604846060986286,0.0010009,,,0.5,,,1,0.05,,,window,5.0
,,,,,passive_aggressive,,,,,mae,,,0.16914886291438477,0.05727567610560804,0.07179413969496565,0.000143,,,,,,1,,1.0e12,0.1,window,5.0
140010.78156944618,0.5487893,0,0.1,cholesky,adaptive_ridge,510,quadratic_stacked_beta,0.0411783,2.9713637623098198e-15,mae,0.507611,5,0.2304991116197403,0.08125431179928293,0.10139826499044126,,,,,,,2,,,,window,5.0
,0.0001039,,0.01,,static_ridge,,,,,mae,,,0.2100257887555147,0.07209728228400382,0.09001700023182244,,,,,,,2,,,,window,5.0
,,,,,rls,,,,,mae,,,0.19611536866073895,0.06931787719731655,0.08563132795536331,0.0083608,0.995,0.1,,,,2,,,,window,5.0
,,,,,hedge,,,,,mae,,,0.2325767871638078,0.08206626116425177,0.10199789824837803,0.0020706,,,1.0,336,,2,,,,window,5.0
,,,,,exp3,,,,,mae,,,0.9505280170891917,0.35567350509184487,0.4286137026891908,0.0020238,,,,,0.1,2,,,,window,5.0
,,,,,fixed_share,,,,,mae,,,0.23293411830699065,0.08200120171268661,0.10182255953549592,0.0019222,,,0.01,,,2,0.005,,,window,5.0
,,,,,passive_aggressive,,,,,mae,,,0.2006189941742222,0.0698202177112568,0.08689477741264276,0.0001479,,,,,,2,,1.0e12,0.1,window,5.0
4.843986570867748e6,0.1806296,0,0.001,cholesky,adaptive_ridge,510,quadratic_stacked_beta,0.0406207,2.370442086770494e-15,mae,0.1400089,5,0.18666849696836502,0.06036090914257252,0.07645586430790853,,,,,,,3,,,,window,5.0
,0.000123,,0.01,,static_ridge,,,,,mae,,,0.2231958700154279,0.08118172814322659,0.09882080431987289,,,,,,,3,,,,window,5.0
,,,,,rls,,,,,mae,,,0.1381771301368853,0.04676836314931355,0.058697955978291076,0.0086304,0.99,0.1,,,,3,,,,window,5.0
,,,,,hedge,,,,,mae,,,0.293231572724992,0.1100002579896433,0.13315400513906242,0.0890572,,,1.0,24,,3,,,,window,5.0
,,,,,exp3,,,,,mae,,,0.8896375353722753,0.18061310755241325,0.28450686874233655,0.0011331,,,,,0.2,3,,,,window,5.0
,,,,,fixed_share,,,,,mae,,,0.1476085701948021,0.049414407408463895,0.061933394752123935,0.0010377,,,0.1,,,3,0.005,,,window,5.0
,,,,,passive_aggressive,,,,,mae,,,0.16919393129420768,0.05782950161686671,0.07242580500410513,0.0001575,,,,,,3,,1.0e12,0.1,window,5.0
39319.175292711356,0.6739392,0,0.1,cholesky,adaptive_ridge,510,quadratic_stacked_beta,0.545032,2.0680506163521175e-15,mae,0.1289072,5,0.2113899988315622,0.07331477157009463,0.09086420852183875,,,,,,,4,,,,window,5.0
,8.62e-5,,0.01,,static_ridge,,,,,mae,,,0.18305703403122844,0.06543343211117121,0.08124382655340028,,,,,,,4,,,,window,5.0
,,,,,rls,,,,,mae,,,0.1729215356026235,0.06225860870364822,0.07737202808024217,0.0028635,0.995,0.1,,,,4,,,,window,5.0
,,,,,hedge,,,,,mae,,,0.2385230617138908,0.08067992992718755,0.10109131965642709,0.0022004,,,1.0,24,,4,,,,window,5.0
,,,,,exp3,,,,,mae,,,0.8289061760135936,0.26746329550934855,0.33723060312691494,0.0012283,,,,,0.1,4,,,,window,5.0
,,,,,fixed_share,,,,,mae,,,0.20868528516558588,0.07227086856801361,0.09024922237212511,0.002338,,,0.05,,,4,0.02,,,window,5.0
,,,,,passive_aggressive,,,,,mae,,,0.19400056838862428,0.06502214748457769,0.0821867458015513,0.0001538,,,,,,4,,1.0e12,0.1,window,5.0
1.3325413439633535e7,0.8411242000000001,0,0.001,cholesky,adaptive_ridge,510,quadratic_stacked_beta,0.3260861,2.2023446526773416e-15,mae,0.5150381,5,0.16314147604160698,0.05529285080224303,0.06983578907195237,,,,,,,5,,,,window,5.0
,9.74e-5,,0.001,,static_ridge,,,,,mae,,,0.13352419093998363,0.046419615380293204,0.05749563463856703,,,,,,,5,,,,window,5.0
,,,,,rls,,,,,mae,,,0.12241492103948587,0.043275525656496075,0.05385930552950398,0.0027537,0.995,0.1,,,,5,,,,window,5.0
,,,,,hedge,,,,,mae,,,0.21012839699201577,0.07083252059168027,0.0892032342414311,0.0007837,,,1.0,0,,5,,,,window,5.0
,,,,,exp3,,,,,mae,,,0.7074558695794627,0.19590837797204227,0.2554201626508102,0.0018702,,,,,0.1,5,,,,window,5.0
,,,,,fixed_share,,,,,mae,,,0.15795901866328493,0.05418480896035117,0.06809198555011022,0.0020019,,,0.05,,,5,0.01,,,window,5.0
,,,,,passive_aggressive,,,,,mae,,,0.1457077335073538,0.05110927625228515,0.06346723437578526,0.0001258,,,,,,5,,1.0e12,0.1,window,5.0
67616.9116330512,0.6691259,0,0.1,cholesky,adaptive_ridge,510,quadratic_stacked_beta,0.6209942,2.0825178617823036e-15,mae,0.0481317,5,0.34949712114293163,0.11703429131642161,0.14681851929636383,,,,,,,6,,,,window,5.0
,9.17e-5,,0.01,,static_ridge,,,,,mae,,,0.3346328189095081,0.11986925923553192,0.14731230930230604,,,,,,,6,,,,window,5.0
,,,,,rls,,,,,mae,,,0.2749522364531735,0.09078327005414942,0.11561695524508236,1.0492602,0.98,1.0e-6,,,,6,,,,window,5.0
,,,,,hedge,,,,,mae,,,0.4171276018160625,0.15210507399872283,0.18645226073982002,0.0025775,,,1.0,24,,6,,,,window,5.0
,,,,,exp3,,,,,mae,,,1.0117406415014423,0.3813906986053922,0.4490017259647219,0.0017816,,,,,0.05,6,,,,window,5.0
,,,,,fixed_share,,,,,mae,,,0.4069023507918456,0.14141727454513034,0.17604787143958198,0.001672,,,0.1,,,6,0.02,,,window,5.0
,,,,,passive_aggressive,,,,,mae,,,0.30947297684540936,0.09240504608121855,0.1204324651768481,0.0001638,,,,,,6,,1.0e12,0.1,window,5.0
16929.89959860936,0.0878125,0,0.1,cholesky,adaptive_ridge,510,quadratic_stacked_beta,0.043464,2.5208013302859972e-15,mae,0.0443485,5,0.25422682898655447,0.08687461958160157,0.10945779566184873,,,,,,,7,,,,window,5.0
,0.0001275,,0.01,,static_ridge,,,,,mae,,,0.24441645204881973,0.07974548638667443,0.1013859908690247,,,,,,,7,,,,window,5.0
,,,,,rls,,,,,mae,,,0.23255223630273522,0.07718158146223414,0.09752879925351786,0.002822,0.995,0.1,,,,7,,,,window,5.0
,,,,,hedge,,,,,mae,,,0.25903424778310635,0.08623560704456482,0.1091196847300239,0.0009319,,,1.0,0,,7,,,,window,5.0
,,,,,exp3,,,,,mae,,,0.8833715493329737,0.23978327376912048,0.32373410301323174,0.0017714,,,,,0.2,7,,,,window,5.0
,,,,,fixed_share,,,,,mae,,,0.2676274093787746,0.08530061831143365,0.10954731323658143,0.0025213,,,0.05,,,7,0.01,,,window,5.0
,,,,,passive_aggressive,,,,,mae,,,0.24999738836282784,0.08023314108732583,0.1026978965525089,0.0001787,,,,,,7,,1.0e12,0.1,window,5.0
268230.3584230646,0.2831402,0,0.01,cholesky,adaptive_ridge,510,quadratic_stacked_beta,0.2302393,2.07311993639398e-15,mae,0.0529009,5,0.1922939472457864,0.06554349452082002,0.082357440428967,,,,,,,8,,,,window,5.0
,0.0001225,,0.0001,,static_ridge,,,,,mae,,,0.16978018478549545,0.0592871209228417,0.07387462220940716,,,,,,,8,,,,window,5.0
,,,,,rls,,,,,mae,,,0.16168619099894282,0.05696196859295,0.07045760356580263,0.0078887,0.995,0.1,,,,8,,,,window,5.0
,,,,,hedge,,,,,mae,,,0.26286878235167177,0.08510394630858409,0.10800235623183435,0.0017653,,,0.01,0,,8,,,,window,5.0
,,,,,exp3,,,,,mae,,,0.76889722818504,0.2849616839060336,0.3423490817485267,0.0012815,,,,,0.1,8,,,,window,5.0
,,,,,fixed_share,,,,,mae,,,0.2645811818256606,0.0857642041986232,0.10874927348719313,0.0022067,,,0.01,,,8,0.1,,,window,5.0
,,,,,passive_aggressive,,,,,mae,,,0.16353267554112516,0.05980948694704145,0.07364779938109432,0.0001494,,,,,,8,,1.0e12,0.1,window,5.0
26079.656307643134,0.089583,0,0.1,cholesky,adaptive_ridge,510,quadratic_stacked_beta,0.0418872,2.4796669160544515e-15,mae,0.0476958,5,0.2591001669589559,0.0906679550296161,0.11327408900653552,,,,,,,9,,,,window,5.0
,9.02e-5,,0.1,,static_ridge,,,,,mae,,,0.24685814218139118,0.08863031180407924,0.10925350789467855,,,,,,,9,,,,window,5.0
,,,,,rls,,,,,mae,,,0.23933341236054306,0.083710269352733,0.10472581608704097,0.0077292,0.995,0.1,,,,9,,,,window,5.0
,,,,,hedge,,,,,mae,,,0.288841800954302,0.09852788192090634,0.1238629034374165,0.0019641,,,0.01,0,,9,,,,window,5.0
,,,,,exp3,,,,,mae,,,0.9318536075667341,0.29527234168809807,0.3762183427451998,0.0019392,,,,,0.1,9,,,,window,5.0
,,,,,fixed_share,,,,,mae,,,0.28955300437239445,0.09873539499906052,0.12413873052540629,0.0025809,,,0.01,,,9,0.1,,,window,5.0
,,,,,passive_aggressive,,,,,mae,,,0.25291235107781185,0.08382410736961511,0.10643784980109691,0.000151,,,,,,9,,1.0e12,0.1,window,5.0
390643.60062376974,0.5399741,0,0.01,cholesky,adaptive_ridge,510,quadratic_stacked_beta,0.1756638,2.5403934047007736e-15,mae,0.3643103,5,0.18959862677869319,0.0642757396708924,0.08075079165083757,,,,,,,10,,,,window,5.0
,0.0002444,,0.01,,static_ridge,,,,,mae,,,0.17024426685147212,0.05794255950378842,0.0723756645627376,,,,,,,10,,,,window,5.0
,,,,,rls,,,,,mae,,,0.1611164940927139,0.055650546282209085,0.06954589861715472,0.0084348,0.995,0.1,,,,10,,,,window,5.0
,,,,,hedge,,,,,mae,,,0.3384163422667968,0.14597351808476855,0.17047205378664435,0.0017437,,,1.0,336,,10,,,,window,5.0
,,,,,exp3,,,,,mae,,,0.7322239673275946,0.16246117532771248,0.23936922355890314,0.0026086,,,,,0.1,10,,,,window,5.0
,,,,,fixed_share,,,,,mae,,,0.30595419792378153,0.10435491209551621,0.13100524876726477,0.0011527,,,0.25,,,10,0.02,,,window,5.0
,,,,,passive_aggressive,,,,,mae,,,0.16651318604168674,0.05796302709183534,0.0723879954401935,0.000141,,,,,,10,,1.0e12,0.1,window,5.0
34166.43843760302,1.1958531,0,0.1,cholesky,adaptive_ridge,510,quadratic_stacked_beta,0.0981219,2.468754696959428e-15,mae,1.0977312,5,0.256887723172522,0.08756389061221972,0.1105373920015806,,,,,,,11,,,,window,5.0
,9.92e-5,,0.01,,static_ridge,,,,,mae,,,0.22179972152720018,0.07584814551518011,0.09513799194951793,,,,,,,11,,,,window,5.0
,,,,,rls,,,,,mae,,,0.21706248278219722,0.07409498927407977,0.09209859963069383,0.0026828,0.995,0.1,,,,11,,,,window,5.0
,,,,,hedge,,,,,mae,,,0.3172762812291652,0.11983066643548644,0.1449290843835479,0.0022194,,,1.0,24,,11,,,,window,5.0
,,,,,exp3,,,,,mae,,,0.8344603672880428,0.2580128306461405,0.3344231054975238,0.3972897,,,,,0.2,11,,,,window,5.0
,,,,,fixed_share,,,,,mae,,,0.2711115467957225,0.09471995024478096,0.11796928867013975,0.0008951,,,0.05,,,11,0.005,,,window,5.0
,,,,,passive_aggressive,,,,,mae,,,0.22336798531994398,0.07519407805238026,0.0944012119479718,0.0002773,,,,,,11,,1.0e12,0.1,window,5.0
21904.36343005706,0.1599381,0,0.1,cholesky,adaptive_ridge,510,quadratic_stacked_beta,0.0975886,2.3452930615300254e-15,mae,0.0623495,5,0.23354587995998663,0.07850085363453727,0.09870905881857711,,,,,,,12,,,,window,5.0
,0.0001242,,0.01,,static_ridge,,,,,mae,,,0.21671530508095807,0.07138324682916589,0.09071315633149855,,,,,,,12,,,,window,5.0
,,,,,rls,,,,,mae,,,0.20421209266027376,0.06734019818809256,0.08546526565698051,0.0027532,0.995,1.0e-6,,,,12,,,,window,5.0
,,,,,hedge,,,,,mae,,,0.24582880098873303,0.08267691313891103,0.10352083724782639,0.0022331,,,1.0,0,,12,,,,window,5.0
,,,,,exp3,,,,,mae,,,0.8092378059534241,0.2769088012765567,0.3417995045249321,0.0018282,,,,,0.1,12,,,,window,5.0
,,,,,fixed_share,,,,,mae,,,0.24608961497148404,0.08319969738838509,0.10433341669149158,0.0019359,,,0.01,,,12,0.01,,,window,5.0
,,,,,passive_aggressive,,,,,mae,,,0.22021390973183366,0.07003131957763856,0.09032169721498938,0.0001543,,,,,,12,,1.0e12,0.1,window,5.0
693404.6353683574,0.1358162,0,0.01,cholesky,adaptive_ridge,510,quadratic_stacked_beta,0.0867424,2.333104406674328e-15,mae,0.0490738,5,0.20968095060190003,0.06919576927412703,0.08683618388167413,,,,,,,13,,,,window,5.0
,0.0001203,,0.0001,,static_ridge,,,,,mae,,,0.18667628268759034,0.06338787683949348,0.07980283813172784,,,,,,,13,,,,window,5.0
,,,,,rls,,,,,mae,,,0.17613808726395244,0.058221131057297044,0.07321858826997549,0.008713,0.995,0.1,,,,13,,,,window,5.0
,,,,,hedge,,,,,mae,,,0.28588177046817415,0.10170751134480117,0.1260016775165405,0.0007856,,,0.25,0,,13,,,,window,5.0
,,,,,exp3,,,,,mae,,,0.9307446789179007,0.3126769206547629,0.38806013267928635,0.0012003,,,,,0.2,13,,,,window,5.0
,,,,,fixed_share,,,,,mae,,,0.25786156962447343,0.08820893907846783,0.11063189594400613,0.0019074,,,0.25,,,13,0.05,,,window,5.0
,,,,,passive_aggressive,,,,,mae,,,0.192698934820903,0.06057322042600924,0.07774559022940673,0.0002612,,,,,,13,,1.0e12,0.1,window,5.0
28650.87893396002,0.6903267,0,0.1,cholesky,adaptive_ridge,510,quadratic_stacked_beta,0.2325618,1.743143339216932e-15,mae,0.4577649,5,0.329285038223594,0.1140120016053298,0.1430896559179094,,,,,,,14,,,,window,5.0
,8.49e-5,,0.1,,static_ridge,,,,,mae,,,0.3151390344486258,0.10743064353420866,0.13504629192348533,,,,,,,14,,,,window,5.0
,,,,,rls,,,,,mae,,,0.3001260397225624,0.09652742617389634,0.12305286414579988,0.0071516,0.98,0.01,,,,14,,,,window,5.0
,,,,,hedge,,,,,mae,,,0.335036926790658,0.11772632025847649,0.14584185144122094,0.0017476,,,1.0,72,,14,,,,window,5.0
,,,,,exp3,,,,,mae,,,0.9228494869259469,0.2275729672957513,0.3163925566732033,0.0014136,,,,,0.2,14,,,,window,5.0
,,,,,fixed_share,,,,,mae,,,0.2993919287794196,0.10289463746951628,0.12839187332205462,0.0022342,,,0.05,,,14,0.01,,,window,5.0
,,,,,passive_aggressive,,,,,mae,,,0.3366230021549635,0.10310403572285196,0.13293391528743337,0.0001833,,,,,,14,,1.0e12,0.1,window,5.0
77776.75315585788,0.3254543,0,0.1,cholesky,adaptive_ridge,510,quadratic_stacked_beta,0.2722513,2.67154849726165e-15,mae,0.053203,5,0.3343632368368229,0.11353386312126403,0.14339478353511603,,,,,,,15,,,,window,5.0
,8.78e-5,,0.1,,static_ridge,,,,,mae,,,0.31303725690084405,0.10772692316768001,0.1348884311760078,,,,,,,15,,,,window,5.0
,,,,,rls,,,,,mae,,,0.3148394860335894,0.09974049279027619,0.12879382895082697,0.0064241,0.95,0.01,,,,15,,,,window,5.0
,,,,,hedge,,,,,mae,,,0.4255159634203406,0.18080769915445807,0.21109590813058013,0.0009173,,,1.0,24,,15,,,,window,5.0
,,,,,exp3,,,,,mae,,,1.0978966581586453,0.3343099866540617,0.43811446511464497,0.0010503,,,,,0.1,15,,,,window,5.0
,,,,,fixed_share,,,,,mae,,,0.3593057437343983,0.12279202485287447,0.1541451558374481,0.0009076,,,0.05,,,15,0.005,,,window,5.0
,,,,,passive_aggressive,,,,,mae,,,0.3748415140106583,0.10711275067408464,0.1418877678739849,0.000284,,,,,,15,,1.0e12,0.1,window,5.0
246930.1238140592,1.3091875000000002,0,0.01,cholesky,adaptive_ridge,510,quadratic_stacked_beta,1.2584272,2.2635901396995487e-15,mae,0.0507603,5,0.21723412332625144,0.07580205617422574,0.09445897774358429,,,,,,,16,,,,window,5.0
,0.0001028,,0.01,,static_ridge,,,,,mae,,,0.20238946528403645,0.06986104758963516,0.08782060879245342,,,,,,,16,,,,window,5.0
,,,,,rls,,,,,mae,,,0.19163869834879216,0.06650715406389777,0.083214369035415,0.0079029,0.995,0.1,,,,16,,,,window,5.0
,,,,,hedge,,,,,mae,,,0.2510100650640427,0.09037314728342898,0.11191619369857118,0.0018296,,,0.01,0,,16,,,,window,5.0
,,,,,exp3,,,,,mae,,,0.8155003526292581,0.20922798777648652,0.28700371103388994,0.0006539,,,,,0.2,16,,,,window,5.0
,,,,,fixed_share,,,,,mae,,,0.25154523814667457,0.09074361095908116,0.11230483266476417,0.0006714,,,0.01,,,16,0.1,,,window,5.0
,,,,,passive_aggressive,,,,,mae,,,0.20843429625400234,0.07066696136115179,0.08848908271557283,0.0001552,,,,,,16,,1.0e12,0.1,window,5.0
660085.1177012768,0.1736758,0,0.01,cholesky,adaptive_ridge,510,quadratic_stacked_beta,0.0692165,2.4608237189787033e-15,mae,0.1044593,5,0.21683448792760845,0.07140512329265304,0.09064474850645375,,,,,,,17,,,,window,5.0
,9.73e-5,,0.01,,static_ridge,,,,,mae,,,0.19418457572636671,0.0650389653727623,0.081920407996403,,,,,,,17,,,,window,5.0
,,,,,rls,,,,,mae,,,0.18164630561458048,0.0600435607693447,0.07570163391033578,0.008206,0.995,1.0e-6,,,,17,,,,window,5.0
,,,,,hedge,,,,,mae,,,0.2924405506260153,0.11525346206150283,0.13846934760150642,0.0028143,,,1.0,24,,17,,,,window,5.0
,,,,,exp3,,,,,mae,,,0.7408118967082299,0.26644811608774305,0.3203864941492506,0.0019192,,,,,0.1,17,,,,window,5.0
,,,,,fixed_share,,,,,mae,,,0.22830489682334906,0.08085728779276558,0.1009110794332172,0.0019365,,,0.1,,,17,0.02,,,window,5.0
,,,,,passive_aggressive,,,,,mae,,,0.18451109965284992,0.06410028452744024,0.08015877443461288,0.0001338,,,,,,17,,1.0e12,0.1,window,5.0
1.2915489731596175e6,1.4195467,0,0.001,cholesky,adaptive_ridge,510,quadratic_stacked_beta,1.0674606,2.6480643352592638e-15,mae,0.3520861,5,0.1901065505035273,0.06625065844356577,0.08253791889125639,,,,,,,18,,,,window,5.0
,9.18e-5,,0.001,,static_ridge,,,,,mae,,,0.16068397902110285,0.0573097906294586,0.07076773934452542,,,,,,,18,,,,window,5.0
,,,,,rls,,,,,mae,,,0.15719326372217407,0.055833329452598016,0.06874819376740263,0.0072664,0.995,0.1,,,,18,,,,window,5.0
,,,,,hedge,,,,,mae,,,0.25827084887026985,0.08255872221060993,0.10563516299483415,0.0008598,,,1.0,0,,18,,,,window,5.0
,,,,,exp3,,,,,mae,,,0.9145624474650051,0.28996112552596676,0.3522986716711297,0.0018949,,,,,0.2,18,,,,window,5.0
,,,,,fixed_share,,,,,mae,,,0.2664720371915227,0.08377577808384701,0.10776549323128937,0.0011884,,,0.01,,,18,0.005,,,window,5.0
,,,,,passive_aggressive,,,,,mae,,,0.16489997923768493,0.0558884963894822,0.07040953786463947,0.0001551,,,,,,18,,1.0e12,0.1,window,5.0
47782.03640958881,0.0937695,0,0.01,cholesky,adaptive_ridge,510,quadratic_stacked_beta,0.0433538,1.7420130804523188e-15,mae,0.0504157,5,0.2582176372532168,0.08805163091838891,0.11015021375995021,,,,,,,19,,,,window,5.0
,8.59e-5,,0.01,,static_ridge,,,,,mae,,,0.26534766012922967,0.10126856458013526,0.12239244462639493,,,,,,,19,,,,window,5.0
,,,,,rls,,,,,mae,,,0.21886395503825823,0.07493456154033827,0.09341459610425004,0.0027165,0.98,0.0001,,,,19,,,,window,5.0
,,,,,hedge,,,,,mae,,,0.29180832784632715,0.1043936702296371,0.12911186123306106,0.0027131,,,1.0,72,,19,,,,window,5.0
,,,,,exp3,,,,,mae,,,0.7674600410470833,0.24793667291327107,0.31018421210545194,0.5248826,,,,,0.1,19,,,,window,5.0
,,,,,fixed_share,,,,,mae,,,0.28762800975529773,0.10416942692896325,0.12857925832281553,0.0010112,,,0.05,,,19,0.02,,,window,5.0
,,,,,passive_aggressive,,,,,mae,,,0.23001543063610932,0.07675541786056898,0.09701991404014175,0.0001631,,,,,,19,,1.0e12,0.1,window,5.0
609141.1752362838,0.091286,0,0.001,cholesky,adaptive_ridge,510,quadratic_stacked_beta,0.0453476,1.9813532534123495e-15,mae,0.0459384,5,0.1967335431238032,0.0663933708806101,0.08384283069821107,,,,,,,20,,,,window,5.0
,0.0001381,,0.0001,,static_ridge,,,,,mae,,,0.14149777279209658,0.0470079238804436,0.05990350596575299,,,,,,,20,,,,window,5.0
,,,,,rls,,,,,mae,,,0.13561045841667518,0.044336680046807436,0.05633544910209395,0.0381188,0.995,1.0e-6,,,,20,,,,window,5.0
,,,,,hedge,,,,,mae,,,0.28915085573729316,0.09925256388715235,0.12391859426202931,0.0008691,,,0.01,0,,20,,,,window,5.0
,,,,,exp3,,,,,mae,,,0.8417903042029303,0.2540509181622264,0.33122307098034304,0.0011507,,,,,0.2,20,,,,window,5.0
,,,,,fixed_share,,,,,mae,,,0.2833082059260935,0.09796223985436557,0.12225135585638076,0.0020418,,,0.01,,,20,0.005,,,window,5.0
,,,,,passive_aggressive,,,,,mae,,,0.15025830471604465,0.05198254278791295,0.06512898954742202,0.0001373,,,,,,20,,1.0e12,0.1,window,5.0
NaN,2.712259,0,0.1,cholesky,adaptive_ridge,3150,quadratic_stacked_beta,1.8753812,1.170764098754769e-14,mae,0.8368778,5,0.17236770900547058,0.057814068456174164,0.07294156263309469,,,,,,,18,,,,members,25.0
,0.0002782,,0.0001,,static_ridge,,,,,mae,,,0.09088048346666927,0.03131721709006287,0.03900662225294366,,,,,,,18,,,,members,25.0
,,,,,rls,,,,,mae,,,0.06639954512773615,0.02226854170743963,0.028154410430572333,0.1602636,0.99,0.1,,,,18,,,,members,25.0
,,,,,hedge,,,,,mae,,,0.1510909806791722,0.05080124849908956,0.06454944533107347,0.0038121,,,1.0,24,,18,,,,members,25.0
,,,,,exp3,,,,,mae,,,0.8694685478991405,0.24358062482241136,0.3325691396233178,0.0046206,,,,,0.2,18,,,,members,25.0
,,,,,fixed_share,,,,,mae,,,0.13290985966190888,0.045018114813311395,0.05610549081596348,0.0016323,,,0.1,,,18,0.02,,,members,25.0
,,,,,passive_aggressive,,,,,mae,,,0.09362703671080513,0.03216531964590897,0.040233222746937185,0.0002809,,,,,,18,,1.0e12,0.01,members,25.0
279977.3170528745,1.0840569,0,0.01,cholesky,adaptive_ridge,510,quadratic_stacked_beta,0.0564416,1.4734444831631558e-15,mae,1.0276153,5,0.17206538530046564,0.057006198328360194,0.07214711186988532,,,,,,,22,,,,window,5.0
,9.03e-5,,0.001,,static_ridge,,,,,mae,,,0.15043940743128142,0.050165644857245645,0.06364274867681778,,,,,,,22,,,,window,5.0
,,,,,rls,,,,,mae,,,0.1412675034167916,0.045834931666762016,0.05834524522931382,0.0089655,0.995,0.1,,,,22,,,,window,5.0
,,,,,hedge,,,,,mae,,,0.2332351059166917,0.07447481130830606,0.09504167443725695,0.0017622,,,1.0,24,,22,,,,window,5.0
,,,,,exp3,,,,,mae,,,0.6269275992752393,0.18674325353258253,0.23732061152733588,0.0017704,,,,,0.1,22,,,,window,5.0
,,,,,fixed_share,,,,,mae,,,0.15924061294845987,0.053260898678787714,0.06687903934041661,0.0018628,,,0.05,,,22,0.005,,,window,5.0
,,,,,passive_aggressive,,,,,mae,,,0.1621822476648967,0.052435709265390304,0.06692965918633732,0.0001229,,,,,,22,,1.0e12,0.1,window,5.0
676480.3887027892,0.1765214,0,0.01,cholesky,adaptive_ridge,510,quadratic_stacked_beta,0.1291627,2.7158704460274515e-15,mae,0.0473587,5,0.14942496483716916,0.05230276272197436,0.0649030350946761,,,,,,,23,,,,window,5.0
,0.0001234,,0.0001,,static_ridge,,,,,mae,,,0.13614353134305593,0.046065826707790754,0.05833732855624639,,,,,,,23,,,,window,5.0
,,,,,rls,,,,,mae,,,0.11858578055651885,0.04162985358100308,0.052140104766592386,0.0074063,0.995,0.1,,,,23,,,,window,5.0
,,,,,hedge,,,,,mae,,,0.31210919901770534,0.11045273623738251,0.13717011327014642,0.001021,,,1.0,336,,23,,,,window,5.0
,,,,,exp3,,,,,mae,,,0.8310342531568655,0.21685322793651535,0.2968714409416686,0.0015005,,,,,0.1,23,,,,window,5.0
,,,,,fixed_share,,,,,mae,,,0.2255477917789984,0.07674493610754608,0.09583140190579428,0.0019251,,,0.5,,,23,0.05,,,window,5.0
,,,,,passive_aggressive,,,,,mae,,,0.13161355516710196,0.046859782743096996,0.05817780746205533,0.0001384,,,,,,23,,1.0e12,0.1,window,5.0
349918.61200504994,0.3978032,0,0.01,cholesky,adaptive_ridge,510,quadratic_stacked_beta,0.3455957,2.3771307661138597e-15,mae,0.0522075,5,0.2068738716190606,0.0703058967304199,0.08754237847488747,,,,,,,24,,,,window,5.0
,0.0001635,,0.0001,,static_ridge,,,,,mae,,,0.2444183757454849,0.08346178180225888,0.10469644938954174,,,,,,,24,,,,window,5.0
,,,,,rls,,,,,mae,,,0.1793414262228641,0.057785278362323556,0.07355181928457905,0.0025242,0.99,0.1,,,,24,,,,window,5.0
,,,,,hedge,,,,,mae,,,0.2305220311093008,0.07818528106421761,0.09781633570902776,0.0008296,,,1.0,0,,24,,,,window,5.0
,,,,,exp3,,,,,mae,,,0.8344758980129316,0.24931521531515263,0.3218763579398014,0.001736,,,,,0.2,24,,,,window,5.0
,,,,,fixed_share,,,,,mae,,,0.20678744452683476,0.06821815247396396,0.08649559434339776,0.00233,,,0.05,,,24,0.01,,,window,5.0
,,,,,passive_aggressive,,,,,mae,,,0.20258844091993858,0.06355784911743875,0.08139266025414871,0.0001473,,,,,,24,,1.0e12,0.1,window,5.0
123618.08079214202,0.6178741999999999,0,0.1,cholesky,adaptive_ridge,510,quadratic_stacked_beta,0.4924223,1.8773523372634774e-15,mae,0.1254519,5,0.2565778741335559,0.08848829748976439,0.1101952228288165,,,,,,,25,,,,window,5.0
,8.5e-5,,0.1,,static_ridge,,,,,mae,,,0.24943249381964105,0.08477079337441486,0.10651832708535056,,,,,,,25,,,,window,5.0
,,,,,rls,,,,,mae,,,0.22329541076828907,0.07151996318704264,0.09099755675928148,0.0027471,0.95,0.1,,,,25,,,,window,5.0
,,,,,hedge,,,,,mae,,,0.33791176266136674,0.16132600545016296,0.18145549256056784,0.0009457,,,1.0,336,,25,,,,window,5.0
,,,,,exp3,,,,,mae,,,0.777512071405914,0.31267711233439344,0.3641066390604588,0.0010846,,,,,0.05,25,,,,window,5.0
,,,,,fixed_share,,,,,mae,,,0.2996324919314596,0.13052228316411082,0.15032849436853354,0.0009754,,,0.1,,,25,0.01,,,window,5.0
,,,,,passive_aggressive,,,,,mae,,,0.25714058725810846,0.08071874564943428,0.10312815420317549,0.0001779,,,,,,25,,1.0e12,0.1,window,5.0
18239.728256331182,0.1020163,0,0.1,cholesky,adaptive_ridge,510,quadratic_stacked_beta,0.0528994,2.1371004698816806e-15,mae,0.0491169,5,0.25636728180120216,0.08402932068732487,0.10694573136835044,,,,,,,26,,,,window,5.0
,9.57e-5,,0.001,,static_ridge,,,,,mae,,,0.2404395276456878,0.0807393207115924,0.10278161168260401,,,,,,,26,,,,window,5.0
,,,,,rls,,,,,mae,,,0.22773093195962754,0.07664165605608296,0.09653090476802395,0.0028742,0.98,1.0e-6,,,,26,,,,window,5.0
,,,,,hedge,,,,,mae,,,0.37784248030154294,0.1803340278700402,0.20255334144725795,0.002592,,,1.0,24,,26,,,,window,5.0
,,,,,exp3,,,,,mae,,,0.8949448514732319,0.2870729359820149,0.36372795185952495,0.0012312,,,,,0.2,26,,,,window,5.0
,,,,,fixed_share,,,,,mae,,,0.3732056089645716,0.15606138235833444,0.18204656694191687,0.0011281,,,0.25,,,26,0.05,,,window,5.0
,,,,,passive_aggressive,,,,,mae,,,0.23183673269509025,0.07932901606148537,0.09952918039031548,0.0001635,,,,,,26,,1.0e12,0.1,window,5.0
471663.249605697,0.0894918,0,0.01,cholesky,adaptive_ridge,510,quadratic_stacked_beta,0.042168,2.3942703438560583e-15,mae,0.0473238,5,0.18309388816606997,0.05910540616423117,0.07554102384459528,,,,,,,27,,,,window,5.0
,9.76e-5,,0.001,,static_ridge,,,,,mae,,,0.15888478659533234,0.05402812961670505,0.06792924084655108,,,,,,,27,,,,window,5.0
,,,,,rls,,,,,mae,,,0.14200288330226377,0.04637602675919656,0.05869343847493325,0.0075926,0.995,1.0e-6,,,,27,,,,window,5.0
,,,,,hedge,,,,,mae,,,0.23573400986059226,0.08220138339795655,0.10253827232148054,0.0008744,,,1.0,0,,27,,,,window,5.0
,,,,,exp3,,,,,mae,,,0.6769125378222351,0.14542208371815266,0.21736488495946207,0.0009767,,,,,0.1,27,,,,window,5.0
,,,,,fixed_share,,,,,mae,,,0.20468200325618316,0.06968625041940894,0.08734926163389616,0.0007479,,,0.5,,,27,0.05,,,window,5.0
,,,,,passive_aggressive,,,,,mae,,,0.15917412066982173,0.05189963085315309,0.06560357371746672,0.0001233,,,,,,27,,1.0e12,0.1,window,5.0
162801.3074841596,0.0924554,0,0.01,cholesky,adaptive_ridge,510,quadratic_stacked_beta,0.041026,1.9119234152113495e-15,mae,0.0514294,5,0.2163798180899643,0.07518340041921062,0.09325454948922114,,,,,,,28,,,,window,5.0
,0.000168,,0.001,,static_ridge,,,,,mae,,,0.18275108118572753,0.06146122435603038,0.0773759269686257,,,,,,,28,,,,window,5.0
,,,,,rls,,,,,mae,,,0.17494597829698588,0.06023366427678969,0.07539201212169529,0.360683,0.995,1.0e-6,,,,28,,,,window,5.0
,,,,,hedge,,,,,mae,,,0.27452580462763815,0.09694977929358464,0.12033778300914431,0.0009629,,,1.0,72,,28,,,,window,5.0
,,,,,exp3,,,,,mae,,,0.719103567276871,0.15254914890228582,0.23060347882350973,0.0019825,,,,,0.1,28,,,,window,5.0
,,,,,fixed_share,,,,,mae,,,0.1782373331976065,0.06128062849794099,0.07680396146557647,0.0021246,,,0.05,,,28,0.005,,,window,5.0
,,,,,passive_aggressive,,,,,mae,,,0.1962733665340126,0.06441985843083274,0.08149524826081454,0.0001439,,,,,,28,,1.0e12,0.1,window,5.0
50386.3521033488,0.1004911,0,0.1,cholesky,adaptive_ridge,510,quadratic_stacked_beta,0.0506842,2.3511692238915266e-15,mae,0.0498069,5,0.2249954757850422,0.0751463669411162,0.09442678213896748,,,,,,,29,,,,window,5.0
,0.000105,,0.01,,static_ridge,,,,,mae,,,0.21039160406011972,0.07087168036267005,0.08867761186341253,,,,,,,29,,,,window,5.0
,,,,,rls,,,,,mae,,,0.18377641063280492,0.0651680074963615,0.0809751658970706,0.0095395,0.995,0.1,,,,29,,,,window,5.0
,,,,,hedge,,,,,mae,,,0.24170951365306714,0.07992233432066836,0.1005405374914922,0.0027429,,,1.0,336,,29,,,,window,5.0
,,,,,exp3,,,,,mae,,,0.8884256116870018,0.23702350799251404,0.3193536980361755,0.000952,,,,,0.2,29,,,,window,5.0
,,,,,fixed_share,,,,,mae,,,0.24145933330758967,0.0802765633636932,0.10094861757775263,0.0008521,,,0.01,,,29,0.005,,,window,5.0
,,,,,passive_aggressive,,,,,mae,,,0.18833004734820932,0.06645737964517044,0.08238907943381177,0.0001471,,,,,,29,,1.0e12,0.1,window,5.0
116159.44383811216,0.2466187,0,0.01,cholesky,adaptive_ridge,510,quadratic_stacked_beta,0.0570119,2.262004456810844e-15,mae,0.1896068,5,0.24758771185342368,0.08382522991942344,0.10553328622897303,,,,,,,30,,,,window,5.0
,0.0001108,,0.01,,static_ridge,,,,,mae,,,0.2681237104440177,0.10628204496691289,0.12676033278317406,,,,,,,30,,,,window,5.0
,,,,,rls,,,,,mae,,,0.21102284428226006,0.07005991849092323,0.08817235866109359,0.0046148,0.99,0.1,,,,30,,,,window,5.0
,,,,,hedge,,,,,mae,,,0.37509058862910344,0.14851555960774304,0.17597804187519556,0.0010419,,,1.0,24,,30,,,,window,5.0
,,,,,exp3,,,,,mae,,,0.948794377398713,0.30448921833012443,0.3888515652638487,0.0017539,,,,,0.2,30,,,,window,5.0
,,,,,fixed_share,,,,,mae,,,0.29664845772342396,0.10149275654737028,0.12724015325754134,0.1560816,,,0.1,,,30,0.02,,,window,5.0
,,,,,passive_aggressive,,,,,mae,,,0.223203652645055,0.07404637491807081,0.09352867953661068,0.0001475,,,,,,30,,1.0e12,0.1,window,5.0
1.512773892401434e6,0.3948447,0,0.01,cholesky,adaptive_ridge,810,quadratic_stacked_beta,0.1961184,3.677407030235799e-15,mae,0.1987263,8,0.22485012090306897,0.06940716933541685,0.0893999962508492,,,,,,,1,,,,window,8.0
,9.81e-5,,0.001,,static_ridge,,,,,mae,,,0.18487866729418628,0.06230194016323979,0.07848348396917905,,,,,,,1,,,,window,8.0
,,,,,rls,,,,,mae,,,0.16150723590550217,0.05263884915064551,0.06669031759701369,0.0034769,0.995,0.1,,,,1,,,,window,8.0
,,,,,hedge,,,,,mae,,,0.4307279621805851,0.20891521000028987,0.23159691445242508,0.0010684,,,1.0,24,,1,,,,window,8.0
,,,,,exp3,,,,,mae,,,0.7908983940592816,0.23271494281508603,0.3048950417144624,0.001044,,,,,0.1,1,,,,window,8.0
,,,,,fixed_share,,,,,mae,,,0.295504454408635,0.10078286706269464,0.12604846060986286,0.0008998,,,0.5,,,1,0.05,,,window,8.0
,,,,,passive_aggressive,,,,,mae,,,0.16914886291438477,0.05727567610560804,0.07179413969496565,0.0001303,,,,,,1,,1.0e12,0.1,window,8.0
187223.8821334428,0.3870534,0,0.1,cholesky,adaptive_ridge,810,quadratic_stacked_beta,0.1387625,4.6242843826707614e-15,mae,0.2482909,8,0.24897172341873833,0.08774127725672254,0.10956648738533278,,,,,,,2,,,,window,8.0
,0.0003082,,0.01,,static_ridge,,,,,mae,,,0.2100257887555147,0.07209728228400382,0.09001700023182244,,,,,,,2,,,,window,8.0
,,,,,rls,,,,,mae,,,0.19611536866073895,0.06931787719731655,0.08563132795536331,0.0340439,0.995,0.1,,,,2,,,,window,8.0
,,,,,hedge,,,,,mae,,,0.2325767871638078,0.08206626116425177,0.10199789824837803,0.0019296,,,1.0,336,,2,,,,window,8.0
,,,,,exp3,,,,,mae,,,0.9505280170891917,0.35567350509184487,0.4286137026891908,0.0386161,,,,,0.1,2,,,,window,8.0
,,,,,fixed_share,,,,,mae,,,0.23293411830699065,0.08200120171268661,0.10182255953549592,0.0011391,,,0.01,,,2,0.005,,,window,8.0
,,,,,passive_aggressive,,,,,mae,,,0.2006189941742222,0.0698202177112568,0.08689477741264276,0.0001421,,,,,,2,,1.0e12,0.1,window,8.0
6591.489482627585,0.0017194999999999999,0,0.001,cholesky,adaptive_ridge,48,quadratic_stacked_beta,0.0014883,3.7070354741100805e-16,mae,0.0002312,5,0.38887813237499486,0.12755652402551093,0.1618123324588866,,,,,,,13,,,,members,3.0
,5.2e-5,,0.01,,static_ridge,,,,,mae,,,0.400177578089112,0.1298119720959989,0.16453891206384272,,,,,,,13,,,,members,3.0
,,,,,rls,,,,,mae,,,0.34079783413641984,0.11005324493264725,0.14132549260748958,0.0010446,0.9,1.0e-6,,,,13,,,,members,3.0
,,,,,hedge,,,,,mae,,,0.5775755687619367,0.2651894624356872,0.3016567432168909,0.0007373,,,1.0,24,,13,,,,members,3.0
,,,,,exp3,,,,,mae,,,0.6211728713612494,0.16643735165146117,0.22362913405225235,0.0006776,,,,,0.05,13,,,,members,3.0
,,,,,fixed_share,,,,,mae,,,0.3935799257317768,0.12658646339851018,0.1619578940571013,0.0005739,,,0.5,,,13,0.05,,,members,3.0
,,,,,passive_aggressive,,,,,mae,,,0.43281300060692757,0.12082805691127893,0.16281945449535734,0.0002179,,,,,,13,,1.0e12,0.1,members,3.0
62534.68028020151,0.45611100000000004,0,0.1,cholesky,adaptive_ridge,810,quadratic_stacked_beta,0.2354285,3.164829956199549e-15,mae,0.2206825,8,0.21801291211802248,0.07661735985826082,0.0954260963873494,,,,,,,4,,,,window,8.0
,9.99e-5,,0.01,,static_ridge,,,,,mae,,,0.18305703403122844,0.06543343211117121,0.08124382655340028,,,,,,,4,,,,window,8.0
,,,,,rls,,,,,mae,,,0.1729215356026235,0.06225860870364822,0.07737202808024217,0.0133332,0.995,0.1,,,,4,,,,window,8.0
,,,,,hedge,,,,,mae,,,0.2385230617138908,0.08067992992718755,0.10109131965642709,0.0012192,,,1.0,24,,4,,,,window,8.0
,,,,,exp3,,,,,mae,,,0.8289061760135936,0.26746329550934855,0.33723060312691494,0.0010985,,,,,0.1,4,,,,window,8.0
,,,,,fixed_share,,,,,mae,,,0.20868528516558588,0.07227086856801361,0.09024922237212511,0.0009634,,,0.05,,,4,0.02,,,window,8.0
,,,,,passive_aggressive,,,,,mae,,,0.19400056838862428,0.06502214748457769,0.0821867458015513,0.000138,,,,,,4,,1.0e12,0.1,window,8.0
5.692174268158047e6,0.42854080000000006,0,0.01,cholesky,adaptive_ridge,810,quadratic_stacked_beta,0.1566604,3.433334403706255e-15,mae,0.2718804,8,0.1732587290614866,0.06078729525424448,0.07585739073362702,,,,,,,5,,,,window,8.0
,9.56e-5,,0.001,,static_ridge,,,,,mae,,,0.13352419093998363,0.046419615380293204,0.05749563463856703,,,,,,,5,,,,window,8.0
,,,,,rls,,,,,mae,,,0.12241492103948587,0.043275525656496075,0.05385930552950398,0.0085015,0.995,0.1,,,,5,,,,window,8.0
,,,,,hedge,,,,,mae,,,0.21012839699201577,0.07083252059168027,0.0892032342414311,0.0008059,,,1.0,0,,5,,,,window,8.0
,,,,,exp3,,,,,mae,,,0.7074558695794627,0.19590837797204227,0.2554201626508102,0.0017029,,,,,0.1,5,,,,window,8.0
,,,,,fixed_share,,,,,mae,,,0.15795901866328493,0.05418480896035117,0.06809198555011022,0.0018523,,,0.05,,,5,0.01,,,window,8.0
,,,,,passive_aggressive,,,,,mae,,,0.1457077335073538,0.05110927625228515,0.06346723437578526,0.0001275,,,,,,5,,1.0e12,0.1,window,8.0
107575.87768238284,0.4406528,0,0.1,cholesky,adaptive_ridge,810,quadratic_stacked_beta,0.1601673,3.2875311982238724e-15,mae,0.2804855,8,0.36210212549218646,0.1225324621135098,0.15358373756208274,,,,,,,6,,,,window,8.0
,9.7e-5,,0.01,,static_ridge,,,,,mae,,,0.3346328189095081,0.11986925923553192,0.14731230930230604,,,,,,,6,,,,window,8.0
,,,,,rls,,,,,mae,,,0.2749522364531735,0.09078327005414942,0.11561695524508236,0.0093384,0.98,1.0e-6,,,,6,,,,window,8.0
,,,,,hedge,,,,,mae,,,0.4171276018160625,0.15210507399872283,0.18645226073982002,0.0018137,,,1.0,24,,6,,,,window,8.0
,,,,,exp3,,,,,mae,,,1.0117406415014423,0.3813906986053922,0.4490017259647219,0.0176599,,,,,0.05,6,,,,window,8.0
,,,,,fixed_share,,,,,mae,,,0.4069023507918456,0.14141727454513034,0.17604787143958198,0.0007446,,,0.1,,,6,0.02,,,window,8.0
,,,,,passive_aggressive,,,,,mae,,,0.30947297684540936,0.09240504608121855,0.1204324651768481,0.0002601,,,,,,6,,1.0e12,0.1,window,8.0
32064.899805131598,0.4913458,0,0.1,cholesky,adaptive_ridge,810,quadratic_stacked_beta,0.2811287,3.797212776335681e-15,mae,0.2102171,8,0.2687293872779249,0.09202123628490079,0.11632458023821358,,,,,,,7,,,,window,8.0
,0.0002797,,0.01,,static_ridge,,,,,mae,,,0.24441645204881973,0.07974548638667443,0.1013859908690247,,,,,,,7,,,,window,8.0
,,,,,rls,,,,,mae,,,0.23255223630273522,0.07718158146223414,0.09752879925351786,0.002454,0.995,0.1,,,,7,,,,window,8.0
,,,,,hedge,,,,,mae,,,0.25903424778310635,0.08623560704456482,0.1091196847300239,0.0008369,,,1.0,0,,7,,,,window,8.0
,,,,,exp3,,,,,mae,,,0.8833715493329737,0.23978327376912048,0.32373410301323174,0.0011563,,,,,0.2,7,,,,window,8.0
,,,,,fixed_share,,,,,mae,,,0.2676274093787746,0.08530061831143365,0.10954731323658143,0.0010068,,,0.05,,,7,0.01,,,window,8.0
,,,,,passive_aggressive,,,,,mae,,,0.24999738836282784,0.08023314108732583,0.1026978965525089,0.000148,,,,,,7,,1.0e12,0.1,window,8.0
431220.8089225903,0.3082806,0,0.01,cholesky,adaptive_ridge,810,quadratic_stacked_beta,0.106321,2.7753016780550106e-15,mae,0.2019596,8,0.22025794425526207,0.07403088796487886,0.09327654873489515,,,,,,,8,,,,window,8.0
,0.000176,,0.0001,,static_ridge,,,,,mae,,,0.16978018478549545,0.0592871209228417,0.07387462220940716,,,,,,,8,,,,window,8.0
,,,,,rls,,,,,mae,,,0.16168619099894282,0.05696196859295,0.07045760356580263,0.0058144,0.995,0.1,,,,8,,,,window,8.0
,,,,,hedge,,,,,mae,,,0.26286878235167177,0.08510394630858409,0.10800235623183435,0.0007801,,,0.01,0,,8,,,,window,8.0
,,,,,exp3,,,,,mae,,,0.76889722818504,0.2849616839060336,0.3423490817485267,0.0010879,,,,,0.1,8,,,,window,8.0
,,,,,fixed_share,,,,,mae,,,0.2645811818256606,0.0857642041986232,0.10874927348719313,0.0009984,,,0.01,,,8,0.1,,,window,8.0
,,,,,passive_aggressive,,,,,mae,,,0.16353267554112516,0.05980948694704145,0.07364779938109432,0.0001389,,,,,,8,,1.0e12,0.1,window,8.0
48499.45980839208,0.35185520000000003,0,0.1,cholesky,adaptive_ridge,810,quadratic_stacked_beta,0.1417866,3.940086714453304e-15,mae,0.2100686,8,0.2633403309983892,0.09248852935121214,0.11609039586517825,,,,,,,9,,,,window,8.0
,8.32e-5,,0.1,,static_ridge,,,,,mae,,,0.24685814218139118,0.08863031180407924,0.10925350789467855,,,,,,,9,,,,window,8.0
,,,,,rls,,,,,mae,,,0.23933341236054306,0.083710269352733,0.10472581608704097,0.0029211,0.995,0.1,,,,9,,,,window,8.0
,,,,,hedge,,,,,mae,,,0.288841800954302,0.09852788192090634,0.1238629034374165,0.0019675,,,0.01,0,,9,,,,window,8.0
,,,,,exp3,,,,,mae,,,0.9318536075667341,0.29527234168809807,0.3762183427451998,0.0019549,,,,,0.1,9,,,,window,8.0
,,,,,fixed_share,,,,,mae,,,0.28955300437239445,0.09873539499906052,0.12413873052540629,0.0011986,,,0.01,,,9,0.1,,,window,8.0
,,,,,passive_aggressive,,,,,mae,,,0.25291235107781185,0.08382410736961511,0.10643784980109691,0.0004853,,,,,,9,,1.0e12,0.1,window,8.0
675546.288817468,0.5369039,0,0.01,cholesky,adaptive_ridge,810,quadratic_stacked_beta,0.1415238,3.788076851998383e-15,mae,0.3953801,8,0.212125751474307,0.07208044627313671,0.09035319526591717,,,,,,,10,,,,window,8.0
,9.29e-5,,0.01,,static_ridge,,,,,mae,,,0.17024426685147212,0.05794255950378842,0.0723756645627376,,,,,,,10,,,,window,8.0
,,,,,rls,,,,,mae,,,0.1611164940927139,0.055650546282209085,0.06954589861715472,0.0058652,0.995,0.1,,,,10,,,,window,8.0
,,,,,hedge,,,,,mae,,,0.3384163422667968,0.14597351808476855,0.17047205378664435,0.0010269,,,1.0,336,,10,,,,window,8.0
,,,,,exp3,,,,,mae,,,0.7322239673275946,0.16246117532771248,0.23936922355890314,0.001284,,,,,0.1,10,,,,window,8.0
,,,,,fixed_share,,,,,mae,,,0.30595419792378153,0.10435491209551621,0.13100524876726477,0.001134,,,0.25,,,10,0.02,,,window,8.0
,,,,,passive_aggressive,,,,,mae,,,0.16651318604168674,0.05796302709183534,0.0723879954401935,0.0001415,,,,,,10,,1.0e12,0.1,window,8.0
54772.59696170846,0.41338010000000003,0,0.1,cholesky,adaptive_ridge,810,quadratic_stacked_beta,0.1828253,3.791964262067234e-15,mae,0.2305548,8,0.2704071188054464,0.09175722493193367,0.11578031324243725,,,,,,,11,,,,window,8.0
,9.34e-5,,0.01,,static_ridge,,,,,mae,,,0.22179972152720018,0.07584814551518011,0.09513799194951793,,,,,,,11,,,,window,8.0
,,,,,rls,,,,,mae,,,0.21706248278219722,0.07409498927407977,0.09209859963069383,0.002531,0.995,0.1,,,,11,,,,window,8.0
,,,,,hedge,,,,,mae,,,0.3172762812291652,0.11983066643548644,0.1449290843835479,0.0019292,,,1.0,24,,11,,,,window,8.0
,,,,,exp3,,,,,mae,,,0.8344603672880428,0.2580128306461405,0.3344231054975238,0.0010279,,,,,0.2,11,,,,window,8.0
,,,,,fixed_share,,,,,mae,,,0.2711115467957225,0.09471995024478096,0.11796928867013975,0.0009184,,,0.05,,,11,0.005,,,window,8.0
,,,,,passive_aggressive,,,,,mae,,,0.22336798531994398,0.07519407805238026,0.0944012119479718,0.0001845,,,,,,11,,1.0e12,0.1,window,8.0
36627.71041586739,0.3770983,0,0.1,cholesky,adaptive_ridge,810,quadratic_stacked_beta,0.162772,3.3396804946697735e-15,mae,0.2143263,8,0.2422371060114861,0.08206296628561292,0.1032053395137904,,,,,,,12,,,,window,8.0
,8.58e-5,,0.01,,static_ridge,,,,,mae,,,0.21671530508095807,0.07138324682916589,0.09071315633149855,,,,,,,12,,,,window,8.0
,,,,,rls,,,,,mae,,,0.20421209266027376,0.06734019818809256,0.08546526565698051,0.0075083,0.995,1.0e-6,,,,12,,,,window,8.0
,,,,,hedge,,,,,mae,,,0.24582880098873303,0.08267691313891103,0.10352083724782639,0.019965,,,1.0,0,,12,,,,window,8.0
,,,,,exp3,,,,,mae,,,0.8092378059534241,0.2769088012765567,0.3417995045249321,0.001032,,,,,0.1,12,,,,window,8.0
,,,,,fixed_share,,,,,mae,,,0.24608961497148404,0.08319969738838509,0.10433341669149158,0.001032,,,0.01,,,12,0.01,,,window,8.0
,,,,,passive_aggressive,,,,,mae,,,0.22021390973183366,0.07003131957763856,0.09032169721498938,0.0001704,,,,,,12,,1.0e12,0.1,window,8.0
2.527001511668123e6,0.09158569999999999,0,0.01,cholesky,adaptive_ridge,510,quadratic_stacked_beta,0.0465977,2.6544420976524074e-15,mae,0.044988,5,0.17860710939239519,0.061381079458997866,0.07651271648409536,,,,,,,5,,,,drift,0.6
,9.58e-5,,0.001,,static_ridge,,,,,mae,,,0.1496512863264151,0.05188984295115961,0.06443984221946315,,,,,,,5,,,,drift,0.6
,,,,,rls,,,,,mae,,,0.13734543079799755,0.04848037568973117,0.060239544935409645,0.0029971,0.995,0.1,,,,5,,,,drift,0.6
,,,,,hedge,,,,,mae,,,0.2308758349755589,0.0787012460710351,0.09835531800957198,0.0008201,,,1.0,0,,5,,,,drift,0.6
,,,,,exp3,,,,,mae,,,0.8151947478444737,0.22092435102928307,0.29426189581287826,0.0016223,,,,,0.1,5,,,,drift,0.6
,,,,,fixed_share,,,,,mae,,,0.1729202988073653,0.05935112615756852,0.07470696692004156,0.0011234,,,0.05,,,5,0.01,,,drift,0.6
,,,,,passive_aggressive,,,,,mae,,,0.15960461701084058,0.05605773189569387,0.06932673312879167,0.0001501,,,,,,5,,1.0e12,0.1,drift,0.6
43014.68444184755,0.4240776,0,0.1,cholesky,adaptive_ridge,810,quadratic_stacked_beta,0.2160468,2.4567010306421013e-15,mae,0.2080308,8,0.35350205550827213,0.12007220451258137,0.15101866324639174,,,,,,,14,,,,window,8.0
,8.66e-5,,0.1,,static_ridge,,,,,mae,,,0.3151390344486258,0.10743064353420866,0.13504629192348533,,,,,,,14,,,,window,8.0
,,,,,rls,,,,,mae,,,0.3001260397225624,0.09652742617389634,0.12305286414579988,0.0025569,0.98,0.01,,,,14,,,,window,8.0
,,,,,hedge,,,,,mae,,,0.335036926790658,0.11772632025847649,0.14584185144122094,0.0022617,,,1.0,72,,14,,,,window,8.0
,,,,,exp3,,,,,mae,,,0.9228494869259469,0.2275729672957513,0.3163925566732033,0.0018013,,,,,0.2,14,,,,window,8.0
,,,,,fixed_share,,,,,mae,,,0.2993919287794196,0.10289463746951628,0.12839187332205462,0.0019759,,,0.05,,,14,0.01,,,window,8.0
,,,,,passive_aggressive,,,,,mae,,,0.3366230021549635,0.10310403572285196,0.13293391528743337,0.0001858,,,,,,14,,1.0e12,0.1,window,8.0
132640.63032219934,0.3905233,0,0.1,cholesky,adaptive_ridge,810,quadratic_stacked_beta,0.1504899,3.919710474700074e-15,mae,0.2400334,8,0.36039514741747347,0.1223940185672108,0.15359877265503893,,,,,,,15,,,,window,8.0
,0.0001256,,0.1,,static_ridge,,,,,mae,,,0.31303725690084405,0.10772692316768001,0.1348884311760078,,,,,,,15,,,,window,8.0
,,,,,rls,,,,,mae,,,0.3148394860335894,0.09974049279027619,0.12879382895082697,0.0084972,0.95,0.01,,,,15,,,,window,8.0
,,,,,hedge,,,,,mae,,,0.4255159634203406,0.18080769915445807,0.21109590813058013,0.002085,,,1.0,24,,15,,,,window,8.0
,,,,,exp3,,,,,mae,,,1.0978966581586453,0.3343099866540617,0.43811446511464497,0.0010813,,,,,0.1,15,,,,window,8.0
,,,,,fixed_share,,,,,mae,,,0.3593057437343983,0.12279202485287447,0.1541451558374481,0.0009883,,,0.05,,,15,0.005,,,window,8.0
,,,,,passive_aggressive,,,,,mae,,,0.3748415140106583,0.10711275067408464,0.1418877678739849,0.0001808,,,,,,15,,1.0e12,0.1,window,8.0
76332.87963930955,0.4154268,0,0.1,cholesky,adaptive_ridge,810,quadratic_stacked_beta,0.1807619,3.4242861412139652e-15,mae,0.2346649,8,0.2321080899838239,0.08000910204114771,0.10081366587980095,,,,,,,16,,,,window,8.0
,9.1e-5,,0.01,,static_ridge,,,,,mae,,,0.20238946528403645,0.06986104758963516,0.08782060879245342,,,,,,,16,,,,window,8.0
,,,,,rls,,,,,mae,,,0.19163869834879216,0.06650715406389777,0.083214369035415,0.0066915,0.995,0.1,,,,16,,,,window,8.0
,,,,,hedge,,,,,mae,,,0.2510100650640427,0.09037314728342898,0.11191619369857118,0.0008211,,,0.01,0,,16,,,,window,8.0
,,,,,exp3,,,,,mae,,,0.8155003526292581,0.20922798777648652,0.28700371103388994,0.0016596,,,,,0.2,16,,,,window,8.0
,,,,,fixed_share,,,,,mae,,,0.25154523814667457,0.09074361095908116,0.11230483266476417,0.0009895,,,0.01,,,16,0.1,,,window,8.0
,,,,,passive_aggressive,,,,,mae,,,0.20843429625400234,0.07066696136115179,0.08848908271557283,0.0001574,,,,,,16,,1.0e12,0.1,window,8.0
954483.795022456,0.2993128,0,0.01,cholesky,adaptive_ridge,810,quadratic_stacked_beta,0.0909927,3.564950864355791e-15,mae,0.2083201,8,0.24128143379150616,0.07965007410300558,0.10114958639663672,,,,,,,17,,,,window,8.0
,8.64e-5,,0.01,,static_ridge,,,,,mae,,,0.19418457572636671,0.0650389653727623,0.081920407996403,,,,,,,17,,,,window,8.0
,,,,,rls,,,,,mae,,,0.18164630561458048,0.0600435607693447,0.07570163391033578,0.0978409,0.995,1.0e-6,,,,17,,,,window,8.0
,,,,,hedge,,,,,mae,,,0.2924405506260153,0.11525346206150283,0.13846934760150642,0.0010437,,,1.0,24,,17,,,,window,8.0
,,,,,exp3,,,,,mae,,,0.7408118967082299,0.26644811608774305,0.3203864941492506,0.0011483,,,,,0.1,17,,,,window,8.0
,,,,,fixed_share,,,,,mae,,,0.22830489682334906,0.08085728779276558,0.1009110794332172,0.000974,,,0.1,,,17,0.02,,,window,8.0
,,,,,passive_aggressive,,,,,mae,,,0.18451109965284992,0.06410028452744024,0.08015877443461288,0.0001313,,,,,,17,,1.0e12,0.1,window,8.0
2.678533477267187e6,0.4040865,0,0.001,cholesky,adaptive_ridge,810,quadratic_stacked_beta,0.207441,4.1852572182824055e-15,mae,0.1966455,8,0.22047034673550192,0.07237934346127634,0.09143369684715466,,,,,,,18,,,,window,8.0
,9.28e-5,,0.001,,static_ridge,,,,,mae,,,0.16068397902110285,0.0573097906294586,0.07076773934452542,,,,,,,18,,,,window,8.0
,,,,,rls,,,,,mae,,,0.15719326372217407,0.055833329452598016,0.06874819376740263,0.0199753,0.995,0.1,,,,18,,,,window,8.0
,,,,,hedge,,,,,mae,,,0.25827084887026985,0.08255872221060993,0.10563516299483415,0.0007832,,,1.0,0,,18,,,,window,8.0
,,,,,exp3,,,,,mae,,,0.9145624474650051,0.28996112552596676,0.3522986716711297,0.0010754,,,,,0.2,18,,,,window,8.0
,,,,,fixed_share,,,,,mae,,,0.2664720371915227,0.08377577808384701,0.10776549323128937,0.000948,,,0.01,,,18,0.005,,,window,8.0
,,,,,passive_aggressive,,,,,mae,,,0.16489997923768493,0.0558884963894822,0.07040953786463947,0.0001351,,,,,,18,,1.0e12,0.1,window,8.0
81375.29882664158,0.30156689999999997,0,0.01,cholesky,adaptive_ridge,810,quadratic_stacked_beta,0.09999,2.3057607466401413e-15,mae,0.2015769,8,0.2760143770989666,0.09314715148196742,0.11725540580261305,,,,,,,19,,,,window,8.0
,9.46e-5,,0.01,,static_ridge,,,,,mae,,,0.26534766012922967,0.10126856458013526,0.12239244462639493,,,,,,,19,,,,window,8.0
,,,,,rls,,,,,mae,,,0.21886395503825823,0.07493456154033827,0.09341459610425004,0.0026654,0.98,0.0001,,,,19,,,,window,8.0
,,,,,hedge,,,,,mae,,,0.29180832784632715,0.1043936702296371,0.12911186123306106,0.0009682,,,1.0,72,,19,,,,window,8.0
,,,,,exp3,,,,,mae,,,0.7674600410470833,0.24793667291327107,0.31018421210545194,0.0011447,,,,,0.1,19,,,,window,8.0
,,,,,fixed_share,,,,,mae,,,0.28762800975529773,0.10416942692896325,0.12857925832281553,0.0010357,,,0.05,,,19,0.02,,,window,8.0
,,,,,passive_aggressive,,,,,mae,,,0.23001543063610932,0.07675541786056898,0.09701991404014175,0.0001782,,,,,,19,,1.0e12,0.1,window,8.0
1.158858229787681e6,0.3104403,0,0.001,cholesky,adaptive_ridge,810,quadratic_stacked_beta,0.0992292,3.3679343408160438e-15,mae,0.2112111,8,0.23270982859028602,0.0756952008662306,0.09555659850136128,,,,,,,20,,,,window,8.0
,0.000123,,0.0001,,static_ridge,,,,,mae,,,0.14149777279209658,0.0470079238804436,0.05990350596575299,,,,,,,20,,,,window,8.0
,,,,,rls,,,,,mae,,,0.13561045841667518,0.044336680046807436,0.05633544910209395,0.0025035,0.995,1.0e-6,,,,20,,,,window,8.0
,,,,,hedge,,,,,mae,,,0.28915085573729316,0.09925256388715235,0.12391859426202931,0.0009727,,,0.01,0,,20,,,,window,8.0
,,,,,exp3,,,,,mae,,,0.8417903042029303,0.2540509181622264,0.33122307098034304,0.001156,,,,,0.2,20,,,,window,8.0
,,,,,fixed_share,,,,,mae,,,0.2833082059260935,0.09796223985436557,0.12225135585638076,0.001011,,,0.01,,,20,0.005,,,window,8.0
,,,,,passive_aggressive,,,,,mae,,,0.15025830471604465,0.05198254278791295,0.06512898954742202,0.0001526,,,,,,20,,1.0e12,0.1,window,8.0
61704.50543042512,0.3146498,0,0.1,cholesky,adaptive_ridge,810,quadratic_stacked_beta,0.0996813,3.280152470132102e-15,mae,0.2149685,8,0.22640253234570834,0.07694168120693014,0.0967491174524879,,,,,,,21,,,,window,8.0
,0.0001278,,0.0001,,static_ridge,,,,,mae,,,0.22006645850020043,0.07397134347065264,0.093070455874823,,,,,,,21,,,,window,8.0
,,,,,rls,,,,,mae,,,0.17049791173541262,0.05829012432620005,0.07330329115774767,0.0089154,0.995,1.0e-6,,,,21,,,,window,8.0
,,,,,hedge,,,,,mae,,,0.200778141420455,0.06797604142618312,0.08544396783474428,0.0022486,,,0.5,0,,21,,,,window,8.0
,,,,,exp3,,,,,mae,,,0.7560201215308655,0.2623200913681688,0.32283561029559,0.0015878,,,,,0.05,21,,,,window,8.0
,,,,,fixed_share,,,,,mae,,,0.20110597030467983,0.0683552754108625,0.08576925688579996,0.0020129,,,0.01,,,21,0.02,,,window,8.0
,,,,,passive_aggressive,,,,,mae,,,0.18133556051412075,0.05915228753680813,0.07545182850034231,0.0001507,,,,,,21,,1.0e12,0.1,window,8.0
444800.9949067185,0.4488992,0,0.01,cholesky,adaptive_ridge,810,quadratic_stacked_beta,0.2269709,2.5599043353411915e-15,mae,0.2219283,8,0.20150893437811596,0.06527637325326625,0.08363323866292202,,,,,,,22,,,,window,8.0
,9.69e-5,,0.001,,static_ridge,,,,,mae,,,0.15043940743128142,0.050165644857245645,0.06364274867681778,,,,,,,22,,,,window,8.0
,,,,,rls,,,,,mae,,,0.1412675034167916,0.045834931666762016,0.05834524522931382,0.0024488,0.995,0.1,,,,22,,,,window,8.0
,,,,,hedge,,,,,mae,,,0.2332351059166917,0.07447481130830606,0.09504167443725695,0.0022721,,,1.0,24,,22,,,,window,8.0
,,,,,exp3,,,,,mae,,,0.6269275992752393,0.18674325353258253,0.23732061152733588,0.0010006,,,,,0.1,22,,,,window,8.0
,,,,,fixed_share,,,,,mae,,,0.15924061294845987,0.053260898678787714,0.06687903934041661,0.0008622,,,0.05,,,22,0.005,,,window,8.0
,,,,,passive_aggressive,,,,,mae,,,0.1621822476648967,0.052435709265390304,0.06692965918633732,0.0001355,,,,,,22,,1.0e12,0.1,window,8.0
39319.175292711356,0.2204576,0,0.1,cholesky,adaptive_ridge,510,quadratic_stacked_beta,0.1689884,2.0680506163521175e-15,mae,0.0514692,5,0.2113899988315622,0.07331477157009463,0.09086420852183875,,,,,,,4,,,,history,3000.0
,0.0001185,,0.01,,static_ridge,,,,,mae,,,0.18305703403122844,0.06543343211117121,0.08124382655340028,,,,,,,4,,,,history,3000.0
,,,,,rls,,,,,mae,,,0.1729215356026235,0.06225860870364822,0.07737202808024217,0.0099858,0.995,0.1,,,,4,,,,history,3000.0
,,,,,hedge,,,,,mae,,,0.2385230617138908,0.08067992992718755,0.10109131965642709,0.0560906,,,1.0,24,,4,,,,history,3000.0
,,,,,exp3,,,,,mae,,,0.8289061760135936,0.26746329550934855,0.33723060312691494,0.0019947,,,,,0.1,4,,,,history,3000.0
,,,,,fixed_share,,,,,mae,,,0.20868528516558588,0.07227086856801361,0.09024922237212511,0.0028533,,,0.05,,,4,0.02,,,history,3000.0
,,,,,passive_aggressive,,,,,mae,,,0.19400056838862428,0.06502214748457769,0.0821867458015513,0.0001298,,,,,,4,,1.0e12,0.1,history,3000.0
609297.3949499313,0.3870717,0,0.01,cholesky,adaptive_ridge,810,quadratic_stacked_beta,0.182549,3.522572050843213e-15,mae,0.2045227,8,0.22485456498915435,0.07711248044601085,0.09630485514394485,,,,,,,24,,,,window,8.0
,0.0001417,,0.0001,,static_ridge,,,,,mae,,,0.2444183757454849,0.08346178180225888,0.10469644938954174,,,,,,,24,,,,window,8.0
,,,,,rls,,,,,mae,,,0.1793414262228641,0.057785278362323556,0.07355181928457905,0.0078945,0.99,0.1,,,,24,,,,window,8.0
,,,,,hedge,,,,,mae,,,0.2305220311093008,0.07818528106421761,0.09781633570902776,0.0017814,,,1.0,0,,24,,,,window,8.0
,,,,,exp3,,,,,mae,,,0.8344758980129316,0.24931521531515263,0.3218763579398014,0.001659,,,,,0.2,24,,,,window,8.0
,,,,,fixed_share,,,,,mae,,,0.20678744452683476,0.06821815247396396,0.08649559434339776,0.0009393,,,0.05,,,24,0.01,,,window,8.0
,,,,,passive_aggressive,,,,,mae,,,0.20258844091993858,0.06355784911743875,0.08139266025414871,0.0001392,,,,,,24,,1.0e12,0.1,window,8.0
187135.70180931455,0.3752141,0,0.1,cholesky,adaptive_ridge,810,quadratic_stacked_beta,0.1222702,2.576316088859177e-15,mae,0.2529439,8,0.2633351959794454,0.09131753848161547,0.11353886288160578,,,,,,,25,,,,window,8.0
,8.86e-5,,0.1,,static_ridge,,,,,mae,,,0.24943249381964105,0.08477079337441486,0.10651832708535056,,,,,,,25,,,,window,8.0
,,,,,rls,,,,,mae,,,0.22329541076828907,0.07151996318704264,0.09099755675928148,0.0025592,0.95,0.1,,,,25,,,,window,8.0
,,,,,hedge,,,,,mae,,,0.33791176266136674,0.16132600545016296,0.18145549256056784,0.0011251,,,1.0,336,,25,,,,window,8.0
,,,,,exp3,,,,,mae,,,0.777512071405914,0.31267711233439344,0.3641066390604588,0.0010381,,,,,0.05,25,,,,window,8.0
,,,,,fixed_share,,,,,mae,,,0.2996324919314596,0.13052228316411082,0.15032849436853354,0.0016153,,,0.1,,,25,0.01,,,window,8.0
,,,,,passive_aggressive,,,,,mae,,,0.25714058725810846,0.08071874564943428,0.10312815420317549,0.0001521,,,,,,25,,1.0e12,0.1,window,8.0
32817.07416545395,0.41343599999999997,0,0.1,cholesky,adaptive_ridge,810,quadratic_stacked_beta,0.1604,3.322976811745515e-15,mae,0.253036,8,0.26162914614875143,0.08593737455636309,0.10879823264392846,,,,,,,26,,,,window,8.0
,9.68e-5,,0.001,,static_ridge,,,,,mae,,,0.2404395276456878,0.0807393207115924,0.10278161168260401,,,,,,,26,,,,window,8.0
,,,,,rls,,,,,mae,,,0.22773093195962754,0.07664165605608296,0.09653090476802395,0.0026046,0.98,1.0e-6,,,,26,,,,window,8.0
,,,,,hedge,,,,,mae,,,0.37784248030154294,0.1803340278700402,0.20255334144725795,0.0009844,,,1.0,24,,26,,,,window,8.0
,,,,,exp3,,,,,mae,,,0.8949448514732319,0.2870729359820149,0.36372795185952495,0.0010817,,,,,0.2,26,,,,window,8.0
,,,,,fixed_share,,,,,mae,,,0.3732056089645716,0.15606138235833444,0.18204656694191687,0.0009243,,,0.25,,,26,0.05,,,window,8.0
,,,,,passive_aggressive,,,,,mae,,,0.23183673269509025,0.07932901606148537,0.09952918039031548,0.0001539,,,,,,26,,1.0e12,0.1,window,8.0
778512.2358452221,0.3312134,0,0.01,cholesky,adaptive_ridge,810,quadratic_stacked_beta,0.1037983,3.674778203213273e-15,mae,0.2274151,8,0.19865079144191328,0.06483748026634492,0.08261180557887707,,,,,,,27,,,,window,8.0
,8.92e-5,,0.001,,static_ridge,,,,,mae,,,0.15888478659533234,0.05402812961670505,0.06792924084655108,,,,,,,27,,,,window,8.0
,,,,,rls,,,,,mae,,,0.14200288330226377,0.04637602675919656,0.05869343847493325,0.0083361,0.995,1.0e-6,,,,27,,,,window,8.0
,,,,,hedge,,,,,mae,,,0.23573400986059226,0.08220138339795655,0.10253827232148054,0.0022486,,,1.0,0,,27,,,,window,8.0
,,,,,exp3,,,,,mae,,,0.6769125378222351,0.14542208371815266,0.21736488495946207,0.0018248,,,,,0.1,27,,,,window,8.0
,,,,,fixed_share,,,,,mae,,,0.20468200325618316,0.06968625041940894,0.08734926163389616,0.0019304,,,0.5,,,27,0.05,,,window,8.0
,,,,,passive_aggressive,,,,,mae,,,0.15917412066982173,0.05189963085315309,0.06560357371746672,0.0001314,,,,,,27,,1.0e12,0.1,window,8.0
270690.4800237785,0.410699,0,0.01,cholesky,adaptive_ridge,810,quadratic_stacked_beta,0.1217832,3.0739966906018023e-15,mae,0.2889158,8,0.2429687495778997,0.08234544571827956,0.10310764805946183,,,,,,,28,,,,window,8.0
,9.35e-5,,0.001,,static_ridge,,,,,mae,,,0.18275108118572753,0.06146122435603038,0.0773759269686257,,,,,,,28,,,,window,8.0
,,,,,rls,,,,,mae,,,0.17494597829698588,0.06023366427678969,0.07539201212169529,0.0348776,0.995,1.0e-6,,,,28,,,,window,8.0
,,,,,hedge,,,,,mae,,,0.27452580462763815,0.09694977929358464,0.12033778300914431,0.0010143,,,1.0,72,,28,,,,window,8.0
,,,,,exp3,,,,,mae,,,0.719103567276871,0.15254914890228582,0.23060347882350973,0.0012814,,,,,0.1,28,,,,window,8.0
,,,,,fixed_share,,,,,mae,,,0.1782373331976065,0.06128062849794099,0.07680396146557647,0.0010686,,,0.05,,,28,0.005,,,window,8.0
,,,,,passive_aggressive,,,,,mae,,,0.1962733665340126,0.06441985843083274,0.08149524826081454,0.0001645,,,,,,28,,1.0e12,0.1,window,8.0
77328.70012996548,0.3740479,0,0.1,cholesky,adaptive_ridge,810,quadratic_stacked_beta,0.1430273,3.983027853172708e-15,mae,0.2310206,8,0.2294857449795299,0.07822570863289377,0.09789540560633338,,,,,,,29,,,,window,8.0
,0.0001982,,0.01,,static_ridge,,,,,mae,,,0.21039160406011972,0.07087168036267005,0.08867761186341253,,,,,,,29,,,,window,8.0
,,,,,rls,,,,,mae,,,0.18377641063280492,0.0651680074963615,0.0809751658970706,0.0082154,0.995,0.1,,,,29,,,,window,8.0
,,,,,hedge,,,,,mae,,,0.24170951365306714,0.07992233432066836,0.1005405374914922,0.0722055,,,1.0,336,,29,,,,window,8.0
,,,,,exp3,,,,,mae,,,0.8884256116870018,0.23702350799251404,0.3193536980361755,0.0017076,,,,,0.2,29,,,,window,8.0
,,,,,fixed_share,,,,,mae,,,0.24145933330758967,0.0802765633636932,0.10094861757775263,0.0017248,,,0.01,,,29,0.005,,,window,8.0
,,,,,passive_aggressive,,,,,mae,,,0.18833004734820932,0.06645737964517044,0.08238907943381177,0.0001428,,,,,,29,,1.0e12,0.1,window,8.0
43065.7953215153,0.4202638,0,0.1,cholesky,adaptive_ridge,810,quadratic_stacked_beta,0.1266161,3.0350220432270404e-15,mae,0.2936477,8,0.2579953648854331,0.08818866945491716,0.11083719209614351,,,,,,,30,,,,window,8.0
,0.0001001,,0.01,,static_ridge,,,,,mae,,,0.2681237104440177,0.10628204496691289,0.12676033278317406,,,,,,,30,,,,window,8.0
,,,,,rls,,,,,mae,,,0.21102284428226006,0.07005991849092323,0.08817235866109359,0.0784854,0.99,0.1,,,,30,,,,window,8.0
,,,,,hedge,,,,,mae,,,0.37509058862910344,0.14851555960774304,0.17597804187519556,0.0018984,,,1.0,24,,30,,,,window,8.0
,,,,,exp3,,,,,mae,,,0.948794377398713,0.30448921833012443,0.3888515652638487,0.0014658,,,,,0.2,30,,,,window,8.0
,,,,,fixed_share,,,,,mae,,,0.29664845772342396,0.10149275654737028,0.12724015325754134,0.0009137,,,0.1,,,30,0.02,,,window,8.0
,,,,,passive_aggressive,,,,,mae,,,0.223203652645055,0.07404637491807081,0.09352867953661068,0.0001575,,,,,,30,,1.0e12,0.1,window,8.0
2.0571077221428964e6,0.6185731999999999,0,0.01,cholesky,adaptive_ridge,1010,quadratic_stacked_beta,0.1775601,4.984798932691905e-15,mae,0.4410131,10,0.24478657646983773,0.07511096973370397,0.09751256403031541,,,,,,,1,,,,window,10.0
,8.91e-5,,0.001,,static_ridge,,,,,mae,,,0.18487866729418628,0.06230194016323979,0.07848348396917905,,,,,,,1,,,,window,10.0
,,,,,rls,,,,,mae,,,0.16150723590550217,0.05263884915064551,0.06669031759701369,0.0090475,0.995,0.1,,,,1,,,,window,10.0
,,,,,hedge,,,,,mae,,,0.4307279621805851,0.20891521000028987,0.23159691445242508,0.0024166,,,1.0,24,,1,,,,window,10.0
,,,,,exp3,,,,,mae,,,0.7908983940592816,0.23271494281508603,0.3048950417144624,0.0015337,,,,,0.1,1,,,,window,10.0
,,,,,fixed_share,,,,,mae,,,0.295504454408635,0.10078286706269464,0.12604846060986286,0.00211,,,0.5,,,1,0.05,,,window,10.0
,,,,,passive_aggressive,,,,,mae,,,0.16914886291438477,0.05727567610560804,0.07179413969496565,0.0001381,,,,,,1,,1.0e12,0.1,window,10.0
229534.64971019552,0.8981014,0,0.1,cholesky,adaptive_ridge,1010,quadratic_stacked_beta,0.4279716,5.45134551157825e-15,mae,0.4701298,10,0.2576966077272234,0.09001609041460351,0.11316685330545366,,,,,,,2,,,,window,10.0
,0.0001205,,0.01,,static_ridge,,,,,mae,,,0.2100257887555147,0.07209728228400382,0.09001700023182244,,,,,,,2,,,,window,10.0
,,,,,rls,,,,,mae,,,0.19611536866073895,0.06931787719731655,0.08563132795536331,0.0029183,0.995,0.1,,,,2,,,,window,10.0
,,,,,hedge,,,,,mae,,,0.2325767871638078,0.08206626116425177,0.10199789824837803,0.0010142,,,1.0,336,,2,,,,window,10.0
,,,,,exp3,,,,,mae,,,0.9505280170891917,0.35567350509184487,0.4286137026891908,0.0012694,,,,,0.1,2,,,,window,10.0
,,,,,fixed_share,,,,,mae,,,0.23293411830699065,0.08200120171268661,0.10182255953549592,0.0011422,,,0.01,,,2,0.005,,,window,10.0
,,,,,passive_aggressive,,,,,mae,,,0.2006189941742222,0.0698202177112568,0.08689477741264276,0.0001448,,,,,,2,,1.0e12,0.1,window,10.0
1.528357229352621e7,0.8166389000000001,0,0.001,cholesky,adaptive_ridge,1010,quadratic_stacked_beta,0.1567987,4.553928869773949e-15,mae,0.6598402,10,0.22942053241936491,0.07132940470933899,0.09183879832175111,,,,,,,3,,,,window,10.0
,0.0001038,,0.01,,static_ridge,,,,,mae,,,0.2231958700154279,0.08118172814322659,0.09882080431987289,,,,,,,3,,,,window,10.0
,,,,,rls,,,,,mae,,,0.1381771301368853,0.04676836314931355,0.058697955978291076,0.0100419,0.99,0.1,,,,3,,,,window,10.0
,,,,,hedge,,,,,mae,,,0.293231572724992,0.1100002579896433,0.13315400513906242,0.0020936,,,1.0,24,,3,,,,window,10.0
,,,,,exp3,,,,,mae,,,0.8896375353722753,0.18061310755241325,0.28450686874233655,0.0020686,,,,,0.2,3,,,,window,10.0
,,,,,fixed_share,,,,,mae,,,0.1476085701948021,0.049414407408463895,0.061933394752123935,0.0020353,,,0.1,,,3,0.005,,,window,10.0
,,,,,passive_aggressive,,,,,mae,,,0.16919393129420768,0.05782950161686671,0.07242580500410513,0.000143,,,,,,3,,1.0e12,0.1,window,10.0
75180.32677832297,0.9475967,0,0.1,cholesky,adaptive_ridge,1010,quadratic_stacked_beta,0.3194918,4.611754391218612e-15,mae,0.6281049,10,0.2296049744756315,0.07899801466516314,0.09832772126701794,,,,,,,4,,,,window,10.0
,9.43e-5,,0.01,,static_ridge,,,,,mae,,,0.18305703403122844,0.06543343211117121,0.08124382655340028,,,,,,,4,,,,window,10.0
,,,,,rls,,,,,mae,,,0.1729215356026235,0.06225860870364822,0.07737202808024217,0.0027343,0.995,0.1,,,,4,,,,window,10.0
,,,,,hedge,,,,,mae,,,0.2385230617138908,0.08067992992718755,0.10109131965642709,0.0025189,,,1.0,24,,4,,,,window,10.0
,,,,,exp3,,,,,mae,,,0.8289061760135936,0.26746329550934855,0.33723060312691494,0.5529969,,,,,0.1,4,,,,window,10.0
,,,,,fixed_share,,,,,mae,,,0.20868528516558588,0.07227086856801361,0.09024922237212511,0.0010049,,,0.05,,,4,0.02,,,window,10.0
,,,,,passive_aggressive,,,,,mae,,,0.19400056838862428,0.06502214748457769,0.0821867458015513,0.0001302,,,,,,4,,1.0e12,0.1,window,10.0
7.340351641141877e6,0.8148305,0,0.01,cholesky,adaptive_ridge,1010,quadratic_stacked_beta,0.3986657,4.463044105010754e-15,mae,0.4161648,10,0.19743682925276573,0.06648239099808842,0.08398153763021467,,,,,,,5,,,,window,10.0
,0.0001036,,0.001,,static_ridge,,,,,mae,,,0.13352419093998363,0.046419615380293204,0.05749563463856703,,,,,,,5,,,,window,10.0
,,,,,rls,,,,,mae,,,0.12241492103948587,0.043275525656496075,0.05385930552950398,0.0088031,0.995,0.1,,,,5,,,,window,10.0
,,,,,hedge,,,,,mae,,,0.21012839699201577,0.07083252059168027,0.0892032342414311,0.0022383,,,1.0,0,,5,,,,window,10.0
,,,,,exp3,,,,,mae,,,0.7074558695794627,0.19590837797204227,0.2554201626508102,0.0011672,,,,,0.1,5,,,,window,10.0
,,,,,fixed_share,,,,,mae,,,0.15795901866328493,0.05418480896035117,0.06809198555011022,0.0009099,,,0.05,,,5,0.01,,,window,10.0
,,,,,passive_aggressive,,,,,mae,,,0.1457077335073538,0.05110927625228515,0.06346723437578526,0.0001395,,,,,,5,,1.0e12,0.1,window,10.0
16746.44772118144,1.1820251000000002,0,0.1,cholesky,adaptive_ridge,510,quadratic_stacked_beta,0.4968133,2.3672548393405575e-15,mae,0.6852118,5,0.40949474452805323,0.14386604938515846,0.17892676227222132,,,,,,,14,,,,drift,0.8
,9.02e-5,,0.1,,static_ridge,,,,,mae,,,0.38702673569601004,0.13032722895400473,0.16438122191927543,,,,,,,14,,,,drift,0.8
,,,,,rls,,,,,mae,,,0.3583268361430072,0.11757962030045645,0.14984370323664065,0.0091804,0.98,1.0e-6,,,,14,,,,drift,0.8
,,,,,hedge,,,,,mae,,,0.376128999613276,0.13031907235177673,0.1627401559303546,0.0038053,,,1.0,168,,14,,,,drift,0.8
,,,,,exp3,,,,,mae,,,1.2008269354756056,0.35580362095428764,0.463303036893159,0.0020855,,,,,0.2,14,,,,drift,0.8
,,,,,fixed_share,,,,,mae,,,0.37221737944918876,0.1256016454822946,0.15808141377881507,0.0008561,,,0.1,,,14,0.02,,,drift,0.8
,,,,,passive_aggressive,,,,,mae,,,0.4094526711236833,0.12485391333789235,0.16079356233993944,0.0001839,,,,,,14,,1.0e12,0.1,drift,0.8
42696.727645336876,0.8525176,0,0.1,cholesky,adaptive_ridge,1010,quadratic_stacked_beta,0.4323382,4.7383290157032e-15,mae,0.4201794,10,0.2739343075860488,0.09571081835305936,0.12000478557797505,,,,,,,7,,,,window,10.0
,9.99e-5,,0.01,,static_ridge,,,,,mae,,,0.24441645204881973,0.07974548638667443,0.1013859908690247,,,,,,,7,,,,window,10.0
,,,,,rls,,,,,mae,,,0.23255223630273522,0.07718158146223414,0.09752879925351786,0.0098192,0.995,0.1,,,,7,,,,window,10.0
,,,,,hedge,,,,,mae,,,0.25903424778310635,0.08623560704456482,0.1091196847300239,0.0018034,,,1.0,0,,7,,,,window,10.0
,,,,,exp3,,,,,mae,,,0.8833715493329737,0.23978327376912048,0.32373410301323174,0.0276647,,,,,0.2,7,,,,window,10.0
,,,,,fixed_share,,,,,mae,,,0.2676274093787746,0.08530061831143365,0.10954731323658143,0.0011563,,,0.05,,,7,0.01,,,window,10.0
,,,,,passive_aggressive,,,,,mae,,,0.24999738836282784,0.08023314108732583,0.1026978965525089,0.0001712,,,,,,7,,1.0e12,0.1,window,10.0
65589.37734897104,0.7597763,0,0.1,cholesky,adaptive_ridge,1010,quadratic_stacked_beta,0.3574784,3.1808057772628452e-15,mae,0.4022979,10,0.23489250857926094,0.07757897285838809,0.09783786197486813,,,,,,,8,,,,window,10.0
,0.0001247,,0.0001,,static_ridge,,,,,mae,,,0.16978018478549545,0.0592871209228417,0.07387462220940716,,,,,,,8,,,,window,10.0
,,,,,rls,,,,,mae,,,0.16168619099894282,0.05696196859295,0.07045760356580263,0.0099302,0.995,0.1,,,,8,,,,window,10.0
,,,,,hedge,,,,,mae,,,0.26286878235167177,0.08510394630858409,0.10800235623183435,0.0008276,,,0.01,0,,8,,,,window,10.0
,,,,,exp3,,,,,mae,,,0.76889722818504,0.2849616839060336,0.3423490817485267,0.0018601,,,,,0.1,8,,,,window,10.0
,,,,,fixed_share,,,,,mae,,,0.2645811818256606,0.0857642041986232,0.10874927348719313,0.0009604,,,0.01,,,8,0.1,,,window,10.0
,,,,,passive_aggressive,,,,,mae,,,0.16353267554112516,0.05980948694704145,0.07364779938109432,0.0001264,,,,,,8,,1.0e12,0.1,window,10.0
63819.92728681052,0.9165084,0,0.1,cholesky,adaptive_ridge,1010,quadratic_stacked_beta,0.3598101,4.656380415372917e-15,mae,0.5566983,10,0.2719459490257921,0.09523554505563137,0.1196088457811667,,,,,,,9,,,,window,10.0
,8.68e-5,,0.1,,static_ridge,,,,,mae,,,0.24685814218139118,0.08863031180407924,0.10925350789467855,,,,,,,9,,,,window,10.0
,,,,,rls,,,,,mae,,,0.23933341236054306,0.083710269352733,0.10472581608704097,0.0082484,0.995,0.1,,,,9,,,,window,10.0
,,,,,hedge,,,,,mae,,,0.288841800954302,0.09852788192090634,0.1238629034374165,0.0021604,,,0.01,0,,9,,,,window,10.0
,,,,,exp3,,,,,mae,,,0.9318536075667341,0.29527234168809807,0.3762183427451998,0.0019491,,,,,0.1,9,,,,window,10.0
,,,,,fixed_share,,,,,mae,,,0.28955300437239445,0.09873539499906052,0.12413873052540629,0.002397,,,0.01,,,9,0.1,,,window,10.0
,,,,,passive_aggressive,,,,,mae,,,0.25291235107781185,0.08382410736961511,0.10643784980109691,0.0001732,,,,,,9,,1.0e12,0.1,window,10.0
149806.13141528383,1.2815973,0,0.1,cholesky,adaptive_ridge,1010,quadratic_stacked_beta,0.6942008,5.1716270336757476e-15,mae,0.5873965,10,0.21992938221396552,0.07606643720317428,0.09500063666786049,,,,,,,10,,,,window,10.0
,8.95e-5,,0.01,,static_ridge,,,,,mae,,,0.17024426685147212,0.05794255950378842,0.0723756645627376,,,,,,,10,,,,window,10.0
,,,,,rls,,,,,mae,,,0.1611164940927139,0.055650546282209085,0.06954589861715472,0.0101328,0.995,0.1,,,,10,,,,window,10.0
,,,,,hedge,,,,,mae,,,0.3384163422667968,0.14597351808476855,0.17047205378664435,0.001007,,,1.0,336,,10,,,,window,10.0
,,,,,exp3,,,,,mae,,,0.7322239673275946,0.16246117532771248,0.23936922355890314,0.0016155,,,,,0.1,10,,,,window,10.0
,,,,,fixed_share,,,,,mae,,,0.30595419792378153,0.10435491209551621,0.13100524876726477,0.0021457,,,0.25,,,10,0.02,,,window,10.0
,,,,,passive_aggressive,,,,,mae,,,0.16651318604168674,0.05796302709183534,0.0723879954401935,0.0001584,,,,,,10,,1.0e12,0.1,window,10.0
68986.18440583994,0.7349941,0,0.1,cholesky,adaptive_ridge,1010,quadratic_stacked_beta,0.1576765,5.408158951869422e-15,mae,0.5773176,10,0.27682462716566186,0.09321131650195852,0.11887784849972512,,,,,,,11,,,,window,10.0
,9.57e-5,,0.01,,static_ridge,,,,,mae,,,0.22179972152720018,0.07584814551518011,0.09513799194951793,,,,,,,11,,,,window,10.0
,,,,,rls,,,,,mae,,,0.21706248278219722,0.07409498927407977,0.09209859963069383,0.0086203,0.995,0.1,,,,11,,,,window,10.0
,,,,,hedge,,,,,mae,,,0.3172762812291652,0.11983066643548644,0.1449290843835479,0.0016038,,,1.0,24,,11,,,,window,10.0
,,,,,exp3,,,,,mae,,,0.8344603672880428,0.2580128306461405,0.3344231054975238,0.0010888,,,,,0.2,11,,,,window,10.0
,,,,,fixed_share,,,,,mae,,,0.2711115467957225,0.09471995024478096,0.11796928867013975,0.0122257,,,0.05,,,11,0.005,,,window,10.0
,,,,,passive_aggressive,,,,,mae,,,0.22336798531994398,0.07519407805238026,0.0944012119479718,0.0001627,,,,,,11,,1.0e12,0.1,window,10.0
46766.65568419915,0.8729696,0,0.1,cholesky,adaptive_ridge,1010,quadratic_stacked_beta,0.2670687,4.25637149379519e-15,mae,0.6059009,10,0.24972578480983706,0.0850328664235923,0.1071648707917371,,,,,,,12,,,,window,10.0
,9.78e-5,,0.01,,static_ridge,,,,,mae,,,0.21671530508095807,0.07138324682916589,0.09071315633149855,,,,,,,12,,,,window,10.0
,,,,,rls,,,,,mae,,,0.20421209266027376,0.06734019818809256,0.08546526565698051,0.1405747,0.995,1.0e-6,,,,12,,,,window,10.0
,,,,,hedge,,,,,mae,,,0.24582880098873303,0.08267691313891103,0.10352083724782639,0.0008725,,,1.0,0,,12,,,,window,10.0
,,,,,exp3,,,,,mae,,,0.8092378059534241,0.2769088012765567,0.3417995045249321,0.0021433,,,,,0.1,12,,,,window,10.0
,,,,,fixed_share,,,,,mae,,,0.24608961497148404,0.08319969738838509,0.10433341669149158,0.0021371,,,0.01,,,12,0.01,,,window,10.0
,,,,,passive_aggressive,,,,,mae,,,0.22021390973183366,0.07003131957763856,0.09032169721498938,0.0001699,,,,,,12,,1.0e12,0.1,window,10.0
1.5260036089967475e6,0.9673278000000001,0,0.01,cholesky,adaptive_ridge,1010,quadratic_stacked_beta,0.1844461,4.5013904909376246e-15,mae,0.7828817,10,0.23991282070882597,0.07927919681011533,0.10018287350177535,,,,,,,13,,,,window,10.0
,0.001135,,0.0001,,static_ridge,,,,,mae,,,0.18667628268759034,0.06338787683949348,0.07980283813172784,,,,,,,13,,,,window,10.0
,,,,,rls,,,,,mae,,,0.17613808726395244,0.058221131057297044,0.07321858826997549,0.0082451,0.995,0.1,,,,13,,,,window,10.0
,,,,,hedge,,,,,mae,,,0.28588177046817415,0.10170751134480117,0.1260016775165405,0.0008274,,,0.25,0,,13,,,,window,10.0
,,,,,exp3,,,,,mae,,,0.9307446789179007,0.3126769206547629,0.38806013267928635,0.001566,,,,,0.2,13,,,,window,10.0
,,,,,fixed_share,,,,,mae,,,0.25786156962447343,0.08820893907846783,0.11063189594400613,0.0008441,,,0.25,,,13,0.05,,,window,10.0
,,,,,passive_aggressive,,,,,mae,,,0.192698934820903,0.06057322042600924,0.07774559022940673,0.0001238,,,,,,13,,1.0e12,0.1,window,10.0
51117.97201228537,0.7594447,0,0.1,cholesky,adaptive_ridge,1010,quadratic_stacked_beta,0.3391275,2.748478160167055e-15,mae,0.4203172,10,0.3696549560972393,0.1259742117035834,0.1575368160367313,,,,,,,14,,,,window,10.0
,9.29e-5,,0.1,,static_ridge,,,,,mae,,,0.3151390344486258,0.10743064353420866,0.13504629192348533,,,,,,,14,,,,window,10.0
,,,,,rls,,,,,mae,,,0.3001260397225624,0.09652742617389634,0.12305286414579988,0.0092947,0.98,0.01,,,,14,,,,window,10.0
,,,,,hedge,,,,,mae,,,0.335036926790658,0.11772632025847649,0.14584185144122094,0.0010368,,,1.0,72,,14,,,,window,10.0
,,,,,exp3,,,,,mae,,,0.9228494869259469,0.2275729672957513,0.3163925566732033,0.0017958,,,,,0.2,14,,,,window,10.0
,,,,,fixed_share,,,,,mae,,,0.2993919287794196,0.10289463746951628,0.12839187332205462,0.001039,,,0.05,,,14,0.01,,,window,10.0
,,,,,passive_aggressive,,,,,mae,,,0.3366230021549635,0.10310403572285196,0.13293391528743337,0.0001684,,,,,,14,,1.0e12,0.1,window,10.0
171906.05560099822,0.8126358,0,0.1,cholesky,adaptive_ridge,1010,quadratic_stacked_beta,0.3756841,4.765300228675093e-15,mae,0.4369517,10,0.37752118832170095,0.12873170048830315,0.1608896495702162,,,,,,,15,,,,window,10.0
,9.1e-5,,0.1,,static_ridge,,,,,mae,,,0.31303725690084405,0.10772692316768001,0.1348884311760078,,,,,,,15,,,,window,10.0
,,,,,rls,,,,,mae,,,0.3148394860335894,0.09974049279027619,0.12879382895082697,0.0413457,0.95,0.01,,,,15,,,,window,10.0
,,,,,hedge,,,,,mae,,,0.4255159634203406,0.18080769915445807,0.21109590813058013,0.0011254,,,1.0,24,,15,,,,window,10.0
,,,,,exp3,,,,,mae,,,1.0978966581586453,0.3343099866540617,0.43811446511464497,0.0016081,,,,,0.1,15,,,,window,10.0
,,,,,fixed_share,,,,,mae,,,0.3593057437343983,0.12279202485287447,0.1541451558374481,0.0025116,,,0.05,,,15,0.005,,,window,10.0
,,,,,passive_aggressive,,,,,mae,,,0.3748415140106583,0.10711275067408464,0.1418877678739849,0.0001816,,,,,,15,,1.0e12,0.1,window,10.0
88473.68668656157,1.0794067999999999,0,0.1,cholesky,adaptive_ridge,1010,quadratic_stacked_beta,0.6607789,3.9392082969390926e-15,mae,0.4186279,10,0.24000471331658615,0.08175530829379574,0.10303966494554696,,,,,,,16,,,,window,10.0
,9.02e-5,,0.01,,static_ridge,,,,,mae,,,0.20238946528403645,0.06986104758963516,0.08782060879245342,,,,,,,16,,,,window,10.0
,,,,,rls,,,,,mae,,,0.19163869834879216,0.06650715406389777,0.083214369035415,0.0023398,0.995,0.1,,,,16,,,,window,10.0
,,,,,hedge,,,,,mae,,,0.2510100650640427,0.09037314728342898,0.11191619369857118,0.0008455,,,0.01,0,,16,,,,window,10.0
,,,,,exp3,,,,,mae,,,0.8155003526292581,0.20922798777648652,0.28700371103388994,0.0019206,,,,,0.2,16,,,,window,10.0
,,,,,fixed_share,,,,,mae,,,0.25154523814667457,0.09074361095908116,0.11230483266476417,0.0018491,,,0.01,,,16,0.1,,,window,10.0
,,,,,passive_aggressive,,,,,mae,,,0.20843429625400234,0.07066696136115179,0.08848908271557283,0.0001548,,,,,,16,,1.0e12,0.1,window,10.0
9.244101858474147e6,1.1628497,0,0.01,cholesky,adaptive_ridge,1140,quadratic_stacked_beta,0.5520641,6.232165927726661e-15,mae,0.6107856,5,0.21674478723764082,0.07101172943818099,0.08987673937558008,,,,,,,13,,,,members,15.0
,0.0001659,,0.001,,static_ridge,,,,,mae,,,0.19942032508830448,0.07031453706646111,0.08767416183264802,,,,,,,13,,,,members,15.0
,,,,,rls,,,,,mae,,,0.11694345886639362,0.03969966443033548,0.05017222419511351,0.0185258,0.99,1.0e-6,,,,13,,,,members,15.0
,,,,,hedge,,,,,mae,,,0.263358757335029,0.09524982589125751,0.11713621302736811,0.0014126,,,1.0,24,,13,,,,members,15.0
,,,,,exp3,,,,,mae,,,1.090961125394299,0.3327529021490968,0.4259164666693678,0.0013293,,,,,0.2,13,,,,members,15.0
,,,,,fixed_share,,,,,mae,,,0.17369548796869658,0.06121421295493779,0.07673984795550627,0.0011837,,,0.05,,,13,0.01,,,members,15.0
,,,,,passive_aggressive,,,,,mae,,,0.1551211320341052,0.05047872670873973,0.06443732350371803,0.0002054,,,,,,13,,1.0e12,0.01,members,15.0
4.193366300605331e6,0.7287406000000001,0,0.001,cholesky,adaptive_ridge,1010,quadratic_stacked_beta,0.3458406,5.480432399803939e-15,mae,0.3829,10,0.2234980729974938,0.07623360561062406,0.09598717221577276,,,,,,,18,,,,window,10.0
,7.21e-5,,0.001,,static_ridge,,,,,mae,,,0.16068397902110285,0.0573097906294586,0.07076773934452542,,,,,,,18,,,,window,10.0
,,,,,rls,,,,,mae,,,0.15719326372217407,0.055833329452598016,0.06874819376740263,0.0026567,0.995,0.1,,,,18,,,,window,10.0
,,,,,hedge,,,,,mae,,,0.25827084887026985,0.08255872221060993,0.10563516299483415,0.0021868,,,1.0,0,,18,,,,window,10.0
,,,,,exp3,,,,,mae,,,0.9145624474650051,0.28996112552596676,0.3522986716711297,0.0027531,,,,,0.2,18,,,,window,10.0
,,,,,fixed_share,,,,,mae,,,0.2664720371915227,0.08377577808384701,0.10776549323128937,0.0028211,,,0.01,,,18,0.005,,,window,10.0
,,,,,passive_aggressive,,,,,mae,,,0.16489997923768493,0.0558884963894822,0.07040953786463947,0.0001288,,,,,,18,,1.0e12,0.1,window,10.0
20405.554383546976,0.8735562,0,0.1,cholesky,adaptive_ridge,1010,quadratic_stacked_beta,0.4473184,2.6998968903857484e-15,mae,0.4262378,10,0.27841756927814154,0.0993913166121419,0.12311694471037873,,,,,,,19,,,,window,10.0
,8.74e-5,,0.01,,static_ridge,,,,,mae,,,0.26534766012922967,0.10126856458013526,0.12239244462639493,,,,,,,19,,,,window,10.0
,,,,,rls,,,,,mae,,,0.21886395503825823,0.07493456154033827,0.09341459610425004,0.0040782,0.98,0.0001,,,,19,,,,window,10.0
,,,,,hedge,,,,,mae,,,0.29180832784632715,0.1043936702296371,0.12911186123306106,0.0009598,,,1.0,72,,19,,,,window,10.0
,,,,,exp3,,,,,mae,,,0.7674600410470833,0.24793667291327107,0.31018421210545194,0.0021163,,,,,0.1,19,,,,window,10.0
,,,,,fixed_share,,,,,mae,,,0.28762800975529773,0.10416942692896325,0.12857925832281553,0.0016976,,,0.05,,,19,0.02,,,window,10.0
,,,,,passive_aggressive,,,,,mae,,,0.23001543063610932,0.07675541786056898,0.09701991404014175,0.0001668,,,,,,19,,1.0e12,0.1,window,10.0
1.7061895521136425e6,1.327034,0,0.001,cholesky,adaptive_ridge,1010,quadratic_stacked_beta,0.7214627,4.273650407803983e-15,mae,0.6055713,10,0.2521952441287134,0.08258510338078545,0.10470075083819562,,,,,,,20,,,,window,10.0
,6.82e-5,,0.0001,,static_ridge,,,,,mae,,,0.14149777279209658,0.0470079238804436,0.05990350596575299,,,,,,,20,,,,window,10.0
,,,,,rls,,,,,mae,,,0.13561045841667518,0.044336680046807436,0.05633544910209395,0.0060346,0.995,1.0e-6,,,,20,,,,window,10.0
,,,,,hedge,,,,,mae,,,0.28915085573729316,0.09925256388715235,0.12391859426202931,0.0018509,,,0.01,0,,20,,,,window,10.0
,,,,,exp3,,,,,mae,,,0.8417903042029303,0.2540509181622264,0.33122307098034304,0.0016803,,,,,0.2,20,,,,window,10.0
,,,,,fixed_share,,,,,mae,,,0.2833082059260935,0.09796223985436557,0.12225135585638076,0.0019483,,,0.01,,,20,0.005,,,window,10.0
,,,,,passive_aggressive,,,,,mae,,,0.15025830471604465,0.05198254278791295,0.06512898954742202,0.0001298,,,,,,20,,1.0e12,0.1,window,10.0
76668.42539408461,1.0529131999999999,0,0.1,cholesky,adaptive_ridge,1010,quadratic_stacked_beta,0.6759672,4.1505143388576904e-15,mae,0.376946,10,0.2321984939488657,0.07850909657408561,0.09864018531424407,,,,,,,21,,,,window,10.0
,0.0001199,,0.0001,,static_ridge,,,,,mae,,,0.22006645850020043,0.07397134347065264,0.093070455874823,,,,,,,21,,,,window,10.0
,,,,,rls,,,,,mae,,,0.17049791173541262,0.05829012432620005,0.07330329115774767,0.004953,0.995,1.0e-6,,,,21,,,,window,10.0
,,,,,hedge,,,,,mae,,,0.200778141420455,0.06797604142618312,0.08544396783474428,0.0007844,,,0.5,0,,21,,,,window,10.0
,,,,,exp3,,,,,mae,,,0.7560201215308655,0.2623200913681688,0.32283561029559,0.001069,,,,,0.05,21,,,,window,10.0
,,,,,fixed_share,,,,,mae,,,0.20110597030467983,0.0683552754108625,0.08576925688579996,0.0009581,,,0.01,,,21,0.02,,,window,10.0
,,,,,passive_aggressive,,,,,mae,,,0.18133556051412075,0.05915228753680813,0.07545182850034231,0.0001491,,,,,,21,,1.0e12,0.1,window,10.0
567643.9360415057,1.4344373,0,0.01,cholesky,adaptive_ridge,1010,quadratic_stacked_beta,1.060424,2.6670972323629165e-15,mae,0.3740133,10,0.22149273109098844,0.07149316569573362,0.0916541958853423,,,,,,,22,,,,window,10.0
,0.0001293,,0.001,,static_ridge,,,,,mae,,,0.15043940743128142,0.050165644857245645,0.06364274867681778,,,,,,,22,,,,window,10.0
,,,,,rls,,,,,mae,,,0.1412675034167916,0.045834931666762016,0.05834524522931382,0.0483867,0.995,0.1,,,,22,,,,window,10.0
,,,,,hedge,,,,,mae,,,0.2332351059166917,0.07447481130830606,0.09504167443725695,0.0009087,,,1.0,24,,22,,,,window,10.0
,,,,,exp3,,,,,mae,,,0.6269275992752393,0.18674325353258253,0.23732061152733588,0.0009265,,,,,0.1,22,,,,window,10.0
,,,,,fixed_share,,,,,mae,,,0.15924061294845987,0.053260898678787714,0.06687903934041661,0.0008903,,,0.05,,,22,0.005,,,window,10.0
,,,,,passive_aggressive,,,,,mae,,,0.1621822476648967,0.052435709265390304,0.06692965918633732,0.0001246,,,,,,22,,1.0e12,0.1,window,10.0
1.1416367130830747e6,0.7543974,0,0.01,cholesky,adaptive_ridge,1010,quadratic_stacked_beta,0.2033045,5.162037607477781e-15,mae,0.5510929,10,0.18340701536317114,0.062262804952047675,0.0779998815958444,,,,,,,23,,,,window,10.0
,0.0001178,,0.0001,,static_ridge,,,,,mae,,,0.13614353134305593,0.046065826707790754,0.05833732855624639,,,,,,,23,,,,window,10.0
,,,,,rls,,,,,mae,,,0.11858578055651885,0.04162985358100308,0.052140104766592386,0.0023957,0.995,0.1,,,,23,,,,window,10.0
,,,,,hedge,,,,,mae,,,0.31210919901770534,0.11045273623738251,0.13717011327014642,0.0031601,,,1.0,336,,23,,,,window,10.0
,,,,,exp3,,,,,mae,,,0.8310342531568655,0.21685322793651535,0.2968714409416686,0.0018027,,,,,0.1,23,,,,window,10.0
,,,,,fixed_share,,,,,mae,,,0.2255477917789984,0.07674493610754608,0.09583140190579428,0.0018191,,,0.5,,,23,0.05,,,window,10.0
,,,,,passive_aggressive,,,,,mae,,,0.13161355516710196,0.046859782743096996,0.05817780746205533,0.0001321,,,,,,23,,1.0e12,0.1,window,10.0
796023.1617674812,0.8016358,0,0.01,cholesky,adaptive_ridge,1010,quadratic_stacked_beta,0.1846359,4.5026444581159904e-15,mae,0.6169999,10,0.23662904084311825,0.08101443092759983,0.10111839079487729,,,,,,,24,,,,window,10.0
,0.0001146,,0.0001,,static_ridge,,,,,mae,,,0.2444183757454849,0.08346178180225888,0.10469644938954174,,,,,,,24,,,,window,10.0
,,,,,rls,,,,,mae,,,0.1793414262228641,0.057785278362323556,0.07355181928457905,0.0031399,0.99,0.1,,,,24,,,,window,10.0
,,,,,hedge,,,,,mae,,,0.2305220311093008,0.07818528106421761,0.09781633570902776,0.0008185,,,1.0,0,,24,,,,window,10.0
,,,,,exp3,,,,,mae,,,0.8344758980129316,0.24931521531515263,0.3218763579398014,0.0010639,,,,,0.2,24,,,,window,10.0
,,,,,fixed_share,,,,,mae,,,0.20678744452683476,0.06821815247396396,0.08649559434339776,0.0009201,,,0.05,,,24,0.01,,,window,10.0
,,,,,passive_aggressive,,,,,mae,,,0.20258844091993858,0.06355784911743875,0.08139266025414871,0.0001373,,,,,,24,,1.0e12,0.1,window,10.0
238748.53258842626,0.771967,0,0.1,cholesky,adaptive_ridge,1010,quadratic_stacked_beta,0.344037,2.7247597125007125e-15,mae,0.42793,10,0.27670595537829873,0.09308339249038612,0.11707624221901329,,,,,,,25,,,,window,10.0
,0.0001015,,0.1,,static_ridge,,,,,mae,,,0.24943249381964105,0.08477079337441486,0.10651832708535056,,,,,,,25,,,,window,10.0
,,,,,rls,,,,,mae,,,0.22329541076828907,0.07151996318704264,0.09099755675928148,0.0084128,0.95,0.1,,,,25,,,,window,10.0
,,,,,hedge,,,,,mae,,,0.33791176266136674,0.16132600545016296,0.18145549256056784,0.0010218,,,1.0,336,,25,,,,window,10.0
,,,,,exp3,,,,,mae,,,0.777512071405914,0.31267711233439344,0.3641066390604588,0.0016625,,,,,0.05,25,,,,window,10.0
,,,,,fixed_share,,,,,mae,,,0.2996324919314596,0.13052228316411082,0.15032849436853354,0.0018722,,,0.1,,,25,0.01,,,window,10.0
,,,,,passive_aggressive,,,,,mae,,,0.25714058725810846,0.08071874564943428,0.10312815420317549,0.0001672,,,,,,25,,1.0e12,0.1,window,10.0
42616.112695155876,1.1173094,0,0.1,cholesky,adaptive_ridge,1010,quadratic_stacked_beta,0.6808327,4.067577002312881e-15,mae,0.4364767,10,0.26013460158268664,0.0876058869900235,0.11030462998139424,,,,,,,26,,,,window,10.0
,8.43e-5,,0.001,,static_ridge,,,,,mae,,,0.2404395276456878,0.0807393207115924,0.10278161168260401,,,,,,,26,,,,window,10.0
,,,,,rls,,,,,mae,,,0.22773093195962754,0.07664165605608296,0.09653090476802395,0.0036055,0.98,1.0e-6,,,,26,,,,window,10.0
,,,,,hedge,,,,,mae,,,0.37784248030154294,0.1803340278700402,0.20255334144725795,0.0009956,,,1.0,24,,26,,,,window,10.0
,,,,,exp3,,,,,mae,,,0.8949448514732319,0.2870729359820149,0.36372795185952495,0.0009794,,,,,0.2,26,,,,window,10.0
,,,,,fixed_share,,,,,mae,,,0.3732056089645716,0.15606138235833444,0.18204656694191687,0.0009362,,,0.25,,,26,0.05,,,window,10.0
,,,,,passive_aggressive,,,,,mae,,,0.23183673269509025,0.07932901606148537,0.09952918039031548,0.0001487,,,,,,26,,1.0e12,0.1,window,10.0
1.0346590159558727e6,1.0662344,0,0.01,cholesky,adaptive_ridge,1010,quadratic_stacked_beta,0.8464671,4.224658239358818e-15,mae,0.2197673,10,0.21922729071776537,0.07003868553604095,0.08994327880281859,,,,,,,27,,,,window,10.0
,0.0001016,,0.001,,static_ridge,,,,,mae,,,0.15888478659533234,0.05402812961670505,0.06792924084655108,,,,,,,27,,,,window,10.0
,,,,,rls,,,,,mae,,,0.14200288330226377,0.04637602675919656,0.05869343847493325,0.0024969,0.995,1.0e-6,,,,27,,,,window,10.0
,,,,,hedge,,,,,mae,,,0.23573400986059226,0.08220138339795655,0.10253827232148054,0.0007641,,,1.0,0,,27,,,,window,10.0
,,,,,exp3,,,,,mae,,,0.6769125378222351,0.14542208371815266,0.21736488495946207,0.0011409,,,,,0.1,27,,,,window,10.0
,,,,,fixed_share,,,,,mae,,,0.20468200325618316,0.06968625041940894,0.08734926163389616,0.0008364,,,0.5,,,27,0.05,,,window,10.0
,,,,,passive_aggressive,,,,,mae,,,0.15917412066982173,0.05189963085315309,0.06560357371746672,0.0001391,,,,,,27,,1.0e12,0.1,window,10.0
56212.52524425019,1.338101,0,0.1,cholesky,adaptive_ridge,1010,quadratic_stacked_beta,0.6342236,2.8782988592049363e-15,mae,0.7038774,10,0.2373499270479315,0.0871005801062775,0.10682337097064308,,,,,,,28,,,,window,10.0
,9.89e-5,,0.001,,static_ridge,,,,,mae,,,0.18275108118572753,0.06146122435603038,0.0773759269686257,,,,,,,28,,,,window,10.0
,,,,,rls,,,,,mae,,,0.17494597829698588,0.06023366427678969,0.07539201212169529,0.0555437,0.995,1.0e-6,,,,28,,,,window,10.0
,,,,,hedge,,,,,mae,,,0.27452580462763815,0.09694977929358464,0.12033778300914431,0.0085275,,,1.0,72,,28,,,,window,10.0
,,,,,exp3,,,,,mae,,,0.719103567276871,0.15254914890228582,0.23060347882350973,0.0011725,,,,,0.1,28,,,,window,10.0
,,,,,fixed_share,,,,,mae,,,0.1782373331976065,0.06128062849794099,0.07680396146557647,0.0010339,,,0.05,,,28,0.005,,,window,10.0
,,,,,passive_aggressive,,,,,mae,,,0.1962733665340126,0.06441985843083274,0.08149524826081454,0.0001461,,,,,,28,,1.0e12,0.1,window,10.0
93254.93640209381,0.6902645000000001,0,0.1,cholesky,adaptive_ridge,1010,quadratic_stacked_beta,0.2273522,4.817191848673599e-15,mae,0.4629123,10,0.23864181428216433,0.08143884137128178,0.10191203230266904,,,,,,,29,,,,window,10.0
,8.56e-5,,0.01,,static_ridge,,,,,mae,,,0.21039160406011972,0.07087168036267005,0.08867761186341253,,,,,,,29,,,,window,10.0
,,,,,rls,,,,,mae,,,0.18377641063280492,0.0651680074963615,0.0809751658970706,0.0072627,0.995,0.1,,,,29,,,,window,10.0
,,,,,hedge,,,,,mae,,,0.24170951365306714,0.07992233432066836,0.1005405374914922,0.0010131,,,1.0,336,,29,,,,window,10.0
,,,,,exp3,,,,,mae,,,0.8884256116870018,0.23702350799251404,0.3193536980361755,0.0009316,,,,,0.2,29,,,,window,10.0
,,,,,fixed_share,,,,,mae,,,0.24145933330758967,0.0802765633636932,0.10094861757775263,0.0007946,,,0.01,,,29,0.005,,,window,10.0
,,,,,passive_aggressive,,,,,mae,,,0.18833004734820932,0.06645737964517044,0.08238907943381177,0.0001365,,,,,,29,,1.0e12,0.1,window,10.0
53873.90020483959,0.8776026,0,0.1,cholesky,adaptive_ridge,1010,quadratic_stacked_beta,0.4516312,3.4078789282959455e-15,mae,0.4259714,10,0.2630418373908558,0.08877056972719223,0.11226947509130039,,,,,,,30,,,,window,10.0
,0.0001437,,0.01,,static_ridge,,,,,mae,,,0.2681237104440177,0.10628204496691289,0.12676033278317406,,,,,,,30,,,,window,10.0
,,,,,rls,,,,,mae,,,0.21102284428226006,0.07005991849092323,0.08817235866109359,0.0026661,0.99,0.1,,,,30,,,,window,10.0
,,,,,hedge,,,,,mae,,,0.37509058862910344,0.14851555960774304,0.17597804187519556,0.0012264,,,1.0,24,,30,,,,window,10.0
,,,,,exp3,,,,,mae,,,0.948794377398713,0.30448921833012443,0.3888515652638487,0.0010877,,,,,0.2,30,,,,window,10.0
,,,,,fixed_share,,,,,mae,,,0.29664845772342396,0.10149275654737028,0.12724015325754134,0.0019327,,,0.1,,,30,0.02,,,window,10.0
,,,,,passive_aggressive,,,,,mae,,,0.223203652645055,0.07404637491807081,0.09352867953661068,0.0001963,,,,,,30,,1.0e12,0.1,window,10.0
NaN,1.5242649,0,0.1,cholesky,adaptive_ridge,1510,quadratic_stacked_beta,0.899037,5.841191722839389e-15,mae,0.6252279,15,0.2765615894866223,0.08630228843288036,0.1110251948754828,,,,,,,1,,,,window,15.0
,8.7e-5,,0.001,,static_ridge,,,,,mae,,,0.18487866729418628,0.06230194016323979,0.07848348396917905,,,,,,,1,,,,window,15.0
,,,,,rls,,,,,mae,,,0.16150723590550217,0.05263884915064551,0.06669031759701369,0.031922,0.995,0.1,,,,1,,,,window,15.0
,,,,,hedge,,,,,mae,,,0.4307279621805851,0.20891521000028987,0.23159691445242508,0.0010287,,,1.0,24,,1,,,,window,15.0
,,,,,exp3,,,,,mae,,,0.7908983940592816,0.23271494281508603,0.3048950417144624,0.022249,,,,,0.1,1,,,,window,15.0
,,,,,fixed_share,,,,,mae,,,0.295504454408635,0.10078286706269464,0.12604846060986286,0.0012612,,,0.5,,,1,0.05,,,window,15.0
,,,,,passive_aggressive,,,,,mae,,,0.16914886291438477,0.05727567610560804,0.07179413969496565,0.0001558,,,,,,1,,1.0e12,0.1,window,15.0
NaN,0.7303436,0,0.1,cholesky,adaptive_ridge,1510,quadratic_stacked_beta,0.6388187,8.05860582487581e-15,mae,0.0915249,15,0.29890053453994525,0.10097554466001266,0.12814883261775953,,,,,,,2,,,,window,15.0
,9.89e-5,,0.01,,static_ridge,,,,,mae,,,0.2100257887555147,0.07209728228400382,0.09001700023182244,,,,,,,2,,,,window,15.0
,,,,,rls,,,,,mae,,,0.19611536866073895,0.06931787719731655,0.08563132795536331,0.0083159,0.995,0.1,,,,2,,,,window,15.0
,,,,,hedge,,,,,mae,,,0.2325767871638078,0.08206626116425177,0.10199789824837803,0.0009445,,,1.0,336,,2,,,,window,15.0
,,,,,exp3,,,,,mae,,,0.9505280170891917,0.35567350509184487,0.4286137026891908,0.0011514,,,,,0.1,2,,,,window,15.0
,,,,,fixed_share,,,,,mae,,,0.23293411830699065,0.08200120171268661,0.10182255953549592,0.0105348,,,0.01,,,2,0.005,,,window,15.0
,,,,,passive_aggressive,,,,,mae,,,0.2006189941742222,0.0698202177112568,0.08689477741264276,0.0001317,,,,,,2,,1.0e12,0.1,window,15.0
421870.68952925043,0.5345331,0,0.01,cholesky,adaptive_ridge,510,quadratic_stacked_beta,0.0490161,2.5346536174077774e-15,mae,0.485517,5,0.20206327394272855,0.055501157173514594,0.07455122763668248,,,,,,,17,,,,discrete_probability,0.2
,0.0001307,,0.0001,,static_ridge,,,,,mae,,,0.17953000811679945,0.04925074039219713,0.06628852815420846,,,,,,,17,,,,discrete_probability,0.2
,,,,,rls,,,,,mae,,,0.18085305958705689,0.0504823554250644,0.06736433735220891,0.0029238,0.995,1.0e-6,,,,17,,,,discrete_probability,0.2
,,,,,hedge,,,,,mae,,,0.3205900621291874,0.09385540280235971,0.12227343559601536,0.0009076,,,1.0,0,,17,,,,discrete_probability,0.2
,,,,,exp3,,,,,mae,,,0.6928340976760543,0.19597709811426248,0.25346338503121296,0.0067954,,,,,0.1,17,,,,discrete_probability,0.2
,,,,,fixed_share,,,,,mae,,,0.2857599981449628,0.08516795334356204,0.10892091773958745,0.0011208,,,0.05,,,17,0.01,,,discrete_probability,0.2
,,,,,passive_aggressive,,,,,mae,,,0.20268262618002938,0.05953183592825084,0.07741480904702375,0.0001458,,,,,,17,,1.0e12,0.1,discrete_probability,0.2
NaN,1.2209957999999999,0,0.1,cholesky,adaptive_ridge,1510,quadratic_stacked_beta,1.1335175,5.4813845814492044e-15,mae,0.0874783,15,0.2410344850947167,0.08505015688295241,0.10516129205566713,,,,,,,4,,,,window,15.0
,9.81e-5,,0.01,,static_ridge,,,,,mae,,,0.18305703403122844,0.06543343211117121,0.08124382655340028,,,,,,,4,,,,window,15.0
,,,,,rls,,,,,mae,,,0.1729215356026235,0.06225860870364822,0.07737202808024217,0.0091379,0.995,0.1,,,,4,,,,window,15.0
,,,,,hedge,,,,,mae,,,0.2385230617138908,0.08067992992718755,0.10109131965642709,0.0031857,,,1.0,24,,4,,,,window,15.0
,,,,,exp3,,,,,mae,,,0.8289061760135936,0.26746329550934855,0.33723060312691494,0.0015291,,,,,0.1,4,,,,window,15.0
,,,,,fixed_share,,,,,mae,,,0.20868528516558588,0.07227086856801361,0.09024922237212511,0.0225412,,,0.05,,,4,0.02,,,window,15.0
,,,,,passive_aggressive,,,,,mae,,,0.19400056838862428,0.06502214748457769,0.0821867458015513,0.0001426,,,,,,4,,1.0e12,0.1,window,15.0
NaN,0.6877181,0,0.01,cholesky,adaptive_ridge,1510,quadratic_stacked_beta,0.5966215,6.116098309574115e-15,mae,0.0910966,15,0.2523806910152632,0.08112563166264217,0.10379461341321015,,,,,,,5,,,,window,15.0
,8.85e-5,,0.001,,static_ridge,,,,,mae,,,0.13352419093998363,0.046419615380293204,0.05749563463856703,,,,,,,5,,,,window,15.0
,,,,,rls,,,,,mae,,,0.12241492103948587,0.043275525656496075,0.05385930552950398,0.0080929,0.995,0.1,,,,5,,,,window,15.0
,,,,,hedge,,,,,mae,,,0.21012839699201577,0.07083252059168027,0.0892032342414311,0.0408174,,,1.0,0,,5,,,,window,15.0
,,,,,exp3,,,,,mae,,,0.7074558695794627,0.19590837797204227,0.2554201626508102,0.0013214,,,,,0.1,5,,,,window,15.0
,,,,,fixed_share,,,,,mae,,,0.15795901866328493,0.05418480896035117,0.06809198555011022,0.0010262,,,0.05,,,5,0.01,,,window,15.0
,,,,,passive_aggressive,,,,,mae,,,0.1457077335073538,0.05110927625228515,0.06346723437578526,0.0001299,,,,,,5,,1.0e12,0.1,window,15.0
NaN,0.5800153,0,0.1,cholesky,adaptive_ridge,1510,quadratic_stacked_beta,0.4501136,5.3303432226183745e-15,mae,0.1299017,15,0.3905588144286407,0.13336648748566357,0.16653202896049835,,,,,,,6,,,,window,15.0
,9.84e-5,,0.01,,static_ridge,,,,,mae,,,0.3346328189095081,0.11986925923553192,0.14731230930230604,,,,,,,6,,,,window,15.0
,,,,,rls,,,,,mae,,,0.2749522364531735,0.09078327005414942,0.11561695524508236,0.0025567,0.98,1.0e-6,,,,6,,,,window,15.0
,,,,,hedge,,,,,mae,,,0.4171276018160625,0.15210507399872283,0.18645226073982002,0.0009401,,,1.0,24,,6,,,,window,15.0
,,,,,exp3,,,,,mae,,,1.0117406415014423,0.3813906986053922,0.4490017259647219,0.0009033,,,,,0.05,6,,,,window,15.0
,,,,,fixed_share,,,,,mae,,,0.4069023507918456,0.14141727454513034,0.17604787143958198,0.0007116,,,0.1,,,6,0.02,,,window,15.0
,,,,,passive_aggressive,,,,,mae,,,0.30947297684540936,0.09240504608121855,0.1204324651768481,0.0001736,,,,,,6,,1.0e12,0.1,window,15.0
NaN,0.8079436,0,0.1,cholesky,adaptive_ridge,1510,quadratic_stacked_beta,0.7220666,6.238769713422351e-15,mae,0.085877,15,0.2925598631455532,0.10376331361718832,0.1290804973253169,,,,,,,7,,,,window,15.0
,9.85e-5,,0.01,,static_ridge,,,,,mae,,,0.24441645204881973,0.07974548638667443,0.1013859908690247,,,,,,,7,,,,window,15.0
,,,,,rls,,,,,mae,,,0.23255223630273522,0.07718158146223414,0.09752879925351786,0.0332925,0.995,0.1,,,,7,,,,window,15.0
,,,,,hedge,,,,,mae,,,0.25903424778310635,0.08623560704456482,0.1091196847300239,0.0009026,,,1.0,0,,7,,,,window,15.0
,,,,,exp3,,,,,mae,,,0.8833715493329737,0.23978327376912048,0.32373410301323174,0.0011534,,,,,0.2,7,,,,window,15.0
,,,,,fixed_share,,,,,mae,,,0.2676274093787746,0.08530061831143365,0.10954731323658143,0.000987,,,0.05,,,7,0.01,,,window,15.0
,,,,,passive_aggressive,,,,,mae,,,0.24999738836282784,0.08023314108732583,0.1026978965525089,0.0001523,,,,,,7,,1.0e12,0.1,window,15.0
NaN,1.0780397,0,0.1,cholesky,adaptive_ridge,1510,quadratic_stacked_beta,0.8688536,4.339061077150755e-15,mae,0.2091861,15,0.2514811180838509,0.08431118157746041,0.10555566053721027,,,,,,,8,,,,window,15.0
,0.0001403,,0.0001,,static_ridge,,,,,mae,,,0.16978018478549545,0.0592871209228417,0.07387462220940716,,,,,,,8,,,,window,15.0
,,,,,rls,,,,,mae,,,0.16168619099894282,0.05696196859295,0.07045760356580263,0.0025792,0.995,0.1,,,,8,,,,window,15.0
,,,,,hedge,,,,,mae,,,0.26286878235167177,0.08510394630858409,0.10800235623183435,0.0018279,,,0.01,0,,8,,,,window,15.0
,,,,,exp3,,,,,mae,,,0.76889722818504,0.2849616839060336,0.3423490817485267,0.0014628,,,,,0.1,8,,,,window,15.0
,,,,,fixed_share,,,,,mae,,,0.2645811818256606,0.0857642041986232,0.10874927348719313,0.0022419,,,0.01,,,8,0.1,,,window,15.0
,,,,,passive_aggressive,,,,,mae,,,0.16353267554112516,0.05980948694704145,0.07364779938109432,0.0001584,,,,,,8,,1.0e12,0.1,window,15.0
NaN,1.4272676,0,0.1,cholesky,adaptive_ridge,1510,quadratic_stacked_beta,1.2558778,6.684721295016387e-15,mae,0.1713898,15,0.29541534181622464,0.10225400655755958,0.12914475802140013,,,,,,,9,,,,window,15.0
,9.09e-5,,0.1,,static_ridge,,,,,mae,,,0.24685814218139118,0.08863031180407924,0.10925350789467855,,,,,,,9,,,,window,15.0
,,,,,rls,,,,,mae,,,0.23933341236054306,0.083710269352733,0.10472581608704097,0.008703,0.995,0.1,,,,9,,,,window,15.0
,,,,,hedge,,,,,mae,,,0.288841800954302,0.09852788192090634,0.1238629034374165,0.0019266,,,0.01,0,,9,,,,window,15.0
,,,,,exp3,,,,,mae,,,0.9318536075667341,0.29527234168809807,0.3762183427451998,0.0013966,,,,,0.1,9,,,,window,15.0
,,,,,fixed_share,,,,,mae,,,0.28955300437239445,0.09873539499906052,0.12413873052540629,0.0010748,,,0.01,,,9,0.1,,,window,15.0
,,,,,passive_aggressive,,,,,mae,,,0.25291235107781185,0.08382410736961511,0.10643784980109691,0.000144,,,,,,9,,1.0e12,0.1,window,15.0
5241.257720984789,0.015099600000000001,0,0.1,cholesky,adaptive_ridge,210,quadratic_stacked_beta,0.0101253,1.3489695034845755e-15,mae,0.0049743,2,0.23696464812537946,0.08219515382981343,0.10381585249520671,,,,,,,7,,,,window,2.0
,9.52e-5,,0.01,,static_ridge,,,,,mae,,,0.24441645204881973,0.07974548638667443,0.1013859908690247,,,,,,,7,,,,window,2.0
,,,,,rls,,,,,mae,,,0.23255223630273522,0.07718158146223414,0.09752879925351786,0.0028311,0.995,0.1,,,,7,,,,window,2.0
,,,,,hedge,,,,,mae,,,0.25903424778310635,0.08623560704456482,0.1091196847300239,0.0008084,,,1.0,0,,7,,,,window,2.0
,,,,,exp3,,,,,mae,,,0.8833715493329737,0.23978327376912048,0.32373410301323174,0.0019048,,,,,0.2,7,,,,window,2.0
,,,,,fixed_share,,,,,mae,,,0.2676274093787746,0.08530061831143365,0.10954731323658143,0.0011117,,,0.05,,,7,0.01,,,window,2.0
,,,,,passive_aggressive,,,,,mae,,,0.24999738836282784,0.08023314108732583,0.1026978965525089,0.0001898,,,,,,7,,1.0e12,0.1,window,2.0
NaN,0.6710499999999999,0,0.1,cholesky,adaptive_ridge,1510,quadratic_stacked_beta,0.5485933,6.7141104580800455e-15,mae,0.1224567,15,0.3012505382167921,0.10534220408403928,0.1321557265796186,,,,,,,11,,,,window,15.0
,0.0001092,,0.01,,static_ridge,,,,,mae,,,0.22179972152720018,0.07584814551518011,0.09513799194951793,,,,,,,11,,,,window,15.0
,,,,,rls,,,,,mae,,,0.21706248278219722,0.07409498927407977,0.09209859963069383,0.008388,0.995,0.1,,,,11,,,,window,15.0
,,,,,hedge,,,,,mae,,,0.3172762812291652,0.11983066643548644,0.1449290843835479,0.0019675,,,1.0,24,,11,,,,window,15.0
,,,,,exp3,,,,,mae,,,0.8344603672880428,0.2580128306461405,0.3344231054975238,0.001234,,,,,0.2,11,,,,window,15.0
,,,,,fixed_share,,,,,mae,,,0.2711115467957225,0.09471995024478096,0.11796928867013975,0.0009549,,,0.05,,,11,0.005,,,window,15.0
,,,,,passive_aggressive,,,,,mae,,,0.22336798531994398,0.07519407805238026,0.0944012119479718,0.0001777,,,,,,11,,1.0e12,0.1,window,15.0
NaN,1.8500345,0,0.1,cholesky,adaptive_ridge,1510,quadratic_stacked_beta,1.3776081,6.323414547927709e-15,mae,0.4724264,15,0.2621667877574255,0.08736616908986719,0.11115008357179765,,,,,,,12,,,,window,15.0
,0.0001996,,0.01,,static_ridge,,,,,mae,,,0.21671530508095807,0.07138324682916589,0.09071315633149855,,,,,,,12,,,,window,15.0
,,,,,rls,,,,,mae,,,0.20421209266027376,0.06734019818809256,0.08546526565698051,0.0065846,0.995,1.0e-6,,,,12,,,,window,15.0
,,,,,hedge,,,,,mae,,,0.24582880098873303,0.08267691313891103,0.10352083724782639,0.0008649,,,1.0,0,,12,,,,window,15.0
,,,,,exp3,,,,,mae,,,0.8092378059534241,0.2769088012765567,0.3417995045249321,0.0017411,,,,,0.1,12,,,,window,15.0
,,,,,fixed_share,,,,,mae,,,0.24608961497148404,0.08319969738838509,0.10433341669149158,0.0023568,,,0.01,,,12,0.01,,,window,15.0
,,,,,passive_aggressive,,,,,mae,,,0.22021390973183366,0.07003131957763856,0.09032169721498938,0.0001445,,,,,,12,,1.0e12,0.1,window,15.0
NaN,0.6441385000000001,0,0.1,cholesky,adaptive_ridge,1510,quadratic_stacked_beta,0.5520753,5.311455873221681e-15,mae,0.0920632,15,0.28515336130442215,0.09367158585361582,0.11965088970016015,,,,,,,13,,,,window,15.0
,0.0001126,,0.0001,,static_ridge,,,,,mae,,,0.18667628268759034,0.06338787683949348,0.07980283813172784,,,,,,,13,,,,window,15.0
,,,,,rls,,,,,mae,,,0.17613808726395244,0.058221131057297044,0.07321858826997549,0.0093686,0.995,0.1,,,,13,,,,window,15.0
,,,,,hedge,,,,,mae,,,0.28588177046817415,0.10170751134480117,0.1260016775165405,0.0023897,,,0.25,0,,13,,,,window,15.0
,,,,,exp3,,,,,mae,,,0.9307446789179007,0.3126769206547629,0.38806013267928635,0.0011391,,,,,0.2,13,,,,window,15.0
,,,,,fixed_share,,,,,mae,,,0.25786156962447343,0.08820893907846783,0.11063189594400613,0.0010493,,,0.25,,,13,0.05,,,window,15.0
,,,,,passive_aggressive,,,,,mae,,,0.192698934820903,0.06057322042600924,0.07774559022940673,0.0001574,,,,,,13,,1.0e12,0.1,window,15.0
NaN,1.4492564000000001,0,0.1,cholesky,adaptive_ridge,1510,quadratic_stacked_beta,1.3566384,4.188834230708024e-15,mae,0.092618,15,0.4142131383969796,0.13925037172869378,0.17458915656248775,,,,,,,14,,,,window,15.0
,9.83e-5,,0.1,,static_ridge,,,,,mae,,,0.3151390344486258,0.10743064353420866,0.13504629192348533,,,,,,,14,,,,window,15.0
,,,,,rls,,,,,mae,,,0.3001260397225624,0.09652742617389634,0.12305286414579988,0.0026273,0.98,0.01,,,,14,,,,window,15.0
,,,,,hedge,,,,,mae,,,0.335036926790658,0.11772632025847649,0.14584185144122094,0.0027948,,,1.0,72,,14,,,,window,15.0
,,,,,exp3,,,,,mae,,,0.9228494869259469,0.2275729672957513,0.3163925566732033,0.0020336,,,,,0.2,14,,,,window,15.0
,,,,,fixed_share,,,,,mae,,,0.2993919287794196,0.10289463746951628,0.12839187332205462,0.0021041,,,0.05,,,14,0.01,,,window,15.0
,,,,,passive_aggressive,,,,,mae,,,0.3366230021549635,0.10310403572285196,0.13293391528743337,0.0001886,,,,,,14,,1.0e12,0.1,window,15.0
NaN,2.2229484,0,0.1,cholesky,adaptive_ridge,1510,quadratic_stacked_beta,0.921117,6.988450594834203e-15,mae,1.3018314,15,0.3964576025150561,0.13740172912508947,0.17180103607128677,,,,,,,15,,,,window,15.0
,9.35e-5,,0.1,,static_ridge,,,,,mae,,,0.31303725690084405,0.10772692316768001,0.1348884311760078,,,,,,,15,,,,window,15.0
,,,,,rls,,,,,mae,,,0.3148394860335894,0.09974049279027619,0.12879382895082697,0.1640042,0.95,0.01,,,,15,,,,window,15.0
,,,,,hedge,,,,,mae,,,0.4255159634203406,0.18080769915445807,0.21109590813058013,0.0014602,,,1.0,24,,15,,,,window,15.0
,,,,,exp3,,,,,mae,,,1.0978966581586453,0.3343099866540617,0.43811446511464497,0.0017395,,,,,0.1,15,,,,window,15.0
,,,,,fixed_share,,,,,mae,,,0.3593057437343983,0.12279202485287447,0.1541451558374481,0.0009812,,,0.05,,,15,0.005,,,window,15.0
,,,,,passive_aggressive,,,,,mae,,,0.3748415140106583,0.10711275067408464,0.1418877678739849,0.0001705,,,,,,15,,1.0e12,0.1,window,15.0
NaN,0.6586565,0,0.1,cholesky,adaptive_ridge,1510,quadratic_stacked_beta,0.5320749,5.844946296417499e-15,mae,0.1265816,15,0.2589232994118739,0.08829153916035712,0.11018807134495472,,,,,,,16,,,,window,15.0
,0.0001012,,0.01,,static_ridge,,,,,mae,,,0.20238946528403645,0.06986104758963516,0.08782060879245342,,,,,,,16,,,,window,15.0
,,,,,rls,,,,,mae,,,0.19163869834879216,0.06650715406389777,0.083214369035415,0.0023684,0.995,0.1,,,,16,,,,window,15.0
,,,,,hedge,,,,,mae,,,0.2510100650640427,0.09037314728342898,0.11191619369857118,0.0007631,,,0.01,0,,16,,,,window,15.0
,,,,,exp3,,,,,mae,,,0.8155003526292581,0.20922798777648652,0.28700371103388994,0.0020058,,,,,0.2,16,,,,window,15.0
,,,,,fixed_share,,,,,mae,,,0.25154523814667457,0.09074361095908116,0.11230483266476417,0.0022151,,,0.01,,,16,0.1,,,window,15.0
,,,,,passive_aggressive,,,,,mae,,,0.20843429625400234,0.07066696136115179,0.08848908271557283,0.0001652,,,,,,16,,1.0e12,0.1,window,15.0
NaN,0.909986,0,0.1,cholesky,adaptive_ridge,1510,quadratic_stacked_beta,0.5513801,5.233172831271156e-15,mae,0.3586059,15,0.2578788584673811,0.08508304287748016,0.10737427157060897,,,,,,,17,,,,window,15.0
,0.0001014,,0.01,,static_ridge,,,,,mae,,,0.19418457572636671,0.0650389653727623,0.081920407996403,,,,,,,17,,,,window,15.0
,,,,,rls,,,,,mae,,,0.18164630561458048,0.0600435607693447,0.07570163391033578,0.0097725,0.995,1.0e-6,,,,17,,,,window,15.0
,,,,,hedge,,,,,mae,,,0.2924405506260153,0.11525346206150283,0.13846934760150642,0.0010123,,,1.0,24,,17,,,,window,15.0
,,,,,exp3,,,,,mae,,,0.7408118967082299,0.26644811608774305,0.3203864941492506,0.0019702,,,,,0.1,17,,,,window,15.0
,,,,,fixed_share,,,,,mae,,,0.22830489682334906,0.08085728779276558,0.1009110794332172,0.0025153,,,0.1,,,17,0.02,,,window,15.0
,,,,,passive_aggressive,,,,,mae,,,0.18451109965284992,0.06410028452744024,0.08015877443461288,0.0002333,,,,,,17,,1.0e12,0.1,window,15.0
NaN,0.8215379,0,0.1,cholesky,adaptive_ridge,1510,quadratic_stacked_beta,0.658736,6.708735731215629e-15,mae,0.1628019,15,0.2815239201292445,0.09099911118014982,0.11502144620496944,,,,,,,18,,,,window,15.0
,7.69e-5,,0.001,,static_ridge,,,,,mae,,,0.16068397902110285,0.0573097906294586,0.07076773934452542,,,,,,,18,,,,window,15.0
,,,,,rls,,,,,mae,,,0.15719326372217407,0.055833329452598016,0.06874819376740263,0.0090798,0.995,0.1,,,,18,,,,window,15.0
,,,,,hedge,,,,,mae,,,0.25827084887026985,0.08255872221060993,0.10563516299483415,0.0018262,,,1.0,0,,18,,,,window,15.0
,,,,,exp3,,,,,mae,,,0.9145624474650051,0.28996112552596676,0.3522986716711297,0.0019299,,,,,0.2,18,,,,window,15.0
,,,,,fixed_share,,,,,mae,,,0.2664720371915227,0.08377577808384701,0.10776549323128937,0.0023782,,,0.01,,,18,0.005,,,window,15.0
,,,,,passive_aggressive,,,,,mae,,,0.16489997923768493,0.0558884963894822,0.07040953786463947,0.0002502,,,,,,18,,1.0e12,0.1,window,15.0
NaN,0.9807973,0,0.1,cholesky,adaptive_ridge,1510,quadratic_stacked_beta,0.3873894,3.84034476341823e-15,mae,0.5934079,15,0.3039422158316233,0.11081399716891097,0.13598711652958645,,,,,,,19,,,,window,15.0
,0.0001006,,0.01,,static_ridge,,,,,mae,,,0.26534766012922967,0.10126856458013526,0.12239244462639493,,,,,,,19,,,,window,15.0
,,,,,rls,,,,,mae,,,0.21886395503825823,0.07493456154033827,0.09341459610425004,0.0079087,0.98,0.0001,,,,19,,,,window,15.0
,,,,,hedge,,,,,mae,,,0.29180832784632715,0.1043936702296371,0.12911186123306106,0.00103,,,1.0,72,,19,,,,window,15.0
,,,,,exp3,,,,,mae,,,0.7674600410470833,0.24793667291327107,0.31018421210545194,0.002667,,,,,0.1,19,,,,window,15.0
,,,,,fixed_share,,,,,mae,,,0.28762800975529773,0.10416942692896325,0.12857925832281553,0.0023881,,,0.05,,,19,0.02,,,window,15.0
,,,,,passive_aggressive,,,,,mae,,,0.23001543063610932,0.07675541786056898,0.09701991404014175,0.0002511,,,,,,19,,1.0e12,0.1,window,15.0
NaN,1.8126358,0,0.01,cholesky,adaptive_ridge,1510,quadratic_stacked_beta,1.7171844,4.566419388071406e-15,mae,0.0954514,15,0.2778444731024376,0.09308141228431886,0.11726054028979298,,,,,,,20,,,,window,15.0
,0.0002713,,0.0001,,static_ridge,,,,,mae,,,0.14149777279209658,0.0470079238804436,0.05990350596575299,,,,,,,20,,,,window,15.0
,,,,,rls,,,,,mae,,,0.13561045841667518,0.044336680046807436,0.05633544910209395,0.007504,0.995,1.0e-6,,,,20,,,,window,15.0
,,,,,hedge,,,,,mae,,,0.28915085573729316,0.09925256388715235,0.12391859426202931,0.0008751,,,0.01,0,,20,,,,window,15.0
,,,,,exp3,,,,,mae,,,0.8417903042029303,0.2540509181622264,0.33122307098034304,0.0018284,,,,,0.2,20,,,,window,15.0
,,,,,fixed_share,,,,,mae,,,0.2833082059260935,0.09796223985436557,0.12225135585638076,0.0013039,,,0.01,,,20,0.005,,,window,15.0
,,,,,passive_aggressive,,,,,mae,,,0.15025830471604465,0.05198254278791295,0.06512898954742202,0.0001378,,,,,,20,,1.0e12,0.1,window,15.0
NaN,0.8224677,0,0.1,cholesky,adaptive_ridge,1510,quadratic_stacked_beta,0.5532987,5.812701938953077e-15,mae,0.269169,15,0.2479192641487738,0.08475430352913581,0.10611255025208989,,,,,,,21,,,,window,15.0
,0.0001259,,0.0001,,static_ridge,,,,,mae,,,0.22006645850020043,0.07397134347065264,0.093070455874823,,,,,,,21,,,,window,15.0
,,,,,rls,,,,,mae,,,0.17049791173541262,0.05829012432620005,0.07330329115774767,0.0084026,0.995,1.0e-6,,,,21,,,,window,15.0
,,,,,hedge,,,,,mae,,,0.200778141420455,0.06797604142618312,0.08544396783474428,0.0008735,,,0.5,0,,21,,,,window,15.0
,,,,,exp3,,,,,mae,,,0.7560201215308655,0.2623200913681688,0.32283561029559,0.0011486,,,,,0.05,21,,,,window,15.0
,,,,,fixed_share,,,,,mae,,,0.20110597030467983,0.0683552754108625,0.08576925688579996,0.0019468,,,0.01,,,21,0.02,,,window,15.0
,,,,,passive_aggressive,,,,,mae,,,0.18133556051412075,0.05915228753680813,0.07545182850034231,0.0001452,,,,,,21,,1.0e12,0.1,window,15.0
NaN,0.6730613,0,0.1,cholesky,adaptive_ridge,1510,quadratic_stacked_beta,0.4989261,3.641627405143357e-15,mae,0.1741352,15,0.23564640514738322,0.07635336318261386,0.09744301666181979,,,,,,,22,,,,window,15.0
,0.0001136,,0.001,,static_ridge,,,,,mae,,,0.15043940743128142,0.050165644857245645,0.06364274867681778,,,,,,,22,,,,window,15.0
,,,,,rls,,,,,mae,,,0.1412675034167916,0.045834931666762016,0.05834524522931382,0.0026251,0.995,0.1,,,,22,,,,window,15.0
,,,,,hedge,,,,,mae,,,0.2332351059166917,0.07447481130830606,0.09504167443725695,0.0034469,,,1.0,24,,22,,,,window,15.0
,,,,,exp3,,,,,mae,,,0.6269275992752393,0.18674325353258253,0.23732061152733588,0.0031057,,,,,0.1,22,,,,window,15.0
,,,,,fixed_share,,,,,mae,,,0.15924061294845987,0.053260898678787714,0.06687903934041661,0.0010385,,,0.05,,,22,0.005,,,window,15.0
,,,,,passive_aggressive,,,,,mae,,,0.1621822476648967,0.052435709265390304,0.06692965918633732,0.0001375,,,,,,22,,1.0e12,0.1,window,15.0
NaN,1.0286946,0,0.01,cholesky,adaptive_ridge,1510,quadratic_stacked_beta,0.8362527,7.0337918180287896e-15,mae,0.1924419,15,0.21826379698584547,0.07504804296924786,0.0940078236330849,,,,,,,23,,,,window,15.0
,0.0001827,,0.0001,,static_ridge,,,,,mae,,,0.13614353134305593,0.046065826707790754,0.05833732855624639,,,,,,,23,,,,window,15.0
,,,,,rls,,,,,mae,,,0.11858578055651885,0.04162985358100308,0.052140104766592386,0.0027045,0.995,0.1,,,,23,,,,window,15.0
,,,,,hedge,,,,,mae,,,0.31210919901770534,0.11045273623738251,0.13717011327014642,0.0021856,,,1.0,336,,23,,,,window,15.0
,,,,,exp3,,,,,mae,,,0.8310342531568655,0.21685322793651535,0.2968714409416686,0.0017951,,,,,0.1,23,,,,window,15.0
,,,,,fixed_share,,,,,mae,,,0.2255477917789984,0.07674493610754608,0.09583140190579428,0.0022098,,,0.5,,,23,0.05,,,window,15.0
,,,,,passive_aggressive,,,,,mae,,,0.13161355516710196,0.046859782743096996,0.05817780746205533,0.0001197,,,,,,23,,1.0e12,0.1,window,15.0
NaN,1.0135372,0,0.01,cholesky,adaptive_ridge,1510,quadratic_stacked_beta,0.6302824,6.497942562339039e-15,mae,0.3832548,15,0.26951278081434693,0.08902561148779328,0.11310116981090147,,,,,,,24,,,,window,15.0
,0.0001479,,0.0001,,static_ridge,,,,,mae,,,0.2444183757454849,0.08346178180225888,0.10469644938954174,,,,,,,24,,,,window,15.0
,,,,,rls,,,,,mae,,,0.1793414262228641,0.057785278362323556,0.07355181928457905,0.0025093,0.99,0.1,,,,24,,,,window,15.0
,,,,,hedge,,,,,mae,,,0.2305220311093008,0.07818528106421761,0.09781633570902776,0.0007521,,,1.0,0,,24,,,,window,15.0
,,,,,exp3,,,,,mae,,,0.8344758980129316,0.24931521531515263,0.3218763579398014,0.0011139,,,,,0.2,24,,,,window,15.0
,,,,,fixed_share,,,,,mae,,,0.20678744452683476,0.06821815247396396,0.08649559434339776,0.0009572,,,0.05,,,24,0.01,,,window,15.0
,,,,,passive_aggressive,,,,,mae,,,0.20258844091993858,0.06355784911743875,0.08139266025414871,0.0001489,,,,,,24,,1.0e12,0.1,window,15.0
NaN,0.8048551,0,0.1,cholesky,adaptive_ridge,1510,quadratic_stacked_beta,0.6785579,3.828821987259505e-15,mae,0.1262972,15,0.28847514478427705,0.09922192085125067,0.12381650396806927,,,,,,,25,,,,window,15.0
,9.08e-5,,0.1,,static_ridge,,,,,mae,,,0.24943249381964105,0.08477079337441486,0.10651832708535056,,,,,,,25,,,,window,15.0
,,,,,rls,,,,,mae,,,0.22329541076828907,0.07151996318704264,0.09099755675928148,0.0093067,0.95,0.1,,,,25,,,,window,15.0
,,,,,hedge,,,,,mae,,,0.33791176266136674,0.16132600545016296,0.18145549256056784,0.0010371,,,1.0,336,,25,,,,window,15.0
,,,,,exp3,,,,,mae,,,0.777512071405914,0.31267711233439344,0.3641066390604588,0.0011228,,,,,0.05,25,,,,window,15.0
,,,,,fixed_share,,,,,mae,,,0.2996324919314596,0.13052228316411082,0.15032849436853354,0.0009487,,,0.1,,,25,0.01,,,window,15.0
,,,,,passive_aggressive,,,,,mae,,,0.25714058725810846,0.08071874564943428,0.10312815420317549,0.0001573,,,,,,25,,1.0e12,0.1,window,15.0
NaN,1.565049,0,0.1,cholesky,adaptive_ridge,1510,quadratic_stacked_beta,1.2263908,5.732315966444737e-15,mae,0.3386582,15,0.26825261956632424,0.09075672513043116,0.11385192921069584,,,,,,,26,,,,window,15.0
,0.0001376,,0.001,,static_ridge,,,,,mae,,,0.2404395276456878,0.0807393207115924,0.10278161168260401,,,,,,,26,,,,window,15.0
,,,,,rls,,,,,mae,,,0.22773093195962754,0.07664165605608296,0.09653090476802395,0.0029953,0.98,1.0e-6,,,,26,,,,window,15.0
,,,,,hedge,,,,,mae,,,0.37784248030154294,0.1803340278700402,0.20255334144725795,0.0019944,,,1.0,24,,26,,,,window,15.0
,,,,,exp3,,,,,mae,,,0.8949448514732319,0.2870729359820149,0.36372795185952495,0.0015344,,,,,0.2,26,,,,window,15.0
,,,,,fixed_share,,,,,mae,,,0.3732056089645716,0.15606138235833444,0.18204656694191687,0.0018514,,,0.25,,,26,0.05,,,window,15.0
,,,,,passive_aggressive,,,,,mae,,,0.23183673269509025,0.07932901606148537,0.09952918039031548,0.0001427,,,,,,26,,1.0e12,0.1,window,15.0
NaN,1.1793202,0,0.01,cholesky,adaptive_ridge,1510,quadratic_stacked_beta,0.9632448,6.123143368446515e-15,mae,0.2160754,15,0.2457971331791526,0.08079188508041468,0.10251862618314513,,,,,,,27,,,,window,15.0
,0.0001137,,0.001,,static_ridge,,,,,mae,,,0.15888478659533234,0.05402812961670505,0.06792924084655108,,,,,,,27,,,,window,15.0
,,,,,rls,,,,,mae,,,0.14200288330226377,0.04637602675919656,0.05869343847493325,0.0208099,0.995,1.0e-6,,,,27,,,,window,15.0
,,,,,hedge,,,,,mae,,,0.23573400986059226,0.08220138339795655,0.10253827232148054,0.0008314,,,1.0,0,,27,,,,window,15.0
,,,,,exp3,,,,,mae,,,0.6769125378222351,0.14542208371815266,0.21736488495946207,0.0009708,,,,,0.1,27,,,,window,15.0
,,,,,fixed_share,,,,,mae,,,0.20468200325618316,0.06968625041940894,0.08734926163389616,0.0009878,,,0.5,,,27,0.05,,,window,15.0
,,,,,passive_aggressive,,,,,mae,,,0.15917412066982173,0.05189963085315309,0.06560357371746672,0.0001345,,,,,,27,,1.0e12,0.1,window,15.0
NaN,1.6088421,0,0.1,cholesky,adaptive_ridge,1510,quadratic_stacked_beta,0.6482607,4.114798914635827e-15,mae,0.9605814,15,0.25345918410012264,0.09102428902979105,0.11280711089118708,,,,,,,28,,,,window,15.0
,0.0001205,,0.001,,static_ridge,,,,,mae,,,0.18275108118572753,0.06146122435603038,0.0773759269686257,,,,,,,28,,,,window,15.0
,,,,,rls,,,,,mae,,,0.17494597829698588,0.06023366427678969,0.07539201212169529,0.0095652,0.995,1.0e-6,,,,28,,,,window,15.0
,,,,,hedge,,,,,mae,,,0.27452580462763815,0.09694977929358464,0.12033778300914431,0.0023912,,,1.0,72,,28,,,,window,15.0
,,,,,exp3,,,,,mae,,,0.719103567276871,0.15254914890228582,0.23060347882350973,0.001881,,,,,0.1,28,,,,window,15.0
,,,,,fixed_share,,,,,mae,,,0.1782373331976065,0.06128062849794099,0.07680396146557647,0.0011358,,,0.05,,,28,0.005,,,window,15.0
,,,,,passive_aggressive,,,,,mae,,,0.1962733665340126,0.06441985843083274,0.08149524826081454,0.0001582,,,,,,28,,1.0e12,0.1,window,15.0
NaN,1.1682184,0,0.1,cholesky,adaptive_ridge,1510,quadratic_stacked_beta,0.7622616,6.795211007791673e-15,mae,0.4059568,15,0.2621316983253845,0.08705332186894486,0.10996489518513408,,,,,,,29,,,,window,15.0
,8.65e-5,,0.01,,static_ridge,,,,,mae,,,0.21039160406011972,0.07087168036267005,0.08867761186341253,,,,,,,29,,,,window,15.0
,,,,,rls,,,,,mae,,,0.18377641063280492,0.0651680074963615,0.0809751658970706,0.0087921,0.995,0.1,,,,29,,,,window,15.0
,,,,,hedge,,,,,mae,,,0.24170951365306714,0.07992233432066836,0.1005405374914922,0.0022393,,,1.0,336,,29,,,,window,15.0
,,,,,exp3,,,,,mae,,,0.8884256116870018,0.23702350799251404,0.3193536980361755,0.0017621,,,,,0.2,29,,,,window,15.0
,,,,,fixed_share,,,,,mae,,,0.24145933330758967,0.0802765633636932,0.10094861757775263,0.0019283,,,0.01,,,29,0.005,,,window,15.0
,,,,,passive_aggressive,,,,,mae,,,0.18833004734820932,0.06645737964517044,0.08238907943381177,0.0001441,,,,,,29,,1.0e12,0.1,window,15.0
NaN,1.1113994,0,0.1,cholesky,adaptive_ridge,1510,quadratic_stacked_beta,0.8480468,4.544183230719843e-15,mae,0.2633526,15,0.291347632161052,0.09612874448018892,0.12166860354335456,,,,,,,30,,,,window,15.0
,0.0001072,,0.01,,static_ridge,,,,,mae,,,0.2681237104440177,0.10628204496691289,0.12676033278317406,,,,,,,30,,,,window,15.0
,,,,,rls,,,,,mae,,,0.21102284428226006,0.07005991849092323,0.08817235866109359,0.0026249,0.99,0.1,,,,30,,,,window,15.0
,,,,,hedge,,,,,mae,,,0.37509058862910344,0.14851555960774304,0.17597804187519556,0.0019033,,,1.0,24,,30,,,,window,15.0
,,,,,exp3,,,,,mae,,,0.948794377398713,0.30448921833012443,0.3888515652638487,0.001722,,,,,0.2,30,,,,window,15.0
,,,,,fixed_share,,,,,mae,,,0.29664845772342396,0.10149275654737028,0.12724015325754134,0.0009418,,,0.1,,,30,0.02,,,window,15.0
,,,,,passive_aggressive,,,,,mae,,,0.223203652645055,0.07404637491807081,0.09352867953661068,0.0001629,,,,,,30,,1.0e12,0.1,window,15.0
NaN,1.5114815000000001,0,0.1,cholesky,adaptive_ridge,2010,quadratic_stacked_beta,1.1118117,7.770630608341901e-15,mae,0.3996698,20,0.29707190696342467,0.09277923432748428,0.11929211199825754,,,,,,,1,,,,window,20.0
,9.72e-5,,0.001,,static_ridge,,,,,mae,,,0.18487866729418628,0.06230194016323979,0.07848348396917905,,,,,,,1,,,,window,20.0
,,,,,rls,,,,,mae,,,0.16150723590550217,0.05263884915064551,0.06669031759701369,0.0084033,0.995,0.1,,,,1,,,,window,20.0
,,,,,hedge,,,,,mae,,,0.4307279621805851,0.20891521000028987,0.23159691445242508,0.0009897,,,1.0,24,,1,,,,window,20.0
,,,,,exp3,,,,,mae,,,0.7908983940592816,0.23271494281508603,0.3048950417144624,0.0010838,,,,,0.1,1,,,,window,20.0
,,,,,fixed_share,,,,,mae,,,0.295504454408635,0.10078286706269464,0.12604846060986286,0.0020917,,,0.5,,,1,0.05,,,window,20.0
,,,,,passive_aggressive,,,,,mae,,,0.16914886291438477,0.05727567610560804,0.07179413969496565,0.0001454,,,,,,1,,1.0e12,0.1,window,20.0
NaN,1.4508863,0,0.1,cholesky,adaptive_ridge,2010,quadratic_stacked_beta,1.0376523,1.0121233758544306e-14,mae,0.413234,20,0.3218466659040872,0.10888292188713103,0.13726362864275146,,,,,,,2,,,,window,20.0
,9.93e-5,,0.01,,static_ridge,,,,,mae,,,0.2100257887555147,0.07209728228400382,0.09001700023182244,,,,,,,2,,,,window,20.0
,,,,,rls,,,,,mae,,,0.19611536866073895,0.06931787719731655,0.08563132795536331,0.007242,0.995,0.1,,,,2,,,,window,20.0
,,,,,hedge,,,,,mae,,,0.2325767871638078,0.08206626116425177,0.10199789824837803,0.0020832,,,1.0,336,,2,,,,window,20.0
,,,,,exp3,,,,,mae,,,0.9505280170891917,0.35567350509184487,0.4286137026891908,0.0019563,,,,,0.1,2,,,,window,20.0
,,,,,fixed_share,,,,,mae,,,0.23293411830699065,0.08200120171268661,0.10182255953549592,0.0020453,,,0.01,,,2,0.005,,,window,20.0
,,,,,passive_aggressive,,,,,mae,,,0.2006189941742222,0.0698202177112568,0.08689477741264276,0.0001472,,,,,,2,,1.0e12,0.1,window,20.0
NaN,1.4078168,0,0.1,cholesky,adaptive_ridge,2010,quadratic_stacked_beta,1.1696217,7.67343539773794e-15,mae,0.2381951,20,0.28683159096735766,0.09712165207010137,0.12319010075427275,,,,,,,3,,,,window,20.0
,8.89e-5,,0.01,,static_ridge,,,,,mae,,,0.2231958700154279,0.08118172814322659,0.09882080431987289,,,,,,,3,,,,window,20.0
,,,,,rls,,,,,mae,,,0.1381771301368853,0.04676836314931355,0.058697955978291076,0.0028431,0.99,0.1,,,,3,,,,window,20.0
,,,,,hedge,,,,,mae,,,0.293231572724992,0.1100002579896433,0.13315400513906242,0.0011078,,,1.0,24,,3,,,,window,20.0
,,,,,exp3,,,,,mae,,,0.8896375353722753,0.18061310755241325,0.28450686874233655,0.0204215,,,,,0.2,3,,,,window,20.0
,,,,,fixed_share,,,,,mae,,,0.1476085701948021,0.049414407408463895,0.061933394752123935,0.0010708,,,0.1,,,3,0.005,,,window,20.0
,,,,,passive_aggressive,,,,,mae,,,0.16919393129420768,0.05782950161686671,0.07242580500410513,0.0001401,,,,,,3,,1.0e12,0.1,window,20.0
NaN,1.0608907,0,0.1,cholesky,adaptive_ridge,2010,quadratic_stacked_beta,0.8010642,7.243706118721882e-15,mae,0.2598265,20,0.2570327979423449,0.0891984684692782,0.11074609569583722,,,,,,,4,,,,window,20.0
,9.4e-5,,0.01,,static_ridge,,,,,mae,,,0.18305703403122844,0.06543343211117121,0.08124382655340028,,,,,,,4,,,,window,20.0
,,,,,rls,,,,,mae,,,0.1729215356026235,0.06225860870364822,0.07737202808024217,0.0025709,0.995,0.1,,,,4,,,,window,20.0
,,,,,hedge,,,,,mae,,,0.2385230617138908,0.08067992992718755,0.10109131965642709,0.0010302,,,1.0,24,,4,,,,window,20.0
,,,,,exp3,,,,,mae,,,0.8289061760135936,0.26746329550934855,0.33723060312691494,0.001157,,,,,0.1,4,,,,window,20.0
,,,,,fixed_share,,,,,mae,,,0.20868528516558588,0.07227086856801361,0.09024922237212511,0.0010506,,,0.05,,,4,0.02,,,window,20.0
,,,,,passive_aggressive,,,,,mae,,,0.19400056838862428,0.06502214748457769,0.0821867458015513,0.0001427,,,,,,4,,1.0e12,0.1,window,20.0
NaN,1.7158,0,0.1,cholesky,adaptive_ridge,2010,quadratic_stacked_beta,1.0492953,7.669987673515104e-15,mae,0.6665047,20,0.2701369779188523,0.09161701242166415,0.11492550525736253,,,,,,,5,,,,window,20.0
,0.0001053,,0.001,,static_ridge,,,,,mae,,,0.13352419093998363,0.046419615380293204,0.05749563463856703,,,,,,,5,,,,window,20.0
,,,,,rls,,,,,mae,,,0.12241492103948587,0.043275525656496075,0.05385930552950398,0.0027606,0.995,0.1,,,,5,,,,window,20.0
,,,,,hedge,,,,,mae,,,0.21012839699201577,0.07083252059168027,0.0892032342414311,0.0407027,,,1.0,0,,5,,,,window,20.0
,,,,,exp3,,,,,mae,,,0.7074558695794627,0.19590837797204227,0.2554201626508102,0.001167,,,,,0.1,5,,,,window,20.0
,,,,,fixed_share,,,,,mae,,,0.15795901866328493,0.05418480896035117,0.06809198555011022,0.0010429,,,0.05,,,5,0.01,,,window,20.0
,,,,,passive_aggressive,,,,,mae,,,0.1457077335073538,0.05110927625228515,0.06346723437578526,0.0002351,,,,,,5,,1.0e12,0.1,window,20.0
NaN,1.2049140999999999,0,0.1,cholesky,adaptive_ridge,2010,quadratic_stacked_beta,0.8800466,6.391761186461629e-15,mae,0.3248675,20,0.42177079906081405,0.14283022201885986,0.17903576091376208,,,,,,,6,,,,window,20.0
,0.0001051,,0.01,,static_ridge,,,,,mae,,,0.3346328189095081,0.11986925923553192,0.14731230930230604,,,,,,,6,,,,window,20.0
,,,,,rls,,,,,mae,,,0.2749522364531735,0.09078327005414942,0.11561695524508236,0.1874613,0.98,1.0e-6,,,,6,,,,window,20.0
,,,,,hedge,,,,,mae,,,0.4171276018160625,0.15210507399872283,0.18645226073982002,0.0009217,,,1.0,24,,6,,,,window,20.0
,,,,,exp3,,,,,mae,,,1.0117406415014423,0.3813906986053922,0.4490017259647219,0.0009334,,,,,0.05,6,,,,window,20.0
,,,,,fixed_share,,,,,mae,,,0.4069023507918456,0.14141727454513034,0.17604787143958198,0.0007916,,,0.1,,,6,0.02,,,window,20.0
,,,,,passive_aggressive,,,,,mae,,,0.30947297684540936,0.09240504608121855,0.1204324651768481,0.0001888,,,,,,6,,1.0e12,0.1,window,20.0
NaN,2.4106782,0,0.1,cholesky,adaptive_ridge,2010,quadratic_stacked_beta,1.1813364,7.365722548885043e-15,mae,1.2293418,20,0.3150425641234058,0.11041868661697048,0.13787699160775999,,,,,,,7,,,,window,20.0
,0.0001021,,0.01,,static_ridge,,,,,mae,,,0.24441645204881973,0.07974548638667443,0.1013859908690247,,,,,,,7,,,,window,20.0
,,,,,rls,,,,,mae,,,0.23255223630273522,0.07718158146223414,0.09752879925351786,0.0442107,0.995,0.1,,,,7,,,,window,20.0
,,,,,hedge,,,,,mae,,,0.25903424778310635,0.08623560704456482,0.1091196847300239,0.0254223,,,1.0,0,,7,,,,window,20.0
,,,,,exp3,,,,,mae,,,0.8833715493329737,0.23978327376912048,0.32373410301323174,0.0013818,,,,,0.2,7,,,,window,20.0
,,,,,fixed_share,,,,,mae,,,0.2676274093787746,0.08530061831143365,0.10954731323658143,0.0011958,,,0.05,,,7,0.01,,,window,20.0
,,,,,passive_aggressive,,,,,mae,,,0.24999738836282784,0.08023314108732583,0.1026978965525089,0.0001608,,,,,,7,,1.0e12,0.1,window,20.0
NaN,1.8414403,0,0.1,cholesky,adaptive_ridge,2010,quadratic_stacked_beta,1.5167072,5.62841785145636e-15,mae,0.3247331,20,0.25737340357594607,0.08869882654635815,0.11080384393402434,,,,,,,8,,,,window,20.0
,0.0001399,,0.0001,,static_ridge,,,,,mae,,,0.16978018478549545,0.0592871209228417,0.07387462220940716,,,,,,,8,,,,window,20.0
,,,,,rls,,,,,mae,,,0.16168619099894282,0.05696196859295,0.07045760356580263,0.0082791,0.995,0.1,,,,8,,,,window,20.0
,,,,,hedge,,,,,mae,,,0.26286878235167177,0.08510394630858409,0.10800235623183435,0.0012883,,,0.01,0,,8,,,,window,20.0
,,,,,exp3,,,,,mae,,,0.76889722818504,0.2849616839060336,0.3423490817485267,0.0011187,,,,,0.1,8,,,,window,20.0
,,,,,fixed_share,,,,,mae,,,0.2645811818256606,0.0857642041986232,0.10874927348719313,0.0010108,,,0.01,,,8,0.1,,,window,20.0
,,,,,passive_aggressive,,,,,mae,,,0.16353267554112516,0.05980948694704145,0.07364779938109432,0.0001375,,,,,,8,,1.0e12,0.1,window,20.0
NaN,0.9950052,0,0.1,cholesky,adaptive_ridge,2010,quadratic_stacked_beta,0.7828815,9.694192933904593e-15,mae,0.2121237,20,0.3313652429350972,0.1122150095247468,0.14049346143485847,,,,,,,9,,,,window,20.0
,9.98e-5,,0.1,,static_ridge,,,,,mae,,,0.24685814218139118,0.08863031180407924,0.10925350789467855,,,,,,,9,,,,window,20.0
,,,,,rls,,,,,mae,,,0.23933341236054306,0.083710269352733,0.10472581608704097,0.0089666,0.995,0.1,,,,9,,,,window,20.0
,,,,,hedge,,,,,mae,,,0.288841800954302,0.09852788192090634,0.1238629034374165,0.0022593,,,0.01,0,,9,,,,window,20.0
,,,,,exp3,,,,,mae,,,0.9318536075667341,0.29527234168809807,0.3762183427451998,0.0022091,,,,,0.1,9,,,,window,20.0
,,,,,fixed_share,,,,,mae,,,0.28955300437239445,0.09873539499906052,0.12413873052540629,0.0023301,,,0.01,,,9,0.1,,,window,20.0
,,,,,passive_aggressive,,,,,mae,,,0.25291235107781185,0.08382410736961511,0.10643784980109691,0.0001907,,,,,,9,,1.0e12,0.1,window,20.0
NaN,1.6805031000000001,0,0.1,cholesky,adaptive_ridge,2010,quadratic_stacked_beta,1.1582743,8.279737565252112e-15,mae,0.5222288,20,0.2677938440464017,0.09413474046319788,0.11747242734753784,,,,,,,10,,,,window,20.0
,0.0001103,,0.01,,static_ridge,,,,,mae,,,0.17024426685147212,0.05794255950378842,0.0723756645627376,,,,,,,10,,,,window,20.0
,,,,,rls,,,,,mae,,,0.1611164940927139,0.055650546282209085,0.06954589861715472,0.00748,0.995,0.1,,,,10,,,,window,20.0
,,,,,hedge,,,,,mae,,,0.3384163422667968,0.14597351808476855,0.17047205378664435,0.0009378,,,1.0,336,,10,,,,window,20.0
,,,,,exp3,,,,,mae,,,0.7322239673275946,0.16246117532771248,0.23936922355890314,0.0011471,,,,,0.1,10,,,,window,20.0
,,,,,fixed_share,,,,,mae,,,0.30595419792378153,0.10435491209551621,0.13100524876726477,0.0011936,,,0.25,,,10,0.02,,,window,20.0
,,,,,passive_aggressive,,,,,mae,,,0.16651318604168674,0.05796302709183534,0.0723879954401935,0.0001518,,,,,,10,,1.0e12,0.1,window,20.0
NaN,1.2492606,0,0.1,cholesky,adaptive_ridge,2010,quadratic_stacked_beta,0.8653683,8.333114690443872e-15,mae,0.3838923,20,0.3152474088761086,0.111883458400302,0.1391077571379083,,,,,,,11,,,,window,20.0
,8.58e-5,,0.01,,static_ridge,,,,,mae,,,0.22179972152720018,0.07584814551518011,0.09513799194951793,,,,,,,11,,,,window,20.0
,,,,,rls,,,,,mae,,,0.21706248278219722,0.07409498927407977,0.09209859963069383,0.002637,0.995,0.1,,,,11,,,,window,20.0
,,,,,hedge,,,,,mae,,,0.3172762812291652,0.11983066643548644,0.1449290843835479,0.0026682,,,1.0,24,,11,,,,window,20.0
,,,,,exp3,,,,,mae,,,0.8344603672880428,0.2580128306461405,0.3344231054975238,0.0016308,,,,,0.2,11,,,,window,20.0
,,,,,fixed_share,,,,,mae,,,0.2711115467957225,0.09471995024478096,0.11796928867013975,0.37229,,,0.05,,,11,0.005,,,window,20.0
,,,,,passive_aggressive,,,,,mae,,,0.22336798531994398,0.07519407805238026,0.0944012119479718,0.0001668,,,,,,11,,1.0e12,0.1,window,20.0
NaN,1.3533304,0,0.1,cholesky,adaptive_ridge,2010,quadratic_stacked_beta,0.8311641,7.831566834753998e-15,mae,0.5221663,20,0.2776185188668079,0.09592520305444088,0.12013200531023183,,,,,,,12,,,,window,20.0
,0.000105,,0.01,,static_ridge,,,,,mae,,,0.21671530508095807,0.07138324682916589,0.09071315633149855,,,,,,,12,,,,window,20.0
,,,,,rls,,,,,mae,,,0.20421209266027376,0.06734019818809256,0.08546526565698051,0.0028627,0.995,1.0e-6,,,,12,,,,window,20.0
,,,,,hedge,,,,,mae,,,0.24582880098873303,0.08267691313891103,0.10352083724782639,0.0008771,,,1.0,0,,12,,,,window,20.0
,,,,,exp3,,,,,mae,,,0.8092378059534241,0.2769088012765567,0.3417995045249321,0.0011724,,,,,0.1,12,,,,window,20.0
,,,,,fixed_share,,,,,mae,,,0.24608961497148404,0.08319969738838509,0.10433341669149158,0.0009482,,,0.01,,,12,0.01,,,window,20.0
,,,,,passive_aggressive,,,,,mae,,,0.22021390973183366,0.07003131957763856,0.09032169721498938,0.0001393,,,,,,12,,1.0e12,0.1,window,20.0
NaN,1.6762303,0,0.1,cholesky,adaptive_ridge,2010,quadratic_stacked_beta,0.9565837,6.841385193190501e-15,mae,0.7196466,20,0.3213369226311488,0.10398614476242495,0.13284141891435736,,,,,,,13,,,,window,20.0
,0.0001288,,0.0001,,static_ridge,,,,,mae,,,0.18667628268759034,0.06338787683949348,0.07980283813172784,,,,,,,13,,,,window,20.0
,,,,,rls,,,,,mae,,,0.17613808726395244,0.058221131057297044,0.07321858826997549,0.0070619,0.995,0.1,,,,13,,,,window,20.0
,,,,,hedge,,,,,mae,,,0.28588177046817415,0.10170751134480117,0.1260016775165405,0.0020519,,,0.25,0,,13,,,,window,20.0
,,,,,exp3,,,,,mae,,,0.9307446789179007,0.3126769206547629,0.38806013267928635,0.0011214,,,,,0.2,13,,,,window,20.0
,,,,,fixed_share,,,,,mae,,,0.25786156962447343,0.08820893907846783,0.11063189594400613,0.0010756,,,0.25,,,13,0.05,,,window,20.0
,,,,,passive_aggressive,,,,,mae,,,0.192698934820903,0.06057322042600924,0.07774559022940673,0.0001377,,,,,,13,,1.0e12,0.1,window,20.0
NaN,1.4905997,0,0.1,cholesky,adaptive_ridge,2010,quadratic_stacked_beta,1.0847038,5.487513523516578e-15,mae,0.4058959,20,0.4296732119151322,0.14533477859378557,0.1834982941373114,,,,,,,14,,,,window,20.0
,9.52e-5,,0.1,,static_ridge,,,,,mae,,,0.3151390344486258,0.10743064353420866,0.13504629192348533,,,,,,,14,,,,window,20.0
,,,,,rls,,,,,mae,,,0.3001260397225624,0.09652742617389634,0.12305286414579988,0.0088362,0.98,0.01,,,,14,,,,window,20.0
,,,,,hedge,,,,,mae,,,0.335036926790658,0.11772632025847649,0.14584185144122094,0.0022008,,,1.0,72,,14,,,,window,20.0
,,,,,exp3,,,,,mae,,,0.9228494869259469,0.2275729672957513,0.3163925566732033,0.0012857,,,,,0.2,14,,,,window,20.0
,,,,,fixed_share,,,,,mae,,,0.2993919287794196,0.10289463746951628,0.12839187332205462,0.0019437,,,0.05,,,14,0.01,,,window,20.0
,,,,,passive_aggressive,,,,,mae,,,0.3366230021549635,0.10310403572285196,0.13293391528743337,0.0001971,,,,,,14,,1.0e12,0.1,window,20.0
NaN,1.5545266,0,0.1,cholesky,adaptive_ridge,2010,quadratic_stacked_beta,0.7779939,9.26982013868272e-15,mae,0.7765327,20,0.4198437789921629,0.142951325493388,0.18031378453782979,,,,,,,15,,,,window,20.0
,0.0001021,,0.1,,static_ridge,,,,,mae,,,0.31303725690084405,0.10772692316768001,0.1348884311760078,,,,,,,15,,,,window,20.0
,,,,,rls,,,,,mae,,,0.3148394860335894,0.09974049279027619,0.12879382895082697,0.0063313,0.95,0.01,,,,15,,,,window,20.0
,,,,,hedge,,,,,mae,,,0.4255159634203406,0.18080769915445807,0.21109590813058013,0.0010012,,,1.0,24,,15,,,,window,20.0
,,,,,exp3,,,,,mae,,,1.0978966581586453,0.3343099866540617,0.43811446511464497,0.0013927,,,,,0.1,15,,,,window,20.0
,,,,,fixed_share,,,,,mae,,,0.3593057437343983,0.12279202485287447,0.1541451558374481,0.0008791,,,0.05,,,15,0.005,,,window,20.0
,,,,,passive_aggressive,,,,,mae,,,0.3748415140106583,0.10711275067408464,0.1418877678739849,0.0001678,,,,,,15,,1.0e12,0.1,window,20.0
NaN,1.0996019000000001,0,0.1,cholesky,adaptive_ridge,2010,quadratic_stacked_beta,0.8896802,7.099421049466527e-15,mae,0.2099217,20,0.2742109511269982,0.09248409932164925,0.11643240445578404,,,,,,,16,,,,window,20.0
,0.0001291,,0.01,,static_ridge,,,,,mae,,,0.20238946528403645,0.06986104758963516,0.08782060879245342,,,,,,,16,,,,window,20.0
,,,,,rls,,,,,mae,,,0.19163869834879216,0.06650715406389777,0.083214369035415,0.009757,0.995,0.1,,,,16,,,,window,20.0
,,,,,hedge,,,,,mae,,,0.2510100650640427,0.09037314728342898,0.11191619369857118,0.0019244,,,0.01,0,,16,,,,window,20.0
,,,,,exp3,,,,,mae,,,0.8155003526292581,0.20922798777648652,0.28700371103388994,0.0021013,,,,,0.2,16,,,,window,20.0
,,,,,fixed_share,,,,,mae,,,0.25154523814667457,0.09074361095908116,0.11230483266476417,0.0021085,,,0.01,,,16,0.1,,,window,20.0
,,,,,passive_aggressive,,,,,mae,,,0.20843429625400234,0.07066696136115179,0.08848908271557283,0.0001526,,,,,,16,,1.0e12,0.1,window,20.0
NaN,1.1599848000000001,0,0.1,cholesky,adaptive_ridge,2010,quadratic_stacked_beta,0.9561709,6.4751034940435835e-15,mae,0.2038139,20,0.28894616988365723,0.09493234079717082,0.11990489998064095,,,,,,,17,,,,window,20.0
,0.0001276,,0.01,,static_ridge,,,,,mae,,,0.19418457572636671,0.0650389653727623,0.081920407996403,,,,,,,17,,,,window,20.0
,,,,,rls,,,,,mae,,,0.18164630561458048,0.0600435607693447,0.07570163391033578,0.0033189,0.995,1.0e-6,,,,17,,,,window,20.0
,,,,,hedge,,,,,mae,,,0.2924405506260153,0.11525346206150283,0.13846934760150642,0.0010518,,,1.0,24,,17,,,,window,20.0
,,,,,exp3,,,,,mae,,,0.7408118967082299,0.26644811608774305,0.3203864941492506,0.0012882,,,,,0.1,17,,,,window,20.0
,,,,,fixed_share,,,,,mae,,,0.22830489682334906,0.08085728779276558,0.1009110794332172,0.0009998,,,0.1,,,17,0.02,,,window,20.0
,,,,,passive_aggressive,,,,,mae,,,0.18451109965284992,0.06410028452744024,0.08015877443461288,0.0001609,,,,,,17,,1.0e12,0.1,window,20.0
NaN,1.944657,0,0.1,cholesky,adaptive_ridge,2010,quadratic_stacked_beta,1.5810146,8.822823210789926e-15,mae,0.3636424,20,0.3071626656495239,0.09725488806565755,0.12399460752959715,,,,,,,18,,,,window,20.0
,9.95e-5,,0.001,,static_ridge,,,,,mae,,,0.16068397902110285,0.0573097906294586,0.07076773934452542,,,,,,,18,,,,window,20.0
,,,,,rls,,,,,mae,,,0.15719326372217407,0.055833329452598016,0.06874819376740263,0.0070562,0.995,0.1,,,,18,,,,window,20.0
,,,,,hedge,,,,,mae,,,0.25827084887026985,0.08255872221060993,0.10563516299483415,0.0008097,,,1.0,0,,18,,,,window,20.0
,,,,,exp3,,,,,mae,,,0.9145624474650051,0.28996112552596676,0.3522986716711297,0.0011602,,,,,0.2,18,,,,window,20.0
,,,,,fixed_share,,,,,mae,,,0.2664720371915227,0.08377577808384701,0.10776549323128937,0.0010652,,,0.01,,,18,0.005,,,window,20.0
,,,,,passive_aggressive,,,,,mae,,,0.16489997923768493,0.0558884963894822,0.07040953786463947,0.0001477,,,,,,18,,1.0e12,0.1,window,20.0
NaN,2.4777825,0,0.1,cholesky,adaptive_ridge,2010,quadratic_stacked_beta,2.2772155,5.77685682041484e-15,mae,0.200567,20,0.32500888755132523,0.11898721964712446,0.14782271261108165,,,,,,,19,,,,window,20.0
,9.18e-5,,0.01,,static_ridge,,,,,mae,,,0.26534766012922967,0.10126856458013526,0.12239244462639493,,,,,,,19,,,,window,20.0
,,,,,rls,,,,,mae,,,0.21886395503825823,0.07493456154033827,0.09341459610425004,0.0084557,0.98,0.0001,,,,19,,,,window,20.0
,,,,,hedge,,,,,mae,,,0.29180832784632715,0.1043936702296371,0.12911186123306106,0.0010682,,,1.0,72,,19,,,,window,20.0
,,,,,exp3,,,,,mae,,,0.7674600410470833,0.24793667291327107,0.31018421210545194,0.0018548,,,,,0.1,19,,,,window,20.0
,,,,,fixed_share,,,,,mae,,,0.28762800975529773,0.10416942692896325,0.12857925832281553,0.0010691,,,0.05,,,19,0.02,,,window,20.0
,,,,,passive_aggressive,,,,,mae,,,0.23001543063610932,0.07675541786056898,0.09701991404014175,0.0001463,,,,,,19,,1.0e12,0.1,window,20.0
NaN,0.7128915,0,0.1,cholesky,adaptive_ridge,2010,quadratic_stacked_beta,0.4689348,6.0060875613758375e-15,mae,0.2439567,20,0.29938879233281823,0.0994258450524362,0.12690147959658338,,,,,,,20,,,,window,20.0
,8.73e-5,,0.0001,,static_ridge,,,,,mae,,,0.14149777279209658,0.0470079238804436,0.05990350596575299,,,,,,,20,,,,window,20.0
,,,,,rls,,,,,mae,,,0.13561045841667518,0.044336680046807436,0.05633544910209395,0.0013241,0.995,1.0e-6,,,,20,,,,window,20.0
,,,,,hedge,,,,,mae,,,0.28915085573729316,0.09925256388715235,0.12391859426202931,0.0007697,,,0.01,0,,20,,,,window,20.0
,,,,,exp3,,,,,mae,,,0.8417903042029303,0.2540509181622264,0.33122307098034304,0.0007818,,,,,0.2,20,,,,window,20.0
,,,,,fixed_share,,,,,mae,,,0.2833082059260935,0.09796223985436557,0.12225135585638076,0.0004634,,,0.01,,,20,0.005,,,window,20.0
,,,,,passive_aggressive,,,,,mae,,,0.15025830471604465,0.05198254278791295,0.06512898954742202,5.68e-5,,,,,,20,,1.0e12,0.1,window,20.0
NaN,1.1199085,0,0.1,cholesky,adaptive_ridge,2010,quadratic_stacked_beta,0.996336,7.419530536321262e-15,mae,0.1235725,20,0.25933246624437223,0.08933864743457981,0.1116128773435812,,,,,,,21,,,,window,20.0
,0.0001425,,0.0001,,static_ridge,,,,,mae,,,0.22006645850020043,0.07397134347065264,0.093070455874823,,,,,,,21,,,,window,20.0
,,,,,rls,,,,,mae,,,0.17049791173541262,0.05829012432620005,0.07330329115774767,0.0023443,0.995,1.0e-6,,,,21,,,,window,20.0
,,,,,hedge,,,,,mae,,,0.200778141420455,0.06797604142618312,0.08544396783474428,0.0007611,,,0.5,0,,21,,,,window,20.0
,,,,,exp3,,,,,mae,,,0.7560201215308655,0.2623200913681688,0.32283561029559,0.0017134,,,,,0.05,21,,,,window,20.0
,,,,,fixed_share,,,,,mae,,,0.20110597030467983,0.0683552754108625,0.08576925688579996,0.001061,,,0.01,,,21,0.02,,,window,20.0
,,,,,passive_aggressive,,,,,mae,,,0.18133556051412075,0.05915228753680813,0.07545182850034231,0.0001504,,,,,,21,,1.0e12,0.1,window,20.0
NaN,1.1114986,0,0.1,cholesky,adaptive_ridge,2010,quadratic_stacked_beta,0.6532865,4.682287126577707e-15,mae,0.4582121,20,0.2570292434594832,0.08165827671854076,0.10434631832795217,,,,,,,22,,,,window,20.0
,8.8e-5,,0.001,,static_ridge,,,,,mae,,,0.15043940743128142,0.050165644857245645,0.06364274867681778,,,,,,,22,,,,window,20.0
,,,,,rls,,,,,mae,,,0.1412675034167916,0.045834931666762016,0.05834524522931382,0.0078685,0.995,0.1,,,,22,,,,window,20.0
,,,,,hedge,,,,,mae,,,0.2332351059166917,0.07447481130830606,0.09504167443725695,0.0019732,,,1.0,24,,22,,,,window,20.0
,,,,,exp3,,,,,mae,,,0.6269275992752393,0.18674325353258253,0.23732061152733588,0.0014276,,,,,0.1,22,,,,window,20.0
,,,,,fixed_share,,,,,mae,,,0.15924061294845987,0.053260898678787714,0.06687903934041661,0.0009742,,,0.05,,,22,0.005,,,window,20.0
,,,,,passive_aggressive,,,,,mae,,,0.1621822476648967,0.052435709265390304,0.06692965918633732,0.0001202,,,,,,22,,1.0e12,0.1,window,20.0
NaN,1.0999172000000002,0,0.1,cholesky,adaptive_ridge,2010,quadratic_stacked_beta,0.9156387,7.85767333344942e-15,mae,0.1842785,20,0.23160356979888252,0.08263355852030628,0.10266735888852806,,,,,,,23,,,,window,20.0
,0.0001607,,0.0001,,static_ridge,,,,,mae,,,0.13614353134305593,0.046065826707790754,0.05833732855624639,,,,,,,23,,,,window,20.0
,,,,,rls,,,,,mae,,,0.11858578055651885,0.04162985358100308,0.052140104766592386,0.0082455,0.995,0.1,,,,23,,,,window,20.0
,,,,,hedge,,,,,mae,,,0.31210919901770534,0.11045273623738251,0.13717011327014642,0.0010682,,,1.0,336,,23,,,,window,20.0
,,,,,exp3,,,,,mae,,,0.8310342531568655,0.21685322793651535,0.2968714409416686,0.001167,,,,,0.1,23,,,,window,20.0
,,,,,fixed_share,,,,,mae,,,0.2255477917789984,0.07674493610754608,0.09583140190579428,0.0009523,,,0.5,,,23,0.05,,,window,20.0
,,,,,passive_aggressive,,,,,mae,,,0.13161355516710196,0.046859782743096996,0.05817780746205533,0.0001302,,,,,,23,,1.0e12,0.1,window,20.0
NaN,1.9791889,0,0.01,cholesky,adaptive_ridge,2010,quadratic_stacked_beta,1.4146334,7.852149501517977e-15,mae,0.5645555,20,0.3237039944051082,0.09990268021770438,0.12915794890161522,,,,,,,24,,,,window,20.0
,0.0001772,,0.0001,,static_ridge,,,,,mae,,,0.2444183757454849,0.08346178180225888,0.10469644938954174,,,,,,,24,,,,window,20.0
,,,,,rls,,,,,mae,,,0.1793414262228641,0.057785278362323556,0.07355181928457905,0.0026954,0.99,0.1,,,,24,,,,window,20.0
,,,,,hedge,,,,,mae,,,0.2305220311093008,0.07818528106421761,0.09781633570902776,0.0021142,,,1.0,0,,24,,,,window,20.0
,,,,,exp3,,,,,mae,,,0.8344758980129316,0.24931521531515263,0.3218763579398014,0.0017562,,,,,0.2,24,,,,window,20.0
,,,,,fixed_share,,,,,mae,,,0.20678744452683476,0.06821815247396396,0.08649559434339776,0.0020534,,,0.05,,,24,0.01,,,window,20.0
,,,,,passive_aggressive,,,,,mae,,,0.20258844091993858,0.06355784911743875,0.08139266025414871,0.000126,,,,,,24,,1.0e12,0.1,window,20.0
NaN,1.4339456,0,0.1,cholesky,adaptive_ridge,2010,quadratic_stacked_beta,1.233892,4.7754917712711155e-15,mae,0.2000536,20,0.2871712637541086,0.10187611033444144,0.12646013613954799,,,,,,,25,,,,window,20.0
,9.41e-5,,0.1,,static_ridge,,,,,mae,,,0.24943249381964105,0.08477079337441486,0.10651832708535056,,,,,,,25,,,,window,20.0
,,,,,rls,,,,,mae,,,0.22329541076828907,0.07151996318704264,0.09099755675928148,0.0066537,0.95,0.1,,,,25,,,,window,20.0
,,,,,hedge,,,,,mae,,,0.33791176266136674,0.16132600545016296,0.18145549256056784,0.0011289,,,1.0,336,,25,,,,window,20.0
,,,,,exp3,,,,,mae,,,0.777512071405914,0.31267711233439344,0.3641066390604588,0.0015848,,,,,0.05,25,,,,window,20.0
,,,,,fixed_share,,,,,mae,,,0.2996324919314596,0.13052228316411082,0.15032849436853354,0.0008905,,,0.1,,,25,0.01,,,window,20.0
,,,,,passive_aggressive,,,,,mae,,,0.25714058725810846,0.08071874564943428,0.10312815420317549,0.0001751,,,,,,25,,1.0e12,0.1,window,20.0
NaN,1.3633873,0,0.1,cholesky,adaptive_ridge,2010,quadratic_stacked_beta,0.8415968,7.302845474009352e-15,mae,0.5217905,20,0.28160026957253737,0.09616680523514384,0.12032123686267275,,,,,,,26,,,,window,20.0
,0.0001048,,0.001,,static_ridge,,,,,mae,,,0.2404395276456878,0.0807393207115924,0.10278161168260401,,,,,,,26,,,,window,20.0
,,,,,rls,,,,,mae,,,0.22773093195962754,0.07664165605608296,0.09653090476802395,0.0493593,0.98,1.0e-6,,,,26,,,,window,20.0
,,,,,hedge,,,,,mae,,,0.37784248030154294,0.1803340278700402,0.20255334144725795,0.0020337,,,1.0,24,,26,,,,window,20.0
,,,,,exp3,,,,,mae,,,0.8949448514732319,0.2870729359820149,0.36372795185952495,0.0012534,,,,,0.2,26,,,,window,20.0
,,,,,fixed_share,,,,,mae,,,0.3732056089645716,0.15606138235833444,0.18204656694191687,0.0010545,,,0.25,,,26,0.05,,,window,20.0
,,,,,passive_aggressive,,,,,mae,,,0.23183673269509025,0.07932901606148537,0.09952918039031548,0.0001585,,,,,,26,,1.0e12,0.1,window,20.0
NaN,1.0694038,0,0.01,cholesky,adaptive_ridge,2010,quadratic_stacked_beta,0.8595207,7.431269484452651e-15,mae,0.2098831,20,0.2885511429145373,0.08992957005640585,0.11576884836068048,,,,,,,27,,,,window,20.0
,9.32e-5,,0.001,,static_ridge,,,,,mae,,,0.15888478659533234,0.05402812961670505,0.06792924084655108,,,,,,,27,,,,window,20.0
,,,,,rls,,,,,mae,,,0.14200288330226377,0.04637602675919656,0.05869343847493325,0.2939878,0.995,1.0e-6,,,,27,,,,window,20.0
,,,,,hedge,,,,,mae,,,0.23573400986059226,0.08220138339795655,0.10253827232148054,0.0008756,,,1.0,0,,27,,,,window,20.0
,,,,,exp3,,,,,mae,,,0.6769125378222351,0.14542208371815266,0.21736488495946207,0.0014926,,,,,0.1,27,,,,window,20.0
,,,,,fixed_share,,,,,mae,,,0.20468200325618316,0.06968625041940894,0.08734926163389616,0.0009459,,,0.5,,,27,0.05,,,window,20.0
,,,,,passive_aggressive,,,,,mae,,,0.15917412066982173,0.05189963085315309,0.06560357371746672,0.0001416,,,,,,27,,1.0e12,0.1,window,20.0
NaN,1.3250279,0,0.1,cholesky,adaptive_ridge,2010,quadratic_stacked_beta,1.0927088,5.266346558476657e-15,mae,0.2323191,20,0.27027162808900757,0.09735151012320782,0.12027282507206802,,,,,,,28,,,,window,20.0
,0.0001011,,0.001,,static_ridge,,,,,mae,,,0.18275108118572753,0.06146122435603038,0.0773759269686257,,,,,,,28,,,,window,20.0
,,,,,rls,,,,,mae,,,0.17494597829698588,0.06023366427678969,0.07539201212169529,0.0024383,0.995,1.0e-6,,,,28,,,,window,20.0
,,,,,hedge,,,,,mae,,,0.27452580462763815,0.09694977929358464,0.12033778300914431,0.0009675,,,1.0,72,,28,,,,window,20.0
,,,,,exp3,,,,,mae,,,0.719103567276871,0.15254914890228582,0.23060347882350973,0.0013286,,,,,0.1,28,,,,window,20.0
,,,,,fixed_share,,,,,mae,,,0.1782373331976065,0.06128062849794099,0.07680396146557647,0.0016013,,,0.05,,,28,0.005,,,window,20.0
,,,,,passive_aggressive,,,,,mae,,,0.1962733665340126,0.06441985843083274,0.08149524826081454,0.0001671,,,,,,28,,1.0e12,0.1,window,20.0
NaN,1.0105716999999999,0,0.1,cholesky,adaptive_ridge,2010,quadratic_stacked_beta,0.7977736,7.658093525156146e-15,mae,0.2127981,20,0.28689713766241587,0.09208319973077074,0.11734582129986491,,,,,,,29,,,,window,20.0
,9.35e-5,,0.01,,static_ridge,,,,,mae,,,0.21039160406011972,0.07087168036267005,0.08867761186341253,,,,,,,29,,,,window,20.0
,,,,,rls,,,,,mae,,,0.18377641063280492,0.0651680074963615,0.0809751658970706,0.0111661,0.995,0.1,,,,29,,,,window,20.0
,,,,,hedge,,,,,mae,,,0.24170951365306714,0.07992233432066836,0.1005405374914922,0.0022611,,,1.0,336,,29,,,,window,20.0
,,,,,exp3,,,,,mae,,,0.8884256116870018,0.23702350799251404,0.3193536980361755,0.0014718,,,,,0.2,29,,,,window,20.0
,,,,,fixed_share,,,,,mae,,,0.24145933330758967,0.0802765633636932,0.10094861757775263,0.0017254,,,0.01,,,29,0.005,,,window,20.0
,,,,,passive_aggressive,,,,,mae,,,0.18833004734820932,0.06645737964517044,0.08238907943381177,0.0001438,,,,,,29,,1.0e12,0.1,window,20.0
NaN,1.1085407,0,0.1,cholesky,adaptive_ridge,2010,quadratic_stacked_beta,0.9043837,6.320980127144407e-15,mae,0.204157,20,0.29366538242407275,0.10270532654071252,0.12757552109894904,,,,,,,30,,,,window,20.0
,9.43e-5,,0.01,,static_ridge,,,,,mae,,,0.2681237104440177,0.10628204496691289,0.12676033278317406,,,,,,,30,,,,window,20.0
,,,,,rls,,,,,mae,,,0.21102284428226006,0.07005991849092323,0.08817235866109359,0.0075023,0.99,0.1,,,,30,,,,window,20.0
,,,,,hedge,,,,,mae,,,0.37509058862910344,0.14851555960774304,0.17597804187519556,0.0010567,,,1.0,24,,30,,,,window,20.0
,,,,,exp3,,,,,mae,,,0.948794377398713,0.30448921833012443,0.3888515652638487,0.0012301,,,,,0.2,30,,,,window,20.0
,,,,,fixed_share,,,,,mae,,,0.29664845772342396,0.10149275654737028,0.12724015325754134,0.0019026,,,0.1,,,30,0.02,,,window,20.0
,,,,,passive_aggressive,,,,,mae,,,0.223203652645055,0.07404637491807081,0.09352867953661068,0.0001659,,,,,,30,,1.0e12,0.1,window,20.0
NaN,2.4804412,0,0.1,cholesky,adaptive_ridge,2510,quadratic_stacked_beta,1.2387714,9.197283063159482e-15,mae,1.2416698,25,0.32140607892141615,0.10093191141433074,0.12923220765074347,,,,,,,1,,,,window,25.0
,9.88e-5,,0.001,,static_ridge,,,,,mae,,,0.18487866729418628,0.06230194016323979,0.07848348396917905,,,,,,,1,,,,window,25.0
,,,,,rls,,,,,mae,,,0.16150723590550217,0.05263884915064551,0.06669031759701369,0.0077699,0.995,0.1,,,,1,,,,window,25.0
,,,,,hedge,,,,,mae,,,0.4307279621805851,0.20891521000028987,0.23159691445242508,0.0009905,,,1.0,24,,1,,,,window,25.0
,,,,,exp3,,,,,mae,,,0.7908983940592816,0.23271494281508603,0.3048950417144624,0.0012966,,,,,0.1,1,,,,window,25.0
,,,,,fixed_share,,,,,mae,,,0.295504454408635,0.10078286706269464,0.12604846060986286,0.2094386,,,0.5,,,1,0.05,,,window,25.0
,,,,,passive_aggressive,,,,,mae,,,0.16914886291438477,0.05727567610560804,0.07179413969496565,0.0001333,,,,,,1,,1.0e12,0.1,window,25.0
NaN,2.007069,0,0.1,cholesky,adaptive_ridge,2510,quadratic_stacked_beta,1.7276692,1.2114875672416864e-14,mae,0.2793998,25,0.33040705256858005,0.11570233178350885,0.14426120537584283,,,,,,,2,,,,window,25.0
,9.79e-5,,0.01,,static_ridge,,,,,mae,,,0.2100257887555147,0.07209728228400382,0.09001700023182244,,,,,,,2,,,,window,25.0
,,,,,rls,,,,,mae,,,0.19611536866073895,0.06931787719731655,0.08563132795536331,0.0025994,0.995,0.1,,,,2,,,,window,25.0
,,,,,hedge,,,,,mae,,,0.2325767871638078,0.08206626116425177,0.10199789824837803,0.0021677,,,1.0,336,,2,,,,window,25.0
,,,,,exp3,,,,,mae,,,0.9505280170891917,0.35567350509184487,0.4286137026891908,0.0013847,,,,,0.1,2,,,,window,25.0
,,,,,fixed_share,,,,,mae,,,0.23293411830699065,0.08200120171268661,0.10182255953549592,0.0013353,,,0.01,,,2,0.005,,,window,25.0
,,,,,passive_aggressive,,,,,mae,,,0.2006189941742222,0.0698202177112568,0.08689477741264276,0.000165,,,,,,2,,1.0e12,0.1,window,25.0
NaN,1.9844546,0,0.1,cholesky,adaptive_ridge,2510,quadratic_stacked_beta,1.5954752,8.81977588068978e-15,mae,0.3889794,25,0.3182583686946183,0.10630485914883275,0.13348292565105993,,,,,,,3,,,,window,25.0
,0.0001123,,0.01,,static_ridge,,,,,mae,,,0.2231958700154279,0.08118172814322659,0.09882080431987289,,,,,,,3,,,,window,25.0
,,,,,rls,,,,,mae,,,0.1381771301368853,0.04676836314931355,0.058697955978291076,0.0026759,0.99,0.1,,,,3,,,,window,25.0
,,,,,hedge,,,,,mae,,,0.293231572724992,0.1100002579896433,0.13315400513906242,0.00245,,,1.0,24,,3,,,,window,25.0
,,,,,exp3,,,,,mae,,,0.8896375353722753,0.18061310755241325,0.28450686874233655,0.0018033,,,,,0.2,3,,,,window,25.0
,,,,,fixed_share,,,,,mae,,,0.1476085701948021,0.049414407408463895,0.061933394752123935,0.0018965,,,0.1,,,3,0.005,,,window,25.0
,,,,,passive_aggressive,,,,,mae,,,0.16919393129420768,0.05782950161686671,0.07242580500410513,0.0001487,,,,,,3,,1.0e12,0.1,window,25.0
NaN,1.576591,0,0.1,cholesky,adaptive_ridge,2510,quadratic_stacked_beta,1.238974,9.106184443345246e-15,mae,0.337617,25,0.27687947442792454,0.09426346040259292,0.11855207911775752,,,,,,,4,,,,window,25.0
,9.03e-5,,0.01,,static_ridge,,,,,mae,,,0.18305703403122844,0.06543343211117121,0.08124382655340028,,,,,,,4,,,,window,25.0
,,,,,rls,,,,,mae,,,0.1729215356026235,0.06225860870364822,0.07737202808024217,0.0024301,0.995,0.1,,,,4,,,,window,25.0
,,,,,hedge,,,,,mae,,,0.2385230617138908,0.08067992992718755,0.10109131965642709,0.0019423,,,1.0,24,,4,,,,window,25.0
,,,,,exp3,,,,,mae,,,0.8289061760135936,0.26746329550934855,0.33723060312691494,0.0019305,,,,,0.1,4,,,,window,25.0
,,,,,fixed_share,,,,,mae,,,0.20868528516558588,0.07227086856801361,0.09024922237212511,0.0010293,,,0.05,,,4,0.02,,,window,25.0
,,,,,passive_aggressive,,,,,mae,,,0.19400056838862428,0.06502214748457769,0.0821867458015513,0.000145,,,,,,4,,1.0e12,0.1,window,25.0
NaN,1.6872844999999999,0,0.1,cholesky,adaptive_ridge,2510,quadratic_stacked_beta,1.351854,8.98763704603893e-15,mae,0.3354305,25,0.30186239634763123,0.10144379298185073,0.12691150168650076,,,,,,,5,,,,window,25.0
,9.57e-5,,0.001,,static_ridge,,,,,mae,,,0.13352419093998363,0.046419615380293204,0.05749563463856703,,,,,,,5,,,,window,25.0
,,,,,rls,,,,,mae,,,0.12241492103948587,0.043275525656496075,0.05385930552950398,0.0070415,0.995,0.1,,,,5,,,,window,25.0
,,,,,hedge,,,,,mae,,,0.21012839699201577,0.07083252059168027,0.0892032342414311,0.0008168,,,1.0,0,,5,,,,window,25.0
,,,,,exp3,,,,,mae,,,0.7074558695794627,0.19590837797204227,0.2554201626508102,0.0012837,,,,,0.1,5,,,,window,25.0
,,,,,fixed_share,,,,,mae,,,0.15795901866328493,0.05418480896035117,0.06809198555011022,0.0010327,,,0.05,,,5,0.01,,,window,25.0
,,,,,passive_aggressive,,,,,mae,,,0.1457077335073538,0.05110927625228515,0.06346723437578526,0.0001313,,,,,,5,,1.0e12,0.1,window,25.0
NaN,1.7682529,0,0.1,cholesky,adaptive_ridge,2510,quadratic_stacked_beta,1.4202325,8.030542089938985e-15,mae,0.3480204,25,0.4417037701058875,0.15448388749494943,0.1930320990522193,,,,,,,6,,,,window,25.0
,9.17e-5,,0.01,,static_ridge,,,,,mae,,,0.3346328189095081,0.11986925923553192,0.14731230930230604,,,,,,,6,,,,window,25.0
,,,,,rls,,,,,mae,,,0.2749522364531735,0.09078327005414942,0.11561695524508236,0.0073301,0.98,1.0e-6,,,,6,,,,window,25.0
,,,,,hedge,,,,,mae,,,0.4171276018160625,0.15210507399872283,0.18645226073982002,0.0016367,,,1.0,24,,6,,,,window,25.0
,,,,,exp3,,,,,mae,,,1.0117406415014423,0.3813906986053922,0.4490017259647219,0.0010152,,,,,0.05,6,,,,window,25.0
,,,,,fixed_share,,,,,mae,,,0.4069023507918456,0.14141727454513034,0.17604787143958198,0.0010396,,,0.1,,,6,0.02,,,window,25.0
,,,,,passive_aggressive,,,,,mae,,,0.30947297684540936,0.09240504608121855,0.1204324651768481,0.0002016,,,,,,6,,1.0e12,0.1,window,25.0
NaN,1.600113,0,0.1,cholesky,adaptive_ridge,2510,quadratic_stacked_beta,1.0143436,9.367319613223223e-15,mae,0.5857694,25,0.32175832567975454,0.1159078378389364,0.14406434804603532,,,,,,,7,,,,window,25.0
,9.39e-5,,0.01,,static_ridge,,,,,mae,,,0.24441645204881973,0.07974548638667443,0.1013859908690247,,,,,,,7,,,,window,25.0
,,,,,rls,,,,,mae,,,0.23255223630273522,0.07718158146223414,0.09752879925351786,0.0023424,0.995,0.1,,,,7,,,,window,25.0
,,,,,hedge,,,,,mae,,,0.25903424778310635,0.08623560704456482,0.1091196847300239,0.000877,,,1.0,0,,7,,,,window,25.0
,,,,,exp3,,,,,mae,,,0.8833715493329737,0.23978327376912048,0.32373410301323174,0.0013117,,,,,0.2,7,,,,window,25.0
,,,,,fixed_share,,,,,mae,,,0.2676274093787746,0.08530061831143365,0.10954731323658143,0.0020939,,,0.05,,,7,0.01,,,window,25.0
,,,,,passive_aggressive,,,,,mae,,,0.24999738836282784,0.08023314108732583,0.1026978965525089,0.0001203,,,,,,7,,1.0e12,0.1,window,25.0
NaN,1.5900568,0,0.1,cholesky,adaptive_ridge,2510,quadratic_stacked_beta,1.0783907,6.736332313524872e-15,mae,0.5116661,25,0.2802068115466325,0.0950135904179661,0.1194128205506411,,,,,,,8,,,,window,25.0
,0.0001635,,0.0001,,static_ridge,,,,,mae,,,0.16978018478549545,0.0592871209228417,0.07387462220940716,,,,,,,8,,,,window,25.0
,,,,,rls,,,,,mae,,,0.16168619099894282,0.05696196859295,0.07045760356580263,0.008061,0.995,0.1,,,,8,,,,window,25.0
,,,,,hedge,,,,,mae,,,0.26286878235167177,0.08510394630858409,0.10800235623183435,0.0009263,,,0.01,0,,8,,,,window,25.0
,,,,,exp3,,,,,mae,,,0.76889722818504,0.2849616839060336,0.3423490817485267,0.001827,,,,,0.1,8,,,,window,25.0
,,,,,fixed_share,,,,,mae,,,0.2645811818256606,0.0857642041986232,0.10874927348719313,0.0018232,,,0.01,,,8,0.1,,,window,25.0
,,,,,passive_aggressive,,,,,mae,,,0.16353267554112516,0.05980948694704145,0.07364779938109432,0.0001555,,,,,,8,,1.0e12,0.1,window,25.0
NaN,1.281448,0,0.1,cholesky,adaptive_ridge,2510,quadratic_stacked_beta,0.9707659,1.2019602413548842e-14,mae,0.3106821,25,0.35118648643738554,0.11818158416598952,0.14805700575356703,,,,,,,9,,,,window,25.0
,7.96e-5,,0.1,,static_ridge,,,,,mae,,,0.24685814218139118,0.08863031180407924,0.10925350789467855,,,,,,,9,,,,window,25.0
,,,,,rls,,,,,mae,,,0.23933341236054306,0.083710269352733,0.10472581608704097,0.0026036,0.995,0.1,,,,9,,,,window,25.0
,,,,,hedge,,,,,mae,,,0.288841800954302,0.09852788192090634,0.1238629034374165,0.000837,,,0.01,0,,9,,,,window,25.0
,,,,,exp3,,,,,mae,,,0.9318536075667341,0.29527234168809807,0.3762183427451998,0.0012449,,,,,0.1,9,,,,window,25.0
,,,,,fixed_share,,,,,mae,,,0.28955300437239445,0.09873539499906052,0.12413873052540629,0.001057,,,0.01,,,9,0.1,,,window,25.0
,,,,,passive_aggressive,,,,,mae,,,0.25291235107781185,0.08382410736961511,0.10643784980109691,0.0001485,,,,,,9,,1.0e12,0.1,window,25.0
NaN,1.4748916,0,0.1,cholesky,adaptive_ridge,2510,quadratic_stacked_beta,0.9922801,9.67888648624628e-15,mae,0.4826115,25,0.29438603773420435,0.10414724029559182,0.12881550371101916,,,,,,,10,,,,window,25.0
,9.78e-5,,0.01,,static_ridge,,,,,mae,,,0.17024426685147212,0.05794255950378842,0.0723756645627376,,,,,,,10,,,,window,25.0
,,,,,rls,,,,,mae,,,0.1611164940927139,0.055650546282209085,0.06954589861715472,0.0836256,0.995,0.1,,,,10,,,,window,25.0
,,,,,hedge,,,,,mae,,,0.3384163422667968,0.14597351808476855,0.17047205378664435,0.0023519,,,1.0,336,,10,,,,window,25.0
,,,,,exp3,,,,,mae,,,0.7322239673275946,0.16246117532771248,0.23936922355890314,0.0018491,,,,,0.1,10,,,,window,25.0
,,,,,fixed_share,,,,,mae,,,0.30595419792378153,0.10435491209551621,0.13100524876726477,0.0013211,,,0.25,,,10,0.02,,,window,25.0
,,,,,passive_aggressive,,,,,mae,,,0.16651318604168674,0.05796302709183534,0.0723879954401935,0.0001429,,,,,,10,,1.0e12,0.1,window,25.0
NaN,1.2680843,0,0.1,cholesky,adaptive_ridge,2510,quadratic_stacked_beta,0.8722881,9.155996057517526e-15,mae,0.3957962,25,0.34584509530800117,0.11798892797346691,0.14872968501242287,,,,,,,11,,,,window,25.0
,0.0003445,,0.01,,static_ridge,,,,,mae,,,0.22179972152720018,0.07584814551518011,0.09513799194951793,,,,,,,11,,,,window,25.0
,,,,,rls,,,,,mae,,,0.21706248278219722,0.07409498927407977,0.09209859963069383,0.0067875,0.995,0.1,,,,11,,,,window,25.0
,,,,,hedge,,,,,mae,,,0.3172762812291652,0.11983066643548644,0.1449290843835479,0.0022847,,,1.0,24,,11,,,,window,25.0
,,,,,exp3,,,,,mae,,,0.8344603672880428,0.2580128306461405,0.3344231054975238,0.0206509,,,,,0.2,11,,,,window,25.0
,,,,,fixed_share,,,,,mae,,,0.2711115467957225,0.09471995024478096,0.11796928867013975,0.0008612,,,0.05,,,11,0.005,,,window,25.0
,,,,,passive_aggressive,,,,,mae,,,0.22336798531994398,0.07519407805238026,0.0944012119479718,0.0001544,,,,,,11,,1.0e12,0.1,window,25.0
NaN,1.3559090999999999,0,0.1,cholesky,adaptive_ridge,2510,quadratic_stacked_beta,1.0417389,9.026297781694681e-15,mae,0.3141702,25,0.2869260405528664,0.10191924578979687,0.12639604583555444,,,,,,,12,,,,window,25.0
,8.85e-5,,0.01,,static_ridge,,,,,mae,,,0.21671530508095807,0.07138324682916589,0.09071315633149855,,,,,,,12,,,,window,25.0
,,,,,rls,,,,,mae,,,0.20421209266027376,0.06734019818809256,0.08546526565698051,0.1465558,0.995,1.0e-6,,,,12,,,,window,25.0
,,,,,hedge,,,,,mae,,,0.24582880098873303,0.08267691313891103,0.10352083724782639,0.0020359,,,1.0,0,,12,,,,window,25.0
,,,,,exp3,,,,,mae,,,0.8092378059534241,0.2769088012765567,0.3417995045249321,0.0221319,,,,,0.1,12,,,,window,25.0
,,,,,fixed_share,,,,,mae,,,0.24608961497148404,0.08319969738838509,0.10433341669149158,0.0009982,,,0.01,,,12,0.01,,,window,25.0
,,,,,passive_aggressive,,,,,mae,,,0.22021390973183366,0.07003131957763856,0.09032169721498938,0.0001412,,,,,,12,,1.0e12,0.1,window,25.0
NaN,1.5556588,0,0.1,cholesky,adaptive_ridge,2510,quadratic_stacked_beta,0.9856297,8.45178783235821e-15,mae,0.5700291,25,0.34750095293930783,0.11129962883813531,0.14202476107542328,,,,,,,13,,,,window,25.0
,0.0001415,,0.0001,,static_ridge,,,,,mae,,,0.18667628268759034,0.06338787683949348,0.07980283813172784,,,,,,,13,,,,window,25.0
,,,,,rls,,,,,mae,,,0.17613808726395244,0.058221131057297044,0.07321858826997549,0.0024033,0.995,0.1,,,,13,,,,window,25.0
,,,,,hedge,,,,,mae,,,0.28588177046817415,0.10170751134480117,0.1260016775165405,0.001632,,,0.25,0,,13,,,,window,25.0
,,,,,exp3,,,,,mae,,,0.9307446789179007,0.3126769206547629,0.38806013267928635,0.001689,,,,,0.2,13,,,,window,25.0
,,,,,fixed_share,,,,,mae,,,0.25786156962447343,0.08820893907846783,0.11063189594400613,0.0008962,,,0.25,,,13,0.05,,,window,25.0
,,,,,passive_aggressive,,,,,mae,,,0.192698934820903,0.06057322042600924,0.07774559022940673,0.0001301,,,,,,13,,1.0e12,0.1,window,25.0
NaN,1.3894747,0,0.1,cholesky,adaptive_ridge,2510,quadratic_stacked_beta,1.074989,6.1872288859540345e-15,mae,0.3144857,25,0.46055496089496795,0.1564694912748526,0.19876772925047534,,,,,,,14,,,,window,25.0
,7.89e-5,,0.1,,static_ridge,,,,,mae,,,0.3151390344486258,0.10743064353420866,0.13504629192348533,,,,,,,14,,,,window,25.0
,,,,,rls,,,,,mae,,,0.3001260397225624,0.09652742617389634,0.12305286414579988,0.0026947,0.98,0.01,,,,14,,,,window,25.0
,,,,,hedge,,,,,mae,,,0.335036926790658,0.11772632025847649,0.14584185144122094,0.0021314,,,1.0,72,,14,,,,window,25.0
,,,,,exp3,,,,,mae,,,0.9228494869259469,0.2275729672957513,0.3163925566732033,0.0017781,,,,,0.2,14,,,,window,25.0
,,,,,fixed_share,,,,,mae,,,0.2993919287794196,0.10289463746951628,0.12839187332205462,0.0014491,,,0.05,,,14,0.01,,,window,25.0
,,,,,passive_aggressive,,,,,mae,,,0.3366230021549635,0.10310403572285196,0.13293391528743337,0.0002412,,,,,,14,,1.0e12,0.1,window,25.0
NaN,1.4283462,0,0.1,cholesky,adaptive_ridge,2510,quadratic_stacked_beta,0.941626,1.0899936702427738e-14,mae,0.4867202,25,0.4362625705575712,0.15047880988758072,0.18902590613504397,,,,,,,15,,,,window,25.0
,0.000102,,0.1,,static_ridge,,,,,mae,,,0.31303725690084405,0.10772692316768001,0.1348884311760078,,,,,,,15,,,,window,25.0
,,,,,rls,,,,,mae,,,0.3148394860335894,0.09974049279027619,0.12879382895082697,0.0050284,0.95,0.01,,,,15,,,,window,25.0
,,,,,hedge,,,,,mae,,,0.4255159634203406,0.18080769915445807,0.21109590813058013,0.000954,,,1.0,24,,15,,,,window,25.0
,,,,,exp3,,,,,mae,,,1.0978966581586453,0.3343099866540617,0.43811446511464497,0.0010309,,,,,0.1,15,,,,window,25.0
,,,,,fixed_share,,,,,mae,,,0.3593057437343983,0.12279202485287447,0.1541451558374481,0.0015344,,,0.05,,,15,0.005,,,window,25.0
,,,,,passive_aggressive,,,,,mae,,,0.3748415140106583,0.10711275067408464,0.1418877678739849,0.0001739,,,,,,15,,1.0e12,0.1,window,25.0
NaN,1.5902199000000001,0,0.1,cholesky,adaptive_ridge,2510,quadratic_stacked_beta,0.9628982,8.752432075955663e-15,mae,0.6273217,25,0.28829634423894757,0.0975164941184773,0.12284804916762318,,,,,,,16,,,,window,25.0
,8.8e-5,,0.01,,static_ridge,,,,,mae,,,0.20238946528403645,0.06986104758963516,0.08782060879245342,,,,,,,16,,,,window,25.0
,,,,,rls,,,,,mae,,,0.19163869834879216,0.06650715406389777,0.083214369035415,0.0069529,0.995,0.1,,,,16,,,,window,25.0
,,,,,hedge,,,,,mae,,,0.2510100650640427,0.09037314728342898,0.11191619369857118,0.0019085,,,0.01,0,,16,,,,window,25.0
,,,,,exp3,,,,,mae,,,0.8155003526292581,0.20922798777648652,0.28700371103388994,0.0011483,,,,,0.2,16,,,,window,25.0
,,,,,fixed_share,,,,,mae,,,0.25154523814667457,0.09074361095908116,0.11230483266476417,0.0009554,,,0.01,,,16,0.1,,,window,25.0
,,,,,passive_aggressive,,,,,mae,,,0.20843429625400234,0.07066696136115179,0.08848908271557283,0.0001387,,,,,,16,,1.0e12,0.1,window,25.0
NaN,1.4463413,0,0.1,cholesky,adaptive_ridge,2510,quadratic_stacked_beta,0.9968687,8.464275988173663e-15,mae,0.4494726,25,0.3039480533816525,0.10204192567952314,0.12817452130832555,,,,,,,17,,,,window,25.0
,8.51e-5,,0.01,,static_ridge,,,,,mae,,,0.19418457572636671,0.0650389653727623,0.081920407996403,,,,,,,17,,,,window,25.0
,,,,,rls,,,,,mae,,,0.18164630561458048,0.0600435607693447,0.07570163391033578,0.0080705,0.995,1.0e-6,,,,17,,,,window,25.0
,,,,,hedge,,,,,mae,,,0.2924405506260153,0.11525346206150283,0.13846934760150642,0.0010011,,,1.0,24,,17,,,,window,25.0
,,,,,exp3,,,,,mae,,,0.7408118967082299,0.26644811608774305,0.3203864941492506,0.0012189,,,,,0.1,17,,,,window,25.0
,,,,,fixed_share,,,,,mae,,,0.22830489682334906,0.08085728779276558,0.1009110794332172,0.0009479,,,0.1,,,17,0.02,,,window,25.0
,,,,,passive_aggressive,,,,,mae,,,0.18451109965284992,0.06410028452744024,0.08015877443461288,0.0001469,,,,,,17,,1.0e12,0.1,window,25.0
NaN,1.4107469,0,0.1,cholesky,adaptive_ridge,2510,quadratic_stacked_beta,0.9659549,1.0122373099622242e-14,mae,0.444792,25,0.3155860727630527,0.10159640022818661,0.1303900465048398,,,,,,,18,,,,window,25.0
,9.92e-5,,0.001,,static_ridge,,,,,mae,,,0.16068397902110285,0.0573097906294586,0.07076773934452542,,,,,,,18,,,,window,25.0
,,,,,rls,,,,,mae,,,0.15719326372217407,0.055833329452598016,0.06874819376740263,0.0109642,0.995,0.1,,,,18,,,,window,25.0
,,,,,hedge,,,,,mae,,,0.25827084887026985,0.08255872221060993,0.10563516299483415,0.0009884,,,1.0,0,,18,,,,window,25.0
,,,,,exp3,,,,,mae,,,0.9145624474650051,0.28996112552596676,0.3522986716711297,0.0012494,,,,,0.2,18,,,,window,25.0
,,,,,fixed_share,,,,,mae,,,0.2664720371915227,0.08377577808384701,0.10776549323128937,0.0010826,,,0.01,,,18,0.005,,,window,25.0
,,,,,passive_aggressive,,,,,mae,,,0.16489997923768493,0.0558884963894822,0.07040953786463947,0.0001492,,,,,,18,,1.0e12,0.1,window,25.0
NaN,1.4668986,0,0.1,cholesky,adaptive_ridge,2510,quadratic_stacked_beta,0.9843092,5.981379371490721e-15,mae,0.4825894,25,0.3572138373097903,0.1312656849647068,0.16203224966666527,,,,,,,19,,,,window,25.0
,9.15e-5,,0.01,,static_ridge,,,,,mae,,,0.26534766012922967,0.10126856458013526,0.12239244462639493,,,,,,,19,,,,window,25.0
,,,,,rls,,,,,mae,,,0.21886395503825823,0.07493456154033827,0.09341459610425004,0.0068276,0.98,0.0001,,,,19,,,,window,25.0
,,,,,hedge,,,,,mae,,,0.29180832784632715,0.1043936702296371,0.12911186123306106,0.0009053,,,1.0,72,,19,,,,window,25.0
,,,,,exp3,,,,,mae,,,0.7674600410470833,0.24793667291327107,0.31018421210545194,0.0012249,,,,,0.1,19,,,,window,25.0
,,,,,fixed_share,,,,,mae,,,0.28762800975529773,0.10416942692896325,0.12857925832281553,0.0010153,,,0.05,,,19,0.02,,,window,25.0
,,,,,passive_aggressive,,,,,mae,,,0.23001543063610932,0.07675541786056898,0.09701991404014175,0.0001604,,,,,,19,,1.0e12,0.1,window,25.0
NaN,1.6967591,0,0.1,cholesky,adaptive_ridge,2510,quadratic_stacked_beta,0.9512338,7.127635489525205e-15,mae,0.7455253,25,0.32431395962907794,0.11024032510932441,0.1394415974132078,,,,,,,20,,,,window,25.0
,0.0003232,,0.0001,,static_ridge,,,,,mae,,,0.14149777279209658,0.0470079238804436,0.05990350596575299,,,,,,,20,,,,window,25.0
,,,,,rls,,,,,mae,,,0.13561045841667518,0.044336680046807436,0.05633544910209395,0.0023926,0.995,1.0e-6,,,,20,,,,window,25.0
,,,,,hedge,,,,,mae,,,0.28915085573729316,0.09925256388715235,0.12391859426202931,0.0015565,,,0.01,0,,20,,,,window,25.0
,,,,,exp3,,,,,mae,,,0.8417903042029303,0.2540509181622264,0.33122307098034304,0.0009584,,,,,0.2,20,,,,window,25.0
,,,,,fixed_share,,,,,mae,,,0.2833082059260935,0.09796223985436557,0.12225135585638076,0.0009172,,,0.01,,,20,0.005,,,window,25.0
,,,,,passive_aggressive,,,,,mae,,,0.15025830471604465,0.05198254278791295,0.06512898954742202,0.0001287,,,,,,20,,1.0e12,0.1,window,25.0
NaN,1.346729,0,0.1,cholesky,adaptive_ridge,2510,quadratic_stacked_beta,0.9225961,8.88278702739668e-15,mae,0.4241329,25,0.27126699403173915,0.09133791968434715,0.11505674071118215,,,,,,,21,,,,window,25.0
,0.0001295,,0.0001,,static_ridge,,,,,mae,,,0.22006645850020043,0.07397134347065264,0.093070455874823,,,,,,,21,,,,window,25.0
,,,,,rls,,,,,mae,,,0.17049791173541262,0.05829012432620005,0.07330329115774767,0.0071224,0.995,1.0e-6,,,,21,,,,window,25.0
,,,,,hedge,,,,,mae,,,0.200778141420455,0.06797604142618312,0.08544396783474428,0.0007882,,,0.5,0,,21,,,,window,25.0
,,,,,exp3,,,,,mae,,,0.7560201215308655,0.2623200913681688,0.32283561029559,0.0011252,,,,,0.05,21,,,,window,25.0
,,,,,fixed_share,,,,,mae,,,0.20110597030467983,0.0683552754108625,0.08576925688579996,0.0017224,,,0.01,,,21,0.02,,,window,25.0
,,,,,passive_aggressive,,,,,mae,,,0.18133556051412075,0.05915228753680813,0.07545182850034231,0.0001478,,,,,,21,,1.0e12,0.1,window,25.0
NaN,1.5997279,0,0.1,cholesky,adaptive_ridge,2510,quadratic_stacked_beta,0.9808096,5.113469585640734e-15,mae,0.6189183,25,0.2745249482837757,0.08820789237152539,0.1120648836126081,,,,,,,22,,,,window,25.0
,0.0001147,,0.001,,static_ridge,,,,,mae,,,0.15043940743128142,0.050165644857245645,0.06364274867681778,,,,,,,22,,,,window,25.0
,,,,,rls,,,,,mae,,,0.1412675034167916,0.045834931666762016,0.05834524522931382,0.0083878,0.995,0.1,,,,22,,,,window,25.0
,,,,,hedge,,,,,mae,,,0.2332351059166917,0.07447481130830606,0.09504167443725695,0.0010671,,,1.0,24,,22,,,,window,25.0
,,,,,exp3,,,,,mae,,,0.6269275992752393,0.18674325353258253,0.23732061152733588,0.0010892,,,,,0.1,22,,,,window,25.0
,,,,,fixed_share,,,,,mae,,,0.15924061294845987,0.053260898678787714,0.06687903934041661,0.0018733,,,0.05,,,22,0.005,,,window,25.0
,,,,,passive_aggressive,,,,,mae,,,0.1621822476648967,0.052435709265390304,0.06692965918633732,0.0001308,,,,,,22,,1.0e12,0.1,window,25.0
NaN,3.170264,0,0.1,cholesky,adaptive_ridge,2510,quadratic_stacked_beta,2.8235491,1.004925603229921e-14,mae,0.3467149,25,0.24433614811410487,0.08808949769680814,0.10952566547982363,,,,,,,23,,,,window,25.0
,0.0001131,,0.0001,,static_ridge,,,,,mae,,,0.13614353134305593,0.046065826707790754,0.05833732855624639,,,,,,,23,,,,window,25.0
,,,,,rls,,,,,mae,,,0.11858578055651885,0.04162985358100308,0.052140104766592386,0.0073866,0.995,0.1,,,,23,,,,window,25.0
,,,,,hedge,,,,,mae,,,0.31210919901770534,0.11045273623738251,0.13717011327014642,0.001067,,,1.0,336,,23,,,,window,25.0
,,,,,exp3,,,,,mae,,,0.8310342531568655,0.21685322793651535,0.2968714409416686,0.0011528,,,,,0.1,23,,,,window,25.0
,,,,,fixed_share,,,,,mae,,,0.2255477917789984,0.07674493610754608,0.09583140190579428,0.0009408,,,0.5,,,23,0.05,,,window,25.0
,,,,,passive_aggressive,,,,,mae,,,0.13161355516710196,0.046859782743096996,0.05817780746205533,0.0001187,,,,,,23,,1.0e12,0.1,window,25.0
NaN,1.4615756,0,0.01,cholesky,adaptive_ridge,2510,quadratic_stacked_beta,1.0628285,9.634092586058452e-15,mae,0.3987471,25,0.3641131402509572,0.11252934510337814,0.14576038435699085,,,,,,,24,,,,window,25.0
,0.0003489,,0.0001,,static_ridge,,,,,mae,,,0.2444183757454849,0.08346178180225888,0.10469644938954174,,,,,,,24,,,,window,25.0
,,,,,rls,,,,,mae,,,0.1793414262228641,0.057785278362323556,0.07355181928457905,0.0082036,0.99,0.1,,,,24,,,,window,25.0
,,,,,hedge,,,,,mae,,,0.2305220311093008,0.07818528106421761,0.09781633570902776,0.0021614,,,1.0,0,,24,,,,window,25.0
,,,,,exp3,,,,,mae,,,0.8344758980129316,0.24931521531515263,0.3218763579398014,0.0021417,,,,,0.2,24,,,,window,25.0
,,,,,fixed_share,,,,,mae,,,0.20678744452683476,0.06821815247396396,0.08649559434339776,0.0009933,,,0.05,,,24,0.01,,,window,25.0
,,,,,passive_aggressive,,,,,mae,,,0.20258844091993858,0.06355784911743875,0.08139266025414871,0.0001897,,,,,,24,,1.0e12,0.1,window,25.0
NaN,1.3785946999999998,0,0.1,cholesky,adaptive_ridge,2510,quadratic_stacked_beta,1.0384851,5.9390720128790916e-15,mae,0.3401096,25,0.2954694709442164,0.10399816820092435,0.12973648873419313,,,,,,,25,,,,window,25.0
,9.01e-5,,0.1,,static_ridge,,,,,mae,,,0.24943249381964105,0.08477079337441486,0.10651832708535056,,,,,,,25,,,,window,25.0
,,,,,rls,,,,,mae,,,0.22329541076828907,0.07151996318704264,0.09099755675928148,0.005318,0.95,0.1,,,,25,,,,window,25.0
,,,,,hedge,,,,,mae,,,0.33791176266136674,0.16132600545016296,0.18145549256056784,0.0021207,,,1.0,336,,25,,,,window,25.0
,,,,,exp3,,,,,mae,,,0.777512071405914,0.31267711233439344,0.3641066390604588,0.0016272,,,,,0.05,25,,,,window,25.0
,,,,,fixed_share,,,,,mae,,,0.2996324919314596,0.13052228316411082,0.15032849436853354,0.0009202,,,0.1,,,25,0.01,,,window,25.0
,,,,,passive_aggressive,,,,,mae,,,0.25714058725810846,0.08071874564943428,0.10312815420317549,0.0001623,,,,,,25,,1.0e12,0.1,window,25.0
NaN,3.1541181,0,0.1,cholesky,adaptive_ridge,2510,quadratic_stacked_beta,2.8234125,8.977920531365957e-15,mae,0.3307056,25,0.3022531014600787,0.10124257453262134,0.12758147930836627,,,,,,,26,,,,window,25.0
,9.23e-5,,0.001,,static_ridge,,,,,mae,,,0.2404395276456878,0.0807393207115924,0.10278161168260401,,,,,,,26,,,,window,25.0
,,,,,rls,,,,,mae,,,0.22773093195962754,0.07664165605608296,0.09653090476802395,0.0089139,0.98,1.0e-6,,,,26,,,,window,25.0
,,,,,hedge,,,,,mae,,,0.37784248030154294,0.1803340278700402,0.20255334144725795,0.0022988,,,1.0,24,,26,,,,window,25.0
,,,,,exp3,,,,,mae,,,0.8949448514732319,0.2870729359820149,0.36372795185952495,0.0022749,,,,,0.2,26,,,,window,25.0
,,,,,fixed_share,,,,,mae,,,0.3732056089645716,0.15606138235833444,0.18204656694191687,0.0009541,,,0.25,,,26,0.05,,,window,25.0
,,,,,passive_aggressive,,,,,mae,,,0.23183673269509025,0.07932901606148537,0.09952918039031548,0.0002632,,,,,,26,,1.0e12,0.1,window,25.0
NaN,1.5129935,0,0.1,cholesky,adaptive_ridge,2510,quadratic_stacked_beta,1.0475563,8.204248090974216e-15,mae,0.4654372,25,0.2853973770925478,0.09477641649682722,0.1193055363374059,,,,,,,27,,,,window,25.0
,9.13e-5,,0.001,,static_ridge,,,,,mae,,,0.15888478659533234,0.05402812961670505,0.06792924084655108,,,,,,,27,,,,window,25.0
,,,,,rls,,,,,mae,,,0.14200288330226377,0.04637602675919656,0.05869343847493325,0.0024098,0.995,1.0e-6,,,,27,,,,window,25.0
,,,,,hedge,,,,,mae,,,0.23573400986059226,0.08220138339795655,0.10253827232148054,0.0008165,,,1.0,0,,27,,,,window,25.0
,,,,,exp3,,,,,mae,,,0.6769125378222351,0.14542208371815266,0.21736488495946207,0.0009995,,,,,0.1,27,,,,window,25.0
,,,,,fixed_share,,,,,mae,,,0.20468200325618316,0.06968625041940894,0.08734926163389616,0.000805,,,0.5,,,27,0.05,,,window,25.0
,,,,,passive_aggressive,,,,,mae,,,0.15917412066982173,0.05189963085315309,0.06560357371746672,0.0001323,,,,,,27,,1.0e12,0.1,window,25.0
NaN,1.6281877,0,0.1,cholesky,adaptive_ridge,2510,quadratic_stacked_beta,0.9754092,6.266426122023474e-15,mae,0.6527785,25,0.2971864023894833,0.10414549821770076,0.12917578973382537,,,,,,,28,,,,window,25.0
,0.0001045,,0.001,,static_ridge,,,,,mae,,,0.18275108118572753,0.06146122435603038,0.0773759269686257,,,,,,,28,,,,window,25.0
,,,,,rls,,,,,mae,,,0.17494597829698588,0.06023366427678969,0.07539201212169529,0.0078666,0.995,1.0e-6,,,,28,,,,window,25.0
,,,,,hedge,,,,,mae,,,0.27452580462763815,0.09694977929358464,0.12033778300914431,0.0009785,,,1.0,72,,28,,,,window,25.0
,,,,,exp3,,,,,mae,,,0.719103567276871,0.15254914890228582,0.23060347882350973,0.0013618,,,,,0.1,28,,,,window,25.0
,,,,,fixed_share,,,,,mae,,,0.1782373331976065,0.06128062849794099,0.07680396146557647,0.0009736,,,0.05,,,28,0.005,,,window,25.0
,,,,,passive_aggressive,,,,,mae,,,0.1962733665340126,0.06441985843083274,0.08149524826081454,0.0001497,,,,,,28,,1.0e12,0.1,window,25.0
NaN,1.4681647,0,0.1,cholesky,adaptive_ridge,2510,quadratic_stacked_beta,1.0172401,9.254869239511852e-15,mae,0.4509246,25,0.3033980075907348,0.09686070612012976,0.12396368202409382,,,,,,,29,,,,window,25.0
,8.69e-5,,0.01,,static_ridge,,,,,mae,,,0.21039160406011972,0.07087168036267005,0.08867761186341253,,,,,,,29,,,,window,25.0
,,,,,rls,,,,,mae,,,0.18377641063280492,0.0651680074963615,0.0809751658970706,0.0027838,0.995,0.1,,,,29,,,,window,25.0
,,,,,hedge,,,,,mae,,,0.24170951365306714,0.07992233432066836,0.1005405374914922,0.0023525,,,1.0,336,,29,,,,window,25.0
,,,,,exp3,,,,,mae,,,0.8884256116870018,0.23702350799251404,0.3193536980361755,0.002116,,,,,0.2,29,,,,window,25.0
,,,,,fixed_share,,,,,mae,,,0.24145933330758967,0.0802765633636932,0.10094861757775263,0.0021598,,,0.01,,,29,0.005,,,window,25.0
,,,,,passive_aggressive,,,,,mae,,,0.18833004734820932,0.06645737964517044,0.08238907943381177,0.000132,,,,,,29,,1.0e12,0.1,window,25.0
NaN,1.4671379,0,0.1,cholesky,adaptive_ridge,2510,quadratic_stacked_beta,0.9627282,7.500988562567397e-15,mae,0.5044097,25,0.3099240223307532,0.10869032306168726,0.13469414995939313,,,,,,,30,,,,window,25.0
,8.7e-5,,0.01,,static_ridge,,,,,mae,,,0.2681237104440177,0.10628204496691289,0.12676033278317406,,,,,,,30,,,,window,25.0
,,,,,rls,,,,,mae,,,0.21102284428226006,0.07005991849092323,0.08817235866109359,0.0027283,0.99,0.1,,,,30,,,,window,25.0
,,,,,hedge,,,,,mae,,,0.37509058862910344,0.14851555960774304,0.17597804187519556,0.0010479,,,1.0,24,,30,,,,window,25.0
,,,,,exp3,,,,,mae,,,0.948794377398713,0.30448921833012443,0.3888515652638487,0.0022195,,,,,0.2,30,,,,window,25.0
,,,,,fixed_share,,,,,mae,,,0.29664845772342396,0.10149275654737028,0.12724015325754134,0.0008737,,,0.1,,,30,0.02,,,window,25.0
,,,,,passive_aggressive,,,,,mae,,,0.223203652645055,0.07404637491807081,0.09352867953661068,0.0001991,,,,,,30,,1.0e12,0.1,window,25.0
108793.60750678857,0.0761764,0,1.0,cholesky,adaptive_ridge,510,quadratic_stacked_beta,0.016002,3.601533815297916e-15,mae,0.0601744,5,0.28984907917701636,0.12982284080813733,0.14962721083636996,,,,,,,1,,,,history,100.0
,6.0e-6,,1.0,,static_ridge,,,,,mae,,,0.21734629401895775,0.0804354081948277,0.09775296776195375,,,,,,,1,,,,history,100.0
,,,,,rls,,,,,mae,,,0.17090504686648308,0.06312099044507379,0.07739412343434895,8.31e-5,0.99,0.1,,,,1,,,,history,100.0
,,,,,hedge,,,,,mae,,,0.43467516457572386,0.21362503412852493,0.24234224404589058,3.91e-5,,,1.0,72,,1,,,,history,100.0
,,,,,exp3,,,,,mae,,,1.4439168634935962,0.5080067820741736,0.6051247299326289,6.68e-5,,,,,0.2,1,,,,history,100.0
,,,,,fixed_share,,,,,mae,,,0.36492034172185517,0.1295103299198306,0.1632575494256795,3.71e-5,,,0.25,,,1,0.01,,,history,100.0
,,,,,passive_aggressive,,,,,mae,,,0.20073318123006084,0.07407488338870674,0.09216655445972739,6.5e-6,,,,,,1,,1.0e12,0.1,history,100.0
145456.1005143466,0.0744777,0,1.0,cholesky,adaptive_ridge,510,quadratic_stacked_beta,0.0152943,5.26795927813064e-15,mae,0.0591834,5,0.48956992043358377,0.19344493361535575,0.23597722793884265,,,,,,,2,,,,history,100.0
,2.59e-5,,0.0001,,static_ridge,,,,,mae,,,0.23634121684174755,0.08851100370784429,0.10816516725279643,,,,,,,2,,,,history,100.0
,,,,,rls,,,,,mae,,,0.20919436640972516,0.08342229305232646,0.1002988039562912,8.01e-5,0.98,1.0e-6,,,,2,,,,history,100.0
,,,,,hedge,,,,,mae,,,0.22326292119949034,0.08894530894279276,0.10861845212640815,3.8e-5,,,1.0,72,,2,,,,history,100.0
,,,,,exp3,,,,,mae,,,0.9473963694256766,0.45681269035292055,0.5155541310204239,6.01e-5,,,,,0.4,2,,,,history,100.0
,,,,,fixed_share,,,,,mae,,,0.21650385544598133,0.09182118282538228,0.11078553025692368,2.39e-5,,,0.05,,,2,0.02,,,history,100.0
,,,,,passive_aggressive,,,,,mae,,,0.23326710455116303,0.08005192181543222,0.10191192350090346,6.8e-6,,,,,,2,,1.0e12,0.01,history,100.0
126850.35002856908,0.19648000000000002,0,1.0,cholesky,adaptive_ridge,510,quadratic_stacked_beta,0.1466822,4.3039427501533835e-15,mae,0.0497978,5,0.36314413685992714,0.1400101705803707,0.1737602830017482,,,,,,,3,,,,history,100.0
,2.69e-5,,0.0001,,static_ridge,,,,,mae,,,0.15356288400899595,0.04680441556465122,0.06189626454436223,,,,,,,3,,,,history,100.0
,,,,,rls,,,,,mae,,,0.1429966432707537,0.046093370800167385,0.06010567513353808,8.72e-5,0.99,0.01,,,,3,,,,history,100.0
,,,,,hedge,,,,,mae,,,0.3378535776961283,0.1118008533934039,0.13727296867296407,4.29e-5,,,1.0,72,,3,,,,history,100.0
,,,,,exp3,,,,,mae,,,1.6575713632868148,0.47398582699187347,0.6631384625065015,5.62e-5,,,,,0.4,3,,,,history,100.0
,,,,,fixed_share,,,,,mae,,,0.1419977671085328,0.050303427780164195,0.06114823707061597,2.61e-5,,,1.0,,,3,0.005,,,history,100.0
,,,,,passive_aggressive,,,,,mae,,,0.2999138964860834,0.09068139796246896,0.11721450456913785,6.8e-6,,,,,,3,,1.0e12,0.1,history,100.0
44653.104422332835,0.0927287,0,1.0,cholesky,adaptive_ridge,510,quadratic_stacked_beta,0.0280751,2.9127503296143363e-15,mae,0.0646536,5,0.3519086892487651,0.1125132390035799,0.1406603416621364,,,,,,,4,,,,history,100.0
,7.0e-6,,0.01,,static_ridge,,,,,mae,,,0.14802942902332503,0.07014582458453567,0.08286621489211242,,,,,,,4,,,,history,100.0
,,,,,rls,,,,,mae,,,0.1848881546469607,0.06245748474441325,0.07802719714674308,8.54e-5,0.95,0.1,,,,4,,,,history,100.0
,,,,,hedge,,,,,mae,,,0.20220335882493362,0.076011449264602,0.09409729790594018,2.91e-5,,,1.0,0,,4,,,,history,100.0
,,,,,exp3,,,,,mae,,,1.5511522574992602,0.4232156963638902,0.5891908914588001,5.6e-5,,,,,0.05,4,,,,history,100.0
,,,,,fixed_share,,,,,mae,,,0.1777815785516928,0.0663743096721278,0.08460604411095975,2.63e-5,,,0.05,,,4,0.01,,,history,100.0
,,,,,passive_aggressive,,,,,mae,,,0.1750575771914059,0.06406074911355435,0.07946949633474437,6.3e-6,,,,,,4,,1.0e12,0.1,history,100.0
563896.4333046412,0.0692239,0,1.0,cholesky,adaptive_ridge,510,quadratic_stacked_beta,0.0144241,4.085695843338777e-15,mae,0.0547998,5,0.3695962710800615,0.13665538079085882,0.16866899283400907,,,,,,,5,,,,history,100.0
,8.1e-6,,0.001,,static_ridge,,,,,mae,,,0.10795402536106687,0.04016001753046333,0.049135681619967994,,,,,,,5,,,,history,100.0
,,,,,rls,,,,,mae,,,0.09983529689299121,0.04358073533727603,0.05096760259751113,7.84e-5,0.995,0.1,,,,5,,,,history,100.0
,,,,,hedge,,,,,mae,,,0.21527416605997482,0.0681161103256764,0.08847381777031546,4.95e-5,,,0.25,24,,5,,,,history,100.0
,,,,,exp3,,,,,mae,,,1.3397539190824876,0.4132475541292402,0.5433420676604935,7.12e-5,,,,,0.01,5,,,,history,100.0
,,,,,fixed_share,,,,,mae,,,0.10553048802272802,0.04504873065069271,0.05410253983199368,2.46e-5,,,0.25,,,5,0.005,,,history,100.0
,,,,,passive_aggressive,,,,,mae,,,0.17845378871248113,0.057910369936424046,0.07656599371766237,6.7e-6,,,,,,5,,1.0e12,0.01,history,100.0
73434.74380757079,0.0633484,0,1.0,cholesky,adaptive_ridge,510,quadratic_stacked_beta,0.014148,5.881954390644672e-15,mae,0.0492004,5,0.5531293230970915,0.1746226002504069,0.2257297639603895,,,,,,,6,,,,history,100.0
,2.68e-5,,0.0001,,static_ridge,,,,,mae,,,0.35800654747185146,0.15224454057821965,0.17738754122680522,,,,,,,6,,,,history,100.0
,,,,,rls,,,,,mae,,,0.38841179927179265,0.10740264077620143,0.14869924758387973,8.71e-5,0.95,0.1,,,,6,,,,history,100.0
,,,,,hedge,,,,,mae,,,0.5405727644578131,0.1549238893897194,0.21155269767471854,3.31e-5,,,1.0,0,,6,,,,history,100.0
,,,,,exp3,,,,,mae,,,1.0432940910590118,0.40925398133559293,0.4993969424290295,6.45e-5,,,,,0.4,6,,,,history,100.0
,,,,,fixed_share,,,,,mae,,,0.5019912020048063,0.1409391984351181,0.19713815906747914,5.11e-5,,,0.1,,,6,0.005,,,history,100.0
,,,,,passive_aggressive,,,,,mae,,,0.23688212882645246,0.06963445541725846,0.09228369664214782,1.02e-5,,,,,,6,,1.0e12,0.1,history,100.0
95844.55973759912,0.1032782,0,1.0,cholesky,adaptive_ridge,510,quadratic_stacked_beta,0.0099374,4.1417703503670635e-15,mae,0.0933408,5,0.4237172792741588,0.15024619266552836,0.18261900640868847,,,,,,,7,,,,history,100.0
,2.62e-5,,0.0001,,static_ridge,,,,,mae,,,0.30598043266767483,0.0957844363548513,0.12563644420465728,,,,,,,7,,,,history,100.0
,,,,,rls,,,,,mae,,,0.2737683020249876,0.07801757761782982,0.10154667368582929,8.31e-5,0.95,1.0e-6,,,,7,,,,history,100.0
,,,,,hedge,,,,,mae,,,0.2631578204631806,0.08526644324307057,0.10641177313101868,4.58e-5,,,0.01,24,,7,,,,history,100.0
,,,,,exp3,,,,,mae,,,1.235694769545145,0.3020930789635766,0.42983692237025656,5.54e-5,,,,,0.4,7,,,,history,100.0
,,,,,fixed_share,,,,,mae,,,0.2649198115835547,0.08614954985253996,0.10752552349851008,2.57e-5,,,0.01,,,7,0.1,,,history,100.0
,,,,,passive_aggressive,,,,,mae,,,0.24953067597688533,0.0706248548744517,0.09818131926886074,6.6e-6,,,,,,7,,1.0e12,0.1,history,100.0
52732.908262884295,0.06691359999999999,0,1.0,cholesky,adaptive_ridge,510,quadratic_stacked_beta,0.0086083,2.419429970120066e-15,mae,0.0583053,5,0.41281937514787936,0.13970025616801998,0.17333532476400096,,,,,,,8,,,,history,100.0
,6.3e-6,,1.0,,static_ridge,,,,,mae,,,0.22641933295776956,0.07743623005612178,0.09961754583724146,,,,,,,8,,,,history,100.0
,,,,,rls,,,,,mae,,,0.1941791270168683,0.07572035178065548,0.09358796659040355,8.54e-5,0.98,0.1,,,,8,,,,history,100.0
,,,,,hedge,,,,,mae,,,0.2624045946970259,0.10917973351809293,0.13076464828578108,3.83e-5,,,0.01,72,,8,,,,history,100.0
,,,,,exp3,,,,,mae,,,1.0091715190786847,0.337556421724057,0.4212060604827811,6.24e-5,,,,,0.4,8,,,,history,100.0
,,,,,fixed_share,,,,,mae,,,0.2639037693439913,0.11038663928818478,0.13173458290900017,2.37e-5,,,0.01,,,8,0.1,,,history,100.0
,,,,,passive_aggressive,,,,,mae,,,0.1831433279753635,0.07320151794455534,0.08662713147663571,8.3e-6,,,,,,8,,1.0e12,0.01,history,100.0
48155.27429014688,0.10841340000000001,0,1.0,cholesky,adaptive_ridge,510,quadratic_stacked_beta,0.0625933,5.1230543183510664e-15,mae,0.0458201,5,0.41695593149361637,0.13351361668884962,0.16364761084911494,,,,,,,9,,,,history,100.0
,7.2e-6,,0.01,,static_ridge,,,,,mae,,,0.3021849433263834,0.10345513161315983,0.13045428074812812,,,,,,,9,,,,history,100.0
,,,,,rls,,,,,mae,,,0.2518285056955327,0.09981913309196921,0.1241969057357669,8.7e-5,0.95,0.1,,,,9,,,,history,100.0
,,,,,hedge,,,,,mae,,,0.3467073627318685,0.12668214100234088,0.15341160160015765,4.29e-5,,,0.01,24,,9,,,,history,100.0
,,,,,exp3,,,,,mae,,,1.47195278236037,0.47061982406423625,0.6157494959751455,5.7e-5,,,,,0.2,9,,,,history,100.0
,,,,,fixed_share,,,,,mae,,,0.40842638861222746,0.11056058784397167,0.14859877865203688,2.71e-5,,,0.25,,,9,0.01,,,history,100.0
,,,,,passive_aggressive,,,,,mae,,,0.24850767341880942,0.09717015582364175,0.12199297586900347,7.7e-6,,,,,,9,,1.0e12,0.1,history,100.0
293458.76420923934,0.0560378,0,1.0,cholesky,adaptive_ridge,510,quadratic_stacked_beta,0.0098725,5.9599607826456144e-15,mae,0.0461653,5,0.4988349811808033,0.15392766227984717,0.19651108154591526,,,,,,,10,,,,history,100.0
,2.43e-5,,0.0001,,static_ridge,,,,,mae,,,0.17832704246251235,0.0597436030106266,0.07968199779994134,,,,,,,10,,,,history,100.0
,,,,,rls,,,,,mae,,,0.19145044472975664,0.058673707735457624,0.07996963505965912,8.37e-5,0.995,1.0e-6,,,,10,,,,history,100.0
,,,,,hedge,,,,,mae,,,0.34255184070145217,0.1493665353714375,0.17633752807755698,3.11e-5,,,1.0,0,,10,,,,history,100.0
,,,,,exp3,,,,,mae,,,1.2844713509631438,0.4641443882731436,0.557246530086011,6.44e-5,,,,,0.05,10,,,,history,100.0
,,,,,fixed_share,,,,,mae,,,0.3252308755315925,0.1308105155303567,0.15983006361521385,3.83e-5,,,0.5,,,10,0.02,,,history,100.0
,,,,,passive_aggressive,,,,,mae,,,0.28573589060474724,0.05918055264878737,0.09007023115206006,6.8e-6,,,,,,10,,1.0e12,0.1,history,100.0
39376.297345669685,0.0599017,0,1.0,cholesky,adaptive_ridge,510,quadratic_stacked_beta,0.0101771,2.5976567351786536e-15,mae,0.0497246,5,0.39860324590317603,0.11764662812115236,0.1617236245194019,,,,,,,11,,,,history,100.0
,5.7e-6,,1.0,,static_ridge,,,,,mae,,,0.2112437640191314,0.06786375536286554,0.08622675440283743,,,,,,,11,,,,history,100.0
,,,,,rls,,,,,mae,,,0.18296950463102205,0.09222257891194,0.10707605932404128,8.39e-5,0.98,0.1,,,,11,,,,history,100.0
,,,,,hedge,,,,,mae,,,0.32696733406581024,0.14356808281873598,0.16410825767430584,3.25e-5,,,1.0,0,,11,,,,history,100.0
,,,,,exp3,,,,,mae,,,1.184111875220489,0.3686719505575935,0.48693700832282794,6.97e-5,,,,,0.4,11,,,,history,100.0
,,,,,fixed_share,,,,,mae,,,0.2584627411302793,0.11177385473501576,0.13412784001292094,2.6e-5,,,0.25,,,11,0.01,,,history,100.0
,,,,,passive_aggressive,,,,,mae,,,0.2182590029391343,0.077165815624368,0.09842922856975023,6.3e-6,,,,,,11,,1.0e12,0.1,history,100.0
123322.82779207845,0.0562955,0,1.0,cholesky,adaptive_ridge,510,quadratic_stacked_beta,0.0092947,4.613682571132951e-15,mae,0.0470008,5,0.4231302870952707,0.13863680451473345,0.17547891023932938,,,,,,,12,,,,history,100.0
,9.2e-6,,0.001,,static_ridge,,,,,mae,,,0.2433338541961087,0.07706031526623963,0.09502161153901599,,,,,,,12,,,,history,100.0
,,,,,rls,,,,,mae,,,0.24524903284335803,0.0798408462368536,0.0981491176194201,0.0001004,0.995,0.1,,,,12,,,,history,100.0
,,,,,hedge,,,,,mae,,,0.2967566418833382,0.09560711040939225,0.11896661345546583,3.87e-5,,,1.0,72,,12,,,,history,100.0
,,,,,exp3,,,,,mae,,,1.0944636008500053,0.4066235692971069,0.49570466167239396,5.51e-5,,,,,0.4,12,,,,history,100.0
,,,,,fixed_share,,,,,mae,,,0.2730386243310098,0.08772691036764399,0.11268707113216785,2.71e-5,,,0.25,,,12,0.01,,,history,100.0
,,,,,passive_aggressive,,,,,mae,,,0.22052531453188867,0.07108390970734105,0.08873761114209648,6.6e-6,,,,,,12,,1.0e12,0.1,history,100.0
110315.0379170372,0.07107379999999999,0,1.0,cholesky,adaptive_ridge,510,quadratic_stacked_beta,0.0155075,3.82204571938556e-15,mae,0.0555663,5,0.43314836788101563,0.16515786940629001,0.1977763308794384,,,,,,,13,,,,history,100.0
,9.4e-6,,0.001,,static_ridge,,,,,mae,,,0.18864665584017157,0.07755984744252725,0.09824183997711033,,,,,,,13,,,,history,100.0
,,,,,rls,,,,,mae,,,0.1907120203261393,0.07414912753888656,0.08931087754915251,8.44e-5,0.995,0.1,,,,13,,,,history,100.0
,,,,,hedge,,,,,mae,,,0.2898968212795447,0.12057305528554729,0.14780005589247852,4.18e-5,,,1.0,24,,13,,,,history,100.0
,,,,,exp3,,,,,mae,,,1.3370878481925514,0.43879625170632713,0.5598968558788486,5.59e-5,,,,,0.2,13,,,,history,100.0
,,,,,fixed_share,,,,,mae,,,0.29835582710525815,0.08018881669228847,0.10539657937299034,2.93e-5,,,1.0,,,13,0.05,,,history,100.0
,,,,,passive_aggressive,,,,,mae,,,0.17795236431496542,0.07493799374758431,0.09032186049555692,8.3e-6,,,,,,13,,1.0e12,0.1,history,100.0
30397.200230526778,0.061473299999999995,0,1.0,cholesky,adaptive_ridge,510,quadratic_stacked_beta,0.0107447,3.102720054295079e-15,mae,0.0507286,5,0.45264751338171083,0.11798851128707559,0.16147239047959802,,,,,,,14,,,,history,100.0
,7.0e-6,,1.0,,static_ridge,,,,,mae,,,0.32387077708028916,0.10892468048824593,0.1353096510609812,,,,,,,14,,,,history,100.0
,,,,,rls,,,,,mae,,,0.28407233012136646,0.12005748946008031,0.14485466531198907,8.49e-5,0.98,0.1,,,,14,,,,history,100.0
,,,,,hedge,,,,,mae,,,0.4057245471767004,0.15275386874633354,0.1869155473508656,2.98e-5,,,1.0,0,,14,,,,history,100.0
,,,,,exp3,,,,,mae,,,0.9839491691465064,0.34140751679885195,0.43975727316145824,5.25e-5,,,,,0.4,14,,,,history,100.0
,,,,,fixed_share,,,,,mae,,,0.30612293795246986,0.13049152262086794,0.1540657517918321,2.4e-5,,,0.25,,,14,0.02,,,history,100.0
,,,,,passive_aggressive,,,,,mae,,,0.3976240787202865,0.11899944463774599,0.15869599098313622,8.2e-6,,,,,,14,,1.0e12,0.01,history,100.0
198957.99474671687,0.061578999999999995,0,1.0,cholesky,adaptive_ridge,510,quadratic_stacked_beta,0.0087542,5.237610447409397e-15,mae,0.0528248,5,0.37577676514416003,0.16424171127317044,0.19565471278102303,,,,,,,15,,,,history,100.0
,5.9e-6,,1.0,,static_ridge,,,,,mae,,,0.3580078920284184,0.11179077515319019,0.14180463147359754,,,,,,,15,,,,history,100.0
,,,,,rls,,,,,mae,,,0.33808015914193434,0.10668589172705144,0.13973977332570295,0.000118,0.99,1.0e-6,,,,15,,,,history,100.0
,,,,,hedge,,,,,mae,,,0.5057640453150551,0.17206133534539578,0.2120809836172332,3.87e-5,,,1.0,24,,15,,,,history,100.0
,,,,,exp3,,,,,mae,,,1.4255127189523071,0.47801743905853633,0.5953386842681803,7.03e-5,,,,,0.2,15,,,,history,100.0
,,,,,fixed_share,,,,,mae,,,0.459197800382109,0.1165215169027934,0.16623714376879828,2.47e-5,,,0.25,,,15,0.02,,,history,100.0
,,,,,passive_aggressive,,,,,mae,,,0.40407367241844777,0.11113673244264227,0.16069705360873704,6.7e-6,,,,,,15,,1.0e12,0.1,history,100.0
54180.524161447756,0.068235,0,1.0,cholesky,adaptive_ridge,510,quadratic_stacked_beta,0.0138623,3.1837526973820263e-15,mae,0.0543727,5,0.31012869783716,0.12363571239117323,0.15611184307736448,,,,,,,16,,,,history,100.0
,2.55e-5,,0.0001,,static_ridge,,,,,mae,,,0.23016299405700377,0.08801912296400284,0.10773547561518786,,,,,,,16,,,,history,100.0
,,,,,rls,,,,,mae,,,0.21381651848173083,0.08649704728738258,0.10053753162630943,9.49e-5,0.995,0.1,,,,16,,,,history,100.0
,,,,,hedge,,,,,mae,,,0.24606196899870306,0.09757840789257646,0.12148521188094578,3.91e-5,,,1.0,24,,16,,,,history,100.0
,,,,,exp3,,,,,mae,,,1.127351085820709,0.4199701966615651,0.5128918698519067,5.58e-5,,,,,0.2,16,,,,history,100.0
,,,,,fixed_share,,,,,mae,,,0.22708773159135276,0.09351405559018018,0.114609689463396,2.43e-5,,,0.25,,,16,0.05,,,history,100.0
,,,,,passive_aggressive,,,,,mae,,,0.2002073631513497,0.07224666097070684,0.08956121563400567,6.5e-6,,,,,,16,,1.0e12,0.01,history,100.0
89641.2592377136,0.1155528,0,1.0,cholesky,adaptive_ridge,510,quadratic_stacked_beta,0.0145444,3.718987330829981e-15,mae,0.1010084,5,0.4067960924270789,0.128570206077857,0.16555378986042033,,,,,,,17,,,,history,100.0
,2.82e-5,,0.0001,,static_ridge,,,,,mae,,,0.25457264561366516,0.10317430769470577,0.12197115240828234,,,,,,,17,,,,history,100.0
,,,,,rls,,,,,mae,,,0.15122836940912085,0.068557232288392,0.08130942361999313,0.000245,0.9,0.1,,,,17,,,,history,100.0
,,,,,hedge,,,,,mae,,,0.26453821684574574,0.11505208052167205,0.1399084193964976,0.0001254,,,1.0,24,,17,,,,history,100.0
,,,,,exp3,,,,,mae,,,0.9843557772105314,0.3008057785120075,0.3978902021318532,7.67e-5,,,,,0.1,17,,,,history,100.0
,,,,,fixed_share,,,,,mae,,,0.21016925932812494,0.07584809537786161,0.09475466286194456,5.28e-5,,,1.0,,,17,0.05,,,history,100.0
,,,,,passive_aggressive,,,,,mae,,,0.14139546790652507,0.058824802426515305,0.07358792469882201,9.8e-6,,,,,,17,,1.0e12,0.1,history,100.0
324160.20475271996,0.056873599999999996,0,1.0,cholesky,adaptive_ridge,510,quadratic_stacked_beta,0.0094799,4.866713574171402e-15,mae,0.0473937,5,0.419763770227022,0.1779472291878741,0.21158055084460933,,,,,,,18,,,,history,100.0
,2.76e-5,,0.0001,,static_ridge,,,,,mae,,,0.20935115917515518,0.07220484262038009,0.09032572363310064,,,,,,,18,,,,history,100.0
,,,,,rls,,,,,mae,,,0.2169148120876424,0.05814834122633981,0.08171366224347237,8.52e-5,0.98,1.0e-6,,,,18,,,,history,100.0
,,,,,hedge,,,,,mae,,,0.27945199947387545,0.08694107116214501,0.11174632940845289,4.0e-5,,,1.0,24,,18,,,,history,100.0
,,,,,exp3,,,,,mae,,,1.1859201554973748,0.34627021115693535,0.47266498294398673,5.84e-5,,,,,0.05,18,,,,history,100.0
,,,,,fixed_share,,,,,mae,,,0.30348686720711837,0.08750372025807883,0.11797248186151592,3.54e-5,,,0.25,,,18,0.1,,,history,100.0
,,,,,passive_aggressive,,,,,mae,,,0.21119034088181998,0.08091038948435506,0.09918806307061764,6.1e-6,,,,,,18,,1.0e12,0.1,history,100.0
51428.42658802736,0.0724941,0,1.0,cholesky,adaptive_ridge,510,quadratic_stacked_beta,0.0089391,3.610079014798355e-15,mae,0.063555,5,0.35758363891247613,0.1552312514704763,0.1854130409100595,,,,,,,19,,,,history,100.0
,2.74e-5,,0.0001,,static_ridge,,,,,mae,,,0.3485149740178323,0.12059621627280057,0.14781702953588574,,,,,,,19,,,,history,100.0
,,,,,rls,,,,,mae,,,0.3216924870801981,0.09396519037114859,0.12395445993841489,8.44e-5,0.99,1.0e-6,,,,19,,,,history,100.0
,,,,,hedge,,,,,mae,,,0.2881145690647287,0.10669534022546727,0.13221557017910307,3.13e-5,,,0.5,0,,19,,,,history,100.0
,,,,,exp3,,,,,mae,,,1.1058267836099045,0.3506144208200506,0.45214302112051286,5.72e-5,,,,,0.4,19,,,,history,100.0
,,,,,fixed_share,,,,,mae,,,0.29046942297042877,0.10712202586196162,0.1333341814604274,3.21e-5,,,0.01,,,19,0.005,,,history,100.0
,,,,,passive_aggressive,,,,,mae,,,0.2705466003653367,0.08598565396310652,0.1102306068179457,6.5e-6,,,,,,19,,1.0e12,0.1,history,100.0
608261.2751702643,0.0542903,0,1.0,cholesky,adaptive_ridge,510,quadratic_stacked_beta,0.0093709,5.4531604329163805e-15,mae,0.0449194,5,0.5145996030690011,0.18514854455475682,0.2376984312500819,,,,,,,20,,,,history,100.0
,8.5e-6,,0.001,,static_ridge,,,,,mae,,,0.1397579995827755,0.05043471987234055,0.06289074319930006,,,,,,,20,,,,history,100.0
,,,,,rls,,,,,mae,,,0.1435181779735948,0.04524242357714058,0.06265690640201108,8.2e-5,0.95,0.1,,,,20,,,,history,100.0
,,,,,hedge,,,,,mae,,,0.19432163644038283,0.09127144053919976,0.10783921948627531,4.98e-5,,,0.01,0,,20,,,,history,100.0
,,,,,exp3,,,,,mae,,,0.8883781557615492,0.37991337186837876,0.45549037047375207,0.1076826,,,,,0.2,20,,,,history,100.0
,,,,,fixed_share,,,,,mae,,,0.19639605622159265,0.09154362052229346,0.10845281615311723,2.33e-5,,,0.01,,,20,0.1,,,history,100.0
,,,,,passive_aggressive,,,,,mae,,,0.16248193351108536,0.06789253203500442,0.0823797638826517,7.2e-6,,,,,,20,,1.0e12,0.01,history,100.0
84135.90350750776,0.0789704,0,1.0,cholesky,adaptive_ridge,510,quadratic_stacked_beta,0.0092355,3.371891285715196e-15,mae,0.0697349,5,0.3138336626391876,0.09672602747026443,0.12219718170786896,,,,,,,21,,,,history,100.0
,2.86e-5,,0.0001,,static_ridge,,,,,mae,,,0.13751435371420384,0.06063834256399038,0.07229269684111128,,,,,,,21,,,,history,100.0
,,,,,rls,,,,,mae,,,0.14173018210931776,0.06105166290658271,0.07375259931462261,8.71e-5,0.995,0.1,,,,21,,,,history,100.0
,,,,,hedge,,,,,mae,,,0.20496991157785935,0.07351237029219675,0.09113478284160124,4.16e-5,,,1.0,24,,21,,,,history,100.0
,,,,,exp3,,,,,mae,,,1.2512582878286256,0.35308616917017244,0.46363933819590536,6.01e-5,,,,,0.4,21,,,,history,100.0
,,,,,fixed_share,,,,,mae,,,0.17459545320158812,0.07363345751763893,0.08834049629642561,2.62e-5,,,0.05,,,21,0.02,,,history,100.0
,,,,,passive_aggressive,,,,,mae,,,0.2593626041863806,0.07438276618627503,0.09587722355438595,6.6e-6,,,,,,21,,1.0e12,0.1,history,100.0
53928.43707146963,0.0548621,0,1.0,cholesky,adaptive_ridge,510,quadratic_stacked_beta,0.0085885,1.5713914212187312e-15,mae,0.0462736,5,0.3177413231665984,0.14495959849133802,0.1640090889544291,,,,,,,22,,,,history,100.0
,6.6e-6,,0.01,,static_ridge,,,,,mae,,,0.13492181428029962,0.05050073942801462,0.06369382676799135,,,,,,,22,,,,history,100.0
,,,,,rls,,,,,mae,,,0.14608544448683838,0.050252081235498215,0.06340492294561775,8.41e-5,0.995,0.1,,,,22,,,,history,100.0
,,,,,hedge,,,,,mae,,,0.25613992055781265,0.09203204132489107,0.11521718612164115,3.81e-5,,,1.0,24,,22,,,,history,100.0
,,,,,exp3,,,,,mae,,,0.7234098852954808,0.22930840763316726,0.29702945054966506,8.72e-5,,,,,0.01,22,,,,history,100.0
,,,,,fixed_share,,,,,mae,,,0.18524953869236283,0.06281852990449953,0.07916195862926373,2.64e-5,,,0.5,,,22,0.02,,,history,100.0
,,,,,passive_aggressive,,,,,mae,,,0.21205617435380827,0.06092975398644094,0.0800816932285821,6.4e-6,,,,,,22,,1.0e12,0.1,history,100.0
167587.22637125358,0.0618734,0,1.0,cholesky,adaptive_ridge,510,quadratic_stacked_beta,0.008578,4.491279250142352e-15,mae,0.0532954,5,0.32546531059612444,0.10026649267336735,0.1330723278356918,,,,,,,23,,,,history,100.0
,2.66e-5,,0.0001,,static_ridge,,,,,mae,,,0.1428517879340759,0.06467944678803692,0.07935785394102902,,,,,,,23,,,,history,100.0
,,,,,rls,,,,,mae,,,0.11719963552036086,0.05159175764719796,0.060984443705832454,8.17e-5,0.95,0.1,,,,23,,,,history,100.0
,,,,,hedge,,,,,mae,,,0.3545463514436107,0.15174693963664673,0.18140405458054373,3.77e-5,,,1.0,72,,23,,,,history,100.0
,,,,,exp3,,,,,mae,,,1.2125637812337966,0.43658042802499064,0.5635872462916718,5.42e-5,,,,,0.4,23,,,,history,100.0
,,,,,fixed_share,,,,,mae,,,0.23392505872691272,0.09322592954069818,0.11109539834552384,2.49e-5,,,0.5,,,23,0.005,,,history,100.0
,,,,,passive_aggressive,,,,,mae,,,0.18165583520962386,0.057489035299720694,0.07422060279215817,6.4e-6,,,,,,23,,1.0e12,0.01,history,100.0
138942.7222632982,0.0702937,0,1.0,cholesky,adaptive_ridge,510,quadratic_stacked_beta,0.0145383,4.528939282157779e-15,mae,0.0557554,5,0.6583522510445463,0.14327760883580037,0.20867705364573422,,,,,,,24,,,,history,100.0
,7.5e-6,,0.01,,static_ridge,,,,,mae,,,0.23052859683235916,0.07382982351337322,0.09614978006034519,,,,,,,24,,,,history,100.0
,,,,,rls,,,,,mae,,,0.2592009974194034,0.0790250306033854,0.10254683679196985,8.75e-5,0.995,0.1,,,,24,,,,history,100.0
,,,,,hedge,,,,,mae,,,0.21706979156394768,0.08430974391552785,0.10362914727461127,4.26e-5,,,1.0,24,,24,,,,history,100.0
,,,,,exp3,,,,,mae,,,1.5806098671079898,0.5048524570383381,0.6851968366207383,5.76e-5,,,,,0.2,24,,,,history,100.0
,,,,,fixed_share,,,,,mae,,,0.2399213888495497,0.07668844393269081,0.09703061911840635,2.67e-5,,,0.1,,,24,0.005,,,history,100.0
,,,,,passive_aggressive,,,,,mae,,,0.2429873626714586,0.08313222415663415,0.10551032484384645,7.5e-6,,,,,,24,,1.0e12,0.1,history,100.0
77991.02250106868,0.2165371,0,1.0,cholesky,adaptive_ridge,510,quadratic_stacked_beta,0.0104364,2.4953906757368513e-15,mae,0.2061007,5,0.33270284122371147,0.10452999067135171,0.13741868429659265,,,,,,,25,,,,history,100.0
,5.9e-6,,0.1,,static_ridge,,,,,mae,,,0.22016697935131843,0.08846854412016751,0.10642808871138909,,,,,,,25,,,,history,100.0
,,,,,rls,,,,,mae,,,0.2431914856537203,0.08822703310877267,0.10931644291706277,8.26e-5,0.995,0.1,,,,25,,,,history,100.0
,,,,,hedge,,,,,mae,,,0.32692321629261173,0.16995165305740773,0.1892770486519876,3.94e-5,,,1.0,72,,25,,,,history,100.0
,,,,,exp3,,,,,mae,,,0.7673938600149436,0.3226241681533913,0.400416499306463,5.51e-5,,,,,0.1,25,,,,history,100.0
,,,,,fixed_share,,,,,mae,,,0.297481857351479,0.14565923282762971,0.17001038602502125,2.48e-5,,,0.1,,,25,0.005,,,history,100.0
,,,,,passive_aggressive,,,,,mae,,,0.24809234216535608,0.09833103961699138,0.12327826718894963,7.2e-6,,,,,,25,,1.0e12,0.1,history,100.0
2.3052205863894825e9,0.0739439,0,0.0001,cholesky,adaptive_ridge,510,quadratic_stacked_beta,0.0157598,4.657662636402832e-15,mae,0.0581841,5,0.7237192522885828,0.2644639615354583,0.3279860809721219,,,,,,,26,,,,history,100.0
,2.54e-5,,0.0001,,static_ridge,,,,,mae,,,0.28047782789025105,0.1426938879550907,0.15695784251259484,,,,,,,26,,,,history,100.0
,,,,,rls,,,,,mae,,,0.19931577043239,0.07432074760442195,0.09230867713689486,7.73e-5,0.9,0.1,,,,26,,,,history,100.0
,,,,,hedge,,,,,mae,,,0.4518327610269968,0.20815334316564363,0.2367351907009125,3.81e-5,,,1.0,24,,26,,,,history,100.0
,,,,,exp3,,,,,mae,,,1.4967702736634383,0.5812074118283737,0.7083498087060958,6.17e-5,,,,,0.4,26,,,,history,100.0
,,,,,fixed_share,,,,,mae,,,0.3672721291245267,0.14055455020853183,0.1778148046907125,2.37e-5,,,0.5,,,26,0.05,,,history,100.0
,,,,,passive_aggressive,,,,,mae,,,0.13205065132075433,0.05989874323137927,0.06950919734064734,6.7e-6,,,,,,26,,1.0e12,0.01,history,100.0
584853.3694034746,0.07184890000000001,0,1.0,cholesky,adaptive_ridge,510,quadratic_stacked_beta,0.0150325,3.370771434266407e-15,mae,0.0568164,5,0.33143598450783424,0.10659125924773095,0.14506709203279042,,,,,,,27,,,,history,100.0
,2.65e-5,,0.0001,,static_ridge,,,,,mae,,,0.1650878003800496,0.05590346666354121,0.06696888510964036,,,,,,,27,,,,history,100.0
,,,,,rls,,,,,mae,,,0.1477690926032876,0.044452673279644035,0.058355314059154506,8.1e-5,0.995,1.0e-6,,,,27,,,,history,100.0
,,,,,hedge,,,,,mae,,,0.1778095116126534,0.07680081816424851,0.09005720785189614,4.51e-5,,,0.01,0,,27,,,,history,100.0
,,,,,exp3,,,,,mae,,,0.8478280187987763,0.31203383539227086,0.39607782546735665,5.43e-5,,,,,0.2,27,,,,history,100.0
,,,,,fixed_share,,,,,mae,,,0.1761632008053476,0.07719454419448515,0.09024343573385046,2.42e-5,,,0.01,,,27,0.1,,,history,100.0
,,,,,passive_aggressive,,,,,mae,,,0.10494882102786852,0.05148104712803893,0.06004465745438419,6.0e-6,,,,,,27,,1.0e12,0.1,history,100.0
63980.19056566305,0.0620638,0,1.0,cholesky,adaptive_ridge,510,quadratic_stacked_beta,0.0094827,3.164206482238873e-15,mae,0.0525811,5,0.37871102287397407,0.10942595774203705,0.1476509824104337,,,,,,,28,,,,history,100.0
,2.77e-5,,0.0001,,static_ridge,,,,,mae,,,0.23352152576977364,0.08462920292392151,0.10488037772001534,,,,,,,28,,,,history,100.0
,,,,,rls,,,,,mae,,,0.17863389166529745,0.07113417839250939,0.08917031783431141,8.65e-5,0.95,1.0e-6,,,,28,,,,history,100.0
,,,,,hedge,,,,,mae,,,0.3090188224285914,0.09223367600102943,0.12120079605420986,3.25e-5,,,1.0,0,,28,,,,history,100.0
,,,,,exp3,,,,,mae,,,0.991779786099972,0.2946724252541063,0.40587518659419713,5.87e-5,,,,,0.1,28,,,,history,100.0
,,,,,fixed_share,,,,,mae,,,0.15064110240109985,0.06563979460534057,0.0778915737202596,2.58e-5,,,0.25,,,28,0.02,,,history,100.0
,,,,,passive_aggressive,,,,,mae,,,0.22728260880422801,0.07771884292438631,0.09423973775251196,7.2e-6,,,,,,28,,1.0e12,0.1,history,100.0
79669.84836290871,0.0661212,0,1.0,cholesky,adaptive_ridge,510,quadratic_stacked_beta,0.009188,3.885833793484026e-15,mae,0.0569332,5,0.6027075004691967,0.21015552951245223,0.2600970692337246,,,,,,,29,,,,history,100.0
,2.64e-5,,0.0001,,static_ridge,,,,,mae,,,0.25482229107960913,0.1034637851638725,0.1280801463230407,,,,,,,29,,,,history,100.0
,,,,,rls,,,,,mae,,,0.2171418901595679,0.0780548908498777,0.09751462728234975,8.27e-5,0.98,1.0e-6,,,,29,,,,history,100.0
,,,,,hedge,,,,,mae,,,0.2782502516977384,0.09731540097770867,0.12431568610122197,4.05e-5,,,1.0,72,,29,,,,history,100.0
,,,,,exp3,,,,,mae,,,1.4221098487169945,0.5089768341552765,0.6433349480891138,5.52e-5,,,,,0.4,29,,,,history,100.0
,,,,,fixed_share,,,,,mae,,,0.26485497054704565,0.08318319764315561,0.1105205047232505,2.58e-5,,,0.1,,,29,0.005,,,history,100.0
,,,,,passive_aggressive,,,,,mae,,,0.21245592312191322,0.0729071493054763,0.0901157469554703,7.1e-6,,,,,,29,,1.0e12,0.1,history,100.0
64969.29252027387,0.0654615,0,1.0,cholesky,adaptive_ridge,510,quadratic_stacked_beta,0.0096042,3.887787078868775e-15,mae,0.0558573,5,0.3842587109098533,0.16087589934298993,0.19060429635414425,,,,,,,30,,,,history,100.0
,7.8e-6,,1.0,,static_ridge,,,,,mae,,,0.18159706326728461,0.06657851681458112,0.08649032916621528,,,,,,,30,,,,history,100.0
,,,,,rls,,,,,mae,,,0.1811816005845334,0.06368773817185308,0.08160489883436621,8.64e-5,0.9,0.1,,,,30,,,,history,100.0
,,,,,hedge,,,,,mae,,,0.2566200859026888,0.11863061994487395,0.141509712176918,3.43e-5,,,1.0,0,,30,,,,history,100.0
,,,,,exp3,,,,,mae,,,1.1788852456789611,0.4476320223219953,0.5477713921889193,6.05e-5,,,,,0.1,30,,,,history,100.0
,,,,,fixed_share,,,,,mae,,,0.21348424797450893,0.07571552420915217,0.09472612638446275,2.6e-5,,,0.1,,,30,0.01,,,history,100.0
,,,,,passive_aggressive,,,,,mae,,,0.1987358473413196,0.07308126099512405,0.09012772986661712,9.6e-6,,,,,,30,,1.0e12,0.001,history,100.0
25553.01470453453,0.0534245,0,1.0,cholesky,adaptive_ridge,510,quadratic_stacked_beta,0.0094934,4.542891379891367e-15,mae,0.0439311,5,0.28115076519434723,0.09619070353522216,0.12113821439340987,,,,,,,1,,,,history,200.0
,8.6e-6,,1.0,,static_ridge,,,,,mae,,,0.23875192253753824,0.08162049660388991,0.10413337162123942,,,,,,,1,,,,history,200.0
,,,,,rls,,,,,mae,,,0.19181023864741228,0.06612914110067691,0.08212181289617335,0.0001652,0.98,0.1,,,,1,,,,history,200.0
,,,,,hedge,,,,,mae,,,0.46274465081832056,0.21410801898466697,0.24433760179208988,5.82e-5,,,1.0,0,,1,,,,history,200.0
,,,,,exp3,,,,,mae,,,1.2104995956937412,0.46090803524985874,0.5633479340884462,0.0001043,,,,,0.2,1,,,,history,200.0
,,,,,fixed_share,,,,,mae,,,0.33614994152194105,0.11727347571753496,0.14893510519264344,4.9e-5,,,0.25,,,1,0.02,,,history,200.0
,,,,,passive_aggressive,,,,,mae,,,0.18637306486325075,0.07236267292996426,0.09010684731430207,1.32e-5,,,,,,1,,1.0e12,0.1,history,200.0
19234.010059208125,0.06941069999999999,0,1.0,cholesky,adaptive_ridge,510,quadratic_stacked_beta,0.0099483,6.258384387327016e-15,mae,0.0594624,5,0.2971601917087999,0.12367277482033597,0.14985913807174361,,,,,,,2,,,,history,200.0
,2.84e-5,,0.0001,,static_ridge,,,,,mae,,,0.21480915462399908,0.08090551010573026,0.09874958934026991,,,,,,,2,,,,history,200.0
,,,,,rls,,,,,mae,,,0.18606887519576062,0.07877334015738911,0.09396615727713907,0.0001739,0.995,1.0e-6,,,,2,,,,history,200.0
,,,,,hedge,,,,,mae,,,0.20690039329761772,0.08813465581406378,0.1043677315420685,7.61e-5,,,1.0,24,,2,,,,history,200.0
,,,,,exp3,,,,,mae,,,1.3249512278379965,0.484411341931914,0.5708889934367005,9.44e-5,,,,,0.2,2,,,,history,200.0
,,,,,fixed_share,,,,,mae,,,0.20193868314075203,0.09139227779721854,0.10638792592573129,5.04e-5,,,0.1,,,2,0.05,,,history,200.0
,,,,,passive_aggressive,,,,,mae,,,0.1974791187415289,0.07977774943203184,0.09535829331817397,1.24e-5,,,,,,2,,1.0e12,0.1,history,200.0
60759.235776551344,0.0670831,0,1.0,cholesky,adaptive_ridge,510,quadratic_stacked_beta,0.0102731,5.276045816437409e-15,mae,0.05681,5,0.32532034577988544,0.10535817970229737,0.13696021729704463,,,,,,,3,,,,history,200.0
,4.31e-5,,0.0001,,static_ridge,,,,,mae,,,0.16004189095781474,0.04928302905847128,0.0647442453992699,,,,,,,3,,,,history,200.0
,,,,,rls,,,,,mae,,,0.15874661458018097,0.04849629252191918,0.06341425624681289,0.0002311,0.995,0.1,,,,3,,,,history,200.0
,,,,,hedge,,,,,mae,,,0.33393323586064,0.11966230926948937,0.14462261614785787,0.0001189,,,1.0,24,,3,,,,history,200.0
,,,,,exp3,,,,,mae,,,1.3562590727807375,0.4219786659356159,0.5714782076792354,7.97e-5,,,,,0.4,3,,,,history,200.0
,,,,,fixed_share,,,,,mae,,,0.16250715165004548,0.055704714294198765,0.06849631310873378,4.53e-5,,,1.0,,,3,0.02,,,history,200.0
,,,,,passive_aggressive,,,,,mae,,,0.26962102998034504,0.0881577581385868,0.10917468217574786,1.14e-5,,,,,,3,,1.0e12,0.1,history,200.0
15166.36214682009,0.2528582,0,1.0,cholesky,adaptive_ridge,510,quadratic_stacked_beta,0.2006327,4.807004501407798e-15,mae,0.0522255,5,0.24926209670315252,0.0805931021626248,0.10258593878455664,,,,,,,4,,,,history,200.0
,8.7e-6,,1.0,,static_ridge,,,,,mae,,,0.2369917559075664,0.07520469427831437,0.0939620689762678,,,,,,,4,,,,history,200.0
,,,,,rls,,,,,mae,,,0.22268146658053714,0.06931874682959253,0.09113343086629813,0.0001667,0.95,0.1,,,,4,,,,history,200.0
,,,,,hedge,,,,,mae,,,0.22685759768716537,0.07111089087597179,0.09100133669633703,7.64e-5,,,1.0,168,,4,,,,history,200.0
,,,,,exp3,,,,,mae,,,1.2084338444179104,0.41448574609232286,0.5191098821392043,0.0001344,,,,,0.2,4,,,,history,200.0
,,,,,fixed_share,,,,,mae,,,0.21748069040403722,0.06960668903704392,0.08902950413330657,5.77e-5,,,0.05,,,4,0.02,,,history,200.0
,,,,,passive_aggressive,,,,,mae,,,0.24690822771207013,0.07093800094539073,0.0942395941201964,1.26e-5,,,,,,4,,1.0e12,0.1,history,200.0
65131.87438472884,0.0605424,0,1.0,cholesky,adaptive_ridge,510,quadratic_stacked_beta,0.0112593,6.374563788130339e-15,mae,0.0492831,5,0.29361268886984915,0.11366443095573164,0.13845960484117248,,,,,,,5,,,,history,200.0
,1.0e-5,,0.01,,static_ridge,,,,,mae,,,0.16425357950362596,0.05767678937331811,0.0733189200294859,,,,,,,5,,,,history,200.0
,,,,,rls,,,,,mae,,,0.15894368152179342,0.04719310143225199,0.06192653148613085,0.0001826,0.995,0.1,,,,5,,,,history,200.0
,,,,,hedge,,,,,mae,,,0.23891650074947907,0.07473849276033455,0.09695250051732363,8.09e-5,,,0.25,72,,5,,,,history,200.0
,,,,,exp3,,,,,mae,,,1.14157974407861,0.3639618085479426,0.480448632828789,9.28e-5,,,,,0.1,5,,,,history,200.0
,,,,,fixed_share,,,,,mae,,,0.14819295094812893,0.05128457067560517,0.06392442945459094,5.18e-5,,,0.25,,,5,0.02,,,history,200.0
,,,,,passive_aggressive,,,,,mae,,,0.17925722116039494,0.06941328841046371,0.08556128318835893,1.28e-5,,,,,,5,,1.0e12,0.1,history,200.0
24196.9512269756,0.1943823,0,1.0,cholesky,adaptive_ridge,510,quadratic_stacked_beta,0.0102511,7.145614744608479e-15,mae,0.1841312,5,0.3796067250912432,0.14866845888751729,0.17475177185586274,,,,,,,6,,,,history,200.0
,9.2e-6,,1.0,,static_ridge,,,,,mae,,,0.4117629301681771,0.14924677573749903,0.17635757387077294,,,,,,,6,,,,history,200.0
,,,,,rls,,,,,mae,,,0.3130217420346858,0.10919734490649342,0.14089852195518826,0.0001663,0.98,0.1,,,,6,,,,history,200.0
,,,,,hedge,,,,,mae,,,0.4704188825299617,0.1445709170825729,0.1955995964362888,5.64e-5,,,1.0,0,,6,,,,history,200.0
,,,,,exp3,,,,,mae,,,1.5089225858887783,0.5049587966654903,0.6353256260908217,8.25e-5,,,,,0.4,6,,,,history,200.0
,,,,,fixed_share,,,,,mae,,,0.4614957408654848,0.133962522871611,0.1846341642212204,4.89e-5,,,0.05,,,6,0.005,,,history,200.0
,,,,,passive_aggressive,,,,,mae,,,0.2494626849324993,0.09390908962072834,0.11706063556546188,1.26e-5,,,,,,6,,1.0e12,0.1,history,200.0
11632.07668623751,0.0746451,0,1.0,cholesky,adaptive_ridge,510,quadratic_stacked_beta,0.0199491,4.45407930830233e-15,mae,0.054696,5,0.30380768606516845,0.10619576533766688,0.1336944034956593,,,,,,,7,,,,history,200.0
,3.11e-5,,0.0001,,static_ridge,,,,,mae,,,0.3042245930370141,0.09102647775242548,0.11908393343632644,,,,,,,7,,,,history,200.0
,,,,,rls,,,,,mae,,,0.2513037512366789,0.07922168460215687,0.10164848384439182,0.0001716,0.95,0.1,,,,7,,,,history,200.0
,,,,,hedge,,,,,mae,,,0.2411814622785102,0.08385100539666997,0.1032902115770943,8.13e-5,,,0.01,0,,7,,,,history,200.0
,,,,,exp3,,,,,mae,,,1.1676760421779926,0.33140163645875503,0.44977974663850473,8.63e-5,,,,,0.4,7,,,,history,200.0
,,,,,fixed_share,,,,,mae,,,0.2418559098765937,0.08405444624186263,0.10378792981580072,5.09e-5,,,0.01,,,7,0.1,,,history,200.0
,,,,,passive_aggressive,,,,,mae,,,0.2342294478854079,0.07446029016432049,0.09691807929755647,1.25e-5,,,,,,7,,1.0e12,0.1,history,200.0
11842.726996778232,0.07703199999999999,0,1.0,cholesky,adaptive_ridge,510,quadratic_stacked_beta,0.0155859,3.2895503231230608e-15,mae,0.0614461,5,0.26902598535248273,0.08958756080293787,0.11562313670456427,,,,,,,8,,,,history,200.0
,3.06e-5,,0.0001,,static_ridge,,,,,mae,,,0.19700519885717416,0.08074553247413603,0.09365738154474045,,,,,,,8,,,,history,200.0
,,,,,rls,,,,,mae,,,0.1940856934449937,0.07588651527288724,0.0933159042768387,0.0001565,0.95,1.0e-6,,,,8,,,,history,200.0
,,,,,hedge,,,,,mae,,,0.27845445037449745,0.1132664354235539,0.1341676738253773,8.07e-5,,,0.01,72,,8,,,,history,200.0
,,,,,exp3,,,,,mae,,,1.174128205995811,0.3694711283545832,0.4695214862462212,8.93e-5,,,,,0.4,8,,,,history,200.0
,,,,,fixed_share,,,,,mae,,,0.2802283652458975,0.11388734985485009,0.13471931880771965,5.33e-5,,,0.01,,,8,0.1,,,history,200.0
,,,,,passive_aggressive,,,,,mae,,,0.2362239330648439,0.08507290214148681,0.10385478444654325,1.27e-5,,,,,,8,,1.0e12,0.1,history,200.0
9626.786703497319,0.1257307,0,1.0,cholesky,adaptive_ridge,510,quadratic_stacked_beta,0.0162683,5.172037780212246e-15,mae,0.1094624,5,0.31017427589647645,0.11743581502952594,0.1426544675295172,,,,,,,9,,,,history,200.0
,1.19e-5,,1.0,,static_ridge,,,,,mae,,,0.3003543045692975,0.11293776410811592,0.13562042910115682,,,,,,,9,,,,history,200.0
,,,,,rls,,,,,mae,,,0.2751426684475652,0.1037927068444215,0.1259695689262944,0.0001763,0.995,0.1,,,,9,,,,history,200.0
,,,,,hedge,,,,,mae,,,0.3198325780470553,0.1189090705711689,0.1456364243968055,7.85e-5,,,0.01,24,,9,,,,history,200.0
,,,,,exp3,,,,,mae,,,1.235702434735742,0.4195756216223171,0.5211661779859366,0.0001367,,,,,0.1,9,,,,history,200.0
,,,,,fixed_share,,,,,mae,,,0.36253701010454786,0.11634199996773742,0.14919815812773235,5.42e-5,,,0.25,,,9,0.02,,,history,200.0
,,,,,passive_aggressive,,,,,mae,,,0.2703714141609788,0.10192266359023372,0.12582466319277966,1.42e-5,,,,,,9,,1.0e12,0.1,history,200.0
62167.54356679257,0.0854097,0,1.0,cholesky,adaptive_ridge,510,quadratic_stacked_beta,0.0113003,6.000736230087518e-15,mae,0.0741094,5,0.2790908691662168,0.11445559265039988,0.1357090327804659,,,,,,,10,,,,history,200.0
,1.24e-5,,0.001,,static_ridge,,,,,mae,,,0.18681780031169387,0.06262968511520595,0.07834307098097834,,,,,,,10,,,,history,200.0
,,,,,rls,,,,,mae,,,0.18238114427523866,0.060432652855280634,0.07648951135019134,0.0001756,0.99,1.0e-6,,,,10,,,,history,200.0
,,,,,hedge,,,,,mae,,,0.335508909524522,0.1452904650090842,0.1708794993757678,7.43e-5,,,1.0,168,,10,,,,history,200.0
,,,,,exp3,,,,,mae,,,1.0344493111498552,0.33266462958184034,0.42768355268135555,0.0001285,,,,,0.4,10,,,,history,200.0
,,,,,fixed_share,,,,,mae,,,0.31075491116097104,0.1107536610385453,0.13947825150903467,5.0e-5,,,0.5,,,10,0.05,,,history,200.0
,,,,,passive_aggressive,,,,,mae,,,0.24643035560213195,0.06365745183567599,0.0870628448925678,1.22e-5,,,,,,10,,1.0e12,0.1,history,200.0
7993.097649567858,0.0698316,0,1.0,cholesky,adaptive_ridge,510,quadratic_stacked_beta,0.016584,3.918488347013996e-15,mae,0.0532476,5,0.2981590768815832,0.09960753719044044,0.12730488191759942,,,,,,,11,,,,history,200.0
,8.4e-6,,0.1,,static_ridge,,,,,mae,,,0.19605502544131914,0.07962710235581591,0.09622567251715854,,,,,,,11,,,,history,200.0
,,,,,rls,,,,,mae,,,0.1918774549164674,0.08611887369911364,0.09947119227289163,0.0001648,0.995,0.1,,,,11,,,,history,200.0
,,,,,hedge,,,,,mae,,,0.30902526338430425,0.12739457073359103,0.1501682239616817,8.17e-5,,,1.0,24,,11,,,,history,200.0
,,,,,exp3,,,,,mae,,,0.8700207757476169,0.32260140364119705,0.40164219778506155,9.1e-5,,,,,0.4,11,,,,history,200.0
,,,,,fixed_share,,,,,mae,,,0.2535128851005454,0.09890122792196636,0.12015151903127287,5.36e-5,,,0.1,,,11,0.005,,,history,200.0
,,,,,passive_aggressive,,,,,mae,,,0.22946892558731186,0.08622289850949072,0.10538879923484684,1.46e-5,,,,,,11,,1.0e12,0.1,history,200.0
11738.836122289325,0.0817823,0,1.0,cholesky,adaptive_ridge,510,quadratic_stacked_beta,0.0095832,4.425378661258067e-15,mae,0.0721991,5,0.2735951820883144,0.09902063468650299,0.11923737620451473,,,,,,,12,,,,history,200.0
,3.29e-5,,0.0001,,static_ridge,,,,,mae,,,0.25719910939956536,0.08366962864783209,0.1083554740370318,,,,,,,12,,,,history,200.0
,,,,,rls,,,,,mae,,,0.23326712574189953,0.07429361946450912,0.09496471079154775,0.0001751,0.98,1.0e-6,,,,12,,,,history,200.0
,,,,,hedge,,,,,mae,,,0.2982384899001202,0.09817314384680198,0.12347963995142479,7.95e-5,,,0.5,72,,12,,,,history,200.0
,,,,,exp3,,,,,mae,,,1.150168535644769,0.3620711602599409,0.46405269820421147,0.0001032,,,,,0.1,12,,,,history,200.0
,,,,,fixed_share,,,,,mae,,,0.2815033336666447,0.08392292321180436,0.10836332691860551,3.89e-5,,,0.25,,,12,0.01,,,history,200.0
,,,,,passive_aggressive,,,,,mae,,,0.24000616966466634,0.07241864002598347,0.09528866229773418,1.39e-5,,,,,,12,,1.0e12,0.1,history,200.0
23347.76898183373,0.07363570000000001,0,1.0,cholesky,adaptive_ridge,510,quadratic_stacked_beta,0.0105771,5.157257039484251e-15,mae,0.0630586,5,0.3129746274664991,0.10744419091335272,0.13110020377638107,,,,,,,13,,,,history,200.0
,9.7e-6,,0.01,,static_ridge,,,,,mae,,,0.20114400245570888,0.07190292648408195,0.09030890022700097,,,,,,,13,,,,history,200.0
,,,,,rls,,,,,mae,,,0.2038832576294533,0.07178418188763468,0.0902733397483809,0.0001692,0.995,0.1,,,,13,,,,history,200.0
,,,,,hedge,,,,,mae,,,0.3339394330113446,0.11594144913299627,0.14682447757681177,7.44e-5,,,0.01,168,,13,,,,history,200.0
,,,,,exp3,,,,,mae,,,1.2496273907080462,0.44826683295857905,0.5403363659959642,8.1e-5,,,,,0.4,13,,,,history,200.0
,,,,,fixed_share,,,,,mae,,,0.2406967865569534,0.08234136309736294,0.1033642322938939,4.79e-5,,,1.0,,,13,0.05,,,history,200.0
,,,,,passive_aggressive,,,,,mae,,,0.24457086396314429,0.0775008950480479,0.096996117801975,1.35e-5,,,,,,13,,1.0e12,0.1,history,200.0
4049.2093400273675,0.059406799999999996,0,1.0,cholesky,adaptive_ridge,510,quadratic_stacked_beta,0.0103599,3.4587933859422337e-15,mae,0.0490469,5,0.3308210117524778,0.13265797841490412,0.16137323436270148,,,,,,,14,,,,history,200.0
,2.85e-5,,0.0001,,static_ridge,,,,,mae,,,0.32482960367637376,0.11327379808536107,0.13845529517804595,,,,,,,14,,,,history,200.0
,,,,,rls,,,,,mae,,,0.32472368619478414,0.11260714626284037,0.13929284459943608,0.0001641,0.995,1.0e-6,,,,14,,,,history,200.0
,,,,,hedge,,,,,mae,,,0.3765584164671847,0.13562382838532686,0.1672359998744665,5.41e-5,,,1.0,0,,14,,,,history,200.0
,,,,,exp3,,,,,mae,,,1.389384897816008,0.43903256416916225,0.5765200991050222,9.22e-5,,,,,0.4,14,,,,history,200.0
,,,,,fixed_share,,,,,mae,,,0.34322605115759697,0.120759906607754,0.15024688201545983,4.62e-5,,,0.1,,,14,0.005,,,history,200.0
,,,,,passive_aggressive,,,,,mae,,,0.39312459031996966,0.11924100827934778,0.15291960356737164,1.27e-5,,,,,,14,,1.0e12,0.1,history,200.0
42808.44390461987,0.0883458,0,1.0,cholesky,adaptive_ridge,510,quadratic_stacked_beta,0.023873,5.491016478543356e-15,mae,0.0644728,5,0.3389272450653369,0.11572046416100217,0.14665076072757802,,,,,,,15,,,,history,200.0
,9.9e-6,,1.0,,static_ridge,,,,,mae,,,0.3202999457824854,0.0963269658675184,0.12534741776928618,,,,,,,15,,,,history,200.0
,,,,,rls,,,,,mae,,,0.3130341535157251,0.0997459001987211,0.12642463502632859,0.0001947,0.995,1.0e-6,,,,15,,,,history,200.0
,,,,,hedge,,,,,mae,,,0.4698810935906212,0.18029185046344584,0.21611759364711167,7.29e-5,,,1.0,24,,15,,,,history,200.0
,,,,,exp3,,,,,mae,,,1.4649411025350711,0.49288694866550564,0.623456947558995,8.23e-5,,,,,0.4,15,,,,history,200.0
,,,,,fixed_share,,,,,mae,,,0.41993302877147787,0.11975506978702706,0.16056028515609883,4.85e-5,,,0.1,,,15,0.005,,,history,200.0
,,,,,passive_aggressive,,,,,mae,,,0.3709299560861488,0.11085197784753305,0.148055136076104,1.28e-5,,,,,,15,,1.0e12,0.1,history,200.0
9376.962332773708,0.1140198,0,1.0,cholesky,adaptive_ridge,510,quadratic_stacked_beta,0.0698177,3.998686960550353e-15,mae,0.0442021,5,0.2482370543532045,0.09437644965621551,0.11576437619633773,,,,,,,16,,,,history,200.0
,3.07e-5,,0.0001,,static_ridge,,,,,mae,,,0.20335705391587403,0.07810279623984341,0.09537976171507938,,,,,,,16,,,,history,200.0
,,,,,rls,,,,,mae,,,0.20220618398844775,0.07999123272431766,0.09588157065286898,0.0001598,0.995,1.0e-6,,,,16,,,,history,200.0
,,,,,hedge,,,,,mae,,,0.25181720377865313,0.0951455405381851,0.11819362606585698,7.85e-5,,,0.5,24,,16,,,,history,200.0
,,,,,exp3,,,,,mae,,,1.1407364194009657,0.32678895307162015,0.42241979811281966,9.79e-5,,,,,0.2,16,,,,history,200.0
,,,,,fixed_share,,,,,mae,,,0.2515892696966395,0.09279883079371853,0.11578631116807019,5.24e-5,,,0.25,,,16,0.05,,,history,200.0
,,,,,passive_aggressive,,,,,mae,,,0.2150869944343796,0.0860312597071032,0.10320544894577315,1.33e-5,,,,,,16,,1.0e12,0.1,history,200.0
17331.968603278918,0.06598269999999999,0,1.0,cholesky,adaptive_ridge,510,quadratic_stacked_beta,0.0113028,4.054692541369268e-15,mae,0.0546799,5,0.30107730282776063,0.12409927105162019,0.1478057941909042,,,,,,,17,,,,history,200.0
,3.12e-5,,0.0001,,static_ridge,,,,,mae,,,0.27099194881167776,0.10274147481307573,0.12413548879144849,,,,,,,17,,,,history,200.0
,,,,,rls,,,,,mae,,,0.15585264191120296,0.0704802294923421,0.0823596923589648,0.0001773,0.9,0.1,,,,17,,,,history,200.0
,,,,,hedge,,,,,mae,,,0.274891544113871,0.1227821296773601,0.14613808633214465,8.03e-5,,,1.0,24,,17,,,,history,200.0
,,,,,exp3,,,,,mae,,,0.9881304110563499,0.36945712300332606,0.43659157623937245,9.6e-5,,,,,0.4,17,,,,history,200.0
,,,,,fixed_share,,,,,mae,,,0.22893707064425434,0.08144085586838652,0.10173472861236683,5.28e-5,,,1.0,,,17,0.05,,,history,200.0
,,,,,passive_aggressive,,,,,mae,,,0.16315741111062254,0.05946821166524915,0.07551878104839571,1.21e-5,,,,,,17,,1.0e12,0.1,history,200.0
26502.345057474173,0.07444220000000001,0,1.0,cholesky,adaptive_ridge,510,quadratic_stacked_beta,0.0093605,5.861080629227038e-15,mae,0.0650817,5,0.32382673553472374,0.11353352201648356,0.1409389433978906,,,,,,,18,,,,history,200.0
,3.44e-5,,0.0001,,static_ridge,,,,,mae,,,0.17030200907858212,0.05849682470837226,0.07464364518651222,,,,,,,18,,,,history,200.0
,,,,,rls,,,,,mae,,,0.17456801245286374,0.05443350758202658,0.07045929100076911,0.0001753,0.995,1.0e-6,,,,18,,,,history,200.0
,,,,,hedge,,,,,mae,,,0.24976582649494267,0.07993346229175768,0.10114867139451836,5.86e-5,,,1.0,0,,18,,,,history,200.0
,,,,,exp3,,,,,mae,,,1.3426034405951792,0.4364895741578999,0.5497096367362966,8.95e-5,,,,,0.4,18,,,,history,200.0
,,,,,fixed_share,,,,,mae,,,0.25820111511362764,0.08174735070862033,0.10601520873672957,5.2e-5,,,0.05,,,18,0.02,,,history,200.0
,,,,,passive_aggressive,,,,,mae,,,0.19041672007082186,0.0666033679923286,0.08411040017475296,1.2e-5,,,,,,18,,1.0e12,0.1,history,200.0
18499.31862216153,0.0769868,0,1.0,cholesky,adaptive_ridge,510,quadratic_stacked_beta,0.0164217,6.0549813635126684e-15,mae,0.0605651,5,0.36749408699805713,0.11943221437574297,0.15239637717254195,,,,,,,19,,,,history,200.0
,9.6e-6,,0.01,,static_ridge,,,,,mae,,,0.331227103162706,0.10343793551604744,0.13168765937629162,,,,,,,19,,,,history,200.0
,,,,,rls,,,,,mae,,,0.2686629577260774,0.08189016363694655,0.1069930612438488,0.0001676,0.98,0.1,,,,19,,,,history,200.0
,,,,,hedge,,,,,mae,,,0.28290359683906013,0.10627793566382886,0.13008169283305981,6.16e-5,,,1.0,0,,19,,,,history,200.0
,,,,,exp3,,,,,mae,,,1.242178000611041,0.3630272649099118,0.4628029459761328,9.34e-5,,,,,0.05,19,,,,history,200.0
,,,,,fixed_share,,,,,mae,,,0.3027395600097983,0.10720731084794806,0.13438696844176276,5.24e-5,,,0.05,,,19,0.01,,,history,200.0
,,,,,passive_aggressive,,,,,mae,,,0.2801386747982098,0.08802959152758512,0.11140351372871564,1.24e-5,,,,,,19,,1.0e12,0.1,history,200.0
34478.42973735634,0.062143,0,1.0,cholesky,adaptive_ridge,510,quadratic_stacked_beta,0.0120266,4.7244867569701385e-15,mae,0.0501164,5,0.27763215441978717,0.10638742711008504,0.1289354225436188,,,,,,,20,,,,history,200.0
,3.36e-5,,0.0001,,static_ridge,,,,,mae,,,0.17838441782525563,0.07425165872867565,0.08626486197415988,,,,,,,20,,,,history,200.0
,,,,,rls,,,,,mae,,,0.13678477143604545,0.04612524402885363,0.06029596806631423,0.0001949,0.95,1.0e-6,,,,20,,,,history,200.0
,,,,,hedge,,,,,mae,,,0.27667845959925447,0.09926766274872395,0.12048755811362528,7.74e-5,,,0.01,168,,20,,,,history,200.0
,,,,,exp3,,,,,mae,,,1.3090699856972925,0.39684615171885274,0.5093411850697875,9.44e-5,,,,,0.4,20,,,,history,200.0
,,,,,fixed_share,,,,,mae,,,0.2780084243854768,0.09944316721645546,0.12072152348942589,5.09e-5,,,0.01,,,20,0.1,,,history,200.0
,,,,,passive_aggressive,,,,,mae,,,0.16504728164616947,0.059019383859978916,0.07635081534925275,1.37e-5,,,,,,20,,1.0e12,0.01,history,200.0
14347.10658836595,0.091584,0,1.0,cholesky,adaptive_ridge,510,quadratic_stacked_beta,0.0103819,4.900255923394573e-15,mae,0.0812021,5,0.23474833368480752,0.08512397266296876,0.10298071911802413,,,,,,,21,,,,history,200.0
,9.0e-6,,1.0,,static_ridge,,,,,mae,,,0.2032400563043607,0.07967500692040548,0.09682393204314382,,,,,,,21,,,,history,200.0
,,,,,rls,,,,,mae,,,0.19073475770157916,0.06221371517274464,0.08014654632256091,0.0001668,0.99,0.1,,,,21,,,,history,200.0
,,,,,hedge,,,,,mae,,,0.190073488391822,0.06878055915173706,0.08629535181131741,5.83e-5,,,0.5,0,,21,,,,history,200.0
,,,,,exp3,,,,,mae,,,0.9246359490004924,0.2935228226937077,0.3663277868614815,8.74e-5,,,,,0.2,21,,,,history,200.0
,,,,,fixed_share,,,,,mae,,,0.1873773045432538,0.06854683238401386,0.08546164926585059,5.84e-5,,,0.01,,,21,0.005,,,history,200.0
,,,,,passive_aggressive,,,,,mae,,,0.21777760029506393,0.06709643570366998,0.08620599891343704,1.54e-5,,,,,,21,,1.0e12,0.1,history,200.0
77852.78091338117,0.0758654,0,0.1,cholesky,adaptive_ridge,510,quadratic_stacked_beta,0.0163959,2.9855948124769897e-15,mae,0.0594695,5,0.2620613233858429,0.09444752611293687,0.11545715148335996,,,,,,,22,,,,history,200.0
,9.8e-6,,0.01,,static_ridge,,,,,mae,,,0.12752087324164435,0.04808707995451374,0.05965827139227827,,,,,,,22,,,,history,200.0
,,,,,rls,,,,,mae,,,0.1367923089514352,0.04883796057183792,0.06092307844263202,0.0001703,0.995,0.1,,,,22,,,,history,200.0
,,,,,hedge,,,,,mae,,,0.24763524668540754,0.0904991946474191,0.1128224194234882,7.35e-5,,,1.0,24,,22,,,,history,200.0
,,,,,exp3,,,,,mae,,,1.2524068095992953,0.27246861699587654,0.39449549551317004,8.62e-5,,,,,0.2,22,,,,history,200.0
,,,,,fixed_share,,,,,mae,,,0.17907150717385006,0.05751471025631274,0.07356464063859201,4.93e-5,,,0.25,,,22,0.01,,,history,200.0
,,,,,passive_aggressive,,,,,mae,,,0.16929072425604377,0.06106604358449716,0.07691181625122233,1.22e-5,,,,,,22,,1.0e12,0.01,history,200.0
31395.66785531119,0.07351079999999999,0,1.0,cholesky,adaptive_ridge,510,quadratic_stacked_beta,0.01022,4.430736742854385e-15,mae,0.0632908,5,0.3169437303859144,0.09450727249590594,0.12269780950091515,,,,,,,23,,,,history,200.0
,1.95e-5,,0.0001,,static_ridge,,,,,mae,,,0.15782442053829743,0.07072276898868776,0.0825641746083623,,,,,,,23,,,,history,200.0
,,,,,rls,,,,,mae,,,0.13307681836165414,0.05450657055679825,0.06505208040140732,0.0002354,0.99,0.1,,,,23,,,,history,200.0
,,,,,hedge,,,,,mae,,,0.37526473015161266,0.14987285771675823,0.1791031229754578,6.17e-5,,,1.0,72,,23,,,,history,200.0
,,,,,exp3,,,,,mae,,,1.220652648106133,0.36466251647569364,0.4957859112740745,5.22e-5,,,,,0.4,23,,,,history,200.0
,,,,,fixed_share,,,,,mae,,,0.2534464890370234,0.09769948976498971,0.11950848119720682,6.03e-5,,,0.25,,,23,0.005,,,history,200.0
,,,,,passive_aggressive,,,,,mae,,,0.18860740452985442,0.06032906169437116,0.07744094038885907,6.5e-6,,,,,,23,,1.0e12,0.01,history,200.0
19760.452180055257,0.0522083,0,1.0,cholesky,adaptive_ridge,510,quadratic_stacked_beta,0.031922,5.745769617114577e-15,mae,0.0202863,5,0.294332814957154,0.11362639584322393,0.1374956633175096,,,,,,,24,,,,history,200.0
,3.24e-5,,0.0001,,static_ridge,,,,,mae,,,0.20698334039263572,0.06632064593882164,0.08410458606241647,,,,,,,24,,,,history,200.0
,,,,,rls,,,,,mae,,,0.21990089482420883,0.06813853648999256,0.08681097625174132,8.45e-5,0.995,0.1,,,,24,,,,history,200.0
,,,,,hedge,,,,,mae,,,0.2104749821078064,0.08680558336478675,0.10549051411228845,2.52e-5,,,0.25,0,,24,,,,history,200.0
,,,,,exp3,,,,,mae,,,1.4217204685251315,0.39465566138009495,0.5313713546790938,3.74e-5,,,,,0.1,24,,,,history,200.0
,,,,,fixed_share,,,,,mae,,,0.23122937241441568,0.07325124671263539,0.09396623854505358,2.44e-5,,,0.5,,,24,0.05,,,history,200.0
,,,,,passive_aggressive,,,,,mae,,,0.22023588132135957,0.07339112274931972,0.09410034686356088,5.5e-6,,,,,,24,,1.0e12,0.1,history,200.0
12184.555728117162,0.039649500000000004,0,1.0,cholesky,adaptive_ridge,510,quadratic_stacked_beta,0.0160882,2.847154243130232e-15,mae,0.0235613,5,0.26509104218645974,0.10830103764912441,0.1326189796035791,,,,,,,25,,,,history,200.0
,4.7e-6,,0.1,,static_ridge,,,,,mae,,,0.21729588304847422,0.08200981034014164,0.0996428214646583,,,,,,,25,,,,history,200.0
,,,,,rls,,,,,mae,,,0.22809412446660152,0.07738438062329084,0.09768073097453656,9.16e-5,0.99,0.1,,,,25,,,,history,200.0
,,,,,hedge,,,,,mae,,,0.31593515631565633,0.1571628205985526,0.1787124223211488,3.45e-5,,,1.0,72,,25,,,,history,200.0
,,,,,exp3,,,,,mae,,,1.0425408644504601,0.36781357462013664,0.44990342353847823,5.97e-5,,,,,0.01,25,,,,history,200.0
,,,,,fixed_share,,,,,mae,,,0.31803357103232316,0.1296414340270751,0.15766693869092535,2.65e-5,,,0.1,,,25,0.005,,,history,200.0
,,,,,passive_aggressive,,,,,mae,,,0.2434137276437505,0.08856696968706858,0.11107793371146847,6.7e-6,,,,,,25,,1.0e12,0.1,history,200.0
18325.555878477142,0.0381974,0,1.0,cholesky,adaptive_ridge,510,quadratic_stacked_beta,0.005044,6.365228062456214e-15,mae,0.0331534,5,0.3473672365454099,0.14673422416513088,0.17402373100263482,,,,,,,26,,,,history,200.0
,1.07e-5,,1.0,,static_ridge,,,,,mae,,,0.3214288122551037,0.1343461330713699,0.16141444077221875,,,,,,,26,,,,history,200.0
,,,,,rls,,,,,mae,,,0.19719377953738818,0.07258187579338093,0.0914909223571364,0.0001843,0.9,0.1,,,,26,,,,history,200.0
,,,,,hedge,,,,,mae,,,0.4305745989122519,0.20713590980240223,0.23220198276459905,6.43e-5,,,1.0,0,,26,,,,history,200.0
,,,,,exp3,,,,,mae,,,1.0348527004365493,0.46667857139777746,0.5411834024616093,9.58e-5,,,,,0.4,26,,,,history,200.0
,,,,,fixed_share,,,,,mae,,,0.4276642454020564,0.1520771951526696,0.19086003785588732,6.28e-5,,,1.0,,,26,0.1,,,history,200.0
,,,,,passive_aggressive,,,,,mae,,,0.1388534612047598,0.05453099957401083,0.06728529698367981,1.5e-5,,,,,,26,,1.0e12,0.01,history,200.0
42830.42773672102,0.1414107,0,1.0,cholesky,adaptive_ridge,510,quadratic_stacked_beta,0.0100771,3.927893888008177e-15,mae,0.1313336,5,0.25086599106499663,0.09505524649284514,0.11852516933559916,,,,,,,27,,,,history,200.0
,3.1e-5,,0.0001,,static_ridge,,,,,mae,,,0.16463715732418205,0.05228501083541819,0.0663841526055486,,,,,,,27,,,,history,200.0
,,,,,rls,,,,,mae,,,0.15396495011535466,0.05002429314275695,0.06565572024020759,0.0001808,0.995,1.0e-6,,,,27,,,,history,200.0
,,,,,hedge,,,,,mae,,,0.23951677857164674,0.08710197513869178,0.10559403142484239,7.75e-5,,,0.25,72,,27,,,,history,200.0
,,,,,exp3,,,,,mae,,,1.015291989548117,0.37172127804326405,0.47384037014366087,0.0001088,,,,,0.4,27,,,,history,200.0
,,,,,fixed_share,,,,,mae,,,0.20461449034109797,0.07844203648805707,0.09575097170978611,5.31e-5,,,1.0,,,27,0.1,,,history,200.0
,,,,,passive_aggressive,,,,,mae,,,0.17728384179315065,0.059911171479199984,0.07501823650571476,1.52e-5,,,,,,27,,1.0e12,0.1,history,200.0
12141.59100293715,0.0794653,0,1.0,cholesky,adaptive_ridge,510,quadratic_stacked_beta,0.0104931,3.4066028964068065e-15,mae,0.0689722,5,0.277399409085292,0.10707287760035407,0.12874013480311572,,,,,,,28,,,,history,200.0
,3.23e-5,,0.0001,,static_ridge,,,,,mae,,,0.21676507271759535,0.07254501951662727,0.09284943850376098,,,,,,,28,,,,history,200.0
,,,,,rls,,,,,mae,,,0.17529476316986858,0.0618721229265712,0.07830484874350038,0.0001784,0.95,1.0e-6,,,,28,,,,history,200.0
,,,,,hedge,,,,,mae,,,0.28302658666102803,0.10096198770585271,0.1257811015615835,7.59e-5,,,1.0,72,,28,,,,history,200.0
,,,,,exp3,,,,,mae,,,0.984997750527996,0.326853302705964,0.4169881942764354,8.96e-5,,,,,0.4,28,,,,history,200.0
,,,,,fixed_share,,,,,mae,,,0.1525884827123713,0.06382955217708979,0.07875277324815852,4.92e-5,,,0.1,,,28,0.005,,,history,200.0
,,,,,passive_aggressive,,,,,mae,,,0.20307057972648707,0.06937144755761762,0.0874247653901734,1.21e-5,,,,,,28,,1.0e12,0.1,history,200.0
21142.694906953922,0.0704326,0,1.0,cholesky,adaptive_ridge,510,quadratic_stacked_beta,0.0144827,4.730650638414271e-15,mae,0.0559499,5,0.3069091648048982,0.0997845266483612,0.12662009389799753,,,,,,,29,,,,history,200.0
,9.5e-6,,1.0,,static_ridge,,,,,mae,,,0.2924946814300214,0.09344309480835161,0.1266545219094358,,,,,,,29,,,,history,200.0
,,,,,rls,,,,,mae,,,0.2176830330192433,0.07764664044503068,0.0968974570320551,0.0001892,0.98,0.1,,,,29,,,,history,200.0
,,,,,hedge,,,,,mae,,,0.29945366026341347,0.09319123155001019,0.11860014447195631,7.96e-5,,,1.0,168,,29,,,,history,200.0
,,,,,exp3,,,,,mae,,,1.3915435425416882,0.48677564175441246,0.5887311901322487,8.86e-5,,,,,0.4,29,,,,history,200.0
,,,,,fixed_share,,,,,mae,,,0.29412433900250845,0.09033544863867653,0.11590715905508218,5.61e-5,,,0.1,,,29,0.02,,,history,200.0
,,,,,passive_aggressive,,,,,mae,,,0.2018982881813327,0.06570195070700287,0.08187821722260864,1.31e-5,,,,,,29,,1.0e12,0.1,history,200.0
9916.26891592651,0.0848675,0,1.0,cholesky,adaptive_ridge,510,quadratic_stacked_beta,0.0102917,3.709505857651436e-15,mae,0.0745758,5,0.309833593057013,0.10579684779656404,0.13611148836539394,,,,,,,30,,,,history,200.0
,6.6e-6,,0.01,,static_ridge,,,,,mae,,,0.22198200328937273,0.07450735455584079,0.09729612694945436,,,,,,,30,,,,history,200.0
,,,,,rls,,,,,mae,,,0.2132464659549072,0.06484522922784261,0.08577464852340458,0.000177,0.995,0.1,,,,30,,,,history,200.0
,,,,,hedge,,,,,mae,,,0.3375074594278653,0.1299179988129889,0.1570731978196191,7.75e-5,,,1.0,72,,30,,,,history,200.0
,,,,,exp3,,,,,mae,,,1.0332216639521232,0.32159183898108373,0.4101654628155969,8.86e-5,,,,,0.2,30,,,,history,200.0
,,,,,fixed_share,,,,,mae,,,0.24220635644862185,0.0876760218387124,0.10816776075934563,5.03e-5,,,0.05,,,30,0.005,,,history,200.0
,,,,,passive_aggressive,,,,,mae,,,0.2518384304888499,0.08861083258125248,0.11013146189768203,1.4e-5,,,,,,30,,1.0e12,0.1,history,200.0
128241.18497539774,0.08033610000000001,0,0.1,cholesky,adaptive_ridge,510,quadratic_stacked_beta,0.0212418,4.079703773056533e-15,mae,0.0590943,5,0.3624317129177043,0.12269091938585114,0.15655563357363644,,,,,,,1,,,,history,400.0
,2.26e-5,,0.0001,,static_ridge,,,,,mae,,,0.18147387169864224,0.06335260373669221,0.07911467996216782,,,,,,,1,,,,history,400.0
,,,,,rls,,,,,mae,,,0.18197909113633032,0.06412270676206917,0.07973707212132829,0.0003442,0.995,1.0e-6,,,,1,,,,history,400.0
,,,,,hedge,,,,,mae,,,0.4588489711714141,0.21653894706069532,0.24506035636962042,0.0001828,,,1.0,72,,1,,,,history,400.0
,,,,,exp3,,,,,mae,,,0.9927323962517739,0.35230500074161547,0.44021697572630153,0.0001591,,,,,0.4,1,,,,history,400.0
,,,,,fixed_share,,,,,mae,,,0.3294501355787556,0.11602218514310055,0.1460912444247488,0.0001194,,,0.1,,,1,0.01,,,history,400.0
,,,,,passive_aggressive,,,,,mae,,,0.21676682128651284,0.07689796656794827,0.09670350933273261,2.26e-5,,,,,,1,,1.0e12,0.1,history,400.0
54027.90002775502,0.0684979,0,0.1,cholesky,adaptive_ridge,510,quadratic_stacked_beta,0.0129356,3.988005144931983e-15,mae,0.0555623,5,0.2779094862084678,0.09741697662140457,0.11978013076326174,,,,,,,2,,,,history,400.0
,6.52e-5,,0.01,,static_ridge,,,,,mae,,,0.2028622795750967,0.07368270391703197,0.09076380549905352,,,,,,,2,,,,history,400.0
,,,,,rls,,,,,mae,,,0.19421505503320746,0.07278909434322489,0.08912439135945012,0.00033,0.995,0.1,,,,2,,,,history,400.0
,,,,,hedge,,,,,mae,,,0.20505144888407775,0.08156549381292487,0.09773293639071763,0.0001114,,,1.0,0,,2,,,,history,400.0
,,,,,exp3,,,,,mae,,,1.12810716790627,0.39644015344192357,0.47852759124399197,0.000232,,,,,0.2,2,,,,history,400.0
,,,,,fixed_share,,,,,mae,,,0.2067436265104235,0.08330570562487269,0.09907173654351963,0.0001804,,,0.01,,,2,0.005,,,history,400.0
,,,,,passive_aggressive,,,,,mae,,,0.20696887412788037,0.08047487110573517,0.09689871081095582,2.59e-5,,,,,,2,,1.0e12,0.1,history,400.0
160527.439453403,0.0657209,0,0.1,cholesky,adaptive_ridge,510,quadratic_stacked_beta,0.0117772,3.398828307090924e-15,mae,0.0539437,5,0.4360395116714563,0.145645737935838,0.1840729073724868,,,,,,,3,,,,history,400.0
,1.58e-5,,0.01,,static_ridge,,,,,mae,,,0.17382617515528195,0.051252829248690984,0.06774417550350298,,,,,,,3,,,,history,400.0
,,,,,rls,,,,,mae,,,0.1632034685915703,0.05073107631601685,0.0639831074945554,0.0003262,0.99,0.1,,,,3,,,,history,400.0
,,,,,hedge,,,,,mae,,,0.3133353193767342,0.11469079538605739,0.13819463715112618,0.0001241,,,1.0,168,,3,,,,history,400.0
,,,,,exp3,,,,,mae,,,1.1437347077815885,0.30270011446042633,0.44457378781486495,0.0001422,,,,,0.4,3,,,,history,400.0
,,,,,fixed_share,,,,,mae,,,0.16115009797616167,0.0558563714780049,0.06927501352466879,0.0001021,,,1.0,,,3,0.02,,,history,400.0
,,,,,passive_aggressive,,,,,mae,,,0.24089759650399725,0.08001686810957316,0.10085673878352563,2.28e-5,,,,,,3,,1.0e12,0.1,history,400.0
58205.73967796754,0.0868548,0,0.1,cholesky,adaptive_ridge,510,quadratic_stacked_beta,0.0207914,3.601318368041022e-15,mae,0.0660634,5,0.2954607181258906,0.11612432223402393,0.14398428149862713,,,,,,,4,,,,history,400.0
,1.72e-5,,0.01,,static_ridge,,,,,mae,,,0.19053575081347335,0.06901695608434989,0.08583965617100181,,,,,,,4,,,,history,400.0
,,,,,rls,,,,,mae,,,0.2131167378374414,0.06916261169013889,0.08981247659276141,0.000346,0.95,1.0e-6,,,,4,,,,history,400.0
,,,,,hedge,,,,,mae,,,0.25961679499084184,0.08157915239039595,0.10404534723212755,0.0001288,,,1.0,168,,4,,,,history,400.0
,,,,,exp3,,,,,mae,,,1.1509042492039332,0.37084419723194906,0.48190594669742914,0.0001519,,,,,0.4,4,,,,history,400.0
,,,,,fixed_share,,,,,mae,,,0.24447683842074683,0.0792676970285746,0.09995081834360363,9.78e-5,,,0.05,,,4,0.02,,,history,400.0
,,,,,passive_aggressive,,,,,mae,,,0.2318627444729918,0.08227665119690317,0.10265986847902103,2.26e-5,,,,,,4,,1.0e12,0.1,history,400.0
189984.41564919593,0.0598384,0,0.1,cholesky,adaptive_ridge,510,quadratic_stacked_beta,0.0117306,3.1047518422113395e-15,mae,0.0481078,5,0.3051115101275918,0.12543598903674927,0.14843722276533017,,,,,,,5,,,,history,400.0
,3.74e-5,,0.001,,static_ridge,,,,,mae,,,0.14173058334714744,0.04801821130904853,0.06032104459908138,,,,,,,5,,,,history,400.0
,,,,,rls,,,,,mae,,,0.14686237282752515,0.04673468913087589,0.059741884611033386,0.0003302,0.99,0.1,,,,5,,,,history,400.0
,,,,,hedge,,,,,mae,,,0.25674838206357137,0.08038822610621942,0.10200799042815117,0.0001388,,,0.25,72,,5,,,,history,400.0
,,,,,exp3,,,,,mae,,,1.1164775423042257,0.3032066570632501,0.403417874846505,0.0001422,,,,,0.4,5,,,,history,400.0
,,,,,fixed_share,,,,,mae,,,0.16043052040713135,0.05067803957431569,0.06502321988533248,0.0001144,,,0.1,,,5,0.005,,,history,400.0
,,,,,passive_aggressive,,,,,mae,,,0.18778524492276488,0.061664321292607314,0.07899311527498803,2.61e-5,,,,,,5,,1.0e12,0.01,history,400.0
51884.26800918329,0.0563829,0,0.1,cholesky,adaptive_ridge,510,quadratic_stacked_beta,0.0129024,3.85946835915823e-15,mae,0.0434805,5,0.5103596425655113,0.15637899170430353,0.19999096820168177,,,,,,,6,,,,history,400.0
,2.91e-5,,0.001,,static_ridge,,,,,mae,,,0.3140081164492779,0.10878834119792562,0.1370255447739902,,,,,,,6,,,,history,400.0
,,,,,rls,,,,,mae,,,0.30145965529780006,0.0924724693834514,0.12152988402868156,0.0003262,0.95,0.1,,,,6,,,,history,400.0
,,,,,hedge,,,,,mae,,,0.46100976422542134,0.15620463254201025,0.20109525330880573,0.0002518,,,1.0,72,,6,,,,history,400.0
,,,,,exp3,,,,,mae,,,1.10118100785033,0.4007806998556152,0.49029326672813517,0.0002395,,,,,0.2,6,,,,history,400.0
,,,,,fixed_share,,,,,mae,,,0.43035978364400673,0.13531135594230245,0.1772485701922896,0.000201,,,0.1,,,6,0.005,,,history,400.0
,,,,,passive_aggressive,,,,,mae,,,0.2512994018588638,0.08781543390005099,0.11006872202790514,2.2e-5,,,,,,6,,1.0e12,0.1,history,400.0
29075.48205754619,0.0574997,0,0.1,cholesky,adaptive_ridge,510,quadratic_stacked_beta,0.0122369,3.1917988015792926e-15,mae,0.0452628,5,0.389599668814101,0.1211464429753129,0.16188991904402997,,,,,,,7,,,,history,400.0
,7.07e-5,,0.0001,,static_ridge,,,,,mae,,,0.24005480513470948,0.0782483621046566,0.09865151891876421,,,,,,,7,,,,history,400.0
,,,,,rls,,,,,mae,,,0.24263638856633823,0.07818748183599002,0.0988917434905319,0.0004737,0.995,1.0e-6,,,,7,,,,history,400.0
,,,,,hedge,,,,,mae,,,0.2592853710983167,0.09182868737578068,0.1128731743658418,0.0001035,,,0.25,0,,7,,,,history,400.0
,,,,,exp3,,,,,mae,,,0.9314386901697801,0.3018388455060351,0.3854801827313454,0.0002776,,,,,0.2,7,,,,history,400.0
,,,,,fixed_share,,,,,mae,,,0.31179687096657527,0.09076551638619877,0.11860662221521046,0.0002002,,,0.05,,,7,0.01,,,history,400.0
,,,,,passive_aggressive,,,,,mae,,,0.2539346027920191,0.07735280148469122,0.1008570291185212,2.43e-5,,,,,,7,,1.0e12,0.1,history,400.0
39940.45021822459,0.061130000000000004,0,0.1,cholesky,adaptive_ridge,510,quadratic_stacked_beta,0.0129753,2.5511737796673564e-15,mae,0.0481547,5,0.3734376463598186,0.11580849083555453,0.15067364473713957,,,,,,,8,,,,history,400.0
,2.1e-5,,0.001,,static_ridge,,,,,mae,,,0.16470520952855464,0.06540406577261923,0.07958677209080724,,,,,,,8,,,,history,400.0
,,,,,rls,,,,,mae,,,0.16946628599820018,0.06607679022722612,0.08064735685126088,0.0003179,0.995,0.1,,,,8,,,,history,400.0
,,,,,hedge,,,,,mae,,,0.26265973423512917,0.09548938637500536,0.1179551828098402,0.0001327,,,0.01,168,,8,,,,history,400.0
,,,,,exp3,,,,,mae,,,0.9129739173615978,0.3129813252262098,0.38660852455702144,0.0001705,,,,,0.4,8,,,,history,400.0
,,,,,fixed_share,,,,,mae,,,0.2644696961065231,0.09612530417455441,0.1185611209561766,0.0001376,,,0.01,,,8,0.1,,,history,400.0
,,,,,passive_aggressive,,,,,mae,,,0.19542498130140104,0.0744883098696817,0.08941044368803794,2.36e-5,,,,,,8,,1.0e12,0.1,history,400.0
37139.42705714475,0.1316669,0,0.1,cholesky,adaptive_ridge,510,quadratic_stacked_beta,0.0819199,3.98077878444241e-15,mae,0.049747,5,0.42017501674591556,0.17014655639475246,0.20255581195365893,,,,,,,9,,,,history,400.0
,6.87e-5,,0.001,,static_ridge,,,,,mae,,,0.2800167342481815,0.09275404721321306,0.11767761385994185,,,,,,,9,,,,history,400.0
,,,,,rls,,,,,mae,,,0.2703233400208769,0.09265878033765415,0.11643217441437363,0.0004684,0.995,0.1,,,,9,,,,history,400.0
,,,,,hedge,,,,,mae,,,0.29987078863612177,0.10928506776784125,0.1334320309330486,0.000154,,,0.01,168,,9,,,,history,400.0
,,,,,exp3,,,,,mae,,,1.1720561869553068,0.40034905406420973,0.5128379140356772,0.0001564,,,,,0.2,9,,,,history,400.0
,,,,,fixed_share,,,,,mae,,,0.30059345032362705,0.10954814439273891,0.13377355226936927,0.0001117,,,0.01,,,9,0.1,,,history,400.0
,,,,,passive_aggressive,,,,,mae,,,0.27079074737076614,0.10489683469168364,0.12835903174675423,2.43e-5,,,,,,9,,1.0e12,0.1,history,400.0
143648.2327892563,0.059932299999999994,0,0.1,cholesky,adaptive_ridge,510,quadratic_stacked_beta,0.0125147,2.819464829017829e-15,mae,0.0474176,5,0.2601728092358628,0.10152913215366471,0.12493336911114929,,,,,,,10,,,,history,400.0
,2.1e-5,,0.01,,static_ridge,,,,,mae,,,0.1954188318384184,0.06511772004541562,0.08203425294460608,,,,,,,10,,,,history,400.0
,,,,,rls,,,,,mae,,,0.18418244114668655,0.05986172273208218,0.07688910305980466,0.0003122,0.98,0.1,,,,10,,,,history,400.0
,,,,,hedge,,,,,mae,,,0.3276982100177209,0.1478483179119788,0.1709531481085545,0.0001007,,,1.0,0,,10,,,,history,400.0
,,,,,exp3,,,,,mae,,,1.0079031053881906,0.34567985099935705,0.4436965835408796,0.0001709,,,,,0.4,10,,,,history,400.0
,,,,,fixed_share,,,,,mae,,,0.29832529890018483,0.10188643465077754,0.1283330870721487,0.0001122,,,0.25,,,10,0.02,,,history,400.0
,,,,,passive_aggressive,,,,,mae,,,0.19176898648447177,0.06436229814672778,0.08109940747917102,2.29e-5,,,,,,10,,1.0e12,0.1,history,400.0
25662.91005552906,0.0706946,0,0.1,cholesky,adaptive_ridge,510,quadratic_stacked_beta,0.0180538,2.851411049581794e-15,mae,0.0526408,5,0.41367438101007825,0.16223952988802665,0.1954628426080674,,,,,,,11,,,,history,400.0
,4.97e-5,,0.01,,static_ridge,,,,,mae,,,0.20648566726441622,0.08359480343238786,0.09917230115416062,,,,,,,11,,,,history,400.0
,,,,,rls,,,,,mae,,,0.2050768577688383,0.08525715983151656,0.09924006100052567,0.0003306,0.995,0.1,,,,11,,,,history,400.0
,,,,,hedge,,,,,mae,,,0.3080816896110451,0.12887716437351593,0.1521396590553316,0.0001297,,,1.0,24,,11,,,,history,400.0
,,,,,exp3,,,,,mae,,,0.9737670552152369,0.29598395126105975,0.38339538882720897,0.0002286,,,,,0.2,11,,,,history,400.0
,,,,,fixed_share,,,,,mae,,,0.25941566182899073,0.10009745766441597,0.12143905206786239,0.0001817,,,0.05,,,11,0.005,,,history,400.0
,,,,,passive_aggressive,,,,,mae,,,0.24909690359525,0.09423661466276521,0.11323466940912104,2.4e-5,,,,,,11,,1.0e12,0.1,history,400.0
30397.089141828517,0.0645154,0,0.1,cholesky,adaptive_ridge,510,quadratic_stacked_beta,0.0156105,3.2511235690682322e-15,mae,0.0489049,5,0.34224198728319993,0.11188908482700358,0.14206087160309128,,,,,,,12,,,,history,400.0
,4.14e-5,,0.0001,,static_ridge,,,,,mae,,,0.22209840895687114,0.07046038519912486,0.09168820398255659,,,,,,,12,,,,history,400.0
,,,,,rls,,,,,mae,,,0.22110477640295775,0.07088520637121466,0.0920000076193909,0.0003568,0.99,1.0e-6,,,,12,,,,history,400.0
,,,,,hedge,,,,,mae,,,0.26479140450106836,0.09303445375688307,0.11536824401503415,0.0001504,,,0.25,0,,12,,,,history,400.0
,,,,,exp3,,,,,mae,,,1.0901948729891064,0.38501910775002335,0.4634729989123914,0.0001575,,,,,0.2,12,,,,history,400.0
,,,,,fixed_share,,,,,mae,,,0.3007684850346524,0.09161732650056467,0.11977340542800341,0.0001093,,,0.5,,,12,0.02,,,history,400.0
,,,,,passive_aggressive,,,,,mae,,,0.23972857971069209,0.06917677222798849,0.09136276041189824,2.4e-5,,,,,,12,,1.0e12,0.1,history,400.0
54398.80447153138,0.0799283,0,0.1,cholesky,adaptive_ridge,510,quadratic_stacked_beta,0.0228932,3.2410205969235098e-15,mae,0.0570351,5,0.37693491762758635,0.15388445097171705,0.18325866982098707,,,,,,,13,,,,history,400.0
,3.67e-5,,0.0001,,static_ridge,,,,,mae,,,0.196427120629814,0.0652550213233811,0.08295737095736679,,,,,,,13,,,,history,400.0
,,,,,rls,,,,,mae,,,0.1886896096027436,0.06414933655231957,0.08112302014025902,0.0003342,0.995,0.1,,,,13,,,,history,400.0
,,,,,hedge,,,,,mae,,,0.31200399323432243,0.11144964268237541,0.14049138637577985,0.000135,,,0.01,24,,13,,,,history,400.0
,,,,,exp3,,,,,mae,,,1.1065731198059647,0.39483680424146517,0.4890224265692659,0.0001469,,,,,0.2,13,,,,history,400.0
,,,,,fixed_share,,,,,mae,,,0.2566043577117755,0.08209430613912586,0.10709838685893547,0.0001008,,,0.25,,,13,0.02,,,history,400.0
,,,,,passive_aggressive,,,,,mae,,,0.25371989622056945,0.07565127714901428,0.09692693003173246,2.42e-5,,,,,,13,,1.0e12,0.1,history,400.0
15064.3832963205,0.0687613,0,0.1,cholesky,adaptive_ridge,510,quadratic_stacked_beta,0.0174245,2.580210709560774e-15,mae,0.0513368,5,0.5449306089428233,0.1880417506189933,0.22771403789173786,,,,,,,14,,,,history,400.0
,5.37e-5,,0.0001,,static_ridge,,,,,mae,,,0.3554563431818752,0.11977187914800451,0.14906677450550132,,,,,,,14,,,,history,400.0
,,,,,rls,,,,,mae,,,0.3205664580135193,0.11190570690364192,0.14060770656775948,0.0010945,0.98,1.0e-6,,,,14,,,,history,400.0
,,,,,hedge,,,,,mae,,,0.3813664909996052,0.13310189835714195,0.16502742623557806,0.0002822,,,1.0,168,,14,,,,history,400.0
,,,,,exp3,,,,,mae,,,1.3755796230952246,0.42499875478183025,0.5574113726157777,0.0002621,,,,,0.2,14,,,,history,400.0
,,,,,fixed_share,,,,,mae,,,0.3172567385499017,0.11756288846654515,0.1444145028950416,0.0002601,,,0.1,,,14,0.01,,,history,400.0
,,,,,passive_aggressive,,,,,mae,,,0.4589712232729507,0.13134638800277268,0.16973508695155087,2.85e-5,,,,,,14,,1.0e12,0.1,history,400.0
204403.3991150988,0.1068747,0,0.1,cholesky,adaptive_ridge,510,quadratic_stacked_beta,0.0137399,4.213485845307255e-15,mae,0.0931348,5,0.5018469763003484,0.18792923638939416,0.2272785365181366,,,,,,,15,,,,history,400.0
,3.86e-5,,0.0001,,static_ridge,,,,,mae,,,0.3691421511061049,0.10908137473473872,0.14122300959820083,,,,,,,15,,,,history,400.0
,,,,,rls,,,,,mae,,,0.35990654636440084,0.10810632614528269,0.14041378374296468,0.0003132,0.995,0.1,,,,15,,,,history,400.0
,,,,,hedge,,,,,mae,,,0.4660763425143418,0.17427237810211837,0.21093172752336006,0.0001238,,,1.0,24,,15,,,,history,400.0
,,,,,exp3,,,,,mae,,,1.4086203459122182,0.4443539170649911,0.5669046227108872,0.0001531,,,,,0.2,15,,,,history,400.0
,,,,,fixed_share,,,,,mae,,,0.42859224656676614,0.12966706617218027,0.16936661514606927,9.37e-5,,,0.1,,,15,0.01,,,history,400.0
,,,,,passive_aggressive,,,,,mae,,,0.5609962154579772,0.14296487318281717,0.198225224989281,2.28e-5,,,,,,15,,1.0e12,0.1,history,400.0
25357.446097872667,0.0618168,0,0.1,cholesky,adaptive_ridge,510,quadratic_stacked_beta,0.0119892,2.567588677541546e-15,mae,0.0498276,5,0.2874789006333956,0.11568182779852203,0.14237934957208773,,,,,,,16,,,,history,400.0
,4.08e-5,,0.0001,,static_ridge,,,,,mae,,,0.18261441729609548,0.06914766990687556,0.08558365235533956,,,,,,,16,,,,history,400.0
,,,,,rls,,,,,mae,,,0.1837486863334315,0.07056025267513778,0.08654951339393835,0.0003397,0.995,1.0e-6,,,,16,,,,history,400.0
,,,,,hedge,,,,,mae,,,0.22869748718394672,0.09088730968863633,0.1093358724816129,0.0001336,,,0.01,168,,16,,,,history,400.0
,,,,,exp3,,,,,mae,,,1.0366397147656288,0.30890369084138736,0.4037304098369424,0.0001778,,,,,0.1,16,,,,history,400.0
,,,,,fixed_share,,,,,mae,,,0.22992291627006997,0.09111328566939471,0.10971525176920402,0.0001156,,,0.01,,,16,0.1,,,history,400.0
,,,,,passive_aggressive,,,,,mae,,,0.19100201796975355,0.07659948454548192,0.0914079829567875,2.74e-5,,,,,,16,,1.0e12,0.1,history,400.0
43099.18253401733,0.06356350000000001,0,0.1,cholesky,adaptive_ridge,510,quadratic_stacked_beta,0.0141378,2.7227639939580104e-15,mae,0.0494257,5,0.3417524818188592,0.09845970734093103,0.12746813337455548,,,,,,,17,,,,history,400.0
,1.66e-5,,0.01,,static_ridge,,,,,mae,,,0.19090169832878842,0.06781819727755205,0.08462789862234149,,,,,,,17,,,,history,400.0
,,,,,rls,,,,,mae,,,0.15749916067951822,0.06026907910507513,0.07361922035273023,0.0003269,0.95,0.1,,,,17,,,,history,400.0
,,,,,hedge,,,,,mae,,,0.2818203727482918,0.1202434157410388,0.1429326200769564,0.0001426,,,1.0,24,,17,,,,history,400.0
,,,,,exp3,,,,,mae,,,0.9568718007044441,0.3367705373134042,0.4077213310704953,0.0001534,,,,,0.2,17,,,,history,400.0
,,,,,fixed_share,,,,,mae,,,0.21148839029996397,0.07802479296642371,0.09582310454138816,0.0001016,,,0.1,,,17,0.005,,,history,400.0
,,,,,passive_aggressive,,,,,mae,,,0.18362452810255522,0.0645928264670561,0.08122096825300862,2.41e-5,,,,,,17,,1.0e12,0.01,history,400.0
93047.06432707392,0.1730079,0,0.1,cholesky,adaptive_ridge,510,quadratic_stacked_beta,0.0111627,3.686223035400915e-15,mae,0.1618452,5,0.33940320700321724,0.11734379498454707,0.14647187516698792,,,,,,,18,,,,history,400.0
,1.91e-5,,0.01,,static_ridge,,,,,mae,,,0.16053922899158793,0.0566828654909081,0.07104576662270562,,,,,,,18,,,,history,400.0
,,,,,rls,,,,,mae,,,0.16407262110767593,0.057110009681498305,0.07131129604351191,0.0003639,0.995,0.1,,,,18,,,,history,400.0
,,,,,hedge,,,,,mae,,,0.24980672432454556,0.0811953738625792,0.10377254977425933,0.0001438,,,1.0,168,,18,,,,history,400.0
,,,,,exp3,,,,,mae,,,1.2282521980497314,0.41035088509765266,0.5198020575239893,0.0001689,,,,,0.2,18,,,,history,400.0
,,,,,fixed_share,,,,,mae,,,0.25572491735551395,0.08173730123321177,0.10583046709984487,0.0001469,,,0.01,,,18,0.005,,,history,400.0
,,,,,passive_aggressive,,,,,mae,,,0.20428827191143742,0.06458286989439549,0.08474621003996598,2.69e-5,,,,,,18,,1.0e12,0.1,history,400.0
47124.303191309074,0.0589093,0,0.1,cholesky,adaptive_ridge,510,quadratic_stacked_beta,0.0115928,2.8634230869529417e-15,mae,0.0473165,5,0.33979995177711614,0.1282621047338824,0.15932553846090525,,,,,,,19,,,,history,400.0
,3.97e-5,,0.0001,,static_ridge,,,,,mae,,,0.22704113848877341,0.08347646838328886,0.10127931010701645,,,,,,,19,,,,history,400.0
,,,,,rls,,,,,mae,,,0.24138254156932426,0.07438895466395666,0.09472783279437791,0.0003534,0.95,0.1,,,,19,,,,history,400.0
,,,,,hedge,,,,,mae,,,0.2872594798078945,0.1068303921397274,0.13315312626076112,0.0001095,,,1.0,0,,19,,,,history,400.0
,,,,,exp3,,,,,mae,,,1.0526859787773177,0.340889731488143,0.4238151634728219,0.0001668,,,,,0.2,19,,,,history,400.0
,,,,,fixed_share,,,,,mae,,,0.29423712088841814,0.1091086262245872,0.1360598898618688,0.0001296,,,0.01,,,19,0.005,,,history,400.0
,,,,,passive_aggressive,,,,,mae,,,0.23593622006944417,0.07342799364084335,0.09451249089997851,2.48e-5,,,,,,19,,1.0e12,0.1,history,400.0
82574.90939889532,0.0754459,0,0.1,cholesky,adaptive_ridge,510,quadratic_stacked_beta,0.0247554,3.0344753291765266e-15,mae,0.0506905,5,0.37619969782857,0.12709746406763167,0.16321181954174685,,,,,,,20,,,,history,400.0
,7.05e-5,,0.0001,,static_ridge,,,,,mae,,,0.13751056191434577,0.046002790984957624,0.05771009174614258,,,,,,,20,,,,history,400.0
,,,,,rls,,,,,mae,,,0.13573118762676892,0.04611013886114821,0.0574252883773241,0.0003315,0.995,1.0e-6,,,,20,,,,history,400.0
,,,,,hedge,,,,,mae,,,0.2836172531024603,0.1007599923809925,0.12425638293162272,0.0001474,,,0.01,336,,20,,,,history,400.0
,,,,,exp3,,,,,mae,,,0.9800365193406044,0.35597526458019296,0.4283888522246251,0.0002298,,,,,0.4,20,,,,history,400.0
,,,,,fixed_share,,,,,mae,,,0.284159247840561,0.10090188836875358,0.12445693668015743,0.0002275,,,0.01,,,20,0.1,,,history,400.0
,,,,,passive_aggressive,,,,,mae,,,0.1794438360688107,0.05917133507061638,0.07599611299601301,2.87e-5,,,,,,20,,1.0e12,0.01,history,400.0
42785.53174406712,0.2009326,0,0.1,cholesky,adaptive_ridge,510,quadratic_stacked_beta,0.0152231,3.1627781741780208e-15,mae,0.1857095,5,0.3338470632771144,0.12042929984176258,0.14598301356144106,,,,,,,21,,,,history,400.0
,2.14e-5,,0.001,,static_ridge,,,,,mae,,,0.18477763016378845,0.06033917373596233,0.07775407460338132,,,,,,,21,,,,history,400.0
,,,,,rls,,,,,mae,,,0.18366009537099856,0.06049857257969936,0.07806686671895192,0.0003096,0.995,0.1,,,,21,,,,history,400.0
,,,,,hedge,,,,,mae,,,0.1981416158343377,0.06753629266893482,0.08596244538689385,0.000144,,,0.5,336,,21,,,,history,400.0
,,,,,exp3,,,,,mae,,,1.0269901411664317,0.3138209105325851,0.4083584942725401,0.0001722,,,,,0.2,21,,,,history,400.0
,,,,,fixed_share,,,,,mae,,,0.1930344172630516,0.06786713549215304,0.08595374404207587,0.000127,,,0.01,,,21,0.005,,,history,400.0
,,,,,passive_aggressive,,,,,mae,,,0.19954499670028877,0.06738423469915096,0.08479820304572089,2.29e-5,,,,,,21,,1.0e12,0.1,history,400.0
29535.23345893669,0.0721466,0,0.1,cholesky,adaptive_ridge,510,quadratic_stacked_beta,0.0189732,2.0753244432436457e-15,mae,0.0531734,5,0.3085300355469815,0.1014473393677066,0.13055527226999167,,,,,,,22,,,,history,400.0
,4.09e-5,,0.0001,,static_ridge,,,,,mae,,,0.13688541785656763,0.047603070999218663,0.059705850784473644,,,,,,,22,,,,history,400.0
,,,,,rls,,,,,mae,,,0.13612456197721837,0.048525524960100104,0.06057689826884093,0.0003149,0.995,0.1,,,,22,,,,history,400.0
,,,,,hedge,,,,,mae,,,0.2409611483022304,0.08636358630347932,0.10703397524110142,0.000149,,,1.0,168,,22,,,,history,400.0
,,,,,exp3,,,,,mae,,,0.881466019579086,0.22817155865482872,0.30887706408167476,0.000158,,,,,0.2,22,,,,history,400.0
,,,,,fixed_share,,,,,mae,,,0.1629135399797279,0.05413335041196077,0.06832413726744634,0.0001129,,,0.1,,,22,0.005,,,history,400.0
,,,,,passive_aggressive,,,,,mae,,,0.19148378405303226,0.05768137289048856,0.07585259102600074,2.61e-5,,,,,,22,,1.0e12,0.1,history,400.0
136939.10355454215,0.06824469999999999,0,0.1,cholesky,adaptive_ridge,510,quadratic_stacked_beta,0.0173566,3.247551667993088e-15,mae,0.0508881,5,0.2855000813902801,0.10425742166758918,0.1294999477235962,,,,,,,23,,,,history,400.0
,4.73e-5,,0.0001,,static_ridge,,,,,mae,,,0.1438231947554325,0.05132951596640356,0.06435217885233616,,,,,,,23,,,,history,400.0
,,,,,rls,,,,,mae,,,0.1335867491843998,0.05043716493422351,0.0619657772990429,0.0003311,0.995,1.0e-6,,,,23,,,,history,400.0
,,,,,hedge,,,,,mae,,,0.35997122616433386,0.1390422068684091,0.17007830364804882,0.0001384,,,1.0,72,,23,,,,history,400.0
,,,,,exp3,,,,,mae,,,0.9349591046140582,0.27586530828425504,0.37933994740239263,0.0001729,,,,,0.4,23,,,,history,400.0
,,,,,fixed_share,,,,,mae,,,0.25380586851120246,0.0927480754783742,0.11713811101067409,0.0002102,,,0.1,,,23,0.005,,,history,400.0
,,,,,passive_aggressive,,,,,mae,,,0.15359391665005984,0.059321773153851745,0.0716867794003423,2.29e-5,,,,,,23,,1.0e12,0.1,history,400.0
53804.16408882182,0.0616887,0,0.1,cholesky,adaptive_ridge,510,quadratic_stacked_beta,0.0154375,3.4686506224888466e-15,mae,0.0462512,5,0.3443381190420297,0.12580802685431228,0.1553894070711459,,,,,,,24,,,,history,400.0
,4.62e-5,,0.0001,,static_ridge,,,,,mae,,,0.2094497131077527,0.06876409662019603,0.0864302895876028,,,,,,,24,,,,history,400.0
,,,,,rls,,,,,mae,,,0.2065547415546454,0.06968181327329402,0.08718897998604405,0.0003344,0.995,1.0e-6,,,,24,,,,history,400.0
,,,,,hedge,,,,,mae,,,0.22392112725500646,0.08970321510455813,0.10888945208344349,0.000252,,,0.5,168,,24,,,,history,400.0
,,,,,exp3,,,,,mae,,,1.1842694282775574,0.3407544949539554,0.43852606175806946,0.0002057,,,,,0.4,24,,,,history,400.0
,,,,,fixed_share,,,,,mae,,,0.24652102201995235,0.07924900718397791,0.09986725564837952,0.0002004,,,0.5,,,24,0.05,,,history,400.0
,,,,,passive_aggressive,,,,,mae,,,0.21883117034610514,0.08077578653628814,0.09974220832442024,2.19e-5,,,,,,24,,1.0e12,0.1,history,400.0
64227.925649113335,0.0765525,0,0.1,cholesky,adaptive_ridge,510,quadratic_stacked_beta,0.0312578,2.8899139452310358e-15,mae,0.0452947,5,0.3989213787854933,0.14210326483893956,0.17596430179011133,,,,,,,25,,,,history,400.0
,3.95e-5,,0.0001,,static_ridge,,,,,mae,,,0.20504970671898443,0.07551631825603791,0.09182344839452185,,,,,,,25,,,,history,400.0
,,,,,rls,,,,,mae,,,0.22115528023064598,0.07301779046824369,0.09290150800460825,0.0003163,0.98,0.1,,,,25,,,,history,400.0
,,,,,hedge,,,,,mae,,,0.3436753591886383,0.1563598292083283,0.17905586732165607,0.0001098,,,1.0,0,,25,,,,history,400.0
,,,,,exp3,,,,,mae,,,0.9281446351080109,0.3538989792655185,0.43266536748398576,0.0001448,,,,,0.4,25,,,,history,400.0
,,,,,fixed_share,,,,,mae,,,0.30243475185687085,0.12639234977869132,0.150451061688944,0.0001009,,,0.05,,,25,0.005,,,history,400.0
,,,,,passive_aggressive,,,,,mae,,,0.24530867981188945,0.08898254460171567,0.10933266900618575,2.24e-5,,,,,,25,,1.0e12,0.1,history,400.0
45942.095657642945,0.14285920000000002,0,0.1,cholesky,adaptive_ridge,510,quadratic_stacked_beta,0.0173262,3.4941861120932957e-15,mae,0.125533,5,0.30510997085067204,0.11740432423550404,0.143429887422226,,,,,,,26,,,,history,400.0
,2.58e-5,,0.1,,static_ridge,,,,,mae,,,0.24222493791272157,0.09316909570716576,0.11461519725646423,,,,,,,26,,,,history,400.0
,,,,,rls,,,,,mae,,,0.19157883197492526,0.07323668431251136,0.09202638692714926,0.0004678,0.9,0.1,,,,26,,,,history,400.0
,,,,,hedge,,,,,mae,,,0.41928450355030844,0.20946272651131226,0.23336030725825305,0.0002225,,,1.0,168,,26,,,,history,400.0
,,,,,exp3,,,,,mae,,,1.2333364458375644,0.4152467749387459,0.5168492646044636,0.0001862,,,,,0.4,26,,,,history,400.0
,,,,,fixed_share,,,,,mae,,,0.4150756551059079,0.1532672322499167,0.18969547395800745,0.0001019,,,1.0,,,26,0.1,,,history,400.0
,,,,,passive_aggressive,,,,,mae,,,0.21835476737636778,0.07159703657212681,0.08865684520834724,2.42e-5,,,,,,26,,1.0e12,0.01,history,400.0
115753.71193545671,0.0856586,0,0.1,cholesky,adaptive_ridge,510,quadratic_stacked_beta,0.0125069,2.85032632880517e-15,mae,0.0731517,5,0.2579120605371879,0.09828396961699881,0.11875416135297032,,,,,,,27,,,,history,400.0
,2.22e-5,,0.001,,static_ridge,,,,,mae,,,0.15100560610487374,0.0477891469432024,0.061159068337043,,,,,,,27,,,,history,400.0
,,,,,rls,,,,,mae,,,0.14527501826901598,0.04759533443130151,0.06008129622702292,0.0003202,0.995,1.0e-6,,,,27,,,,history,400.0
,,,,,hedge,,,,,mae,,,0.2503087886171055,0.08467621918990294,0.10621471540723708,0.0001002,,,0.1,0,,27,,,,history,400.0
,,,,,exp3,,,,,mae,,,0.9177968553390362,0.2804505234500299,0.3842691651059343,0.0001351,,,,,0.4,27,,,,history,400.0
,,,,,fixed_share,,,,,mae,,,0.21824175407796473,0.07765241832824671,0.09563587729074871,9.85e-5,,,1.0,,,27,0.1,,,history,400.0
,,,,,passive_aggressive,,,,,mae,,,0.14663635416295195,0.05065110534692318,0.06416068006458565,2.28e-5,,,,,,27,,1.0e12,0.1,history,400.0
33926.9213116063,0.0643818,0,0.1,cholesky,adaptive_ridge,510,quadratic_stacked_beta,0.0129422,2.110042792456908e-15,mae,0.0514396,5,0.3357234525306622,0.11760243392486391,0.14503072286129873,,,,,,,28,,,,history,400.0
,1.91e-5,,0.001,,static_ridge,,,,,mae,,,0.17775431506995362,0.06610627195267282,0.08125342300901185,,,,,,,28,,,,history,400.0
,,,,,rls,,,,,mae,,,0.17405808683933946,0.06230196328959721,0.07792816428276786,0.0003179,0.98,0.1,,,,28,,,,history,400.0
,,,,,hedge,,,,,mae,,,0.2972956303761295,0.10400346805601524,0.12822487019976134,0.0002324,,,1.0,72,,28,,,,history,400.0
,,,,,exp3,,,,,mae,,,0.9568489098077949,0.27950750689075865,0.3791394905731781,0.0001685,,,,,0.4,28,,,,history,400.0
,,,,,fixed_share,,,,,mae,,,0.18916103923378433,0.06740268418264553,0.08351731543483674,0.0001155,,,0.1,,,28,0.01,,,history,400.0
,,,,,passive_aggressive,,,,,mae,,,0.1894961483540495,0.07022369605785374,0.08568154784552184,2.5e-5,,,,,,28,,1.0e12,0.1,history,400.0
77494.67729881273,0.0643102,0,0.1,cholesky,adaptive_ridge,510,quadratic_stacked_beta,0.0125239,3.836790589096873e-15,mae,0.0517863,5,0.3910146691958486,0.12144625099301766,0.15441056223274247,,,,,,,29,,,,history,400.0
,8.85e-5,,0.01,,static_ridge,,,,,mae,,,0.20463939460224606,0.07223854460504063,0.09011512614581735,,,,,,,29,,,,history,400.0
,,,,,rls,,,,,mae,,,0.19633432297312145,0.06576610286319792,0.0852225540903967,0.0003076,0.95,0.1,,,,29,,,,history,400.0
,,,,,hedge,,,,,mae,,,0.2744604248846237,0.08935575069393177,0.11262176855881555,0.000133,,,1.0,72,,29,,,,history,400.0
,,,,,exp3,,,,,mae,,,1.0863898720972356,0.4134095752604298,0.5055656243731497,0.0001628,,,,,0.4,29,,,,history,400.0
,,,,,fixed_share,,,,,mae,,,0.27237076487077716,0.08769287125972551,0.11087984822227501,0.0001019,,,0.05,,,29,0.02,,,history,400.0
,,,,,passive_aggressive,,,,,mae,,,0.180763350703975,0.06368606320751366,0.07867193349321855,2.28e-5,,,,,,29,,1.0e12,0.1,history,400.0
500227.62677415827,0.0850709,0,0.01,cholesky,adaptive_ridge,510,quadratic_stacked_beta,0.0250528,3.946385405809252e-15,mae,0.0600181,5,0.3474875324362572,0.13527723927044535,0.16390734991441855,,,,,,,30,,,,history,400.0
,1.77e-5,,0.01,,static_ridge,,,,,mae,,,0.2113562948306655,0.06906798878603797,0.08713958334622848,,,,,,,30,,,,history,400.0
,,,,,rls,,,,,mae,,,0.21448311798482178,0.07017960459677358,0.08810224544371595,0.0003436,0.995,0.1,,,,30,,,,history,400.0
,,,,,hedge,,,,,mae,,,0.3309748626873158,0.137080295041284,0.16501357398470085,0.0001368,,,1.0,24,,30,,,,history,400.0
,,,,,exp3,,,,,mae,,,0.999180865387422,0.3361636300077753,0.417086727522448,0.0001555,,,,,0.2,30,,,,history,400.0
,,,,,fixed_share,,,,,mae,,,0.2445332783122068,0.09191674098171945,0.11500310755288264,0.0001021,,,0.05,,,30,0.005,,,history,400.0
,,,,,passive_aggressive,,,,,mae,,,0.3013235671470826,0.0859179325095022,0.11196904047780006,2.96e-5,,,,,,30,,1.0e12,0.1,history,400.0
89849.73400919406,0.0773096,0,0.1,cholesky,adaptive_ridge,510,quadratic_stacked_beta,0.0208975,3.72297200992754e-15,mae,0.0564121,5,0.3013806870282167,0.10497785258416474,0.13056041690415468,,,,,,,1,,,,history,750.0
,5.19e-5,,0.0001,,static_ridge,,,,,mae,,,0.18728362922517788,0.06412661942020284,0.07973080853046668,,,,,,,1,,,,history,750.0
,,,,,rls,,,,,mae,,,0.1801561462142027,0.06351949787675665,0.07812242634989847,0.0007114,0.995,0.1,,,,1,,,,history,750.0
,,,,,hedge,,,,,mae,,,0.46152090491309117,0.21698314983797273,0.24439284724306545,0.0002851,,,1.0,72,,1,,,,history,750.0
,,,,,exp3,,,,,mae,,,1.0504587757320212,0.3405660221718521,0.43364265132325175,0.0004509,,,,,0.2,1,,,,history,750.0
,,,,,fixed_share,,,,,mae,,,0.3058943562949982,0.11233087768811609,0.13913348242306658,0.0002476,,,0.1,,,1,0.01,,,history,750.0
,,,,,passive_aggressive,,,,,mae,,,0.1893026155031584,0.06571392122512441,0.08205258333240663,5.75e-5,,,,,,1,,1.0e12,0.1,history,750.0
58089.575853129536,0.1442581,0,0.1,cholesky,adaptive_ridge,510,quadratic_stacked_beta,0.019678,4.289611640103698e-15,mae,0.1245801,5,0.3343877713371569,0.13326873113376517,0.15796532497859464,,,,,,,2,,,,history,750.0
,8.51e-5,,0.001,,static_ridge,,,,,mae,,,0.20742050660071712,0.0758172472890223,0.09408221585484275,,,,,,,2,,,,history,750.0
,,,,,rls,,,,,mae,,,0.20018245417489905,0.0735621626903761,0.09011982071755321,0.0006151,0.995,0.1,,,,2,,,,history,750.0
,,,,,hedge,,,,,mae,,,0.2304945102181265,0.08033841880634791,0.10066200222255779,0.0001973,,,1.0,0,,2,,,,history,750.0
,,,,,exp3,,,,,mae,,,1.2493009726260977,0.40418914005462875,0.5078099794939398,0.0002771,,,,,0.4,2,,,,history,750.0
,,,,,fixed_share,,,,,mae,,,0.23204966598684273,0.08206430264562023,0.10233682406384448,0.0002645,,,0.01,,,2,0.005,,,history,750.0
,,,,,passive_aggressive,,,,,mae,,,0.2117743922166192,0.0780687267034509,0.09475393302418607,4.58e-5,,,,,,2,,1.0e12,0.1,history,750.0
186127.73277523078,0.0719234,0,0.1,cholesky,adaptive_ridge,510,quadratic_stacked_beta,0.020413,3.067279558422757e-15,mae,0.0515104,5,0.2986826337687057,0.11019096030383722,0.13367515365570032,,,,,,,3,,,,history,750.0
,2.96e-5,,0.001,,static_ridge,,,,,mae,,,0.17310161047401235,0.05823599467797279,0.07386727550967756,,,,,,,3,,,,history,750.0
,,,,,rls,,,,,mae,,,0.15798512520095448,0.052089875622472775,0.06602558684491111,0.0005788,0.99,0.1,,,,3,,,,history,750.0
,,,,,hedge,,,,,mae,,,0.3233022405477685,0.12383784999339598,0.14793257962485032,0.0002362,,,1.0,72,,3,,,,history,750.0
,,,,,exp3,,,,,mae,,,1.076774811139631,0.2581154605670337,0.3853945163845388,0.0002714,,,,,0.2,3,,,,history,750.0
,,,,,fixed_share,,,,,mae,,,0.16790096201001922,0.05676641793302134,0.07107499571523834,0.0001791,,,0.25,,,3,0.01,,,history,750.0
,,,,,passive_aggressive,,,,,mae,,,0.22235305652619,0.07403758596072342,0.09291265505106802,4.94e-5,,,,,,3,,1.0e12,0.1,history,750.0
56151.787298568015,0.094773,0,0.1,cholesky,adaptive_ridge,510,quadratic_stacked_beta,0.04387,3.1638002725621794e-15,mae,0.050903,5,0.2855134745885982,0.1014709354659167,0.12542458983375904,,,,,,,4,,,,history,750.0
,4.76e-5,,0.0001,,static_ridge,,,,,mae,,,0.18087626316926045,0.06613245118303901,0.08175774138038322,,,,,,,4,,,,history,750.0
,,,,,rls,,,,,mae,,,0.18615794487338472,0.066153599104019,0.08240760321138435,0.0005742,0.995,1.0e-6,,,,4,,,,history,750.0
,,,,,hedge,,,,,mae,,,0.2601112159884501,0.08537128288027204,0.10769435108158694,0.0005058,,,1.0,168,,4,,,,history,750.0
,,,,,exp3,,,,,mae,,,1.011876280782513,0.32167536043683564,0.41337130689080775,0.0004809,,,,,0.2,4,,,,history,750.0
,,,,,fixed_share,,,,,mae,,,0.23053884921554016,0.08021403234485665,0.10037626163927009,0.0004205,,,0.05,,,4,0.02,,,history,750.0
,,,,,passive_aggressive,,,,,mae,,,0.2199448935250587,0.07399946311717165,0.09409610097057328,3.83e-5,,,,,,4,,1.0e12,0.1,history,750.0
1.5435769463806236e6,0.063707,0,0.01,cholesky,adaptive_ridge,510,quadratic_stacked_beta,0.0148057,3.3016085534911504e-15,mae,0.0489013,5,0.228884136202859,0.07781831436645736,0.09725402927959208,,,,,,,5,,,,history,750.0
,3.4e-5,,0.001,,static_ridge,,,,,mae,,,0.13549040581073707,0.046758049084287615,0.05853692729079745,,,,,,,5,,,,history,750.0
,,,,,rls,,,,,mae,,,0.13723447756493684,0.04640835493336627,0.05858022628045716,0.001771,0.995,0.1,,,,5,,,,history,750.0
,,,,,hedge,,,,,mae,,,0.24147874845308148,0.07948242540992269,0.10023551744236775,0.0004049,,,0.5,0,,5,,,,history,750.0
,,,,,exp3,,,,,mae,,,0.9208897973332962,0.25305539145453376,0.33385938714580493,0.0004234,,,,,0.2,5,,,,history,750.0
,,,,,fixed_share,,,,,mae,,,0.16602593703743357,0.05487647445756644,0.06964382302176754,0.0004077,,,0.05,,,5,0.005,,,history,750.0
,,,,,passive_aggressive,,,,,mae,,,0.1758293320300638,0.05861729953213623,0.07307349178544849,3.51e-5,,,,,,5,,1.0e12,0.1,history,750.0
5758.584321945507,0.08420620000000001,0,1.0,cholesky,adaptive_ridge,510,quadratic_stacked_beta,0.0148389,2.748316895768037e-15,mae,0.0693673,5,0.3816487603873192,0.14031264446240863,0.1720426333755907,,,,,,,6,,,,history,750.0
,6.09e-5,,0.01,,static_ridge,,,,,mae,,,0.30727199322543797,0.10150687396225129,0.13035950212808586,,,,,,,6,,,,history,750.0
,,,,,rls,,,,,mae,,,0.27219313378229165,0.09083033463644156,0.1152670265888313,0.0006697,0.95,0.1,,,,6,,,,history,750.0
,,,,,hedge,,,,,mae,,,0.4631412322473766,0.16433189514786728,0.20487018284677888,0.0004286,,,1.0,72,,6,,,,history,750.0
,,,,,exp3,,,,,mae,,,1.1287799477732101,0.4278032304569875,0.5107053180661,0.0004982,,,,,0.1,6,,,,history,750.0
,,,,,fixed_share,,,,,mae,,,0.4321838287736778,0.13993253901160838,0.17805110868136567,0.0004447,,,0.1,,,6,0.005,,,history,750.0
,,,,,passive_aggressive,,,,,mae,,,0.23091848313922175,0.0811087028839424,0.10100268926403526,5.09e-5,,,,,,6,,1.0e12,0.1,history,750.0
25744.70781366559,0.0617894,0,0.1,cholesky,adaptive_ridge,510,quadratic_stacked_beta,0.0153523,2.4752601446778283e-15,mae,0.0464371,5,0.36306843544231926,0.12740272938267072,0.15806872865949323,,,,,,,7,,,,history,750.0
,4.64e-5,,0.0001,,static_ridge,,,,,mae,,,0.23416121822189567,0.07885135380811026,0.09909651149612445,,,,,,,7,,,,history,750.0
,,,,,rls,,,,,mae,,,0.23326126990863208,0.0798243679845677,0.10012869100974832,0.0006384,0.995,0.1,,,,7,,,,history,750.0
,,,,,hedge,,,,,mae,,,0.25747423110295065,0.08958247078911952,0.11192393707713283,0.0002217,,,0.01,0,,7,,,,history,750.0
,,,,,exp3,,,,,mae,,,1.1830191917368211,0.3423746470686231,0.45426231267831413,0.0004199,,,,,0.4,7,,,,history,750.0
,,,,,fixed_share,,,,,mae,,,0.25728804675887285,0.08967417549271785,0.11191000891209141,0.0004007,,,0.01,,,7,0.1,,,history,750.0
,,,,,passive_aggressive,,,,,mae,,,0.25159689406025254,0.0813612905727008,0.1040350315779908,5.17e-5,,,,,,7,,1.0e12,0.1,history,750.0
26881.11638434521,0.07290340000000001,0,0.1,cholesky,adaptive_ridge,510,quadratic_stacked_beta,0.0171363,2.4522560570913393e-15,mae,0.0557671,5,0.26872981711803584,0.0910133345908683,0.11564453345649256,,,,,,,8,,,,history,750.0
,7.89e-5,,0.001,,static_ridge,,,,,mae,,,0.16771039853402112,0.06237287389468257,0.07679162723170087,,,,,,,8,,,,history,750.0
,,,,,rls,,,,,mae,,,0.17063980524332706,0.06304792020418118,0.0777159655532292,0.0006604,0.995,0.1,,,,8,,,,history,750.0
,,,,,hedge,,,,,mae,,,0.27917499471701546,0.09208856103211399,0.11678090231274268,0.0002473,,,0.01,72,,8,,,,history,750.0
,,,,,exp3,,,,,mae,,,0.9139285917701967,0.320832532075617,0.3933307365486882,0.0003036,,,,,0.2,8,,,,history,750.0
,,,,,fixed_share,,,,,mae,,,0.2806872406492031,0.09278415038294578,0.11740132497827947,0.0002332,,,0.01,,,8,0.1,,,history,750.0
,,,,,passive_aggressive,,,,,mae,,,0.17850759709245778,0.06881345279624751,0.08384000246691438,4.93e-5,,,,,,8,,1.0e12,0.1,history,750.0
40731.50433315978,0.080148,0,0.1,cholesky,adaptive_ridge,510,quadratic_stacked_beta,0.0270011,2.7035597197322556e-15,mae,0.0531469,5,0.3283731761617979,0.10833896059941286,0.13743462094131378,,,,,,,9,,,,history,750.0
,4.56e-5,,0.0001,,static_ridge,,,,,mae,,,0.2505304547082617,0.08789797906215424,0.10991382773810808,,,,,,,9,,,,history,750.0
,,,,,rls,,,,,mae,,,0.24915745016946386,0.08922689831201344,0.11135678649025445,0.0005895,0.995,1.0e-6,,,,9,,,,history,750.0
,,,,,hedge,,,,,mae,,,0.29829671455674067,0.10920428010877059,0.1338195446413893,0.0002339,,,0.01,168,,9,,,,history,750.0
,,,,,exp3,,,,,mae,,,1.223083989661739,0.3804740017070019,0.4948403967007646,0.0002634,,,,,0.1,9,,,,history,750.0
,,,,,fixed_share,,,,,mae,,,0.2978943443582001,0.1091231340333493,0.13374562350851504,0.0001916,,,0.01,,,9,0.1,,,history,750.0
,,,,,passive_aggressive,,,,,mae,,,0.2778803450357554,0.09882470681212635,0.12244215258633037,4.4e-5,,,,,,9,,1.0e12,0.1,history,750.0
126650.53509924865,0.07832839999999999,0,0.1,cholesky,adaptive_ridge,510,quadratic_stacked_beta,0.0319202,2.770003056947934e-15,mae,0.0464082,5,0.22659471144660231,0.08129534789507067,0.09961558981530688,,,,,,,10,,,,history,750.0
,3.54e-5,,0.001,,static_ridge,,,,,mae,,,0.1773819933473715,0.06027191395120967,0.07510846345046986,,,,,,,10,,,,history,750.0
,,,,,rls,,,,,mae,,,0.17595934930048734,0.058039962499524284,0.07338484123691777,0.000607,0.99,1.0e-6,,,,10,,,,history,750.0
,,,,,hedge,,,,,mae,,,0.34726939309013294,0.1513839126698112,0.1758076841100432,0.000373,,,1.0,0,,10,,,,history,750.0
,,,,,exp3,,,,,mae,,,0.950455023388574,0.24606815090725487,0.34815321254000775,0.0004113,,,,,0.4,10,,,,history,750.0
,,,,,fixed_share,,,,,mae,,,0.3052054041024323,0.10547910814583618,0.13192562863595023,0.0002109,,,0.25,,,10,0.02,,,history,750.0
,,,,,passive_aggressive,,,,,mae,,,0.18148221857443742,0.06243344812205353,0.07821128755814923,8.75e-5,,,,,,10,,1.0e12,0.1,history,750.0
22712.525427262142,0.0618058,0,0.1,cholesky,adaptive_ridge,510,quadratic_stacked_beta,0.0152181,2.6778737003323053e-15,mae,0.0465877,5,0.31407428557609035,0.11415894803738799,0.14113366784040934,,,,,,,11,,,,history,750.0
,2.46e-5,,0.01,,static_ridge,,,,,mae,,,0.2188909965034397,0.07722799510423717,0.09517339488567624,,,,,,,11,,,,history,750.0
,,,,,rls,,,,,mae,,,0.2140810951467917,0.07979990873084734,0.09596814391707037,0.0006146,0.995,0.1,,,,11,,,,history,750.0
,,,,,hedge,,,,,mae,,,0.32265624885567595,0.12546693280290563,0.1491190645610483,0.0002335,,,1.0,24,,11,,,,history,750.0
,,,,,exp3,,,,,mae,,,1.0411278919330438,0.28170618438688855,0.38145754843614665,0.0002712,,,,,0.2,11,,,,history,750.0
,,,,,fixed_share,,,,,mae,,,0.26158478047502054,0.09238400686647713,0.11587116910228536,0.0002005,,,0.05,,,11,0.005,,,history,750.0
,,,,,passive_aggressive,,,,,mae,,,0.2540087772138551,0.08748458321947818,0.10794572973206956,4.11e-5,,,,,,11,,1.0e12,0.1,history,750.0
28355.99248491878,0.0810944,0,0.1,cholesky,adaptive_ridge,510,quadratic_stacked_beta,0.0312432,2.6106775689474814e-15,mae,0.0498512,5,0.2809218741483394,0.09852900221806818,0.12346566136487301,,,,,,,12,,,,history,750.0
,2.96e-5,,0.001,,static_ridge,,,,,mae,,,0.2054472774345837,0.07041029793234839,0.08971374170226067,,,,,,,12,,,,history,750.0
,,,,,rls,,,,,mae,,,0.2064621367470757,0.07048344433088963,0.08970042652578689,0.0005996,0.995,0.1,,,,12,,,,history,750.0
,,,,,hedge,,,,,mae,,,0.2514143200908103,0.08944862132318963,0.11092290960460317,0.0002453,,,0.25,72,,12,,,,history,750.0
,,,,,exp3,,,,,mae,,,1.192676067413252,0.36654785769985054,0.4639317335001174,0.0002879,,,,,0.2,12,,,,history,750.0
,,,,,fixed_share,,,,,mae,,,0.25200827584617824,0.08926749783751087,0.11093429543788498,0.0002082,,,0.05,,,12,0.1,,,history,750.0
,,,,,passive_aggressive,,,,,mae,,,0.21628811831011363,0.06775949550730578,0.08776738426494694,3.92e-5,,,,,,12,,1.0e12,0.1,history,750.0
54211.86014535136,0.1282358,0,0.1,cholesky,adaptive_ridge,510,quadratic_stacked_beta,0.0199369,3.157013717178396e-15,mae,0.1082989,5,0.2820198841175408,0.09687544853436739,0.12077201675030808,,,,,,,13,,,,history,750.0
,2.96e-5,,0.001,,static_ridge,,,,,mae,,,0.1844810727927274,0.0642732945473374,0.07981501282198497,,,,,,,13,,,,history,750.0
,,,,,rls,,,,,mae,,,0.1805005814858913,0.06504684818769062,0.08027232616247723,0.0015599,0.995,0.1,,,,13,,,,history,750.0
,,,,,hedge,,,,,mae,,,0.2962801694370829,0.1052208405587819,0.13251894129014985,0.0003746,,,0.01,0,,13,,,,history,750.0
,,,,,exp3,,,,,mae,,,1.078123232660571,0.34242296876929157,0.4295685704241521,0.0003914,,,,,0.4,13,,,,history,750.0
,,,,,fixed_share,,,,,mae,,,0.273125069424709,0.08858681558726354,0.11256790731532333,0.0004823,,,0.5,,,13,0.05,,,history,750.0
,,,,,passive_aggressive,,,,,mae,,,0.231861494538569,0.07049265456848111,0.091123627102878,4.18e-5,,,,,,13,,1.0e12,0.1,history,750.0
17014.575472356366,0.0602423,0,0.1,cholesky,adaptive_ridge,510,quadratic_stacked_beta,0.016204,2.507784602382363e-15,mae,0.0440383,5,0.43502568428014465,0.153483773193074,0.19383828969926062,,,,,,,14,,,,history,750.0
,4.9e-5,,0.0001,,static_ridge,,,,,mae,,,0.3265934999730986,0.10845539724811788,0.1375632990461221,,,,,,,14,,,,history,750.0
,,,,,rls,,,,,mae,,,0.3274516876780983,0.10841121525384818,0.1373320242886655,0.0006293,0.995,1.0e-6,,,,14,,,,history,750.0
,,,,,hedge,,,,,mae,,,0.3702238183642881,0.12273685298398354,0.15629971225174602,0.0002399,,,1.0,72,,14,,,,history,750.0
,,,,,exp3,,,,,mae,,,1.2625924530622248,0.2887264149890336,0.42340470620248705,0.0002486,,,,,0.4,14,,,,history,750.0
,,,,,fixed_share,,,,,mae,,,0.3237503205210176,0.10967102783041092,0.13871848183738245,0.0001944,,,0.05,,,14,0.01,,,history,750.0
,,,,,passive_aggressive,,,,,mae,,,0.4238749745838226,0.12277461963474795,0.15987006633907228,4.61e-5,,,,,,14,,1.0e12,0.1,history,750.0
139290.70115827906,0.1709717,0,0.1,cholesky,adaptive_ridge,510,quadratic_stacked_beta,0.123315,4.142441205059105e-15,mae,0.0476567,5,0.41004677948611323,0.15541925197142695,0.19050902327742908,,,,,,,15,,,,history,750.0
,9.76e-5,,0.0001,,static_ridge,,,,,mae,,,0.3333183537521357,0.10911679695147815,0.1389212762518801,,,,,,,15,,,,history,750.0
,,,,,rls,,,,,mae,,,0.3478305441481796,0.1104796638230314,0.14009566320822406,0.0006402,0.995,1.0e-6,,,,15,,,,history,750.0
,,,,,hedge,,,,,mae,,,0.4503563845261935,0.17485715843051783,0.2094247568136566,0.0002328,,,1.0,24,,15,,,,history,750.0
,,,,,exp3,,,,,mae,,,1.25780652019759,0.40900007939005906,0.5242450219249052,0.0002651,,,,,0.2,15,,,,history,750.0
,,,,,fixed_share,,,,,mae,,,0.4094702822474744,0.13587295325569662,0.17290213075799285,0.0001929,,,0.05,,,15,0.005,,,history,750.0
,,,,,passive_aggressive,,,,,mae,,,0.4711178019448219,0.13144972885524736,0.17765455094831906,4.67e-5,,,,,,15,,1.0e12,0.1,history,750.0
320812.38113720546,0.23200310000000002,0,0.01,cholesky,adaptive_ridge,510,quadratic_stacked_beta,0.1832311,2.3131117923293164e-15,mae,0.048772,5,0.19315773207151238,0.06743707726364771,0.08446406107238992,,,,,,,16,,,,drift,0.4
,8.89e-5,,0.01,,static_ridge,,,,,mae,,,0.18018664441671364,0.06175857239241533,0.07785626598472639,,,,,,,16,,,,drift,0.4
,,,,,rls,,,,,mae,,,0.1731144052688682,0.06031356533486374,0.07524854676854917,0.0024961,0.995,0.1,,,,16,,,,drift,0.4
,,,,,hedge,,,,,mae,,,0.24733745965349663,0.0910063349143973,0.11211507251629703,0.0008742,,,0.01,0,,16,,,,drift,0.4
,,,,,exp3,,,,,mae,,,0.7530194786681232,0.18633044603991178,0.2600949836791068,0.0019584,,,,,0.2,16,,,,drift,0.4
,,,,,fixed_share,,,,,mae,,,0.246521713316711,0.0885877184591727,0.10928991473289201,0.0016468,,,0.05,,,16,0.01,,,drift,0.4
,,,,,passive_aggressive,,,,,mae,,,0.18890740578926915,0.06383348388534701,0.08001220354897567,0.0001466,,,,,,16,,1.0e12,0.1,drift,0.4
31637.26521873491,0.08834739999999999,0,0.1,cholesky,adaptive_ridge,510,quadratic_stacked_beta,0.029524,2.591853358377638e-15,mae,0.0588234,5,0.2242608551819883,0.08103911283362536,0.0997485030237817,,,,,,,17,,,,history,750.0
,3.29e-5,,0.001,,static_ridge,,,,,mae,,,0.18729268145457445,0.06565555909626247,0.08096569412456263,,,,,,,17,,,,history,750.0
,,,,,rls,,,,,mae,,,0.1705606502707921,0.06260142720010116,0.0767279664922777,0.0009309,0.95,0.1,,,,17,,,,history,750.0
,,,,,hedge,,,,,mae,,,0.28752630565685094,0.11992833434901252,0.14341202752673343,0.0004699,,,1.0,24,,17,,,,history,750.0
,,,,,exp3,,,,,mae,,,0.8915342033490705,0.3092179783210685,0.37745167224072607,0.0004744,,,,,0.1,17,,,,history,750.0
,,,,,fixed_share,,,,,mae,,,0.20192403955391527,0.07557130426303504,0.09274390969801648,0.0004484,,,0.25,,,17,0.02,,,history,750.0
,,,,,passive_aggressive,,,,,mae,,,0.18937542799339302,0.06415879983846287,0.07994712207015411,5.15e-5,,,,,,17,,1.0e12,0.1,history,750.0
82336.41200004665,0.0943794,0,0.1,cholesky,adaptive_ridge,510,quadratic_stacked_beta,0.0357937,3.846961986629183e-15,mae,0.0585857,5,0.2851189120049887,0.09318051699186079,0.11756680210838492,,,,,,,18,,,,history,750.0
,2.91e-5,,0.01,,static_ridge,,,,,mae,,,0.1623104048869419,0.057325047325719046,0.07136230038032416,,,,,,,18,,,,history,750.0
,,,,,rls,,,,,mae,,,0.16262764966760776,0.05845812662927227,0.07186109205002358,0.0016303,0.995,0.1,,,,18,,,,history,750.0
,,,,,hedge,,,,,mae,,,0.25069670516715437,0.0817281212756461,0.10433564298172363,0.0004665,,,1.0,0,,18,,,,history,750.0
,,,,,exp3,,,,,mae,,,1.0701017843286171,0.35367355100811065,0.43871578138420947,0.0002607,,,,,0.2,18,,,,history,750.0
,,,,,fixed_share,,,,,mae,,,0.25793764505318995,0.08249852119840723,0.10638876581888917,0.0005442,,,0.01,,,18,0.005,,,history,750.0
,,,,,passive_aggressive,,,,,mae,,,0.19797256797525542,0.06513268976678648,0.08304348498412265,4.34e-5,,,,,,18,,1.0e12,0.1,history,750.0
30134.91562153235,0.12057599999999999,0,0.1,cholesky,adaptive_ridge,510,quadratic_stacked_beta,0.0618445,2.595556820004646e-15,mae,0.0587315,5,0.3168189997971206,0.11829619541425607,0.1454881373136576,,,,,,,19,,,,history,750.0
,8.26e-5,,0.0001,,static_ridge,,,,,mae,,,0.2370870877743557,0.08069950689167801,0.10054819699561324,,,,,,,19,,,,history,750.0
,,,,,rls,,,,,mae,,,0.24477717408107247,0.07601668877606715,0.0972338579365423,0.0020274,0.95,0.1,,,,19,,,,history,750.0
,,,,,hedge,,,,,mae,,,0.29970827950651874,0.10728574809867296,0.1327802336159622,0.0002647,,,1.0,168,,19,,,,history,750.0
,,,,,exp3,,,,,mae,,,1.1092789058893342,0.3169413871543203,0.41042346115033984,0.0002526,,,,,0.2,19,,,,history,750.0
,,,,,fixed_share,,,,,mae,,,0.30649197115891885,0.10955143336790081,0.13592910933258887,0.0004272,,,0.01,,,19,0.005,,,history,750.0
,,,,,passive_aggressive,,,,,mae,,,0.22191659409203765,0.07382908074241826,0.09382912520422601,6.95e-5,,,,,,19,,1.0e12,0.1,history,750.0
66841.39914837346,0.0878494,0,0.1,cholesky,adaptive_ridge,510,quadratic_stacked_beta,0.0336415,2.6316835737046635e-15,mae,0.0542079,5,0.2577726132526288,0.09882275774874319,0.1211634622870901,,,,,,,20,,,,history,750.0
,2.96e-5,,0.001,,static_ridge,,,,,mae,,,0.13834097339187618,0.047128010042039606,0.058684192492252,,,,,,,20,,,,history,750.0
,,,,,rls,,,,,mae,,,0.13671354738330613,0.046687315367798674,0.058564931403145,0.0006433,0.995,0.1,,,,20,,,,history,750.0
,,,,,hedge,,,,,mae,,,0.28035957238166026,0.09989151653309176,0.12408397045456833,0.0002191,,,0.01,0,,20,,,,history,750.0
,,,,,exp3,,,,,mae,,,1.0377206260647198,0.3468800593304789,0.43074657079978984,0.000263,,,,,0.4,20,,,,history,750.0
,,,,,fixed_share,,,,,mae,,,0.2806822918805639,0.10008338655302679,0.12433506719163534,0.0002097,,,0.01,,,20,0.1,,,history,750.0
,,,,,passive_aggressive,,,,,mae,,,0.16559090554584202,0.061249503854490746,0.07546702478478787,4.23e-5,,,,,,20,,1.0e12,0.1,history,750.0
44445.13986371978,0.061749899999999996,0,0.1,cholesky,adaptive_ridge,510,quadratic_stacked_beta,0.0157622,3.0209762638293418e-15,mae,0.0459877,5,0.2717453616694393,0.09635497133293479,0.11908531964283103,,,,,,,21,,,,history,750.0
,6.87e-5,,0.0001,,static_ridge,,,,,mae,,,0.18620076888811,0.06432005750259785,0.08052622860339924,,,,,,,21,,,,history,750.0
,,,,,rls,,,,,mae,,,0.17737378280975236,0.06258452077936368,0.07827470077428679,0.0006133,0.995,1.0e-6,,,,21,,,,history,750.0
,,,,,hedge,,,,,mae,,,0.1964082597999929,0.07170958550690014,0.08917957674545403,0.0005235,,,0.5,168,,21,,,,history,750.0
,,,,,exp3,,,,,mae,,,1.0400262853562843,0.29773832501973607,0.3922069467685554,0.0004533,,,,,0.2,21,,,,history,750.0
,,,,,fixed_share,,,,,mae,,,0.19805303591745824,0.07169909449459594,0.08936893976445245,0.0004712,,,0.01,,,21,0.005,,,history,750.0
,,,,,passive_aggressive,,,,,mae,,,0.18737637491332523,0.06684834446136807,0.08329131646337169,3.7e-5,,,,,,21,,1.0e12,0.1,history,750.0
187514.5454712161,0.0805614,0,0.01,cholesky,adaptive_ridge,510,quadratic_stacked_beta,0.0314218,1.8472143990819958e-15,mae,0.0491396,5,0.2462553212999487,0.08798469439594632,0.11001574109263453,,,,,,,22,,,,history,750.0
,4.88e-5,,0.0001,,static_ridge,,,,,mae,,,0.14641747108074665,0.04984445539000746,0.06219104464981189,,,,,,,22,,,,history,750.0
,,,,,rls,,,,,mae,,,0.14467814348132124,0.050085849499096655,0.06255289799006417,0.000663,0.995,1.0e-6,,,,22,,,,history,750.0
,,,,,hedge,,,,,mae,,,0.2509487912504495,0.08808329701294323,0.10929381732524796,0.0006038,,,1.0,72,,22,,,,history,750.0
,,,,,exp3,,,,,mae,,,0.6800201926848648,0.19112253965391002,0.25018960867597195,0.0004977,,,,,0.2,22,,,,history,750.0
,,,,,fixed_share,,,,,mae,,,0.17292263457101942,0.05581452745620622,0.07143031082793568,0.000506,,,0.1,,,22,0.005,,,history,750.0
,,,,,passive_aggressive,,,,,mae,,,0.17547115923738432,0.05710061196405118,0.0739260850875836,3.71e-5,,,,,,22,,1.0e12,0.1,history,750.0
808119.1408589456,0.1133966,0,0.01,cholesky,adaptive_ridge,510,quadratic_stacked_beta,0.061548,3.384622718881243e-15,mae,0.0518486,5,0.2595939251253126,0.08722497745849017,0.1100566533929115,,,,,,,23,,,,history,750.0
,4.97e-5,,0.0001,,static_ridge,,,,,mae,,,0.14513671300733205,0.05086774320505052,0.06374577979204173,,,,,,,23,,,,history,750.0
,,,,,rls,,,,,mae,,,0.12810442746345196,0.049448113139589175,0.06011658722112723,0.001663,0.995,0.1,,,,23,,,,history,750.0
,,,,,hedge,,,,,mae,,,0.3500438611040226,0.1300735933143402,0.15936636994923653,0.0009365,,,1.0,336,,23,,,,history,750.0
,,,,,exp3,,,,,mae,,,0.9804271944194701,0.29389310353696413,0.401522969952232,0.0015826,,,,,0.2,23,,,,history,750.0
,,,,,fixed_share,,,,,mae,,,0.24518711491455455,0.08738501875173439,0.10820640477935013,0.0015594,,,0.25,,,23,0.02,,,history,750.0
,,,,,passive_aggressive,,,,,mae,,,0.15086458443315384,0.05887638994699158,0.07041998058931109,5.49e-5,,,,,,23,,1.0e12,0.1,history,750.0
408482.71998493274,0.1837003,0,0.01,cholesky,adaptive_ridge,510,quadratic_stacked_beta,0.0191214,3.5454658480793106e-15,mae,0.1645789,5,0.35793039596669346,0.11009938239620956,0.13965940946525385,,,,,,,24,,,,history,750.0
,4.87e-5,,0.0001,,static_ridge,,,,,mae,,,0.21138313708079917,0.07047815543068715,0.08926065944519185,,,,,,,24,,,,history,750.0
,,,,,rls,,,,,mae,,,0.19456829915202062,0.06702657737844141,0.0834431447074117,0.0005962,0.995,1.0e-6,,,,24,,,,history,750.0
,,,,,hedge,,,,,mae,,,0.23582273784796332,0.08594540878061735,0.10685131720268067,0.0002128,,,0.5,0,,24,,,,history,750.0
,,,,,exp3,,,,,mae,,,1.1609577149206651,0.3060953376117479,0.4158297352978021,0.0002686,,,,,0.4,24,,,,history,750.0
,,,,,fixed_share,,,,,mae,,,0.23940118721209253,0.07551004238256487,0.09705372826988627,0.0002061,,,0.1,,,24,0.01,,,history,750.0
,,,,,passive_aggressive,,,,,mae,,,0.21462437846285826,0.0744905688239824,0.09332278054878394,6.0e-5,,,,,,24,,1.0e12,0.1,history,750.0
54421.99824725981,0.0679298,0,0.1,cholesky,adaptive_ridge,510,quadratic_stacked_beta,0.0194124,2.381365306131803e-15,mae,0.0485174,5,0.30817883572998866,0.1168718277398699,0.14302847096311846,,,,,,,25,,,,history,750.0
,6.97e-5,,0.0001,,static_ridge,,,,,mae,,,0.2350416341679766,0.07888805084723662,0.09916377848110147,,,,,,,25,,,,history,750.0
,,,,,rls,,,,,mae,,,0.24194992724179643,0.08025383049336872,0.10089632334576412,0.0006012,0.995,1.0e-6,,,,25,,,,history,750.0
,,,,,hedge,,,,,mae,,,0.35528235787598617,0.1662490404536576,0.18706375876308384,0.0002484,,,1.0,336,,25,,,,history,750.0
,,,,,exp3,,,,,mae,,,0.9283434311537035,0.3370495957822328,0.4002579307075208,0.0002504,,,,,0.2,25,,,,history,750.0
,,,,,fixed_share,,,,,mae,,,0.32227192804814,0.13358608891120494,0.1569744937531589,0.000196,,,0.05,,,25,0.005,,,history,750.0
,,,,,passive_aggressive,,,,,mae,,,0.31852621858381797,0.09839901796652344,0.12603262149933483,4.67e-5,,,,,,25,,1.0e12,0.1,history,750.0
44849.068039777754,0.11770370000000001,0,0.1,cholesky,adaptive_ridge,510,quadratic_stacked_beta,0.0188098,3.010128645275816e-15,mae,0.0988939,5,0.31897932785814204,0.10747060188398869,0.1359412358929252,,,,,,,26,,,,history,750.0
,2.66e-5,,0.1,,static_ridge,,,,,mae,,,0.24233572229549058,0.09067683509290239,0.11121770981426221,,,,,,,26,,,,history,750.0
,,,,,rls,,,,,mae,,,0.21208607125588666,0.07745095461987621,0.09748087758592547,0.0006176,0.9,0.0001,,,,26,,,,history,750.0
,,,,,hedge,,,,,mae,,,0.41562723736143276,0.20365837961505298,0.22788093420308467,0.0004696,,,1.0,72,,26,,,,history,750.0
,,,,,exp3,,,,,mae,,,1.0424055775120684,0.37381307102349,0.45768850121325505,0.0004584,,,,,0.2,26,,,,history,750.0
,,,,,fixed_share,,,,,mae,,,0.40590356985149567,0.15583516972544567,0.18913299196455652,0.0001888,,,1.0,,,26,0.1,,,history,750.0
,,,,,passive_aggressive,,,,,mae,,,0.21937915617334924,0.07605548255226678,0.0958774122922773,3.99e-5,,,,,,26,,1.0e12,0.1,history,750.0
685.7517868331665,0.0015730999999999998,0,0.01,cholesky,adaptive_ridge,48,quadratic_stacked_beta,0.0014454,3.365433270075601e-16,mae,0.0001277,5,0.5228478062982321,0.1746709450248363,0.22091252734391845,,,,,,,25,,,,members,3.0
,3.56e-5,,0.01,,static_ridge,,,,,mae,,,0.5109279612256631,0.17230624229423402,0.21714099880038806,,,,,,,25,,,,members,3.0
,,,,,rls,,,,,mae,,,0.4557073565722666,0.14858012313391206,0.18713193426095037,0.0009538,0.9,1.0e-6,,,,25,,,,members,3.0
,,,,,hedge,,,,,mae,,,0.5389365465873669,0.18631461990319587,0.23138131632800962,0.0006381,,,1.0,0,,25,,,,members,3.0
,,,,,exp3,,,,,mae,,,0.9213360386084493,0.30979252542490054,0.3858467265070765,0.0008268,,,,,0.05,25,,,,members,3.0
,,,,,fixed_share,,,,,mae,,,0.5505792015505007,0.1891730331041016,0.23591027545324264,0.0373556,,,0.01,,,25,0.01,,,members,3.0
,,,,,passive_aggressive,,,,,mae,,,0.6572133491650618,0.19018064514887653,0.2521189613584051,0.0002048,,,,,,25,,1.0e12,0.1,members,3.0
32717.57966426655,0.11689139999999999,0,0.1,cholesky,adaptive_ridge,510,quadratic_stacked_beta,0.067213,2.382110124515162e-15,mae,0.0496784,5,0.2891399832110109,0.10011135666048454,0.12488276993940947,,,,,,,28,,,,history,750.0
,3.22e-5,,0.001,,static_ridge,,,,,mae,,,0.1827665281024893,0.06338271312673548,0.07932724807037198,,,,,,,28,,,,history,750.0
,,,,,rls,,,,,mae,,,0.18039341760211702,0.06330121945269684,0.0796438646079425,0.0006705,0.98,0.1,,,,28,,,,history,750.0
,,,,,hedge,,,,,mae,,,0.28664357300948323,0.10804441806123484,0.1302726279255728,0.0002429,,,1.0,24,,28,,,,history,750.0
,,,,,exp3,,,,,mae,,,0.7876414843361539,0.2104677074113571,0.2909847760724051,0.0002813,,,,,0.2,28,,,,history,750.0
,,,,,fixed_share,,,,,mae,,,0.18678624077566439,0.0645326971767722,0.08102428439875337,0.0002091,,,0.1,,,28,0.01,,,history,750.0
,,,,,passive_aggressive,,,,,mae,,,0.20931384579386075,0.07111050487666144,0.08842573141105885,4.27e-5,,,,,,28,,1.0e12,0.1,history,750.0
381.99016978188257,0.0015191,0,0.1,cholesky,adaptive_ridge,48,quadratic_stacked_beta,0.001345,2.635866513004206e-16,mae,0.0001741,5,0.4858220136146695,0.1695321690154134,0.2115276838539156,,,,,,,30,,,,members,3.0
,4.17e-5,,0.1,,static_ridge,,,,,mae,,,0.48444526069191596,0.16780274534322587,0.20980420332777994,,,,,,,30,,,,members,3.0
,,,,,rls,,,,,mae,,,0.4817885298039151,0.15450841757857667,0.1990725465947832,0.002069,0.9,1.0e-6,,,,30,,,,members,3.0
,,,,,hedge,,,,,mae,,,0.5115538036032949,0.17134720209579324,0.21521442936247576,0.0013631,,,0.5,0,,30,,,,members,3.0
,,,,,exp3,,,,,mae,,,1.0305532767856371,0.3550577082861102,0.4475763048485432,0.0009516,,,,,0.05,30,,,,members,3.0
,,,,,fixed_share,,,,,mae,,,0.5123431007458857,0.17147841961541702,0.2153605122098008,0.0004597,,,0.01,,,30,0.1,,,members,3.0
,,,,,passive_aggressive,,,,,mae,,,0.5120526295495549,0.17143254520598503,0.21537185684529245,9.94e-5,,,,,,30,,1.0e12,1.0,members,3.0
44270.13965667566,0.2104552,0,0.1,cholesky,adaptive_ridge,510,quadratic_stacked_beta,0.0158916,2.9359725318166968e-15,mae,0.1945636,5,0.3104618920786592,0.11077051648827795,0.13737391040675506,,,,,,,30,,,,history,750.0
,3.01e-5,,0.001,,static_ridge,,,,,mae,,,0.21134008063246243,0.06962614962657523,0.0888684072262992,,,,,,,30,,,,history,750.0
,,,,,rls,,,,,mae,,,0.2048816106238668,0.06913064778033028,0.08649313619571701,0.0016186,0.995,1.0e-6,,,,30,,,,history,750.0
,,,,,hedge,,,,,mae,,,0.3696032963433893,0.14562943049937607,0.17355000325862083,0.0005214,,,1.0,24,,30,,,,history,750.0
,,,,,exp3,,,,,mae,,,1.2243653057305428,0.35881607542763977,0.47425723039720485,0.0003983,,,,,0.2,30,,,,history,750.0
,,,,,fixed_share,,,,,mae,,,0.27646739533841963,0.09522300604172204,0.12081169851382376,0.0003498,,,0.05,,,30,0.005,,,history,750.0
,,,,,passive_aggressive,,,,,mae,,,0.2618517521210538,0.0776544053769771,0.10033500054607752,7.63e-5,,,,,,30,,1.0e12,0.1,history,750.0
79035.13715308096,0.0762774,0,0.1,cholesky,adaptive_ridge,510,quadratic_stacked_beta,0.0257931,3.001087555243062e-15,mae,0.0504843,5,0.21456248307492096,0.0734323952218449,0.09276164820089161,,,,,,,1,,,,history,1500.0
,7.08e-5,,0.0001,,static_ridge,,,,,mae,,,0.17805543077653835,0.06091985449046814,0.07582752057083475,,,,,,,1,,,,history,1500.0
,,,,,rls,,,,,mae,,,0.17227076980352826,0.05888317347142297,0.07336940008601817,0.0043825,0.995,1.0e-6,,,,1,,,,history,1500.0
,,,,,hedge,,,,,mae,,,0.44509171833033867,0.2180624305047667,0.24326874192199904,0.0010495,,,1.0,72,,1,,,,history,1500.0
,,,,,exp3,,,,,mae,,,1.0631450570311236,0.3088093759159147,0.41546423336230376,0.0009365,,,,,0.2,1,,,,history,1500.0
,,,,,fixed_share,,,,,mae,,,0.2955931635847382,0.10701518560399002,0.13277683860661627,0.0008695,,,0.1,,,1,0.01,,,history,1500.0
,,,,,passive_aggressive,,,,,mae,,,0.1787159526055255,0.06117939209448047,0.07695392113372945,7.78e-5,,,,,,1,,1.0e12,0.1,history,1500.0
69426.49632187198,0.3791031,0,0.1,cholesky,adaptive_ridge,510,quadratic_stacked_beta,0.1735738,3.4118848966766935e-15,mae,0.2055293,5,0.2648189750640966,0.09073526291141479,0.11421075556024426,,,,,,,2,,,,history,1500.0
,7.28e-5,,0.0001,,static_ridge,,,,,mae,,,0.20624213508898936,0.07382607766570817,0.09155631475223179,,,,,,,2,,,,history,1500.0
,,,,,rls,,,,,mae,,,0.20107661700911514,0.07295416748247405,0.08995191405124013,0.0045509,0.995,0.1,,,,2,,,,history,1500.0
,,,,,hedge,,,,,mae,,,0.2353735075654731,0.08306771625519604,0.10345179107402233,0.0009963,,,1.0,0,,2,,,,history,1500.0
,,,,,exp3,,,,,mae,,,1.1100110667448844,0.3582595210486437,0.45337177786407346,0.0010212,,,,,0.2,2,,,,history,1500.0
,,,,,fixed_share,,,,,mae,,,0.2396511694486997,0.08452986456596309,0.10503932686394712,0.0010589,,,0.01,,,2,0.005,,,history,1500.0
,,,,,passive_aggressive,,,,,mae,,,0.2064401755208698,0.07308980832955106,0.09020466205714611,8.4e-5,,,,,,2,,1.0e12,0.1,history,1500.0
3.2092119180754176e6,0.09274489999999999,0,0.001,cholesky,adaptive_ridge,510,quadratic_stacked_beta,0.0368728,2.986766662248325e-15,mae,0.0558721,5,0.21634168902006434,0.0722544706969901,0.0919250365458195,,,,,,,3,,,,history,1500.0
,2.88e-5,,0.001,,static_ridge,,,,,mae,,,0.1813351861795628,0.06373184717585703,0.07914004078042446,,,,,,,3,,,,history,1500.0
,,,,,rls,,,,,mae,,,0.1495837783493679,0.05002939093518886,0.06320515469026497,0.0040212,0.99,0.1,,,,3,,,,history,1500.0
,,,,,hedge,,,,,mae,,,0.3133819442132369,0.11748079830072906,0.14193549367959038,0.000531,,,1.0,72,,3,,,,history,1500.0
,,,,,exp3,,,,,mae,,,0.9873841800246338,0.2061840279548088,0.32761521440218416,0.0005708,,,,,0.2,3,,,,history,1500.0
,,,,,fixed_share,,,,,mae,,,0.1581199012888667,0.05299837471087455,0.066631713920931,0.0008591,,,0.1,,,3,0.005,,,history,1500.0
,,,,,passive_aggressive,,,,,mae,,,0.19128073101502224,0.06499238254688147,0.08097126558861678,8.12e-5,,,,,,3,,1.0e12,0.1,history,1500.0
39928.971881521495,0.20214590000000002,0,0.1,cholesky,adaptive_ridge,510,quadratic_stacked_beta,0.1549087,2.497981852995272e-15,mae,0.0472372,5,0.24632232718107308,0.08265412212084956,0.10396782600338028,,,,,,,4,,,,history,1500.0
,0.0001269,,0.0001,,static_ridge,,,,,mae,,,0.1831805482505568,0.06568946994485542,0.08150826974915827,,,,,,,4,,,,history,1500.0
,,,,,rls,,,,,mae,,,0.1829235423254924,0.06594583135606734,0.08191521122052443,0.0042012,0.995,1.0e-6,,,,4,,,,history,1500.0
,,,,,hedge,,,,,mae,,,0.2542664770447067,0.08335290419143383,0.10533961610213369,0.0012135,,,1.0,168,,4,,,,history,1500.0
,,,,,exp3,,,,,mae,,,0.9429830847740581,0.30406206677604763,0.38124165340138894,0.000586,,,,,0.2,4,,,,history,1500.0
,,,,,fixed_share,,,,,mae,,,0.22562420684373016,0.07777545872415918,0.09718068303659663,0.0003956,,,0.05,,,4,0.02,,,history,1500.0
,,,,,passive_aggressive,,,,,mae,,,0.2086743507789798,0.07088426518364631,0.08912629290727783,7.7e-5,,,,,,4,,1.0e12,0.1,history,1500.0
1.6059490992937896e6,0.2098116,0,0.01,cholesky,adaptive_ridge,510,quadratic_stacked_beta,0.0412948,2.6691842377443885e-15,mae,0.1685168,5,0.18554310521106093,0.06231685770083438,0.07815191423873921,,,,,,,5,,,,history,1500.0
,5.14e-5,,0.001,,static_ridge,,,,,mae,,,0.13205785707770035,0.04684807354812828,0.05819348403349017,,,,,,,5,,,,history,1500.0
,,,,,rls,,,,,mae,,,0.12867465892608695,0.046046398774513185,0.05736904255163752,0.1706831,0.995,0.1,,,,5,,,,history,1500.0
,,,,,hedge,,,,,mae,,,0.23639835425399716,0.07644835891306297,0.09721352065332023,0.0003958,,,0.5,0,,5,,,,history,1500.0
,,,,,exp3,,,,,mae,,,1.0312991396224525,0.23911902232772614,0.34401965230833753,0.0008627,,,,,0.2,5,,,,history,1500.0
,,,,,fixed_share,,,,,mae,,,0.16055004822955404,0.05483091158141235,0.06881911692407015,0.0005063,,,0.05,,,5,0.005,,,history,1500.0
,,,,,passive_aggressive,,,,,mae,,,0.16118260883999697,0.054873547556649485,0.06859901282436733,6.77e-5,,,,,,5,,1.0e12,0.1,history,1500.0
42411.711494021,0.2922769,0,0.1,cholesky,adaptive_ridge,510,quadratic_stacked_beta,0.2429131,3.0372209195359186e-15,mae,0.0493638,5,0.36699930178472306,0.13216597180078704,0.16289811525430228,,,,,,,6,,,,history,1500.0
,4.87e-5,,0.01,,static_ridge,,,,,mae,,,0.3078751173817467,0.10292784504228057,0.13055095015999327,,,,,,,6,,,,history,1500.0
,,,,,rls,,,,,mae,,,0.3083195719071071,0.09633989422262876,0.12354950527863832,0.0044181,0.95,0.1,,,,6,,,,history,1500.0
,,,,,hedge,,,,,mae,,,0.4405469734044189,0.16357382489434324,0.19966263967452566,0.0005526,,,1.0,24,,6,,,,history,1500.0
,,,,,exp3,,,,,mae,,,1.0465794591656934,0.3886341612956641,0.467912559910915,0.0005006,,,,,0.1,6,,,,history,1500.0
,,,,,fixed_share,,,,,mae,,,0.427828281440404,0.14396133744022524,0.18190524462432664,0.000449,,,0.25,,,6,0.02,,,history,1500.0
,,,,,passive_aggressive,,,,,mae,,,0.31249546667596634,0.09535032416541149,0.12384106651146767,9.21e-5,,,,,,6,,1.0e12,0.1,history,1500.0
19483.75695364633,0.0756517,0,0.1,cholesky,adaptive_ridge,510,quadratic_stacked_beta,0.0274966,2.3730944881014663e-15,mae,0.0481551,5,0.2677454219676132,0.0914642123671926,0.11534508494824348,,,,,,,7,,,,history,1500.0
,5.42e-5,,0.01,,static_ridge,,,,,mae,,,0.2434094091829521,0.07869630731239119,0.10072606875644753,,,,,,,7,,,,history,1500.0
,,,,,rls,,,,,mae,,,0.23740321661566433,0.07789694643704752,0.09903743723890025,0.0013152,0.995,0.1,,,,7,,,,history,1500.0
,,,,,hedge,,,,,mae,,,0.25460753167667804,0.08774654559821424,0.11020383251186534,0.0004158,,,0.25,0,,7,,,,history,1500.0
,,,,,exp3,,,,,mae,,,1.0174061391729783,0.2773024344327638,0.3721252238844557,0.000935,,,,,0.2,7,,,,history,1500.0
,,,,,fixed_share,,,,,mae,,,0.25434539809455115,0.08799290100079522,0.11048738778827374,0.0007692,,,0.01,,,7,0.1,,,history,1500.0
,,,,,passive_aggressive,,,,,mae,,,0.25420777629583036,0.07965913891303392,0.10286456154578319,9.36e-5,,,,,,7,,1.0e12,0.1,history,1500.0
28449.865833897253,0.0776898,0,0.1,cholesky,adaptive_ridge,510,quadratic_stacked_beta,0.0263053,2.2874102251350607e-15,mae,0.0513845,5,0.24143466093056232,0.0782848242624047,0.09890118104383973,,,,,,,8,,,,history,1500.0
,8.98e-5,,0.0001,,static_ridge,,,,,mae,,,0.16752783641041066,0.06040950861255382,0.07442078520802348,,,,,,,8,,,,history,1500.0
,,,,,rls,,,,,mae,,,0.16957000834532823,0.059813686816182814,0.07385556518729125,0.0013988,0.995,1.0e-6,,,,8,,,,history,1500.0
,,,,,hedge,,,,,mae,,,0.2716377402953734,0.08972335686936314,0.11357741705951,0.0005386,,,0.01,72,,8,,,,history,1500.0
,,,,,exp3,,,,,mae,,,0.7921599971796089,0.28980028056142526,0.35530984189885123,0.0008056,,,,,0.2,8,,,,history,1500.0
,,,,,fixed_share,,,,,mae,,,0.27338331096721974,0.0904329478641037,0.11428606093629164,0.0008535,,,0.01,,,8,0.1,,,history,1500.0
,,,,,passive_aggressive,,,,,mae,,,0.1672839346593762,0.06341744879082283,0.07718525746082719,8.48e-5,,,,,,8,,1.0e12,0.1,history,1500.0
33167.33162021881,0.0811443,0,0.1,cholesky,adaptive_ridge,510,quadratic_stacked_beta,0.0294573,2.499853448436668e-15,mae,0.051687,5,0.27538475620880354,0.09942181411023533,0.12236943858418509,,,,,,,9,,,,history,1500.0
,4.8e-5,,0.01,,static_ridge,,,,,mae,,,0.24831918890801874,0.08881014311293253,0.11054395080416425,,,,,,,9,,,,history,1500.0
,,,,,rls,,,,,mae,,,0.2492096647758678,0.08877829026430521,0.11081466451335961,0.0011563,0.995,0.1,,,,9,,,,history,1500.0
,,,,,hedge,,,,,mae,,,0.29854671258237764,0.10360612247247367,0.12965909360509126,0.0004405,,,0.01,0,,9,,,,history,1500.0
,,,,,exp3,,,,,mae,,,1.0878418127902352,0.3254723759857144,0.4208655537253646,0.0006313,,,,,0.2,9,,,,history,1500.0
,,,,,fixed_share,,,,,mae,,,0.2988507307288334,0.1036840183334453,0.12976489835591548,0.000606,,,0.01,,,9,0.1,,,history,1500.0
,,,,,passive_aggressive,,,,,mae,,,0.26895996050382487,0.09052101456557432,0.11363272744379113,9.36e-5,,,,,,9,,1.0e12,0.1,history,1500.0
660049.7107053646,0.0787414,0,0.01,cholesky,adaptive_ridge,510,quadratic_stacked_beta,0.0264966,3.040842595643163e-15,mae,0.0522448,5,0.2224414771124427,0.07836659454035488,0.09726711055014405,,,,,,,10,,,,history,1500.0
,6.28e-5,,0.01,,static_ridge,,,,,mae,,,0.1674857333837153,0.058794320321579725,0.07290407252349132,,,,,,,10,,,,history,1500.0
,,,,,rls,,,,,mae,,,0.16638142408253606,0.057264023783203555,0.07247933191347733,0.0013894,0.98,0.1,,,,10,,,,history,1500.0
,,,,,hedge,,,,,mae,,,0.3481827315663514,0.14969419255106925,0.17424903149384385,0.0004084,,,1.0,0,,10,,,,history,1500.0
,,,,,exp3,,,,,mae,,,0.8552585937176258,0.19209999758169097,0.28328492945548006,0.0005833,,,,,0.2,10,,,,history,1500.0
,,,,,fixed_share,,,,,mae,,,0.3053137110136814,0.10641473604755274,0.13280425809213153,0.0004933,,,0.05,,,10,0.005,,,history,1500.0
,,,,,passive_aggressive,,,,,mae,,,0.16585954323317825,0.05727378471922307,0.07218291191335674,7.54e-5,,,,,,10,,1.0e12,0.1,history,1500.0
23888.318669067048,0.07731060000000001,0,0.1,cholesky,adaptive_ridge,510,quadratic_stacked_beta,0.0260173,2.6988903957787204e-15,mae,0.0512933,5,0.27489115830995337,0.09271185843586667,0.11654426503829422,,,,,,,11,,,,history,1500.0
,4.95e-5,,0.01,,static_ridge,,,,,mae,,,0.22594662655606398,0.07787664666277809,0.0967821976367726,,,,,,,11,,,,history,1500.0
,,,,,rls,,,,,mae,,,0.22181609282811504,0.07877771093461565,0.09610435326611598,0.0012718,0.995,0.1,,,,11,,,,history,1500.0
,,,,,hedge,,,,,mae,,,0.3210045721804328,0.12584236060516735,0.1503109669199935,0.0010854,,,1.0,24,,11,,,,history,1500.0
,,,,,exp3,,,,,mae,,,0.8472757701650999,0.25084308182778814,0.3276059984841225,0.0008551,,,,,0.2,11,,,,history,1500.0
,,,,,fixed_share,,,,,mae,,,0.26895013979258564,0.09586517617424578,0.11803164474164442,0.0007964,,,0.05,,,11,0.005,,,history,1500.0
,,,,,passive_aggressive,,,,,mae,,,0.23818256136233176,0.08074726972166016,0.1006303848623889,8.63e-5,,,,,,11,,1.0e12,0.1,history,1500.0
22497.523401110087,0.1335431,0,0.1,cholesky,adaptive_ridge,510,quadratic_stacked_beta,0.0843931,2.983716310187915e-15,mae,0.04915,5,0.24363553784779562,0.07901702165451972,0.10096650599129052,,,,,,,12,,,,history,1500.0
,4.76e-5,,0.01,,static_ridge,,,,,mae,,,0.2173959226108646,0.07196809814169018,0.0916591837582491,,,,,,,12,,,,history,1500.0
,,,,,rls,,,,,mae,,,0.20738403875506875,0.0693704575423874,0.08835159366662965,0.0043585,0.995,0.1,,,,12,,,,history,1500.0
,,,,,hedge,,,,,mae,,,0.24808393227284076,0.08548483952305577,0.10619476350590888,0.0012132,,,0.5,0,,12,,,,history,1500.0
,,,,,exp3,,,,,mae,,,0.9307609853200772,0.31838691592940344,0.3912374752340834,0.0011156,,,,,0.2,12,,,,history,1500.0
,,,,,fixed_share,,,,,mae,,,0.24683068511493952,0.085815433252637,0.10643371157694718,0.0010127,,,0.01,,,12,0.02,,,history,1500.0
,,,,,passive_aggressive,,,,,mae,,,0.2364708203835049,0.07529126629944731,0.09709813761405141,0.0001014,,,,,,12,,1.0e12,0.1,history,1500.0
70495.9541561717,0.253315,0,0.1,cholesky,adaptive_ridge,510,quadratic_stacked_beta,0.1586642,3.2203107767728733e-15,mae,0.0946508,5,0.23710326783204722,0.08064906730145985,0.10188145107955787,,,,,,,13,,,,history,1500.0
,5.2e-5,,0.01,,static_ridge,,,,,mae,,,0.19407462617544968,0.06596257564805326,0.08315085218524401,,,,,,,13,,,,history,1500.0
,,,,,rls,,,,,mae,,,0.1879923553716521,0.06554617067905955,0.08114503461262526,0.0041468,0.995,0.1,,,,13,,,,history,1500.0
,,,,,hedge,,,,,mae,,,0.29835630475261565,0.10622934797736097,0.132271692151582,0.0008866,,,0.01,0,,13,,,,history,1500.0
,,,,,exp3,,,,,mae,,,1.053046316632602,0.34596210182274284,0.4263984274872934,0.0007764,,,,,0.2,13,,,,history,1500.0
,,,,,fixed_share,,,,,mae,,,0.2873906056110097,0.09446455653111335,0.11994942222254265,0.0004232,,,0.5,,,13,0.05,,,history,1500.0
,,,,,passive_aggressive,,,,,mae,,,0.20896981249139063,0.06487970833335377,0.08347406824929544,7.99e-5,,,,,,13,,1.0e12,0.1,history,1500.0
18947.821815344465,0.3759711,0,0.1,cholesky,adaptive_ridge,510,quadratic_stacked_beta,0.2035204,2.4626473785517133e-15,mae,0.1724507,5,0.3615150149669226,0.129549400319982,0.1587992700515732,,,,,,,14,,,,history,1500.0
,6.15e-5,,0.01,,static_ridge,,,,,mae,,,0.3083221116231738,0.10837214124787783,0.13481909658861274,,,,,,,14,,,,history,1500.0
,,,,,rls,,,,,mae,,,0.3032869706410654,0.10127465420698127,0.1280697764521983,0.0023534,0.98,1.0e-6,,,,14,,,,history,1500.0
,,,,,hedge,,,,,mae,,,0.3435338123762774,0.11815782609708571,0.14780554696520484,0.0009378,,,1.0,72,,14,,,,history,1500.0
,,,,,exp3,,,,,mae,,,0.9707258232813487,0.26133288417440526,0.35280754843976286,0.1028341,,,,,0.2,14,,,,history,1500.0
,,,,,fixed_share,,,,,mae,,,0.3024443140023198,0.10598239867673519,0.1311450162921876,0.0004862,,,0.05,,,14,0.01,,,history,1500.0
,,,,,passive_aggressive,,,,,mae,,,0.34988291037283575,0.10342203733688243,0.13421586914854447,9.6e-5,,,,,,14,,1.0e12,0.1,history,1500.0
111568.77893639336,0.1080916,0,0.1,cholesky,adaptive_ridge,510,quadratic_stacked_beta,0.0498833,3.301528344532456e-15,mae,0.0582083,5,0.3774850502876241,0.1253045499213028,0.15838059178089847,,,,,,,15,,,,history,1500.0
,5.32e-5,,0.1,,static_ridge,,,,,mae,,,0.32012187634131495,0.10838037766669119,0.1366764257341503,,,,,,,15,,,,history,1500.0
,,,,,rls,,,,,mae,,,0.3186173299029489,0.101920600102255,0.13194048317090434,0.0046376,0.95,0.1,,,,15,,,,history,1500.0
,,,,,hedge,,,,,mae,,,0.4171599583861068,0.17367856826586264,0.20494611183353617,0.0011373,,,1.0,24,,15,,,,history,1500.0
,,,,,exp3,,,,,mae,,,1.0970026078522108,0.3723556325452454,0.47606200909447005,0.0009234,,,,,0.2,15,,,,history,1500.0
,,,,,fixed_share,,,,,mae,,,0.373826189426396,0.12706938430750636,0.16183084658254332,0.0009177,,,0.05,,,15,0.005,,,history,1500.0
,,,,,passive_aggressive,,,,,mae,,,0.3969672897466655,0.10545676351633593,0.14435019375233596,9.79e-5,,,,,,15,,1.0e12,0.1,history,1500.0
34879.13907148638,0.32575350000000003,0,0.1,cholesky,adaptive_ridge,510,quadratic_stacked_beta,0.1925772,2.3264638804694172e-15,mae,0.1331763,5,0.24784383147916525,0.08773992667762098,0.10845949481223975,,,,,,,16,,,,history,1500.0
,0.0001908,,0.01,,static_ridge,,,,,mae,,,0.20497121092940807,0.07307143000716759,0.09162951035393055,,,,,,,16,,,,history,1500.0
,,,,,rls,,,,,mae,,,0.20102297100946626,0.07305520881423626,0.09085368721730913,0.001262,0.995,0.1,,,,16,,,,history,1500.0
,,,,,hedge,,,,,mae,,,0.24778355152198686,0.09273067268297122,0.11368379836400365,0.0004388,,,0.01,0,,16,,,,history,1500.0
,,,,,exp3,,,,,mae,,,0.982595217680352,0.25740116562160564,0.3523439316497464,0.0010012,,,,,0.2,16,,,,history,1500.0
,,,,,fixed_share,,,,,mae,,,0.24819421117180268,0.0930050364039163,0.11404052301730812,0.0010005,,,0.01,,,16,0.1,,,history,1500.0
,,,,,passive_aggressive,,,,,mae,,,0.2178137961280673,0.07683543193460926,0.09610844605551708,8.17e-5,,,,,,16,,1.0e12,0.1,history,1500.0
290956.306312264,0.3784859,0,0.01,cholesky,adaptive_ridge,510,quadratic_stacked_beta,0.1730378,2.739088268586156e-15,mae,0.2054481,5,0.2423886050979317,0.08048022745727378,0.10136230902200337,,,,,,,17,,,,history,1500.0
,8.8e-5,,0.001,,static_ridge,,,,,mae,,,0.183261286961044,0.0637790908718874,0.07964823435045083,,,,,,,17,,,,history,1500.0
,,,,,rls,,,,,mae,,,0.18032868427010246,0.06279585975897874,0.07786381925081519,0.0014448,0.995,1.0e-6,,,,17,,,,history,1500.0
,,,,,hedge,,,,,mae,,,0.29188630474388405,0.11733343339353015,0.1410211862143301,0.000853,,,1.0,24,,17,,,,history,1500.0
,,,,,exp3,,,,,mae,,,0.7894824546125121,0.2850349479333143,0.3379508666242728,0.0007939,,,,,0.2,17,,,,history,1500.0
,,,,,fixed_share,,,,,mae,,,0.21141012836475392,0.07541659728356642,0.0939199366628356,0.0012438,,,0.25,,,17,0.02,,,history,1500.0
,,,,,passive_aggressive,,,,,mae,,,0.1827205488595717,0.06492149669058533,0.08089224016073987,8.38e-5,,,,,,17,,1.0e12,0.1,history,1500.0
526488.9201677606,0.2346556,0,0.01,cholesky,adaptive_ridge,510,quadratic_stacked_beta,0.1842867,3.493040514278146e-15,mae,0.0503689,5,0.23761234319131794,0.08270544276728402,0.10256671823582907,,,,,,,18,,,,history,1500.0
,6.14e-5,,0.001,,static_ridge,,,,,mae,,,0.17039730936469805,0.058320521087926507,0.07282503371159639,,,,,,,18,,,,history,1500.0
,,,,,rls,,,,,mae,,,0.16781679981276962,0.0583235653163328,0.07225713102957308,0.0012037,0.995,0.1,,,,18,,,,history,1500.0
,,,,,hedge,,,,,mae,,,0.26621086765104995,0.08667628174919018,0.11055584032079967,0.0004893,,,1.0,336,,18,,,,history,1500.0
,,,,,exp3,,,,,mae,,,1.0464664466512072,0.32190560525054146,0.40227067105233716,0.000448,,,,,0.2,18,,,,history,1500.0
,,,,,fixed_share,,,,,mae,,,0.27559522966100525,0.08714446350058949,0.11265611360949798,0.0003733,,,0.01,,,18,0.005,,,history,1500.0
,,,,,passive_aggressive,,,,,mae,,,0.18208093602766123,0.05998480381412679,0.07680879197651097,7.73e-5,,,,,,18,,1.0e12,0.1,history,1500.0
18065.60498125613,0.3490815,0,0.1,cholesky,adaptive_ridge,510,quadratic_stacked_beta,0.3020516,2.1675992838310656e-15,mae,0.0470299,5,0.27155542828852264,0.09736835414400619,0.1191232267766388,,,,,,,19,,,,history,1500.0
,5.15e-5,,0.01,,static_ridge,,,,,mae,,,0.22683472699077037,0.08115285902923058,0.09952823304123035,,,,,,,19,,,,history,1500.0
,,,,,rls,,,,,mae,,,0.2296221329498506,0.07760027373615862,0.09633037456398569,0.0013556,0.98,0.1,,,,19,,,,history,1500.0
,,,,,hedge,,,,,mae,,,0.2945609301613611,0.10362749629436825,0.12867644030905065,0.0005204,,,1.0,72,,19,,,,history,1500.0
,,,,,exp3,,,,,mae,,,0.9822656513963643,0.29409312126060466,0.36764400126194247,0.0005451,,,,,0.2,19,,,,history,1500.0
,,,,,fixed_share,,,,,mae,,,0.2980147793073669,0.10555209401676904,0.1309761295404038,0.0004846,,,0.01,,,19,0.005,,,history,1500.0
,,,,,passive_aggressive,,,,,mae,,,0.23205851650619727,0.07766155182276509,0.09846338563036537,8.52e-5,,,,,,19,,1.0e12,0.1,history,1500.0
371080.0794114238,0.0783045,0,0.01,cholesky,adaptive_ridge,510,quadratic_stacked_beta,0.0274787,2.6229661439076777e-15,mae,0.0508258,5,0.2104964686707544,0.0693997065524658,0.08627927070427713,,,,,,,20,,,,history,1500.0
,7.76e-5,,0.0001,,static_ridge,,,,,mae,,,0.1417897512901495,0.04736762266972491,0.060366799360132305,,,,,,,20,,,,history,1500.0
,,,,,rls,,,,,mae,,,0.14125910241721015,0.045971875092774915,0.05884223999617534,0.0033377,0.995,1.0e-6,,,,20,,,,history,1500.0
,,,,,hedge,,,,,mae,,,0.292995402474031,0.09978643680990672,0.12412749425499232,0.0004062,,,0.01,0,,20,,,,history,1500.0
,,,,,exp3,,,,,mae,,,1.0457654087993036,0.29589248436533405,0.38996511662440664,0.0004871,,,,,0.2,20,,,,history,1500.0
,,,,,fixed_share,,,,,mae,,,0.2931685020587078,0.099871219429603,0.12425222705190186,0.0004226,,,0.01,,,20,0.1,,,history,1500.0
,,,,,passive_aggressive,,,,,mae,,,0.15674737746453957,0.055630856209639847,0.0695208490339239,0.0001447,,,,,,20,,1.0e12,0.1,history,1500.0
76332.87963930955,0.4154268,0,0.1,cholesky,adaptive_ridge,810,quadratic_stacked_beta,0.1807619,3.4242861412139652e-15,mae,0.2346649,8,0.2321080899838239,0.08000910204114771,0.10081366587980095,,,,,,,16,,,,window,8.0
,9.1e-5,,0.01,,static_ridge,,,,,mae,,,0.20238946528403645,0.06986104758963516,0.08782060879245342,,,,,,,16,,,,window,8.0
,,,,,rls,,,,,mae,,,0.19163869834879216,0.06650715406389777,0.083214369035415,0.0066915,0.995,0.1,,,,16,,,,window,8.0
,,,,,hedge,,,,,mae,,,0.2510100650640427,0.09037314728342898,0.11191619369857118,0.0008211,,,0.01,0,,16,,,,window,8.0
,,,,,exp3,,,,,mae,,,0.8155003526292581,0.20922798777648652,0.28700371103388994,0.0016596,,,,,0.2,16,,,,window,8.0
,,,,,fixed_share,,,,,mae,,,0.25154523814667457,0.09074361095908116,0.11230483266476417,0.0009895,,,0.01,,,16,0.1,,,window,8.0
,,,,,passive_aggressive,,,,,mae,,,0.20843429625400234,0.07066696136115179,0.08848908271557283,0.0001574,,,,,,16,,1.0e12,0.1,window,8.0
161874.14827978684,0.0701648,0,0.01,cholesky,adaptive_ridge,510,quadratic_stacked_beta,0.0247836,1.5161949603088083e-15,mae,0.0453812,5,0.20098038909754132,0.06721628188649513,0.08462962615612891,,,,,,,22,,,,history,1500.0
,5.14e-5,,0.001,,static_ridge,,,,,mae,,,0.14168242826998934,0.04854107159630504,0.060568396649914896,,,,,,,22,,,,history,1500.0
,,,,,rls,,,,,mae,,,0.1440017548180406,0.04883821648297616,0.06104517695970762,0.0011973,0.995,0.1,,,,22,,,,history,1500.0
,,,,,hedge,,,,,mae,,,0.2476930406001009,0.08247689470059245,0.1044204326162291,0.000488,,,1.0,72,,22,,,,history,1500.0
,,,,,exp3,,,,,mae,,,0.6211283634695789,0.1906787106887304,0.24403693205157306,0.0007964,,,,,0.1,22,,,,history,1500.0
,,,,,fixed_share,,,,,mae,,,0.16168887217872022,0.053019375614316494,0.06677798817792348,0.0008047,,,0.1,,,22,0.005,,,history,1500.0
,,,,,passive_aggressive,,,,,mae,,,0.16096934436455698,0.05338642904230377,0.06811915586310509,7.1e-5,,,,,,22,,1.0e12,0.1,history,1500.0
514919.2804090863,0.1288522,0,0.01,cholesky,adaptive_ridge,510,quadratic_stacked_beta,0.02489,3.2025574794575707e-15,mae,0.1039622,5,0.191037590192899,0.061546653016895624,0.07807508160668665,,,,,,,23,,,,history,1500.0
,7.72e-5,,0.0001,,static_ridge,,,,,mae,,,0.1401413447422914,0.04729920447902279,0.06006881159285137,,,,,,,23,,,,history,1500.0
,,,,,rls,,,,,mae,,,0.12076399025966297,0.043363174726323776,0.05394832864751631,0.0045919,0.995,0.1,,,,23,,,,history,1500.0
,,,,,hedge,,,,,mae,,,0.33326437292967076,0.12468189383463658,0.1518745251648715,0.0013695,,,1.0,72,,23,,,,history,1500.0
,,,,,exp3,,,,,mae,,,0.872131111338096,0.2211952380047585,0.3103870988811874,0.0010251,,,,,0.1,23,,,,history,1500.0
,,,,,fixed_share,,,,,mae,,,0.23091999097750232,0.08076561721051001,0.10098727712020274,0.0010494,,,0.25,,,23,0.02,,,history,1500.0
,,,,,passive_aggressive,,,,,mae,,,0.1340527568368068,0.04925583954565689,0.06058158707573502,7.67e-5,,,,,,23,,1.0e12,0.1,history,1500.0
48666.77599474532,0.0856134,0,0.1,cholesky,adaptive_ridge,510,quadratic_stacked_beta,0.0262532,2.7585878621390537e-15,mae,0.0593602,5,0.22922108419663767,0.07782580231627548,0.09848101575731193,,,,,,,24,,,,history,1500.0
,5.53e-5,,0.01,,static_ridge,,,,,mae,,,0.20612781797211138,0.07136780747376498,0.08946184759509264,,,,,,,24,,,,history,1500.0
,,,,,rls,,,,,mae,,,0.1832642658641461,0.060842981510551,0.0768623465671087,0.0044784,0.995,0.1,,,,24,,,,history,1500.0
,,,,,hedge,,,,,mae,,,0.22807605661648286,0.08050023005897758,0.0998165230945045,0.0709782,,,1.0,0,,24,,,,history,1500.0
,,,,,exp3,,,,,mae,,,1.0000909511587872,0.26572285559964803,0.36314772021928166,0.0006384,,,,,0.2,24,,,,history,1500.0
,,,,,fixed_share,,,,,mae,,,0.2192979019964424,0.06982359722059422,0.0892281388309889,0.0008405,,,0.1,,,24,0.01,,,history,1500.0
,,,,,passive_aggressive,,,,,mae,,,0.20070108625684216,0.0657474058383847,0.0829462759863136,8.59e-5,,,,,,24,,1.0e12,0.1,history,1500.0
58014.56112399926,0.3418691,0,0.1,cholesky,adaptive_ridge,510,quadratic_stacked_beta,0.1590672,1.974112266936096e-15,mae,0.1828019,5,0.25512616584267883,0.08901868050723433,0.10998906054213262,,,,,,,25,,,,history,1500.0
,5.11e-5,,0.01,,static_ridge,,,,,mae,,,0.2401939402116249,0.07931983267774277,0.1001085336674069,,,,,,,25,,,,history,1500.0
,,,,,rls,,,,,mae,,,0.23271146200000026,0.07350874491508937,0.09382631712881889,0.0042448,0.95,1.0e-6,,,,25,,,,history,1500.0
,,,,,hedge,,,,,mae,,,0.3425554218850583,0.1655926037163331,0.1859700014969512,0.0011747,,,1.0,0,,25,,,,history,1500.0
,,,,,exp3,,,,,mae,,,0.8721166394425611,0.32983617905955415,0.38998265705749185,0.0008998,,,,,0.2,25,,,,history,1500.0
,,,,,fixed_share,,,,,mae,,,0.30862123355836474,0.13191275668244412,0.1539700398007843,0.001041,,,0.05,,,25,0.005,,,history,1500.0
,,,,,passive_aggressive,,,,,mae,,,0.2682656820183644,0.08247985567917317,0.10639895673695957,8.71e-5,,,,,,25,,1.0e12,0.1,history,1500.0
38171.79831049946,0.10297970000000001,0,0.1,cholesky,adaptive_ridge,510,quadratic_stacked_beta,0.0405923,3.265912616406843e-15,mae,0.0623874,5,0.2717940139549984,0.09706460687331722,0.12086174792125128,,,,,,,26,,,,history,1500.0
,5.29e-5,,0.01,,static_ridge,,,,,mae,,,0.23298716493175975,0.08406766741255649,0.1049082624179498,,,,,,,26,,,,history,1500.0
,,,,,rls,,,,,mae,,,0.23217867475081835,0.08024166782206676,0.10010851745442721,0.0013376,0.95,0.1,,,,26,,,,history,1500.0
,,,,,hedge,,,,,mae,,,0.38627020304411425,0.1962208725732788,0.21753903760293525,0.00052,,,1.0,168,,26,,,,history,1500.0
,,,,,exp3,,,,,mae,,,0.9607594597886259,0.332711331971442,0.41521278716518745,0.0009805,,,,,0.2,26,,,,history,1500.0
,,,,,fixed_share,,,,,mae,,,0.41186554407929404,0.16028117582924725,0.19246648785425846,0.0009375,,,1.0,,,26,0.1,,,history,1500.0
,,,,,passive_aggressive,,,,,mae,,,0.22555593440565228,0.08104281468894729,0.10071421729212021,8.53e-5,,,,,,26,,1.0e12,0.1,history,1500.0
514725.60589087964,0.21605549999999998,0,0.01,cholesky,adaptive_ridge,510,quadratic_stacked_beta,0.0239313,2.6768272829040505e-15,mae,0.1921242,5,0.20237439779651414,0.07061889289082002,0.08728542056396621,,,,,,,27,,,,history,1500.0
,8.27e-5,,0.0001,,static_ridge,,,,,mae,,,0.14581765756386245,0.04912238827365173,0.06197533626812297,,,,,,,27,,,,history,1500.0
,,,,,rls,,,,,mae,,,0.14783030473636533,0.048120664638903195,0.06108142257062221,0.0018466,0.995,1.0e-6,,,,27,,,,history,1500.0
,,,,,hedge,,,,,mae,,,0.25059356715323894,0.08635974470696954,0.10848700926657354,0.001082,,,0.5,0,,27,,,,history,1500.0
,,,,,exp3,,,,,mae,,,0.8599349356672262,0.19951060701658518,0.29663941279911205,0.0663639,,,,,0.2,27,,,,history,1500.0
,,,,,fixed_share,,,,,mae,,,0.2144226393340115,0.0726068122576081,0.0914247440906214,0.0009926,,,1.0,,,27,0.1,,,history,1500.0
,,,,,passive_aggressive,,,,,mae,,,0.1668895776962091,0.053496015973894584,0.06816393986756628,7.28e-5,,,,,,27,,1.0e12,0.1,history,1500.0
28936.71518680455,0.1472932,0,0.1,cholesky,adaptive_ridge,510,quadratic_stacked_beta,0.0401066,1.8088364014037163e-15,mae,0.1071866,5,0.26288066247173314,0.0913716145074822,0.11365170959155951,,,,,,,28,,,,history,1500.0
,5.54e-5,,0.001,,static_ridge,,,,,mae,,,0.18417361235674531,0.063724968562903,0.07982585099509444,,,,,,,28,,,,history,1500.0
,,,,,rls,,,,,mae,,,0.181925492131769,0.06380094287598805,0.07971481309830127,0.1158761,0.995,0.1,,,,28,,,,history,1500.0
,,,,,hedge,,,,,mae,,,0.28283373481122565,0.10150295340052783,0.12459625700102916,0.0011384,,,1.0,72,,28,,,,history,1500.0
,,,,,exp3,,,,,mae,,,0.8263949616404375,0.17515742333734965,0.2633672236058038,0.0009693,,,,,0.2,28,,,,history,1500.0
,,,,,fixed_share,,,,,mae,,,0.18592900562979886,0.06451295633344245,0.08088130656680736,0.0010128,,,0.05,,,28,0.005,,,history,1500.0
,,,,,passive_aggressive,,,,,mae,,,0.2098688109282108,0.06974358063438486,0.08784075209632862,8.23e-5,,,,,,28,,1.0e12,0.1,history,1500.0
51589.08045924509,0.1338169,0,0.1,cholesky,adaptive_ridge,510,quadratic_stacked_beta,0.0818824,2.757376660730479e-15,mae,0.0519345,5,0.25121192972986056,0.08150566219947734,0.10251338130980102,,,,,,,29,,,,history,1500.0
,7.59e-5,,0.0001,,static_ridge,,,,,mae,,,0.19800269779103666,0.0664451050487248,0.08417178652271218,,,,,,,29,,,,history,1500.0
,,,,,rls,,,,,mae,,,0.19090865237534202,0.06608126964613047,0.08283958576474933,0.0012801,0.995,0.1,,,,29,,,,history,1500.0
,,,,,hedge,,,,,mae,,,0.2570769767740276,0.08464069487648378,0.10573024814688226,0.0011696,,,1.0,168,,29,,,,history,1500.0
,,,,,exp3,,,,,mae,,,0.9114930404570475,0.26635400218791633,0.3527384191896814,0.0004913,,,,,0.2,29,,,,history,1500.0
,,,,,fixed_share,,,,,mae,,,0.254847208964899,0.08428036022646637,0.10564705714586568,0.00915,,,0.05,,,29,0.02,,,history,1500.0
,,,,,passive_aggressive,,,,,mae,,,0.19264491261905836,0.06592541823212193,0.08288068809315502,7.44e-5,,,,,,29,,1.0e12,0.1,history,1500.0
36639.76773351959,0.08564340000000001,0,0.1,cholesky,adaptive_ridge,510,quadratic_stacked_beta,0.0362494,2.6440803802070276e-15,mae,0.049394,5,0.2642163542254764,0.0921934960353838,0.115376623767772,,,,,,,30,,,,history,1500.0
,5.48e-5,,0.001,,static_ridge,,,,,mae,,,0.23286504014583392,0.07770176727221255,0.0982113516545577,,,,,,,30,,,,history,1500.0
,,,,,rls,,,,,mae,,,0.21366058601227406,0.06925558353788377,0.08807001713345394,0.0040037,0.995,0.1,,,,30,,,,history,1500.0
,,,,,hedge,,,,,mae,,,0.393444961091209,0.15281969343435256,0.18203094347520524,0.001043,,,1.0,24,,30,,,,history,1500.0
,,,,,exp3,,,,,mae,,,1.0368208354363697,0.33312844971591193,0.4231112074160829,0.0008373,,,,,0.2,30,,,,history,1500.0
,,,,,fixed_share,,,,,mae,,,0.31033930155851974,0.10127337729663521,0.12769648150145127,0.0004866,,,0.05,,,30,0.01,,,history,1500.0
,,,,,passive_aggressive,,,,,mae,,,0.24259606536350442,0.07587967017983606,0.09720612073278412,8.41e-5,,,,,,30,,1.0e12,0.1,history,1500.0
61704.50543042512,0.3146498,0,0.1,cholesky,adaptive_ridge,810,quadratic_stacked_beta,0.0996813,3.280152470132102e-15,mae,0.2149685,8,0.22640253234570834,0.07694168120693014,0.0967491174524879,,,,,,,21,,,,window,8.0
,0.0001278,,0.0001,,static_ridge,,,,,mae,,,0.22006645850020043,0.07397134347065264,0.093070455874823,,,,,,,21,,,,window,8.0
,,,,,rls,,,,,mae,,,0.17049791173541262,0.05829012432620005,0.07330329115774767,0.0089154,0.995,1.0e-6,,,,21,,,,window,8.0
,,,,,hedge,,,,,mae,,,0.200778141420455,0.06797604142618312,0.08544396783474428,0.0022486,,,0.5,0,,21,,,,window,8.0
,,,,,exp3,,,,,mae,,,0.7560201215308655,0.2623200913681688,0.32283561029559,0.0015878,,,,,0.05,21,,,,window,8.0
,,,,,fixed_share,,,,,mae,,,0.20110597030467983,0.0683552754108625,0.08576925688579996,0.0020129,,,0.01,,,21,0.02,,,window,8.0
,,,,,passive_aggressive,,,,,mae,,,0.18133556051412075,0.05915228753680813,0.07545182850034231,0.0001507,,,,,,21,,1.0e12,0.1,window,8.0
140010.78156944618,0.323651,0,0.1,cholesky,adaptive_ridge,510,quadratic_stacked_beta,0.27148,2.9713637623098198e-15,mae,0.052171,5,0.2304991116197403,0.08125431179928293,0.10139826499044126,,,,,,,2,,,,history,3000.0
,0.0002029,,0.01,,static_ridge,,,,,mae,,,0.2100257887555147,0.07209728228400382,0.09001700023182244,,,,,,,2,,,,history,3000.0
,,,,,rls,,,,,mae,,,0.19611536866073895,0.06931787719731655,0.08563132795536331,0.0029244,0.995,0.1,,,,2,,,,history,3000.0
,,,,,hedge,,,,,mae,,,0.2325767871638078,0.08206626116425177,0.10199789824837803,0.0010175,,,1.0,336,,2,,,,history,3000.0
,,,,,exp3,,,,,mae,,,0.9505280170891917,0.35567350509184487,0.4286137026891908,0.0020728,,,,,0.1,2,,,,history,3000.0
,,,,,fixed_share,,,,,mae,,,0.23293411830699065,0.08200120171268661,0.10182255953549592,0.0011293,,,0.01,,,2,0.005,,,history,3000.0
,,,,,passive_aggressive,,,,,mae,,,0.2006189941742222,0.0698202177112568,0.08689477741264276,0.0001484,,,,,,2,,1.0e12,0.1,history,3000.0
4.843986570867748e6,0.12094939999999998,0,0.001,cholesky,adaptive_ridge,510,quadratic_stacked_beta,0.045506,2.370442086770494e-15,mae,0.0754434,5,0.18666849696836502,0.06036090914257252,0.07645586430790853,,,,,,,3,,,,history,3000.0
,0.0003052,,0.01,,static_ridge,,,,,mae,,,0.2231958700154279,0.08118172814322659,0.09882080431987289,,,,,,,3,,,,history,3000.0
,,,,,rls,,,,,mae,,,0.1381771301368853,0.04676836314931355,0.058697955978291076,0.00917,0.99,0.1,,,,3,,,,history,3000.0
,,,,,hedge,,,,,mae,,,0.293231572724992,0.1100002579896433,0.13315400513906242,0.0026282,,,1.0,24,,3,,,,history,3000.0
,,,,,exp3,,,,,mae,,,0.8896375353722753,0.18061310755241325,0.28450686874233655,0.0010996,,,,,0.2,3,,,,history,3000.0
,,,,,fixed_share,,,,,mae,,,0.1476085701948021,0.049414407408463895,0.061933394752123935,0.0019677,,,0.1,,,3,0.005,,,history,3000.0
,,,,,passive_aggressive,,,,,mae,,,0.16919393129420768,0.05782950161686671,0.07242580500410513,0.0001343,,,,,,3,,1.0e12,0.1,history,3000.0
39319.175292711356,0.2204576,0,0.1,cholesky,adaptive_ridge,510,quadratic_stacked_beta,0.1689884,2.0680506163521175e-15,mae,0.0514692,5,0.2113899988315622,0.07331477157009463,0.09086420852183875,,,,,,,4,,,,history,3000.0
,0.0001185,,0.01,,static_ridge,,,,,mae,,,0.18305703403122844,0.06543343211117121,0.08124382655340028,,,,,,,4,,,,history,3000.0
,,,,,rls,,,,,mae,,,0.1729215356026235,0.06225860870364822,0.07737202808024217,0.0099858,0.995,0.1,,,,4,,,,history,3000.0
,,,,,hedge,,,,,mae,,,0.2385230617138908,0.08067992992718755,0.10109131965642709,0.0560906,,,1.0,24,,4,,,,history,3000.0
,,,,,exp3,,,,,mae,,,0.8289061760135936,0.26746329550934855,0.33723060312691494,0.0019947,,,,,0.1,4,,,,history,3000.0
,,,,,fixed_share,,,,,mae,,,0.20868528516558588,0.07227086856801361,0.09024922237212511,0.0028533,,,0.05,,,4,0.02,,,history,3000.0
,,,,,passive_aggressive,,,,,mae,,,0.19400056838862428,0.06502214748457769,0.0821867458015513,0.0001298,,,,,,4,,1.0e12,0.1,history,3000.0
660085.1177012768,0.11470069999999999,0,0.01,cholesky,adaptive_ridge,510,quadratic_stacked_beta,0.0720135,2.4608237189787033e-15,mae,0.0426872,5,0.21683448792760845,0.07140512329265304,0.09064474850645375,,,,,,,17,,,,members,10.0
,0.0001192,,0.01,,static_ridge,,,,,mae,,,0.19418457572636671,0.0650389653727623,0.081920407996403,,,,,,,17,,,,members,10.0
,,,,,rls,,,,,mae,,,0.18164630561458048,0.0600435607693447,0.07570163391033578,0.1872021,0.995,1.0e-6,,,,17,,,,members,10.0
,,,,,hedge,,,,,mae,,,0.2924405506260153,0.11525346206150283,0.13846934760150642,0.0009714,,,1.0,24,,17,,,,members,10.0
,,,,,exp3,,,,,mae,,,0.7408118967082299,0.26644811608774305,0.3203864941492506,0.0011453,,,,,0.1,17,,,,members,10.0
,,,,,fixed_share,,,,,mae,,,0.22830489682334906,0.08085728779276558,0.1009110794332172,0.0014534,,,0.1,,,17,0.02,,,members,10.0
,,,,,passive_aggressive,,,,,mae,,,0.18451109965284992,0.06410028452744024,0.08015877443461288,0.0001327,,,,,,17,,1.0e12,0.1,members,10.0
1.2915489731596175e6,0.09456120000000001,0,0.001,cholesky,adaptive_ridge,510,quadratic_stacked_beta,0.0467419,2.6480643352592638e-15,mae,0.0478193,5,0.1901065505035273,0.06625065844356577,0.08253791889125639,,,,,,,18,,,,members,10.0
,9.0e-5,,0.001,,static_ridge,,,,,mae,,,0.16068397902110285,0.0573097906294586,0.07076773934452542,,,,,,,18,,,,members,10.0
,,,,,rls,,,,,mae,,,0.15719326372217407,0.055833329452598016,0.06874819376740263,0.1213436,0.995,0.1,,,,18,,,,members,10.0
,,,,,hedge,,,,,mae,,,0.25827084887026985,0.08255872221060993,0.10563516299483415,0.0016954,,,1.0,0,,18,,,,members,10.0
,,,,,exp3,,,,,mae,,,0.9145624474650051,0.28996112552596676,0.3522986716711297,0.0011994,,,,,0.2,18,,,,members,10.0
,,,,,fixed_share,,,,,mae,,,0.2664720371915227,0.08377577808384701,0.10776549323128937,0.0010539,,,0.01,,,18,0.005,,,members,10.0
,,,,,passive_aggressive,,,,,mae,,,0.16489997923768493,0.0558884963894822,0.07040953786463947,0.0001989,,,,,,18,,1.0e12,0.1,members,10.0
16929.89959860936,0.4229408,0,0.1,cholesky,adaptive_ridge,510,quadratic_stacked_beta,0.0684258,2.5208013302859972e-15,mae,0.354515,5,0.25422682898655447,0.08687461958160157,0.10945779566184873,,,,,,,7,,,,history,3000.0
,9.21e-5,,0.01,,static_ridge,,,,,mae,,,0.24441645204881973,0.07974548638667443,0.1013859908690247,,,,,,,7,,,,history,3000.0
,,,,,rls,,,,,mae,,,0.23255223630273522,0.07718158146223414,0.09752879925351786,0.0034004,0.995,0.1,,,,7,,,,history,3000.0
,,,,,hedge,,,,,mae,,,0.25903424778310635,0.08623560704456482,0.1091196847300239,0.0022278,,,1.0,0,,7,,,,history,3000.0
,,,,,exp3,,,,,mae,,,0.8833715493329737,0.23978327376912048,0.32373410301323174,0.0019917,,,,,0.2,7,,,,history,3000.0
,,,,,fixed_share,,,,,mae,,,0.2676274093787746,0.08530061831143365,0.10954731323658143,0.0021105,,,0.05,,,7,0.01,,,history,3000.0
,,,,,passive_aggressive,,,,,mae,,,0.24999738836282784,0.08023314108732583,0.1026978965525089,0.0001222,,,,,,7,,1.0e12,0.1,history,3000.0
268230.3584230646,0.09556239999999999,0,0.01,cholesky,adaptive_ridge,510,quadratic_stacked_beta,0.0433449,2.07311993639398e-15,mae,0.0522175,5,0.1922939472457864,0.06554349452082002,0.082357440428967,,,,,,,8,,,,history,3000.0
,0.0001237,,0.0001,,static_ridge,,,,,mae,,,0.16978018478549545,0.0592871209228417,0.07387462220940716,,,,,,,8,,,,history,3000.0
,,,,,rls,,,,,mae,,,0.16168619099894282,0.05696196859295,0.07045760356580263,0.0082858,0.995,0.1,,,,8,,,,history,3000.0
,,,,,hedge,,,,,mae,,,0.26286878235167177,0.08510394630858409,0.10800235623183435,0.001891,,,0.01,0,,8,,,,history,3000.0
,,,,,exp3,,,,,mae,,,0.76889722818504,0.2849616839060336,0.3423490817485267,0.0018726,,,,,0.1,8,,,,history,3000.0
,,,,,fixed_share,,,,,mae,,,0.2645811818256606,0.0857642041986232,0.10874927348719313,0.0019031,,,0.01,,,8,0.1,,,history,3000.0
,,,,,passive_aggressive,,,,,mae,,,0.16353267554112516,0.05980948694704145,0.07364779938109432,0.0001253,,,,,,8,,1.0e12,0.1,history,3000.0
26079.656307643134,0.269578,0,0.1,cholesky,adaptive_ridge,510,quadratic_stacked_beta,0.0989699,2.4796669160544515e-15,mae,0.1706081,5,0.2591001669589559,0.0906679550296161,0.11327408900653552,,,,,,,9,,,,history,3000.0
,8.91e-5,,0.1,,static_ridge,,,,,mae,,,0.24685814218139118,0.08863031180407924,0.10925350789467855,,,,,,,9,,,,history,3000.0
,,,,,rls,,,,,mae,,,0.23933341236054306,0.083710269352733,0.10472581608704097,0.002584,0.995,0.1,,,,9,,,,history,3000.0
,,,,,hedge,,,,,mae,,,0.288841800954302,0.09852788192090634,0.1238629034374165,0.0007891,,,0.01,0,,9,,,,history,3000.0
,,,,,exp3,,,,,mae,,,0.9318536075667341,0.29527234168809807,0.3762183427451998,0.0017308,,,,,0.1,9,,,,history,3000.0
,,,,,fixed_share,,,,,mae,,,0.28955300437239445,0.09873539499906052,0.12413873052540629,0.0019778,,,0.01,,,9,0.1,,,history,3000.0
,,,,,passive_aggressive,,,,,mae,,,0.25291235107781185,0.08382410736961511,0.10643784980109691,0.0001527,,,,,,9,,1.0e12,0.1,history,3000.0
390643.60062376974,0.1117662,0,0.01,cholesky,adaptive_ridge,510,quadratic_stacked_beta,0.0431806,2.5403934047007736e-15,mae,0.0685856,5,0.18959862677869319,0.0642757396708924,0.08075079165083757,,,,,,,10,,,,history,3000.0
,9.58e-5,,0.01,,static_ridge,,,,,mae,,,0.17024426685147212,0.05794255950378842,0.0723756645627376,,,,,,,10,,,,history,3000.0
,,,,,rls,,,,,mae,,,0.1611164940927139,0.055650546282209085,0.06954589861715472,0.0063933,0.995,0.1,,,,10,,,,history,3000.0
,,,,,hedge,,,,,mae,,,0.3384163422667968,0.14597351808476855,0.17047205378664435,0.0010024,,,1.0,336,,10,,,,history,3000.0
,,,,,exp3,,,,,mae,,,0.7322239673275946,0.16246117532771248,0.23936922355890314,0.0011734,,,,,0.1,10,,,,history,3000.0
,,,,,fixed_share,,,,,mae,,,0.30595419792378153,0.10435491209551621,0.13100524876726477,0.0009684,,,0.25,,,10,0.02,,,history,3000.0
,,,,,passive_aggressive,,,,,mae,,,0.16651318604168674,0.05796302709183534,0.0723879954401935,0.0001878,,,,,,10,,1.0e12,0.1,history,3000.0
34166.43843760302,0.23525249999999998,0,0.1,cholesky,adaptive_ridge,510,quadratic_stacked_beta,0.1884773,2.468754696959428e-15,mae,0.0467752,5,0.256887723172522,0.08756389061221972,0.1105373920015806,,,,,,,11,,,,history,3000.0
,9.32e-5,,0.01,,static_ridge,,,,,mae,,,0.22179972152720018,0.07584814551518011,0.09513799194951793,,,,,,,11,,,,history,3000.0
,,,,,rls,,,,,mae,,,0.21706248278219722,0.07409498927407977,0.09209859963069383,0.0026153,0.995,0.1,,,,11,,,,history,3000.0
,,,,,hedge,,,,,mae,,,0.3172762812291652,0.11983066643548644,0.1449290843835479,0.0024598,,,1.0,24,,11,,,,history,3000.0
,,,,,exp3,,,,,mae,,,0.8344603672880428,0.2580128306461405,0.3344231054975238,0.001749,,,,,0.2,11,,,,history,3000.0
,,,,,fixed_share,,,,,mae,,,0.2711115467957225,0.09471995024478096,0.11796928867013975,0.0017463,,,0.05,,,11,0.005,,,history,3000.0
,,,,,passive_aggressive,,,,,mae,,,0.22336798531994398,0.07519407805238026,0.0944012119479718,0.000195,,,,,,11,,1.0e12,0.1,history,3000.0
21904.36343005706,0.2272501,0,0.1,cholesky,adaptive_ridge,510,quadratic_stacked_beta,0.1577676,2.3452930615300254e-15,mae,0.0694825,5,0.23354587995998663,0.07850085363453727,0.09870905881857711,,,,,,,12,,,,history,3000.0
,9.66e-5,,0.01,,static_ridge,,,,,mae,,,0.21671530508095807,0.07138324682916589,0.09071315633149855,,,,,,,12,,,,history,3000.0
,,,,,rls,,,,,mae,,,0.20421209266027376,0.06734019818809256,0.08546526565698051,0.0031182,0.995,1.0e-6,,,,12,,,,history,3000.0
,,,,,hedge,,,,,mae,,,0.24582880098873303,0.08267691313891103,0.10352083724782639,0.0008286,,,1.0,0,,12,,,,history,3000.0
,,,,,exp3,,,,,mae,,,0.8092378059534241,0.2769088012765567,0.3417995045249321,0.0018558,,,,,0.1,12,,,,history,3000.0
,,,,,fixed_share,,,,,mae,,,0.24608961497148404,0.08319969738838509,0.10433341669149158,0.0009762,,,0.01,,,12,0.01,,,history,3000.0
,,,,,passive_aggressive,,,,,mae,,,0.22021390973183366,0.07003131957763856,0.09032169721498938,0.000219,,,,,,12,,1.0e12,0.1,history,3000.0
693404.6353683574,0.1209258,0,0.01,cholesky,adaptive_ridge,510,quadratic_stacked_beta,0.0443509,2.333104406674328e-15,mae,0.0765749,5,0.20968095060190003,0.06919576927412703,0.08683618388167413,,,,,,,13,,,,history,3000.0
,0.0001229,,0.0001,,static_ridge,,,,,mae,,,0.18667628268759034,0.06338787683949348,0.07980283813172784,,,,,,,13,,,,history,3000.0
,,,,,rls,,,,,mae,,,0.17613808726395244,0.058221131057297044,0.07321858826997549,0.0029039,0.995,0.1,,,,13,,,,history,3000.0
,,,,,hedge,,,,,mae,,,0.28588177046817415,0.10170751134480117,0.1260016775165405,0.0024973,,,0.25,0,,13,,,,history,3000.0
,,,,,exp3,,,,,mae,,,0.9307446789179007,0.3126769206547629,0.38806013267928635,0.0019298,,,,,0.2,13,,,,history,3000.0
,,,,,fixed_share,,,,,mae,,,0.25786156962447343,0.08820893907846783,0.11063189594400613,0.0020169,,,0.25,,,13,0.05,,,history,3000.0
,,,,,passive_aggressive,,,,,mae,,,0.192698934820903,0.06057322042600924,0.07774559022940673,0.0001381,,,,,,13,,1.0e12,0.1,history,3000.0
28650.87893396002,0.2899537,0,0.1,cholesky,adaptive_ridge,510,quadratic_stacked_beta,0.0602136,1.743143339216932e-15,mae,0.2297401,5,0.329285038223594,0.1140120016053298,0.1430896559179094,,,,,,,14,,,,history,3000.0
,9.16e-5,,0.1,,static_ridge,,,,,mae,,,0.3151390344486258,0.10743064353420866,0.13504629192348533,,,,,,,14,,,,history,3000.0
,,,,,rls,,,,,mae,,,0.3001260397225624,0.09652742617389634,0.12305286414579988,0.1762977,0.98,0.01,,,,14,,,,history,3000.0
,,,,,hedge,,,,,mae,,,0.335036926790658,0.11772632025847649,0.14584185144122094,0.0009804,,,1.0,72,,14,,,,history,3000.0
,,,,,exp3,,,,,mae,,,0.9228494869259469,0.2275729672957513,0.3163925566732033,0.0011713,,,,,0.2,14,,,,history,3000.0
,,,,,fixed_share,,,,,mae,,,0.2993919287794196,0.10289463746951628,0.12839187332205462,0.0009069,,,0.05,,,14,0.01,,,history,3000.0
,,,,,passive_aggressive,,,,,mae,,,0.3366230021549635,0.10310403572285196,0.13293391528743337,0.000198,,,,,,14,,1.0e12,0.1,history,3000.0
77776.75315585788,0.1799954,0,0.1,cholesky,adaptive_ridge,510,quadratic_stacked_beta,0.1046829,2.67154849726165e-15,mae,0.0753125,5,0.3343632368368229,0.11353386312126403,0.14339478353511603,,,,,,,15,,,,history,3000.0
,9.79e-5,,0.1,,static_ridge,,,,,mae,,,0.31303725690084405,0.10772692316768001,0.1348884311760078,,,,,,,15,,,,history,3000.0
,,,,,rls,,,,,mae,,,0.3148394860335894,0.09974049279027619,0.12879382895082697,0.0090391,0.95,0.01,,,,15,,,,history,3000.0
,,,,,hedge,,,,,mae,,,0.4255159634203406,0.18080769915445807,0.21109590813058013,0.0010251,,,1.0,24,,15,,,,history,3000.0
,,,,,exp3,,,,,mae,,,1.0978966581586453,0.3343099866540617,0.43811446511464497,0.0016791,,,,,0.1,15,,,,history,3000.0
,,,,,fixed_share,,,,,mae,,,0.3593057437343983,0.12279202485287447,0.1541451558374481,0.0008593,,,0.05,,,15,0.005,,,history,3000.0
,,,,,passive_aggressive,,,,,mae,,,0.3748415140106583,0.10711275067408464,0.1418877678739849,0.0002799,,,,,,15,,1.0e12,0.1,history,3000.0
246930.1238140592,0.1056407,0,0.01,cholesky,adaptive_ridge,510,quadratic_stacked_beta,0.0597505,2.2635901396995487e-15,mae,0.0458902,5,0.21723412332625144,0.07580205617422574,0.09445897774358429,,,,,,,16,,,,history,3000.0
,8.48e-5,,0.01,,static_ridge,,,,,mae,,,0.20238946528403645,0.06986104758963516,0.08782060879245342,,,,,,,16,,,,history,3000.0
,,,,,rls,,,,,mae,,,0.19163869834879216,0.06650715406389777,0.083214369035415,0.0284733,0.995,0.1,,,,16,,,,history,3000.0
,,,,,hedge,,,,,mae,,,0.2510100650640427,0.09037314728342898,0.11191619369857118,0.0007968,,,0.01,0,,16,,,,history,3000.0
,,,,,exp3,,,,,mae,,,0.8155003526292581,0.20922798777648652,0.28700371103388994,0.0019842,,,,,0.2,16,,,,history,3000.0
,,,,,fixed_share,,,,,mae,,,0.25154523814667457,0.09074361095908116,0.11230483266476417,0.0018872,,,0.01,,,16,0.1,,,history,3000.0
,,,,,passive_aggressive,,,,,mae,,,0.20843429625400234,0.07066696136115179,0.08848908271557283,0.0001572,,,,,,16,,1.0e12,0.1,history,3000.0
660085.1177012768,0.1400441,0,0.01,cholesky,adaptive_ridge,510,quadratic_stacked_beta,0.082998,2.4608237189787033e-15,mae,0.0570461,5,0.21683448792760845,0.07140512329265304,0.09064474850645375,,,,,,,17,,,,history,3000.0
,9.37e-5,,0.01,,static_ridge,,,,,mae,,,0.19418457572636671,0.0650389653727623,0.081920407996403,,,,,,,17,,,,history,3000.0
,,,,,rls,,,,,mae,,,0.18164630561458048,0.0600435607693447,0.07570163391033578,0.0094841,0.995,1.0e-6,,,,17,,,,history,3000.0
,,,,,hedge,,,,,mae,,,0.2924405506260153,0.11525346206150283,0.13846934760150642,0.0009459,,,1.0,24,,17,,,,history,3000.0
,,,,,exp3,,,,,mae,,,0.7408118967082299,0.26644811608774305,0.3203864941492506,0.0011012,,,,,0.1,17,,,,history,3000.0
,,,,,fixed_share,,,,,mae,,,0.22830489682334906,0.08085728779276558,0.1009110794332172,0.0565208,,,0.1,,,17,0.02,,,history,3000.0
,,,,,passive_aggressive,,,,,mae,,,0.18451109965284992,0.06410028452744024,0.08015877443461288,0.000145,,,,,,17,,1.0e12,0.1,history,3000.0
229534.64971019552,0.8981014,0,0.1,cholesky,adaptive_ridge,1010,quadratic_stacked_beta,0.4279716,5.45134551157825e-15,mae,0.4701298,10,0.2576966077272234,0.09001609041460351,0.11316685330545366,,,,,,,2,,,,window,10.0
,0.0001205,,0.01,,static_ridge,,,,,mae,,,0.2100257887555147,0.07209728228400382,0.09001700023182244,,,,,,,2,,,,window,10.0
,,,,,rls,,,,,mae,,,0.19611536866073895,0.06931787719731655,0.08563132795536331,0.0029183,0.995,0.1,,,,2,,,,window,10.0
,,,,,hedge,,,,,mae,,,0.2325767871638078,0.08206626116425177,0.10199789824837803,0.0010142,,,1.0,336,,2,,,,window,10.0
,,,,,exp3,,,,,mae,,,0.9505280170891917,0.35567350509184487,0.4286137026891908,0.0012694,,,,,0.1,2,,,,window,10.0
,,,,,fixed_share,,,,,mae,,,0.23293411830699065,0.08200120171268661,0.10182255953549592,0.0011422,,,0.01,,,2,0.005,,,window,10.0
,,,,,passive_aggressive,,,,,mae,,,0.2006189941742222,0.0698202177112568,0.08689477741264276,0.0001448,,,,,,2,,1.0e12,0.1,window,10.0
47782.03640958881,0.0958345,0,0.01,cholesky,adaptive_ridge,510,quadratic_stacked_beta,0.0441473,1.7420130804523188e-15,mae,0.0516872,5,0.2582176372532168,0.08805163091838891,0.11015021375995021,,,,,,,19,,,,history,3000.0
,0.0001477,,0.01,,static_ridge,,,,,mae,,,0.26534766012922967,0.10126856458013526,0.12239244462639493,,,,,,,19,,,,history,3000.0
,,,,,rls,,,,,mae,,,0.21886395503825823,0.07493456154033827,0.09341459610425004,0.0082285,0.98,0.0001,,,,19,,,,history,3000.0
,,,,,hedge,,,,,mae,,,0.29180832784632715,0.1043936702296371,0.12911186123306106,0.0023033,,,1.0,72,,19,,,,history,3000.0
,,,,,exp3,,,,,mae,,,0.7674600410470833,0.24793667291327107,0.31018421210545194,0.001851,,,,,0.1,19,,,,history,3000.0
,,,,,fixed_share,,,,,mae,,,0.28762800975529773,0.10416942692896325,0.12857925832281553,0.0011618,,,0.05,,,19,0.02,,,history,3000.0
,,,,,passive_aggressive,,,,,mae,,,0.23001543063610932,0.07675541786056898,0.09701991404014175,0.0001573,,,,,,19,,1.0e12,0.1,history,3000.0
609141.1752362838,0.159083,0,0.001,cholesky,adaptive_ridge,510,quadratic_stacked_beta,0.1081287,1.9813532534123495e-15,mae,0.0509543,5,0.1967335431238032,0.0663933708806101,0.08384283069821107,,,,,,,20,,,,history,3000.0
,0.0001417,,0.0001,,static_ridge,,,,,mae,,,0.14149777279209658,0.0470079238804436,0.05990350596575299,,,,,,,20,,,,history,3000.0
,,,,,rls,,,,,mae,,,0.13561045841667518,0.044336680046807436,0.05633544910209395,0.0096781,0.995,1.0e-6,,,,20,,,,history,3000.0
,,,,,hedge,,,,,mae,,,0.28915085573729316,0.09925256388715235,0.12391859426202931,0.0009506,,,0.01,0,,20,,,,history,3000.0
,,,,,exp3,,,,,mae,,,0.8417903042029303,0.2540509181622264,0.33122307098034304,0.0016992,,,,,0.2,20,,,,history,3000.0
,,,,,fixed_share,,,,,mae,,,0.2833082059260935,0.09796223985436557,0.12225135585638076,0.0282023,,,0.01,,,20,0.005,,,history,3000.0
,,,,,passive_aggressive,,,,,mae,,,0.15025830471604465,0.05198254278791295,0.06512898954742202,0.0001468,,,,,,20,,1.0e12,0.1,history,3000.0
37392.74895238826,0.2184258,0,0.1,cholesky,adaptive_ridge,510,quadratic_stacked_beta,0.1115012,2.353686722682665e-15,mae,0.1069246,5,0.2205381980941562,0.07419059156536797,0.09320057382537103,,,,,,,21,,,,history,3000.0
,0.0001403,,0.0001,,static_ridge,,,,,mae,,,0.22006645850020043,0.07397134347065264,0.093070455874823,,,,,,,21,,,,history,3000.0
,,,,,rls,,,,,mae,,,0.17049791173541262,0.05829012432620005,0.07330329115774767,0.2832725,0.995,1.0e-6,,,,21,,,,history,3000.0
,,,,,hedge,,,,,mae,,,0.200778141420455,0.06797604142618312,0.08544396783474428,0.0019026,,,0.5,0,,21,,,,history,3000.0
,,,,,exp3,,,,,mae,,,0.7560201215308655,0.2623200913681688,0.32283561029559,0.0020014,,,,,0.05,21,,,,history,3000.0
,,,,,fixed_share,,,,,mae,,,0.20110597030467983,0.0683552754108625,0.08576925688579996,0.0011954,,,0.01,,,21,0.02,,,history,3000.0
,,,,,passive_aggressive,,,,,mae,,,0.18133556051412075,0.05915228753680813,0.07545182850034231,0.0001635,,,,,,21,,1.0e12,0.1,history,3000.0
279977.3170528745,0.0927982,0,0.01,cholesky,adaptive_ridge,510,quadratic_stacked_beta,0.0429504,1.4734444831631558e-15,mae,0.0498478,5,0.17206538530046564,0.057006198328360194,0.07214711186988532,,,,,,,22,,,,history,3000.0
,0.0001091,,0.001,,static_ridge,,,,,mae,,,0.15043940743128142,0.050165644857245645,0.06364274867681778,,,,,,,22,,,,history,3000.0
,,,,,rls,,,,,mae,,,0.1412675034167916,0.045834931666762016,0.05834524522931382,0.0081932,0.995,0.1,,,,22,,,,history,3000.0
,,,,,hedge,,,,,mae,,,0.2332351059166917,0.07447481130830606,0.09504167443725695,0.000943,,,1.0,24,,22,,,,history,3000.0
,,,,,exp3,,,,,mae,,,0.6269275992752393,0.18674325353258253,0.23732061152733588,0.001217,,,,,0.1,22,,,,history,3000.0
,,,,,fixed_share,,,,,mae,,,0.15924061294845987,0.053260898678787714,0.06687903934041661,0.0009662,,,0.05,,,22,0.005,,,history,3000.0
,,,,,passive_aggressive,,,,,mae,,,0.1621822476648967,0.052435709265390304,0.06692965918633732,0.1243828,,,,,,22,,1.0e12,0.1,history,3000.0
22049.36203779976,0.6316237,0,0.1,cholesky,adaptive_ridge,510,quadratic_stacked_beta,0.584806,2.9300809536432542e-15,mae,0.0468177,5,0.3144935240811348,0.10554574124290457,0.13373600353771842,,,,,,,11,,,,drift,0.8
,8.89e-5,,0.1,,static_ridge,,,,,mae,,,0.2843184409112825,0.09439400484773917,0.11867422891767243,,,,,,,11,,,,drift,0.8
,,,,,rls,,,,,mae,,,0.2734338256932762,0.09151045330398787,0.11456211480357929,0.0041316,0.995,0.1,,,,11,,,,drift,0.8
,,,,,hedge,,,,,mae,,,0.37233063089234264,0.14076677113216401,0.17072719104926068,0.0012382,,,1.0,24,,11,,,,drift,0.8
,,,,,exp3,,,,,mae,,,1.049107429610641,0.3077846689128745,0.40309243341352474,0.0010998,,,,,0.2,11,,,,drift,0.8
,,,,,fixed_share,,,,,mae,,,0.2973172512644319,0.10292687207984018,0.12964671242286863,0.001874,,,0.05,,,11,0.01,,,drift,0.8
,,,,,passive_aggressive,,,,,mae,,,0.2833800038527993,0.0915732625649048,0.11613156603636623,0.0001898,,,,,,11,,1.0e12,0.1,drift,0.8
349918.61200504994,1.0319764999999999,0,0.01,cholesky,adaptive_ridge,510,quadratic_stacked_beta,0.4461883,2.3771307661138597e-15,mae,0.5857882,5,0.2068738716190606,0.0703058967304199,0.08754237847488747,,,,,,,24,,,,history,3000.0
,0.0001288,,0.0001,,static_ridge,,,,,mae,,,0.2444183757454849,0.08346178180225888,0.10469644938954174,,,,,,,24,,,,history,3000.0
,,,,,rls,,,,,mae,,,0.1793414262228641,0.057785278362323556,0.07355181928457905,0.0108289,0.99,0.1,,,,24,,,,history,3000.0
,,,,,hedge,,,,,mae,,,0.2305220311093008,0.07818528106421761,0.09781633570902776,0.0008709,,,1.0,0,,24,,,,history,3000.0
,,,,,exp3,,,,,mae,,,0.8344758980129316,0.24931521531515263,0.3218763579398014,0.0011819,,,,,0.2,24,,,,history,3000.0
,,,,,fixed_share,,,,,mae,,,0.20678744452683476,0.06821815247396396,0.08649559434339776,0.0009714,,,0.05,,,24,0.01,,,history,3000.0
,,,,,passive_aggressive,,,,,mae,,,0.20258844091993858,0.06355784911743875,0.08139266025414871,0.0001454,,,,,,24,,1.0e12,0.1,history,3000.0
123618.08079214202,0.1102747,0,0.1,cholesky,adaptive_ridge,510,quadratic_stacked_beta,0.0620566,1.8773523372634774e-15,mae,0.0482181,5,0.2565778741335559,0.08848829748976439,0.1101952228288165,,,,,,,25,,,,history,3000.0
,9.44e-5,,0.1,,static_ridge,,,,,mae,,,0.24943249381964105,0.08477079337441486,0.10651832708535056,,,,,,,25,,,,history,3000.0
,,,,,rls,,,,,mae,,,0.22329541076828907,0.07151996318704264,0.09099755675928148,0.0026373,0.95,0.1,,,,25,,,,history,3000.0
,,,,,hedge,,,,,mae,,,0.33791176266136674,0.16132600545016296,0.18145549256056784,0.0024306,,,1.0,336,,25,,,,history,3000.0
,,,,,exp3,,,,,mae,,,0.777512071405914,0.31267711233439344,0.3641066390604588,0.0019479,,,,,0.05,25,,,,history,3000.0
,,,,,fixed_share,,,,,mae,,,0.2996324919314596,0.13052228316411082,0.15032849436853354,0.0018184,,,0.1,,,25,0.01,,,history,3000.0
,,,,,passive_aggressive,,,,,mae,,,0.25714058725810846,0.08071874564943428,0.10312815420317549,0.0001632,,,,,,25,,1.0e12,0.1,history,3000.0
18239.728256331182,0.15735090000000002,0,0.1,cholesky,adaptive_ridge,510,quadratic_stacked_beta,0.0439894,2.1371004698816806e-15,mae,0.1133615,5,0.25636728180120216,0.08402932068732487,0.10694573136835044,,,,,,,26,,,,history,3000.0
,0.0001289,,0.001,,static_ridge,,,,,mae,,,0.2404395276456878,0.0807393207115924,0.10278161168260401,,,,,,,26,,,,history,3000.0
,,,,,rls,,,,,mae,,,0.22773093195962754,0.07664165605608296,0.09653090476802395,0.0027575,0.98,1.0e-6,,,,26,,,,history,3000.0
,,,,,hedge,,,,,mae,,,0.37784248030154294,0.1803340278700402,0.20255334144725795,0.0009258,,,1.0,24,,26,,,,history,3000.0
,,,,,exp3,,,,,mae,,,0.8949448514732319,0.2870729359820149,0.36372795185952495,0.0010917,,,,,0.2,26,,,,history,3000.0
,,,,,fixed_share,,,,,mae,,,0.3732056089645716,0.15606138235833444,0.18204656694191687,0.0021711,,,0.25,,,26,0.05,,,history,3000.0
,,,,,passive_aggressive,,,,,mae,,,0.23183673269509025,0.07932901606148537,0.09952918039031548,0.000162,,,,,,26,,1.0e12,0.1,history,3000.0
471663.249605697,0.7880901,0,0.01,cholesky,adaptive_ridge,510,quadratic_stacked_beta,0.5641182,2.3942703438560583e-15,mae,0.2239719,5,0.18309388816606997,0.05910540616423117,0.07554102384459528,,,,,,,27,,,,history,3000.0
,9.29e-5,,0.001,,static_ridge,,,,,mae,,,0.15888478659533234,0.05402812961670505,0.06792924084655108,,,,,,,27,,,,history,3000.0
,,,,,rls,,,,,mae,,,0.14200288330226377,0.04637602675919656,0.05869343847493325,0.1248875,0.995,1.0e-6,,,,27,,,,history,3000.0
,,,,,hedge,,,,,mae,,,0.23573400986059226,0.08220138339795655,0.10253827232148054,0.0022128,,,1.0,0,,27,,,,history,3000.0
,,,,,exp3,,,,,mae,,,0.6769125378222351,0.14542208371815266,0.21736488495946207,0.0010011,,,,,0.1,27,,,,history,3000.0
,,,,,fixed_share,,,,,mae,,,0.20468200325618316,0.06968625041940894,0.08734926163389616,0.0016999,,,0.5,,,27,0.05,,,history,3000.0
,,,,,passive_aggressive,,,,,mae,,,0.15917412066982173,0.05189963085315309,0.06560357371746672,0.0001252,,,,,,27,,1.0e12,0.1,history,3000.0
162801.3074841596,0.618205,0,0.01,cholesky,adaptive_ridge,510,quadratic_stacked_beta,0.567252,1.9119234152113495e-15,mae,0.050953,5,0.2163798180899643,0.07518340041921062,0.09325454948922114,,,,,,,28,,,,history,3000.0
,9.62e-5,,0.001,,static_ridge,,,,,mae,,,0.18275108118572753,0.06146122435603038,0.0773759269686257,,,,,,,28,,,,history,3000.0
,,,,,rls,,,,,mae,,,0.17494597829698588,0.06023366427678969,0.07539201212169529,0.0035749,0.995,1.0e-6,,,,28,,,,history,3000.0
,,,,,hedge,,,,,mae,,,0.27452580462763815,0.09694977929358464,0.12033778300914431,0.0027146,,,1.0,72,,28,,,,history,3000.0
,,,,,exp3,,,,,mae,,,0.719103567276871,0.15254914890228582,0.23060347882350973,0.0013087,,,,,0.1,28,,,,history,3000.0
,,,,,fixed_share,,,,,mae,,,0.1782373331976065,0.06128062849794099,0.07680396146557647,0.0020811,,,0.05,,,28,0.005,,,history,3000.0
,,,,,passive_aggressive,,,,,mae,,,0.1962733665340126,0.06441985843083274,0.08149524826081454,0.0001596,,,,,,28,,1.0e12,0.1,history,3000.0
50386.3521033488,0.6786211,0,0.1,cholesky,adaptive_ridge,510,quadratic_stacked_beta,0.6314682,2.3511692238915266e-15,mae,0.0471529,5,0.2249954757850422,0.0751463669411162,0.09442678213896748,,,,,,,29,,,,history,3000.0
,9.85e-5,,0.01,,static_ridge,,,,,mae,,,0.21039160406011972,0.07087168036267005,0.08867761186341253,,,,,,,29,,,,history,3000.0
,,,,,rls,,,,,mae,,,0.18377641063280492,0.0651680074963615,0.0809751658970706,0.0082315,0.995,0.1,,,,29,,,,history,3000.0
,,,,,hedge,,,,,mae,,,0.24170951365306714,0.07992233432066836,0.1005405374914922,0.0013702,,,1.0,336,,29,,,,history,3000.0
,,,,,exp3,,,,,mae,,,0.8884256116870018,0.23702350799251404,0.3193536980361755,0.0016298,,,,,0.2,29,,,,history,3000.0
,,,,,fixed_share,,,,,mae,,,0.24145933330758967,0.0802765633636932,0.10094861757775263,0.0018777,,,0.01,,,29,0.005,,,history,3000.0
,,,,,passive_aggressive,,,,,mae,,,0.18833004734820932,0.06645737964517044,0.08238907943381177,0.0001356,,,,,,29,,1.0e12,0.1,history,3000.0
116159.44383811216,0.2117198,0,0.01,cholesky,adaptive_ridge,510,quadratic_stacked_beta,0.1627433,2.262004456810844e-15,mae,0.0489765,5,0.24758771185342368,0.08382522991942344,0.10553328622897303,,,,,,,30,,,,history,3000.0
,8.29e-5,,0.01,,static_ridge,,,,,mae,,,0.2681237104440177,0.10628204496691289,0.12676033278317406,,,,,,,30,,,,history,3000.0
,,,,,rls,,,,,mae,,,0.21102284428226006,0.07005991849092323,0.08817235866109359,0.0076297,0.99,0.1,,,,30,,,,history,3000.0
,,,,,hedge,,,,,mae,,,0.37509058862910344,0.14851555960774304,0.17597804187519556,0.0030834,,,1.0,24,,30,,,,history,3000.0
,,,,,exp3,,,,,mae,,,0.948794377398713,0.30448921833012443,0.3888515652638487,0.0011108,,,,,0.2,30,,,,history,3000.0
,,,,,fixed_share,,,,,mae,,,0.29664845772342396,0.10149275654737028,0.12724015325754134,0.0008764,,,0.1,,,30,0.02,,,history,3000.0
,,,,,passive_aggressive,,,,,mae,,,0.223203652645055,0.07404637491807081,0.09352867953661068,0.0001478,,,,,,30,,1.0e12,0.1,history,3000.0
9.078396848755466e9,0.6301623,0,0.0001,cholesky,adaptive_ridge,510,quadratic_stacked_beta,0.5816228,6.479541208096093e-15,mae,0.0485395,5,0.04562166287494665,0.015262349200966103,0.019162849271477028,,,,,,,1,,,,discrete_probability,0.0
,0.0001329,,0.0001,,static_ridge,,,,,mae,,,0.0383055222504986,0.013190558118996552,0.016542234373554992,,,,,,,1,,,,discrete_probability,0.0
,,,,,rls,,,,,mae,,,0.03846516857108776,0.013395030238240822,0.01676821154868534,0.0027101,0.995,0.1,,,,1,,,,discrete_probability,0.0
,,,,,hedge,,,,,mae,,,0.21434203332349788,0.07549121420749691,0.09439008786759281,0.0013365,,,1.0,336,,1,,,,discrete_probability,0.0
,,,,,exp3,,,,,mae,,,0.5418402697958835,0.17047233170672713,0.2089221177052308,0.0020609,,,,,0.1,1,,,,discrete_probability,0.0
,,,,,fixed_share,,,,,mae,,,0.15271597793017175,0.05134701864068474,0.06474229487279187,0.0009555,,,0.05,,,1,0.01,,,discrete_probability,0.0
,,,,,passive_aggressive,,,,,mae,,,0.05315769956949863,0.0175035330472459,0.022054901199857306,0.0002077,,,,,,1,,1.0e12,0.01,discrete_probability,0.0
591827.7697392205,0.3548988,0,0.0001,cholesky,adaptive_ridge,510,quadratic_stacked_beta,0.1619343,2.352700198470796e-15,mae,0.1929645,5,0.25237707518579566,0.08249585256228502,0.10454365327512745,,,,,,,20,,,,drift,0.8
,0.0001206,,0.0001,,static_ridge,,,,,mae,,,0.16145306533983045,0.054457432849625426,0.06926517559391177,,,,,,,20,,,,drift,0.8
,,,,,rls,,,,,mae,,,0.15093724764863922,0.05021922943345666,0.06317309069699795,0.0096785,0.995,1.0e-6,,,,20,,,,drift,0.8
,,,,,hedge,,,,,mae,,,0.37131229973417634,0.1321744332578235,0.1637039176690457,0.0032208,,,0.01,0,,20,,,,drift,0.8
,,,,,exp3,,,,,mae,,,1.1661385941773252,0.40959416406516497,0.5058483082863102,0.0029072,,,,,0.1,20,,,,drift,0.8
,,,,,fixed_share,,,,,mae,,,0.371409108079759,0.1321875340487427,0.16375331240237634,0.0010257,,,0.01,,,20,0.1,,,drift,0.8
,,,,,passive_aggressive,,,,,mae,,,0.15644370294732834,0.05540377435218433,0.06830674680032552,0.0001442,,,,,,20,,1.0e12,0.1,drift,0.8
9.590027607847197e8,0.6132774,0,0.0001,cholesky,adaptive_ridge,510,quadratic_stacked_beta,0.569086,4.0309897479156e-15,mae,0.0441914,5,0.11844304796890207,0.039131089006001304,0.0493520869475141,,,,,,,3,,,,discrete_probability,0.0
,0.0001571,,0.0001,,static_ridge,,,,,mae,,,0.10161153085154559,0.033904022001748295,0.04230813696695517,,,,,,,3,,,,discrete_probability,0.0
,,,,,rls,,,,,mae,,,0.09763904311794537,0.030171989151654838,0.039052599009560506,0.0023619,0.95,0.1,,,,3,,,,discrete_probability,0.0
,,,,,hedge,,,,,mae,,,0.2000463196126883,0.06737842529344358,0.0846275055913582,0.0020507,,,1.0,0,,3,,,,discrete_probability,0.0
,,,,,exp3,,,,,mae,,,0.6936272563652528,0.15840888043986914,0.22433389707865536,0.0020086,,,,,0.2,3,,,,discrete_probability,0.0
,,,,,fixed_share,,,,,mae,,,0.1607002796278971,0.05318173018647116,0.06694390601279061,0.0019519,,,0.05,,,3,0.01,,,discrete_probability,0.0
,,,,,passive_aggressive,,,,,mae,,,0.14551937098938858,0.040570232183739154,0.054848242288320324,0.0003212,,,,,,3,,1.0e12,0.01,discrete_probability,0.0
9.424912505867992e7,0.2414326,0,0.0001,cholesky,adaptive_ridge,510,quadratic_stacked_beta,0.0673975,2.0959257543307668e-15,mae,0.1740351,5,0.07205737962924254,0.025927232139049402,0.03202162161292705,,,,,,,4,,,,discrete_probability,0.0
,0.0001084,,0.0001,,static_ridge,,,,,mae,,,0.06462582244790908,0.022597407071113643,0.02805119483212792,,,,,,,4,,,,discrete_probability,0.0
,,,,,rls,,,,,mae,,,0.06647501673390142,0.021664576229537914,0.027791689621717214,0.002937,0.95,0.01,,,,4,,,,discrete_probability,0.0
,,,,,hedge,,,,,mae,,,0.16250194394177087,0.05479448318251667,0.0688560396091274,0.0025211,,,1.0,168,,4,,,,discrete_probability,0.0
,,,,,exp3,,,,,mae,,,0.48020957467020176,0.16595417773153812,0.19858495112741842,0.0018241,,,,,0.1,4,,,,discrete_probability,0.0
,,,,,fixed_share,,,,,mae,,,0.11320024568781313,0.038246000500472506,0.04826573916023182,0.0021141,,,0.25,,,4,0.02,,,discrete_probability,0.0
,,,,,passive_aggressive,,,,,mae,,,0.09281703162636248,0.029268651886828263,0.03765601134570222,0.0001802,,,,,,4,,1.0e12,0.01,discrete_probability,0.0
1.633984298395761e9,0.5841381999999999,0,0.0001,cholesky,adaptive_ridge,510,quadratic_stacked_beta,0.5375238,2.349617470932304e-15,mae,0.0466144,5,0.02225511395774381,0.007311588142770013,0.009194744725973451,,,,,,,5,,,,discrete_probability,0.0
,0.000124,,0.0001,,static_ridge,,,,,mae,,,0.01854099134609282,0.006231645611641507,0.007812896446949937,,,,,,,5,,,,discrete_probability,0.0
,,,,,rls,,,,,mae,,,0.01799689273822088,0.005980026075207913,0.007564138395588907,0.0084449,0.995,1.0e-6,,,,5,,,,discrete_probability,0.0
,,,,,hedge,,,,,mae,,,0.17106054036205862,0.059433359428750186,0.07429951318357797,0.0010752,,,1.0,168,,5,,,,discrete_probability,0.0
,,,,,exp3,,,,,mae,,,0.4667376476795384,0.09854814628189655,0.14640795242045804,0.0011344,,,,,0.1,5,,,,discrete_probability,0.0
,,,,,fixed_share,,,,,mae,,,0.054679678223190455,0.04597697122362827,0.046171724015605334,0.0013353,,,1.0,,,5,0.005,,,discrete_probability,0.0
,,,,,passive_aggressive,,,,,mae,,,0.05205744561480625,0.016899085795894213,0.021563445203488785,0.0001777,,,,,,5,,1.0e12,0.001,discrete_probability,0.0
3.435940150797577e8,0.30546470000000003,0,0.0001,cholesky,adaptive_ridge,510,quadratic_stacked_beta,0.1313824,2.0367404509975773e-15,mae,0.1740823,5,0.013447777938727042,0.004586330716526878,0.005766904224849,,,,,,,6,,,,discrete_probability,0.0
,0.0001387,,0.0001,,static_ridge,,,,,mae,,,0.011276125336426707,0.0038460002734873803,0.00480385745429284,,,,,,,6,,,,discrete_probability,0.0
,,,,,rls,,,,,mae,,,0.010671484438187627,0.003666407681614252,0.004581089303346255,0.0145469,0.995,1.0e-6,,,,6,,,,discrete_probability,0.0
,,,,,hedge,,,,,mae,,,0.24811264693860505,0.0865627043852387,0.10834545918643626,0.0136315,,,1.0,0,,6,,,,discrete_probability,0.0
,,,,,exp3,,,,,mae,,,0.5869637702916092,0.09667270957004576,0.1654655338314596,0.0011057,,,,,0.1,6,,,,discrete_probability,0.0
,,,,,fixed_share,,,,,mae,,,0.07735739800518669,0.02950696314369984,0.03575787784394224,0.0008574,,,0.1,,,6,0.005,,,discrete_probability,0.0
,,,,,passive_aggressive,,,,,mae,,,0.022567692720077696,0.006702118338249406,0.008779381058052312,0.0001982,,,,,,6,,1.0e12,0.001,discrete_probability,0.0
98260.94421526557,0.3263872,0,0.01,cholesky,adaptive_ridge,510,quadratic_stacked_beta,0.2770862,2.357141339963036e-15,mae,0.049301,5,0.18505945625692746,0.06151493914147291,0.07743716440119168,,,,,,,7,,,,discrete_probability,0.0
,8.79e-5,,0.001,,static_ridge,,,,,mae,,,0.16304202089157244,0.05510233235931895,0.06932990210591329,,,,,,,7,,,,discrete_probability,0.0
,,,,,rls,,,,,mae,,,0.16582184540800482,0.05573697381450779,0.07021501652149488,0.0078921,0.995,0.1,,,,7,,,,discrete_probability,0.0
,,,,,hedge,,,,,mae,,,0.20244731405970384,0.06937156442945255,0.08711607459727364,0.0022609,,,1.0,72,,7,,,,discrete_probability,0.0
,,,,,exp3,,,,,mae,,,0.6884059894388139,0.23650817666680013,0.2910797492471405,0.0011725,,,,,0.2,7,,,,discrete_probability,0.0
,,,,,fixed_share,,,,,mae,,,0.20160882187386317,0.068213732142117,0.08555444879139058,0.0010618,,,0.01,,,7,0.005,,,discrete_probability,0.0
,,,,,passive_aggressive,,,,,mae,,,0.17980119882142406,0.06042382167484424,0.07687225427466357,0.0001473,,,,,,7,,1.0e12,0.1,discrete_probability,0.0
2.298131008458367e6,0.10661670000000001,0,0.001,cholesky,adaptive_ridge,510,quadratic_stacked_beta,0.0564303,2.1620603887611746e-15,mae,0.0501864,5,0.09192608660440714,0.03246996514500482,0.0401465567284315,,,,,,,8,,,,discrete_probability,0.0
,0.0001259,,0.0001,,static_ridge,,,,,mae,,,0.08293667861467732,0.028801941746641895,0.03592951256499522,,,,,,,8,,,,discrete_probability,0.0
,,,,,rls,,,,,mae,,,0.08443750879881307,0.02910830608840546,0.036389501972569,0.0094528,0.995,1.0e-6,,,,8,,,,discrete_probability,0.0
,,,,,hedge,,,,,mae,,,0.18598307263466526,0.06070246365102925,0.07695738156606158,0.0008359,,,1.0,0,,8,,,,discrete_probability,0.0
,,,,,exp3,,,,,mae,,,0.4526346161549561,0.13648202266530207,0.17522348371798604,0.0013668,,,,,0.1,8,,,,discrete_probability,0.0
,,,,,fixed_share,,,,,mae,,,0.15587694174548297,0.0515736722568618,0.06501217848180117,0.0010743,,,0.05,,,8,0.01,,,discrete_probability,0.0
,,,,,passive_aggressive,,,,,mae,,,0.09450082442662183,0.03204152776366871,0.04043711799635254,0.0001248,,,,,,8,,1.0e12,0.1,discrete_probability,0.0
4.473947315633593e6,0.5145372,0,0.0001,cholesky,adaptive_ridge,510,quadratic_stacked_beta,0.4660189,1.9660073541513524e-15,mae,0.0485183,5,0.09669465768637134,0.033498549070348556,0.04163049734362511,,,,,,,9,,,,discrete_probability,0.0
,0.0001311,,0.0001,,static_ridge,,,,,mae,,,0.08452257124778419,0.02852598691427211,0.036298590733057114,,,,,,,9,,,,discrete_probability,0.0
,,,,,rls,,,,,mae,,,0.08651337483863669,0.028944780791176534,0.036558530477066566,0.0086963,0.995,0.1,,,,9,,,,discrete_probability,0.0
,,,,,hedge,,,,,mae,,,0.2526736993665663,0.10116638102065235,0.12089193491444715,0.0291068,,,1.0,0,,9,,,,discrete_probability,0.0
,,,,,exp3,,,,,mae,,,0.49537348828049665,0.16176550269246273,0.19675526595648696,0.0012164,,,,,0.1,9,,,,discrete_probability,0.0
,,,,,fixed_share,,,,,mae,,,0.21079682805857392,0.08539934937745736,0.10162458175823613,0.001809,,,0.05,,,9,0.01,,,discrete_probability,0.0
,,,,,passive_aggressive,,,,,mae,,,0.116230497386111,0.03951186227719265,0.049474258607932545,0.0002217,,,,,,9,,1.0e12,0.01,discrete_probability,0.0
1.031412783005972e6,1.2756115000000001,0,0.001,cholesky,adaptive_ridge,510,quadratic_stacked_beta,0.6599809,2.342213333225313e-15,mae,0.6156306,5,0.13725482292379304,0.04797645720978083,0.05969189197615394,,,,,,,10,,,,discrete_probability,0.0
,0.0001241,,0.0001,,static_ridge,,,,,mae,,,0.12374426324846496,0.041982365656528395,0.0526197268861617,,,,,,,10,,,,discrete_probability,0.0
,,,,,rls,,,,,mae,,,0.12658726724675165,0.042195015812288045,0.053099786025039,0.0643979,0.995,1.0e-6,,,,10,,,,discrete_probability,0.0
,,,,,hedge,,,,,mae,,,0.22474725873225215,0.07680603792088803,0.09696114012383937,0.0019223,,,0.01,168,,10,,,,discrete_probability,0.0
,,,,,exp3,,,,,mae,,,0.648098059545828,0.19277752576840762,0.24740625942933586,0.0017784,,,,,0.2,10,,,,discrete_probability,0.0
,,,,,fixed_share,,,,,mae,,,0.22458028461445412,0.07687879285691296,0.09703322717825179,0.0017617,,,0.01,,,10,0.1,,,discrete_probability,0.0
,,,,,passive_aggressive,,,,,mae,,,0.13269096940239483,0.04585169833771759,0.05745324185152581,0.0001316,,,,,,10,,1.0e12,0.1,discrete_probability,0.0
662115.8112329298,0.1031508,0,0.01,cholesky,adaptive_ridge,510,quadratic_stacked_beta,0.0397188,2.512153006221813e-15,mae,0.063432,5,0.2072563001302746,0.06882734649941291,0.08747770343678253,,,,,,,11,,,,discrete_probability,0.0
,0.0001801,,0.0001,,static_ridge,,,,,mae,,,0.18075448769324481,0.06122464396466187,0.07754223205507564,,,,,,,11,,,,discrete_probability,0.0
,,,,,rls,,,,,mae,,,0.18295880333282838,0.057597047996162845,0.0739545569104973,0.0101006,0.95,0.1,,,,11,,,,discrete_probability,0.0
,,,,,hedge,,,,,mae,,,0.23302773122835987,0.08052970248208992,0.10065109854367855,0.0009996,,,1.0,72,,11,,,,discrete_probability,0.0
,,,,,exp3,,,,,mae,,,0.6618408006240171,0.1892338039523495,0.2503313984521425,0.0016703,,,,,0.1,11,,,,discrete_probability,0.0
,,,,,fixed_share,,,,,mae,,,0.21648794084995082,0.07204343405929647,0.09086418583653677,0.0021286,,,0.1,,,11,0.02,,,discrete_probability,0.0
,,,,,passive_aggressive,,,,,mae,,,0.19825152068264862,0.06555471476080417,0.08309080712264488,0.0001538,,,,,,11,,1.0e12,0.1,discrete_probability,0.0
142511.58885452998,0.26986499999999997,0,0.01,cholesky,adaptive_ridge,510,quadratic_stacked_beta,0.0645668,1.8836127420015387e-15,mae,0.2052982,5,0.15830083497409192,0.05669014919555887,0.0703624239508812,,,,,,,12,,,,discrete_probability,0.0
,0.0001224,,0.0001,,static_ridge,,,,,mae,,,0.14281440717825938,0.048638390199534524,0.06138499537749849,,,,,,,12,,,,discrete_probability,0.0
,,,,,rls,,,,,mae,,,0.14385797264424474,0.04896228525266245,0.06168318529144933,0.392742,0.995,1.0e-6,,,,12,,,,discrete_probability,0.0
,,,,,hedge,,,,,mae,,,0.21533886798503346,0.07804651391803968,0.09683236706154187,0.0023873,,,1.0,336,,12,,,,discrete_probability,0.0
,,,,,exp3,,,,,mae,,,0.5439697530026538,0.1710870298238427,0.2186046270401402,0.0015892,,,,,0.1,12,,,,discrete_probability,0.0
,,,,,fixed_share,,,,,mae,,,0.18632314657870575,0.066883780229375,0.08294931925033926,0.0020196,,,0.1,,,12,0.01,,,discrete_probability,0.0
,,,,,passive_aggressive,,,,,mae,,,0.15929549060168927,0.053743643804020955,0.0676871159528165,0.0001413,,,,,,12,,1.0e12,0.1,discrete_probability,0.0
3.7935125906164603e9,0.2932504,0,0.0001,cholesky,adaptive_ridge,510,quadratic_stacked_beta,0.0632239,5.423716633344634e-15,mae,0.2300265,5,0.021391206713049272,0.007129946567368518,0.009005487450619076,,,,,,,13,,,,discrete_probability,0.0
,0.0001232,,0.0001,,static_ridge,,,,,mae,,,0.018877008628266884,0.006351791554156787,0.007950116232519412,,,,,,,13,,,,discrete_probability,0.0
,,,,,rls,,,,,mae,,,0.01846559032154495,0.006238105449024433,0.007801969731861619,0.0084659,0.995,0.1,,,,13,,,,discrete_probability,0.0
,,,,,hedge,,,,,mae,,,0.1967817494872488,0.07000938753602369,0.08688576723767838,0.0019223,,,1.0,0,,13,,,,discrete_probability,0.0
,,,,,exp3,,,,,mae,,,0.5518333870971373,0.14563089408915192,0.1879179381193347,0.0015479,,,,,0.1,13,,,,discrete_probability,0.0
,,,,,fixed_share,,,,,mae,,,0.12310591909662402,0.05002660589468851,0.05985388032870736,0.000963,,,0.05,,,13,0.005,,,discrete_probability,0.0
,,,,,passive_aggressive,,,,,mae,,,0.04694254348593249,0.014542556263383237,0.01863589500691457,0.0001885,,,,,,13,,1.0e12,0.001,discrete_probability,0.0
5.854041059700909e7,0.6235602,0,0.001,cholesky,adaptive_ridge,510,quadratic_stacked_beta,0.5669414,3.3055860231478166e-15,mae,0.0566188,5,0.2656169791183268,0.0892884558869353,0.11252422568646783,,,,,,,14,,,,discrete_probability,0.0
,0.0001228,,0.0001,,static_ridge,,,,,mae,,,0.21465277708808939,0.07847051562550306,0.09695276985618971,,,,,,,14,,,,discrete_probability,0.0
,,,,,rls,,,,,mae,,,0.20537179517032084,0.05441605330967036,0.0750380887102817,0.0037262,0.9,0.1,,,,14,,,,discrete_probability,0.0
,,,,,hedge,,,,,mae,,,0.31518693710658424,0.1165795959186233,0.1424351676743701,0.0008476,,,0.01,0,,14,,,,discrete_probability,0.0
,,,,,exp3,,,,,mae,,,0.6987044215873474,0.26716935212152604,0.2972999642999433,0.0015477,,,,,0.2,14,,,,discrete_probability,0.0
,,,,,fixed_share,,,,,mae,,,0.3153398121724713,0.11699517534216723,0.14281080996306075,0.0011365,,,0.01,,,14,0.1,,,discrete_probability,0.0
,,,,,passive_aggressive,,,,,mae,,,0.2444627010049283,0.08064861603377599,0.10219073125761302,0.0001622,,,,,,14,,1.0e12,0.1,discrete_probability,0.0
2.1476771281501275e7,0.1105781,0,0.0001,cholesky,adaptive_ridge,510,quadratic_stacked_beta,0.0454098,2.107675638057312e-15,mae,0.0651683,5,0.03442909830208672,0.011629616345503479,0.014600330814685978,,,,,,,15,,,,discrete_probability,0.0
,0.0001147,,0.0001,,static_ridge,,,,,mae,,,0.031164223639801866,0.010226230864530225,0.013011497940768682,,,,,,,15,,,,discrete_probability,0.0
,,,,,rls,,,,,mae,,,0.03191003062486573,0.010433138221443075,0.013248991696560864,0.1076075,0.995,1.0e-6,,,,15,,,,discrete_probability,0.0
,,,,,hedge,,,,,mae,,,0.36265472698116613,0.1747899892544178,0.19645319960429983,0.0010328,,,0.01,168,,15,,,,discrete_probability,0.0
,,,,,exp3,,,,,mae,,,0.5794158278729563,0.05600698010490963,0.14893468746328295,0.0011014,,,,,0.1,15,,,,discrete_probability,0.0
,,,,,fixed_share,,,,,mae,,,0.03396690080070544,0.011316829326353152,0.014331723156359985,0.0018019,,,1.0,,,15,0.01,,,discrete_probability,0.0
,,,,,passive_aggressive,,,,,mae,,,0.03803832276889291,0.013073714333411543,0.016303359921981217,0.0002113,,,,,,15,,1.0e12,0.01,discrete_probability,0.0
1.9479869932271726e6,0.6005147999999999,0,0.001,cholesky,adaptive_ridge,510,quadratic_stacked_beta,0.0429274,2.306765460482531e-15,mae,0.5575874,5,0.11552360976071065,0.039920127148662575,0.0497708914929546,,,,,,,16,,,,discrete_probability,0.0
,0.0001393,,0.0001,,static_ridge,,,,,mae,,,0.10219976327387346,0.035623072544693955,0.0442896472220372,,,,,,,16,,,,discrete_probability,0.0
,,,,,rls,,,,,mae,,,0.1030217910388729,0.035859325793456985,0.04464448612956165,0.0053417,0.995,1.0e-6,,,,16,,,,discrete_probability,0.0
,,,,,hedge,,,,,mae,,,0.24962583206773373,0.09779789650654397,0.1177067003867662,0.0021275,,,1.0,168,,16,,,,discrete_probability,0.0
,,,,,exp3,,,,,mae,,,0.6701716123737984,0.1878310595586483,0.24017738636768912,0.000811,,,,,0.2,16,,,,discrete_probability,0.0
,,,,,fixed_share,,,,,mae,,,0.20660415863480971,0.07668916864434351,0.09314320956998795,0.0008877,,,0.05,,,16,0.01,,,discrete_probability,0.0
,,,,,passive_aggressive,,,,,mae,,,0.1210420807393314,0.0424913178978806,0.05276917104411607,0.0001282,,,,,,16,,1.0e12,0.1,discrete_probability,0.0
9.598566986536188e10,0.6002879999999999,0,0.0001,cholesky,adaptive_ridge,510,quadratic_stacked_beta,0.0421889,5.026711272472395e-15,mae,0.5580991,5,0.012298389449968705,0.003958661097469669,0.005067406425154978,,,,,,,17,,,,discrete_probability,0.0
,0.0001166,,0.0001,,static_ridge,,,,,mae,,,0.008196708179342907,0.0027530728416427803,0.003496597205965192,,,,,,,17,,,,discrete_probability,0.0
,,,,,rls,,,,,mae,,,0.002888316867255477,0.0010401924323226426,0.0012903988683303411,0.0025348,0.995,0.1,,,,17,,,,discrete_probability,0.0
,,,,,hedge,,,,,mae,,,0.2124671677280606,0.07937148427922203,0.09682686542411383,0.0009743,,,1.0,336,,17,,,,discrete_probability,0.0
,,,,,exp3,,,,,mae,,,0.5247740210364875,0.1526805014090427,0.18636382804906554,0.0011176,,,,,0.1,17,,,,discrete_probability,0.0
,,,,,fixed_share,,,,,mae,,,0.1852031327807699,0.0739372303258169,0.08831296859596514,0.0009242,,,0.05,,,17,0.01,,,discrete_probability,0.0
,,,,,passive_aggressive,,,,,mae,,,0.07569890831156824,0.023535894771640323,0.03016430822372849,0.0001874,,,,,,17,,1.0e12,0.0001,discrete_probability,0.0
3.583002654635415e6,0.3154203,0,0.0001,cholesky,adaptive_ridge,510,quadratic_stacked_beta,0.2674177,2.0444347264268284e-15,mae,0.0480026,5,0.08819650742898964,0.029676196796036523,0.037504958073467126,,,,,,,18,,,,discrete_probability,0.0
,0.0001181,,0.0001,,static_ridge,,,,,mae,,,0.07323745830378435,0.025495721778080693,0.03151363822157315,,,,,,,18,,,,discrete_probability,0.0
,,,,,rls,,,,,mae,,,0.072980796227317,0.025787300477929497,0.031710235013559185,0.0237452,0.995,1.0e-6,,,,18,,,,discrete_probability,0.0
,,,,,hedge,,,,,mae,,,0.2762838501165232,0.10977712363367811,0.131407539872133,0.0013156,,,1.0,0,,18,,,,discrete_probability,0.0
,,,,,exp3,,,,,mae,,,0.6267341031038436,0.20756573068801806,0.2436559916211576,0.0013081,,,,,0.1,18,,,,discrete_probability,0.0
,,,,,fixed_share,,,,,mae,,,0.12974127451035575,0.04737448156732549,0.05848626391090806,0.0020106,,,0.5,,,18,0.05,,,discrete_probability,0.0
,,,,,passive_aggressive,,,,,mae,,,0.09919274582606401,0.03332497901465264,0.042000664350802866,0.0002007,,,,,,18,,1.0e12,0.01,discrete_probability,0.0
79108.21267883832,0.5152748,0,0.01,cholesky,adaptive_ridge,510,quadratic_stacked_beta,0.0441348,1.9953175589740827e-15,mae,0.47114,5,0.16664228039536688,0.05728322887422164,0.07216602360813303,,,,,,,19,,,,discrete_probability,0.0
,9.65e-5,,0.001,,static_ridge,,,,,mae,,,0.15533361383705396,0.05190725005791426,0.06556688181190112,,,,,,,19,,,,discrete_probability,0.0
,,,,,rls,,,,,mae,,,0.1573216623697441,0.052268921447279126,0.06591236842727792,0.0073151,0.995,0.1,,,,19,,,,discrete_probability,0.0
,,,,,hedge,,,,,mae,,,0.22821771997354787,0.08131722148104745,0.1009018963040619,0.0008014,,,1.0,0,,19,,,,discrete_probability,0.0
,,,,,exp3,,,,,mae,,,0.5842194418471744,0.199013877343616,0.2473717447196062,0.0013001,,,,,0.1,19,,,,discrete_probability,0.0
,,,,,fixed_share,,,,,mae,,,0.18509761514484196,0.06429432044701662,0.08009541640499775,0.0013743,,,0.05,,,19,0.005,,,discrete_probability,0.0
,,,,,passive_aggressive,,,,,mae,,,0.17151774712770218,0.057787360681881166,0.07309324687730892,0.0002585,,,,,,19,,1.0e12,0.1,discrete_probability,0.0
780227.1226827385,0.185653,0,0.001,cholesky,adaptive_ridge,510,quadratic_stacked_beta,0.0881162,2.408381645141042e-15,mae,0.0975368,5,0.12050895595511772,0.04207069524228456,0.052512689812056736,,,,,,,20,,,,discrete_probability,0.0
,0.0001202,,0.0001,,static_ridge,,,,,mae,,,0.10455190669420242,0.035367327727280594,0.044494279894248825,,,,,,,20,,,,discrete_probability,0.0
,,,,,rls,,,,,mae,,,0.10504751414668054,0.03552096410657868,0.04480179053529749,0.0023301,0.995,1.0e-6,,,,20,,,,discrete_probability,0.0
,,,,,hedge,,,,,mae,,,0.22077896449964424,0.07600254522936127,0.09483581359345475,0.0009444,,,1.0,336,,20,,,,discrete_probability,0.0
,,,,,exp3,,,,,mae,,,0.5862915215672337,0.21313128458225017,0.24840938456153241,0.0006434,,,,,0.2,20,,,,discrete_probability,0.0
,,,,,fixed_share,,,,,mae,,,0.19856050314056553,0.07155102637544962,0.08834241380743536,0.001697,,,0.1,,,20,0.02,,,discrete_probability,0.0
,,,,,passive_aggressive,,,,,mae,,,0.11606234770407309,0.039989234077142985,0.05033899774172527,0.0002427,,,,,,20,,1.0e12,0.1,discrete_probability,0.0
264596.3857909131,0.42434900000000003,0,0.01,cholesky,adaptive_ridge,510,quadratic_stacked_beta,0.0402346,2.3729393962773176e-15,mae,0.3841144,5,0.17355290387862343,0.05832223582374425,0.07318154109472347,,,,,,,21,,,,discrete_probability,0.0
,9.71e-5,,0.001,,static_ridge,,,,,mae,,,0.1459327403168122,0.05040782984270499,0.06292329526729794,,,,,,,21,,,,discrete_probability,0.0
,,,,,rls,,,,,mae,,,0.14546876323484015,0.05125149046406009,0.0636720246764306,0.0078879,0.995,1.0e-6,,,,21,,,,discrete_probability,0.0
,,,,,hedge,,,,,mae,,,0.27046803400979125,0.12888230276724716,0.14473290541721215,0.000752,,,1.0,0,,21,,,,discrete_probability,0.0
,,,,,exp3,,,,,mae,,,0.5679454513658374,0.18826008001801478,0.2342050164299507,0.0834574,,,,,0.1,21,,,,discrete_probability,0.0
,,,,,fixed_share,,,,,mae,,,0.20881152233089517,0.08930788375065725,0.10455941909740972,0.0011584,,,0.05,,,21,0.005,,,discrete_probability,0.0
,,,,,passive_aggressive,,,,,mae,,,0.15981358574181503,0.0542426827099758,0.06786519071273603,0.0001373,,,,,,21,,1.0e12,0.1,discrete_probability,0.0
2.338933522838235e7,0.23811320000000002,0,0.001,cholesky,adaptive_ridge,510,quadratic_stacked_beta,0.1928227,2.1387430662094002e-15,mae,0.0452905,5,0.07218268450515213,0.023518686315450517,0.02966858032978571,,,,,,,22,,,,discrete_probability,0.0
,0.0001082,,0.0001,,static_ridge,,,,,mae,,,0.05829241906437987,0.01960924056088876,0.024760621746212595,,,,,,,22,,,,discrete_probability,0.0
,,,,,rls,,,,,mae,,,0.05868382127232264,0.019822247296573666,0.02486651843408677,0.0025072,0.995,0.1,,,,22,,,,discrete_probability,0.0
,,,,,hedge,,,,,mae,,,0.16658000233783476,0.05793848310949949,0.07237982017227025,0.0020987,,,1.0,0,,22,,,,discrete_probability,0.0
,,,,,exp3,,,,,mae,,,0.406525099968731,0.08721349023487998,0.13382724344550517,0.0015429,,,,,0.1,22,,,,discrete_probability,0.0
,,,,,fixed_share,,,,,mae,,,0.07981527057920546,0.027281990342115446,0.03409772096016636,0.0016943,,,0.1,,,22,0.005,,,discrete_probability,0.0
,,,,,passive_aggressive,,,,,mae,,,0.07614086673660406,0.024733080602640442,0.031497772999717316,0.0002382,,,,,,22,,1.0e12,0.01,discrete_probability,0.0
3.001372253404429e6,0.4177455,0,0.001,cholesky,adaptive_ridge,510,quadratic_stacked_beta,0.372807,2.4650951625709315e-15,mae,0.0449385,5,0.09556590771622854,0.03235683942204798,0.040531989860139866,,,,,,,23,,,,discrete_probability,0.0
,0.0001072,,0.0001,,static_ridge,,,,,mae,,,0.08284410016388273,0.028096230085582923,0.03513261049674261,,,,,,,23,,,,discrete_probability,0.0
,,,,,rls,,,,,mae,,,0.08406104404693657,0.028630815333933628,0.035685789683346285,0.0015443,0.995,0.1,,,,23,,,,discrete_probability,0.0
,,,,,hedge,,,,,mae,,,0.24825986994617733,0.08728334640639757,0.10879641609067382,0.0007915,,,0.01,0,,23,,,,discrete_probability,0.0
,,,,,exp3,,,,,mae,,,0.7708785947058948,0.3587560160391619,0.3883117275590729,0.474559,,,,,0.2,23,,,,discrete_probability,0.0
,,,,,fixed_share,,,,,mae,,,0.24883933329063673,0.08757095805239473,0.10916639228217791,0.0008069,,,0.01,,,23,0.1,,,discrete_probability,0.0
,,,,,passive_aggressive,,,,,mae,,,0.09895924247159471,0.03614309801411015,0.04432730148158164,0.0001174,,,,,,23,,1.0e12,0.1,discrete_probability,0.0
6.884044498037589e7,0.3768783,0,0.0001,cholesky,adaptive_ridge,510,quadratic_stacked_beta,0.0396549,2.3653894456701985e-15,mae,0.3372234,5,0.08797127186718845,0.029478546677201633,0.0375154929612847,,,,,,,24,,,,discrete_probability,0.0
,0.0001165,,0.0001,,static_ridge,,,,,mae,,,0.0787668137370783,0.02652697209786895,0.033603376054260864,,,,,,,24,,,,discrete_probability,0.0
,,,,,rls,,,,,mae,,,0.08128230153572336,0.026406005303946472,0.03381112813146762,0.0076248,0.95,0.0001,,,,24,,,,discrete_probability,0.0
,,,,,hedge,,,,,mae,,,0.3079647107168986,0.1460223882703541,0.16343342786102855,0.0010344,,,1.0,336,,24,,,,discrete_probability,0.0
,,,,,exp3,,,,,mae,,,0.5933944983224078,0.18022444480205643,0.22205594241295917,0.0010986,,,,,0.1,24,,,,discrete_probability,0.0
,,,,,fixed_share,,,,,mae,,,0.1700155357088603,0.07446459080630605,0.08602702706756392,0.0009456,,,1.0,,,24,0.02,,,discrete_probability,0.0
,,,,,passive_aggressive,,,,,mae,,,0.11027484676379323,0.03456846976351668,0.04458329493407228,0.0001893,,,,,,24,,1.0e12,0.01,discrete_probability,0.0
3.1001556526456818e10,0.2099491,0,0.0001,cholesky,adaptive_ridge,510,quadratic_stacked_beta,0.0391867,4.313015177862758e-15,mae,0.1707624,5,0.017875174530228063,0.0059279847409741005,0.0075286673558510086,,,,,,,25,,,,discrete_probability,0.0
,0.0001264,,0.0001,,static_ridge,,,,,mae,,,0.013202768395080531,0.004453184171253281,0.005610973986026562,,,,,,,25,,,,discrete_probability,0.0
,,,,,rls,,,,,mae,,,0.008421064787162957,0.0029551543834789532,0.0037024004700971793,0.0023411,0.995,1.0e-6,,,,25,,,,discrete_probability,0.0
,,,,,hedge,,,,,mae,,,0.2712105363659625,0.1292827714034772,0.1463780683819619,0.4633273,,,1.0,0,,25,,,,discrete_probability,0.0
,,,,,exp3,,,,,mae,,,0.49113650778282847,0.16396666494739418,0.19762383233107664,0.0010866,,,,,0.1,25,,,,discrete_probability,0.0
,,,,,fixed_share,,,,,mae,,,0.1356293353636682,0.04867228714443505,0.06054792216806013,0.0010155,,,0.25,,,25,0.02,,,discrete_probability,0.0
,,,,,passive_aggressive,,,,,mae,,,0.08108223643398954,0.025570600673644237,0.032740415959138666,0.0001676,,,,,,25,,1.0e12,0.001,discrete_probability,0.0
101886.73042372831,0.4237446,0,0.01,cholesky,adaptive_ridge,510,quadratic_stacked_beta,0.0412962,1.5817558334424291e-15,mae,0.3824484,5,0.13643344419933126,0.04905537779929703,0.06090340946777351,,,,,,,26,,,,discrete_probability,0.0
,9.02e-5,,0.001,,static_ridge,,,,,mae,,,0.12357451667673965,0.04289862232723099,0.053768242184151716,,,,,,,26,,,,discrete_probability,0.0
,,,,,rls,,,,,mae,,,0.12487370434546032,0.04336976496135871,0.054343725828602536,0.0079915,0.995,0.1,,,,26,,,,discrete_probability,0.0
,,,,,hedge,,,,,mae,,,0.17263247684152483,0.05829878531545552,0.07349637511526509,0.0019541,,,1.0,0,,26,,,,discrete_probability,0.0
,,,,,exp3,,,,,mae,,,0.564033565520107,0.1467506464048734,0.19857160080968497,0.000995,,,,,0.2,26,,,,discrete_probability,0.0
,,,,,fixed_share,,,,,mae,,,0.16336800164027193,0.054823403496765045,0.06895844540821054,0.0008618,,,0.05,,,26,0.02,,,discrete_probability,0.0
,,,,,passive_aggressive,,,,,mae,,,0.13527943584110697,0.045766342401857084,0.057639874737367036,0.0001348,,,,,,26,,1.0e12,0.1,discrete_probability,0.0
5.0715919549144255e6,0.4114089,0,0.001,cholesky,adaptive_ridge,510,quadratic_stacked_beta,0.3549909,2.4991194882704922e-15,mae,0.056418,5,0.0877584730290206,0.030769577862866035,0.03825502947074861,,,,,,,27,,,,discrete_probability,0.0
,0.0001368,,0.0001,,static_ridge,,,,,mae,,,0.07866070027278285,0.027229660421895386,0.03399320377800404,,,,,,,27,,,,discrete_probability,0.0
,,,,,rls,,,,,mae,,,0.07869242679388011,0.027512371298090386,0.034286757395999595,0.0089888,0.995,1.0e-6,,,,27,,,,discrete_probability,0.0
,,,,,hedge,,,,,mae,,,0.20883010957887835,0.07751316354106326,0.09436017316426139,0.0023253,,,1.0,336,,27,,,,discrete_probability,0.0
,,,,,exp3,,,,,mae,,,0.5628278343213293,0.1342359899109861,0.19612197944325163,0.001738,,,,,0.1,27,,,,discrete_probability,0.0
,,,,,fixed_share,,,,,mae,,,0.1214653633334753,0.043031852323251026,0.05344044692491865,0.0011097,,,0.05,,,27,0.01,,,discrete_probability,0.0
,,,,,passive_aggressive,,,,,mae,,,0.10512426851735354,0.03558629737098671,0.04470311061906261,0.0001484,,,,,,27,,1.0e12,0.1,discrete_probability,0.0
441139.2287812197,0.0876477,0,0.001,cholesky,adaptive_ridge,510,quadratic_stacked_beta,0.041052,1.774760311876017e-15,mae,0.0465957,5,0.17373309728248898,0.06014017769941753,0.07548737858136495,,,,,,,28,,,,discrete_probability,0.0
,8.8e-5,,0.001,,static_ridge,,,,,mae,,,0.14954097408194456,0.04970641076588338,0.0632210988516173,,,,,,,28,,,,discrete_probability,0.0
,,,,,rls,,,,,mae,,,0.1506834382027022,0.050062582848558815,0.06370747661721589,0.0086561,0.995,0.1,,,,28,,,,discrete_probability,0.0
,,,,,hedge,,,,,mae,,,0.23254261069428014,0.07872840070314906,0.09864920924392227,0.0007623,,,1.0,0,,28,,,,discrete_probability,0.0
,,,,,exp3,,,,,mae,,,0.703520781287674,0.14125757897664368,0.2171026928249696,0.0018382,,,,,0.2,28,,,,discrete_probability,0.0
,,,,,fixed_share,,,,,mae,,,0.20165456443469815,0.07477386888509918,0.0912663789401223,0.0006789,,,0.05,,,28,0.01,,,discrete_probability,0.0
,,,,,passive_aggressive,,,,,mae,,,0.16434837586260584,0.055365137658457436,0.06917492305488855,0.0001508,,,,,,28,,1.0e12,0.1,discrete_probability,0.0
8.254689429532532e6,0.0893108,0,0.001,cholesky,adaptive_ridge,510,quadratic_stacked_beta,0.0417135,2.5609125215681683e-15,mae,0.0475973,5,0.10077880493427342,0.03505992190172204,0.04368444824632422,,,,,,,29,,,,discrete_probability,0.0
,0.0001394,,0.0001,,static_ridge,,,,,mae,,,0.08767528693834331,0.03039741892394653,0.038128845640477714,,,,,,,29,,,,discrete_probability,0.0
,,,,,rls,,,,,mae,,,0.08727733254127124,0.030664032422994283,0.03824806249984934,0.0076579,0.995,0.1,,,,29,,,,discrete_probability,0.0
,,,,,hedge,,,,,mae,,,0.17126085557043338,0.057070702104781296,0.07213907215018481,0.0007718,,,1.0,0,,29,,,,discrete_probability,0.0
,,,,,exp3,,,,,mae,,,0.5148092249314609,0.13160236086383656,0.18275849031398692,0.0009412,,,,,0.1,29,,,,discrete_probability,0.0
,,,,,fixed_share,,,,,mae,,,0.1393509140772468,0.045689849822405454,0.0576678135751594,0.000827,,,0.05,,,29,0.01,,,discrete_probability,0.0
,,,,,passive_aggressive,,,,,mae,,,0.1081596324164487,0.037508875369481796,0.04652836780245303,0.0001359,,,,,,29,,1.0e12,0.1,discrete_probability,0.0
490016.72331441415,0.419719,0,0.0001,cholesky,adaptive_ridge,510,quadratic_stacked_beta,0.374585,1.877819237233932e-15,mae,0.045134,5,0.14870050984464694,0.051295720098759164,0.06402694577699995,,,,,,,30,,,,discrete_probability,0.0
,7.01e-5,,0.0001,,static_ridge,,,,,mae,,,0.125204182656553,0.04391842311171597,0.05429623056454754,,,,,,,30,,,,discrete_probability,0.0
,,,,,rls,,,,,mae,,,0.12670041827781012,0.0443065114662779,0.05503585803830415,0.5196269,0.995,1.0e-6,,,,30,,,,discrete_probability,0.0
,,,,,hedge,,,,,mae,,,0.23622687678065313,0.07817211382630579,0.09979321131415926,0.0024041,,,1.0,72,,30,,,,discrete_probability,0.0
,,,,,exp3,,,,,mae,,,0.6418200501647507,0.19095702318314328,0.24493709642262324,0.0018628,,,,,0.2,30,,,,discrete_probability,0.0
,,,,,fixed_share,,,,,mae,,,0.22003384691566036,0.07325455900580094,0.0921337743072806,0.4711566,,,0.05,,,30,0.01,,,discrete_probability,0.0
,,,,,passive_aggressive,,,,,mae,,,0.14041688917947867,0.04825150462150412,0.06026708280363774,0.0001389,,,,,,30,,1.0e12,0.1,discrete_probability,0.0
677332.2959959809,0.2141189,0,0.001,cholesky,adaptive_ridge,510,quadratic_stacked_beta,0.0398953,2.6773697906826652e-15,mae,0.1742236,5,0.2196165059580432,0.04990743887749766,0.07278159479020978,,,,,,,1,,,,discrete_probability,0.2
,0.0001191,,0.0001,,static_ridge,,,,,mae,,,0.17370323428332368,0.037971906069474856,0.055533262892193444,,,,,,,1,,,,discrete_probability,0.2
,,,,,rls,,,,,mae,,,0.1770575720720722,0.03873955046529454,0.05684845753511239,0.0086285,0.995,1.0e-6,,,,1,,,,discrete_probability,0.2
,,,,,hedge,,,,,mae,,,0.4673611386837698,0.13210429565882378,0.18230658290412782,0.0009361,,,1.0,336,,1,,,,discrete_probability,0.2
,,,,,exp3,,,,,mae,,,0.8327987581789057,0.20577581999664818,0.28277405458207083,0.0008253,,,,,0.1,1,,,,discrete_probability,0.2
,,,,,fixed_share,,,,,mae,,,0.351705614065304,0.0883909295703852,0.12167010277690117,0.0007168,,,0.05,,,1,0.005,,,discrete_probability,0.2
,,,,,passive_aggressive,,,,,mae,,,0.2119010775981075,0.05077204347842039,0.07252548448813628,0.0001839,,,,,,1,,1.0e12,0.01,discrete_probability,0.2
363048.11737100955,0.17595840000000001,0,0.01,cholesky,adaptive_ridge,510,quadratic_stacked_beta,0.0431526,3.066913979045386e-15,mae,0.1328058,5,0.27740206011575735,0.06023808681130261,0.08812827894862213,,,,,,,2,,,,discrete_probability,0.2
,0.0001693,,0.0001,,static_ridge,,,,,mae,,,0.24605978037628137,0.04879548669941256,0.07446453202018886,,,,,,,2,,,,discrete_probability,0.2
,,,,,rls,,,,,mae,,,0.25290079598053244,0.05022627911014792,0.07669013299406628,0.0024391,0.995,1.0e-6,,,,2,,,,discrete_probability,0.2
,,,,,hedge,,,,,mae,,,0.2627430802715931,0.09447772336234012,0.1162725617779493,0.0009336,,,0.01,336,,2,,,,discrete_probability,0.2
,,,,,exp3,,,,,mae,,,1.0298032815617235,0.32158144492381824,0.40056615061461504,0.0011116,,,,,0.2,2,,,,discrete_probability,0.2
,,,,,fixed_share,,,,,mae,,,0.2625973700319982,0.09470359401885169,0.1164688672065685,0.0009806,,,0.01,,,2,0.1,,,discrete_probability,0.2
,,,,,passive_aggressive,,,,,mae,,,0.2361052080553106,0.06311045824011394,0.08518688760435396,0.000167,,,,,,2,,1.0e12,0.1,discrete_probability,0.2
1.7820327895525733e6,0.21103829999999998,0,0.001,cholesky,adaptive_ridge,510,quadratic_stacked_beta,0.0436509,2.286315055040342e-15,mae,0.1673874,5,0.26781134683239266,0.07139059978227483,0.09626618346845188,,,,,,,3,,,,discrete_probability,0.2
,0.0001404,,0.0001,,static_ridge,,,,,mae,,,0.23107176906034027,0.059255778495456095,0.08125042156234047,,,,,,,3,,,,discrete_probability,0.2
,,,,,rls,,,,,mae,,,0.22817540628308344,0.060568169729645654,0.08192650899071599,0.3725907,0.995,1.0e-6,,,,3,,,,discrete_probability,0.2
,,,,,hedge,,,,,mae,,,0.3346024644710488,0.08979808876265588,0.12081940675858586,0.0024619,,,1.0,0,,3,,,,discrete_probability,0.2
,,,,,exp3,,,,,mae,,,0.8051121571068738,0.20924379205835927,0.2770274188699316,0.0022336,,,,,0.1,3,,,,discrete_probability,0.2
,,,,,fixed_share,,,,,mae,,,0.33673506962463806,0.08467924836599708,0.11755936729260452,0.0021648,,,0.05,,,3,0.01,,,discrete_probability,0.2
,,,,,passive_aggressive,,,,,mae,,,0.23949258492262743,0.06947945592003728,0.09187646473629214,0.0001704,,,,,,3,,1.0e12,0.1,discrete_probability,0.2
111433.49418100464,0.1249847,0,0.01,cholesky,adaptive_ridge,510,quadratic_stacked_beta,0.076239,2.3261744547022355e-15,mae,0.0487457,5,0.21937494276746589,0.054289572645095555,0.07502448875982524,,,,,,,4,,,,discrete_probability,0.2
,6.45e-5,,0.001,,static_ridge,,,,,mae,,,0.19070466267620972,0.04717552233325368,0.06465159504263455,,,,,,,4,,,,discrete_probability,0.2
,,,,,rls,,,,,mae,,,0.18550813212299552,0.048052802763161095,0.06480371459047132,0.0044166,0.995,0.1,,,,4,,,,discrete_probability,0.2
,,,,,hedge,,,,,mae,,,0.30471860480816004,0.08088260681377515,0.10968065150025966,0.000412,,,1.0,336,,4,,,,discrete_probability,0.2
,,,,,exp3,,,,,mae,,,0.7448574881689196,0.1980122642098416,0.2638621130700841,0.0005526,,,,,0.1,4,,,,discrete_probability,0.2
,,,,,fixed_share,,,,,mae,,,0.2201682037018999,0.06906203045392274,0.08811973157263275,0.0006024,,,0.05,,,4,0.01,,,discrete_probability,0.2
,,,,,passive_aggressive,,,,,mae,,,0.19342066041464218,0.05572780310862009,0.07345770308048608,6.11e-5,,,,,,4,,1.0e12,0.1,discrete_probability,0.2
2.32663315262952e6,0.1268671,0,0.001,cholesky,adaptive_ridge,510,quadratic_stacked_beta,0.1022455,2.318654325029951e-15,mae,0.0246216,5,0.15283349557047848,0.039484914804194714,0.0539461739509756,,,,,,,5,,,,discrete_probability,0.2
,0.0001237,,0.0001,,static_ridge,,,,,mae,,,0.13195489334877133,0.0306714380871353,0.04380710764360018,,,,,,,5,,,,discrete_probability,0.2
,,,,,rls,,,,,mae,,,0.13393977926201217,0.03128094106850903,0.044618302285269446,0.00943,0.995,1.0e-6,,,,5,,,,discrete_probability,0.2
,,,,,hedge,,,,,mae,,,0.19751654214288358,0.061806400833190715,0.08006346372880341,0.0012227,,,1.0,168,,5,,,,discrete_probability,0.2
,,,,,exp3,,,,,mae,,,0.6469585214700672,0.14848084828910876,0.21825072927562053,0.0019725,,,,,0.2,5,,,,discrete_probability,0.2
,,,,,fixed_share,,,,,mae,,,0.15804703936719558,0.05436128733351871,0.06824844411718797,0.0009679,,,0.05,,,5,0.01,,,discrete_probability,0.2
,,,,,passive_aggressive,,,,,mae,,,0.1526058581612541,0.03929766202738759,0.054391339934591096,0.0001935,,,,,,5,,1.0e12,0.01,discrete_probability,0.2
258620.39960068537,0.15436060000000001,0,0.001,cholesky,adaptive_ridge,510,quadratic_stacked_beta,0.1009314,2.1559674073134437e-15,mae,0.0534292,5,0.3447196631597362,0.10053268611652859,0.13139063223093503,,,,,,,6,,,,discrete_probability,0.2
,0.0001257,,0.0001,,static_ridge,,,,,mae,,,0.28128758787342717,0.08573475808849168,0.1100439383050628,,,,,,,6,,,,discrete_probability,0.2
,,,,,rls,,,,,mae,,,0.28672482477177996,0.08664346949538253,0.11197231736185599,0.009659,0.995,1.0e-6,,,,6,,,,discrete_probability,0.2
,,,,,hedge,,,,,mae,,,0.47924303861058093,0.13348349499658738,0.17888128144851687,0.0010094,,,1.0,336,,6,,,,discrete_probability,0.2
,,,,,exp3,,,,,mae,,,1.0662019711982622,0.2165330364034725,0.3570846853190446,0.0011159,,,,,0.2,6,,,,discrete_probability,0.2
,,,,,fixed_share,,,,,mae,,,0.6025438235722969,0.1189722565016381,0.20238426781461966,0.0019304,,,0.1,,,6,0.005,,,discrete_probability,0.2
,,,,,passive_aggressive,,,,,mae,,,0.30183775948441427,0.09134477772516388,0.11881065578793099,0.0001748,,,,,,6,,1.0e12,0.1,discrete_probability,0.2
45107.975284145476,1.0927412,0,0.01,cholesky,adaptive_ridge,510,quadratic_stacked_beta,0.4989839,2.301098757681001e-15,mae,0.5937573,5,0.24890116103054014,0.07591912686808526,0.09841199647803468,,,,,,,7,,,,discrete_probability,0.2
,0.0001217,,0.0001,,static_ridge,,,,,mae,,,0.22335065952663782,0.06671519269465942,0.08646518640201381,,,,,,,7,,,,discrete_probability,0.2
,,,,,rls,,,,,mae,,,0.22552306577690295,0.0680427445324479,0.08777238056670662,0.0038508,0.995,0.1,,,,7,,,,discrete_probability,0.2
,,,,,hedge,,,,,mae,,,0.238094061701212,0.07721361948911397,0.09842763356137119,0.002255,,,1.0,168,,7,,,,discrete_probability,0.2
,,,,,exp3,,,,,mae,,,0.9823538641710143,0.2885070858373719,0.3702027030984034,0.0017254,,,,,0.2,7,,,,discrete_probability,0.2
,,,,,fixed_share,,,,,mae,,,0.2408961708662075,0.07619415987012619,0.09740077682544077,0.0019762,,,0.05,,,7,0.02,,,discrete_probability,0.2
,,,,,passive_aggressive,,,,,mae,,,0.24323480961291735,0.07667068415760192,0.09827648115934755,0.0001528,,,,,,7,,1.0e12,0.1,discrete_probability,0.2
181259.99661953896,0.1235855,0,0.01,cholesky,adaptive_ridge,510,quadratic_stacked_beta,0.057022,2.0563994400555833e-15,mae,0.0665635,5,0.22096222226484363,0.05128024375832608,0.07265891615403612,,,,,,,8,,,,discrete_probability,0.2
,0.0001014,,0.001,,static_ridge,,,,,mae,,,0.18787123686302515,0.043841557370518924,0.061725292839341084,,,,,,,8,,,,discrete_probability,0.2
,,,,,rls,,,,,mae,,,0.18635529004450505,0.04527309501293882,0.06278294645496707,0.0103306,0.995,0.1,,,,8,,,,discrete_probability,0.2
,,,,,hedge,,,,,mae,,,0.263004989203268,0.07331068482166223,0.09797691478564413,0.0008117,,,1.0,0,,8,,,,discrete_probability,0.2
,,,,,exp3,,,,,mae,,,0.7653487317756151,0.21220631924868952,0.29079128140421673,0.0011315,,,,,0.2,8,,,,discrete_probability,0.2
,,,,,fixed_share,,,,,mae,,,0.25971890975419276,0.07358838406293558,0.0976943205213849,0.0009557,,,0.01,,,8,0.1,,,discrete_probability,0.2
,,,,,passive_aggressive,,,,,mae,,,0.19570434720091398,0.054223779343317714,0.0722256253432708,0.0001378,,,,,,8,,1.0e12,0.1,discrete_probability,0.2
61823.94300774991,0.088804,0,0.01,cholesky,adaptive_ridge,510,quadratic_stacked_beta,0.0407792,2.516167218036593e-15,mae,0.0480248,5,0.2781556539771644,0.07736669923870323,0.10331369826143867,,,,,,,9,,,,discrete_probability,0.2
,0.0001151,,0.0001,,static_ridge,,,,,mae,,,0.23452634476120424,0.06691209046209963,0.08820920521562482,,,,,,,9,,,,discrete_probability,0.2
,,,,,rls,,,,,mae,,,0.23929118039498667,0.06577042389629549,0.08815030444673828,0.4764184,0.995,1.0e-6,,,,9,,,,discrete_probability,0.2
,,,,,hedge,,,,,mae,,,0.2761164389917498,0.1031964174940883,0.12578092821481066,0.0019004,,,0.01,168,,9,,,,discrete_probability,0.2
,,,,,exp3,,,,,mae,,,0.9917176932260768,0.22783673808256005,0.32472500334346777,0.0010352,,,,,0.2,9,,,,discrete_probability,0.2
,,,,,fixed_share,,,,,mae,,,0.2776208781702294,0.09541740674697936,0.11766224871609163,0.0009413,,,0.05,,,9,0.005,,,discrete_probability,0.2
,,,,,passive_aggressive,,,,,mae,,,0.2585890853702931,0.07144881177157293,0.09574548160605482,0.000152,,,,,,9,,1.0e12,0.1,discrete_probability,0.2
137485.90881937387,0.0912988,0,0.01,cholesky,adaptive_ridge,510,quadratic_stacked_beta,0.0424471,3.0364539467961017e-15,mae,0.0488517,5,0.17975337803676625,0.05721708857431065,0.07353549171225873,,,,,,,10,,,,discrete_probability,0.2
,0.0001337,,0.0001,,static_ridge,,,,,mae,,,0.15061956846645766,0.05009376306460407,0.06327688856502578,,,,,,,10,,,,discrete_probability,0.2
,,,,,rls,,,,,mae,,,0.1543969180894769,0.05090169865742376,0.06432038699064661,0.0025624,0.995,0.1,,,,10,,,,discrete_probability,0.2
,,,,,hedge,,,,,mae,,,0.34057213286461335,0.10251022734543741,0.13379626763262492,0.0009283,,,1.0,168,,10,,,,discrete_probability,0.2
,,,,,exp3,,,,,mae,,,0.7260615041288268,0.19914723953144262,0.2618535701327185,0.0015947,,,,,0.1,10,,,,discrete_probability,0.2
,,,,,fixed_share,,,,,mae,,,0.3498670438145444,0.10486446872705353,0.1372813898770654,0.0009168,,,0.05,,,10,0.05,,,discrete_probability,0.2
,,,,,passive_aggressive,,,,,mae,,,0.16260455053360773,0.05496242596685686,0.06915760644041963,0.0001442,,,,,,10,,1.0e12,0.1,discrete_probability,0.2
93533.68348871864,0.0915556,0,0.01,cholesky,adaptive_ridge,510,quadratic_stacked_beta,0.0425523,2.5201108351962423e-15,mae,0.0490033,5,0.23735295381130328,0.07647942668774364,0.09748988312373416,,,,,,,11,,,,discrete_probability,0.2
,0.0001167,,0.0001,,static_ridge,,,,,mae,,,0.20667627618370701,0.06663764567935569,0.08497174193157543,,,,,,,11,,,,discrete_probability,0.2
,,,,,rls,,,,,mae,,,0.22263100760276186,0.06612535689695659,0.08736305142567309,0.0038284,0.95,0.0001,,,,11,,,,discrete_probability,0.2
,,,,,hedge,,,,,mae,,,0.295990582307178,0.0913567264223304,0.11755239573971137,0.0010064,,,1.0,24,,11,,,,discrete_probability,0.2
,,,,,exp3,,,,,mae,,,0.8171193115201578,0.23286510707591995,0.30989006168211114,0.0012269,,,,,0.2,11,,,,discrete_probability,0.2
,,,,,fixed_share,,,,,mae,,,0.24081137536662134,0.07871643496115185,0.10059288087037108,0.0011549,,,0.05,,,11,0.005,,,discrete_probability,0.2
,,,,,passive_aggressive,,,,,mae,,,0.2373238769017432,0.07196121289739422,0.09313251528395639,0.0001812,,,,,,11,,1.0e12,0.1,discrete_probability,0.2
69692.64288397504,0.5647458,0,0.01,cholesky,adaptive_ridge,510,quadratic_stacked_beta,0.5055561,2.7288922775124187e-15,mae,0.0591897,5,0.22366071790113934,0.0726618201620529,0.09160338311578801,,,,,,,12,,,,discrete_probability,0.2
,0.0001151,,0.0001,,static_ridge,,,,,mae,,,0.1988621583097632,0.06146907275016804,0.07936385466818982,,,,,,,12,,,,discrete_probability,0.2
,,,,,rls,,,,,mae,,,0.20546895389894218,0.061822964751824964,0.08049719574576783,0.1612436,0.995,1.0e-6,,,,12,,,,discrete_probability,0.2
,,,,,hedge,,,,,mae,,,0.24120962017446756,0.08059379916467466,0.10153003551444598,0.00234,,,1.0,168,,12,,,,discrete_probability,0.2
,,,,,exp3,,,,,mae,,,0.7803395702655195,0.2135734317336854,0.284898091633756,0.0016306,,,,,0.1,12,,,,discrete_probability,0.2
,,,,,fixed_share,,,,,mae,,,0.2486632832576818,0.07829271759191418,0.09970048570171057,0.0010693,,,0.05,,,12,0.01,,,discrete_probability,0.2
,,,,,passive_aggressive,,,,,mae,,,0.22047423943129224,0.06909543511350712,0.08820033738630761,0.0001647,,,,,,12,,1.0e12,0.1,discrete_probability,0.2
395582.6212557091,0.1525324,0,0.01,cholesky,adaptive_ridge,510,quadratic_stacked_beta,0.1088072,2.1487895827760505e-15,mae,0.0437252,5,0.19499266177288527,0.046705378084856586,0.06604869626973206,,,,,,,13,,,,discrete_probability,0.2
,0.0001275,,0.0001,,static_ridge,,,,,mae,,,0.1830998146317711,0.039454931092341175,0.05802895384467735,,,,,,,13,,,,discrete_probability,0.2
,,,,,rls,,,,,mae,,,0.18573528718363902,0.0402183753810023,0.05925333246301568,0.0092616,0.995,1.0e-6,,,,13,,,,discrete_probability,0.2
,,,,,hedge,,,,,mae,,,0.2658402851409013,0.08103460915095224,0.10478596204446725,0.0018641,,,1.0,0,,13,,,,discrete_probability,0.2
,,,,,exp3,,,,,mae,,,0.8859806672366414,0.2178607756809996,0.3021584758777718,0.0018136,,,,,0.1,13,,,,discrete_probability,0.2
,,,,,fixed_share,,,,,mae,,,0.3569922160275228,0.07223688581030749,0.110006145907214,0.0008359,,,0.05,,,13,0.005,,,discrete_probability,0.2
,,,,,passive_aggressive,,,,,mae,,,0.2126199422299441,0.0533470676095537,0.07452822148255032,0.0001749,,,,,,13,,1.0e12,0.01,discrete_probability,0.2
14410.938222243221,0.6435469,0,0.1,cholesky,adaptive_ridge,510,quadratic_stacked_beta,0.5463924,1.75671824302361e-15,mae,0.0971545,5,0.3387345020796627,0.11251784134893845,0.1417013677323664,,,,,,,14,,,,discrete_probability,0.2
,0.0001198,,0.0001,,static_ridge,,,,,mae,,,0.3190109763715751,0.10695572016374834,0.13408059283293586,,,,,,,14,,,,discrete_probability,0.2
,,,,,rls,,,,,mae,,,0.3394765841409917,0.09274949384151135,0.12524547032881417,0.0076038,0.95,1.0e-6,,,,14,,,,discrete_probability,0.2
,,,,,hedge,,,,,mae,,,0.35233191825177795,0.12345969068556438,0.15300265414799896,0.0020705,,,0.01,0,,14,,,,discrete_probability,0.2
,,,,,exp3,,,,,mae,,,1.0530892273025767,0.3288663885066082,0.4125293347585686,0.0019084,,,,,0.2,14,,,,discrete_probability,0.2
,,,,,fixed_share,,,,,mae,,,0.3520074002054291,0.12361203095699613,0.15310117108885601,0.1283976,,,0.01,,,14,0.1,,,discrete_probability,0.2
,,,,,passive_aggressive,,,,,mae,,,0.403428645220883,0.10808243844660656,0.1469486796863803,0.0001942,,,,,,14,,1.0e12,0.1,discrete_probability,0.2
243358.11573451004,0.10858090000000001,0,0.01,cholesky,adaptive_ridge,510,quadratic_stacked_beta,0.0600785,2.8680409393068356e-15,mae,0.0485024,5,0.37574192685288615,0.10457298531525525,0.13873207472908813,,,,,,,15,,,,discrete_probability,0.2
,0.0001154,,0.0001,,static_ridge,,,,,mae,,,0.3447964210039533,0.09066600754333452,0.12206956368935354,,,,,,,15,,,,discrete_probability,0.2
,,,,,rls,,,,,mae,,,0.3662193223466742,0.08868936637607441,0.12538926094386765,0.0027087,0.95,0.0001,,,,15,,,,discrete_probability,0.2
,,,,,hedge,,,,,mae,,,0.4527639984860411,0.18064559200857963,0.20951963273654,0.0025296,,,1.0,72,,15,,,,discrete_probability,0.2
,,,,,exp3,,,,,mae,,,1.177030094544674,0.19841854574627696,0.3692647857705614,0.0012576,,,,,0.2,15,,,,discrete_probability,0.2
,,,,,fixed_share,,,,,mae,,,0.8144034365858889,0.09603715773832636,0.22272310598859615,0.0009932,,,0.25,,,15,0.005,,,discrete_probability,0.2
,,,,,passive_aggressive,,,,,mae,,,0.4153514119724208,0.09932745300819622,0.1420397123089964,0.0001782,,,,,,15,,1.0e12,0.1,discrete_probability,0.2
137717.29282628364,0.1195054,0,0.01,cholesky,adaptive_ridge,510,quadratic_stacked_beta,0.0709036,2.7305407145300557e-15,mae,0.0486018,5,0.22783732840281223,0.06604390629387706,0.0862295554616245,,,,,,,16,,,,discrete_probability,0.2
,0.0001826,,0.0001,,static_ridge,,,,,mae,,,0.19915767268273538,0.05805102324917774,0.07620940325674856,,,,,,,16,,,,discrete_probability,0.2
,,,,,rls,,,,,mae,,,0.20486939981933022,0.05882814261743224,0.07721006708721845,0.0084062,0.995,1.0e-6,,,,16,,,,discrete_probability,0.2
,,,,,hedge,,,,,mae,,,0.26459603155131917,0.10325716563234319,0.1244011082369139,0.0022603,,,1.0,168,,16,,,,discrete_probability,0.2
,,,,,exp3,,,,,mae,,,0.7537260634000635,0.2013050827257901,0.2649183589385807,0.5520563,,,,,0.2,16,,,,discrete_probability,0.2
,,,,,fixed_share,,,,,mae,,,0.2409519852746481,0.0895890146690455,0.10880377872746237,0.0009798,,,0.05,,,16,0.01,,,discrete_probability,0.2
,,,,,passive_aggressive,,,,,mae,,,0.2076032614363188,0.0664723206597034,0.08494676692179216,0.0001439,,,,,,16,,1.0e12,0.1,discrete_probability,0.2
421870.68952925043,0.5345331,0,0.01,cholesky,adaptive_ridge,510,quadratic_stacked_beta,0.0490161,2.5346536174077774e-15,mae,0.485517,5,0.20206327394272855,0.055501157173514594,0.07455122763668248,,,,,,,17,,,,discrete_probability,0.2
,0.0001307,,0.0001,,static_ridge,,,,,mae,,,0.17953000811679945,0.04925074039219713,0.06628852815420846,,,,,,,17,,,,discrete_probability,0.2
,,,,,rls,,,,,mae,,,0.18085305958705689,0.0504823554250644,0.06736433735220891,0.0029238,0.995,1.0e-6,,,,17,,,,discrete_probability,0.2
,,,,,hedge,,,,,mae,,,0.3205900621291874,0.09385540280235971,0.12227343559601536,0.0009076,,,1.0,0,,17,,,,discrete_probability,0.2
,,,,,exp3,,,,,mae,,,0.6928340976760543,0.19597709811426248,0.25346338503121296,0.0067954,,,,,0.1,17,,,,discrete_probability,0.2
,,,,,fixed_share,,,,,mae,,,0.2857599981449628,0.08516795334356204,0.10892091773958745,0.0011208,,,0.05,,,17,0.01,,,discrete_probability,0.2
,,,,,passive_aggressive,,,,,mae,,,0.20268262618002938,0.05953183592825084,0.07741480904702375,0.0001458,,,,,,17,,1.0e12,0.1,discrete_probability,0.2
556297.7278238393,0.39788029999999996,0,0.001,cholesky,adaptive_ridge,510,quadratic_stacked_beta,0.3483095,2.654578134754835e-15,mae,0.0495708,5,0.18799649102442254,0.04752872300860503,0.0654403175263048,,,,,,,18,,,,discrete_probability,0.2
,0.0001287,,0.0001,,static_ridge,,,,,mae,,,0.16839258284223654,0.03894008632624854,0.05546034769380655,,,,,,,18,,,,discrete_probability,0.2
,,,,,rls,,,,,mae,,,0.1719982743653211,0.0397370876250584,0.056530680349337406,0.0071483,0.995,1.0e-6,,,,18,,,,discrete_probability,0.2
,,,,,hedge,,,,,mae,,,0.29467245393723596,0.11368970514120608,0.13726740672423218,0.0021499,,,1.0,24,,18,,,,discrete_probability,0.2
,,,,,exp3,,,,,mae,,,0.8216086030690473,0.2388880529509176,0.296825120833786,0.0017685,,,,,0.2,18,,,,discrete_probability,0.2
,,,,,fixed_share,,,,,mae,,,0.3096790940136101,0.06824410830566327,0.10078215427593547,0.0009631,,,0.05,,,18,0.005,,,discrete_probability,0.2
,,,,,passive_aggressive,,,,,mae,,,0.16889623068226925,0.049353798382320346,0.06491028976826568,0.0002275,,,,,,18,,1.0e12,0.1,discrete_probability,0.2
30105.874661131886,0.0943886,0,0.01,cholesky,adaptive_ridge,510,quadratic_stacked_beta,0.047097,1.6355121600389057e-15,mae,0.0472916,5,0.24828747569738902,0.08056472953460317,0.1017821067248166,,,,,,,19,,,,discrete_probability,0.2
,0.0001146,,0.0001,,static_ridge,,,,,mae,,,0.22055535441452911,0.06990891232588659,0.08887405412607334,,,,,,,19,,,,discrete_probability,0.2
,,,,,rls,,,,,mae,,,0.22506213869002475,0.07051945590859365,0.08987135792428791,0.0025437,0.995,0.1,,,,19,,,,discrete_probability,0.2
,,,,,hedge,,,,,mae,,,0.28996125530543043,0.09289349573942841,0.11774884339556987,0.0066926,,,1.0,0,,19,,,,discrete_probability,0.2
,,,,,exp3,,,,,mae,,,0.7934331150986241,0.23656433831105567,0.30430440592713565,0.0020004,,,,,0.1,19,,,,discrete_probability,0.2
,,,,,fixed_share,,,,,mae,,,0.32925057920723744,0.08631281783588368,0.11758747221606958,0.00116,,,0.05,,,19,0.005,,,discrete_probability,0.2
,,,,,passive_aggressive,,,,,mae,,,0.26953447775423345,0.08000005156069474,0.104478102582969,0.0001734,,,,,,19,,1.0e12,0.1,discrete_probability,0.2
463240.72734133044,0.1130024,0,0.001,cholesky,adaptive_ridge,510,quadratic_stacked_beta,0.0435111,2.5592499845137678e-15,mae,0.0694913,5,0.1705875111688893,0.05040573808334818,0.06593643350785525,,,,,,,20,,,,discrete_probability,0.2
,0.0003534,,0.0001,,static_ridge,,,,,mae,,,0.1300868330669718,0.04219683298950036,0.0534258517092267,,,,,,,20,,,,discrete_probability,0.2
,,,,,rls,,,,,mae,,,0.13087714197451464,0.042663356157609536,0.05385658369770407,0.0024181,0.995,1.0e-6,,,,20,,,,discrete_probability,0.2
,,,,,hedge,,,,,mae,,,0.30306335663349493,0.08898038255515386,0.11641226997213582,0.0009315,,,1.0,336,,20,,,,discrete_probability,0.2
,,,,,exp3,,,,,mae,,,0.889147814599117,0.27203571977573615,0.34256826790747585,0.0018084,,,,,0.1,20,,,,discrete_probability,0.2
,,,,,fixed_share,,,,,mae,,,0.29280588715563793,0.08770535770028673,0.11416531934399367,0.0009673,,,0.05,,,20,0.02,,,discrete_probability,0.2
,,,,,passive_aggressive,,,,,mae,,,0.14472309057481766,0.04898912233023992,0.061584059609345806,0.0001411,,,,,,20,,1.0e12,0.1,discrete_probability,0.2
140000.1650968841,1.1378116999999999,0,0.01,cholesky,adaptive_ridge,510,quadratic_stacked_beta,0.4801221,2.621543135931853e-15,mae,0.6576896,5,0.24061866517695088,0.07388779947019128,0.09508307617740226,,,,,,,21,,,,discrete_probability,0.2
,0.0001093,,0.0001,,static_ridge,,,,,mae,,,0.21791134323628789,0.06215735373327875,0.08166669994006463,,,,,,,21,,,,discrete_probability,0.2
,,,,,rls,,,,,mae,,,0.2169494108721893,0.0626539716810259,0.08234805933048914,0.0079328,0.995,1.0e-6,,,,21,,,,discrete_probability,0.2
,,,,,hedge,,,,,mae,,,0.28792871921902125,0.13192007888192805,0.14999025607833621,0.000879,,,0.01,0,,21,,,,discrete_probability,0.2
,,,,,exp3,,,,,mae,,,0.798305621038395,0.23360558058129988,0.30395184543145637,0.0019482,,,,,0.1,21,,,,discrete_probability,0.2
,,,,,fixed_share,,,,,mae,,,0.23897368425720522,0.09701460715565413,0.11441437105584733,0.0011179,,,0.05,,,21,0.005,,,discrete_probability,0.2
,,,,,passive_aggressive,,,,,mae,,,0.23807487417819648,0.0694447296975977,0.09086197785580094,0.0001656,,,,,,21,,1.0e12,0.1,discrete_probability,0.2
159511.8250106099,0.2605807,0,0.01,cholesky,adaptive_ridge,510,quadratic_stacked_beta,0.2119793,1.9053738255855385e-15,mae,0.0486014,5,0.154109619540452,0.04374903959533507,0.05803086138310791,,,,,,,22,,,,discrete_probability,0.2
,0.0001259,,0.0001,,static_ridge,,,,,mae,,,0.13301506987617462,0.03605768763563938,0.04871226282666823,,,,,,,22,,,,discrete_probability,0.2
,,,,,rls,,,,,mae,,,0.1382269380432132,0.03648997533133807,0.049652605328123274,0.0080615,0.995,1.0e-6,,,,22,,,,discrete_probability,0.2
,,,,,hedge,,,,,mae,,,0.2559637871423248,0.0716719218821823,0.09509800718954338,0.0008046,,,1.0,0,,22,,,,discrete_probability,0.2
,,,,,exp3,,,,,mae,,,0.6041815585347338,0.13589091496340014,0.21471454038277915,0.0010232,,,,,0.2,22,,,,discrete_probability,0.2
,,,,,fixed_share,,,,,mae,,,0.20138770721183769,0.05043302071848355,0.06938982529406743,0.0011565,,,0.05,,,22,0.005,,,discrete_probability,0.2
,,,,,passive_aggressive,,,,,mae,,,0.15384917096589842,0.04548119227542869,0.05934179864204242,0.0001406,,,,,,22,,1.0e12,0.1,discrete_probability,0.2
1.029008428442082e6,0.5369797,0,0.001,cholesky,adaptive_ridge,510,quadratic_stacked_beta,0.0426616,2.393949665662958e-15,mae,0.4943181,5,0.14866243833650433,0.044951352463350226,0.05839889859632847,,,,,,,23,,,,discrete_probability,0.2
,0.0001196,,0.0001,,static_ridge,,,,,mae,,,0.1273238536169025,0.03870646222717167,0.04989164745334008,,,,,,,23,,,,discrete_probability,0.2
,,,,,rls,,,,,mae,,,0.12704953516479062,0.03945560703991604,0.050585437709371794,0.0090838,0.995,1.0e-6,,,,23,,,,discrete_probability,0.2
,,,,,hedge,,,,,mae,,,0.3512382973986302,0.11148874676809839,0.14344506962444914,0.0020741,,,0.01,24,,23,,,,discrete_probability,0.2
,,,,,exp3,,,,,mae,,,1.0106548826809385,0.376107942061415,0.44138915005462154,0.0011486,,,,,0.2,23,,,,discrete_probability,0.2
,,,,,fixed_share,,,,,mae,,,0.350192671892124,0.11165759997266204,0.14346474480687538,0.0018615,,,0.01,,,23,0.1,,,discrete_probability,0.2
,,,,,passive_aggressive,,,,,mae,,,0.13572414520290965,0.045870192032774794,0.05781698274441189,0.000154,,,,,,23,,1.0e12,0.1,discrete_probability,0.2
205155.9599594318,0.2232291,0,0.01,cholesky,adaptive_ridge,510,quadratic_stacked_beta,0.1106867,2.4016905090801883e-15,mae,0.1125424,5,0.2812403491210459,0.06782031079928667,0.09503792176877492,,,,,,,24,,,,discrete_probability,0.2
,0.0001212,,0.0001,,static_ridge,,,,,mae,,,0.2510171430567083,0.05510782568273015,0.08048165331195127,,,,,,,24,,,,discrete_probability,0.2
,,,,,rls,,,,,mae,,,0.2561003062943378,0.05443850090653937,0.08103836150358572,0.0063829,0.995,1.0e-6,,,,24,,,,discrete_probability,0.2
,,,,,hedge,,,,,mae,,,0.33533395245824094,0.15182252986458172,0.17330283977803054,0.0020435,,,0.01,0,,24,,,,discrete_probability,0.2
,,,,,exp3,,,,,mae,,,0.9625314337135322,0.247473618310249,0.3309412274383337,0.0017484,,,,,0.2,24,,,,discrete_probability,0.2
,,,,,fixed_share,,,,,mae,,,0.29672246294281757,0.13313692287804244,0.14694342724146836,0.0018661,,,0.05,,,24,0.005,,,discrete_probability,0.2
,,,,,passive_aggressive,,,,,mae,,,0.2579909520661534,0.06854591420236919,0.09266941681625894,0.0001514,,,,,,24,,1.0e12,0.1,discrete_probability,0.2
300129.8022605249,0.2942206,0,0.01,cholesky,adaptive_ridge,510,quadratic_stacked_beta,0.0725801,1.828947351523119e-15,mae,0.2216405,5,0.24604542491702103,0.0770772183215328,0.09931953236781946,,,,,,,25,,,,discrete_probability,0.2
,9.24e-5,,0.001,,static_ridge,,,,,mae,,,0.22143685465055313,0.07028467301317486,0.09002062553022172,,,,,,,25,,,,discrete_probability,0.2
,,,,,rls,,,,,mae,,,0.2241034880852702,0.06623729343589832,0.08630351543692892,0.0024255,0.95,0.01,,,,25,,,,discrete_probability,0.2
,,,,,hedge,,,,,mae,,,0.33729277310381744,0.144313514389242,0.16577730822482312,0.0021174,,,1.0,336,,25,,,,discrete_probability,0.2
,,,,,exp3,,,,,mae,,,0.7688528535671,0.23888335860858856,0.2998512133598847,0.0016767,,,,,0.1,25,,,,discrete_probability,0.2
,,,,,fixed_share,,,,,mae,,,0.35498349863633083,0.10801760194057025,0.136509789709986,0.0019413,,,0.1,,,25,0.01,,,discrete_probability,0.2
,,,,,passive_aggressive,,,,,mae,,,0.23285010060473774,0.07344377380974394,0.0940837492203939,0.0002634,,,,,,25,,1.0e12,0.1,discrete_probability,0.2
54891.98947536615,0.1479517,0,0.01,cholesky,adaptive_ridge,510,quadratic_stacked_beta,0.0952305,2.1093096171558535e-15,mae,0.0527212,5,0.28901139307189105,0.07184463159872749,0.09890368928054417,,,,,,,26,,,,discrete_probability,0.2
,0.0001113,,0.0001,,static_ridge,,,,,mae,,,0.2652733888996054,0.06392765266268353,0.08946668934034342,,,,,,,26,,,,discrete_probability,0.2
,,,,,rls,,,,,mae,,,0.27348520555108835,0.06445277834588238,0.09117009839063951,0.0063011,0.995,0.1,,,,26,,,,discrete_probability,0.2
,,,,,hedge,,,,,mae,,,0.4692651270118705,0.10823297555730221,0.16382135850124338,0.0022678,,,1.0,0,,26,,,,discrete_probability,0.2
,,,,,exp3,,,,,mae,,,0.9651570931758789,0.2280070977222979,0.32520095201756294,0.0011835,,,,,0.2,26,,,,discrete_probability,0.2
,,,,,fixed_share,,,,,mae,,,0.46963629454222283,0.10567815618872486,0.1626361562650106,0.0031073,,,0.05,,,26,0.01,,,discrete_probability,0.2
,,,,,passive_aggressive,,,,,mae,,,0.2891802451465218,0.07581420488974742,0.10303538396944108,0.0001546,,,,,,26,,1.0e12,0.1,discrete_probability,0.2
398641.5999301901,0.30585219999999996,0,0.01,cholesky,adaptive_ridge,510,quadratic_stacked_beta,0.0459229,2.4495032604322657e-15,mae,0.2599293,5,0.17025733470161536,0.04919450758293638,0.06460662422192714,,,,,,,27,,,,discrete_probability,0.2
,0.0001298,,0.0001,,static_ridge,,,,,mae,,,0.13578862453758372,0.04144264801914483,0.05378126756496347,,,,,,,27,,,,discrete_probability,0.2
,,,,,rls,,,,,mae,,,0.1341902167709392,0.04215651553102562,0.054260874648660626,0.008516,0.995,1.0e-6,,,,27,,,,discrete_probability,0.2
,,,,,hedge,,,,,mae,,,0.23089397485469576,0.08514283360420788,0.10401853580092375,0.0025287,,,1.0,336,,27,,,,discrete_probability,0.2
,,,,,exp3,,,,,mae,,,0.653144714205869,0.13482054999482654,0.20684843707885286,0.0020774,,,,,0.1,27,,,,discrete_probability,0.2
,,,,,fixed_share,,,,,mae,,,0.2029130068223969,0.056458469347906964,0.0750130318630113,0.0020219,,,0.5,,,27,0.05,,,discrete_probability,0.2
,,,,,passive_aggressive,,,,,mae,,,0.14429861574556102,0.04747913151431685,0.060023888703955246,0.0001333,,,,,,27,,1.0e12,0.1,discrete_probability,0.2
201688.89579862423,0.6339572,0,0.001,cholesky,adaptive_ridge,510,quadratic_stacked_beta,0.5884307,1.6799540777779919e-15,mae,0.0455265,5,0.19762053237643734,0.0657942620141938,0.08348598799379633,,,,,,,28,,,,discrete_probability,0.2
,9.42e-5,,0.001,,static_ridge,,,,,mae,,,0.16840383177903587,0.05502987959289998,0.07032823413664523,,,,,,,28,,,,discrete_probability,0.2
,,,,,rls,,,,,mae,,,0.1690842692954645,0.05587151719394828,0.0713137587374035,0.0026337,0.995,0.1,,,,28,,,,discrete_probability,0.2
,,,,,hedge,,,,,mae,,,0.2620433331910668,0.08624417087801599,0.10925288191465445,0.0027036,,,1.0,336,,28,,,,discrete_probability,0.2
,,,,,exp3,,,,,mae,,,0.6363160128403207,0.14652754509327887,0.21121504446260692,0.0019357,,,,,0.1,28,,,,discrete_probability,0.2
,,,,,fixed_share,,,,,mae,,,0.18845523239174775,0.07246604599361942,0.08710095619796095,0.0019898,,,0.05,,,28,0.005,,,discrete_probability,0.2
,,,,,passive_aggressive,,,,,mae,,,0.18500052265834355,0.06264020602491528,0.07814645307132943,0.0001762,,,,,,28,,1.0e12,0.1,discrete_probability,0.2
150473.84177301903,0.0939735,0,0.01,cholesky,adaptive_ridge,510,quadratic_stacked_beta,0.0427079,2.4676037486645407e-15,mae,0.0512656,5,0.23280984006990377,0.056899248239886506,0.07928271043192274,,,,,,,29,,,,discrete_probability,0.2
,9.36e-5,,0.01,,static_ridge,,,,,mae,,,0.19120504271617547,0.04975015611420423,0.06770416324080285,,,,,,,29,,,,discrete_probability,0.2
,,,,,rls,,,,,mae,,,0.19345162549573408,0.050945146620450736,0.06885405629318887,0.0024345,0.995,1.0e-6,,,,29,,,,discrete_probability,0.2
,,,,,hedge,,,,,mae,,,0.23053225385165235,0.06581964727856895,0.08675145563308426,0.0008262,,,1.0,0,,29,,,,discrete_probability,0.2
,,,,,exp3,,,,,mae,,,0.830151591912442,0.2346826150779535,0.31125402989633344,0.0019591,,,,,0.2,29,,,,discrete_probability,0.2
,,,,,fixed_share,,,,,mae,,,0.2258305967879317,0.06418255369334712,0.08481555111889527,0.0017768,,,0.05,,,29,0.02,,,discrete_probability,0.2
,,,,,passive_aggressive,,,,,mae,,,0.19706839166798576,0.059784339108514405,0.07760973601065585,0.0001356,,,,,,29,,1.0e12,0.1,discrete_probability,0.2
21477.203265865905,0.17848129999999998,0,0.1,cholesky,adaptive_ridge,510,quadratic_stacked_beta,0.1275632,2.208437036954975e-15,mae,0.0509181,5,0.2885768603089233,0.09249062214401371,0.11831728568603866,,,,,,,30,,,,discrete_probability,0.2
,0.0001006,,0.001,,static_ridge,,,,,mae,,,0.24280699640169537,0.0797763625644542,0.10131204224269161,,,,,,,30,,,,discrete_probability,0.2
,,,,,rls,,,,,mae,,,0.24523897566080965,0.08106351149435415,0.10278060903848392,0.002517,0.995,0.1,,,,30,,,,discrete_probability,0.2
,,,,,hedge,,,,,mae,,,0.4228245718694822,0.11735620290947911,0.16088671539489582,0.0009476,,,1.0,336,,30,,,,discrete_probability,0.2
,,,,,exp3,,,,,mae,,,0.9794303187747906,0.28378147496202416,0.37097412516450484,0.0010172,,,,,0.2,30,,,,discrete_probability,0.2
,,,,,fixed_share,,,,,mae,,,0.336230373822174,0.10156757613698703,0.13282565448765216,0.0078074,,,0.05,,,30,0.005,,,discrete_probability,0.2
,,,,,passive_aggressive,,,,,mae,,,0.28526592898029135,0.08952491693510223,0.11515348277814447,0.0001845,,,,,,30,,1.0e12,0.1,discrete_probability,0.2
187124.12511145775,0.0876564,0,0.01,cholesky,adaptive_ridge,510,quadratic_stacked_beta,0.0413894,2.7894756501750113e-15,mae,0.046267,5,0.20349275885182905,0.05899025233960241,0.07796477303588126,,,,,,,1,,,,discrete_probability,0.4
,0.0001386,,0.0001,,static_ridge,,,,,mae,,,0.18335630120111035,0.04951975331067799,0.06706543717909619,,,,,,,1,,,,discrete_probability,0.4
,,,,,rls,,,,,mae,,,0.17941397962792288,0.050730261461239934,0.06771887933312183,0.0090618,0.995,1.0e-6,,,,1,,,,discrete_probability,0.4
,,,,,hedge,,,,,mae,,,0.4840316703990048,0.17317295250128675,0.22356081211717102,0.0010049,,,1.0,336,,1,,,,discrete_probability,0.4
,,,,,exp3,,,,,mae,,,0.9635026979793463,0.24280815405807554,0.33397985347212894,0.0008944,,,,,0.1,1,,,,discrete_probability,0.4
,,,,,fixed_share,,,,,mae,,,0.3395291260958895,0.10027211656629972,0.13027748202899417,0.0007385,,,0.25,,,1,0.02,,,discrete_probability,0.4
,,,,,passive_aggressive,,,,,mae,,,0.18493967892061222,0.0578168705076763,0.0743143803763308,0.0001636,,,,,,1,,1.0e12,0.1,discrete_probability,0.4
171076.01712904667,0.2365035,0,0.01,cholesky,adaptive_ridge,510,quadratic_stacked_beta,0.0418231,2.981488193187416e-15,mae,0.1946804,5,0.27495319393196666,0.07807639203197796,0.10412524523742912,,,,,,,2,,,,discrete_probability,0.4
,0.0001294,,0.0001,,static_ridge,,,,,mae,,,0.24889038622699694,0.0650496598565376,0.08890927521852801,,,,,,,2,,,,discrete_probability,0.4
,,,,,rls,,,,,mae,,,0.25094394434172534,0.0650086051362535,0.08977468915767935,0.153915,0.995,1.0e-6,,,,2,,,,discrete_probability,0.4
,,,,,hedge,,,,,mae,,,0.2905532640287232,0.09835231048530803,0.12265986519556436,0.430447,,,0.5,336,,2,,,,discrete_probability,0.4
,,,,,exp3,,,,,mae,,,1.0681664118077663,0.3743213054986582,0.4483663967308341,0.0013132,,,,,0.1,2,,,,discrete_probability,0.4
,,,,,fixed_share,,,,,mae,,,0.2927399415492792,0.09823580748748899,0.1227417652711961,0.000945,,,0.01,,,2,0.01,,,discrete_probability,0.4
,,,,,passive_aggressive,,,,,mae,,,0.2463665110022503,0.07638326291466208,0.09812695929944733,0.0001739,,,,,,2,,1.0e12,0.1,discrete_probability,0.4
828823.6304262168,0.6711902,0,0.001,cholesky,adaptive_ridge,510,quadratic_stacked_beta,0.4655009,3.0528502641553282e-15,mae,0.2056893,5,0.2680276838032976,0.07922019111166992,0.10321378172543486,,,,,,,3,,,,discrete_probability,0.4
,0.0002816,,0.0001,,static_ridge,,,,,mae,,,0.2165926047162186,0.06814926385310663,0.08689187692432686,,,,,,,3,,,,discrete_probability,0.4
,,,,,rls,,,,,mae,,,0.22021582349593913,0.0687483401183097,0.08786660574133212,0.0087607,0.995,0.1,,,,3,,,,discrete_probability,0.4
,,,,,hedge,,,,,mae,,,0.360212448953368,0.10860529852443652,0.1419614427480036,0.0022615,,,1.0,0,,3,,,,discrete_probability,0.4
,,,,,exp3,,,,,mae,,,0.9188949014085342,0.20932295823201816,0.2910018308336451,0.0010801,,,,,0.2,3,,,,discrete_probability,0.4
,,,,,fixed_share,,,,,mae,,,0.3383812181669383,0.10565774836354973,0.13619846893826726,0.0009763,,,0.25,,,3,0.05,,,discrete_probability,0.4
,,,,,passive_aggressive,,,,,mae,,,0.25234238512621004,0.07576442733366275,0.09831858125519354,0.0001636,,,,,,3,,1.0e12,0.1,discrete_probability,0.4
123513.61836091799,1.2562848,0,0.01,cholesky,adaptive_ridge,510,quadratic_stacked_beta,1.2120958,2.8412662949353016e-15,mae,0.044189,5,0.2770823252246825,0.07244174458115062,0.09878775073539967,,,,,,,4,,,,discrete_probability,0.4
,8.88e-5,,0.001,,static_ridge,,,,,mae,,,0.2254495712443059,0.0620351520985742,0.08375120776615098,,,,,,,4,,,,discrete_probability,0.4
,,,,,rls,,,,,mae,,,0.2288028819367708,0.06328870365998482,0.08494690088585057,0.0077756,0.995,0.1,,,,4,,,,discrete_probability,0.4
,,,,,hedge,,,,,mae,,,0.32346947005885285,0.09663421613588988,0.12587852766621474,0.0008397,,,1.0,0,,4,,,,discrete_probability,0.4
,,,,,exp3,,,,,mae,,,0.9829850404028878,0.23559640311429544,0.33240931357337433,0.001252,,,,,0.2,4,,,,discrete_probability,0.4
,,,,,fixed_share,,,,,mae,,,0.2535959732959533,0.0878190639299421,0.10887392046521072,0.0010791,,,0.05,,,4,0.01,,,discrete_probability,0.4
,,,,,passive_aggressive,,,,,mae,,,0.22716051728452336,0.07088684484478694,0.09114390329916941,0.0001592,,,,,,4,,1.0e12,0.1,discrete_probability,0.4
1.0866872313697997e6,0.10205529999999999,0,0.001,cholesky,adaptive_ridge,510,quadratic_stacked_beta,0.0543882,2.3758087744516605e-15,mae,0.0476671,5,0.17349127746086196,0.04569486257479776,0.06241173665285485,,,,,,,5,,,,discrete_probability,0.4
,0.0001208,,0.0001,,static_ridge,,,,,mae,,,0.13899554777976975,0.03643896029688456,0.049872686866532887,,,,,,,5,,,,discrete_probability,0.4
,,,,,rls,,,,,mae,,,0.14179544083251638,0.0369800673872356,0.05087261545351873,0.0090541,0.995,1.0e-6,,,,5,,,,discrete_probability,0.4
,,,,,hedge,,,,,mae,,,0.20775319403462297,0.06933686829854865,0.0875282123555491,0.0008647,,,0.5,0,,5,,,,discrete_probability,0.4
,,,,,exp3,,,,,mae,,,0.7553986649359397,0.1893975043450682,0.26745494326134295,0.0018618,,,,,0.1,5,,,,discrete_probability,0.4
,,,,,fixed_share,,,,,mae,,,0.1580752622939103,0.057988704956042414,0.07066212595879365,0.0016258,,,0.05,,,5,0.005,,,discrete_probability,0.4
,,,,,passive_aggressive,,,,,mae,,,0.17802072356056528,0.047305737505365486,0.06468544623484379,0.0001981,,,,,,5,,1.0e12,0.01,discrete_probability,0.4
74738.78758608972,0.1901809,0,0.01,cholesky,adaptive_ridge,510,quadratic_stacked_beta,0.046048,2.6968895619346656e-15,mae,0.1441329,5,0.3465751003684902,0.1084490534896373,0.13878556994565414,,,,,,,6,,,,discrete_probability,0.4
,0.0001264,,0.0001,,static_ridge,,,,,mae,,,0.3011683582802891,0.09643236334637578,0.12230182677608009,,,,,,,6,,,,discrete_probability,0.4
,,,,,rls,,,,,mae,,,0.30391397808025766,0.09715929046096629,0.12342887728962533,0.0027452,0.995,0.1,,,,6,,,,discrete_probability,0.4
,,,,,hedge,,,,,mae,,,0.46879241755487827,0.1585566519632349,0.20010353074344775,0.0022401,,,1.0,72,,6,,,,discrete_probability,0.4
,,,,,exp3,,,,,mae,,,1.1175184127808395,0.3209752972801356,0.43711329515108605,0.0017746,,,,,0.1,6,,,,discrete_probability,0.4
,,,,,fixed_share,,,,,mae,,,0.4521560640629255,0.14219358122069778,0.1840265074561223,0.001891,,,0.05,,,6,0.005,,,discrete_probability,0.4
,,,,,passive_aggressive,,,,,mae,,,0.35962706068113803,0.10786904738190821,0.13891513998705887,0.0001825,,,,,,6,,1.0e12,0.1,discrete_probability,0.4
40913.96600397151,0.8306725,0,0.01,cholesky,adaptive_ridge,510,quadratic_stacked_beta,0.4483495,2.2664157234521983e-15,mae,0.382323,5,0.2646886360024645,0.08408347667815094,0.10822478516886669,,,,,,,7,,,,discrete_probability,0.4
,0.0001165,,0.0001,,static_ridge,,,,,mae,,,0.23694547977828478,0.07403269556590565,0.09582735201477871,,,,,,,7,,,,discrete_probability,0.4
,,,,,rls,,,,,mae,,,0.2378599569387253,0.07568783730066042,0.09723664392882633,0.00293,0.995,1.0e-6,,,,7,,,,discrete_probability,0.4
,,,,,hedge,,,,,mae,,,0.2592232476878842,0.08287064540648215,0.10607010009194341,0.0024586,,,1.0,0,,7,,,,discrete_probability,0.4
,,,,,exp3,,,,,mae,,,1.0276783874994655,0.322529766624561,0.40619201437225444,0.0018041,,,,,0.1,7,,,,discrete_probability,0.4
,,,,,fixed_share,,,,,mae,,,0.2570557096160051,0.08255938317676322,0.10545690595467432,0.0016435,,,0.01,,,7,0.005,,,discrete_probability,0.4
,,,,,passive_aggressive,,,,,mae,,,0.2644674921831082,0.08179581500520618,0.10485363655044232,0.0001901,,,,,,7,,1.0e12,0.1,discrete_probability,0.4
114621.60813761165,1.3020549,0,0.01,cholesky,adaptive_ridge,510,quadratic_stacked_beta,0.1126995,2.22957253870189e-15,mae,1.1893554,5,0.2424676184093208,0.06284711539625024,0.08705710643139433,,,,,,,8,,,,discrete_probability,0.4
,9.3e-5,,0.001,,static_ridge,,,,,mae,,,0.20535065917481496,0.05581547280221328,0.07645306478085405,,,,,,,8,,,,discrete_probability,0.4
,,,,,rls,,,,,mae,,,0.20527064971082645,0.05717921060311848,0.07739801293806325,0.0086776,0.995,0.1,,,,8,,,,discrete_probability,0.4
,,,,,hedge,,,,,mae,,,0.28529972791652874,0.08267374619076036,0.10884901388761027,0.0017357,,,0.01,0,,8,,,,discrete_probability,0.4
,,,,,exp3,,,,,mae,,,0.8391966923110543,0.2701026101156389,0.34564907648487325,0.0009019,,,,,0.1,8,,,,discrete_probability,0.4
,,,,,fixed_share,,,,,mae,,,0.2859512868074474,0.08278018886731918,0.10909153779631486,0.0008385,,,0.01,,,8,0.1,,,discrete_probability,0.4
,,,,,passive_aggressive,,,,,mae,,,0.2278451327746919,0.06646840448674628,0.08690712545515004,0.0001568,,,,,,8,,1.0e12,0.1,discrete_probability,0.4
15476.23877786932,0.1653703,0,0.1,cholesky,adaptive_ridge,510,quadratic_stacked_beta,0.0597332,2.792945668388416e-15,mae,0.1056371,5,0.2740701952191405,0.08843779057875592,0.11309236725496778,,,,,,,9,,,,discrete_probability,0.4
,0.0001182,,0.0001,,static_ridge,,,,,mae,,,0.2500860238102207,0.0812552590142996,0.10337146408549396,,,,,,,9,,,,discrete_probability,0.4
,,,,,rls,,,,,mae,,,0.254750428090843,0.08238217874386757,0.10498404797352658,0.0029935,0.995,0.1,,,,9,,,,discrete_probability,0.4
,,,,,hedge,,,,,mae,,,0.287292542375839,0.10575715759363333,0.12959363822286443,0.0010447,,,0.01,168,,9,,,,discrete_probability,0.4
,,,,,exp3,,,,,mae,,,0.9938744760179926,0.2881076139421219,0.38386550173587103,0.0019339,,,,,0.1,9,,,,discrete_probability,0.4
,,,,,fixed_share,,,,,mae,,,0.28734411584699754,0.10602898593663074,0.12981646083845289,0.0021498,,,0.01,,,9,0.1,,,discrete_probability,0.4
,,,,,passive_aggressive,,,,,mae,,,0.2810007347763437,0.084047697506296,0.11009082675227097,0.0001778,,,,,,9,,1.0e12,0.1,discrete_probability,0.4
128536.71399370438,0.9023664,0,0.01,cholesky,adaptive_ridge,510,quadratic_stacked_beta,0.0406799,2.986851293808984e-15,mae,0.8616865,5,0.20771785067579862,0.06855581033815518,0.08615242414320796,,,,,,,10,,,,discrete_probability,0.4
,0.0001286,,0.0001,,static_ridge,,,,,mae,,,0.1821754167328159,0.059853254990508364,0.07587771229304492,,,,,,,10,,,,discrete_probability,0.4
,,,,,rls,,,,,mae,,,0.18445783630302423,0.060178671251514104,0.07645913598097522,0.0088158,0.995,1.0e-6,,,,10,,,,discrete_probability,0.4
,,,,,hedge,,,,,mae,,,0.4061450053363908,0.12989110056156805,0.1679658104445367,0.0023035,,,1.0,168,,10,,,,discrete_probability,0.4
,,,,,exp3,,,,,mae,,,0.7798244976615453,0.1976410586739673,0.26950773651423826,0.0018382,,,,,0.1,10,,,,discrete_probability,0.4
,,,,,fixed_share,,,,,mae,,,0.30061994136164394,0.117683780955361,0.14147760685858676,0.0011016,,,0.05,,,10,0.005,,,discrete_probability,0.4
,,,,,passive_aggressive,,,,,mae,,,0.21004320500716836,0.06433829855357698,0.08285462385406725,0.0001599,,,,,,10,,1.0e12,0.1,discrete_probability,0.4
16975.6133866345,0.6166768,0,0.1,cholesky,adaptive_ridge,510,quadratic_stacked_beta,0.492814,2.6109818576944674e-15,mae,0.1238628,5,0.25347453510953705,0.08377824742689834,0.10578028405463774,,,,,,,11,,,,discrete_probability,0.4
,0.0001241,,0.0001,,static_ridge,,,,,mae,,,0.2356263740938265,0.07614573021947804,0.09653817914390564,,,,,,,11,,,,discrete_probability,0.4
,,,,,rls,,,,,mae,,,0.25084537662917306,0.07516180582068868,0.09780021189965832,0.0030688,0.98,0.0001,,,,11,,,,discrete_probability,0.4
,,,,,hedge,,,,,mae,,,0.3507259424573951,0.10571510795497455,0.13701423793495804,0.0009492,,,1.0,72,,11,,,,discrete_probability,0.4
,,,,,exp3,,,,,mae,,,0.8515170399655467,0.27022512410512745,0.3468152295891454,0.0019948,,,,,0.2,11,,,,discrete_probability,0.4
,,,,,fixed_share,,,,,mae,,,0.2570656552176567,0.08575699362921535,0.10790553342295797,0.0010603,,,0.1,,,11,0.01,,,discrete_probability,0.4
,,,,,passive_aggressive,,,,,mae,,,0.2646826456961018,0.08243780241760706,0.10558003169295692,0.0001914,,,,,,11,,1.0e12,0.1,discrete_probability,0.4
16984.23936472216,0.1014053,0,0.1,cholesky,adaptive_ridge,510,quadratic_stacked_beta,0.0458389,2.7683295319819742e-15,mae,0.0555664,5,0.24431353190516208,0.07751609902674875,0.09949303989724294,,,,,,,12,,,,discrete_probability,0.4
,0.0002399,,0.0001,,static_ridge,,,,,mae,,,0.21975877304148642,0.06729899985101902,0.0866618782365159,,,,,,,12,,,,discrete_probability,0.4
,,,,,rls,,,,,mae,,,0.22309988652061574,0.06739569128844788,0.08769895991659339,0.0027257,0.995,1.0e-6,,,,12,,,,discrete_probability,0.4
,,,,,hedge,,,,,mae,,,0.26932614986266623,0.08673794744110618,0.11037827983895035,0.000946,,,0.5,0,,12,,,,discrete_probability,0.4
,,,,,exp3,,,,,mae,,,0.8707221022811477,0.2523961909657397,0.33087383103766577,0.0021206,,,,,0.1,12,,,,discrete_probability,0.4
,,,,,fixed_share,,,,,mae,,,0.2735347605291707,0.08555801737142756,0.10941380987500823,0.0011968,,,0.01,,,12,0.005,,,discrete_probability,0.4
,,,,,passive_aggressive,,,,,mae,,,0.23578842982726467,0.0766101351919955,0.09616569631190698,0.0001867,,,,,,12,,1.0e12,0.1,discrete_probability,0.4
307136.2908867095,0.1455909,0,0.01,cholesky,adaptive_ridge,510,quadratic_stacked_beta,0.0828583,2.716600227613304e-15,mae,0.0627326,5,0.24795001721322266,0.06379300891053055,0.08881007232065279,,,,,,,13,,,,discrete_probability,0.4
,0.0001542,,0.0001,,static_ridge,,,,,mae,,,0.21795807638290277,0.054808076505825934,0.07715898873911875,,,,,,,13,,,,discrete_probability,0.4
,,,,,rls,,,,,mae,,,0.21737429102788564,0.056100966410760164,0.07826620091598384,0.0102212,0.995,0.1,,,,13,,,,discrete_probability,0.4
,,,,,hedge,,,,,mae,,,0.3319158506873863,0.0956313732748698,0.12742356369383756,0.0640655,,,1.0,24,,13,,,,discrete_probability,0.4
,,,,,exp3,,,,,mae,,,0.9949824577484392,0.29341590653818106,0.3842504327360548,0.0013337,,,,,0.1,13,,,,discrete_probability,0.4
,,,,,fixed_share,,,,,mae,,,0.357165823863386,0.09145657174249991,0.12963860403623462,0.0020849,,,0.1,,,13,0.02,,,discrete_probability,0.4
,,,,,passive_aggressive,,,,,mae,,,0.22530219460669312,0.0676626205248293,0.08830802589705222,0.0001641,,,,,,13,,1.0e12,0.1,discrete_probability,0.4
9885.521109091897,0.8649496,0,0.1,cholesky,adaptive_ridge,510,quadratic_stacked_beta,0.059559,2.421982874658127e-15,mae,0.8053906,5,0.36756843251672167,0.12039285431259615,0.1518214781795396,,,,,,,14,,,,discrete_probability,0.4
,0.0001427,,0.0001,,static_ridge,,,,,mae,,,0.3390067270722061,0.11281263638476444,0.14252656782693965,,,,,,,14,,,,discrete_probability,0.4
,,,,,rls,,,,,mae,,,0.35898996447862536,0.10690744779237728,0.1402284992353548,0.0099884,0.95,0.1,,,,14,,,,discrete_probability,0.4
,,,,,hedge,,,,,mae,,,0.3613481829762864,0.1278864120304098,0.15854965818637498,0.0022568,,,1.0,0,,14,,,,discrete_probability,0.4
,,,,,exp3,,,,,mae,,,1.0336803354255064,0.3397610502797706,0.41798075925821715,0.001834,,,,,0.2,14,,,,discrete_probability,0.4
,,,,,fixed_share,,,,,mae,,,0.3620288863726848,0.12936988984919925,0.1599752566745365,0.0020688,,,0.01,,,14,0.005,,,discrete_probability,0.4
,,,,,passive_aggressive,,,,,mae,,,0.37725362993517286,0.11605096254995463,0.1495846743404733,0.0002085,,,,,,14,,1.0e12,0.1,discrete_probability,0.4
61587.966789793856,0.0930686,0,0.1,cholesky,adaptive_ridge,510,quadratic_stacked_beta,0.0441179,2.7398835667972247e-15,mae,0.0489507,5,0.35499003870236273,0.11916419380265035,0.14986967856422517,,,,,,,15,,,,discrete_probability,0.4
,0.0001262,,0.0001,,static_ridge,,,,,mae,,,0.3335052836822471,0.10933877256551859,0.13785864259748687,,,,,,,15,,,,discrete_probability,0.4
,,,,,rls,,,,,mae,,,0.37664941226045395,0.10474386002440955,0.14024897211716256,0.0027259,0.95,1.0e-6,,,,15,,,,discrete_probability,0.4
,,,,,hedge,,,,,mae,,,0.44473073759322945,0.18072217426174608,0.21178222193123084,0.0008217,,,1.0,0,,15,,,,discrete_probability,0.4
,,,,,exp3,,,,,mae,,,1.0845230958884409,0.3163301773237502,0.43031782513652483,0.0011566,,,,,0.1,15,,,,discrete_probability,0.4
,,,,,fixed_share,,,,,mae,,,0.41196621130783145,0.1409739174936629,0.17526130969992865,0.001948,,,0.1,,,15,0.005,,,discrete_probability,0.4
,,,,,passive_aggressive,,,,,mae,,,0.4409702067592859,0.11702209090422709,0.15948632790488435,0.0003883,,,,,,15,,1.0e12,0.1,discrete_probability,0.4
89327.75279747463,0.2408245,0,0.01,cholesky,adaptive_ridge,510,quadratic_stacked_beta,0.1900224,2.5247402899139416e-15,mae,0.0508021,5,0.24741500880129372,0.07853104060637432,0.10103793708569146,,,,,,,16,,,,discrete_probability,0.4
,0.0001363,,0.0001,,static_ridge,,,,,mae,,,0.21629211614894167,0.06793490266384715,0.08747510453813362,,,,,,,16,,,,discrete_probability,0.4
,,,,,rls,,,,,mae,,,0.21993207633462794,0.0684405286594962,0.0883132770823993,0.005451,0.995,0.1,,,,16,,,,discrete_probability,0.4
,,,,,hedge,,,,,mae,,,0.26663949748576293,0.10036814969624609,0.12235170971806099,0.0010168,,,0.01,336,,16,,,,discrete_probability,0.4
,,,,,exp3,,,,,mae,,,0.8892681446856368,0.2298897400961283,0.31325088318670175,0.0012936,,,,,0.2,16,,,,discrete_probability,0.4
,,,,,fixed_share,,,,,mae,,,0.2575387934286272,0.09659773627044412,0.11713610371433475,0.0021264,,,0.05,,,16,0.01,,,discrete_probability,0.4
,,,,,passive_aggressive,,,,,mae,,,0.2494459463919778,0.07613171102096843,0.09844152352590113,0.0001696,,,,,,16,,1.0e12,0.1,discrete_probability,0.4
243607.73017089174,0.1835374,0,0.01,cholesky,adaptive_ridge,510,quadratic_stacked_beta,0.1188069,2.8046095861309714e-15,mae,0.0647305,5,0.22805047758774144,0.06554218001642934,0.08598210032324205,,,,,,,17,,,,discrete_probability,0.4
,9.59e-5,,0.001,,static_ridge,,,,,mae,,,0.2074066088121854,0.05833057350169251,0.07684887069730684,,,,,,,17,,,,discrete_probability,0.4
,,,,,rls,,,,,mae,,,0.20607025793122716,0.05970988700597584,0.07783670553707052,0.0036661,0.995,0.1,,,,17,,,,discrete_probability,0.4
,,,,,hedge,,,,,mae,,,0.3457514035482433,0.1037702540762907,0.13563683176190605,0.0010166,,,1.0,336,,17,,,,discrete_probability,0.4
,,,,,exp3,,,,,mae,,,0.9240249441666394,0.24692973443445504,0.33182465015609686,0.0025431,,,,,0.2,17,,,,discrete_probability,0.4
,,,,,fixed_share,,,,,mae,,,0.3204224969986478,0.09126045478396615,0.1205691242763583,0.0021856,,,0.05,,,17,0.01,,,discrete_probability,0.4
,,,,,passive_aggressive,,,,,mae,,,0.22101189860841763,0.06549710788397993,0.08528981393625135,0.0001676,,,,,,17,,1.0e12,0.1,discrete_probability,0.4
312342.98825965193,0.124055,0,0.001,cholesky,adaptive_ridge,510,quadratic_stacked_beta,0.070742,3.0008149034952343e-15,mae,0.053313,5,0.2179473326931948,0.05811501544984295,0.07956076902092472,,,,,,,18,,,,discrete_probability,0.4
,0.000132,,0.0001,,static_ridge,,,,,mae,,,0.19421131678105946,0.04901387782917103,0.06775315711631308,,,,,,,18,,,,discrete_probability,0.4
,,,,,rls,,,,,mae,,,0.19324725167571646,0.049299018890771935,0.06829691703867885,0.00923,0.995,1.0e-6,,,,18,,,,discrete_probability,0.4
,,,,,hedge,,,,,mae,,,0.2974099188549689,0.11509949286146985,0.1385210403887312,0.0803913,,,1.0,336,,18,,,,discrete_probability,0.4
,,,,,exp3,,,,,mae,,,0.9323083168902917,0.2664728524625434,0.33586002058333086,0.0010636,,,,,0.2,18,,,,discrete_probability,0.4
,,,,,fixed_share,,,,,mae,,,0.31854392603519943,0.08616667083880453,0.11980776106508828,0.0009337,,,0.05,,,18,0.005,,,discrete_probability,0.4
,,,,,passive_aggressive,,,,,mae,,,0.19675346541707747,0.05851286145808385,0.07646001990475479,0.0001532,,,,,,18,,1.0e12,0.1,discrete_probability,0.4
29914.191229177497,0.11781920000000001,0,0.01,cholesky,adaptive_ridge,510,quadratic_stacked_beta,0.0669132,1.956263208162567e-15,mae,0.050906,5,0.27140703406035693,0.0895303644296996,0.11307559560014017,,,,,,,19,,,,discrete_probability,0.4
,0.0001288,,0.0001,,static_ridge,,,,,mae,,,0.2351531439439242,0.07789062872656931,0.09775504961909216,,,,,,,19,,,,discrete_probability,0.4
,,,,,rls,,,,,mae,,,0.23915128899035817,0.07833226862438471,0.09872185022309095,0.0097438,0.995,0.1,,,,19,,,,discrete_probability,0.4
,,,,,hedge,,,,,mae,,,0.299970659406942,0.09999785142651953,0.12586247839000234,0.0008375,,,1.0,0,,19,,,,discrete_probability,0.4
,,,,,exp3,,,,,mae,,,0.9596659831421818,0.2717101265366069,0.3562582204002997,0.0014694,,,,,0.2,19,,,,discrete_probability,0.4
,,,,,fixed_share,,,,,mae,,,0.32181497442184487,0.10064071044016897,0.13023617811247984,0.0017802,,,0.05,,,19,0.01,,,discrete_probability,0.4
,,,,,passive_aggressive,,,,,mae,,,0.2739259688987526,0.09026543699948211,0.11384114540371221,0.0001691,,,,,,19,,1.0e12,0.1,discrete_probability,0.4
422009.9273579891,0.0960219,0,0.0001,cholesky,adaptive_ridge,510,quadratic_stacked_beta,0.0388464,2.504710575677408e-15,mae,0.0571755,5,0.17633445869926817,0.054374964893806964,0.06979285122801714,,,,,,,20,,,,discrete_probability,0.4
,0.0001257,,0.0001,,static_ridge,,,,,mae,,,0.141885885963309,0.045423935597144555,0.05792409539202715,,,,,,,20,,,,discrete_probability,0.4
,,,,,rls,,,,,mae,,,0.14377433115670832,0.04589828193024415,0.05844678966289392,0.0065831,0.995,1.0e-6,,,,20,,,,discrete_probability,0.4
,,,,,hedge,,,,,mae,,,0.3442782714066961,0.10460420992095483,0.13608373867946588,0.0010235,,,0.01,336,,20,,,,discrete_probability,0.4
,,,,,exp3,,,,,mae,,,0.9551679650482074,0.3103032028608947,0.38840781244133027,0.0017122,,,,,0.2,20,,,,discrete_probability,0.4
,,,,,fixed_share,,,,,mae,,,0.33169461428209773,0.0983823503609874,0.1286209366707162,0.0010036,,,0.05,,,20,0.01,,,discrete_probability,0.4
,,,,,passive_aggressive,,,,,mae,,,0.16001403380336712,0.051166988631232806,0.0654201151884342,0.000136,,,,,,20,,1.0e12,0.1,discrete_probability,0.4
122458.39566611194,0.1509078,0,0.01,cholesky,adaptive_ridge,510,quadratic_stacked_beta,0.1066854,2.37744330997473e-15,mae,0.0442224,5,0.2632610611982465,0.07972197111852143,0.1033785754926402,,,,,,,21,,,,discrete_probability,0.4
,0.0001608,,0.0001,,static_ridge,,,,,mae,,,0.2224540102744566,0.06804442892234588,0.0878799292419975,,,,,,,21,,,,discrete_probability,0.4
,,,,,rls,,,,,mae,,,0.22065826654601245,0.06919587633022227,0.08889959011073645,0.0107778,0.995,1.0e-6,,,,21,,,,discrete_probability,0.4
,,,,,hedge,,,,,mae,,,0.28472883896032924,0.12754538213314157,0.1477901161101367,0.0022581,,,0.5,0,,21,,,,discrete_probability,0.4
,,,,,exp3,,,,,mae,,,0.8392930641674533,0.27110194429816387,0.34302432957550577,0.0019354,,,,,0.1,21,,,,discrete_probability,0.4
,,,,,fixed_share,,,,,mae,,,0.27469285960897943,0.0948884119823354,0.1174531652962632,0.0012143,,,0.1,,,21,0.005,,,discrete_probability,0.4
,,,,,passive_aggressive,,,,,mae,,,0.25522758375922555,0.07574889394814459,0.09872949926977995,0.0001709,,,,,,21,,1.0e12,0.1,discrete_probability,0.4
77339.36221935284,0.3375669,0,0.01,cholesky,adaptive_ridge,510,quadratic_stacked_beta,0.078066,1.2382912566962407e-15,mae,0.2595009,5,0.1914652450192791,0.052290151707679824,0.070123772933233,,,,,,,22,,,,discrete_probability,0.4
,0.0001221,,0.0001,,static_ridge,,,,,mae,,,0.16041529677340705,0.04479591088642972,0.059714202342449875,,,,,,,22,,,,discrete_probability,0.4
,,,,,rls,,,,,mae,,,0.1646718581345983,0.04500844660585997,0.060356746935363484,0.0029438,0.995,0.1,,,,22,,,,discrete_probability,0.4
,,,,,hedge,,,,,mae,,,0.2790689574773087,0.08210655382151943,0.10812145712619423,0.0027817,,,1.0,168,,22,,,,discrete_probability,0.4
,,,,,exp3,,,,,mae,,,0.7430628288389649,0.1732339173387688,0.25968541924253125,0.0018896,,,,,0.2,22,,,,discrete_probability,0.4
,,,,,fixed_share,,,,,mae,,,0.21557362839778477,0.05904859743359252,0.07884593404362898,0.0022488,,,0.05,,,22,0.005,,,discrete_probability,0.4
,,,,,passive_aggressive,,,,,mae,,,0.17829767568035124,0.05532053664588541,0.07155456154851006,0.0001575,,,,,,22,,1.0e12,0.1,discrete_probability,0.4
776315.3998895112,0.9065494,0,0.001,cholesky,adaptive_ridge,510,quadratic_stacked_beta,0.8221567,2.7994455837279935e-15,mae,0.0843927,5,0.15660899685689336,0.04949509739771737,0.06309020786297084,,,,,,,23,,,,discrete_probability,0.4
,0.0001095,,0.0001,,static_ridge,,,,,mae,,,0.13894741897757057,0.04215309943391946,0.05463039445907945,,,,,,,23,,,,discrete_probability,0.4
,,,,,rls,,,,,mae,,,0.1391214417495921,0.04288674663664141,0.05533063060503258,0.0026315,0.995,1.0e-6,,,,23,,,,discrete_probability,0.4
,,,,,hedge,,,,,mae,,,0.38924927714135266,0.13474872683080974,0.16900729215030078,0.0023253,,,0.25,24,,23,,,,discrete_probability,0.4
,,,,,exp3,,,,,mae,,,0.9585456902001852,0.3586696736926994,0.4246063794389037,0.0015467,,,,,0.1,23,,,,discrete_probability,0.4
,,,,,fixed_share,,,,,mae,,,0.3950637962585586,0.13502120792945377,0.17026790817290308,0.001762,,,0.01,,,23,0.1,,,discrete_probability,0.4
,,,,,passive_aggressive,,,,,mae,,,0.14826754272918802,0.04825125999847025,0.06132655259484326,0.0001454,,,,,,23,,1.0e12,0.1,discrete_probability,0.4
163507.0256166393,0.2069235,0,0.01,cholesky,adaptive_ridge,510,quadratic_stacked_beta,0.1604748,2.7216655936858918e-15,mae,0.0464487,5,0.31807880665486143,0.0903127389508715,0.11875795905389222,,,,,,,24,,,,discrete_probability,0.4
,0.00012,,0.0001,,static_ridge,,,,,mae,,,0.26629032275675085,0.07530863471178993,0.09961926130281049,,,,,,,24,,,,discrete_probability,0.4
,,,,,rls,,,,,mae,,,0.2788234577039131,0.07507219892089038,0.10141968476286534,0.002499,0.995,1.0e-6,,,,24,,,,discrete_probability,0.4
,,,,,hedge,,,,,mae,,,0.3454010330660652,0.14373942505172158,0.16781090897518036,0.0020066,,,0.01,0,,24,,,,discrete_probability,0.4
,,,,,exp3,,,,,mae,,,0.9467979019649481,0.2845542495890867,0.3568439089327316,0.0018808,,,,,0.2,24,,,,discrete_probability,0.4
,,,,,fixed_share,,,,,mae,,,0.34469142882449205,0.1437773074749178,0.16776222883526495,0.0009855,,,0.01,,,24,0.1,,,discrete_probability,0.4
,,,,,passive_aggressive,,,,,mae,,,0.29092609195441965,0.08608739036690333,0.11132002957076952,0.0001791,,,,,,24,,1.0e12,0.1,discrete_probability,0.4
135405.8813069799,0.4890307,0,0.01,cholesky,adaptive_ridge,510,quadratic_stacked_beta,0.445216,2.0992075070139742e-15,mae,0.0438147,5,0.2603891680401207,0.08714511192152359,0.10931892268641584,,,,,,,25,,,,discrete_probability,0.4
,0.0001176,,0.0001,,static_ridge,,,,,mae,,,0.23086147515742905,0.07657440334055535,0.09654802576886905,,,,,,,25,,,,discrete_probability,0.4
,,,,,rls,,,,,mae,,,0.2476532766287347,0.07084267122310782,0.0934239419791904,0.0083193,0.95,1.0e-6,,,,25,,,,discrete_probability,0.4
,,,,,hedge,,,,,mae,,,0.3540665486697254,0.1531902037782423,0.17502367946145322,0.000878,,,1.0,0,,25,,,,discrete_probability,0.4
,,,,,exp3,,,,,mae,,,0.9007293879803886,0.279472480347919,0.3587574457484277,0.0014172,,,,,0.1,25,,,,discrete_probability,0.4
,,,,,fixed_share,,,,,mae,,,0.32527668310611063,0.11692940760851961,0.14133958327460447,0.0011973,,,0.05,,,25,0.005,,,discrete_probability,0.4
,,,,,passive_aggressive,,,,,mae,,,0.24460166387869284,0.07410196317783438,0.0965225883759901,0.0001764,,,,,,25,,1.0e12,0.1,discrete_probability,0.4
16549.499252101694,0.09086910000000001,0,0.1,cholesky,adaptive_ridge,510,quadratic_stacked_beta,0.0469031,2.810243464533687e-15,mae,0.043966,5,0.268070148933551,0.0822805030699603,0.10566874538526347,,,,,,,26,,,,discrete_probability,0.4
,0.0001019,,0.01,,static_ridge,,,,,mae,,,0.2511671888004219,0.0734829339513161,0.09657435163081193,,,,,,,26,,,,discrete_probability,0.4
,,,,,rls,,,,,mae,,,0.26419022493225186,0.0732595296810335,0.09772836636058638,0.009065,0.995,0.1,,,,26,,,,discrete_probability,0.4
,,,,,hedge,,,,,mae,,,0.47250153386046817,0.14721280626374045,0.20048893180321556,0.0018049,,,1.0,0,,26,,,,discrete_probability,0.4
,,,,,exp3,,,,,mae,,,1.1003758446019043,0.2579763429998479,0.3661217067972358,0.0019227,,,,,0.2,26,,,,discrete_probability,0.4
,,,,,fixed_share,,,,,mae,,,0.47312366015467616,0.13500810189943668,0.186792521225359,0.0020877,,,0.05,,,26,0.005,,,discrete_probability,0.4
,,,,,passive_aggressive,,,,,mae,,,0.3012605764137182,0.08628349566451139,0.11297167132050409,0.0001747,,,,,,26,,1.0e12,0.1,discrete_probability,0.4
321286.96581243194,0.1226319,0,0.01,cholesky,adaptive_ridge,510,quadratic_stacked_beta,0.0763694,2.7258594879081477e-15,mae,0.0462625,5,0.1734703824131895,0.054905734658399104,0.07061686796118966,,,,,,,27,,,,discrete_probability,0.4
,9.79e-5,,0.0001,,static_ridge,,,,,mae,,,0.15026117816045723,0.0471445038098771,0.060337180131853116,,,,,,,27,,,,discrete_probability,0.4
,,,,,rls,,,,,mae,,,0.15118311484650188,0.047680625322213094,0.060955167411499915,0.0027107,0.995,0.1,,,,27,,,,discrete_probability,0.4
,,,,,hedge,,,,,mae,,,0.254487455813032,0.09138599801786286,0.11247065940536462,0.0021585,,,1.0,336,,27,,,,discrete_probability,0.4
,,,,,exp3,,,,,mae,,,0.7015674206393534,0.137665453417772,0.21323931172838076,0.001358,,,,,0.1,27,,,,discrete_probability,0.4
,,,,,fixed_share,,,,,mae,,,0.22457488592712938,0.06376600693504235,0.08465004405769709,0.0008658,,,0.5,,,27,0.05,,,discrete_probability,0.4
,,,,,passive_aggressive,,,,,mae,,,0.15452479894902052,0.05185048879848191,0.06539738999382748,0.0001313,,,,,,27,,1.0e12,0.1,discrete_probability,0.4
149805.8559568875,0.5122166,0,0.001,cholesky,adaptive_ridge,510,quadratic_stacked_beta,0.462523,1.9179479064691346e-15,mae,0.0496936,5,0.2067707593331383,0.0714916254203561,0.08983473947712192,,,,,,,28,,,,discrete_probability,0.4
,0.000123,,0.0001,,static_ridge,,,,,mae,,,0.17296169447172763,0.057653805940575814,0.07333381904916488,,,,,,,28,,,,discrete_probability,0.4
,,,,,rls,,,,,mae,,,0.1751903375584043,0.05816096822504527,0.07421458453162567,0.0141577,0.995,1.0e-6,,,,28,,,,discrete_probability,0.4
,,,,,hedge,,,,,mae,,,0.2795123911423017,0.09402933201821666,0.11831674969098167,0.002733,,,1.0,336,,28,,,,discrete_probability,0.4
,,,,,exp3,,,,,mae,,,0.7688709019627537,0.1574454016202662,0.24308356054501,0.0016267,,,,,0.2,28,,,,discrete_probability,0.4
,,,,,fixed_share,,,,,mae,,,0.18935559665178167,0.07020236189265067,0.08551303134384815,0.0027277,,,0.1,,,28,0.01,,,discrete_probability,0.4
,,,,,passive_aggressive,,,,,mae,,,0.19597578808442417,0.06676940892949111,0.08344873715918623,0.0001716,,,,,,28,,1.0e12,0.1,discrete_probability,0.4
141351.21439720673,0.1645003,0,0.01,cholesky,adaptive_ridge,510,quadratic_stacked_beta,0.0436661,2.5600240103622116e-15,mae,0.1208342,5,0.24357363278576025,0.07145690053698994,0.09355571285240542,,,,,,,29,,,,discrete_probability,0.4
,8.1e-5,,0.01,,static_ridge,,,,,mae,,,0.19625464452882255,0.05889593697784918,0.07660737025569869,,,,,,,29,,,,discrete_probability,0.4
,,,,,rls,,,,,mae,,,0.19732599713504456,0.0602011167667913,0.07757099199814908,0.0023794,0.995,0.1,,,,29,,,,discrete_probability,0.4
,,,,,hedge,,,,,mae,,,0.2409673227537224,0.07460014337976731,0.09655366137021827,0.0007983,,,1.0,0,,29,,,,discrete_probability,0.4
,,,,,exp3,,,,,mae,,,0.950849589263824,0.24600327386496965,0.3369447283201342,0.0009538,,,,,0.2,29,,,,discrete_probability,0.4
,,,,,fixed_share,,,,,mae,,,0.23858754736707438,0.073668555845811,0.09569813296678803,0.0011351,,,0.05,,,29,0.02,,,discrete_probability,0.4
,,,,,passive_aggressive,,,,,mae,,,0.2070492280958136,0.06495322169352355,0.0833132128953515,0.0002512,,,,,,29,,1.0e12,0.1,discrete_probability,0.4
24956.011999050967,0.1669341,0,0.1,cholesky,adaptive_ridge,510,quadratic_stacked_beta,0.1198636,3.0641352251684788e-15,mae,0.0470705,5,0.28174566163806847,0.0971894084668852,0.12140235526267056,,,,,,,30,,,,discrete_probability,0.4
,9.8e-5,,0.001,,static_ridge,,,,,mae,,,0.24797686506627634,0.08579366286538515,0.10781078739962269,,,,,,,30,,,,discrete_probability,0.4
,,,,,rls,,,,,mae,,,0.25157986764198215,0.08648712263197218,0.10909057744144168,0.009258,0.995,0.1,,,,30,,,,discrete_probability,0.4
,,,,,hedge,,,,,mae,,,0.4207143536724963,0.14379446783369135,0.18491361646345142,0.0011011,,,1.0,72,,30,,,,discrete_probability,0.4
,,,,,exp3,,,,,mae,,,0.9568465703037217,0.3141765547205127,0.39454540194485577,0.0013134,,,,,0.1,30,,,,discrete_probability,0.4
,,,,,fixed_share,,,,,mae,,,0.28855432379123797,0.10046542558583658,0.1266221198113667,0.0020851,,,0.05,,,30,0.005,,,discrete_probability,0.4
,,,,,passive_aggressive,,,,,mae,,,0.28513587494245596,0.09696561962334478,0.12215706932105028,0.0001883,,,,,,30,,1.0e12,0.1,discrete_probability,0.4
206630.63045663593,0.1473653,0,0.01,cholesky,adaptive_ridge,510,quadratic_stacked_beta,0.0701078,3.2646537189348714e-15,mae,0.0772575,5,0.24180949297572846,0.07520779430418945,0.09744905914930783,,,,,,,1,,,,discrete_probability,0.6
,0.0001321,,0.0001,,static_ridge,,,,,mae,,,0.21469345810619755,0.06361203806384648,0.08410684815387631,,,,,,,1,,,,discrete_probability,0.6
,,,,,rls,,,,,mae,,,0.20989553295522229,0.06480455225773944,0.08423785483791525,0.0026481,0.995,0.1,,,,1,,,,discrete_probability,0.6
,,,,,hedge,,,,,mae,,,0.5033540956278176,0.20840497386202175,0.25162292317061463,0.0010833,,,1.0,336,,1,,,,discrete_probability,0.6
,,,,,exp3,,,,,mae,,,1.1178911442596826,0.26938507342847356,0.3792954287747095,0.0015196,,,,,0.2,1,,,,discrete_probability,0.6
,,,,,fixed_share,,,,,mae,,,0.33537609910257316,0.1082754888833621,0.1373739000954139,0.0009304,,,0.25,,,1,0.02,,,discrete_probability,0.6
,,,,,passive_aggressive,,,,,mae,,,0.21686671385487835,0.07186475137329393,0.09088440440738486,0.0001631,,,,,,1,,1.0e12,0.1,discrete_probability,0.6
143482.6238668671,0.1587713,0,0.01,cholesky,adaptive_ridge,510,quadratic_stacked_beta,0.0416585,3.070611479512683e-15,mae,0.1171128,5,0.2706654491975495,0.08847310541535945,0.11339934182929745,,,,,,,2,,,,discrete_probability,0.6
,0.0001312,,0.0001,,static_ridge,,,,,mae,,,0.2417168993647482,0.0745922771070002,0.09702956362302742,,,,,,,2,,,,discrete_probability,0.6
,,,,,rls,,,,,mae,,,0.24585302996782984,0.07391305628847004,0.0977007718918041,0.0068895,0.995,1.0e-6,,,,2,,,,discrete_probability,0.6
,,,,,hedge,,,,,mae,,,0.28156827999580747,0.1002303870751836,0.12381803164220014,0.0010971,,,1.0,336,,2,,,,discrete_probability,0.6
,,,,,exp3,,,,,mae,,,1.11765647874942,0.39095484752973647,0.47465728600064755,0.0022799,,,,,0.1,2,,,,discrete_probability,0.6
,,,,,fixed_share,,,,,mae,,,0.28407003711919115,0.10043888619258161,0.12392245137237194,0.0021056,,,0.01,,,2,0.005,,,discrete_probability,0.6
,,,,,passive_aggressive,,,,,mae,,,0.25790906711751804,0.08026882652443267,0.1035563093026581,0.000181,,,,,,2,,1.0e12,0.1,discrete_probability,0.6
348885.29418897745,0.3083068,0,0.01,cholesky,adaptive_ridge,510,quadratic_stacked_beta,0.1039957,3.0931068163011756e-15,mae,0.2043111,5,0.2466093862916868,0.08408029643101601,0.10545921101424924,,,,,,,3,,,,discrete_probability,0.6
,0.0001353,,0.001,,static_ridge,,,,,mae,,,0.21918047868462798,0.07486954652986447,0.09383592914729039,,,,,,,3,,,,discrete_probability,0.6
,,,,,rls,,,,,mae,,,0.2192288040151144,0.07579202337661038,0.09481972556560465,0.0025742,0.995,0.1,,,,3,,,,discrete_probability,0.6
,,,,,hedge,,,,,mae,,,0.3724561067936618,0.12469299652648598,0.15802130305718357,0.0007923,,,1.0,0,,3,,,,discrete_probability,0.6
,,,,,exp3,,,,,mae,,,0.9860164708568032,0.2028225454927538,0.30327258120165235,0.0011411,,,,,0.2,3,,,,discrete_probability,0.6
,,,,,fixed_share,,,,,mae,,,0.2890550076559339,0.11910575594886899,0.13927899886741316,0.001922,,,0.5,,,3,0.05,,,discrete_probability,0.6
,,,,,passive_aggressive,,,,,mae,,,0.24567758631500206,0.08262388381576126,0.10381683666804847,0.0001338,,,,,,3,,1.0e12,0.1,discrete_probability,0.6
136230.33324188826,0.6192513000000001,0,0.01,cholesky,adaptive_ridge,510,quadratic_stacked_beta,0.5522698,2.9882876821575144e-15,mae,0.0669815,5,0.2773258144521778,0.08164756623587353,0.10771373761105799,,,,,,,4,,,,discrete_probability,0.6
,9.15e-5,,0.001,,static_ridge,,,,,mae,,,0.23741800585239767,0.06979352436503629,0.0914243038769067,,,,,,,4,,,,discrete_probability,0.6
,,,,,rls,,,,,mae,,,0.24113480105017726,0.07100831817559498,0.09290680376169964,1.268185,0.995,0.1,,,,4,,,,discrete_probability,0.6
,,,,,hedge,,,,,mae,,,0.31949447338416276,0.09983763738683883,0.12841415738915177,0.0018564,,,1.0,168,,4,,,,discrete_probability,0.6
,,,,,exp3,,,,,mae,,,1.037276719916408,0.2549255817245007,0.3536853102872043,0.0017544,,,,,0.2,4,,,,discrete_probability,0.6
,,,,,fixed_share,,,,,mae,,,0.26957331882868213,0.08984600939461784,0.11301099301860576,0.0021347,,,0.05,,,4,0.01,,,discrete_probability,0.6
,,,,,passive_aggressive,,,,,mae,,,0.2525977469514072,0.0776435197593261,0.10011721578435645,0.0001805,,,,,,4,,1.0e12,0.1,discrete_probability,0.6
866790.2520227864,0.0954239,0,0.001,cholesky,adaptive_ridge,510,quadratic_stacked_beta,0.0444873,3.4762265662008415e-15,mae,0.0509366,5,0.18396148767587217,0.05436503303649349,0.07163176763441534,,,,,,,5,,,,discrete_probability,0.6
,0.000133,,0.0001,,static_ridge,,,,,mae,,,0.15184091200320168,0.04535225585743128,0.05984264704069171,,,,,,,5,,,,discrete_probability,0.6
,,,,,rls,,,,,mae,,,0.15062924886287485,0.046211818181808,0.060430921515339235,0.0028007,0.995,1.0e-6,,,,5,,,,discrete_probability,0.6
,,,,,hedge,,,,,mae,,,0.22626075363450052,0.07694583160467065,0.09625357869386793,0.0008597,,,0.25,0,,5,,,,discrete_probability,0.6
,,,,,exp3,,,,,mae,,,0.9890146565623877,0.21777536182764562,0.3252266711632137,0.0019021,,,,,0.2,5,,,,discrete_probability,0.6
,,,,,fixed_share,,,,,mae,,,0.1853921362510799,0.06234802416653658,0.0784482568846854,0.0022208,,,0.05,,,5,0.005,,,discrete_probability,0.6
,,,,,passive_aggressive,,,,,mae,,,0.17057713047269701,0.05436269514880876,0.06970537406643032,0.000146,,,,,,5,,1.0e12,0.1,discrete_probability,0.6
21678.481562802375,0.1729581,0,0.1,cholesky,adaptive_ridge,510,quadratic_stacked_beta,0.0683754,3.8296267162667265e-15,mae,0.1045827,5,0.36174770490305547,0.12266453209315055,0.15492601174676832,,,,,,,6,,,,discrete_probability,0.6
,0.0001322,,0.0001,,static_ridge,,,,,mae,,,0.3246829340095688,0.10684298208400213,0.13564322228862835,,,,,,,6,,,,discrete_probability,0.6
,,,,,rls,,,,,mae,,,0.33419386910883575,0.10877712507889234,0.13785320851301294,0.0031388,0.995,0.1,,,,6,,,,discrete_probability,0.6
,,,,,hedge,,,,,mae,,,0.4774831484787946,0.17128669565356966,0.21187521137019746,0.0010702,,,1.0,168,,6,,,,discrete_probability,0.6
,,,,,exp3,,,,,mae,,,1.274570243744121,0.3757053845367846,0.4952090053516067,0.0017039,,,,,0.1,6,,,,discrete_probability,0.6
,,,,,fixed_share,,,,,mae,,,0.438250906076167,0.14288259671074505,0.18128792033117924,0.000764,,,0.1,,,6,0.005,,,discrete_probability,0.6
,,,,,passive_aggressive,,,,,mae,,,0.367854007018279,0.11636595086573406,0.14758006445441965,0.000215,,,,,,6,,1.0e12,0.1,discrete_probability,0.6
52760.95929798252,0.15072190000000002,0,0.01,cholesky,adaptive_ridge,510,quadratic_stacked_beta,0.1020071,2.6617085960793387e-15,mae,0.0487148,5,0.2850208122306542,0.09143924358594817,0.11651527372246438,,,,,,,7,,,,discrete_probability,0.6
,0.0001346,,0.0001,,static_ridge,,,,,mae,,,0.2553729571187875,0.08201401041403873,0.1040185021686045,,,,,,,7,,,,discrete_probability,0.6
,,,,,rls,,,,,mae,,,0.257305190420992,0.08258950526199678,0.10517388423520868,0.0072448,0.995,1.0e-6,,,,7,,,,discrete_probability,0.6
,,,,,hedge,,,,,mae,,,0.2859050087241559,0.09202559508372518,0.11711620932972211,0.0009857,,,0.25,336,,7,,,,discrete_probability,0.6
,,,,,exp3,,,,,mae,,,1.1297111245015643,0.35914953868755517,0.44795358580577543,0.0017999,,,,,0.2,7,,,,discrete_probability,0.6
,,,,,fixed_share,,,,,mae,,,0.2868363801389514,0.09198099792224458,0.11716764781407105,0.0021729,,,0.05,,,7,0.1,,,discrete_probability,0.6
,,,,,passive_aggressive,,,,,mae,,,0.2784838066499647,0.08793729347829041,0.11282478482205167,0.0001822,,,,,,7,,1.0e12,0.1,discrete_probability,0.6
92521.88269440379,0.6245343,0,0.01,cholesky,adaptive_ridge,510,quadratic_stacked_beta,0.4100041,2.581246381791485e-15,mae,0.2145302,5,0.2487225167232939,0.07304527722963657,0.0962383016154057,,,,,,,8,,,,discrete_probability,0.6
,0.0001008,,0.001,,static_ridge,,,,,mae,,,0.21896989689183527,0.06535204792035229,0.0856738733216765,,,,,,,8,,,,discrete_probability,0.6
,,,,,rls,,,,,mae,,,0.21782588906757064,0.06624679534925225,0.08647959671268349,0.0026952,0.995,0.1,,,,8,,,,discrete_probability,0.6
,,,,,hedge,,,,,mae,,,0.30012144526517004,0.09267156300589734,0.12137521951602,0.0023034,,,0.01,168,,8,,,,discrete_probability,0.6
,,,,,exp3,,,,,mae,,,0.9588921135727929,0.31516602553262585,0.3991706071033288,0.0011797,,,,,0.2,8,,,,discrete_probability,0.6
,,,,,fixed_share,,,,,mae,,,0.3009765227234222,0.09298518851804397,0.12178797655679836,0.0019027,,,0.01,,,8,0.1,,,discrete_probability,0.6
,,,,,passive_aggressive,,,,,mae,,,0.21724210471468947,0.07410525908874524,0.09239481674647156,0.0001687,,,,,,8,,1.0e12,0.1,discrete_probability,0.6
19338.53564895208,0.14173229999999998,0,0.1,cholesky,adaptive_ridge,510,quadratic_stacked_beta,0.0436858,2.7301687382775603e-15,mae,0.0980465,5,0.3120595268142467,0.09745754862101502,0.12487210530215559,,,,,,,9,,,,discrete_probability,0.6
,8.69e-5,,0.001,,static_ridge,,,,,mae,,,0.3033502431398298,0.09121471291503458,0.11792520518418716,,,,,,,9,,,,discrete_probability,0.6
,,,,,rls,,,,,mae,,,0.3051694474740727,0.09319950151739931,0.11977348180064934,0.0085961,0.995,0.1,,,,9,,,,discrete_probability,0.6
,,,,,hedge,,,,,mae,,,0.32554655163057994,0.1070586965901282,0.13443835373160543,0.0019987,,,0.01,0,,9,,,,discrete_probability,0.6
,,,,,exp3,,,,,mae,,,1.260383941057251,0.35265189162613486,0.4692905598115057,0.0012076,,,,,0.2,9,,,,discrete_probability,0.6
,,,,,fixed_share,,,,,mae,,,0.3257244680404557,0.10734260624964144,0.1346877647683565,0.0010061,,,0.01,,,9,0.1,,,discrete_probability,0.6
,,,,,passive_aggressive,,,,,mae,,,0.3040770014810197,0.09596783357900726,0.12254661328536613,0.0001846,,,,,,9,,1.0e12,0.1,discrete_probability,0.6
142458.71997559897,0.2940715,0,0.01,cholesky,adaptive_ridge,510,quadratic_stacked_beta,0.1972705,2.8843918654023155e-15,mae,0.096801,5,0.2136521789396444,0.0689563293094625,0.08768937538750748,,,,,,,10,,,,discrete_probability,0.6
,9.13e-5,,0.001,,static_ridge,,,,,mae,,,0.1851107213747062,0.06047788721471657,0.0765362410481028,,,,,,,10,,,,discrete_probability,0.6
,,,,,rls,,,,,mae,,,0.18622338054268595,0.06088253570555252,0.0767089043804704,0.0025708,0.995,1.0e-6,,,,10,,,,discrete_probability,0.6
,,,,,hedge,,,,,mae,,,0.403398932996199,0.15407066955326174,0.18738826661093494,0.0012106,,,1.0,336,,10,,,,discrete_probability,0.6
,,,,,exp3,,,,,mae,,,0.7960964040264241,0.1977223114382794,0.27594915239904744,0.001459,,,,,0.1,10,,,,discrete_probability,0.6
,,,,,fixed_share,,,,,mae,,,0.30403197752417077,0.11469215691633389,0.1401823095666204,0.0011619,,,0.25,,,10,0.02,,,discrete_probability,0.6
,,,,,passive_aggressive,,,,,mae,,,0.1907762894921175,0.06376515032492522,0.08044824805141185,0.0001694,,,,,,10,,1.0e12,0.1,discrete_probability,0.6
15664.4367893687,0.7801281,0,0.1,cholesky,adaptive_ridge,510,quadratic_stacked_beta,0.0467569,2.5980714376175416e-15,mae,0.7333712,5,0.2652823858478935,0.0886501755625777,0.1117634520545797,,,,,,,11,,,,discrete_probability,0.6
,0.0003297,,0.0001,,static_ridge,,,,,mae,,,0.24267553816332985,0.07894774514860502,0.10020133038687105,,,,,,,11,,,,discrete_probability,0.6
,,,,,rls,,,,,mae,,,0.2424459869675365,0.07980576115177736,0.10099805470453653,0.0023987,0.995,0.1,,,,11,,,,discrete_probability,0.6
,,,,,hedge,,,,,mae,,,0.35377524092828716,0.1181653193297973,0.149595254793538,0.0020829,,,1.0,24,,11,,,,discrete_probability,0.6
,,,,,exp3,,,,,mae,,,0.8484362581875265,0.29596518180600506,0.36273656487239075,0.0017898,,,,,0.1,11,,,,discrete_probability,0.6
,,,,,fixed_share,,,,,mae,,,0.263886536577986,0.09522908147565172,0.11658842214709235,0.0019221,,,0.1,,,11,0.01,,,discrete_probability,0.6
,,,,,passive_aggressive,,,,,mae,,,0.26929475934702063,0.08684056734003807,0.11067862435313522,0.000179,,,,,,11,,1.0e12,0.1,discrete_probability,0.6
21126.7161117846,0.1516375,0,0.1,cholesky,adaptive_ridge,510,quadratic_stacked_beta,0.0964228,3.0692430644594895e-15,mae,0.0552147,5,0.2746533208307818,0.08704598948233283,0.111746315857227,,,,,,,12,,,,discrete_probability,0.6
,9.65e-5,,0.01,,static_ridge,,,,,mae,,,0.23208948954633193,0.07726686338502767,0.09823879262237921,,,,,,,12,,,,discrete_probability,0.6
,,,,,rls,,,,,mae,,,0.2348185660757869,0.07807767036995732,0.09923490942914014,0.0026189,0.995,0.1,,,,12,,,,discrete_probability,0.6
,,,,,hedge,,,,,mae,,,0.28250689574728666,0.0923731120769977,0.11717093589519156,0.0019846,,,0.25,168,,12,,,,discrete_probability,0.6
,,,,,exp3,,,,,mae,,,1.076307547480472,0.31244945563584503,0.40968234981744206,0.0010993,,,,,0.1,12,,,,discrete_probability,0.6
,,,,,fixed_share,,,,,mae,,,0.2793779551597311,0.09220796734928387,0.11681651824933367,0.0009059,,,0.05,,,12,0.1,,,discrete_probability,0.6
,,,,,passive_aggressive,,,,,mae,,,0.25346461819080496,0.08462282515043586,0.10660914710064312,0.000182,,,,,,12,,1.0e12,0.1,discrete_probability,0.6
250509.3859189421,0.2317829,0,0.01,cholesky,adaptive_ridge,510,quadratic_stacked_beta,0.0410518,3.4869926817597087e-15,mae,0.1907311,5,0.26836248534965196,0.0823919731631987,0.10727387997657564,,,,,,,13,,,,discrete_probability,0.6
,0.0001332,,0.0001,,static_ridge,,,,,mae,,,0.2327964709089468,0.06964251705153857,0.09196057189732622,,,,,,,13,,,,discrete_probability,0.6
,,,,,rls,,,,,mae,,,0.2340882118063474,0.07060856481563144,0.09322622114981154,0.0026654,0.995,1.0e-6,,,,13,,,,discrete_probability,0.6
,,,,,hedge,,,,,mae,,,0.35180798343865827,0.11089573489798915,0.14352231234430934,0.0017198,,,0.01,0,,13,,,,discrete_probability,0.6
,,,,,exp3,,,,,mae,,,1.1007900937929367,0.34436096469724253,0.4351293594247056,0.0015252,,,,,0.1,13,,,,discrete_probability,0.6
,,,,,fixed_share,,,,,mae,,,0.35213732113990376,0.11097516276330661,0.1436745883930645,0.0015689,,,0.01,,,13,0.1,,,discrete_probability,0.6
,,,,,passive_aggressive,,,,,mae,,,0.23159595091089671,0.07884704491033157,0.09861957246892426,0.0002393,,,,,,13,,1.0e12,0.1,discrete_probability,0.6
9288.609882516328,0.5624255,0,0.1,cholesky,adaptive_ridge,510,quadratic_stacked_beta,0.5139352,2.430511684996564e-15,mae,0.0484903,5,0.37268097603506917,0.1257428573829242,0.15736914633215043,,,,,,,14,,,,discrete_probability,0.6
,0.0001468,,0.01,,static_ridge,,,,,mae,,,0.33718583092529997,0.11644040002172944,0.14397682886863403,,,,,,,14,,,,discrete_probability,0.6
,,,,,rls,,,,,mae,,,0.33647926898560515,0.11172248239756147,0.14166531293058454,0.0095328,0.98,1.0e-6,,,,14,,,,discrete_probability,0.6
,,,,,hedge,,,,,mae,,,0.36077526231297385,0.12595169940583467,0.1573712573954008,0.0008862,,,1.0,0,,14,,,,discrete_probability,0.6
,,,,,exp3,,,,,mae,,,1.0519299790370855,0.34643662424399735,0.4287242109898039,0.0202899,,,,,0.2,14,,,,discrete_probability,0.6
,,,,,fixed_share,,,,,mae,,,0.35970343926258364,0.12711058900510908,0.15814428921881843,0.001253,,,0.05,,,14,0.02,,,discrete_probability,0.6
,,,,,passive_aggressive,,,,,mae,,,0.3936562669388225,0.12078034432315923,0.1563053020612957,0.0002002,,,,,,14,,1.0e12,0.1,discrete_probability,0.6
75593.975802986,0.1346219,0,0.1,cholesky,adaptive_ridge,510,quadratic_stacked_beta,0.0837917,3.4547121462744637e-15,mae,0.0508302,5,0.36606851955571673,0.12711166741982013,0.15789328227721622,,,,,,,15,,,,discrete_probability,0.6
,9.7e-5,,0.01,,static_ridge,,,,,mae,,,0.3399597150559467,0.11846483240078252,0.1470920845669438,,,,,,,15,,,,discrete_probability,0.6
,,,,,rls,,,,,mae,,,0.3667952738608444,0.11511240123115109,0.14676343759463317,0.0060081,0.95,0.01,,,,15,,,,discrete_probability,0.6
,,,,,hedge,,,,,mae,,,0.4628792485333927,0.1771410055686254,0.21277913412123936,0.0026194,,,1.0,168,,15,,,,discrete_probability,0.6
,,,,,exp3,,,,,mae,,,1.2760184709946716,0.3518899352139984,0.4763823963406174,0.0009359,,,,,0.2,15,,,,discrete_probability,0.6
,,,,,fixed_share,,,,,mae,,,0.43713288270149264,0.15464921039759205,0.19014870297378106,0.0013707,,,0.05,,,15,0.005,,,discrete_probability,0.6
,,,,,passive_aggressive,,,,,mae,,,0.46509104029983883,0.1289422941736644,0.17253639430570258,0.0001871,,,,,,15,,1.0e12,0.1,discrete_probability,0.6
83103.21254170724,0.1584137,0,0.01,cholesky,adaptive_ridge,510,quadratic_stacked_beta,0.0423268,2.465478448352071e-15,mae,0.1160869,5,0.26034078038628283,0.0849989870427424,0.10758403886994522,,,,,,,16,,,,discrete_probability,0.6
,0.000123,,0.0001,,static_ridge,,,,,mae,,,0.22042861839341527,0.07408711598568452,0.09369363354392914,,,,,,,16,,,,discrete_probability,0.6
,,,,,rls,,,,,mae,,,0.22884035643945425,0.07492830450002162,0.09501717850933719,0.0025657,0.995,1.0e-6,,,,16,,,,discrete_probability,0.6
,,,,,hedge,,,,,mae,,,0.27262347801124087,0.09764267209938168,0.12031667462047371,0.0028084,,,0.01,168,,16,,,,discrete_probability,0.6
,,,,,exp3,,,,,mae,,,0.9157238757617968,0.24952983286275324,0.3345275098666793,0.0017355,,,,,0.2,16,,,,discrete_probability,0.6
,,,,,fixed_share,,,,,mae,,,0.27248074137879497,0.09781171969790137,0.12043315386755588,0.0020525,,,0.01,,,16,0.1,,,discrete_probability,0.6
,,,,,passive_aggressive,,,,,mae,,,0.25429355456617175,0.08304892912112846,0.1050973828171865,0.0001842,,,,,,16,,1.0e12,0.1,discrete_probability,0.6
171132.48430557788,0.09261810000000001,0,0.01,cholesky,adaptive_ridge,510,quadratic_stacked_beta,0.0435629,2.5028597284913444e-15,mae,0.0490552,5,0.23196950376638484,0.0740610088976451,0.09485193821118319,,,,,,,17,,,,discrete_probability,0.6
,0.0001159,,0.0001,,static_ridge,,,,,mae,,,0.20798028667730772,0.0657811649592309,0.0845450626559655,,,,,,,17,,,,discrete_probability,0.6
,,,,,rls,,,,,mae,,,0.2114612625666699,0.06629196215789422,0.08511341070858194,0.0090267,0.995,1.0e-6,,,,17,,,,discrete_probability,0.6
,,,,,hedge,,,,,mae,,,0.32672164567818773,0.11264377052910751,0.14248021998369514,0.0007889,,,1.0,0,,17,,,,discrete_probability,0.6
,,,,,exp3,,,,,mae,,,0.900702479701618,0.2866205697603068,0.3660925638737947,0.0009234,,,,,0.2,17,,,,discrete_probability,0.6
,,,,,fixed_share,,,,,mae,,,0.30605734539838986,0.09910051222753394,0.12887630174049045,0.0015483,,,0.1,,,17,0.01,,,discrete_probability,0.6
,,,,,passive_aggressive,,,,,mae,,,0.2251951423157844,0.07186352314706984,0.09172170239162214,0.0001667,,,,,,17,,1.0e12,0.1,discrete_probability,0.6
218933.59747585104,0.0916725,0,0.001,cholesky,adaptive_ridge,510,quadratic_stacked_beta,0.0467071,3.665885684900553e-15,mae,0.0449654,5,0.2391485770181757,0.07184730398719053,0.0936047872397375,,,,,,,18,,,,discrete_probability,0.6
,0.0001319,,0.0001,,static_ridge,,,,,mae,,,0.1997212478599787,0.06110652224914006,0.07987822046082182,,,,,,,18,,,,discrete_probability,0.6
,,,,,rls,,,,,mae,,,0.20500235954578527,0.06174796302511043,0.0808886140246853,0.0092665,0.995,1.0e-6,,,,18,,,,discrete_probability,0.6
,,,,,hedge,,,,,mae,,,0.30355370498242473,0.11367206445383946,0.13821736945983976,0.0024183,,,1.0,336,,18,,,,discrete_probability,0.6
,,,,,exp3,,,,,mae,,,0.9878055595680922,0.30705868391859376,0.3866412674011593,0.0018105,,,,,0.1,18,,,,discrete_probability,0.6
,,,,,fixed_share,,,,,mae,,,0.3154196605711633,0.10682293505983284,0.1330901077500214,0.0021556,,,0.05,,,18,0.01,,,discrete_probability,0.6
,,,,,passive_aggressive,,,,,mae,,,0.22378116607724471,0.06794279834243032,0.08824926738644755,0.0001653,,,,,,18,,1.0e12,0.1,discrete_probability,0.6
35698.571030017454,0.5424646,0,0.01,cholesky,adaptive_ridge,510,quadratic_stacked_beta,0.4624431,2.2937718882776507e-15,mae,0.0800215,5,0.27317611062048236,0.0886701374144274,0.11246883686478586,,,,,,,19,,,,discrete_probability,0.6
,9.26e-5,,0.01,,static_ridge,,,,,mae,,,0.24649207449032745,0.08076747734706645,0.1022873237393508,,,,,,,19,,,,discrete_probability,0.6
,,,,,rls,,,,,mae,,,0.24909167248632202,0.08214568166480476,0.10369783148917797,0.0025392,0.995,0.1,,,,19,,,,discrete_probability,0.6
,,,,,hedge,,,,,mae,,,0.30808822495290433,0.1019452280277641,0.1288201644838832,0.0007888,,,1.0,0,,19,,,,discrete_probability,0.6
,,,,,exp3,,,,,mae,,,0.940243364492533,0.2886999219311317,0.36981886971703315,0.1700831,,,,,0.1,19,,,,discrete_probability,0.6
,,,,,fixed_share,,,,,mae,,,0.32717155465027437,0.10835367612944574,0.13766584686330474,0.0007463,,,0.05,,,19,0.01,,,discrete_probability,0.6
,,,,,passive_aggressive,,,,,mae,,,0.28323890525437667,0.09435222049413404,0.11928452456408119,0.0002205,,,,,,19,,1.0e12,0.1,discrete_probability,0.6
434810.77478514786,0.1359979,0,0.001,cholesky,adaptive_ridge,510,quadratic_stacked_beta,0.0855325,2.6948058451992427e-15,mae,0.0504654,5,0.18328653182156673,0.058804756649829384,0.07499033632136488,,,,,,,20,,,,discrete_probability,0.6
,0.0001295,,0.0001,,static_ridge,,,,,mae,,,0.15120231164381007,0.047318776601523824,0.06104946007404364,,,,,,,20,,,,discrete_probability,0.6
,,,,,rls,,,,,mae,,,0.1524849114525951,0.047712359138975605,0.06185677560013234,0.0094679,0.995,1.0e-6,,,,20,,,,discrete_probability,0.6
,,,,,hedge,,,,,mae,,,0.3405448048912273,0.11273449466853294,0.14417777087915637,0.0010358,,,0.01,336,,20,,,,discrete_probability,0.6
,,,,,exp3,,,,,mae,,,1.0144641777010253,0.3533163047497037,0.42958123761838085,0.0012558,,,,,0.2,20,,,,discrete_probability,0.6
,,,,,fixed_share,,,,,mae,,,0.32995322617047634,0.10426208431717453,0.13553194963878992,0.0021526,,,0.05,,,20,0.005,,,discrete_probability,0.6
,,,,,passive_aggressive,,,,,mae,,,0.16584450724401495,0.052658191556063376,0.06820408066750525,0.0001613,,,,,,20,,1.0e12,0.1,discrete_probability,0.6
129893.31706829448,0.5270752,0,0.01,cholesky,adaptive_ridge,510,quadratic_stacked_beta,0.4786275,3.594065724705436e-15,mae,0.0484477,5,0.2770640596399278,0.09118857254670254,0.11583005921604632,,,,,,,21,,,,discrete_probability,0.6
,0.0001199,,0.0001,,static_ridge,,,,,mae,,,0.24182995538635793,0.07845655963808303,0.1000445591196107,,,,,,,21,,,,discrete_probability,0.6
,,,,,rls,,,,,mae,,,0.2442433660914224,0.07960422803649093,0.10095233035184234,0.4174161,0.995,1.0e-6,,,,21,,,,discrete_probability,0.6
,,,,,hedge,,,,,mae,,,0.29179923008537095,0.12074949678641303,0.14326070735026436,0.0009293,,,0.5,336,,21,,,,discrete_probability,0.6
,,,,,exp3,,,,,mae,,,0.9186259135476439,0.3046777962024136,0.38093184193097956,0.0012363,,,,,0.1,21,,,,discrete_probability,0.6
,,,,,fixed_share,,,,,mae,,,0.2914651933969809,0.1123732986171046,0.1344075593371057,0.0010295,,,0.1,,,21,0.005,,,discrete_probability,0.6
,,,,,passive_aggressive,,,,,mae,,,0.2822986245846306,0.08464093384362881,0.10997956749473249,0.0002013,,,,,,21,,1.0e12,0.1,discrete_probability,0.6
66449.2197765037,0.3029842,0,0.01,cholesky,adaptive_ridge,510,quadratic_stacked_beta,0.0405762,2.0394435737469146e-15,mae,0.262408,5,0.19288601702367314,0.060488595543331435,0.07825323770646131,,,,,,,22,,,,discrete_probability,0.6
,0.0001298,,0.0001,,static_ridge,,,,,mae,,,0.16784455226305822,0.05218679780491168,0.06746595877262461,,,,,,,22,,,,discrete_probability,0.6
,,,,,rls,,,,,mae,,,0.16796505257936933,0.052436900256599146,0.06766482984215563,0.0025794,0.995,1.0e-6,,,,22,,,,discrete_probability,0.6
,,,,,hedge,,,,,mae,,,0.28465314759767,0.08959647901486878,0.11559998834588936,0.0010643,,,1.0,336,,22,,,,discrete_probability,0.6
,,,,,exp3,,,,,mae,,,0.8807434155839957,0.2380340188408194,0.32327591310258286,0.0011262,,,,,0.4,22,,,,discrete_probability,0.6
,,,,,fixed_share,,,,,mae,,,0.2070820008799044,0.06711474358861765,0.08532712289560036,0.0009433,,,0.05,,,22,0.005,,,discrete_probability,0.6
,,,,,passive_aggressive,,,,,mae,,,0.19080633591215024,0.06043378754219942,0.07702478258440117,0.0002301,,,,,,22,,1.0e12,0.1,discrete_probability,0.6
506427.0614759234,0.20935360000000003,0,0.001,cholesky,adaptive_ridge,510,quadratic_stacked_beta,0.1595882,3.1971551350321336e-15,mae,0.0497654,5,0.17398457147626828,0.05676846487544597,0.07223769003105569,,,,,,,23,,,,discrete_probability,0.6
,0.0002723,,0.0001,,static_ridge,,,,,mae,,,0.14737047428456682,0.04728261241494552,0.06046202841618583,,,,,,,23,,,,discrete_probability,0.6
,,,,,rls,,,,,mae,,,0.1506995238278516,0.04792384438292535,0.06122332764159092,0.0089147,0.995,1.0e-6,,,,23,,,,discrete_probability,0.6
,,,,,hedge,,,,,mae,,,0.41604896374536793,0.15611359590534613,0.18997602321527113,0.000881,,,0.5,0,,23,,,,discrete_probability,0.6
,,,,,exp3,,,,,mae,,,0.9765376112558277,0.32981352350663057,0.40149917205753377,0.0011039,,,,,0.2,23,,,,discrete_probability,0.6
,,,,,fixed_share,,,,,mae,,,0.4269849575672363,0.15707790608194935,0.19284890461904391,0.000989,,,0.01,,,23,0.1,,,discrete_probability,0.6
,,,,,passive_aggressive,,,,,mae,,,0.1569433181549435,0.05198287240874474,0.06544463242559241,0.0001662,,,,,,23,,1.0e12,0.1,discrete_probability,0.6
170102.45264738915,0.16614299999999999,0,0.01,cholesky,adaptive_ridge,510,quadratic_stacked_beta,0.0764388,4.150439008324675e-15,mae,0.0897042,5,0.3073557002011539,0.10296142596340012,0.12820302194812477,,,,,,,24,,,,discrete_probability,0.6
,0.0001249,,0.0001,,static_ridge,,,,,mae,,,0.27688379964030163,0.0916919578861205,0.11443132193067297,,,,,,,24,,,,discrete_probability,0.6
,,,,,rls,,,,,mae,,,0.2824149628793598,0.09211815021499165,0.11545284045728105,0.7537453,0.995,1.0e-6,,,,24,,,,discrete_probability,0.6
,,,,,hedge,,,,,mae,,,0.33687333904810157,0.13780403504863661,0.1633705589092781,0.001031,,,0.5,336,,24,,,,discrete_probability,0.6
,,,,,exp3,,,,,mae,,,1.0059368625355711,0.29193557194370273,0.3752253940532744,0.0014968,,,,,0.2,24,,,,discrete_probability,0.6
,,,,,fixed_share,,,,,mae,,,0.3366488020008177,0.13924172194203,0.16412798277461507,0.0011137,,,0.01,,,24,0.01,,,discrete_probability,0.6
,,,,,passive_aggressive,,,,,mae,,,0.2873644714598804,0.09357538341505146,0.11831033161631281,0.0001961,,,,,,24,,1.0e12,0.1,discrete_probability,0.6
35417.48025998483,0.2131213,0,0.1,cholesky,adaptive_ridge,510,quadratic_stacked_beta,0.04114,2.097750540443357e-15,mae,0.1719813,5,0.26661432789804423,0.09098219006755634,0.113700486435653,,,,,,,25,,,,discrete_probability,0.6
,9.17e-5,,0.001,,static_ridge,,,,,mae,,,0.2538002570012754,0.08250681123809703,0.10486359158000381,,,,,,,25,,,,discrete_probability,0.6
,,,,,rls,,,,,mae,,,0.24796080892028513,0.07702033572402946,0.0998470158632076,0.0075354,0.95,1.0e-6,,,,25,,,,discrete_probability,0.6
,,,,,hedge,,,,,mae,,,0.37496827831438057,0.1633930510325497,0.18678779746152815,0.0016178,,,1.0,0,,25,,,,discrete_probability,0.6
,,,,,exp3,,,,,mae,,,0.8859924645067876,0.31187877583988494,0.3858997566897746,0.001652,,,,,0.2,25,,,,discrete_probability,0.6
,,,,,fixed_share,,,,,mae,,,0.3218973209287699,0.12703001610098064,0.15006347877127987,0.0017569,,,0.1,,,25,0.005,,,discrete_probability,0.6
,,,,,passive_aggressive,,,,,mae,,,0.27213730602945563,0.08557597655522389,0.10955778865348732,0.0001783,,,,,,25,,1.0e12,0.1,discrete_probability,0.6
22561.824457035644,0.1943547,0,0.1,cholesky,adaptive_ridge,510,quadratic_stacked_beta,0.145768,3.4499912535117473e-15,mae,0.0485867,5,0.2970929092574599,0.09824315830166527,0.12352000852772699,,,,,,,26,,,,discrete_probability,0.6
,0.0001466,,0.0001,,static_ridge,,,,,mae,,,0.28083584239648984,0.08703274852099505,0.11187297771031014,,,,,,,26,,,,discrete_probability,0.6
,,,,,rls,,,,,mae,,,0.28068591243513036,0.08782006838752236,0.1128189825681671,0.4652176,0.995,1.0e-6,,,,26,,,,discrete_probability,0.6
,,,,,hedge,,,,,mae,,,0.4975889581345022,0.18858278666104206,0.23726376978907734,0.0010847,,,1.0,72,,26,,,,discrete_probability,0.6
,,,,,exp3,,,,,mae,,,1.0092963841937745,0.3138808975253181,0.4073304047860813,0.0013468,,,,,0.1,26,,,,discrete_probability,0.6
,,,,,fixed_share,,,,,mae,,,0.4856606799985832,0.152243467796166,0.20085487828518023,0.0020354,,,0.25,,,26,0.02,,,discrete_probability,0.6
,,,,,passive_aggressive,,,,,mae,,,0.2902535122728653,0.09306350434234907,0.11876722898153624,0.0001919,,,,,,26,,1.0e12,0.1,discrete_probability,0.6
315870.04137584096,0.300029,0,0.01,cholesky,adaptive_ridge,510,quadratic_stacked_beta,0.2515831,2.852133879652979e-15,mae,0.0484459,5,0.18016357196138044,0.05764029025332528,0.07432869405314117,,,,,,,27,,,,discrete_probability,0.6
,0.0001271,,0.0001,,static_ridge,,,,,mae,,,0.15354537495890994,0.0502014398055426,0.0638489269524027,,,,,,,27,,,,discrete_probability,0.6
,,,,,rls,,,,,mae,,,0.15477120898328256,0.05088964086139819,0.06447429641212972,0.0083947,0.995,0.1,,,,27,,,,discrete_probability,0.6
,,,,,hedge,,,,,mae,,,0.2683631608033211,0.09767298397991749,0.1204607755989898,0.0010316,,,0.01,336,,27,,,,discrete_probability,0.6
,,,,,exp3,,,,,mae,,,0.7898519374466852,0.15514288860394324,0.24124342598382617,0.0011194,,,,,0.1,27,,,,discrete_probability,0.6
,,,,,fixed_share,,,,,mae,,,0.24239683922417407,0.07522888528817818,0.09657705111209844,0.0009947,,,0.5,,,27,0.05,,,discrete_probability,0.6
,,,,,passive_aggressive,,,,,mae,,,0.1626304289616533,0.05652822918716478,0.07065377399047666,0.0001711,,,,,,27,,1.0e12,0.1,discrete_probability,0.6
130070.28707739421,0.4216353,0,0.001,cholesky,adaptive_ridge,510,quadratic_stacked_beta,0.3480309,2.1785809857180115e-15,mae,0.0736044,5,0.2164212715512912,0.07263440370169576,0.09126031133504134,,,,,,,28,,,,discrete_probability,0.6
,0.0001198,,0.0001,,static_ridge,,,,,mae,,,0.18453972255132192,0.06249045629479256,0.07852941272538536,,,,,,,28,,,,discrete_probability,0.6
,,,,,rls,,,,,mae,,,0.1844834242140586,0.06332885277833215,0.07922407445875168,0.0078161,0.995,1.0e-6,,,,28,,,,discrete_probability,0.6
,,,,,hedge,,,,,mae,,,0.29845566308028904,0.09998849920407098,0.12655056014646265,0.0010719,,,1.0,336,,28,,,,discrete_probability,0.6
,,,,,exp3,,,,,mae,,,0.8607913994972382,0.1704714257713366,0.26723887368063964,0.0018468,,,,,0.2,28,,,,discrete_probability,0.6
,,,,,fixed_share,,,,,mae,,,0.20149743157078226,0.07075309733818613,0.08732128241739105,0.0015193,,,0.05,,,28,0.005,,,discrete_probability,0.6
,,,,,passive_aggressive,,,,,mae,,,0.21280457618300438,0.06872265739987672,0.08760771445539167,0.0001682,,,,,,28,,1.0e12,0.1,discrete_probability,0.6
162139.3431624173,0.1515444,0,0.01,cholesky,adaptive_ridge,510,quadratic_stacked_beta,0.1017281,3.48149796322487e-15,mae,0.0498163,5,0.24472236574085685,0.07777850698592817,0.10001449392621935,,,,,,,29,,,,discrete_probability,0.6
,9.89e-5,,0.01,,static_ridge,,,,,mae,,,0.22072038236985242,0.0686857042096713,0.08833070931211737,,,,,,,29,,,,discrete_probability,0.6
,,,,,rls,,,,,mae,,,0.21878721488734018,0.07004095360063535,0.08932853328661565,0.0080614,0.995,0.1,,,,29,,,,discrete_probability,0.6
,,,,,hedge,,,,,mae,,,0.2808954021321236,0.08594323013863238,0.1113739184555597,0.000839,,,1.0,0,,29,,,,discrete_probability,0.6
,,,,,exp3,,,,,mae,,,1.0065607002700714,0.24240841259849347,0.3385104578230305,0.0009987,,,,,0.2,29,,,,discrete_probability,0.6
,,,,,fixed_share,,,,,mae,,,0.2773938476700825,0.08583138058698093,0.11110772207579933,0.0008806,,,0.01,,,29,0.005,,,discrete_probability,0.6
,,,,,passive_aggressive,,,,,mae,,,0.23981993746705307,0.07656479112378266,0.09782335813742067,0.0001602,,,,,,29,,1.0e12,0.1,discrete_probability,0.6
90479.41021175064,0.5642183000000001,0,0.01,cholesky,adaptive_ridge,510,quadratic_stacked_beta,0.497356,2.8815779055465376e-15,mae,0.0668623,5,0.28632547233392996,0.09930558166535454,0.12339874048927113,,,,,,,30,,,,discrete_probability,0.6
,0.0001304,,0.0001,,static_ridge,,,,,mae,,,0.24650230229076808,0.08713272794700777,0.1071993824436735,,,,,,,30,,,,discrete_probability,0.6
,,,,,rls,,,,,mae,,,0.24848461595125243,0.08755250145110403,0.10816984310896655,0.0069817,0.995,1.0e-6,,,,30,,,,discrete_probability,0.6
,,,,,hedge,,,,,mae,,,0.4272162538030358,0.15642363996118688,0.194156375383238,0.0009816,,,1.0,24,,30,,,,discrete_probability,0.6
,,,,,exp3,,,,,mae,,,1.060098711425327,0.323884731800931,0.41294807665248723,0.0011895,,,,,0.2,30,,,,discrete_probability,0.6
,,,,,fixed_share,,,,,mae,,,0.2916997035672285,0.10058782175303185,0.12557030253208382,0.0009945,,,0.05,,,30,0.005,,,discrete_probability,0.6
,,,,,passive_aggressive,,,,,mae,,,0.2887057915998586,0.09651415526862551,0.12131508765156761,0.0001915,,,,,,30,,1.0e12,0.1,discrete_probability,0.6
227224.20865481804,0.2386245,0,0.01,cholesky,adaptive_ridge,510,quadratic_stacked_beta,0.0432332,4.898867696054872e-15,mae,0.1953913,5,0.24084279948151535,0.08166083318966809,0.10251813000837602,,,,,,,1,,,,discrete_probability,0.8
,8.75e-5,,0.001,,static_ridge,,,,,mae,,,0.2140916673849186,0.07090448137111051,0.08977128499236268,,,,,,,1,,,,discrete_probability,0.8
,,,,,rls,,,,,mae,,,0.21753443392797597,0.07178695328069523,0.09042359301052219,0.0030047,0.995,0.1,,,,1,,,,discrete_probability,0.8
,,,,,hedge,,,,,mae,,,0.5179042741299306,0.22885873641338803,0.2656052199898922,0.0009673,,,1.0,336,,1,,,,discrete_probability,0.8
,,,,,exp3,,,,,mae,,,1.1480075800905616,0.2760960612583037,0.3889448243344303,0.001092,,,,,0.2,1,,,,discrete_probability,0.8
,,,,,fixed_share,,,,,mae,,,0.3612036434903564,0.11886742310713985,0.1502199951660367,0.0019147,,,0.25,,,1,0.02,,,discrete_probability,0.8
,,,,,passive_aggressive,,,,,mae,,,0.22714086875884376,0.07368298989984952,0.09404124874964384,0.0001658,,,,,,1,,1.0e12,0.1,discrete_probability,0.8
49083.848782972615,0.25450079999999997,0,0.1,cholesky,adaptive_ridge,510,quadratic_stacked_beta,0.0405684,4.250801745492737e-15,mae,0.2139324,5,0.2938039938374495,0.09971859018514291,0.1243184865489792,,,,,,,2,,,,discrete_probability,0.8
,0.0001309,,0.0001,,static_ridge,,,,,mae,,,0.26407248122155,0.08624506584629527,0.10995097169101148,,,,,,,2,,,,discrete_probability,0.8
,,,,,rls,,,,,mae,,,0.267866323092533,0.08597658796376768,0.11084859707477789,0.0095667,0.995,1.0e-6,,,,2,,,,discrete_probability,0.8
,,,,,hedge,,,,,mae,,,0.3024575232645888,0.1042477190866752,0.12922404481539249,0.0007683,,,0.5,0,,2,,,,discrete_probability,0.8
,,,,,exp3,,,,,mae,,,1.2150760194920736,0.4079395908584993,0.5036797185102752,0.0012283,,,,,0.05,2,,,,discrete_probability,0.8
,,,,,fixed_share,,,,,mae,,,0.30866595653910234,0.10514180836321056,0.13106335371184002,0.0010449,,,0.01,,,2,0.01,,,discrete_probability,0.8
,,,,,passive_aggressive,,,,,mae,,,0.28717636745757164,0.09092949754578245,0.11696064501780913,0.0002016,,,,,,2,,1.0e12,0.1,discrete_probability,0.8
376320.2062227544,0.8316174,0,0.01,cholesky,adaptive_ridge,510,quadratic_stacked_beta,0.0818631,3.668499554228227e-15,mae,0.7497543,5,0.26618011509737194,0.0883018870501877,0.11121113354570326,,,,,,,3,,,,discrete_probability,0.8
,0.0001026,,0.001,,static_ridge,,,,,mae,,,0.21499868654518217,0.0788320637352779,0.09661612599071485,,,,,,,3,,,,discrete_probability,0.8
,,,,,rls,,,,,mae,,,0.2206329250622195,0.07946831306324247,0.09757740579854807,0.0028116,0.995,0.1,,,,3,,,,discrete_probability,0.8
,,,,,hedge,,,,,mae,,,0.38964632923634773,0.14302956947288417,0.1757881642820131,0.002332,,,1.0,72,,3,,,,discrete_probability,0.8
,,,,,exp3,,,,,mae,,,0.9205613702236114,0.19373926112264073,0.29096883027727777,0.0018781,,,,,0.1,3,,,,discrete_probability,0.8
,,,,,fixed_share,,,,,mae,,,0.26847698741365483,0.11465353318180013,0.13526661035625148,0.0010286,,,1.0,,,3,0.02,,,discrete_probability,0.8
,,,,,passive_aggressive,,,,,mae,,,0.24051009443536617,0.0831574342469017,0.10417121467657407,0.0001698,,,,,,3,,1.0e12,0.1,discrete_probability,0.8
162834.96231420158,0.1049535,0,0.01,cholesky,adaptive_ridge,510,quadratic_stacked_beta,0.0422081,4.2600879892681474e-15,mae,0.0627454,5,0.2847169064875381,0.08441015439686192,0.10992947981612317,,,,,,,4,,,,discrete_probability,0.8
,9.66e-5,,0.001,,static_ridge,,,,,mae,,,0.2395885182469342,0.07466607517668407,0.09593574150707021,,,,,,,4,,,,discrete_probability,0.8
,,,,,rls,,,,,mae,,,0.2440710009693005,0.07552202212776578,0.09683418928706176,0.0025295,0.995,0.1,,,,4,,,,discrete_probability,0.8
,,,,,hedge,,,,,mae,,,0.3031521598745116,0.09513698390762967,0.12156412281472748,0.0021196,,,1.0,0,,4,,,,discrete_probability,0.8
,,,,,exp3,,,,,mae,,,1.0193592059608483,0.29943964379609705,0.39050570332709994,0.0020131,,,,,0.1,4,,,,discrete_probability,0.8
,,,,,fixed_share,,,,,mae,,,0.28895035192966523,0.09274648754035389,0.11812045906708532,0.0020593,,,0.05,,,4,0.01,,,discrete_probability,0.8
,,,,,passive_aggressive,,,,,mae,,,0.2583562232565878,0.08196847229812027,0.10479061373556631,0.0002656,,,,,,4,,1.0e12,0.1,discrete_probability,0.8
746099.8282620928,0.2028372,0,0.001,cholesky,adaptive_ridge,510,quadratic_stacked_beta,0.1523839,4.0611621632853275e-15,mae,0.0504533,5,0.18586897599839283,0.059751028537725744,0.0759679985166239,,,,,,,5,,,,discrete_probability,0.8
,0.0001442,,0.0001,,static_ridge,,,,,mae,,,0.1589956739329522,0.050886217428852076,0.06488749089861791,,,,,,,5,,,,discrete_probability,0.8
,,,,,rls,,,,,mae,,,0.1547849000465886,0.05066853244387197,0.06450307881843068,0.0079287,0.995,0.1,,,,5,,,,discrete_probability,0.8
,,,,,hedge,,,,,mae,,,0.26174361687176106,0.0877289457758458,0.11032517094202048,0.0007599,,,0.25,0,,5,,,,discrete_probability,0.8
,,,,,exp3,,,,,mae,,,1.1288064289756508,0.24984318876837736,0.3639462749130122,0.0011891,,,,,0.2,5,,,,discrete_probability,0.8
,,,,,fixed_share,,,,,mae,,,0.1971722667899278,0.06985672649092706,0.0869939482743547,0.0009965,,,0.25,,,5,0.02,,,discrete_probability,0.8
,,,,,passive_aggressive,,,,,mae,,,0.17976356810891553,0.0583763729985169,0.07430941091987657,0.000156,,,,,,5,,1.0e12,0.1,discrete_probability,0.8
34851.445785398326,0.1724664,0,0.1,cholesky,adaptive_ridge,510,quadratic_stacked_beta,0.1171711,4.822374314597105e-15,mae,0.0552953,5,0.3543800714323255,0.12279563449627798,0.15291873176004817,,,,,,,6,,,,discrete_probability,0.8
,0.0001147,,0.0001,,static_ridge,,,,,mae,,,0.3168680816606691,0.10972222186944706,0.13700157930749413,,,,,,,6,,,,discrete_probability,0.8
,,,,,rls,,,,,mae,,,0.3164503322130706,0.1101454681345304,0.13784263016245027,0.0037621,0.995,1.0e-6,,,,6,,,,discrete_probability,0.8
,,,,,hedge,,,,,mae,,,0.4593008746460353,0.1727714102201329,0.21071040532049473,0.0010955,,,1.0,168,,6,,,,discrete_probability,0.8
,,,,,exp3,,,,,mae,,,1.3029923275641884,0.4148283767400745,0.5310359330608236,0.0010649,,,,,0.1,6,,,,discrete_probability,0.8
,,,,,fixed_share,,,,,mae,,,0.4292735172768795,0.14604243428925942,0.18363778360612118,0.000914,,,0.25,,,6,0.02,,,discrete_probability,0.8
,,,,,passive_aggressive,,,,,mae,,,0.36445063156706664,0.11562469706381663,0.14867068754162252,0.0002193,,,,,,6,,1.0e12,0.1,discrete_probability,0.8
24316.576234717377,0.25880970000000003,0,0.1,cholesky,adaptive_ridge,510,quadratic_stacked_beta,0.0807525,3.3595427148783983e-15,mae,0.1780572,5,0.28652876154712936,0.09835768803144981,0.12280138712542578,,,,,,,7,,,,discrete_probability,0.8
,0.0001291,,0.0001,,static_ridge,,,,,mae,,,0.24685787373173246,0.08640252568881353,0.10753549537142533,,,,,,,7,,,,discrete_probability,0.8
,,,,,rls,,,,,mae,,,0.24813011583039685,0.08699417310384401,0.10856721948188547,0.0027163,0.995,0.1,,,,7,,,,discrete_probability,0.8
,,,,,hedge,,,,,mae,,,0.2943134955105497,0.10147006039357434,0.12663075938465174,0.0022977,,,0.1,72,,7,,,,discrete_probability,0.8
,,,,,exp3,,,,,mae,,,1.0985066431473605,0.37756497373795944,0.46090201555315385,0.0017604,,,,,0.1,7,,,,discrete_probability,0.8
,,,,,fixed_share,,,,,mae,,,0.2945028831601293,0.10152515947597372,0.12671911528684476,0.0018121,,,0.01,,,7,0.05,,,discrete_probability,0.8
,,,,,passive_aggressive,,,,,mae,,,0.273921516711419,0.09347155331721253,0.1179087402690502,0.0001866,,,,,,7,,1.0e12,0.1,discrete_probability,0.8
75476.6466952533,0.1762755,0,0.01,cholesky,adaptive_ridge,510,quadratic_stacked_beta,0.0423326,2.553927748127627e-15,mae,0.1339429,5,0.26232698888804556,0.0837268565581748,0.10704631976850236,,,,,,,8,,,,discrete_probability,0.8
,9.59e-5,,0.001,,static_ridge,,,,,mae,,,0.23018181789926764,0.07342083921863202,0.09369381599464952,,,,,,,8,,,,discrete_probability,0.8
,,,,,rls,,,,,mae,,,0.23149441551215827,0.07362558539881539,0.09403354987136081,0.008128,0.995,0.1,,,,8,,,,discrete_probability,0.8
,,,,,hedge,,,,,mae,,,0.3163791506508227,0.10594506437137881,0.1341577936644416,0.0020121,,,0.01,72,,8,,,,discrete_probability,0.8
,,,,,exp3,,,,,mae,,,0.9965225370404389,0.3377639268775846,0.4197747680606927,0.0011359,,,,,0.1,8,,,,discrete_probability,0.8
,,,,,fixed_share,,,,,mae,,,0.31713661989850933,0.10630768679781402,0.13464577842171688,0.0009679,,,0.01,,,8,0.1,,,discrete_probability,0.8
,,,,,passive_aggressive,,,,,mae,,,0.23683898810641751,0.07729441946077804,0.09878678804580993,0.0001803,,,,,,8,,1.0e12,0.1,discrete_probability,0.8
26099.50775532208,0.1339885,0,0.1,cholesky,adaptive_ridge,510,quadratic_stacked_beta,0.0858868,4.694411734914137e-15,mae,0.0481017,5,0.3167305719376987,0.10904429886370218,0.1364505771649557,,,,,,,9,,,,discrete_probability,0.8
,8.14e-5,,0.0001,,static_ridge,,,,,mae,,,0.28970513470445913,0.09901487422982544,0.1247011373237977,,,,,,,9,,,,discrete_probability,0.8
,,,,,rls,,,,,mae,,,0.29522601271073584,0.1006952022084358,0.12665286349647184,0.0072629,0.995,0.1,,,,9,,,,discrete_probability,0.8
,,,,,hedge,,,,,mae,,,0.31674876345577035,0.11348709350538896,0.1400137569130318,0.0019509,,,0.01,24,,9,,,,discrete_probability,0.8
,,,,,exp3,,,,,mae,,,1.2566888651503383,0.36641392615429025,0.48551694864428296,0.0011323,,,,,0.2,9,,,,discrete_probability,0.8
,,,,,fixed_share,,,,,mae,,,0.31715637395463586,0.11373056091008737,0.1402577097106676,0.0010081,,,0.01,,,9,0.1,,,discrete_probability,0.8
,,,,,passive_aggressive,,,,,mae,,,0.31579198495839406,0.10441129389769671,0.1325847419763361,0.00021,,,,,,9,,1.0e12,0.1,discrete_probability,0.8
217637.73647916227,0.2211485,0,0.01,cholesky,adaptive_ridge,510,quadratic_stacked_beta,0.1716596,3.1957961691260477e-15,mae,0.0494889,5,0.22321512119624864,0.07648462111741251,0.09570249237638308,,,,,,,10,,,,discrete_probability,0.8
,0.0001051,,0.001,,static_ridge,,,,,mae,,,0.19659736801748182,0.06622945513177984,0.08297254457811001,,,,,,,10,,,,discrete_probability,0.8
,,,,,rls,,,,,mae,,,0.19866221475341506,0.06666290018091284,0.08382163323408548,0.0024829,0.995,0.1,,,,10,,,,discrete_probability,0.8
,,,,,hedge,,,,,mae,,,0.42469285858081307,0.17619005199624113,0.20812600229537975,0.0008896,,,1.0,0,,10,,,,discrete_probability,0.8
,,,,,exp3,,,,,mae,,,0.8641049265690219,0.20436113566915534,0.29374166461251555,0.0013005,,,,,0.1,10,,,,discrete_probability,0.8
,,,,,fixed_share,,,,,mae,,,0.30342871500578383,0.11489393067292339,0.13997246975797853,0.0029596,,,0.25,,,10,0.02,,,discrete_probability,0.8
,,,,,passive_aggressive,,,,,mae,,,0.22766305730307024,0.07353575550929146,0.09274207046636306,0.0001616,,,,,,10,,1.0e12,0.1,discrete_probability,0.8
18762.747153571036,0.09240229999999999,0,0.1,cholesky,adaptive_ridge,510,quadratic_stacked_beta,0.0464253,2.5359304120746072e-15,mae,0.045977,5,0.28595386876228496,0.09805830173775099,0.1225152642237066,,,,,,,11,,,,discrete_probability,0.8
,8.95e-5,,0.01,,static_ridge,,,,,mae,,,0.2669140093073255,0.08847532684000327,0.1114936461622107,,,,,,,11,,,,discrete_probability,0.8
,,,,,rls,,,,,mae,,,0.26702516092664264,0.08849038338256777,0.11275082500440874,0.0027029,0.98,0.0001,,,,11,,,,discrete_probability,0.8
,,,,,hedge,,,,,mae,,,0.37773157595773554,0.13016500446116683,0.16190719192801573,0.0008419,,,1.0,0,,11,,,,discrete_probability,0.8
,,,,,exp3,,,,,mae,,,0.9692244832195567,0.3139928750256489,0.39206929648015326,0.0012464,,,,,0.1,11,,,,discrete_probability,0.8
,,,,,fixed_share,,,,,mae,,,0.30947427664493377,0.10825589031475592,0.13390141100888597,0.0010792,,,1.0,,,11,0.1,,,discrete_probability,0.8
,,,,,passive_aggressive,,,,,mae,,,0.31339065181881415,0.09959578978779116,0.1274189371941503,0.0003084,,,,,,11,,1.0e12,0.1,discrete_probability,0.8
26879.040037710336,0.12380000000000001,0,0.1,cholesky,adaptive_ridge,510,quadratic_stacked_beta,0.0749945,3.0197983360112548e-15,mae,0.0488055,5,0.2642615736797391,0.09259437575820763,0.11509947333253968,,,,,,,12,,,,discrete_probability,0.8
,0.0001575,,0.001,,static_ridge,,,,,mae,,,0.23873657340109758,0.08212510343452767,0.10290937386953446,,,,,,,12,,,,discrete_probability,0.8
,,,,,rls,,,,,mae,,,0.24009435869249474,0.08235143663593374,0.10343733702977734,0.0028485,0.995,0.1,,,,12,,,,discrete_probability,0.8
,,,,,hedge,,,,,mae,,,0.2807630277446357,0.09866487662536118,0.12368159659197003,0.0010595,,,0.1,168,,12,,,,discrete_probability,0.8
,,,,,exp3,,,,,mae,,,1.0379520706595502,0.33628808349117395,0.4205260795866731,0.0019712,,,,,0.2,12,,,,discrete_probability,0.8
,,,,,fixed_share,,,,,mae,,,0.2805033245311268,0.09866690078246265,0.12365756665320786,0.0021634,,,0.01,,,12,0.05,,,discrete_probability,0.8
,,,,,passive_aggressive,,,,,mae,,,0.2575831581476229,0.08687096501657725,0.1085776090483401,0.0001894,,,,,,12,,1.0e12,0.1,discrete_probability,0.8
273511.0393858322,0.4175385,0,0.01,cholesky,adaptive_ridge,510,quadratic_stacked_beta,0.3661448,3.677437019412692e-15,mae,0.0513937,5,0.2812194692654842,0.08983636607900555,0.1155158343492907,,,,,,,13,,,,discrete_probability,0.8
,0.0001501,,0.0001,,static_ridge,,,,,mae,,,0.24039128269175541,0.07977659042679328,0.10072207870283058,,,,,,,13,,,,discrete_probability,0.8
,,,,,rls,,,,,mae,,,0.23990364132137923,0.08065460070171522,0.10124455531549637,0.0034641,0.995,0.1,,,,13,,,,discrete_probability,0.8
,,,,,hedge,,,,,mae,,,0.3658794883863469,0.12398510234437285,0.15688387933871567,0.0009304,,,0.01,168,,13,,,,discrete_probability,0.8
,,,,,exp3,,,,,mae,,,1.0324254996662576,0.343590894345052,0.42984451873012447,0.001897,,,,,0.1,13,,,,discrete_probability,0.8
,,,,,fixed_share,,,,,mae,,,0.30313340349643314,0.11759518204452153,0.14081368351551196,0.0018192,,,0.05,,,13,0.005,,,discrete_probability,0.8
,,,,,passive_aggressive,,,,,mae,,,0.2682503700699685,0.08672351738800382,0.11021786421964791,0.0001894,,,,,,13,,1.0e12,0.1,discrete_probability,0.8
11663.939828714214,0.0972871,0,0.1,cholesky,adaptive_ridge,510,quadratic_stacked_beta,0.0436614,2.7975190125385658e-15,mae,0.0536257,5,0.39131889530437064,0.12718308754644017,0.16219954997209748,,,,,,,14,,,,discrete_probability,0.8
,0.0001351,,0.0001,,static_ridge,,,,,mae,,,0.3500530022422879,0.11673278634763827,0.14798469204428336,,,,,,,14,,,,discrete_probability,0.8
,,,,,rls,,,,,mae,,,0.347979398283487,0.11587333281603433,0.1467306822613695,0.0071857,0.98,1.0e-6,,,,14,,,,discrete_probability,0.8
,,,,,hedge,,,,,mae,,,0.3853898796541378,0.12420589966298144,0.15889957387019776,0.0018025,,,1.0,0,,14,,,,discrete_probability,0.8
,,,,,exp3,,,,,mae,,,1.1532883457524488,0.3524502978124713,0.4506140813203498,0.0028244,,,,,0.2,14,,,,discrete_probability,0.8
,,,,,fixed_share,,,,,mae,,,0.3683884040352575,0.12411064730215071,0.15582576233366244,0.0017768,,,0.05,,,14,0.01,,,discrete_probability,0.8
,,,,,passive_aggressive,,,,,mae,,,0.4178150414369947,0.12223137274722559,0.16082272428584377,0.0002032,,,,,,14,,1.0e12,0.1,discrete_probability,0.8
133712.37778261173,0.0981338,0,0.1,cholesky,adaptive_ridge,510,quadratic_stacked_beta,0.0473328,4.142746301721062e-15,mae,0.050801,5,0.37089903997300394,0.12608004083412575,0.15812299184134848,,,,,,,15,,,,discrete_probability,0.8
,0.0001585,,0.0001,,static_ridge,,,,,mae,,,0.3351907547297956,0.11804522131567706,0.1459930540847882,,,,,,,15,,,,discrete_probability,0.8
,,,,,rls,,,,,mae,,,0.3707497962818681,0.1133721131754475,0.14659926880010526,0.0028743,0.95,0.1,,,,15,,,,discrete_probability,0.8
,,,,,hedge,,,,,mae,,,0.4534633177421661,0.17229759995807556,0.20921588802302765,0.0012039,,,1.0,168,,15,,,,discrete_probability,0.8
,,,,,exp3,,,,,mae,,,1.3680191471929783,0.3731326094579542,0.5018652388698647,0.0014731,,,,,0.2,15,,,,discrete_probability,0.8
,,,,,fixed_share,,,,,mae,,,0.4443181285550631,0.15558369534258296,0.19261094069847248,0.0009231,,,0.05,,,15,0.005,,,discrete_probability,0.8
,,,,,passive_aggressive,,,,,mae,,,0.4610988182213028,0.1323489534338776,0.17399044415202314,0.000195,,,,,,15,,1.0e12,0.1,discrete_probability,0.8
26915.905537779858,0.2260994,0,0.1,cholesky,adaptive_ridge,510,quadratic_stacked_beta,0.0842947,2.429095404107658e-15,mae,0.1418047,5,0.2497459367786104,0.08858355124650631,0.10987135390597501,,,,,,,16,,,,discrete_probability,0.8
,0.0001316,,0.0001,,static_ridge,,,,,mae,,,0.22937822154804266,0.0798495020633727,0.09947349084859446,,,,,,,16,,,,discrete_probability,0.8
,,,,,rls,,,,,mae,,,0.2317804685424687,0.08035361400739077,0.10048064844620927,0.0090867,0.995,0.1,,,,16,,,,discrete_probability,0.8
,,,,,hedge,,,,,mae,,,0.27315980432938036,0.09671709985224959,0.12003644701195496,0.0024271,,,0.01,24,,16,,,,discrete_probability,0.8
,,,,,exp3,,,,,mae,,,0.9422737926768238,0.2752288615148739,0.3593496812474811,0.001239,,,,,0.2,16,,,,discrete_probability,0.8
,,,,,fixed_share,,,,,mae,,,0.27333505794885576,0.09690223626602475,0.12018516540955734,0.000855,,,0.01,,,16,0.1,,,discrete_probability,0.8
,,,,,passive_aggressive,,,,,mae,,,0.23418173553971797,0.0822834971040501,0.10334340943062414,0.0001939,,,,,,16,,1.0e12,0.1,discrete_probability,0.8
170155.8313100874,1.0875985,0,0.01,cholesky,adaptive_ridge,510,quadratic_stacked_beta,1.0400625,2.6619482940301682e-15,mae,0.047536,5,0.26053493052541954,0.08064795797775615,0.10467957013980225,,,,,,,17,,,,discrete_probability,0.8
,9.55e-5,,0.001,,static_ridge,,,,,mae,,,0.22922494953158576,0.0729124325113303,0.09327035269236039,,,,,,,17,,,,discrete_probability,0.8
,,,,,rls,,,,,mae,,,0.2282910054540155,0.07333783489139657,0.0933328490428665,0.0097133,0.995,1.0e-6,,,,17,,,,discrete_probability,0.8
,,,,,hedge,,,,,mae,,,0.35229742089419125,0.12465725861667151,0.1550155156535323,0.0008086,,,1.0,0,,17,,,,discrete_probability,0.8
,,,,,exp3,,,,,mae,,,0.9195002262591953,0.29075808192297087,0.3750709931000767,0.0016659,,,,,0.1,17,,,,discrete_probability,0.8
,,,,,fixed_share,,,,,mae,,,0.3000872350233882,0.1011539723852789,0.1283136262917525,0.0017043,,,0.05,,,17,0.005,,,discrete_probability,0.8
,,,,,passive_aggressive,,,,,mae,,,0.2429560677136159,0.08031650327799038,0.10148774444751556,0.0001588,,,,,,17,,1.0e12,0.1,discrete_probability,0.8
229362.7890474801,0.2278405,0,0.01,cholesky,adaptive_ridge,510,quadratic_stacked_beta,0.181672,3.556452209262586e-15,mae,0.0461685,5,0.23728233477360347,0.07938764201214596,0.10004751682616188,,,,,,,18,,,,discrete_probability,0.8
,0.0001228,,0.0001,,static_ridge,,,,,mae,,,0.1997630958811855,0.06829778306940808,0.0861477548727102,,,,,,,18,,,,discrete_probability,0.8
,,,,,rls,,,,,mae,,,0.20460735111106332,0.06873785446823072,0.0868891484256262,0.0093146,0.995,1.0e-6,,,,18,,,,discrete_probability,0.8
,,,,,hedge,,,,,mae,,,0.30108827652100706,0.10904776010748414,0.13418687283797118,0.0020753,,,1.0,336,,18,,,,discrete_probability,0.8
,,,,,exp3,,,,,mae,,,1.1356960076745473,0.3258819486252645,0.41454231014912185,0.0016023,,,,,0.2,18,,,,discrete_probability,0.8
,,,,,fixed_share,,,,,mae,,,0.30536130350555807,0.1110200393407486,0.1365469569398022,0.0017829,,,0.05,,,18,0.02,,,discrete_probability,0.8
,,,,,passive_aggressive,,,,,mae,,,0.21902657480967855,0.07213055502930801,0.09197105774566508,0.0001647,,,,,,18,,1.0e12,0.1,discrete_probability,0.8
14126.192752688452,0.0874269,0,0.1,cholesky,adaptive_ridge,510,quadratic_stacked_beta,0.0407481,3.652124331782828e-15,mae,0.0466788,5,0.28472787963485086,0.10145980085822406,0.12458015954239772,,,,,,,19,,,,discrete_probability,0.8
,0.0001011,,0.001,,static_ridge,,,,,mae,,,0.25830643246580737,0.08816279131737297,0.11038813840362638,,,,,,,19,,,,discrete_probability,0.8
,,,,,rls,,,,,mae,,,0.26025665356783617,0.08895887025315896,0.11130256357518895,0.0060144,0.995,0.1,,,,19,,,,discrete_probability,0.8
,,,,,hedge,,,,,mae,,,0.30792608296565244,0.10836986244540023,0.13484532864186913,0.1291456,,,1.0,0,,19,,,,discrete_probability,0.8
,,,,,exp3,,,,,mae,,,1.016625995469215,0.3118164416023835,0.40131263900240244,0.0010931,,,,,0.1,19,,,,discrete_probability,0.8
,,,,,fixed_share,,,,,mae,,,0.3311976367153486,0.11641351348762217,0.14541027611523366,0.000885,,,0.05,,,19,0.01,,,discrete_probability,0.8
,,,,,passive_aggressive,,,,,mae,,,0.3038717861716051,0.10361497986561378,0.12885637847917675,0.0002206,,,,,,19,,1.0e12,0.1,discrete_probability,0.8
582093.0649214135,0.9633929,0,0.001,cholesky,adaptive_ridge,510,quadratic_stacked_beta,0.4798781,3.222889362375705e-15,mae,0.4835148,5,0.17597684288273904,0.0581564117757521,0.07333199069890466,,,,,,,20,,,,discrete_probability,0.8
,0.0001306,,0.0001,,static_ridge,,,,,mae,,,0.1483903972437414,0.04834481708357838,0.06114813621260581,,,,,,,20,,,,discrete_probability,0.8
,,,,,rls,,,,,mae,,,0.14848526657055705,0.0493312735491851,0.06197697216974305,0.0027651,0.995,1.0e-6,,,,20,,,,discrete_probability,0.8
,,,,,hedge,,,,,mae,,,0.3641902949940851,0.12171695136266113,0.1548744372815334,0.0010074,,,0.01,336,,20,,,,discrete_probability,0.8
,,,,,exp3,,,,,mae,,,1.0007800503505997,0.31514072083210315,0.3882163999870094,0.0012942,,,,,0.2,20,,,,discrete_probability,0.8
,,,,,fixed_share,,,,,mae,,,0.36489203301632633,0.12206079706146013,0.1552565973707015,0.0010798,,,0.01,,,20,0.1,,,discrete_probability,0.8
,,,,,passive_aggressive,,,,,mae,,,0.16257021182488762,0.053249260200409924,0.0676830458082275,0.0001486,,,,,,20,,1.0e12,0.1,discrete_probability,0.8
164753.7086394584,0.2256591,0,0.01,cholesky,adaptive_ridge,510,quadratic_stacked_beta,0.176636,3.494730194398756e-15,mae,0.0490231,5,0.26656625006173246,0.09270779343254246,0.11535906238868743,,,,,,,21,,,,discrete_probability,0.8
,0.0001277,,0.0001,,static_ridge,,,,,mae,,,0.22617741479545575,0.08091291634111336,0.09933818518561353,,,,,,,21,,,,discrete_probability,0.8
,,,,,rls,,,,,mae,,,0.22945262756031495,0.08159469416351757,0.10074427647893766,0.007476,0.98,1.0e-6,,,,21,,,,discrete_probability,0.8
,,,,,hedge,,,,,mae,,,0.2876094196203863,0.1065399139420558,0.1304464924642935,0.0012139,,,0.5,336,,21,,,,discrete_probability,0.8
,,,,,exp3,,,,,mae,,,0.9861093185567333,0.3098982945857104,0.3931103483003766,0.0025034,,,,,0.1,21,,,,discrete_probability,0.8
,,,,,fixed_share,,,,,mae,,,0.2795162625704424,0.10471816632045365,0.12862447047289075,0.0021344,,,0.05,,,21,0.01,,,discrete_probability,0.8
,,,,,passive_aggressive,,,,,mae,,,0.2491111154469515,0.08502635629077342,0.10649814761228668,0.0002079,,,,,,21,,1.0e12,0.1,discrete_probability,0.8
64390.79667592767,0.08721219999999999,0,0.01,cholesky,adaptive_ridge,510,quadratic_stacked_beta,0.0438147,2.1071821787236787e-15,mae,0.0433975,5,0.2065767585474788,0.06898498489816239,0.0872483714600613,,,,,,,22,,,,discrete_probability,0.8
,0.0001272,,0.0001,,static_ridge,,,,,mae,,,0.17987799109226318,0.05828624711617127,0.07473259494821795,,,,,,,22,,,,discrete_probability,0.8
,,,,,rls,,,,,mae,,,0.18106615507146823,0.058844330051460524,0.07502509988064424,0.0090925,0.995,0.1,,,,22,,,,discrete_probability,0.8
,,,,,hedge,,,,,mae,,,0.2928003227402418,0.09551844096428079,0.12157187752397727,0.0021462,,,1.0,168,,22,,,,discrete_probability,0.8
,,,,,exp3,,,,,mae,,,0.8459242850129323,0.2553232471569003,0.3303435690840863,0.0017552,,,,,0.2,22,,,,discrete_probability,0.8
,,,,,fixed_share,,,,,mae,,,0.20926517299077077,0.0684354485159696,0.08677468405068592,0.0009541,,,0.05,,,22,0.005,,,discrete_probability,0.8
,,,,,passive_aggressive,,,,,mae,,,0.19613639564037988,0.06850792074307718,0.08468904176412946,0.0001481,,,,,,22,,1.0e12,0.1,discrete_probability,0.8
162801.3074841596,0.0924554,0,0.01,cholesky,adaptive_ridge,510,quadratic_stacked_beta,0.041026,1.9119234152113495e-15,mae,0.0514294,5,0.2163798180899643,0.07518340041921062,0.09325454948922114,,,,,,,28,,,,window,5.0
,0.000168,,0.001,,static_ridge,,,,,mae,,,0.18275108118572753,0.06146122435603038,0.0773759269686257,,,,,,,28,,,,window,5.0
,,,,,rls,,,,,mae,,,0.17494597829698588,0.06023366427678969,0.07539201212169529,0.360683,0.995,1.0e-6,,,,28,,,,window,5.0
,,,,,hedge,,,,,mae,,,0.27452580462763815,0.09694977929358464,0.12033778300914431,0.0009629,,,1.0,72,,28,,,,window,5.0
,,,,,exp3,,,,,mae,,,0.719103567276871,0.15254914890228582,0.23060347882350973,0.0019825,,,,,0.1,28,,,,window,5.0
,,,,,fixed_share,,,,,mae,,,0.1782373331976065,0.06128062849794099,0.07680396146557647,0.0021246,,,0.05,,,28,0.005,,,window,5.0
,,,,,passive_aggressive,,,,,mae,,,0.1962733665340126,0.06441985843083274,0.08149524826081454,0.0001439,,,,,,28,,1.0e12,0.1,window,5.0
195614.5502564581,0.1260123,0,0.01,cholesky,adaptive_ridge,510,quadratic_stacked_beta,0.045214,4.065573097578232e-15,mae,0.0807983,5,0.29244861608258094,0.10488498903343914,0.12904575512012384,,,,,,,24,,,,discrete_probability,0.8
,9.65e-5,,0.01,,static_ridge,,,,,mae,,,0.25907701721708176,0.09578197443099164,0.11691559587542477,,,,,,,24,,,,discrete_probability,0.8
,,,,,rls,,,,,mae,,,0.26710740335778765,0.09624877182509951,0.11808340607069569,0.008796,0.995,0.1,,,,24,,,,discrete_probability,0.8
,,,,,hedge,,,,,mae,,,0.33345564822117707,0.11903557681033444,0.1471779394825413,0.0009532,,,1.0,336,,24,,,,discrete_probability,0.8
,,,,,exp3,,,,,mae,,,1.0174602334782725,0.28134671421809954,0.3733653789062539,0.001154,,,,,0.2,24,,,,discrete_probability,0.8
,,,,,fixed_share,,,,,mae,,,0.3328968564572288,0.12376566784419551,0.1500123106061818,0.0010398,,,0.01,,,24,0.005,,,discrete_probability,0.8
,,,,,passive_aggressive,,,,,mae,,,0.28866211829659594,0.10238874293768183,0.1265236306565457,0.0001912,,,,,,24,,1.0e12,0.1,discrete_probability,0.8
36183.016507700726,0.5510105000000001,0,0.1,cholesky,adaptive_ridge,510,quadratic_stacked_beta,0.4977747,2.7726069633147885e-15,mae,0.0532358,5,0.2656492134824406,0.09811431997191625,0.12144936717600777,,,,,,,25,,,,discrete_probability,0.8
,0.0001201,,0.0001,,static_ridge,,,,,mae,,,0.24726121553067673,0.08789631934674698,0.1093954711166037,,,,,,,25,,,,discrete_probability,0.8
,,,,,rls,,,,,mae,,,0.2546602473813719,0.08454615373911714,0.10659505391874997,0.0097048,0.95,0.0001,,,,25,,,,discrete_probability,0.8
,,,,,hedge,,,,,mae,,,0.37164860067379374,0.17257541310976973,0.195766920221092,0.0019938,,,1.0,0,,25,,,,discrete_probability,0.8
,,,,,exp3,,,,,mae,,,0.807225662139033,0.28613042136227074,0.3530499100285706,0.0013232,,,,,0.1,25,,,,discrete_probability,0.8
,,,,,fixed_share,,,,,mae,,,0.3330634232674539,0.14963829348849605,0.17309437924549773,0.0020029,,,0.5,,,25,0.05,,,discrete_probability,0.8
,,,,,passive_aggressive,,,,,mae,,,0.2848575664309555,0.08999237009294483,0.11566525462697577,0.0001975,,,,,,25,,1.0e12,0.1,discrete_probability,0.8
35290.75446240384,0.060143600000000005,0,0.1,cholesky,adaptive_ridge,510,quadratic_stacked_beta,0.040564,3.598423674798079e-15,mae,0.0195796,5,0.3137998902396532,0.10638711252316925,0.13460941145972885,,,,,,,26,,,,discrete_probability,0.8
,5.61e-5,,0.01,,static_ridge,,,,,mae,,,0.2962070189683079,0.09909706760097757,0.12487230873521701,,,,,,,26,,,,discrete_probability,0.8
,,,,,rls,,,,,mae,,,0.30324689277181727,0.09959871818609582,0.12646533778629918,0.0036548,0.995,0.1,,,,26,,,,discrete_probability,0.8
,,,,,hedge,,,,,mae,,,0.4899192286312295,0.21722012960705836,0.25531330391411605,0.0004393,,,1.0,0,,26,,,,discrete_probability,0.8
,,,,,exp3,,,,,mae,,,1.0734792465202394,0.34464945882194414,0.43756226183588187,0.0010282,,,,,0.1,26,,,,discrete_probability,0.8
,,,,,fixed_share,,,,,mae,,,0.4669822467137641,0.15890692637453704,0.20192369245688607,0.0004747,,,0.25,,,26,0.02,,,discrete_probability,0.8
,,,,,passive_aggressive,,,,,mae,,,0.36306713673354607,0.10654633748360619,0.13982392832221027,8.79e-5,,,,,,26,,1.0e12,0.1,discrete_probability,0.8
372461.45413033024,0.0385329,0,0.01,cholesky,adaptive_ridge,510,quadratic_stacked_beta,0.0186347,3.4596115011597363e-15,mae,0.0198982,5,0.18022229279147875,0.06124133069824344,0.076438202990583,,,,,,,27,,,,discrete_probability,0.8
,4.85e-5,,0.001,,static_ridge,,,,,mae,,,0.15672094858823862,0.05239379138759889,0.06638697590490314,,,,,,,27,,,,discrete_probability,0.8
,,,,,rls,,,,,mae,,,0.15915245005939627,0.053159195906118555,0.06707176982625858,0.0039065,0.995,0.1,,,,27,,,,discrete_probability,0.8
,,,,,hedge,,,,,mae,,,0.27019823020724515,0.09696621981601415,0.11992015285736304,0.0010988,,,0.01,24,,27,,,,discrete_probability,0.8
,,,,,exp3,,,,,mae,,,0.8345137952328286,0.16940342932027547,0.259040245461026,0.0006886,,,,,0.1,27,,,,discrete_probability,0.8
,,,,,fixed_share,,,,,mae,,,0.26393464234984376,0.08436240236001984,0.1077786365058949,0.0004655,,,0.5,,,27,0.05,,,discrete_probability,0.8
,,,,,passive_aggressive,,,,,mae,,,0.16870976790388034,0.05616689227089585,0.07081045936653618,6.04e-5,,,,,,27,,1.0e12,0.1,discrete_probability,0.8
81268.34393561947,0.124331,0,0.01,cholesky,adaptive_ridge,510,quadratic_stacked_beta,0.0996905,2.0915737433554284e-15,mae,0.0246405,5,0.22717488786190987,0.07700646619999457,0.09669085265185842,,,,,,,28,,,,discrete_probability,0.8
,6.69e-5,,0.0001,,static_ridge,,,,,mae,,,0.19650384283491865,0.06598720304484855,0.08307950564707124,,,,,,,28,,,,discrete_probability,0.8
,,,,,rls,,,,,mae,,,0.1956486975688748,0.06689774867112307,0.08380791212891428,0.0036707,0.995,0.1,,,,28,,,,discrete_probability,0.8
,,,,,hedge,,,,,mae,,,0.30666640198225237,0.10614871245719038,0.13270306903366058,0.0003949,,,1.0,0,,28,,,,discrete_probability,0.8
,,,,,exp3,,,,,mae,,,0.8500870840927119,0.18460425868111183,0.2732533383574934,0.0005086,,,,,0.1,28,,,,discrete_probability,0.8
,,,,,fixed_share,,,,,mae,,,0.2143998683624792,0.07170818661502032,0.08999691184068319,0.0004629,,,0.05,,,28,0.005,,,discrete_probability,0.8
,,,,,passive_aggressive,,,,,mae,,,0.21203353311080037,0.07167672613416919,0.09118460369532501,6.8e-5,,,,,,28,,1.0e12,0.1,discrete_probability,0.8
235230.0011494873,0.0828472,0,0.01,cholesky,adaptive_ridge,510,quadratic_stacked_beta,0.0628064,4.196475603709499e-15,mae,0.0200408,5,0.25353705567522844,0.08514930316491848,0.10661127544899911,,,,,,,29,,,,discrete_probability,0.8
,4.73e-5,,0.01,,static_ridge,,,,,mae,,,0.2214096428966311,0.07402349747679608,0.09306427298359397,,,,,,,29,,,,discrete_probability,0.8
,,,,,rls,,,,,mae,,,0.22007799222261842,0.07410930505569865,0.0929894837067309,0.0465392,0.995,0.1,,,,29,,,,discrete_probability,0.8
,,,,,hedge,,,,,mae,,,0.2917629877945671,0.09589754904310496,0.12248292948314202,0.0003281,,,0.5,0,,29,,,,discrete_probability,0.8
,,,,,exp3,,,,,mae,,,1.090345022919087,0.2538646125402986,0.36425552190433785,0.0006553,,,,,0.2,29,,,,discrete_probability,0.8
,,,,,fixed_share,,,,,mae,,,0.29034835580395546,0.094759476513239,0.1212879940634923,0.0006999,,,0.01,,,29,0.005,,,discrete_probability,0.8
,,,,,passive_aggressive,,,,,mae,,,0.228772206733568,0.07769087137396309,0.09732083468081999,6.81e-5,,,,,,29,,1.0e12,0.1,discrete_probability,0.8
47460.72994482431,0.1886904,0,0.1,cholesky,adaptive_ridge,510,quadratic_stacked_beta,0.116024,4.010212758714097e-15,mae,0.0726664,5,0.28296284937136923,0.099363217982831,0.12386529761899925,,,,,,,30,,,,discrete_probability,0.8
,8.78e-5,,0.001,,static_ridge,,,,,mae,,,0.24483713939699164,0.08788585469506591,0.10935745275963302,,,,,,,30,,,,discrete_probability,0.8
,,,,,rls,,,,,mae,,,0.24987822719277925,0.08825956740572143,0.11028457024073565,0.0026064,0.995,0.1,,,,30,,,,discrete_probability,0.8
,,,,,hedge,,,,,mae,,,0.4141911692406864,0.16073606284005712,0.1935825269384243,0.0011577,,,1.0,336,,30,,,,discrete_probability,0.8
,,,,,exp3,,,,,mae,,,1.0506062673058054,0.33241287636050004,0.41874675231410174,0.0011869,,,,,0.1,30,,,,discrete_probability,0.8
,,,,,fixed_share,,,,,mae,,,0.29262222479495753,0.10012475462928988,0.12582127565016743,0.0010659,,,0.05,,,30,0.005,,,discrete_probability,0.8
,,,,,passive_aggressive,,,,,mae,,,0.2909401760227092,0.0923915664697757,0.11843837792214694,0.0002037,,,,,,30,,1.0e12,0.1,discrete_probability,0.8
926393.4590241875,0.9260602,0,0.01,cholesky,adaptive_ridge,510,quadratic_stacked_beta,0.8759084,4.7855619427993834e-15,mae,0.0501518,5,0.24645720998487866,0.08331701943462959,0.1049167786463525,,,,,,,1,,,,discrete_probability,1.0
,9.75e-5,,0.001,,static_ridge,,,,,mae,,,0.21247722553889126,0.07173751367471941,0.09083643156489998,,,,,,,1,,,,discrete_probability,1.0
,,,,,rls,,,,,mae,,,0.21022097505875523,0.07266713871673781,0.09127713525521756,0.0078873,0.995,0.1,,,,1,,,,discrete_probability,1.0
,,,,,hedge,,,,,mae,,,0.5041642711178423,0.2517001631843462,0.27944524427163253,0.0021676,,,1.0,168,,1,,,,discrete_probability,1.0
,,,,,exp3,,,,,mae,,,1.1591106870396053,0.2989828932368355,0.4115881732853547,0.0016519,,,,,0.2,1,,,,discrete_probability,1.0
,,,,,fixed_share,,,,,mae,,,0.35946600202640366,0.12426470269847663,0.15442664956674568,0.0016413,,,0.25,,,1,0.02,,,discrete_probability,1.0
,,,,,passive_aggressive,,,,,mae,,,0.20417404057673594,0.06967794680790121,0.08814900326041444,0.0001915,,,,,,1,,1.0e12,0.1,discrete_probability,1.0
126555.50403861789,0.0957189,0,0.1,cholesky,adaptive_ridge,510,quadratic_stacked_beta,0.043551,5.086763325126e-15,mae,0.0521679,5,0.28016662359603606,0.09876132519362397,0.12294194048244977,,,,,,,2,,,,discrete_probability,1.0
,9.03e-5,,0.01,,static_ridge,,,,,mae,,,0.25707274282243714,0.09131130769883734,0.11296647871022986,,,,,,,2,,,,discrete_probability,1.0
,,,,,rls,,,,,mae,,,0.25679126324960533,0.09263888415633427,0.11400431742962729,0.0076905,0.995,0.1,,,,2,,,,discrete_probability,1.0
,,,,,hedge,,,,,mae,,,0.28586032547885426,0.1012068132578765,0.12603392716399897,0.0008836,,,0.5,0,,2,,,,discrete_probability,1.0
,,,,,exp3,,,,,mae,,,1.223939410611424,0.4118996594102123,0.5099735927607648,0.0016082,,,,,0.1,2,,,,discrete_probability,1.0
,,,,,fixed_share,,,,,mae,,,0.2966114959235668,0.10300831699243072,0.1287823393183141,0.0010298,,,0.05,,,2,0.05,,,discrete_probability,1.0
,,,,,passive_aggressive,,,,,mae,,,0.26418745640045244,0.08992945986638949,0.11248292967367929,0.0001781,,,,,,2,,1.0e12,0.1,discrete_probability,1.0
991203.7044651582,0.0915813,0,0.001,cholesky,adaptive_ridge,510,quadratic_stacked_beta,0.0436436,4.97073199375295e-15,mae,0.0479377,5,0.22461100707579176,0.0792653963237355,0.09860012946186475,,,,,,,3,,,,discrete_probability,1.0
,0.0001267,,0.0001,,static_ridge,,,,,mae,,,0.20559656909413387,0.07138304540484365,0.08892790647392491,,,,,,,3,,,,discrete_probability,1.0
,,,,,rls,,,,,mae,,,0.20905239356085115,0.07197351579007638,0.0900845338971062,0.007708,0.995,0.1,,,,3,,,,discrete_probability,1.0
,,,,,hedge,,,,,mae,,,0.39899566773414746,0.15900610703632348,0.18974219674385295,0.002109,,,1.0,24,,3,,,,discrete_probability,1.0
,,,,,exp3,,,,,mae,,,1.0114056327986554,0.18943162647416537,0.30863778955491467,0.0011063,,,,,0.1,3,,,,discrete_probability,1.0
,,,,,fixed_share,,,,,mae,,,0.2768077878596781,0.10001926631016891,0.12357488275769603,0.0009583,,,1.0,,,3,0.02,,,discrete_probability,1.0
,,,,,passive_aggressive,,,,,mae,,,0.22951994716234986,0.07482977418435563,0.09603847415483695,0.000168,,,,,,3,,1.0e12,0.1,discrete_probability,1.0
402372.3534892513,0.1194325,0,0.01,cholesky,adaptive_ridge,510,quadratic_stacked_beta,0.0440601,5.0246672625529915e-15,mae,0.0753724,5,0.26204528945498645,0.08905945815356199,0.11156024530784826,,,,,,,4,,,,discrete_probability,1.0
,0.0001092,,0.0001,,static_ridge,,,,,mae,,,0.23597132132908358,0.0794656074190374,0.09985050775589964,,,,,,,4,,,,discrete_probability,1.0
,,,,,rls,,,,,mae,,,0.23612646524782646,0.08045644137236886,0.10079679023498074,0.34457,0.995,1.0e-6,,,,4,,,,discrete_probability,1.0
,,,,,hedge,,,,,mae,,,0.2935095632090834,0.1008522609623092,0.12488504664393593,0.0008288,,,1.0,0,,4,,,,discrete_probability,1.0
,,,,,exp3,,,,,mae,,,1.097959337246395,0.3172392905047852,0.4114533986550385,0.0010661,,,,,0.1,4,,,,discrete_probability,1.0
,,,,,fixed_share,,,,,mae,,,0.2958416954689637,0.09828397506299272,0.12439029781096808,0.0014273,,,0.25,,,4,0.05,,,discrete_probability,1.0
,,,,,passive_aggressive,,,,,mae,,,0.24842004811610047,0.0820581559723814,0.10365667025565031,0.0001757,,,,,,4,,1.0e12,0.1,discrete_probability,1.0
757193.2514817453,0.0959242,0,0.01,cholesky,adaptive_ridge,510,quadratic_stacked_beta,0.0451909,3.944271403538455e-15,mae,0.0507333,5,0.18767449304603134,0.06514420919607297,0.0812440420755465,,,,,,,5,,,,discrete_probability,1.0
,0.0002243,,0.0001,,static_ridge,,,,,mae,,,0.1560508329661517,0.05538156207454515,0.06935691371699747,,,,,,,5,,,,discrete_probability,1.0
,,,,,rls,,,,,mae,,,0.15815564461264517,0.055755046992549066,0.0698153620086657,0.0082183,0.995,1.0e-6,,,,5,,,,discrete_probability,1.0
,,,,,hedge,,,,,mae,,,0.270388514310181,0.09321586489526099,0.11622252750953416,0.0021249,,,0.1,72,,5,,,,discrete_probability,1.0
,,,,,exp3,,,,,mae,,,1.348824981532702,0.2819967381117188,0.4179171689451405,0.0011928,,,,,0.2,5,,,,discrete_probability,1.0
,,,,,fixed_share,,,,,mae,,,0.20889982332710055,0.07208728346046928,0.0899998908895964,0.0013267,,,0.25,,,5,0.02,,,discrete_probability,1.0
,,,,,passive_aggressive,,,,,mae,,,0.1712060473000517,0.059482484544593255,0.07426118863235415,0.0001566,,,,,,5,,1.0e12,0.1,discrete_probability,1.0
176646.2208778424,0.3073213,0,0.1,cholesky,adaptive_ridge,510,quadratic_stacked_beta,0.2283137,4.903948518196953e-15,mae,0.0790076,5,0.367922497007101,0.12361753931736853,0.1563022228910957,,,,,,,6,,,,discrete_probability,1.0
,0.0001092,,0.001,,static_ridge,,,,,mae,,,0.3276156118355182,0.11054687268715932,0.1402024655607294,,,,,,,6,,,,discrete_probability,1.0
,,,,,rls,,,,,mae,,,0.33391219097925984,0.11108598272646747,0.14096812127703068,0.0088729,0.995,0.1,,,,6,,,,discrete_probability,1.0
,,,,,hedge,,,,,mae,,,0.4790699611212282,0.17464812063549878,0.2159009395620226,0.0024052,,,1.0,336,,6,,,,discrete_probability,1.0
,,,,,exp3,,,,,mae,,,1.3149608038511957,0.4296744054965487,0.5401790961701244,0.0015787,,,,,0.1,6,,,,discrete_probability,1.0
,,,,,fixed_share,,,,,mae,,,0.4552481440504843,0.15110714691703606,0.1917180671629826,0.0009084,,,0.05,,,6,0.005,,,discrete_probability,1.0
,,,,,passive_aggressive,,,,,mae,,,0.3344703446348881,0.10794871894778194,0.13659036519835008,0.0001868,,,,,,6,,1.0e12,0.1,discrete_probability,1.0
221631.2792520861,0.15277469999999999,0,0.01,cholesky,adaptive_ridge,510,quadratic_stacked_beta,0.0419959,4.175353642735429e-15,mae,0.1107788,5,0.29110875441864237,0.10152475698206073,0.12582270092716868,,,,,,,7,,,,discrete_probability,1.0
,0.0001266,,0.0001,,static_ridge,,,,,mae,,,0.2591611150622991,0.08895931562257889,0.11038544248590672,,,,,,,7,,,,discrete_probability,1.0
,,,,,rls,,,,,mae,,,0.26322480344531185,0.09027193860361471,0.11216378522739445,0.003508,0.995,1.0e-6,,,,7,,,,discrete_probability,1.0
,,,,,hedge,,,,,mae,,,0.30450525392191724,0.10545915609389922,0.13113588301636356,0.0019972,,,0.1,168,,7,,,,discrete_probability,1.0
,,,,,exp3,,,,,mae,,,1.1798426630143204,0.40721056510362724,0.5011365215863836,0.0019418,,,,,0.1,7,,,,discrete_probability,1.0
,,,,,fixed_share,,,,,mae,,,0.30477451974088837,0.10560732618034013,0.13126940065183026,0.001163,,,0.01,,,7,0.05,,,discrete_probability,1.0
,,,,,passive_aggressive,,,,,mae,,,0.25122787716322564,0.08528548087939296,0.10769370245826289,0.0003898,,,,,,7,,1.0e12,0.1,discrete_probability,1.0
135646.6385695487,0.0988691,0,0.01,cholesky,adaptive_ridge,510,quadratic_stacked_beta,0.0483802,2.9336343585199576e-15,mae,0.0504889,5,0.27856565570721786,0.09014333792021707,0.1147499148901508,,,,,,,8,,,,discrete_probability,1.0
,0.0001217,,0.0001,,static_ridge,,,,,mae,,,0.24251322580367934,0.07957561846340414,0.10111159267943184,,,,,,,8,,,,discrete_probability,1.0
,,,,,rls,,,,,mae,,,0.2431688165341967,0.08093103879857218,0.10221487248327607,0.0074161,0.995,0.1,,,,8,,,,discrete_probability,1.0
,,,,,hedge,,,,,mae,,,0.3375316625222705,0.11591219680603342,0.1445243626988172,0.0019512,,,0.01,0,,8,,,,discrete_probability,1.0
,,,,,exp3,,,,,mae,,,0.9072865455537529,0.3035090196975777,0.37974666878686114,0.0013733,,,,,0.2,8,,,,discrete_probability,1.0
,,,,,fixed_share,,,,,mae,,,0.3384872601847336,0.11649446231825544,0.14509809605556298,0.0012074,,,0.01,,,8,0.1,,,discrete_probability,1.0
,,,,,passive_aggressive,,,,,mae,,,0.23887534563176946,0.08116368154983042,0.1014493461523045,0.0001832,,,,,,8,,1.0e12,0.1,discrete_probability,1.0
97709.43666950207,1.6361596,0,0.1,cholesky,adaptive_ridge,510,quadratic_stacked_beta,0.4995103,4.78661478904005e-15,mae,1.1366493,5,0.3192384236641228,0.11148378443843154,0.1381129291056477,,,,,,,9,,,,discrete_probability,1.0
,9.58e-5,,0.001,,static_ridge,,,,,mae,,,0.2955795630303066,0.1019322391553223,0.12605849195714386,,,,,,,9,,,,discrete_probability,1.0
,,,,,rls,,,,,mae,,,0.29850963906088923,0.10269153582225726,0.1273384941354786,0.0083851,0.995,1.0e-6,,,,9,,,,discrete_probability,1.0
,,,,,hedge,,,,,mae,,,0.32121332402537184,0.11360190134824862,0.14155608576495163,0.0691275,,,0.01,24,,9,,,,discrete_probability,1.0
,,,,,exp3,,,,,mae,,,1.2480471491357343,0.38955075337249584,0.49443090415138086,0.0023881,,,,,0.2,9,,,,discrete_probability,1.0
,,,,,fixed_share,,,,,mae,,,0.3217048282222602,0.1138451046137499,0.14184514349492647,0.0027399,,,0.01,,,9,0.1,,,discrete_probability,1.0
,,,,,passive_aggressive,,,,,mae,,,0.29719412658066774,0.09521260101554711,0.12114005097273517,0.0001871,,,,,,9,,1.0e12,0.1,discrete_probability,1.0
1.542936187559637e6,0.1497025,0,0.01,cholesky,adaptive_ridge,510,quadratic_stacked_beta,0.0426891,3.916741319557988e-15,mae,0.1070134,5,0.21884740620060775,0.0734287983295738,0.09227307403936565,,,,,,,10,,,,discrete_probability,1.0
,9.87e-5,,0.001,,static_ridge,,,,,mae,,,0.18881608089900404,0.0637134542952524,0.0801779029528078,,,,,,,10,,,,discrete_probability,1.0
,,,,,rls,,,,,mae,,,0.18997232763877328,0.06403062136190521,0.08072821233467396,0.0074603,0.995,1.0e-6,,,,10,,,,discrete_probability,1.0
,,,,,hedge,,,,,mae,,,0.4371325264742282,0.19912922893579876,0.22616285488694388,0.0026154,,,1.0,72,,10,,,,discrete_probability,1.0
,,,,,exp3,,,,,mae,,,0.9156413082832394,0.20419185887350216,0.302093176143839,0.0017509,,,,,0.1,10,,,,discrete_probability,1.0
,,,,,fixed_share,,,,,mae,,,0.3030396384742772,0.10655414409561248,0.13243713020313722,0.0020081,,,1.0,,,10,0.05,,,discrete_probability,1.0
,,,,,passive_aggressive,,,,,mae,,,0.20249345834150095,0.06664446178212886,0.08441207237970458,0.0323894,,,,,,10,,1.0e12,0.1,discrete_probability,1.0
30831.622354721196,0.6994659,0,0.1,cholesky,adaptive_ridge,510,quadratic_stacked_beta,0.0423154,3.0342014548161556e-15,mae,0.6571505,5,0.30509515703281315,0.10263385673770334,0.12894044828080964,,,,,,,11,,,,discrete_probability,1.0
,9.33e-5,,0.001,,static_ridge,,,,,mae,,,0.28106937784176744,0.09265661313225118,0.11671360603828945,,,,,,,11,,,,discrete_probability,1.0
,,,,,rls,,,,,mae,,,0.27879433926482966,0.09477472250173138,0.11806921148108983,0.0063231,0.995,0.1,,,,11,,,,discrete_probability,1.0
,,,,,hedge,,,,,mae,,,0.37623637396472615,0.13777677871578425,0.1702415321903768,0.0021081,,,1.0,24,,11,,,,discrete_probability,1.0
,,,,,exp3,,,,,mae,,,1.0425690575658841,0.3039316535250918,0.39556333958104284,0.0016676,,,,,0.1,11,,,,discrete_probability,1.0
,,,,,fixed_share,,,,,mae,,,0.3089228666651897,0.10479835707335933,0.13164405455021222,0.0009731,,,0.1,,,11,0.01,,,discrete_probability,1.0
,,,,,passive_aggressive,,,,,mae,,,0.28308590114569054,0.09863200995425328,0.12266720278826392,0.0001917,,,,,,11,,1.0e12,0.1,discrete_probability,1.0
258799.67612084543,0.2431941,0,0.01,cholesky,adaptive_ridge,510,quadratic_stacked_beta,0.0443059,4.322092696045641e-15,mae,0.1988882,5,0.27177950687082786,0.09639224244778295,0.11973391305431308,,,,,,,12,,,,discrete_probability,1.0
,0.0001423,,0.0001,,static_ridge,,,,,mae,,,0.24239039383333064,0.08563920966357344,0.10686473754933958,,,,,,,12,,,,discrete_probability,1.0
,,,,,rls,,,,,mae,,,0.24372603659829217,0.08643651295724993,0.1076889205904005,0.0025198,0.995,0.1,,,,12,,,,discrete_probability,1.0
,,,,,hedge,,,,,mae,,,0.2918204538683991,0.10179127947062519,0.12671871014722372,0.0009505,,,0.05,168,,12,,,,discrete_probability,1.0
,,,,,exp3,,,,,mae,,,1.1218021781575183,0.3880134750193324,0.4741727020354129,0.0017125,,,,,0.1,12,,,,discrete_probability,1.0
,,,,,fixed_share,,,,,mae,,,0.2910623365291107,0.10178478466031642,0.12679435803656455,0.0010091,,,0.01,,,12,0.05,,,discrete_probability,1.0
,,,,,passive_aggressive,,,,,mae,,,0.2612516091597275,0.08695271827447444,0.10880768697745642,0.0001926,,,,,,12,,1.0e12,0.1,discrete_probability,1.0
510381.7503667036,0.0952702,0,0.01,cholesky,adaptive_ridge,510,quadratic_stacked_beta,0.0472863,3.735780875400438e-15,mae,0.0479839,5,0.27726336247174743,0.09436790200343181,0.11880766813281367,,,,,,,13,,,,discrete_probability,1.0
,0.0001185,,0.0001,,static_ridge,,,,,mae,,,0.24334088385055813,0.08464665830670619,0.10561891051679421,,,,,,,13,,,,discrete_probability,1.0
,,,,,rls,,,,,mae,,,0.24757395479073857,0.08533817691559124,0.10654271540396101,0.0082166,0.995,0.1,,,,13,,,,discrete_probability,1.0
,,,,,hedge,,,,,mae,,,0.3761919674867725,0.13342166053518223,0.16459010208459632,0.0021703,,,0.01,24,,13,,,,discrete_probability,1.0
,,,,,exp3,,,,,mae,,,1.252502728315979,0.3266169437188318,0.4400711818943287,0.0012053,,,,,0.2,13,,,,discrete_probability,1.0
,,,,,fixed_share,,,,,mae,,,0.29931804883106183,0.10249695443909211,0.12934857980225495,0.0009756,,,0.05,,,13,0.005,,,discrete_probability,1.0
,,,,,passive_aggressive,,,,,mae,,,0.2681522370944736,0.08723700605038602,0.11135560616616069,0.0001839,,,,,,13,,1.0e12,0.1,discrete_probability,1.0
25276.43476582659,0.3112825,0,0.1,cholesky,adaptive_ridge,510,quadratic_stacked_beta,0.0416386,2.731739510919228e-15,mae,0.2696439,5,0.3728842199104194,0.12718763153800258,0.1607745261413976,,,,,,,14,,,,discrete_probability,1.0
,8.65e-5,,0.01,,static_ridge,,,,,mae,,,0.33893656828928953,0.1144907696000112,0.14404421001041276,,,,,,,14,,,,discrete_probability,1.0
,,,,,rls,,,,,mae,,,0.33751767203328287,0.11477741370893624,0.14435105530650955,0.0079981,0.98,1.0e-6,,,,14,,,,discrete_probability,1.0
,,,,,hedge,,,,,mae,,,0.3776833356001553,0.1256916698092132,0.15907509818989846,0.000829,,,1.0,0,,14,,,,discrete_probability,1.0
,,,,,exp3,,,,,mae,,,1.2434030705635228,0.35158939862270905,0.4648135823308238,0.0017971,,,,,0.1,14,,,,discrete_probability,1.0
,,,,,fixed_share,,,,,mae,,,0.3609320458538587,0.12162917872721375,0.15269588418262586,0.0017895,,,0.05,,,14,0.01,,,discrete_probability,1.0
,,,,,passive_aggressive,,,,,mae,,,0.36646191292922464,0.12159518377534972,0.15382412597510078,0.0001915,,,,,,14,,1.0e12,0.1,discrete_probability,1.0
442311.92895398504,0.0966093,0,0.1,cholesky,adaptive_ridge,510,quadratic_stacked_beta,0.0455113,5.354667506729996e-15,mae,0.051098,5,0.38256083968177335,0.13036654839901032,0.1650509376261073,,,,,,,15,,,,discrete_probability,1.0
,0.000142,,0.0001,,static_ridge,,,,,mae,,,0.3586887144469743,0.11872221038437598,0.1484935807377442,,,,,,,15,,,,discrete_probability,1.0
,,,,,rls,,,,,mae,,,0.35261989726485765,0.10956243483605191,0.1417780739726428,0.0460663,0.95,0.1,,,,15,,,,discrete_probability,1.0
,,,,,hedge,,,,,mae,,,0.4676138484985584,0.17311137750009128,0.21118975500109852,0.0008326,,,1.0,0,,15,,,,discrete_probability,1.0
,,,,,exp3,,,,,mae,,,1.4661222203286945,0.39396157684444466,0.5269718750391506,0.0012426,,,,,0.2,15,,,,discrete_probability,1.0
,,,,,fixed_share,,,,,mae,,,0.47772507433949274,0.1642133352188604,0.20410923089910796,0.0011567,,,0.05,,,15,0.005,,,discrete_probability,1.0
,,,,,passive_aggressive,,,,,mae,,,0.3933737200538132,0.10789498496967842,0.14483994986380083,0.00022,,,,,,15,,1.0e12,0.1,discrete_probability,1.0
33563.84015115288,0.1135368,0,0.1,cholesky,adaptive_ridge,510,quadratic_stacked_beta,0.0466187,2.452270360919452e-15,mae,0.0669181,5,0.2574083007988633,0.08919413313892474,0.11082543101436666,,,,,,,16,,,,discrete_probability,1.0
,0.0001754,,0.0001,,static_ridge,,,,,mae,,,0.22217357490037615,0.07776755555338923,0.09747210685784373,,,,,,,16,,,,discrete_probability,1.0
,,,,,rls,,,,,mae,,,0.22399840325692844,0.07892368187051155,0.09871244975164017,0.0025507,0.995,0.1,,,,16,,,,discrete_probability,1.0
,,,,,hedge,,,,,mae,,,0.2741091617676652,0.09207350545767663,0.11611336304541703,0.0008185,,,0.05,0,,16,,,,discrete_probability,1.0
,,,,,exp3,,,,,mae,,,0.9638879337121803,0.29059202519068694,0.37898191996143454,0.0010031,,,,,0.2,16,,,,discrete_probability,1.0
,,,,,fixed_share,,,,,mae,,,0.27394166683499555,0.09207998056630855,0.11611398334338234,0.0008149,,,0.01,,,16,0.1,,,discrete_probability,1.0
,,,,,passive_aggressive,,,,,mae,,,0.25477809276704355,0.08194171693398095,0.10501653916593867,0.0001754,,,,,,16,,1.0e12,0.1,discrete_probability,1.0
150841.51355931433,0.2124125,0,0.01,cholesky,adaptive_ridge,510,quadratic_stacked_beta,0.0455725,3.710756390525528e-15,mae,0.16684,5,0.25664506011907107,0.0892320488201797,0.11086974220662725,,,,,,,17,,,,discrete_probability,1.0
,0.0001181,,0.0001,,static_ridge,,,,,mae,,,0.23256589924184112,0.0811478953404611,0.10039446812023486,,,,,,,17,,,,discrete_probability,1.0
,,,,,rls,,,,,mae,,,0.2314782702714873,0.08114438939942636,0.10175463170848041,0.0104951,0.98,0.0001,,,,17,,,,discrete_probability,1.0
,,,,,hedge,,,,,mae,,,0.35339403813571946,0.1354236208012362,0.16368727142731182,0.0022437,,,1.0,336,,17,,,,discrete_probability,1.0
,,,,,exp3,,,,,mae,,,1.1187777330311905,0.2531020547431664,0.36462851161899107,0.0018221,,,,,0.2,17,,,,discrete_probability,1.0
,,,,,fixed_share,,,,,mae,,,0.28643292022449773,0.10286938576683027,0.12655176869217272,0.0017536,,,0.25,,,17,0.02,,,discrete_probability,1.0
,,,,,passive_aggressive,,,,,mae,,,0.25321131636310734,0.08291881609659175,0.10478066195887357,0.0001778,,,,,,17,,1.0e12,0.1,discrete_probability,1.0
519444.67178117286,0.41419870000000003,0,0.01,cholesky,adaptive_ridge,510,quadratic_stacked_beta,0.3629776,4.346318425923508e-15,mae,0.0512211,5,0.24346451207125672,0.0788074420355451,0.10029222513381052,,,,,,,18,,,,discrete_probability,1.0
,0.0001136,,0.0001,,static_ridge,,,,,mae,,,0.20902656862917246,0.06856369256454192,0.08660891745019214,,,,,,,18,,,,discrete_probability,1.0
,,,,,rls,,,,,mae,,,0.2088949315730501,0.0698140237876422,0.08775648493916144,0.0026109,0.995,0.1,,,,18,,,,discrete_probability,1.0
,,,,,hedge,,,,,mae,,,0.3082546663357907,0.10326697062674114,0.1305775656627237,0.0011165,,,1.0,336,,18,,,,discrete_probability,1.0
,,,,,exp3,,,,,mae,,,1.0790687860947243,0.3619813373614465,0.44283276047373415,0.0013057,,,,,0.1,18,,,,discrete_probability,1.0
,,,,,fixed_share,,,,,mae,,,0.32351388991835217,0.10883187069116697,0.13753810340810607,0.0011113,,,0.01,,,18,0.005,,,discrete_probability,1.0
,,,,,passive_aggressive,,,,,mae,,,0.21254147237777246,0.07096221776874752,0.08923389278088098,0.0001904,,,,,,18,,1.0e12,0.1,discrete_probability,1.0
377550.1567021409,0.0934602,0,0.01,cholesky,adaptive_ridge,510,quadratic_stacked_beta,0.0441106,3.940763726133614e-15,mae,0.0493496,5,0.2826480881211951,0.09562299812074118,0.11980109134875738,,,,,,,19,,,,discrete_probability,1.0
,0.0001273,,0.001,,static_ridge,,,,,mae,,,0.24600671985180964,0.08370671571097511,0.10488067679476304,,,,,,,19,,,,discrete_probability,1.0
,,,,,rls,,,,,mae,,,0.25172986904022376,0.08456137341391647,0.10592759420151183,0.0030549,0.995,1.0e-6,,,,19,,,,discrete_probability,1.0
,,,,,hedge,,,,,mae,,,0.31773797896570233,0.11139684250745663,0.13814677473256196,0.0008148,,,1.0,0,,19,,,,discrete_probability,1.0
,,,,,exp3,,,,,mae,,,1.2321487594402651,0.3260325027068485,0.43566838559939775,0.0010043,,,,,0.2,19,,,,discrete_probability,1.0
,,,,,fixed_share,,,,,mae,,,0.3396633058157373,0.12145049502395393,0.14960577869728606,0.00098,,,0.05,,,19,0.01,,,discrete_probability,1.0
,,,,,passive_aggressive,,,,,mae,,,0.28442192126044324,0.08781515021083676,0.11293144457306868,0.0001926,,,,,,19,,1.0e12,0.1,discrete_probability,1.0
4.714511912686291e6,1.2257642,0,0.0001,cholesky,adaptive_ridge,510,quadratic_stacked_beta,1.1814653,5.058106223403075e-15,mae,0.0442989,5,0.17350718577422014,0.05735295869014378,0.07280076505433387,,,,,,,20,,,,discrete_probability,1.0
,0.0001103,,0.0001,,static_ridge,,,,,mae,,,0.15031193406789467,0.049615149343930416,0.06302171013180007,,,,,,,20,,,,discrete_probability,1.0
,,,,,rls,,,,,mae,,,0.15033058415466852,0.05058899918243161,0.06367392722365955,0.0074544,0.995,1.0e-6,,,,20,,,,discrete_probability,1.0
,,,,,hedge,,,,,mae,,,0.3813734143711099,0.13709153814243547,0.1683307110914827,0.0010529,,,0.01,72,,20,,,,discrete_probability,1.0
,,,,,exp3,,,,,mae,,,0.977360352792769,0.2886336298666417,0.36272782160818856,0.0015871,,,,,0.1,20,,,,discrete_probability,1.0
,,,,,fixed_share,,,,,mae,,,0.38211985397339915,0.13758888239180014,0.16885583520651637,0.0008658,,,0.01,,,20,0.1,,,discrete_probability,1.0
,,,,,passive_aggressive,,,,,mae,,,0.1621733326694615,0.05543342017618407,0.06931512232588584,0.0001646,,,,,,20,,1.0e12,0.1,discrete_probability,1.0
400758.9612436847,0.2271048,0,0.01,cholesky,adaptive_ridge,510,quadratic_stacked_beta,0.1241715,3.753486249565693e-15,mae,0.1029333,5,0.23466850508868425,0.08064414243468128,0.10081033939932037,,,,,,,21,,,,discrete_probability,1.0
,0.0001285,,0.0001,,static_ridge,,,,,mae,,,0.20446935073503297,0.07211284749685898,0.08967031220277782,,,,,,,21,,,,discrete_probability,1.0
,,,,,rls,,,,,mae,,,0.20369019741283048,0.07263339799805518,0.09026447884245635,0.0030608,0.995,0.1,,,,21,,,,discrete_probability,1.0
,,,,,hedge,,,,,mae,,,0.25333270124626844,0.08413311753158927,0.10642853789535753,0.0009863,,,1.0,0,,21,,,,discrete_probability,1.0
,,,,,exp3,,,,,mae,,,1.1132403179600994,0.3076007540466021,0.4090972270322885,0.001437,,,,,0.2,21,,,,discrete_probability,1.0
,,,,,fixed_share,,,,,mae,,,0.25250831253870815,0.08499351599239138,0.10724440120372493,0.0012692,,,0.05,,,21,0.01,,,discrete_probability,1.0
,,,,,passive_aggressive,,,,,mae,,,0.20980916032731836,0.07134195102589938,0.08957523432670755,0.0001986,,,,,,21,,1.0e12,0.1,discrete_probability,1.0
118151.93178509422,0.09699189999999999,0,0.01,cholesky,adaptive_ridge,510,quadratic_stacked_beta,0.0465762,2.658080861648472e-15,mae,0.0504157,5,0.20626231480921361,0.07040468083945907,0.08810498184358434,,,,,,,22,,,,discrete_probability,1.0
,0.0001269,,0.0001,,static_ridge,,,,,mae,,,0.1832386619668387,0.06222163838970348,0.07842975479110476,,,,,,,22,,,,discrete_probability,1.0
,,,,,rls,,,,,mae,,,0.18214818331879523,0.06264406407828745,0.07863061083623477,0.0085377,0.995,1.0e-6,,,,22,,,,discrete_probability,1.0
,,,,,hedge,,,,,mae,,,0.2973419546917501,0.10446348818546013,0.1290472773070134,0.002375,,,1.0,336,,22,,,,discrete_probability,1.0
,,,,,exp3,,,,,mae,,,0.9043694148056322,0.21383432625688087,0.30340307768666147,0.0019834,,,,,0.2,22,,,,discrete_probability,1.0
,,,,,fixed_share,,,,,mae,,,0.20861706835853233,0.06982337764997151,0.08823341397512766,0.0019915,,,0.1,,,22,0.01,,,discrete_probability,1.0
,,,,,passive_aggressive,,,,,mae,,,0.20867735178399113,0.06900225833371729,0.08678401676572194,0.0001681,,,,,,22,,1.0e12,0.1,discrete_probability,1.0
1.81561270894336e6,0.5428919,0,0.01,cholesky,adaptive_ridge,510,quadratic_stacked_beta,0.1449232,3.738958126622227e-15,mae,0.3979687,5,0.16602718107728243,0.0586438713078055,0.07381521810774577,,,,,,,23,,,,discrete_probability,1.0
,0.0001081,,0.001,,static_ridge,,,,,mae,,,0.14734624131572807,0.052983169663235366,0.06600285818172336,,,,,,,23,,,,discrete_probability,1.0
,,,,,rls,,,,,mae,,,0.14793156636363064,0.0535211447098209,0.06679138535394806,0.0088152,0.995,0.1,,,,23,,,,discrete_probability,1.0
,,,,,hedge,,,,,mae,,,0.4364437562748444,0.19558094824223746,0.22410483281437504,0.0008715,,,1.0,0,,23,,,,discrete_probability,1.0
,,,,,exp3,,,,,mae,,,0.934001622642215,0.256644675201207,0.33885606945775304,0.0011353,,,,,0.1,23,,,,discrete_probability,1.0
,,,,,fixed_share,,,,,mae,,,0.3803763932117732,0.16790441707197995,0.19375240709860875,0.000967,,,0.05,,,23,0.005,,,discrete_probability,1.0
,,,,,passive_aggressive,,,,,mae,,,0.1592494908948381,0.05512110862823949,0.0692877262492667,0.0001451,,,,,,23,,1.0e12,0.1,discrete_probability,1.0
612246.9556410965,0.0914148,0,0.01,cholesky,adaptive_ridge,510,quadratic_stacked_beta,0.0427415,4.0396923899549635e-15,mae,0.0486733,5,0.2792868478635209,0.09694056633867223,0.1212802951357256,,,,,,,24,,,,discrete_probability,1.0
,0.0001356,,0.0001,,static_ridge,,,,,mae,,,0.24622230111755308,0.08668284281546285,0.10711899833407816,,,,,,,24,,,,discrete_probability,1.0
,,,,,rls,,,,,mae,,,0.24700737376702428,0.08636684339966437,0.10792361981383893,0.4525432,0.98,0.01,,,,24,,,,discrete_probability,1.0
,,,,,hedge,,,,,mae,,,0.2981145168832564,0.10227338105814288,0.12860414539952322,0.0010324,,,1.0,168,,24,,,,discrete_probability,1.0
,,,,,exp3,,,,,mae,,,1.0888604791729608,0.27333308863419387,0.3784298770761447,0.0011655,,,,,0.2,24,,,,discrete_probability,1.0
,,,,,fixed_share,,,,,mae,,,0.31080279587260995,0.10866490343379674,0.13586993961272145,0.0009447,,,0.05,,,24,0.02,,,discrete_probability,1.0
,,,,,passive_aggressive,,,,,mae,,,0.2600866782414652,0.08558638926547728,0.10878811701295309,0.0001808,,,,,,24,,1.0e12,0.1,discrete_probability,1.0
249002.04978278888,0.0974744,0,0.01,cholesky,adaptive_ridge,510,quadratic_stacked_beta,0.0480773,3.624680523111085e-15,mae,0.0493971,5,0.2679213589062905,0.08973135999855057,0.11294285567481008,,,,,,,25,,,,discrete_probability,1.0
,0.0001259,,0.0001,,static_ridge,,,,,mae,,,0.2320921893175725,0.07845879979410463,0.09842921459790062,,,,,,,25,,,,discrete_probability,1.0
,,,,,rls,,,,,mae,,,0.23651715444354202,0.07929610155813248,0.09955149648158997,0.0088237,0.995,1.0e-6,,,,25,,,,discrete_probability,1.0
,,,,,hedge,,,,,mae,,,0.38006938879761193,0.18043395477927993,0.20508117539645923,0.0007702,,,1.0,0,,25,,,,discrete_probability,1.0
,,,,,exp3,,,,,mae,,,0.827684750741852,0.24568122696595585,0.31599818487423054,0.0013579,,,,,0.1,25,,,,discrete_probability,1.0
,,,,,fixed_share,,,,,mae,,,0.3447326534647768,0.15403888049386283,0.17773037846449788,0.1585082,,,0.05,,,25,0.01,,,discrete_probability,1.0
,,,,,passive_aggressive,,,,,mae,,,0.2759186722002107,0.08419656298849604,0.10922293094515056,0.0001714,,,,,,25,,1.0e12,0.1,discrete_probability,1.0
199589.15986091693,0.0934711,0,0.1,cholesky,adaptive_ridge,510,quadratic_stacked_beta,0.0436785,5.3539490957873206e-15,mae,0.0497926,5,0.3314719025855367,0.11806051192503547,0.1464829236971495,,,,,,,26,,,,discrete_probability,1.0
,9.53e-5,,0.01,,static_ridge,,,,,mae,,,0.3216568949396363,0.10706485314159382,0.135645572361082,,,,,,,26,,,,discrete_probability,1.0
,,,,,rls,,,,,mae,,,0.33179358973527956,0.10591954094353485,0.13441969188301053,0.0026871,0.95,1.0e-6,,,,26,,,,discrete_probability,1.0
,,,,,hedge,,,,,mae,,,0.5064997269372346,0.2505637692782764,0.27704644098204717,0.0010261,,,1.0,336,,26,,,,discrete_probability,1.0
,,,,,exp3,,,,,mae,,,1.1369880996422719,0.37328949913919257,0.4705680859037056,0.0014546,,,,,0.1,26,,,,discrete_probability,1.0
,,,,,fixed_share,,,,,mae,,,0.4664299658652817,0.16505218854662393,0.2055406647370605,0.0013861,,,0.1,,,26,0.005,,,discrete_probability,1.0
,,,,,passive_aggressive,,,,,mae,,,0.36621765816554713,0.10463413546098528,0.13761590366375684,0.000211,,,,,,26,,1.0e12,0.1,discrete_probability,1.0
1.108019868100918e6,0.1184366,0,0.01,cholesky,adaptive_ridge,510,quadratic_stacked_beta,0.0655178,3.529308149315861e-15,mae,0.0529188,5,0.17188060336378963,0.058744517596203465,0.07345897523502423,,,,,,,27,,,,discrete_probability,1.0
,9.92e-5,,0.001,,static_ridge,,,,,mae,,,0.15688539676739738,0.05251656191129448,0.06588017177645486,,,,,,,27,,,,discrete_probability,1.0
,,,,,rls,,,,,mae,,,0.1563685639343845,0.05279338547506013,0.06631243545818784,0.0108411,0.995,0.1,,,,27,,,,discrete_probability,1.0
,,,,,hedge,,,,,mae,,,0.28723693147560075,0.10065737768480001,0.12516167044668755,0.0023227,,,0.01,24,,27,,,,discrete_probability,1.0
,,,,,exp3,,,,,mae,,,0.8255795525280422,0.1849167599799341,0.26699924280118315,0.0011534,,,,,0.1,27,,,,discrete_probability,1.0
,,,,,fixed_share,,,,,mae,,,0.2843125350923307,0.09434926691362325,0.11948464039311352,0.0018246,,,1.0,,,27,0.1,,,discrete_probability,1.0
,,,,,passive_aggressive,,,,,mae,,,0.17090306922217138,0.055754831103736184,0.0706004933834367,0.0001543,,,,,,27,,1.0e12,0.1,discrete_probability,1.0
125619.79450431012,0.2514632,0,0.01,cholesky,adaptive_ridge,510,quadratic_stacked_beta,0.0462017,2.7915576364239468e-15,mae,0.2052615,5,0.2304880505177294,0.07831534911949785,0.09846392031434156,,,,,,,28,,,,discrete_probability,1.0
,9.58e-5,,0.001,,static_ridge,,,,,mae,,,0.19906282770225162,0.07086602111879192,0.0873732676534548,,,,,,,28,,,,discrete_probability,1.0
,,,,,rls,,,,,mae,,,0.20146451735556434,0.0719427730606047,0.08865923708613338,0.0076135,0.995,1.0e-6,,,,28,,,,discrete_probability,1.0
,,,,,hedge,,,,,mae,,,0.3065746324150462,0.11005731366052023,0.13789432014509387,0.0008976,,,1.0,0,,28,,,,discrete_probability,1.0
,,,,,exp3,,,,,mae,,,0.9377851253746792,0.20293520541160623,0.3026897422731246,0.0014484,,,,,0.1,28,,,,discrete_probability,1.0
,,,,,fixed_share,,,,,mae,,,0.2160893396314826,0.07663266186676482,0.09473518901861275,0.0012039,,,0.05,,,28,0.005,,,discrete_probability,1.0
,,,,,passive_aggressive,,,,,mae,,,0.2149527468094705,0.07643702272486314,0.09447135596112936,0.000341,,,,,,28,,1.0e12,0.1,discrete_probability,1.0
690606.371439024,0.2873908,0,0.01,cholesky,adaptive_ridge,510,quadratic_stacked_beta,0.0423358,4.335590017181086e-15,mae,0.245055,5,0.25943857490526306,0.08638626340806944,0.10837865906948536,,,,,,,29,,,,discrete_probability,1.0
,8.28e-5,,0.001,,static_ridge,,,,,mae,,,0.22376145242326406,0.07517065835088474,0.09436153909934396,,,,,,,29,,,,discrete_probability,1.0
,,,,,rls,,,,,mae,,,0.2253703400360137,0.07654823822208982,0.09552708139835334,0.0032521,0.995,0.1,,,,29,,,,discrete_probability,1.0
,,,,,hedge,,,,,mae,,,0.310078665061784,0.10562020167066176,0.1315362869345587,0.0010084,,,0.5,168,,29,,,,discrete_probability,1.0
,,,,,exp3,,,,,mae,,,0.9958814757117744,0.24833429444775887,0.34648006292614253,0.0012681,,,,,0.1,29,,,,discrete_probability,1.0
,,,,,fixed_share,,,,,mae,,,0.3008233197355237,0.10408425255786682,0.13001419252971091,0.0014315,,,0.05,,,29,0.01,,,discrete_probability,1.0
,,,,,passive_aggressive,,,,,mae,,,0.22562316715242928,0.0756339203462497,0.09466976266691415,0.0002734,,,,,,29,,1.0e12,0.1,discrete_probability,1.0
435273.97625369194,0.4368708,0,0.01,cholesky,adaptive_ridge,510,quadratic_stacked_beta,0.0498887,4.2994108986138e-15,mae,0.3869821,5,0.27657176770905706,0.09372423034347406,0.11760569608891976,,,,,,,30,,,,discrete_probability,1.0
,0.0002801,,0.001,,static_ridge,,,,,mae,,,0.24448539312031514,0.08397497131797389,0.104950633515898,,,,,,,30,,,,discrete_probability,1.0
,,,,,rls,,,,,mae,,,0.24817198201177967,0.08478073260799932,0.10611712789289636,0.0025806,0.995,0.1,,,,30,,,,discrete_probability,1.0
,,,,,hedge,,,,,mae,,,0.39953811919030174,0.15806755131596736,0.18859216697433046,0.0018584,,,1.0,0,,30,,,,discrete_probability,1.0
,,,,,exp3,,,,,mae,,,1.0293474385648793,0.3390279096890844,0.4190225484490069,0.0012073,,,,,0.1,30,,,,discrete_probability,1.0
,,,,,fixed_share,,,,,mae,,,0.29110682903528895,0.10197993998788571,0.12756910969846363,0.0009833,,,0.1,,,30,0.01,,,discrete_probability,1.0
,,,,,passive_aggressive,,,,,mae,,,0.25510697464052506,0.08582572180540106,0.10782233355841306,0.0001818,,,,,,30,,1.0e12,0.1,discrete_probability,1.0
