condition_number,fit_seconds,iterations,lambda,linear_solver,method,n_parameters,objective_variant,preparation_seconds,residual_norm,selection_metric,solve_seconds,tau,validation_cvar_05,validation_mae,validation_rmse,fit_and_validation_seconds,window,forgetting,ridge,eta,gamma,seed,share,C,epsilon,variance_forgetting,regime
2.7248011524739957e9,0.0058101,0,1.0e-6,cholesky,adaptive_ridge,110,quadratic_stacked_beta,0.0047838,9.40085689302147e-16,rmse,0.0010263,1,0.03928602527909732,0.013590485658600068,0.017020327182673323,,,,,,,1,,,,,stationary
,0.0001039,,0.0,,static_ridge,,,,,rmse,,,0.038090386689552905,0.013162161094675873,0.016515398976097443,,,,,,,1,,,,,stationary
,,,1.0e-6,,rolling_ridge,,,,,rmse,,,0.038747238515729296,0.013470598939058089,0.016881617637471816,0.0104685,336,,,,,1,,,,,stationary
,,,,,rls,,,,,rmse,,,0.03846516857108776,0.013395030238240822,0.01676821154868534,0.0050144,,0.995,0.1,,,1,,,,,stationary
,,,,,hedge,,,,,rmse,,,0.21434203332349788,0.07549121420749691,0.09439008786759281,0.0018645,336,,,1.0,,1,,,,,stationary
,,,,,exp3,,,,,rmse,,,0.5575071194308727,0.16775175670334802,0.2079897583408115,0.0011497,,,,,0.1,1,,,,,stationary
,,,,,fixed_share,,,,,rmse,,,0.15271597793017175,0.05134701864068474,0.06474229487279187,0.0010335,,,,0.05,,1,0.01,,,,stationary
,,,,,passive_aggressive,,,,,rmse,,,0.05315769956949863,0.0175035330472459,0.022054901199857306,0.0001828,,,,,,1,,1.0,0.01,,stationary
,,,,,dma,,,,,rmse,,,0.26170594062073077,0.12326395899325038,0.13917918733511028,0.0022808,,0.9,,,,1,,,,0.95,stationary
5.3096531188198484e7,0.0040952,0,0.0,cholesky,adaptive_ridge,110,quadratic_stacked_beta,0.003229,1.0969983084254103e-15,rmse,0.0008662,1,0.03926666382709948,0.013495987026868508,0.016914257949356092,,,,,,,2,,,,,stationary
,9.61e-5,,0.0,,static_ridge,,,,,rmse,,,0.03920236224912568,0.013166948046235409,0.016582102472209787,,,,,,,2,,,,,stationary
,,,0.0,,rolling_ridge,,,,,rmse,,,0.039456742277136636,0.013476584029742616,0.01684992848322273,0.0033991,336,,,,,2,,,,,stationary
,,,,,rls,,,,,rmse,,,0.0395746819570085,0.013370370052639764,0.0167648042000714,0.0079642,,0.995,0.1,,,2,,,,,stationary
,,,,,hedge,,,,,rmse,,,0.2401629207793491,0.09164694702113495,0.11077749994893117,0.000985,72,,,0.01,,2,,,,,stationary
,,,,,exp3,,,,,rmse,,,0.6406748676236085,0.24527023458113406,0.2922519873081426,0.0068215,,,,,0.1,2,,,,,stationary
,,,,,fixed_share,,,,,rmse,,,0.24149569285825165,0.0924549502050424,0.11161990162891697,0.0061708,,,,0.01,,2,0.1,,,,stationary
,,,,,passive_aggressive,,,,,rmse,,,0.05092665188122268,0.016768454796291472,0.021285115027725038,0.0001908,,,,,,2,,0.1,0.01,,stationary
,,,,,dma,,,,,rmse,,,0.49231547773071016,0.21671161908433234,0.2497735520010243,0.0017323,,0.9,,,,2,,,,0.98,stationary
2.3856572177048326e8,0.0069023,0,0.0,cholesky,adaptive_ridge,110,quadratic_stacked_beta,0.0060183,7.877402034183398e-16,rmse,0.000884,1,0.1033265816373078,0.03507264220650655,0.043710105219114254,,,,,,,3,,,,,stationary
,0.0002176,,0.0,,static_ridge,,,,,rmse,,,0.10163602483960986,0.033899590058368984,0.04228371371906471,,,,,,,3,,,,,stationary
,,,0.0001,,rolling_ridge,,,,,rmse,,,0.10130430598891546,0.03252932282321659,0.04134428223980259,0.0041755,72,,,,,3,,,,,stationary
,,,,,rls,,,,,rmse,,,0.09763904311794537,0.030171989151654838,0.039052599009560506,0.0034078,,0.95,0.1,,,3,,,,,stationary
,,,,,hedge,,,,,rmse,,,0.2000463196126883,0.06737842529344358,0.0846275055913582,0.0007565,0,,,1.0,,3,,,,,stationary
,,,,,exp3,,,,,rmse,,,0.622740730594264,0.16979827333202877,0.2188347309101124,0.0011546,,,,,0.1,3,,,,,stationary
,,,,,fixed_share,,,,,rmse,,,0.1607002796278971,0.05318173018647116,0.06694390601279061,0.0011134,,,,0.05,,3,0.01,,,,stationary
,,,,,passive_aggressive,,,,,rmse,,,0.1179897476853622,0.036317746575218815,0.046738446568738386,0.0001487,,,,,,3,,0.01,0.01,,stationary
,,,,,dma,,,,,rmse,,,0.26143846175773316,0.10535041677821426,0.12533039529080628,0.001524,,0.98,,,,3,,,,0.995,stationary
2.549081825081087e7,0.0045961,0,0.0001,cholesky,adaptive_ridge,110,quadratic_stacked_beta,0.0036436,5.963614997259699e-16,rmse,0.0009525,1,0.06579138065515801,0.02297304768314508,0.028581711301033364,,,,,,,4,,,,,stationary
,8.3e-5,,0.0001,,static_ridge,,,,,rmse,,,0.06462582244790908,0.022597407071113643,0.02805119483212792,,,,,,,4,,,,,stationary
,,,0.0001,,rolling_ridge,,,,,rmse,,,0.06564672521133377,0.022456260353965633,0.028384249609989032,0.0036637,72,,,,,4,,,,,stationary
,,,,,rls,,,,,rmse,,,0.06647501673390138,0.021664576229537935,0.02779168962171721,0.0094359,,0.95,0.0001,,,4,,,,,stationary
,,,,,hedge,,,,,rmse,,,0.16221150626972086,0.05481228256896649,0.06883877255054663,0.006518,72,,,1.0,,4,,,,,stationary
,,,,,exp3,,,,,rmse,,,0.5021247370698544,0.17493993732300958,0.20668481277699313,0.0011467,,,,,0.1,4,,,,,stationary
,,,,,fixed_share,,,,,rmse,,,0.10964373818324859,0.03907537784236327,0.04822575302226954,0.0010728,,,,0.1,,4,0.005,,,,stationary
,,,,,passive_aggressive,,,,,rmse,,,0.09260431941909424,0.029160655011018638,0.03754978898319592,0.0001837,,,,,,4,,0.1,0.01,,stationary
,,,,,dma,,,,,rmse,,,0.17511606719363357,0.06678530530380383,0.0807164529455241,0.0023718,,0.9,,,,4,,,,0.995,stationary
4.729776059364949e8,0.0042626,0,1.0e-6,cholesky,adaptive_ridge,110,quadratic_stacked_beta,0.0034432,8.311335168329405e-16,rmse,0.0008194,1,0.017917916423123802,0.00612751943241077,0.007684520665352955,,,,,,,5,,,,,stationary
,0.0001294,,1.0e-6,,static_ridge,,,,,rmse,,,0.017696488946914325,0.005955721653161193,0.0075056703283511265,,,,,,,5,,,,,stationary
,,,0.0,,rolling_ridge,,,,,rmse,,,0.01826041503696375,0.006082608477220489,0.0076718093351884325,0.0037358,336,,,,,5,,,,,stationary
,,,,,rls,,,,,rmse,,,0.017996880685324033,0.005980031693845133,0.007564137892430095,0.0046534,,0.995,0.1,,,5,,,,,stationary
,,,,,hedge,,,,,rmse,,,0.1708523307818318,0.05944876179979084,0.07428702933239488,0.0072355,0,,,1.0,,5,,,,,stationary
,,,,,exp3,,,,,rmse,,,0.4680682173936886,0.10003734509808922,0.14715457323043885,0.0010252,,,,,0.1,5,,,,,stationary
,,,,,fixed_share,,,,,rmse,,,0.054679678223190455,0.04597697122362827,0.046171724015605334,0.0019671,,,,1.0,,5,0.005,,,,stationary
,,,,,passive_aggressive,,,,,rmse,,,0.05182035895292211,0.016943728631386254,0.021588872942955452,0.0001696,,,,,,5,,1.0,0.0,,stationary
,,,,,dma,,,,,rmse,,,0.05378762245016298,0.0458580694007657,0.04600586022515427,0.0023983,,0.995,,,,5,,,,0.995,stationary
1.0566128467200692e8,0.0260705,0,0.0,cholesky,adaptive_ridge,110,quadratic_stacked_beta,0.0246016,6.952498147103233e-16,rmse,0.0014689,1,0.010726935843462538,0.0037298720230455385,0.004660612029016859,,,,,,,6,,,,,stationary
,9.74e-5,,0.0,,static_ridge,,,,,rmse,,,0.010575673967623956,0.0036162708783456557,0.004538578647832176,,,,,,,6,,,,,stationary
,,,0.0,,rolling_ridge,,,,,rmse,,,0.010661266752561354,0.0036570611793373766,0.004574015051994853,0.007829,336,,,,,6,,,,,stationary
,,,,,rls,,,,,rmse,,,0.010671484438187627,0.003666407681614252,0.004581089303346255,0.0025617,,0.995,1.0e-6,,,6,,,,,stationary
,,,,,hedge,,,,,rmse,,,0.24811264693860505,0.0865627043852387,0.10834545918643626,0.0055289,0,,,1.0,,6,,,,,stationary
,,,,,exp3,,,,,rmse,,,0.5781160728407033,0.09325006521997188,0.1616541491276866,0.0009953,,,,,0.1,6,,,,,stationary
,,,,,fixed_share,,,,,rmse,,,0.07735739800518669,0.02950696314369984,0.03575787784394224,0.0009213,,,,0.1,,6,0.005,,,,stationary
,,,,,passive_aggressive,,,,,rmse,,,0.022402944158668173,0.006749983645086662,0.008789705215482385,0.0001803,,,,,,6,,1.0,0.0,,stationary
,,,,,dma,,,,,rmse,,,0.05702774502481111,0.049127096062645474,0.049286381857715375,0.0015645,,0.9,,,,6,,,,0.9,stationary
15355.18375926465,0.0051008,0,0.01,cholesky,adaptive_ridge,110,quadratic_stacked_beta,0.003463,6.391320217330162e-16,rmse,0.0016378,1,0.16610297162620263,0.05636030364574231,0.07098492180181547,,,,,,,7,,,,,stationary
,9.1e-5,,0.001,,static_ridge,,,,,rmse,,,0.16304202089157244,0.05510233235931895,0.06932990210591329,,,,,,,7,,,,,stationary
,,,0.001,,rolling_ridge,,,,,rmse,,,0.1675296594121928,0.05605873042499758,0.07077111843810029,0.0103614,336,,,,,7,,,,,stationary
,,,,,rls,,,,,rmse,,,0.16582184469765177,0.05573697384541867,0.0702150165069192,0.0027447,,0.995,1.0e-6,,,7,,,,,stationary
,,,,,hedge,,,,,rmse,,,0.20217316856105733,0.06939135837726693,0.08705486525585161,0.0007326,0,,,1.0,,7,,,,,stationary
,,,,,exp3,,,,,rmse,,,0.6828597316389932,0.24787354565496067,0.30063632206125956,0.0010875,,,,,0.1,7,,,,,stationary
,,,,,fixed_share,,,,,rmse,,,0.20160882187386317,0.068213732142117,0.08555444879139058,0.0014323,,,,0.01,,7,0.005,,,,stationary
,,,,,passive_aggressive,,,,,rmse,,,0.1691544591489197,0.056542309696571015,0.07139265570992036,0.0001901,,,,,,7,,0.001,0.05,,stationary
,,,,,dma,,,,,rmse,,,0.4089993749700658,0.17268900023594985,0.20251405442238077,0.0014497,,0.9,,,,7,,,,0.995,stationary
845297.3593823552,0.0041153,0,0.0001,cholesky,adaptive_ridge,110,quadratic_stacked_beta,0.0032871,7.820920402463225e-16,rmse,0.0008282,1,0.08521443703022151,0.029086432218865782,0.03638938031792793,,,,,,,8,,,,,stationary
,9.08e-5,,0.0001,,static_ridge,,,,,rmse,,,0.08293667861467732,0.028801941746641895,0.03592951256499522,,,,,,,8,,,,,stationary
,,,0.0,,rolling_ridge,,,,,rmse,,,0.08561099797961116,0.02932519735124866,0.03671039094229331,0.0027592,336,,,,,8,,,,,stationary
,,,,,rls,,,,,rmse,,,0.08443750396639178,0.029108306317339804,0.03638950166329774,0.0026238,,0.995,0.1,,,8,,,,,stationary
,,,,,hedge,,,,,rmse,,,0.18598307263466526,0.06070246365102925,0.07695738156606158,0.0007879,0,,,1.0,,8,,,,,stationary
,,,,,exp3,,,,,rmse,,,0.48938279673000307,0.14650191063117077,0.18810115353294196,0.001198,,,,,0.1,8,,,,,stationary
,,,,,fixed_share,,,,,rmse,,,0.15587694174548297,0.0515736722568618,0.06501217848180117,0.0010432,,,,0.05,,8,0.01,,,,stationary
,,,,,passive_aggressive,,,,,rmse,,,0.0893756688552046,0.03150554484809149,0.03924689266381534,0.0001858,,,,,,8,,0.001,0.01,,stationary
,,,,,dma,,,,,rmse,,,0.26215185308756744,0.09911893017529079,0.11973805676507321,0.0014368,,0.9,,,,8,,,,0.995,stationary
1.0188312942603366e6,0.0184862,0,0.0001,cholesky,adaptive_ridge,110,quadratic_stacked_beta,0.0176443,8.244080544924966e-16,rmse,0.0008419,1,0.08837026351930274,0.029877449808038598,0.037643874593058416,,,,,,,9,,,,,stationary
,9.16e-5,,0.0001,,static_ridge,,,,,rmse,,,0.08452257124778419,0.02852598691427211,0.036298590733057114,,,,,,,9,,,,,stationary
,,,0.0001,,rolling_ridge,,,,,rmse,,,0.08722892985006878,0.029118943670004786,0.03679078723588976,0.0077438,336,,,,,9,,,,,stationary
,,,,,rls,,,,,rmse,,,0.08651337483863669,0.028944780791176534,0.036558530477066566,0.0025926,,0.995,0.1,,,9,,,,,stationary
,,,,,hedge,,,,,rmse,,,0.2526736993665663,0.10116638102065235,0.12089193491444715,0.0070249,0,,,1.0,,9,,,,,stationary
,,,,,exp3,,,,,rmse,,,0.5524650429547581,0.16902706064146905,0.209833044952579,0.0012667,,,,,0.1,9,,,,,stationary
,,,,,fixed_share,,,,,rmse,,,0.19047045242371918,0.08746675922547666,0.10019809910434437,0.0072311,,,,0.05,,9,0.005,,,,stationary
,,,,,passive_aggressive,,,,,rmse,,,0.10737122051407264,0.0360624258347537,0.045360101538474695,0.0001587,,,,,,9,,0.1,0.05,,stationary
,,,,,dma,,,,,rmse,,,0.20341914462804028,0.12093327441812124,0.12772977869222038,0.0014513,,0.9,,,,9,,,,0.995,stationary
297800.69230836694,0.0102722,0,0.0001,cholesky,adaptive_ridge,110,quadratic_stacked_beta,0.0093831,7.8055617216629715e-16,rmse,0.0008891,1,0.1259478630662603,0.04351406494187156,0.05409494149733959,,,,,,,10,,,,,stationary
,6.22e-5,,0.0,,static_ridge,,,,,rmse,,,0.12371231939154345,0.041971808418109866,0.05261232718467224,,,,,,,10,,,,,stationary
,,,0.0001,,rolling_ridge,,,,,rmse,,,0.12923850451517688,0.042694180115667675,0.05382415746018087,0.0040908,336,,,,,10,,,,,stationary
,,,,,rls,,,,,rmse,,,0.12658726724675165,0.042195015812288045,0.053099786025039,0.0110451,,0.995,1.0e-6,,,10,,,,,stationary
,,,,,hedge,,,,,rmse,,,0.22474725873225215,0.07680603792088803,0.09696114012383937,0.0016647,168,,,0.01,,10,,,,,stationary
,,,,,exp3,,,,,rmse,,,0.6315975836602196,0.19972464566363612,0.25047385403374,0.0009568,,,,,0.1,10,,,,,stationary
,,,,,fixed_share,,,,,rmse,,,0.22458028461445412,0.07687879285691296,0.09703322717825179,0.0009155,,,,0.01,,10,0.1,,,,stationary
,,,,,passive_aggressive,,,,,rmse,,,0.13951686292703872,0.0450148373310038,0.057107109819104,0.0001943,,,,,,10,,0.01,0.05,,stationary
,,,,,dma,,,,,rmse,,,0.35892777760732314,0.14572930243122673,0.1735383269022505,0.0015218,,0.9,,,,10,,,,0.9,stationary
302515.936254439,0.0040496,0,0.001,cholesky,adaptive_ridge,110,quadratic_stacked_beta,0.0032039,7.469374178768919e-16,rmse,0.0008457,1,0.1851480258160631,0.0629849763575015,0.07905536465195234,,,,,,,11,,,,,stationary
,9.68e-5,,0.0,,static_ridge,,,,,rmse,,,0.18074155968294278,0.061221890649091074,0.07754129808770381,,,,,,,11,,,,,stationary
,,,0.001,,rolling_ridge,,,,,rmse,,,0.1857809592726781,0.06085866542147431,0.07685381146101286,0.0086672,72,,,,,11,,,,,stationary
,,,,,rls,,,,,rmse,,,0.18295880333282838,0.057597047996162845,0.0739545569104973,0.0070183,,0.95,0.1,,,11,,,,,stationary
,,,,,hedge,,,,,rmse,,,0.23359402360003625,0.08055064674222759,0.10055792110868479,0.000976,24,,,1.0,,11,,,,,stationary
,,,,,exp3,,,,,rmse,,,0.6480731421942723,0.1934048050928753,0.2513517954438165,0.0010686,,,,,0.1,11,,,,,stationary
,,,,,fixed_share,,,,,rmse,,,0.21618953290044085,0.07210364881723817,0.0908439349144857,0.0008959,,,,0.05,,11,0.01,,,,stationary
,,,,,passive_aggressive,,,,,rmse,,,0.18537963067056126,0.060098026763061245,0.07674168255271879,0.0002033,,,,,,11,,0.01,0.05,,stationary
,,,,,dma,,,,,rmse,,,0.3406745458628075,0.11972947409594206,0.14928952841449084,0.0015524,,0.9,,,,11,,,,0.995,stationary
63828.105895780885,0.0041944,0,0.001,cholesky,adaptive_ridge,110,quadratic_stacked_beta,0.0033294,5.948893921251893e-16,rmse,0.000865,1,0.14774415516009337,0.05034295846107355,0.06324027306558712,,,,,,,12,,,,,stationary
,0.0001095,,0.001,,static_ridge,,,,,rmse,,,0.14234401773669508,0.048649443226399344,0.061324199767620255,,,,,,,12,,,,,stationary
,,,0.001,,rolling_ridge,,,,,rmse,,,0.1454476433457973,0.04950752994604025,0.06245444527581194,0.0090414,336,,,,,12,,,,,stationary
,,,,,rls,,,,,rmse,,,0.14385797202172354,0.04896228538739578,0.06168318522716362,0.0023826,,0.995,0.1,,,12,,,,,stationary
,,,,,hedge,,,,,rmse,,,0.21533886798503346,0.07804651391803968,0.09683236706154187,0.0009366,336,,,1.0,,12,,,,,stationary
,,,,,exp3,,,,,rmse,,,0.5707886968129785,0.17721568773512184,0.22578622445592667,0.0012975,,,,,0.1,12,,,,,stationary
,,,,,fixed_share,,,,,rmse,,,0.18632314657870575,0.066883780229375,0.08294931925033926,0.0010546,,,,0.1,,12,0.01,,,,stationary
,,,,,passive_aggressive,,,,,rmse,,,0.15559510911680602,0.05216309582345252,0.06550394424837874,0.0001375,,,,,,12,,0.01,0.1,,stationary
,,,,,dma,,,,,rmse,,,0.28827721957317387,0.09751845368625328,0.12316874381369394,0.0015638,,0.9,,,,12,,,,0.995,stationary
9.066815720697519e8,0.0039668,0,0.0,cholesky,adaptive_ridge,110,quadratic_stacked_beta,0.0031009,9.284644544126214e-16,rmse,0.0008659,1,0.01849926887317055,0.006321311054975869,0.007897965295904898,,,,,,,13,,,,,stationary
,0.0001343,,0.0,,static_ridge,,,,,rmse,,,0.018094414175067238,0.006135293399730953,0.007700472454401712,,,,,,,13,,,,,stationary
,,,0.0,,rolling_ridge,,,,,rmse,,,0.018490699569412402,0.006278641480788802,0.007852164969880298,0.0225177,336,,,,,13,,,,,stationary
,,,,,rls,,,,,rmse,,,0.018465563457954918,0.006238105744396455,0.007801967115179602,0.0282275,,0.995,1.0e-6,,,13,,,,,stationary
,,,,,hedge,,,,,rmse,,,0.1967817494872488,0.07000938753602369,0.08688576723767838,0.0007556,0,,,1.0,,13,,,,,stationary
,,,,,exp3,,,,,rmse,,,0.5325224797347632,0.14432010352841423,0.18399340853917767,0.001511,,,,,0.1,13,,,,,stationary
,,,,,fixed_share,,,,,rmse,,,0.11957841908123548,0.05005695754189325,0.05921403941659386,0.0008296,,,,0.25,,13,0.02,,,,stationary
,,,,,passive_aggressive,,,,,rmse,,,0.04700367905279976,0.014655788440778337,0.018728845174046334,0.0001653,,,,,,13,,0.1,0.0,,stationary
,,,,,dma,,,,,rmse,,,0.11329765234211871,0.0911612468775544,0.09189871625519233,0.002301,,0.9,,,,13,,,,0.995,stationary
2.298914707811206e7,0.004329,0,0.0001,cholesky,adaptive_ridge,110,quadratic_stacked_beta,0.0034512,1.1169248504160126e-15,rmse,0.0008778,1,0.22279863318851206,0.08064059223808767,0.1001784903649412,,,,,,,14,,,,,stationary
,8.71e-5,,0.0001,,static_ridge,,,,,rmse,,,0.21465277708808939,0.07847051562550306,0.09695276985618971,,,,,,,14,,,,,stationary
,,,0.0001,,rolling_ridge,,,,,rmse,,,0.22131209531149487,0.057796091503588005,0.08023105377588229,0.0048066,24,,,,,14,,,,,stationary
,,,,,rls,,,,,rmse,,,0.20537179517032073,0.05441605330967037,0.07503808871028168,0.0072617,,0.9,1.0e-6,,,14,,,,,stationary
,,,,,hedge,,,,,rmse,,,0.31518693710658424,0.1165795959186233,0.1424351676743701,0.000833,0,,,0.01,,14,,,,,stationary
,,,,,exp3,,,,,rmse,,,0.6350621019451299,0.25872411862380773,0.28407707553699957,0.0011202,,,,,0.2,14,,,,,stationary
,,,,,fixed_share,,,,,rmse,,,0.3153398121724713,0.11699517534216723,0.14281080996306075,0.0009965,,,,0.01,,14,0.1,,,,stationary
,,,,,passive_aggressive,,,,,rmse,,,0.23998044363486787,0.07146544253965544,0.0942567789141797,0.0001937,,,,,,14,,0.1,0.05,,stationary
,,,,,dma,,,,,rmse,,,0.39031327907298163,0.1933078821200527,0.21088219737146932,0.0078681,,0.9,,,,14,,,,0.995,stationary
5.047458458395703e6,0.0042541,0,0.0001,cholesky,adaptive_ridge,110,quadratic_stacked_beta,0.0033581,7.06982822894548e-16,rmse,0.000896,1,0.032190786160062226,0.010590675856951589,0.01343539202570894,,,,,,,15,,,,,stationary
,9.61e-5,,1.0e-6,,static_ridge,,,,,rmse,,,0.03111370666836578,0.010223490690130324,0.013008776349532153,,,,,,,15,,,,,stationary
,,,0.0,,rolling_ridge,,,,,rmse,,,0.03193541097168495,0.010400861119901971,0.01321491835057844,0.0088709,336,,,,,15,,,,,stationary
,,,,,rls,,,,,rmse,,,0.03191003062486573,0.010433138221443075,0.013248991696560864,0.0091826,,0.995,1.0e-6,,,15,,,,,stationary
,,,,,hedge,,,,,rmse,,,0.35640728682587935,0.17501738686947904,0.19526648303405264,0.000899,336,,,1.0,,15,,,,,stationary
,,,,,exp3,,,,,rmse,,,0.5695642913783905,0.06347779917722947,0.15359383143743432,0.0009968,,,,,0.1,15,,,,,stationary
,,,,,fixed_share,,,,,rmse,,,0.03396690080070544,0.011316829326353152,0.014331723156359985,0.0009457,,,,1.0,,15,0.01,,,,stationary
,,,,,passive_aggressive,,,,,rmse,,,0.0372785534031211,0.012787475694384771,0.015902652118400928,0.0002984,,,,,,15,,0.01,0.01,,stationary
,,,,,dma,,,,,rmse,,,0.0409083492441798,0.014657353952999257,0.017983104722024183,0.0023441,,0.995,,,,15,,,,0.995,stationary
518880.57376136445,0.0076848,0,0.0,cholesky,adaptive_ridge,110,quadratic_stacked_beta,0.0065582,6.905980783029543e-16,rmse,0.0011266,1,0.10475614943937595,0.036513513242298956,0.04527397536789043,,,,,,,16,,,,,stationary
,9.19e-5,,0.0,,static_ridge,,,,,rmse,,,0.10218582693676506,0.035617889168332244,0.044281230050771836,,,,,,,16,,,,,stationary
,,,1.0e-6,,rolling_ridge,,,,,rmse,,,0.10385800689271747,0.03616633258417679,0.045118593888088414,0.012303,336,,,,,16,,,,,stationary
,,,,,rls,,,,,rmse,,,0.1030217910388729,0.035859325793456985,0.04464448612956165,0.0023647,,0.995,1.0e-6,,,16,,,,,stationary
,,,,,hedge,,,,,rmse,,,0.2496602240892309,0.09784393816210227,0.11770453723869041,0.0019748,336,,,1.0,,16,,,,,stationary
,,,,,exp3,,,,,rmse,,,0.6192010972459584,0.19437307032763307,0.24182347455247244,0.001186,,,,,0.1,16,,,,,stationary
,,,,,fixed_share,,,,,rmse,,,0.20660415863480971,0.07668916864434351,0.09314320956998795,0.0017135,,,,0.05,,16,0.01,,,,stationary
,,,,,passive_aggressive,,,,,rmse,,,0.11222426106080491,0.0388267093045674,0.0486209964513419,0.0001821,,,,,,16,,0.01,0.05,,stationary
,,,,,dma,,,,,rmse,,,0.3160768501767574,0.1335797510739295,0.15573289493271025,0.0023561,,0.9,,,,16,,,,0.995,stationary
2.500734700599207e10,0.0043749,0,0.0,cholesky,adaptive_ridge,110,quadratic_stacked_beta,0.0035806,7.939720810146454e-16,rmse,0.0007943,1,0.0029666918358251105,0.0010410898763670083,0.0012982514789483153,,,,,,,17,,,,,stationary
,0.0001124,,0.0,,static_ridge,,,,,rmse,,,0.0028706048831535127,0.0010291951991356393,0.0012766221765175747,,,,,,,17,,,,,stationary
,,,0.0,,rolling_ridge,,,,,rmse,,,0.002908485093332228,0.0010467876711317179,0.0012955834079735847,0.0043285,336,,,,,17,,,,,stationary
,,,,,rls,,,,,rmse,,,0.002888316867255477,0.0010401924323226426,0.0012903988683303411,0.0071923,,0.995,0.1,,,17,,,,,stationary
,,,,,hedge,,,,,rmse,,,0.21281273581063664,0.07937855756890486,0.09677413138614017,0.0072566,72,,,1.0,,17,,,,,stationary
,,,,,exp3,,,,,rmse,,,0.5527922691133564,0.15002619262018543,0.18909132976241544,0.0062726,,,,,0.1,17,,,,,stationary
,,,,,fixed_share,,,,,rmse,,,0.1852031327807699,0.0739372303258169,0.08831296859596514,0.0009485,,,,0.05,,17,0.01,,,,stationary
,,,,,passive_aggressive,,,,,rmse,,,0.07568008973188776,0.023536160889284705,0.030164063949379417,0.0001869,,,,,,17,,1.0,0.0,,stationary
,,,,,dma,,,,,rmse,,,0.15549464005861288,0.11184961914644896,0.11458580993027653,0.0015182,,0.9,,,,17,,,,0.995,stationary
927374.6673565926,0.015443100000000001,0,0.0,cholesky,adaptive_ridge,110,quadratic_stacked_beta,0.0034802,7.529019643645018e-16,rmse,0.0119629,1,0.07269776956591963,0.025814473085842636,0.032012818896189905,,,,,,,18,,,,,stationary
,0.0001084,,0.0,,static_ridge,,,,,rmse,,,0.07316206851497782,0.0254582970457493,0.03147715858208943,,,,,,,18,,,,,stationary
,,,0.0001,,rolling_ridge,,,,,rmse,,,0.07298702482517731,0.02587470904002094,0.03186895406312058,0.0082335,336,,,,,18,,,,,stationary
,,,,,rls,,,,,rmse,,,0.072980796227317,0.025787300477929497,0.031710235013559185,0.0043817,,0.995,1.0e-6,,,18,,,,,stationary
,,,,,hedge,,,,,rmse,,,0.2762838501165232,0.10977712363367811,0.131407539872133,0.0024251,0,,,1.0,,18,,,,,stationary
,,,,,exp3,,,,,rmse,,,0.6540183514730137,0.21050136337053352,0.2505885619951183,0.001114,,,,,0.1,18,,,,,stationary
,,,,,fixed_share,,,,,rmse,,,0.12520527617136307,0.04739353172007493,0.057831195537714125,0.0009758,,,,0.1,,18,0.01,,,,stationary
,,,,,passive_aggressive,,,,,rmse,,,0.084194979400819,0.030516656855520265,0.03780599212172012,0.0001572,,,,,,18,,0.1,0.05,,stationary
,,,,,dma,,,,,rmse,,,0.223821838862943,0.15079270056927876,0.15688412687566655,0.0014845,,0.9,,,,18,,,,0.995,stationary
30605.278973861266,0.0044927000000000005,0,0.001,cholesky,adaptive_ridge,110,quadratic_stacked_beta,0.003582,5.750418625236549e-16,rmse,0.0009107,1,0.16254235934890798,0.05298493488231253,0.06728056771664358,,,,,,,19,,,,,stationary
,9.12e-5,,0.001,,static_ridge,,,,,rmse,,,0.15533361383705396,0.05190725005791426,0.06556688181190112,,,,,,,19,,,,,stationary
,,,0.0,,rolling_ridge,,,,,rmse,,,0.1610172687163871,0.05284972833392296,0.06679291246244314,0.0087999,336,,,,,19,,,,,stationary
,,,,,rls,,,,,rmse,,,0.1573216623697441,0.052268921447279126,0.06591236842727792,0.0103863,,0.995,0.1,,,19,,,,,stationary
,,,,,hedge,,,,,rmse,,,0.22821771997354787,0.08131722148104745,0.1009018963040619,0.0007393,0,,,1.0,,19,,,,,stationary
,,,,,exp3,,,,,rmse,,,0.6204998738365741,0.21110792949141396,0.2600680660374753,0.0010474,,,,,0.1,19,,,,,stationary
,,,,,fixed_share,,,,,rmse,,,0.18509761514484196,0.06429432044701662,0.08009541640499775,0.0010365,,,,0.05,,19,0.005,,,,stationary
,,,,,passive_aggressive,,,,,rmse,,,0.16553539554241845,0.05391726549794541,0.06891790310676242,0.0001428,,,,,,19,,0.01,0.1,,stationary
,,,,,dma,,,,,rmse,,,0.3367690615191531,0.10796282998832869,0.1360678146316351,0.0013801,,0.9,,,,19,,,,0.995,stationary
188269.81971660675,0.0045512,0,0.001,cholesky,adaptive_ridge,110,quadratic_stacked_beta,0.0036652,8.083923074757517e-16,rmse,0.000886,1,0.10522385141240934,0.036121366184082765,0.045321798050457066,,,,,,,20,,,,,stationary
,9.0e-5,,0.0001,,static_ridge,,,,,rmse,,,0.10455190669420242,0.035367327727280594,0.044494279894248825,,,,,,,20,,,,,stationary
,,,0.0001,,rolling_ridge,,,,,rmse,,,0.10541972653289726,0.035827882120889984,0.0450529319576222,0.0093424,336,,,,,20,,,,,stationary
,,,,,rls,,,,,rmse,,,0.10504751414668054,0.03552096410657868,0.04480179053529749,0.0025502,,0.995,1.0e-6,,,20,,,,,stationary
,,,,,hedge,,,,,rmse,,,0.22077896449964424,0.07600254522936127,0.09483581359345475,0.0009167,336,,,1.0,,20,,,,,stationary
,,,,,exp3,,,,,rmse,,,0.5765323041120851,0.21052972581581147,0.24677140092587918,0.0011714,,,,,0.1,20,,,,,stationary
,,,,,fixed_share,,,,,rmse,,,0.1860276686888693,0.0732359400364675,0.08775626631770717,0.0008849,,,,0.1,,20,0.01,,,,stationary
,,,,,passive_aggressive,,,,,rmse,,,0.11701813044223267,0.03910135896947122,0.04903440542082847,0.000179,,,,,,20,,0.01,0.05,,stationary
,,,,,dma,,,,,rmse,,,0.2566592159670699,0.10316379117834315,0.12353256125866964,0.0016374,,0.9,,,,20,,,,0.995,stationary
116662.12202033124,0.015219700000000001,0,0.001,cholesky,adaptive_ridge,110,quadratic_stacked_beta,0.0143551,6.50667003946661e-16,rmse,0.0008646,1,0.15288562147555662,0.0528143072079624,0.0659886561988991,,,,,,,21,,,,,stationary
,8.17e-5,,0.001,,static_ridge,,,,,rmse,,,0.1459327403168122,0.05040782984270499,0.06292329526729794,,,,,,,21,,,,,stationary
,,,0.0,,rolling_ridge,,,,,rmse,,,0.1492557466906571,0.052778336742760626,0.06548120239891968,0.0097705,336,,,,,21,,,,,stationary
,,,,,rls,,,,,rmse,,,0.145468761058374,0.051251490579767245,0.06367202464866176,0.0075153,,0.995,0.1,,,21,,,,,stationary
,,,,,hedge,,,,,rmse,,,0.27046803400979125,0.12888230276724716,0.14473290541721215,0.0021821,0,,,1.0,,21,,,,,stationary
,,,,,exp3,,,,,rmse,,,0.5932172970778677,0.18336211132202662,0.22923869848835993,0.0019971,,,,,0.1,21,,,,,stationary
,,,,,fixed_share,,,,,rmse,,,0.20881152233089517,0.08930788375065725,0.10455941909740972,0.0023129,,,,0.05,,21,0.005,,,,stationary
,,,,,passive_aggressive,,,,,rmse,,,0.15190784474394298,0.053066299685280316,0.06574358635726585,0.0001563,,,,,,21,,0.01,0.1,,stationary
,,,,,dma,,,,,rmse,,,0.28306912214401736,0.11140279070106811,0.13386116580068205,0.0023424,,0.9,,,,21,,,,0.995,stationary
1.15661323791004e7,0.0049180000000000005,0,0.0001,cholesky,adaptive_ridge,110,quadratic_stacked_beta,0.0037372,6.048528837000163e-16,rmse,0.0011808,1,0.05965844135056877,0.020265376944305417,0.025393152637595427,,,,,,,22,,,,,stationary
,8.57e-5,,1.0e-6,,static_ridge,,,,,rmse,,,0.058218160901590384,0.019605325558333612,0.024756476247418398,,,,,,,22,,,,,stationary
,,,0.0001,,rolling_ridge,,,,,rmse,,,0.05890832901806506,0.019923384884312802,0.025064563454069117,0.013514,336,,,,,22,,,,,stationary
,,,,,rls,,,,,rmse,,,0.05868382127232264,0.019822247296573666,0.02486651843408677,0.0026734,,0.995,0.1,,,22,,,,,stationary
,,,,,hedge,,,,,rmse,,,0.16658000233783476,0.05793848310949949,0.07237982017227025,0.0009284,0,,,1.0,,22,,,,,stationary
,,,,,exp3,,,,,rmse,,,0.41697956774724415,0.08531817342135886,0.13431575485202507,0.001128,,,,,0.1,22,,,,,stationary
,,,,,fixed_share,,,,,rmse,,,0.07981527057920546,0.027281990342115446,0.03409772096016636,0.0009058,,,,0.1,,22,0.005,,,,stationary
,,,,,passive_aggressive,,,,,rmse,,,0.07389582991207305,0.023377779354381144,0.029927731726198947,0.0002623,,,,,,22,,0.01,0.01,,stationary
,,,,,dma,,,,,rmse,,,0.10010419677683585,0.03417741212929996,0.04288401285160859,0.0031815,,0.9,,,,22,,,,0.9,stationary
691146.1066744322,0.016000300000000002,0,0.001,cholesky,adaptive_ridge,110,quadratic_stacked_beta,0.0148173,7.11904814469955e-16,rmse,0.001183,1,0.08499395485358256,0.028857784242823693,0.036165748655746885,,,,,,,23,,,,,stationary
,0.0001027,,0.0,,static_ridge,,,,,rmse,,,0.08285544660357068,0.028091329039921335,0.03513101766343342,,,,,,,23,,,,,stationary
,,,0.0,,rolling_ridge,,,,,rmse,,,0.08438616636233834,0.028820899574463894,0.03582300738600271,0.0103656,336,,,,,23,,,,,stationary
,,,,,rls,,,,,rmse,,,0.0840610435869247,0.02863081542353919,0.03568578962173307,0.0074991,,0.995,1.0e-6,,,23,,,,,stationary
,,,,,hedge,,,,,rmse,,,0.24825824224813695,0.08728338545949481,0.10879549631206567,0.0029736,168,,,0.01,,23,,,,,stationary
,,,,,exp3,,,,,rmse,,,0.7427600099622574,0.3632922767709817,0.389499424786818,0.0010342,,,,,0.2,23,,,,,stationary
,,,,,fixed_share,,,,,rmse,,,0.24883933329063673,0.08757095805239473,0.10916639228217791,0.0008625,,,,0.01,,23,0.1,,,,stationary
,,,,,passive_aggressive,,,,,rmse,,,0.09147257739558758,0.03156718797955493,0.03917037583203863,0.000145,,,,,,23,,0.01,0.05,,stationary
,,,,,dma,,,,,rmse,,,0.4534299540080447,0.2719839276272488,0.2877378707099929,0.0076835,,0.9,,,,23,,,,0.98,stationary
1.8404055766582455e7,0.0042125,0,1.0e-6,cholesky,adaptive_ridge,110,quadratic_stacked_beta,0.0034263,6.585006658909208e-16,rmse,0.0007862,1,0.0817467059705805,0.027225450319355502,0.03448624770632108,,,,,,,24,,,,,stationary
,9.96e-5,,0.0,,static_ridge,,,,,rmse,,,0.078585510005693,0.026493943590038448,0.03357101436546541,,,,,,,24,,,,,stationary
,,,0.0001,,rolling_ridge,,,,,rmse,,,0.0807416067216668,0.026609425290434915,0.03393049498951156,0.0082144,72,,,,,24,,,,,stationary
,,,,,rls,,,,,rmse,,,0.07922223175596767,0.026564791784844402,0.03370967772016801,0.0083175,,0.995,0.1,,,24,,,,,stationary
,,,,,hedge,,,,,rmse,,,0.3079647107168986,0.1460223882703541,0.16343342786102855,0.0009283,336,,,1.0,,24,,,,,stationary
,,,,,exp3,,,,,rmse,,,0.5318890828348681,0.1837890389683901,0.2168978000465577,0.0011891,,,,,0.05,24,,,,,stationary
,,,,,fixed_share,,,,,rmse,,,0.1653366180757722,0.07530801223589938,0.08589218715739377,0.0010574,,,,0.5,,24,0.01,,,,stationary
,,,,,passive_aggressive,,,,,rmse,,,0.09309498378304848,0.030188438427603614,0.03834770834788477,0.0001592,,,,,,24,,0.01,0.05,,stationary
,,,,,dma,,,,,rmse,,,0.23004577030795212,0.07786042028515915,0.09749155490941841,0.0062127,,0.9,,,,24,,,,0.995,stationary
6.568384925252354e9,0.0042009000000000005,0,0.0,cholesky,adaptive_ridge,110,quadratic_stacked_beta,0.0033389,7.6407431016527e-16,rmse,0.000862,1,0.008641637155250313,0.002962160113987835,0.0037230760582808724,,,,,,,25,,,,,stationary
,0.0001029,,0.0,,static_ridge,,,,,rmse,,,0.008431030823137535,0.0029020234582116384,0.0036516137044763385,,,,,,,25,,,,,stationary
,,,0.0,,rolling_ridge,,,,,rmse,,,0.008468582251990611,0.0029700487599183746,0.0037257854386699247,0.0090692,336,,,,,25,,,,,stationary
,,,,,rls,,,,,rmse,,,0.008421064787162957,0.0029551543834789532,0.0037024004700971793,0.0056835,,0.995,1.0e-6,,,25,,,,,stationary
,,,,,hedge,,,,,rmse,,,0.2712105363659625,0.1292827714034772,0.1463780683819619,0.005503,0,,,1.0,,25,,,,,stationary
,,,,,exp3,,,,,rmse,,,0.5125951059539869,0.16716194834570827,0.20113775468594622,0.0011254,,,,,0.1,25,,,,,stationary
,,,,,fixed_share,,,,,rmse,,,0.1356293353636682,0.04867228714443505,0.06054792216806013,0.000947,,,,0.25,,25,0.02,,,,stationary
,,,,,passive_aggressive,,,,,rmse,,,0.08110707844481237,0.025581104339620016,0.032742007377537616,0.0001715,,,,,,25,,1.0,0.0,,stationary
,,,,,dma,,,,,rmse,,,0.2364884960626453,0.07896232896584804,0.09991631829150709,0.0014803,,0.9,,,,25,,,,0.9,stationary
28976.790134188846,0.0040488,0,0.01,cholesky,adaptive_ridge,110,quadratic_stacked_beta,0.0032056,5.862954748986762e-16,rmse,0.0008432,1,0.1278301969022022,0.04425457086823014,0.055539878207966895,,,,,,,26,,,,,stationary
,9.27e-5,,0.001,,static_ridge,,,,,rmse,,,0.12357451667673965,0.04289862232723099,0.053768242184151716,,,,,,,26,,,,,stationary
,,,0.001,,rolling_ridge,,,,,rmse,,,0.1256724606629135,0.04353128991484974,0.05456585953757429,0.0086842,336,,,,,26,,,,,stationary
,,,,,rls,,,,,rmse,,,0.12487370434546032,0.04336976496135871,0.054343725828602536,0.0071093,,0.995,0.1,,,26,,,,,stationary
,,,,,hedge,,,,,rmse,,,0.17263247684152483,0.05829878531545552,0.07349637511526509,0.0057665,0,,,1.0,,26,,,,,stationary
,,,,,exp3,,,,,rmse,,,0.5861695794914985,0.1489781965586686,0.2051447679181853,0.0057192,,,,,0.2,26,,,,,stationary
,,,,,fixed_share,,,,,rmse,,,0.16336800164027193,0.054823403496765045,0.06895844540821054,0.0018803,,,,0.05,,26,0.02,,,,stationary
,,,,,passive_aggressive,,,,,rmse,,,0.12917994902014437,0.04492317058005919,0.05628712177848052,0.00017,,,,,,26,,0.001,0.01,,stationary
,,,,,dma,,,,,rmse,,,0.2802900899031456,0.1039219236928504,0.12774176727780523,0.0014322,,0.9,,,,26,,,,0.995,stationary
1.4212782032391175e6,0.0181899,0,0.0,cholesky,adaptive_ridge,110,quadratic_stacked_beta,0.0173743,8.831497490393239e-16,rmse,0.0008156,1,0.07932924058525247,0.02789312155031729,0.034708683144111775,,,,,,,27,,,,,stationary
,0.0001087,,0.0,,static_ridge,,,,,rmse,,,0.07856656366142947,0.02721774741467199,0.03397562597223972,,,,,,,27,,,,,stationary
,,,0.0,,rolling_ridge,,,,,rmse,,,0.07950440582237744,0.027830240758879646,0.03461312508280214,0.0098637,336,,,,,27,,,,,stationary
,,,,,rls,,,,,rmse,,,0.07869242679388011,0.027512371298090386,0.034286757395999595,0.0097728,,0.995,1.0e-6,,,27,,,,,stationary
,,,,,hedge,,,,,rmse,,,0.20883010957887835,0.07751316354106326,0.09436017316426139,0.0010318,336,,,1.0,,27,,,,,stationary
,,,,,exp3,,,,,rmse,,,0.5213901205197591,0.1365000993656001,0.18886710488506261,0.0012901,,,,,0.1,27,,,,,stationary
,,,,,fixed_share,,,,,rmse,,,0.1214653633334753,0.043031852323251026,0.05344044692491865,0.0010595,,,,0.05,,27,0.01,,,,stationary
,,,,,passive_aggressive,,,,,rmse,,,0.09213117366145865,0.030529611802837368,0.03835226342621847,0.0001715,,,,,,27,,0.1,0.05,,stationary
,,,,,dma,,,,,rmse,,,0.20923964099366224,0.07766971641479635,0.09492192776843765,0.0015846,,0.9,,,,27,,,,0.95,stationary
124064.18041597234,0.034374,0,0.001,cholesky,adaptive_ridge,110,quadratic_stacked_beta,0.0325731,6.580618116829679e-16,rmse,0.0018009,1,0.15440187949938142,0.051006422804936974,0.06476410775565133,,,,,,,28,,,,,stationary
,8.91e-5,,0.001,,static_ridge,,,,,rmse,,,0.14954097408194456,0.04970641076588338,0.0632210988516173,,,,,,,28,,,,,stationary
,,,0.0001,,rolling_ridge,,,,,rmse,,,0.15311907052678908,0.05205454154526135,0.06527011428711925,0.0048012,168,,,,,28,,,,,stationary
,,,,,rls,,,,,rmse,,,0.1506834382027022,0.050062582848558815,0.06370747661721589,0.0084698,,0.995,0.1,,,28,,,,,stationary
,,,,,hedge,,,,,rmse,,,0.23254261069428014,0.07872840070314906,0.09864920924392227,0.0007385,0,,,1.0,,28,,,,,stationary
,,,,,exp3,,,,,rmse,,,0.6039350046063108,0.14165779326844793,0.2012402833113549,0.001155,,,,,0.1,28,,,,,stationary
,,,,,fixed_share,,,,,rmse,,,0.1885811373182311,0.0753408436238832,0.0898882263121884,0.0072775,,,,0.1,,28,0.01,,,,stationary
,,,,,passive_aggressive,,,,,rmse,,,0.1626067261126079,0.054464163571689296,0.06813460209281941,0.0001821,,,,,,28,,0.01,0.05,,stationary
,,,,,dma,,,,,rmse,,,0.22995256887763638,0.08623720106995908,0.1055145388195849,0.001384,,0.995,,,,28,,,,0.995,stationary
2.442243996730042e6,0.0063438,0,0.001,cholesky,adaptive_ridge,110,quadratic_stacked_beta,0.0047247,7.60307748749037e-16,rmse,0.0016191,1,0.08996575130095819,0.031368373150647395,0.03924646260302016,,,,,,,29,,,,,stationary
,0.0001252,,1.0e-6,,static_ridge,,,,,rmse,,,0.08764362286830835,0.030397472279775354,0.038128080517559955,,,,,,,29,,,,,stationary
,,,0.0001,,rolling_ridge,,,,,rmse,,,0.08820700890794925,0.031127756866618686,0.03879632646326263,0.0096442,336,,,,,29,,,,,stationary
,,,,,rls,,,,,rmse,,,0.08727733234755616,0.030664032429598705,0.03824806232254482,0.0022872,,0.995,1.0e-6,,,29,,,,,stationary
,,,,,hedge,,,,,rmse,,,0.17126085557043338,0.057070702104781296,0.07213907215018481,0.0007184,0,,,1.0,,29,,,,,stationary
,,,,,exp3,,,,,rmse,,,0.5378592936279206,0.13283986826669927,0.18505949117470408,0.0008311,,,,,0.1,29,,,,,stationary
,,,,,fixed_share,,,,,rmse,,,0.1393509140772468,0.045689849822405454,0.0576678135751594,0.0008483,,,,0.05,,29,0.01,,,,stationary
,,,,,passive_aggressive,,,,,rmse,,,0.09848985201618567,0.03348571101583914,0.0418204870607806,0.0001567,,,,,,29,,0.01,0.05,,stationary
,,,,,dma,,,,,rmse,,,0.20363950475457485,0.08514114376663007,0.10108019824767299,0.0013906,,0.9,,,,29,,,,0.9,stationary
144219.7884927762,0.0040394,0,0.0,cholesky,adaptive_ridge,110,quadratic_stacked_beta,0.0031974,6.878882256526002e-16,rmse,0.000842,1,0.12795493139233025,0.044765602098929984,0.05537773283855238,,,,,,,30,,,,,stationary
,9.53e-5,,0.0,,static_ridge,,,,,rmse,,,0.12520891326056868,0.04389804344335716,0.0542824377772901,,,,,,,30,,,,,stationary
,,,0.0,,rolling_ridge,,,,,rmse,,,0.1281935636312864,0.044818791579475235,0.055589083870901876,0.0046029,336,,,,,30,,,,,stationary
,,,,,rls,,,,,rmse,,,0.12670041827781012,0.0443065114662779,0.05503585803830415,0.0067726,,0.995,1.0e-6,,,30,,,,,stationary
,,,,,hedge,,,,,rmse,,,0.23578723941904747,0.07821150664249867,0.09970485067554219,0.0019989,24,,,1.0,,30,,,,,stationary
,,,,,exp3,,,,,rmse,,,0.6516072548039419,0.20139492897748443,0.25436217168698955,0.0016325,,,,,0.1,30,,,,,stationary
,,,,,fixed_share,,,,,rmse,,,0.22003384691566036,0.07325455900580094,0.0921337743072806,0.0016439,,,,0.05,,30,0.01,,,,stationary
,,,,,passive_aggressive,,,,,rmse,,,0.1388590229875031,0.04735553722516702,0.05962479231206536,0.0001975,,,,,,30,,0.01,0.05,,stationary
,,,,,dma,,,,,rmse,,,0.3817489953518127,0.12802153026445365,0.1607967036499345,0.0015066,,0.9,,,,30,,,,0.9,stationary
283500.6336817909,0.0053124999999999995,0,0.001,cholesky,adaptive_ridge,110,quadratic_stacked_beta,0.0038063,8.348373924264556e-16,rmse,0.0015062,1,0.17155210105030463,0.05478608179734188,0.07021296592035142,,,,,,,1,,,,,gradual
,8.25e-5,,0.001,,static_ridge,,,,,rmse,,,0.18487866729418628,0.06230194016323979,0.07848348396917905,,,,,,,1,,,,,gradual
,,,0.0,,rolling_ridge,,,,,rmse,,,0.16155319467777765,0.05283283156919656,0.06674107609315583,0.0052968,336,,,,,1,,,,,gradual
,,,,,rls,,,,,rmse,,,0.16150723590550217,0.05263884915064551,0.06669031759701369,0.008765,,0.995,0.1,,,1,,,,,gradual
,,,,,hedge,,,,,rmse,,,0.42848639120701143,0.20909120859315666,0.23153512762063444,0.0033371,72,,,1.0,,1,,,,,gradual
,,,,,exp3,,,,,rmse,,,0.8799310549508929,0.25117707802600314,0.3329118111752555,0.0016825,,,,,0.1,1,,,,,gradual
,,,,,fixed_share,,,,,rmse,,,0.295504454408635,0.10078286706269464,0.12604846060986286,0.0017734,,,,0.5,,1,0.05,,,,gradual
,,,,,passive_aggressive,,,,,rmse,,,0.1623378576139836,0.054505830421846264,0.06836776803471363,0.0001853,,,,,,1,,0.01,0.05,,gradual
,,,,,dma,,,,,rmse,,,0.4539016790536207,0.1580217733342579,0.19691765452181448,0.0022944,,0.9,,,,1,,,,0.98,gradual
116086.3239380597,0.0043526,0,0.01,cholesky,adaptive_ridge,110,quadratic_stacked_beta,0.0034294,7.642635782924525e-16,rmse,0.0009232,1,0.2084305118502051,0.07445103661388705,0.09084018188398148,,,,,,,2,,,,,gradual
,8.13e-5,,0.01,,static_ridge,,,,,rmse,,,0.2100257887555147,0.07209728228400382,0.09001700023182244,,,,,,,2,,,,,gradual
,,,0.001,,rolling_ridge,,,,,rmse,,,0.19666895049730093,0.07015030925696263,0.08628222677689046,0.010422,336,,,,,2,,,,,gradual
,,,,,rls,,,,,rmse,,,0.19611536866073895,0.06931787719731655,0.08563132795536331,0.0075411,,0.995,0.1,,,2,,,,,gradual
,,,,,hedge,,,,,rmse,,,0.2325767871638078,0.08206626116425177,0.10199789824837803,0.0007997,336,,,1.0,,2,,,,,gradual
,,,,,exp3,,,,,rmse,,,0.9902580519526047,0.3593148052355871,0.43449508562799505,0.0018607,,,,,0.05,2,,,,,gradual
,,,,,fixed_share,,,,,rmse,,,0.23293411830699065,0.08200120171268661,0.10182255953549592,0.0019929,,,,0.01,,2,0.005,,,,gradual
,,,,,passive_aggressive,,,,,rmse,,,0.19845998907399207,0.0689288240492233,0.08537922640488066,0.0001973,,,,,,2,,0.001,0.05,,gradual
,,,,,dma,,,,,rmse,,,0.582510646004908,0.19958815978440714,0.24886724299730947,0.0023099,,0.9,,,,2,,,,0.98,gradual
1.7500154929376687e6,0.0269957,0,0.001,cholesky,adaptive_ridge,210,quadratic_stacked_beta,0.0156921,1.064838266709788e-15,rmse,0.0113036,2,0.17706441837335304,0.056109413087857385,0.0715837854899327,,,,,,,3,,,,,gradual
,9.71e-5,,0.01,,static_ridge,,,,,rmse,,,0.2231958700154279,0.08118172814322659,0.09882080431987289,,,,,,,3,,,,,gradual
,,,0.0,,rolling_ridge,,,,,rmse,,,0.13971589350334995,0.04691095287759881,0.05876953091456878,0.0061073,336,,,,,3,,,,,gradual
,,,,,rls,,,,,rmse,,,0.13817713013685462,0.04676836314931886,0.05869795597828911,0.0027144,,0.99,1.0e-6,,,3,,,,,gradual
,,,,,hedge,,,,,rmse,,,0.293231572724992,0.1100002579896433,0.13315400513906242,0.0010204,24,,,1.0,,3,,,,,gradual
,,,,,exp3,,,,,rmse,,,0.7935937111962609,0.1777161047781921,0.26637931214610094,0.001857,,,,,0.1,3,,,,,gradual
,,,,,fixed_share,,,,,rmse,,,0.1476085701948021,0.049414407408463895,0.061933394752123935,0.0019383,,,,0.1,,3,0.005,,,,gradual
,,,,,passive_aggressive,,,,,rmse,,,0.15834665961834848,0.05342119680816208,0.06721809946159284,0.0002965,,,,,,3,,0.01,0.05,,gradual
,,,,,dma,,,,,rmse,,,0.18267309537689747,0.0654452349702551,0.08092003435280372,0.0015868,,0.9,,,,3,,,,0.995,gradual
36061.41904731732,0.0045787,0,0.01,cholesky,adaptive_ridge,110,quadratic_stacked_beta,0.0036994,7.060655881258221e-16,rmse,0.0008793,1,0.1991517935748066,0.068971042899246,0.0856267633914104,,,,,,,4,,,,,gradual
,0.0001445,,0.01,,static_ridge,,,,,rmse,,,0.18305703403122844,0.06543343211117121,0.08124382655340028,,,,,,,4,,,,,gradual
,,,0.0001,,rolling_ridge,,,,,rmse,,,0.1741431857244811,0.06283673011552648,0.07784024939125643,0.3319754,336,,,,,4,,,,,gradual
,,,,,rls,,,,,rmse,,,0.1729215356026235,0.06225860870364822,0.07737202808024217,0.0025308,,0.995,0.1,,,4,,,,,gradual
,,,,,hedge,,,,,rmse,,,0.23749791656140615,0.0807724628931727,0.10090835614484345,0.0013525,72,,,1.0,,4,,,,,gradual
,,,,,exp3,,,,,rmse,,,0.838369492181315,0.27191348537993054,0.339957053183791,0.0011732,,,,,0.1,4,,,,,gradual
,,,,,fixed_share,,,,,rmse,,,0.20868528516558588,0.07227086856801361,0.09024922237212511,0.0061214,,,,0.05,,4,0.02,,,,gradual
,,,,,passive_aggressive,,,,,rmse,,,0.18544964376768333,0.06447621162040539,0.08086666998668368,0.0001772,,,,,,4,,0.001,0.0,,gradual
,,,,,dma,,,,,rmse,,,0.4324402401627961,0.16674543695834163,0.20086491060948733,0.0015133,,0.9,,,,4,,,,0.98,gradual
1.750319290593472e6,0.0103998,0,0.001,cholesky,adaptive_ridge,110,quadratic_stacked_beta,0.0094978,6.35734145270199e-16,rmse,0.000902,1,0.13430003191090742,0.04751501303085476,0.058851344090325594,,,,,,,5,,,,,gradual
,8.66e-5,,0.001,,static_ridge,,,,,rmse,,,0.13352419093998363,0.046419615380293204,0.05749563463856703,,,,,,,5,,,,,gradual
,,,0.0001,,rolling_ridge,,,,,rmse,,,0.12383473559232472,0.04369073632685461,0.05441689131607463,0.0049104,336,,,,,5,,,,,gradual
,,,,,rls,,,,,rmse,,,0.12241492103948587,0.043275525656496075,0.05385930552950398,0.002435,,0.995,0.1,,,5,,,,,gradual
,,,,,hedge,,,,,rmse,,,0.21012839699201577,0.07083252059168027,0.0892032342414311,0.0007627,0,,,1.0,,5,,,,,gradual
,,,,,exp3,,,,,rmse,,,0.6671642337338882,0.19956322010625838,0.2503429192750228,0.0010536,,,,,0.1,5,,,,,gradual
,,,,,fixed_share,,,,,rmse,,,0.15795901866328493,0.05418480896035117,0.06809198555011022,0.0009605,,,,0.05,,5,0.01,,,,gradual
,,,,,passive_aggressive,,,,,rmse,,,0.14303204208858702,0.04903945822019113,0.06083959723650439,0.0001688,,,,,,5,,1.0,0.05,,gradual
,,,,,dma,,,,,rmse,,,0.3281841003586774,0.11887653471787937,0.1445662182717082,0.0014823,,0.9,,,,5,,,,0.995,gradual
68589.02966015009,0.0097474,0,0.01,cholesky,adaptive_ridge,110,quadratic_stacked_beta,0.0087804,6.313683098972226e-16,rmse,0.000967,1,0.31640316556046966,0.10361658836353002,0.13128396756671307,,,,,,,6,,,,,gradual
,0.0001124,,0.01,,static_ridge,,,,,rmse,,,0.3346328189095081,0.11986925923553192,0.14731230930230604,,,,,,,6,,,,,gradual
,,,0.001,,rolling_ridge,,,,,rmse,,,0.2791905761401663,0.09352869265186715,0.11803806865696949,0.0098386,72,,,,,6,,,,,gradual
,,,,,rls,,,,,rmse,,,0.2749522364531735,0.09078327005414942,0.11561695524508236,0.0030232,,0.98,1.0e-6,,,6,,,,,gradual
,,,,,hedge,,,,,rmse,,,0.4171276018160625,0.15210507399872283,0.18645226073982002,0.0035917,24,,,1.0,,6,,,,,gradual
,,,,,exp3,,,,,rmse,,,0.9761241160970237,0.38724934586393917,0.44618732998099997,0.0019094,,,,,0.1,6,,,,,gradual
,,,,,fixed_share,,,,,rmse,,,0.4069023507918456,0.14141727454513034,0.17604787143958198,0.0020531,,,,0.1,,6,0.02,,,,gradual
,,,,,passive_aggressive,,,,,rmse,,,0.2749548502815192,0.08689724385829425,0.1114749065907271,0.0001724,,,,,,6,,0.01,0.1,,gradual
,,,,,dma,,,,,rmse,,,0.5557750971178873,0.19903958986485204,0.24484549449399395,0.0024823,,0.9,,,,6,,,,0.995,gradual
8563.377133707208,0.012698699999999999,0,0.01,cholesky,adaptive_ridge,110,quadratic_stacked_beta,0.0117402,7.276571913343998e-16,rmse,0.0009585,1,0.23724902211378332,0.08033092945850413,0.10114700090210328,,,,,,,7,,,,,gradual
,6.55e-5,,0.01,,static_ridge,,,,,rmse,,,0.24441645204881973,0.07974548638667443,0.1013859908690247,,,,,,,7,,,,,gradual
,,,0.0,,rolling_ridge,,,,,rmse,,,0.23373393264111805,0.07828808235030607,0.09880407571570116,0.0014458,336,,,,,7,,,,,gradual
,,,,,rls,,,,,rmse,,,0.23255223630273522,0.07718158146223414,0.09752879925351786,0.0013616,,0.995,0.1,,,7,,,,,gradual
,,,,,hedge,,,,,rmse,,,0.25903424778310635,0.08623560704456482,0.1091196847300239,0.0003271,0,,,1.0,,7,,,,,gradual
,,,,,exp3,,,,,rmse,,,0.9089576219195424,0.2343621854719636,0.3230194580956616,0.0005667,,,,,0.2,7,,,,,gradual
,,,,,fixed_share,,,,,rmse,,,0.2676274093787746,0.08530061831143365,0.10954731323658143,0.0005276,,,,0.05,,7,0.01,,,,gradual
,,,,,passive_aggressive,,,,,rmse,,,0.23000811557940892,0.07592386686563811,0.09663403883725744,0.0002053,,,,,,7,,0.01,0.1,,gradual
,,,,,dma,,,,,rmse,,,0.4630245337738218,0.149619955645129,0.1906588588226817,0.0036462,,0.9,,,,7,,,,0.995,gradual
97800.3699857891,0.046995800000000004,0,0.001,cholesky,adaptive_ridge,110,quadratic_stacked_beta,0.0458355,6.905038414239346e-16,rmse,0.0011603,1,0.17547158208514824,0.06046329960882548,0.07549426867806222,,,,,,,8,,,,,gradual
,5.92e-5,,0.0,,static_ridge,,,,,rmse,,,0.1697016843084715,0.0592709607715098,0.07384592419188465,,,,,,,8,,,,,gradual
,,,0.0,,rolling_ridge,,,,,rmse,,,0.1626198189759313,0.05784108149521064,0.0714917924856418,0.0046479,336,,,,,8,,,,,gradual
,,,,,rls,,,,,rmse,,,0.16168619099894282,0.05696196859295,0.07045760356580263,0.0053623,,0.995,0.1,,,8,,,,,gradual
,,,,,hedge,,,,,rmse,,,0.26286878235167177,0.08510394630858409,0.10800235623183435,0.0003688,0,,,0.01,,8,,,,,gradual
,,,,,exp3,,,,,rmse,,,0.7557805757642546,0.30464706159790245,0.3565482030638048,0.0007122,,,,,0.1,8,,,,,gradual
,,,,,fixed_share,,,,,rmse,,,0.2645811818256606,0.0857642041986232,0.10874927348719313,0.0010919,,,,0.01,,8,0.1,,,,gradual
,,,,,passive_aggressive,,,,,rmse,,,0.16354527299176017,0.058264827720307485,0.07275810948547572,8.33e-5,,,,,,8,,0.01,0.05,,gradual
,,,,,dma,,,,,rmse,,,0.5137709798818868,0.17794791888776157,0.21909907282687957,0.0006556,,0.9,,,,8,,,,0.98,gradual
4615.159873547695,0.0023856,0,0.1,cholesky,adaptive_ridge,110,quadratic_stacked_beta,0.0019963,7.413583869354331e-16,rmse,0.0003893,1,0.24633464383772893,0.08867915389972474,0.1095391745177521,,,,,,,9,,,,,gradual
,4.65e-5,,0.1,,static_ridge,,,,,rmse,,,0.24685814218139118,0.08863031180407924,0.10925350789467855,,,,,,,9,,,,,gradual
,,,0.0,,rolling_ridge,,,,,rmse,,,0.24191839059357698,0.08490284324427821,0.10619866195947555,0.0041564,336,,,,,9,,,,,gradual
,,,,,rls,,,,,rmse,,,0.23933341236054306,0.083710269352733,0.10472581608704097,0.0013777,,0.995,0.1,,,9,,,,,gradual
,,,,,hedge,,,,,rmse,,,0.288841800954302,0.09852788192090634,0.1238629034374165,0.0004081,0,,,0.01,,9,,,,,gradual
,,,,,exp3,,,,,rmse,,,0.927668444055707,0.29625907718343564,0.37958925214267475,0.2112592,,,,,0.1,9,,,,,gradual
,,,,,fixed_share,,,,,rmse,,,0.28955300437239445,0.09873539499906052,0.12413873052540629,0.0005541,,,,0.01,,9,0.1,,,,gradual
,,,,,passive_aggressive,,,,,rmse,,,0.24090605234561438,0.08229280785262562,0.10330798376464731,7.89e-5,,,,,,9,,0.001,0.05,,gradual
,,,,,dma,,,,,rmse,,,0.5650596164086958,0.18340052185422784,0.2342584701833203,0.001424,,0.9,,,,9,,,,0.98,gradual
57325.56600679523,0.0022673,0,0.01,cholesky,adaptive_ridge,110,quadratic_stacked_beta,0.0018859,6.781326732071404e-16,rmse,0.0003814,1,0.17140868061960973,0.058000210608184916,0.07231945361745867,,,,,,,10,,,,,gradual
,4.57e-5,,0.01,,static_ridge,,,,,rmse,,,0.17024426685147212,0.05794255950378842,0.0723756645627376,,,,,,,10,,,,,gradual
,,,0.001,,rolling_ridge,,,,,rmse,,,0.16369735096375848,0.05629578933855478,0.07032777010978757,0.0015162,336,,,,,10,,,,,gradual
,,,,,rls,,,,,rmse,,,0.1611164940927139,0.055650546282209085,0.06954589861715472,0.0021186,,0.995,0.1,,,10,,,,,gradual
,,,,,hedge,,,,,rmse,,,0.3384163422667968,0.14597351808476855,0.17047205378664435,0.0011327,336,,,1.0,,10,,,,,gradual
,,,,,exp3,,,,,rmse,,,0.7870448699525917,0.17399040082572775,0.2559450520545604,0.0018531,,,,,0.1,10,,,,,gradual
,,,,,fixed_share,,,,,rmse,,,0.30058946658716784,0.10464624780043799,0.13036856464080468,0.0018545,,,,0.1,,10,0.01,,,,gradual
,,,,,passive_aggressive,,,,,rmse,,,0.16589508479562695,0.057618813212954506,0.07173523308905763,0.000124,,,,,,10,,0.01,0.1,,gradual
,,,,,dma,,,,,rmse,,,0.3522460945593579,0.11844898424203097,0.15018777467943267,0.0016623,,0.9,,,,10,,,,0.995,gradual
30271.357861921908,0.0055117,0,0.01,cholesky,adaptive_ridge,110,quadratic_stacked_beta,0.0044868,7.644444344592333e-16,rmse,0.0010249,1,0.22560849610669742,0.07630466212126437,0.09589953294537773,,,,,,,11,,,,,gradual
,0.0001221,,0.01,,static_ridge,,,,,rmse,,,0.22179972152720018,0.07584814551518011,0.09513799194951793,,,,,,,11,,,,,gradual
,,,0.001,,rolling_ridge,,,,,rmse,,,0.22254271303671197,0.07558288924017686,0.09424964434947808,0.0075711,336,,,,,11,,,,,gradual
,,,,,rls,,,,,rmse,,,0.21706248278219722,0.07409498927407977,0.09209859963069383,0.0063682,,0.995,0.1,,,11,,,,,gradual
,,,,,hedge,,,,,rmse,,,0.3172762812291652,0.11983066643548644,0.1449290843835479,0.2794058,24,,,1.0,,11,,,,,gradual
,,,,,exp3,,,,,rmse,,,0.8548010352652041,0.27255359222651837,0.34820643150948427,0.001575,,,,,0.1,11,,,,,gradual
,,,,,fixed_share,,,,,rmse,,,0.2711115467957225,0.09471995024478096,0.11796928867013975,0.0008655,,,,0.05,,11,0.005,,,,gradual
,,,,,passive_aggressive,,,,,rmse,,,0.21393818981237203,0.07336821292629593,0.09183200977615641,0.0001489,,,,,,11,,0.01,0.1,,gradual
,,,,,dma,,,,,rmse,,,0.4161476005375282,0.13990756420311007,0.17609140748345012,0.0023529,,0.9,,,,11,,,,0.995,gradual
22522.535401496167,0.0211089,0,0.01,cholesky,adaptive_ridge,110,quadratic_stacked_beta,0.0034836,7.383689034205686e-16,rmse,0.0176253,1,0.2149440311765241,0.07142747382066444,0.09047681717242098,,,,,,,12,,,,,gradual
,8.06e-5,,0.01,,static_ridge,,,,,rmse,,,0.21671530508095807,0.07138324682916589,0.09071315633149855,,,,,,,12,,,,,gradual
,,,0.0,,rolling_ridge,,,,,rmse,,,0.20624403537972497,0.0683210201636537,0.08647218756072052,0.0083238,336,,,,,12,,,,,gradual
,,,,,rls,,,,,rmse,,,0.20421209181121427,0.06734019825274942,0.08546526557091173,0.0068277,,0.995,0.1,,,12,,,,,gradual
,,,,,hedge,,,,,rmse,,,0.24582880098873303,0.08267691313891103,0.10352083724782639,0.0007777,0,,,1.0,,12,,,,,gradual
,,,,,exp3,,,,,rmse,,,0.8734650330198873,0.28444706631323097,0.3555656157010174,0.0010709,,,,,0.1,12,,,,,gradual
,,,,,fixed_share,,,,,rmse,,,0.24530029841508558,0.08342127519268969,0.10432796406112739,0.0009186,,,,0.1,,12,0.1,,,,gradual
,,,,,passive_aggressive,,,,,rmse,,,0.2028408009731224,0.06781210416734526,0.08577741711468967,0.000337,,,,,,12,,0.001,0.01,,gradual
,,,,,dma,,,,,rmse,,,0.4460767596158395,0.15076236144836708,0.1900963558475522,0.0022796,,0.9,,,,12,,,,0.98,gradual
165119.53801605845,0.0044552,0,0.01,cholesky,adaptive_ridge,110,quadratic_stacked_beta,0.0035312,7.405704982314126e-16,rmse,0.000924,1,0.18490814899854768,0.06233103891817019,0.07859302236601157,,,,,,,13,,,,,gradual
,0.0001507,,0.0,,static_ridge,,,,,rmse,,,0.18663926526574406,0.06338166959660621,0.07979223709952402,,,,,,,13,,,,,gradual
,,,0.0,,rolling_ridge,,,,,rmse,,,0.17774921782717418,0.05932438156581735,0.07459314558134363,0.2824299,336,,,,,13,,,,,gradual
,,,,,rls,,,,,rmse,,,0.17613808726395244,0.058221131057297044,0.07321858826997549,0.0027739,,0.995,0.1,,,13,,,,,gradual
,,,,,hedge,,,,,rmse,,,0.2809160579845084,0.10172427599590335,0.12493866599592415,0.0009662,0,,,1.0,,13,,,,,gradual
,,,,,exp3,,,,,rmse,,,0.9191947388207743,0.29196495322145133,0.36893105164546064,0.0009968,,,,,0.2,13,,,,,gradual
,,,,,fixed_share,,,,,rmse,,,0.25786156962447343,0.08820893907846783,0.11063189594400613,0.0016184,,,,0.25,,13,0.05,,,,gradual
,,,,,passive_aggressive,,,,,rmse,,,0.17883025494652346,0.060839829458329456,0.07646810521558652,0.000232,,,,,,13,,0.001,0.01,,gradual
,,,,,dma,,,,,rmse,,,0.48730361686347956,0.1543382216914636,0.19652772012295638,0.0033467,,0.9,,,,13,,,,0.98,gradual
7044.488596632861,0.0042378,0,0.1,cholesky,adaptive_ridge,110,quadratic_stacked_beta,0.0033721,5.461321676515169e-16,rmse,0.0008657,1,0.313087127242644,0.10970818625754077,0.13707513251360665,,,,,,,14,,,,,gradual
,9.47e-5,,0.1,,static_ridge,,,,,rmse,,,0.3151390344486258,0.10743064353420866,0.13504629192348533,,,,,,,14,,,,,gradual
,,,0.01,,rolling_ridge,,,,,rmse,,,0.30278712289709264,0.09982026449176838,0.126290728038319,0.0095346,72,,,,,14,,,,,gradual
,,,,,rls,,,,,rmse,,,0.3001260397225624,0.09652742617389634,0.12305286414579988,0.0029926,,0.98,0.01,,,14,,,,,gradual
,,,,,hedge,,,,,rmse,,,0.335036926790658,0.11772632025847649,0.14584185144122094,0.0008938,72,,,1.0,,14,,,,,gradual
,,,,,exp3,,,,,rmse,,,0.91686542347327,0.22307367800598854,0.3125936991429794,0.0011553,,,,,0.2,14,,,,,gradual
,,,,,fixed_share,,,,,rmse,,,0.2993919287794196,0.10289463746951628,0.12839187332205462,0.0010152,,,,0.05,,14,0.01,,,,gradual
,,,,,passive_aggressive,,,,,rmse,,,0.2907614040041371,0.09596027225567409,0.12115936596063642,7.48e-5,,,,,,14,,0.01,0.1,,gradual
,,,,,dma,,,,,rmse,,,0.48394222244483226,0.1607635091487979,0.20205449363575662,0.0016084,,0.9,,,,14,,,,0.95,gradual
17631.562940545093,0.0908091,0,0.1,cholesky,adaptive_ridge,110,quadratic_stacked_beta,0.0904374,7.964629152901884e-16,rmse,0.0003717,1,0.3190794277178491,0.10959731126116089,0.13688581937969982,,,,,,,15,,,,,gradual
,8.41e-5,,0.1,,static_ridge,,,,,rmse,,,0.31303725690084405,0.10772692316768001,0.1348884311760078,,,,,,,15,,,,,gradual
,,,0.1,,rolling_ridge,,,,,rmse,,,0.3153305703560429,0.09975228689902411,0.12803563863313056,0.0097432,24,,,,,15,,,,,gradual
,,,,,rls,,,,,rmse,,,0.309642591217505,0.10181413990510127,0.128535385045568,0.0024976,,0.98,1.0e-6,,,15,,,,,gradual
,,,,,hedge,,,,,rmse,,,0.4255159634203406,0.18080769915445807,0.21109590813058013,0.0009796,24,,,1.0,,15,,,,,gradual
,,,,,exp3,,,,,rmse,,,0.9923553481702282,0.3147652942430359,0.4042809763769189,0.0009699,,,,,0.1,15,,,,,gradual
,,,,,fixed_share,,,,,rmse,,,0.3593057437343983,0.12279202485287447,0.1541451558374481,0.0008361,,,,0.05,,15,0.005,,,,gradual
,,,,,passive_aggressive,,,,,rmse,,,0.30812359241384046,0.09690506150027399,0.12481349851004611,0.0001956,,,,,,15,,0.01,0.05,,gradual
,,,,,dma,,,,,rmse,,,0.6206497356280584,0.20354793041673738,0.25625651294827134,0.0016022,,0.9,,,,15,,,,0.98,gradual
96465.27355943015,0.0120172,0,0.01,cholesky,adaptive_ridge,210,quadratic_stacked_beta,0.0078805,1.2105536314778655e-15,rmse,0.0041367,2,0.20077322332770892,0.06979365260104702,0.08731993877349256,,,,,,,16,,,,,gradual
,8.39e-5,,0.01,,static_ridge,,,,,rmse,,,0.20238946528403645,0.06986104758963516,0.08782060879245342,,,,,,,16,,,,,gradual
,,,0.001,,rolling_ridge,,,,,rmse,,,0.19358843656007546,0.06705409808905848,0.08371954324879012,0.0045555,336,,,,,16,,,,,gradual
,,,,,rls,,,,,rmse,,,0.19163869834879216,0.06650715406389777,0.083214369035415,0.0168906,,0.995,0.1,,,16,,,,,gradual
,,,,,hedge,,,,,rmse,,,0.2510100650640427,0.09037314728342898,0.11191619369857118,0.0108216,0,,,0.01,,16,,,,,gradual
,,,,,exp3,,,,,rmse,,,0.7588766180679357,0.2119174751452183,0.2805551939227458,0.0010353,,,,,0.2,16,,,,,gradual
,,,,,fixed_share,,,,,rmse,,,0.25154523814667457,0.09074361095908116,0.11230483266476417,0.0100145,,,,0.01,,16,0.1,,,,gradual
,,,,,passive_aggressive,,,,,rmse,,,0.1937946647812064,0.0674318459799829,0.08421530974718355,0.0001715,,,,,,16,,0.001,0.01,,gradual
,,,,,dma,,,,,rmse,,,0.44289131932519404,0.15098323214443224,0.18970237692128009,0.001533,,0.9,,,,16,,,,0.98,gradual
149771.14908388778,0.0047782,0,0.01,cholesky,adaptive_ridge,110,quadratic_stacked_beta,0.003809,8.755113465090672e-16,rmse,0.0009692,1,0.1895158818975891,0.06418029740319743,0.08136916403693778,,,,,,,17,,,,,gradual
,9.06e-5,,0.01,,static_ridge,,,,,rmse,,,0.19418457572636671,0.0650389653727623,0.081920407996403,,,,,,,17,,,,,gradual
,,,0.001,,rolling_ridge,,,,,rmse,,,0.18075756564519807,0.061223623836229715,0.0767641495137963,0.0051219,72,,,,,17,,,,,gradual
,,,,,rls,,,,,rmse,,,0.18164630561458048,0.0600435607693447,0.07570163391033578,0.0024307,,0.995,1.0e-6,,,17,,,,,gradual
,,,,,hedge,,,,,rmse,,,0.291413322298352,0.11539273244690991,0.13844709042062353,0.0009447,72,,,1.0,,17,,,,,gradual
,,,,,exp3,,,,,rmse,,,0.7509598962374328,0.2678022794005956,0.3217086015598561,0.0016301,,,,,0.1,17,,,,,gradual
,,,,,fixed_share,,,,,rmse,,,0.22830489682334906,0.08085728779276558,0.1009110794332172,0.001018,,,,0.1,,17,0.02,,,,gradual
,,,,,passive_aggressive,,,,,rmse,,,0.18216591060908244,0.06272698998654073,0.07857002832168732,0.0002274,,,,,,17,,0.01,0.1,,gradual
,,,,,dma,,,,,rmse,,,0.37733433466484506,0.12548024834330818,0.15773627595494416,0.0015589,,0.9,,,,17,,,,0.995,gradual
254156.5204905928,0.0043954,0,0.001,cholesky,adaptive_ridge,110,quadratic_stacked_beta,0.0035451,8.827254228293375e-16,rmse,0.0008503,1,0.16602552170980264,0.0579747599271997,0.07202340765900384,,,,,,,18,,,,,gradual
,0.0073713,,0.001,,static_ridge,,,,,rmse,,,0.16068397902110285,0.0573097906294586,0.07076773934452542,,,,,,,18,,,,,gradual
,,,0.001,,rolling_ridge,,,,,rmse,,,0.15984838471098256,0.05624411404531173,0.06936966518562232,0.0206932,336,,,,,18,,,,,gradual
,,,,,rls,,,,,rmse,,,0.15719326372217407,0.055833329452598016,0.06874819376740263,0.002412,,0.995,0.1,,,18,,,,,gradual
,,,,,hedge,,,,,rmse,,,0.25535286566572934,0.08270001651269414,0.10532350802427962,0.0009696,336,,,1.0,,18,,,,,gradual
,,,,,exp3,,,,,rmse,,,0.9559677910249976,0.28708783501617596,0.3569474872611433,0.0011335,,,,,0.1,18,,,,,gradual
,,,,,fixed_share,,,,,rmse,,,0.26370170532568166,0.08380712052477671,0.10742932419150474,0.0009901,,,,0.01,,18,0.01,,,,gradual
,,,,,passive_aggressive,,,,,rmse,,,0.16261253195805905,0.05616074836425148,0.07031553931676185,0.0001476,,,,,,18,,0.01,0.1,,gradual
,,,,,dma,,,,,rmse,,,0.4249704719002709,0.21482752402400807,0.23732096422539276,0.0014607,,0.9,,,,18,,,,0.995,gradual
22068.71550192088,0.011628699999999999,0,0.01,cholesky,adaptive_ridge,210,quadratic_stacked_beta,0.0060608,9.459572931221152e-16,rmse,0.0055679,2,0.23574253615398677,0.08284001165371208,0.10316144565463628,,,,,,,19,,,,,gradual
,9.84e-5,,0.01,,static_ridge,,,,,rmse,,,0.26534766012922967,0.10126856458013526,0.12239244462639493,,,,,,,19,,,,,gradual
,,,0.001,,rolling_ridge,,,,,rmse,,,0.22587563401581456,0.0768897757748176,0.09639495812367793,0.0117884,72,,,,,19,,,,,gradual
,,,,,rls,,,,,rmse,,,0.21886395503825817,0.07493456154033827,0.09341459610425001,0.0025666,,0.98,0.01,,,19,,,,,gradual
,,,,,hedge,,,,,rmse,,,0.29180832784632715,0.1043936702296371,0.12911186123306106,0.0025031,72,,,1.0,,19,,,,,gradual
,,,,,exp3,,,,,rmse,,,0.7918659830419518,0.25063492969906637,0.31422305535961786,0.0021025,,,,,0.1,19,,,,,gradual
,,,,,fixed_share,,,,,rmse,,,0.28762800975529773,0.10416942692896325,0.12857925832281553,0.0017809,,,,0.05,,19,0.02,,,,gradual
,,,,,passive_aggressive,,,,,rmse,,,0.22645825249714002,0.074630215227179,0.09392805739347174,0.0001786,,,,,,19,,0.01,0.1,,gradual
,,,,,dma,,,,,rmse,,,0.4332305189913188,0.17034768974926143,0.20276077729428604,0.0022714,,0.9,,,,19,,,,0.98,gradual
102170.81643407038,0.0045183,0,0.001,cholesky,adaptive_ridge,110,quadratic_stacked_beta,0.0036405,8.450014379957562e-16,rmse,0.0008778,1,0.1577266895646423,0.0544720897195082,0.06814458398027715,,,,,,,20,,,,,gradual
,9.19e-5,,0.0,,static_ridge,,,,,rmse,,,0.14143618329299001,0.04697510840927339,0.05986587229371053,,,,,,,20,,,,,gradual
,,,0.0,,rolling_ridge,,,,,rmse,,,0.13677328726308044,0.04490267826388897,0.05699268714523695,0.0036167,336,,,,,20,,,,,gradual
,,,,,rls,,,,,rmse,,,0.13561045841667518,0.044336680046807436,0.05633544910209395,0.0026543,,0.995,1.0e-6,,,20,,,,,gradual
,,,,,hedge,,,,,rmse,,,0.28915085573729316,0.09925256388715235,0.12391859426202931,0.0007548,0,,,0.01,,20,,,,,gradual
,,,,,exp3,,,,,rmse,,,0.8955211429815637,0.2631378091142362,0.3460402487490567,0.000983,,,,,0.2,20,,,,,gradual
,,,,,fixed_share,,,,,rmse,,,0.2833082059260935,0.09796223985436557,0.12225135585638076,0.0009707,,,,0.01,,20,0.005,,,,gradual
,,,,,passive_aggressive,,,,,rmse,,,0.13994491027724826,0.04879072187454954,0.061005082493896,0.000167,,,,,,20,,0.01,0.05,,gradual
,,,,,dma,,,,,rmse,,,0.5336439608590475,0.18224522826518585,0.22726244352828026,0.0029207,,0.9,,,,20,,,,0.9,gradual
64946.48227140341,0.0157449,0,0.01,cholesky,adaptive_ridge,210,quadratic_stacked_beta,0.0113211,1.0863524850028598e-15,rmse,0.0044238,2,0.20568883764362572,0.0695403700560301,0.08715804683650775,,,,,,,21,,,,,gradual
,0.0001025,,0.0,,static_ridge,,,,,rmse,,,0.21997264501211325,0.0739181062176248,0.09301550992236425,,,,,,,21,,,,,gradual
,,,0.0,,rolling_ridge,,,,,rmse,,,0.17165498488137323,0.05858448564579513,0.07385466249792004,0.0127299,336,,,,,21,,,,,gradual
,,,,,rls,,,,,rmse,,,0.17049791091469912,0.05829012445045972,0.07330329106393799,0.0025056,,0.995,0.1,,,21,,,,,gradual
,,,,,hedge,,,,,rmse,,,0.200778141420455,0.06797604142618312,0.08544396783474428,0.0007246,0,,,0.5,,21,,,,,gradual
,,,,,exp3,,,,,rmse,,,0.838505738076893,0.2793471053603515,0.34427145677901844,0.0011269,,,,,0.05,21,,,,,gradual
,,,,,fixed_share,,,,,rmse,,,0.20110597030467983,0.0683552754108625,0.08576925688579996,0.0009479,,,,0.01,,21,0.02,,,,gradual
,,,,,passive_aggressive,,,,,rmse,,,0.1740921755208472,0.05881846860171129,0.07435244789979735,0.0001174,,,,,,21,,0.01,0.1,,gradual
,,,,,dma,,,,,rmse,,,0.4155129134627674,0.13313405404040812,0.17001606295723898,0.0015815,,0.9,,,,21,,,,0.995,gradual
104735.68003751468,0.0042513,0,0.01,cholesky,adaptive_ridge,110,quadratic_stacked_beta,0.0034141,7.214612342021829e-16,rmse,0.0008372,1,0.15614421973674655,0.04991683532108061,0.06325056296263425,,,,,,,22,,,,,gradual
,0.0001271,,0.001,,static_ridge,,,,,rmse,,,0.15043940743128142,0.050165644857245645,0.06364274867681778,,,,,,,22,,,,,gradual
,,,0.001,,rolling_ridge,,,,,rmse,,,0.14258400790846668,0.04609251466826465,0.05861642118237302,0.0096103,336,,,,,22,,,,,gradual
,,,,,rls,,,,,rmse,,,0.1412675034167916,0.045834931666762016,0.05834524522931382,0.0026336,,0.995,0.1,,,22,,,,,gradual
,,,,,hedge,,,,,rmse,,,0.2332351059166917,0.07447481130830606,0.09504167443725695,0.0067253,24,,,1.0,,22,,,,,gradual
,,,,,exp3,,,,,rmse,,,0.6093709102705431,0.18172196145924124,0.2316905882018408,0.0009432,,,,,0.2,22,,,,,gradual
,,,,,fixed_share,,,,,rmse,,,0.15924061294845987,0.053260898678787714,0.06687903934041661,0.0016969,,,,0.05,,22,0.005,,,,gradual
,,,,,passive_aggressive,,,,,rmse,,,0.15281699273259555,0.050572536262756713,0.06392705908831253,0.0001685,,,,,,22,,0.01,0.05,,gradual
,,,,,dma,,,,,rmse,,,0.27192829374286553,0.0905450576745272,0.1132644717141848,0.0017848,,0.9,,,,22,,,,0.995,gradual
211287.67594029586,0.0046492,0,0.001,cholesky,adaptive_ridge,110,quadratic_stacked_beta,0.0037289,7.513392730570601e-16,rmse,0.0009203,1,0.1296012807156241,0.04498925978696539,0.05606719586867124,,,,,,,23,,,,,gradual
,0.0001182,,0.0,,static_ridge,,,,,rmse,,,0.1360142855236756,0.046022159928246195,0.058272002305255685,,,,,,,23,,,,,gradual
,,,0.0001,,rolling_ridge,,,,,rmse,,,0.11841983983379631,0.04178081206356911,0.05213486496346657,0.0098699,336,,,,,23,,,,,gradual
,,,,,rls,,,,,rmse,,,0.11858578055651885,0.04162985358100308,0.052140104766592386,0.0025373,,0.995,0.1,,,23,,,,,gradual
,,,,,hedge,,,,,rmse,,,0.3120092964101088,0.11048316439811669,0.13716820402295454,0.0009114,168,,,1.0,,23,,,,,gradual
,,,,,exp3,,,,,rmse,,,0.8424623199177472,0.21632350687057228,0.30062237864741714,0.0009913,,,,,0.1,23,,,,,gradual
,,,,,fixed_share,,,,,rmse,,,0.2255477917789984,0.07674493610754608,0.09583140190579428,0.0008843,,,,0.5,,23,0.05,,,,gradual
,,,,,passive_aggressive,,,,,rmse,,,0.12378430173678912,0.04556762747610697,0.055971916175473556,0.0001746,,,,,,23,,0.001,0.01,,gradual
,,,,,dma,,,,,rmse,,,0.30508549995046247,0.10688493850503401,0.13333673162204634,0.008832,,0.9,,,,23,,,,0.995,gradual
201142.93525069152,0.0284981,0,0.01,cholesky,adaptive_ridge,310,quadratic_stacked_beta,0.0161168,1.7547789084267075e-15,rmse,0.0123813,3,0.20188545574855035,0.0692356514990897,0.08618158749911166,,,,,,,24,,,,,gradual
,0.0001179,,0.0,,static_ridge,,,,,rmse,,,0.24442342009595944,0.08343126927457158,0.10467244494555722,,,,,,,24,,,,,gradual
,,,0.001,,rolling_ridge,,,,,rmse,,,0.18126035379767125,0.058382520121550714,0.07431595719994252,0.0183016,336,,,,,24,,,,,gradual
,,,,,rls,,,,,rmse,,,0.1793414262228641,0.057785278362323556,0.07355181928457905,0.0096443,,0.99,0.1,,,24,,,,,gradual
,,,,,hedge,,,,,rmse,,,0.2305220311093008,0.07818528106421761,0.09781633570902776,0.0008371,0,,,1.0,,24,,,,,gradual
,,,,,exp3,,,,,rmse,,,0.8685326562537751,0.2632355351212169,0.33630887667674964,0.0020146,,,,,0.1,24,,,,,gradual
,,,,,fixed_share,,,,,rmse,,,0.20678744452683476,0.06821815247396396,0.08649559434339776,0.0022794,,,,0.05,,24,0.01,,,,gradual
,,,,,passive_aggressive,,,,,rmse,,,0.18109935832215224,0.05961129588637127,0.07547633862970747,0.0001664,,,,,,24,,0.001,0.0,,gradual
,,,,,dma,,,,,rmse,,,0.36964109396159656,0.12461002935656508,0.15712475353299493,0.0014103,,0.9,,,,24,,,,0.95,gradual
35752.46489843231,0.0094833,0,0.1,cholesky,adaptive_ridge,110,quadratic_stacked_beta,0.0034188,6.004449063730082e-16,rmse,0.0060645,1,0.24400726283568994,0.08396845983923097,0.10482510649442611,,,,,,,25,,,,,gradual
,8.14e-5,,0.1,,static_ridge,,,,,rmse,,,0.24943249381964105,0.08477079337441486,0.10651832708535056,,,,,,,25,,,,,gradual
,,,0.001,,rolling_ridge,,,,,rmse,,,0.21737177237277844,0.07383876852840102,0.09241890800192379,0.0086075,72,,,,,25,,,,,gradual
,,,,,rls,,,,,rmse,,,0.22329541076828907,0.07151996318704264,0.09099755675928148,0.0078818,,0.95,0.1,,,25,,,,,gradual
,,,,,hedge,,,,,rmse,,,0.33791176266136674,0.16132600545016296,0.18145549256056784,0.0009342,336,,,1.0,,25,,,,,gradual
,,,,,exp3,,,,,rmse,,,0.7119681509400954,0.3189960289561833,0.36094680244607297,0.0009768,,,,,0.1,25,,,,,gradual
,,,,,fixed_share,,,,,rmse,,,0.2996324919314596,0.13052228316411082,0.15032849436853354,0.0008913,,,,0.1,,25,0.01,,,,gradual
,,,,,passive_aggressive,,,,,rmse,,,0.22603961380161638,0.07693860807817461,0.09678693172190263,0.0001912,,,,,,25,,0.01,0.05,,gradual
,,,,,dma,,,,,rmse,,,0.40567641181012876,0.14975578723930974,0.18250334619227182,0.0025063,,0.9,,,,25,,,,0.995,gradual
16720.925871136045,0.0042809,0,0.01,cholesky,adaptive_ridge,110,quadratic_stacked_beta,0.0034191,5.723641179706052e-16,rmse,0.0008618,1,0.23176964979828546,0.08021803775271985,0.10062618558389307,,,,,,,26,,,,,gradual
,0.0001463,,0.001,,static_ridge,,,,,rmse,,,0.2404395276456878,0.0807393207115924,0.10278161168260401,,,,,,,26,,,,,gradual
,,,0.01,,rolling_ridge,,,,,rmse,,,0.22661382016254394,0.07908046140661587,0.09830729051283682,0.002911,72,,,,,26,,,,,gradual
,,,,,rls,,,,,rmse,,,0.22773093195962754,0.07664165605608296,0.09653090476802395,0.018519,,0.98,1.0e-6,,,26,,,,,gradual
,,,,,hedge,,,,,rmse,,,0.3754087438861553,0.18037429207724856,0.20208899529905353,0.0017113,72,,,1.0,,26,,,,,gradual
,,,,,exp3,,,,,rmse,,,0.9128295170081144,0.2877021840098827,0.3645390793057613,0.0010592,,,,,0.2,26,,,,,gradual
,,,,,fixed_share,,,,,rmse,,,0.3732056089645716,0.15606138235833444,0.18204656694191687,0.0009238,,,,0.25,,26,0.05,,,,gradual
,,,,,passive_aggressive,,,,,rmse,,,0.21995050660464674,0.07616856776629749,0.09535069293415921,0.0001798,,,,,,26,,0.01,0.05,,gradual
,,,,,dma,,,,,rmse,,,0.555905889480075,0.185893851196192,0.2345640921471521,0.0016019,,0.9,,,,26,,,,0.98,gradual
238962.134334519,0.0044071,0,0.001,cholesky,adaptive_ridge,110,quadratic_stacked_beta,0.0035074,9.382913864189606e-16,rmse,0.0008997,1,0.1527646547068619,0.05103756674777637,0.06430443552055659,,,,,,,27,,,,,gradual
,8.46e-5,,0.001,,static_ridge,,,,,rmse,,,0.15888478659533234,0.05402812961670505,0.06792924084655108,,,,,,,27,,,,,gradual
,,,0.0,,rolling_ridge,,,,,rmse,,,0.14205138718183302,0.04676853864056164,0.05928310179385159,0.0094891,336,,,,,27,,,,,gradual
,,,,,rls,,,,,rmse,,,0.14200288330226377,0.04637602675919656,0.05869343847493325,0.0059964,,0.995,1.0e-6,,,27,,,,,gradual
,,,,,hedge,,,,,rmse,,,0.23573400986059226,0.08220138339795655,0.10253827232148054,0.0007958,0,,,1.0,,27,,,,,gradual
,,,,,exp3,,,,,rmse,,,0.6693744106682464,0.15702046019513868,0.22699455798672033,0.0010371,,,,,0.1,27,,,,,gradual
,,,,,fixed_share,,,,,rmse,,,0.20468200325618316,0.06968625041940894,0.08734926163389616,0.0008111,,,,0.5,,27,0.05,,,,gradual
,,,,,passive_aggressive,,,,,rmse,,,0.15302316928109272,0.048647414462107456,0.06198113418321781,0.0001738,,,,,,27,,0.01,0.05,,gradual
,,,,,dma,,,,,rmse,,,0.26290436303336895,0.09227459174302226,0.11473656445379543,0.0023337,,0.9,,,,27,,,,0.9,gradual
86166.46537808471,0.0045863,0,0.001,cholesky,adaptive_ridge,110,quadratic_stacked_beta,0.0036936,8.035309548018325e-16,rmse,0.0008927,1,0.18195304082954805,0.06366011472639738,0.0792737293858946,,,,,,,28,,,,,gradual
,8.67e-5,,0.001,,static_ridge,,,,,rmse,,,0.18275108118572753,0.06146122435603038,0.0773759269686257,,,,,,,28,,,,,gradual
,,,0.0,,rolling_ridge,,,,,rmse,,,0.17830970086433293,0.06136826583177127,0.07652386898716847,0.0027912,336,,,,,28,,,,,gradual
,,,,,rls,,,,,rmse,,,0.1749459724851083,0.06023366442697636,0.07539201175984808,0.0025861,,0.995,0.1,,,28,,,,,gradual
,,,,,hedge,,,,,rmse,,,0.27452580462763815,0.09694977929358464,0.12033778300914431,0.0022749,72,,,1.0,,28,,,,,gradual
,,,,,exp3,,,,,rmse,,,0.6140545013144282,0.14376104294453948,0.20792314825500843,0.0029421,,,,,0.1,28,,,,,gradual
,,,,,fixed_share,,,,,rmse,,,0.1782373331976065,0.06128062849794099,0.07680396146557647,0.0030216,,,,0.05,,28,0.005,,,,gradual
,,,,,passive_aggressive,,,,,rmse,,,0.18306566639439187,0.06496959212156689,0.0805029923681808,0.0002205,,,,,,28,,0.01,0.05,,gradual
,,,,,dma,,,,,rmse,,,0.24411292395734846,0.08531384368098927,0.10636790365488075,0.0016765,,0.9,,,,28,,,,0.9,gradual
40198.36881142518,0.006077600000000001,0,0.01,cholesky,adaptive_ridge,110,quadratic_stacked_beta,0.0049963,6.670006125585279e-16,rmse,0.0010813,1,0.20688211149074834,0.0694303387988113,0.08702260675866291,,,,,,,29,,,,,gradual
,8.64e-5,,0.01,,static_ridge,,,,,rmse,,,0.21039160406011972,0.07087168036267005,0.08867761186341253,,,,,,,29,,,,,gradual
,,,0.0,,rolling_ridge,,,,,rmse,,,0.18457558839611166,0.06558075176261005,0.08156008854450578,0.0032392,336,,,,,29,,,,,gradual
,,,,,rls,,,,,rmse,,,0.18377641063280492,0.0651680074963615,0.0809751658970706,0.0085901,,0.995,0.1,,,29,,,,,gradual
,,,,,hedge,,,,,rmse,,,0.2411452247510196,0.07992651537984179,0.10050689831702374,0.0010317,168,,,1.0,,29,,,,,gradual
,,,,,exp3,,,,,rmse,,,0.853952993104357,0.2431869357843253,0.31990168426568105,0.0015179,,,,,0.1,29,,,,,gradual
,,,,,fixed_share,,,,,rmse,,,0.24145933330758967,0.0802765633636932,0.10094861757775263,0.0008202,,,,0.01,,29,0.005,,,,gradual
,,,,,passive_aggressive,,,,,rmse,,,0.18945457902713486,0.06434921659759574,0.08112883906123292,0.0001869,,,,,,29,,0.01,0.05,,gradual
,,,,,dma,,,,,rmse,,,0.4877319854745542,0.16674493321053688,0.2087194598724397,0.0013639,,0.9,,,,29,,,,0.95,gradual
47068.04945385115,0.0148896,0,0.01,cholesky,adaptive_ridge,210,quadratic_stacked_beta,0.0100879,1.084842096598274e-15,rmse,0.0048017,2,0.23021197175152705,0.07836974295783766,0.09900293939160085,,,,,,,30,,,,,gradual
,0.0001279,,0.01,,static_ridge,,,,,rmse,,,0.2681237104440177,0.10628204496691289,0.12676033278317406,,,,,,,30,,,,,gradual
,,,0.0,,rolling_ridge,,,,,rmse,,,0.210615502031603,0.0706379114492296,0.08898688114453367,0.0095888,336,,,,,30,,,,,gradual
,,,,,rls,,,,,rmse,,,0.20826066476722058,0.07008043400625677,0.08796042075043192,0.0022736,,0.995,0.1,,,30,,,,,gradual
,,,,,hedge,,,,,rmse,,,0.37509058862910344,0.14851555960774304,0.17597804187519556,0.0009067,24,,,1.0,,30,,,,,gradual
,,,,,exp3,,,,,rmse,,,0.931709880941608,0.3015762494354966,0.3837163951236746,0.0010509,,,,,0.1,30,,,,,gradual
,,,,,fixed_share,,,,,rmse,,,0.29664845772342396,0.10149275654737028,0.12724015325754134,0.0019502,,,,0.1,,30,0.02,,,,gradual
,,,,,passive_aggressive,,,,,rmse,,,0.2167176607539438,0.07223840137012855,0.09120070513393301,0.0001645,,,,,,30,,0.01,0.1,,gradual
,,,,,dma,,,,,rmse,,,0.5278060044271077,0.17689162471790063,0.22281636575200106,0.0014572,,0.9,,,,30,,,,0.98,gradual
2.7248011524739957e9,0.0040213,0,1.0e-6,cholesky,adaptive_ridge,110,quadratic_stacked_beta,0.0031282,9.40085689302147e-16,rmse,0.0008931,1,0.03928602527909732,0.013590485658600068,0.017020327182673323,,,,,,,1,,,,,abrupt
,0.0002061,,0.0,,static_ridge,,,,,rmse,,,0.038090386689552905,0.013162161094675873,0.016515398976097443,,,,,,,1,,,,,abrupt
,,,1.0e-6,,rolling_ridge,,,,,rmse,,,0.038747238515729296,0.013470598939058089,0.016881617637471816,0.0051439,336,,,,,1,,,,,abrupt
,,,,,rls,,,,,rmse,,,0.03846516857108776,0.013395030238240822,0.01676821154868534,0.0027727,,0.995,0.1,,,1,,,,,abrupt
,,,,,hedge,,,,,rmse,,,0.21434203332349788,0.07549121420749691,0.09439008786759281,0.0011277,336,,,1.0,,1,,,,,abrupt
,,,,,exp3,,,,,rmse,,,0.5575071194308727,0.16775175670334802,0.2079897583408115,0.0013089,,,,,0.1,1,,,,,abrupt
,,,,,fixed_share,,,,,rmse,,,0.15271597793017175,0.05134701864068474,0.06474229487279187,0.0070425,,,,0.05,,1,0.01,,,,abrupt
,,,,,passive_aggressive,,,,,rmse,,,0.05315769956949863,0.0175035330472459,0.022054901199857306,0.0002059,,,,,,1,,1.0,0.01,,abrupt
,,,,,dma,,,,,rmse,,,0.26170594062073077,0.12326395899325038,0.13917918733511028,0.0264724,,0.9,,,,1,,,,0.95,abrupt
5.3096531188198484e7,0.0105182,0,0.0,cholesky,adaptive_ridge,110,quadratic_stacked_beta,0.0095735,1.0969983084254103e-15,rmse,0.0009447,1,0.03926666382709948,0.013495987026868508,0.016914257949356092,,,,,,,2,,,,,abrupt
,0.0001376,,0.0,,static_ridge,,,,,rmse,,,0.03920236224912568,0.013166948046235409,0.016582102472209787,,,,,,,2,,,,,abrupt
,,,0.0,,rolling_ridge,,,,,rmse,,,0.039456742277136636,0.013476584029742616,0.01684992848322273,0.0632946,336,,,,,2,,,,,abrupt
,,,,,rls,,,,,rmse,,,0.0395746819570085,0.013370370052639764,0.0167648042000714,0.0194449,,0.995,0.1,,,2,,,,,abrupt
,,,,,hedge,,,,,rmse,,,0.2401629207793491,0.09164694702113495,0.11077749994893117,0.0014889,72,,,0.01,,2,,,,,abrupt
,,,,,exp3,,,,,rmse,,,0.6406748676236085,0.24527023458113406,0.2922519873081426,0.0085258,,,,,0.1,2,,,,,abrupt
,,,,,fixed_share,,,,,rmse,,,0.24149569285825165,0.0924549502050424,0.11161990162891697,0.0013097,,,,0.01,,2,0.1,,,,abrupt
,,,,,passive_aggressive,,,,,rmse,,,0.05092665188122268,0.016768454796291472,0.021285115027725038,0.0002982,,,,,,2,,0.1,0.01,,abrupt
,,,,,dma,,,,,rmse,,,0.49231547773071016,0.21671161908433234,0.2497735520010243,0.0023798,,0.9,,,,2,,,,0.98,abrupt
2.3856572177048326e8,0.0101843,0,0.0,cholesky,adaptive_ridge,110,quadratic_stacked_beta,0.0087021,7.877402034183398e-16,rmse,0.0014822,1,0.1033265816373078,0.03507264220650655,0.043710105219114254,,,,,,,3,,,,,abrupt
,0.0001311,,0.0,,static_ridge,,,,,rmse,,,0.10163602483960986,0.033899590058368984,0.04228371371906471,,,,,,,3,,,,,abrupt
,,,0.0001,,rolling_ridge,,,,,rmse,,,0.10130430598891546,0.03252932282321659,0.04134428223980259,0.007777,72,,,,,3,,,,,abrupt
,,,,,rls,,,,,rmse,,,0.09763904311794537,0.030171989151654838,0.039052599009560506,0.0059194,,0.95,0.1,,,3,,,,,abrupt
,,,,,hedge,,,,,rmse,,,0.2000463196126883,0.06737842529344358,0.0846275055913582,0.0062293,0,,,1.0,,3,,,,,abrupt
,,,,,exp3,,,,,rmse,,,0.622740730594264,0.16979827333202877,0.2188347309101124,0.0011544,,,,,0.1,3,,,,,abrupt
,,,,,fixed_share,,,,,rmse,,,0.1607002796278971,0.05318173018647116,0.06694390601279061,0.00096,,,,0.05,,3,0.01,,,,abrupt
,,,,,passive_aggressive,,,,,rmse,,,0.1179897476853622,0.036317746575218815,0.046738446568738386,0.0001732,,,,,,3,,0.01,0.01,,abrupt
,,,,,dma,,,,,rmse,,,0.26143846175773316,0.10535041677821426,0.12533039529080628,0.0067863,,0.98,,,,3,,,,0.995,abrupt
2.549081825081087e7,0.0046721,0,0.0001,cholesky,adaptive_ridge,110,quadratic_stacked_beta,0.0038082,5.963614997259699e-16,rmse,0.0008639,1,0.06579138065515801,0.02297304768314508,0.028581711301033364,,,,,,,4,,,,,abrupt
,0.00016,,0.0001,,static_ridge,,,,,rmse,,,0.06462582244790908,0.022597407071113643,0.02805119483212792,,,,,,,4,,,,,abrupt
,,,0.0001,,rolling_ridge,,,,,rmse,,,0.06564672521133377,0.022456260353965633,0.028384249609989032,0.0074523,72,,,,,4,,,,,abrupt
,,,,,rls,,,,,rmse,,,0.06647501673390138,0.021664576229537935,0.02779168962171721,0.0092279,,0.95,0.0001,,,4,,,,,abrupt
,,,,,hedge,,,,,rmse,,,0.16221150626972086,0.05481228256896649,0.06883877255054663,0.0009076,72,,,1.0,,4,,,,,abrupt
,,,,,exp3,,,,,rmse,,,0.5021247370698544,0.17493993732300958,0.20668481277699313,0.0011825,,,,,0.1,4,,,,,abrupt
,,,,,fixed_share,,,,,rmse,,,0.10964373818324859,0.03907537784236327,0.04822575302226954,0.0008429,,,,0.1,,4,0.005,,,,abrupt
,,,,,passive_aggressive,,,,,rmse,,,0.09260431941909424,0.029160655011018638,0.03754978898319592,0.0001784,,,,,,4,,0.1,0.01,,abrupt
,,,,,dma,,,,,rmse,,,0.17511606719363357,0.06678530530380383,0.0807164529455241,0.0014317,,0.9,,,,4,,,,0.995,abrupt
4.729776059364949e8,0.027931,0,1.0e-6,cholesky,adaptive_ridge,110,quadratic_stacked_beta,0.0270032,8.311335168329405e-16,rmse,0.0009278,1,0.017917916423123802,0.00612751943241077,0.007684520665352955,,,,,,,5,,,,,abrupt
,8.32e-5,,1.0e-6,,static_ridge,,,,,rmse,,,0.017696488946914325,0.005955721653161193,0.0075056703283511265,,,,,,,5,,,,,abrupt
,,,0.0,,rolling_ridge,,,,,rmse,,,0.01826041503696375,0.006082608477220489,0.0076718093351884325,0.0068333,336,,,,,5,,,,,abrupt
,,,,,rls,,,,,rmse,,,0.017996880685324033,0.005980031693845133,0.007564137892430095,0.0146722,,0.995,0.1,,,5,,,,,abrupt
,,,,,hedge,,,,,rmse,,,0.1708523307818318,0.05944876179979084,0.07428702933239488,0.0008176,0,,,1.0,,5,,,,,abrupt
,,,,,exp3,,,,,rmse,,,0.4680682173936886,0.10003734509808922,0.14715457323043885,0.0018696,,,,,0.1,5,,,,,abrupt
,,,,,fixed_share,,,,,rmse,,,0.054679678223190455,0.04597697122362827,0.046171724015605334,0.0020619,,,,1.0,,5,0.005,,,,abrupt
,,,,,passive_aggressive,,,,,rmse,,,0.05182035895292211,0.016943728631386254,0.021588872942955452,0.0001782,,,,,,5,,1.0,0.0,,abrupt
,,,,,dma,,,,,rmse,,,0.05378762245016298,0.0458580694007657,0.04600586022515427,0.0028203,,0.995,,,,5,,,,0.995,abrupt
1.0566128467200692e8,0.0193342,0,0.0,cholesky,adaptive_ridge,110,quadratic_stacked_beta,0.0185246,6.952498147103233e-16,rmse,0.0008096,1,0.010726935843462538,0.0037298720230455385,0.004660612029016859,,,,,,,6,,,,,abrupt
,0.0001032,,0.0,,static_ridge,,,,,rmse,,,0.010575673967623956,0.0036162708783456557,0.004538578647832176,,,,,,,6,,,,,abrupt
,,,0.0,,rolling_ridge,,,,,rmse,,,0.010661266752561354,0.0036570611793373766,0.004574015051994853,0.0040466,336,,,,,6,,,,,abrupt
,,,,,rls,,,,,rmse,,,0.010671484438187627,0.003666407681614252,0.004581089303346255,0.002279,,0.995,1.0e-6,,,6,,,,,abrupt
,,,,,hedge,,,,,rmse,,,0.24811264693860505,0.0865627043852387,0.10834545918643626,0.0013182,0,,,1.0,,6,,,,,abrupt
,,,,,exp3,,,,,rmse,,,0.5781160728407033,0.09325006521997188,0.1616541491276866,0.0012266,,,,,0.1,6,,,,,abrupt
,,,,,fixed_share,,,,,rmse,,,0.07735739800518669,0.02950696314369984,0.03575787784394224,0.0024459,,,,0.1,,6,0.005,,,,abrupt
,,,,,passive_aggressive,,,,,rmse,,,0.022402944158668173,0.006749983645086662,0.008789705215482385,0.0002964,,,,,,6,,1.0,0.0,,abrupt
,,,,,dma,,,,,rmse,,,0.05702774502481111,0.049127096062645474,0.049286381857715375,0.0017556,,0.9,,,,6,,,,0.9,abrupt
15355.18375926465,0.011982900000000001,0,0.01,cholesky,adaptive_ridge,110,quadratic_stacked_beta,0.0110389,6.391320217330162e-16,rmse,0.000944,1,0.16610297162620263,0.05636030364574231,0.07098492180181547,,,,,,,7,,,,,abrupt
,7.93e-5,,0.001,,static_ridge,,,,,rmse,,,0.16304202089157244,0.05510233235931895,0.06932990210591329,,,,,,,7,,,,,abrupt
,,,0.001,,rolling_ridge,,,,,rmse,,,0.1675296594121928,0.05605873042499758,0.07077111843810029,0.3002995,336,,,,,7,,,,,abrupt
,,,,,rls,,,,,rmse,,,0.16582184469765177,0.05573697384541867,0.0702150165069192,0.0069091,,0.995,1.0e-6,,,7,,,,,abrupt
,,,,,hedge,,,,,rmse,,,0.20217316856105733,0.06939135837726693,0.08705486525585161,0.0007892,0,,,1.0,,7,,,,,abrupt
,,,,,exp3,,,,,rmse,,,0.6828597316389932,0.24787354565496067,0.30063632206125956,0.0011561,,,,,0.1,7,,,,,abrupt
,,,,,fixed_share,,,,,rmse,,,0.20160882187386317,0.068213732142117,0.08555444879139058,0.001004,,,,0.01,,7,0.005,,,,abrupt
,,,,,passive_aggressive,,,,,rmse,,,0.1691544591489197,0.056542309696571015,0.07139265570992036,0.0001992,,,,,,7,,0.001,0.05,,abrupt
,,,,,dma,,,,,rmse,,,0.4089993749700658,0.17268900023594985,0.20251405442238077,0.0015395,,0.9,,,,7,,,,0.995,abrupt
845297.3593823552,0.0045474,0,0.0001,cholesky,adaptive_ridge,110,quadratic_stacked_beta,0.0037285,7.820920402463225e-16,rmse,0.0008189,1,0.08521443703022151,0.029086432218865782,0.03638938031792793,,,,,,,8,,,,,abrupt
,0.0001059,,0.0001,,static_ridge,,,,,rmse,,,0.08293667861467732,0.028801941746641895,0.03592951256499522,,,,,,,8,,,,,abrupt
,,,0.0,,rolling_ridge,,,,,rmse,,,0.08561099797961116,0.02932519735124866,0.03671039094229331,0.1205117,336,,,,,8,,,,,abrupt
,,,,,rls,,,,,rmse,,,0.08443750396639178,0.029108306317339804,0.03638950166329774,0.0074866,,0.995,0.1,,,8,,,,,abrupt
,,,,,hedge,,,,,rmse,,,0.18598307263466526,0.06070246365102925,0.07695738156606158,0.0008001,0,,,1.0,,8,,,,,abrupt
,,,,,exp3,,,,,rmse,,,0.48938279673000307,0.14650191063117077,0.18810115353294196,0.0027534,,,,,0.1,8,,,,,abrupt
,,,,,fixed_share,,,,,rmse,,,0.15587694174548297,0.0515736722568618,0.06501217848180117,0.0017157,,,,0.05,,8,0.01,,,,abrupt
,,,,,passive_aggressive,,,,,rmse,,,0.0893756688552046,0.03150554484809149,0.03924689266381534,0.0001837,,,,,,8,,0.001,0.01,,abrupt
,,,,,dma,,,,,rmse,,,0.26215185308756744,0.09911893017529079,0.11973805676507321,0.0014641,,0.9,,,,8,,,,0.995,abrupt
1.0188312942603366e6,0.0056634,0,0.0001,cholesky,adaptive_ridge,110,quadratic_stacked_beta,0.0046872,8.244080544924966e-16,rmse,0.0009762,1,0.08837026351930274,0.029877449808038598,0.037643874593058416,,,,,,,9,,,,,abrupt
,0.0001427,,0.0001,,static_ridge,,,,,rmse,,,0.08452257124778419,0.02852598691427211,0.036298590733057114,,,,,,,9,,,,,abrupt
,,,0.0001,,rolling_ridge,,,,,rmse,,,0.08722892985006878,0.029118943670004786,0.03679078723588976,0.0115141,336,,,,,9,,,,,abrupt
,,,,,rls,,,,,rmse,,,0.08651337483863669,0.028944780791176534,0.036558530477066566,0.0028262,,0.995,0.1,,,9,,,,,abrupt
,,,,,hedge,,,,,rmse,,,0.2526736993665663,0.10116638102065235,0.12089193491444715,0.0007486,0,,,1.0,,9,,,,,abrupt
,,,,,exp3,,,,,rmse,,,0.5524650429547581,0.16902706064146905,0.209833044952579,0.0013073,,,,,0.1,9,,,,,abrupt
,,,,,fixed_share,,,,,rmse,,,0.19047045242371918,0.08746675922547666,0.10019809910434437,0.0010646,,,,0.05,,9,0.005,,,,abrupt
,,,,,passive_aggressive,,,,,rmse,,,0.10737122051407264,0.0360624258347537,0.045360101538474695,0.0001428,,,,,,9,,0.1,0.05,,abrupt
,,,,,dma,,,,,rmse,,,0.20341914462804028,0.12093327441812124,0.12772977869222038,0.001488,,0.9,,,,9,,,,0.995,abrupt
297800.69230836694,0.0042351,0,0.0001,cholesky,adaptive_ridge,110,quadratic_stacked_beta,0.0032774,7.8055617216629715e-16,rmse,0.0009577,1,0.1259478630662603,0.04351406494187156,0.05409494149733959,,,,,,,10,,,,,abrupt
,9.96e-5,,0.0,,static_ridge,,,,,rmse,,,0.12371231939154345,0.041971808418109866,0.05261232718467224,,,,,,,10,,,,,abrupt
,,,0.0001,,rolling_ridge,,,,,rmse,,,0.12923850451517688,0.042694180115667675,0.05382415746018087,0.0113578,336,,,,,10,,,,,abrupt
,,,,,rls,,,,,rmse,,,0.12658726724675165,0.042195015812288045,0.053099786025039,0.0070921,,0.995,1.0e-6,,,10,,,,,abrupt
,,,,,hedge,,,,,rmse,,,0.22474725873225215,0.07680603792088803,0.09696114012383937,0.0009397,168,,,0.01,,10,,,,,abrupt
,,,,,exp3,,,,,rmse,,,0.6315975836602196,0.19972464566363612,0.25047385403374,0.0010204,,,,,0.1,10,,,,,abrupt
,,,,,fixed_share,,,,,rmse,,,0.22458028461445412,0.07687879285691296,0.09703322717825179,0.000809,,,,0.01,,10,0.1,,,,abrupt
,,,,,passive_aggressive,,,,,rmse,,,0.13951686292703872,0.0450148373310038,0.057107109819104,0.0001702,,,,,,10,,0.01,0.05,,abrupt
,,,,,dma,,,,,rmse,,,0.35892777760732314,0.14572930243122673,0.1735383269022505,0.0014886,,0.9,,,,10,,,,0.9,abrupt
302515.936254439,0.0044203,0,0.001,cholesky,adaptive_ridge,110,quadratic_stacked_beta,0.0034556,7.469374178768919e-16,rmse,0.0009647,1,0.1851480258160631,0.0629849763575015,0.07905536465195234,,,,,,,11,,,,,abrupt
,0.0001506,,0.0,,static_ridge,,,,,rmse,,,0.18074155968294278,0.061221890649091074,0.07754129808770381,,,,,,,11,,,,,abrupt
,,,0.001,,rolling_ridge,,,,,rmse,,,0.1857809592726781,0.06085866542147431,0.07685381146101286,0.0041436,72,,,,,11,,,,,abrupt
,,,,,rls,,,,,rmse,,,0.18295880333282838,0.057597047996162845,0.0739545569104973,0.0025351,,0.95,0.1,,,11,,,,,abrupt
,,,,,hedge,,,,,rmse,,,0.23359402360003625,0.08055064674222759,0.10055792110868479,0.0009906,24,,,1.0,,11,,,,,abrupt
,,,,,exp3,,,,,rmse,,,0.6480731421942723,0.1934048050928753,0.2513517954438165,0.0011821,,,,,0.1,11,,,,,abrupt
,,,,,fixed_share,,,,,rmse,,,0.21618953290044085,0.07210364881723817,0.0908439349144857,0.0066475,,,,0.05,,11,0.01,,,,abrupt
,,,,,passive_aggressive,,,,,rmse,,,0.18537963067056126,0.060098026763061245,0.07674168255271879,0.0002202,,,,,,11,,0.01,0.05,,abrupt
,,,,,dma,,,,,rmse,,,0.3406745458628075,0.11972947409594206,0.14928952841449084,0.001443,,0.9,,,,11,,,,0.995,abrupt
63828.105895780885,0.0048742,0,0.001,cholesky,adaptive_ridge,110,quadratic_stacked_beta,0.0039969,5.948893921251893e-16,rmse,0.0008773,1,0.14774415516009337,0.05034295846107355,0.06324027306558712,,,,,,,12,,,,,abrupt
,0.0001218,,0.001,,static_ridge,,,,,rmse,,,0.14234401773669508,0.048649443226399344,0.061324199767620255,,,,,,,12,,,,,abrupt
,,,0.001,,rolling_ridge,,,,,rmse,,,0.1454476433457973,0.04950752994604025,0.06245444527581194,0.0046228,336,,,,,12,,,,,abrupt
,,,,,rls,,,,,rmse,,,0.14385797202172354,0.04896228538739578,0.06168318522716362,0.0027025,,0.995,0.1,,,12,,,,,abrupt
,,,,,hedge,,,,,rmse,,,0.21533886798503346,0.07804651391803968,0.09683236706154187,0.0020277,336,,,1.0,,12,,,,,abrupt
,,,,,exp3,,,,,rmse,,,0.5707886968129785,0.17721568773512184,0.22578622445592667,0.0012324,,,,,0.1,12,,,,,abrupt
,,,,,fixed_share,,,,,rmse,,,0.18632314657870575,0.066883780229375,0.08294931925033926,0.0010963,,,,0.1,,12,0.01,,,,abrupt
,,,,,passive_aggressive,,,,,rmse,,,0.15559510911680602,0.05216309582345252,0.06550394424837874,0.0001422,,,,,,12,,0.01,0.1,,abrupt
,,,,,dma,,,,,rmse,,,0.28827721957317387,0.09751845368625328,0.12316874381369394,0.0023421,,0.9,,,,12,,,,0.995,abrupt
9.066815720697519e8,0.0043825,0,0.0,cholesky,adaptive_ridge,110,quadratic_stacked_beta,0.0034978,9.284644544126214e-16,rmse,0.0008847,1,0.01849926887317055,0.006321311054975869,0.007897965295904898,,,,,,,13,,,,,abrupt
,0.0001664,,0.0,,static_ridge,,,,,rmse,,,0.018094414175067238,0.006135293399730953,0.007700472454401712,,,,,,,13,,,,,abrupt
,,,0.0,,rolling_ridge,,,,,rmse,,,0.018490699569412402,0.006278641480788802,0.007852164969880298,0.0358142,336,,,,,13,,,,,abrupt
,,,,,rls,,,,,rmse,,,0.018465563457954918,0.006238105744396455,0.007801967115179602,0.0083085,,0.995,1.0e-6,,,13,,,,,abrupt
,,,,,hedge,,,,,rmse,,,0.1967817494872488,0.07000938753602369,0.08688576723767838,0.0007521,0,,,1.0,,13,,,,,abrupt
,,,,,exp3,,,,,rmse,,,0.5325224797347632,0.14432010352841423,0.18399340853917767,0.0015117,,,,,0.1,13,,,,,abrupt
,,,,,fixed_share,,,,,rmse,,,0.11957841908123548,0.05005695754189325,0.05921403941659386,0.0008956,,,,0.25,,13,0.02,,,,abrupt
,,,,,passive_aggressive,,,,,rmse,,,0.04700367905279976,0.014655788440778337,0.018728845174046334,0.0001729,,,,,,13,,0.1,0.0,,abrupt
,,,,,dma,,,,,rmse,,,0.11329765234211871,0.0911612468775544,0.09189871625519233,0.0031237,,0.9,,,,13,,,,0.995,abrupt
2.298914707811206e7,0.0048598999999999995,0,0.0001,cholesky,adaptive_ridge,110,quadratic_stacked_beta,0.0039517,1.1169248504160126e-15,rmse,0.0009082,1,0.22279863318851206,0.08064059223808767,0.1001784903649412,,,,,,,14,,,,,abrupt
,8.18e-5,,0.0001,,static_ridge,,,,,rmse,,,0.21465277708808939,0.07847051562550306,0.09695276985618971,,,,,,,14,,,,,abrupt
,,,0.0001,,rolling_ridge,,,,,rmse,,,0.22131209531149487,0.057796091503588005,0.08023105377588229,0.0091185,24,,,,,14,,,,,abrupt
,,,,,rls,,,,,rmse,,,0.20537179517032073,0.05441605330967037,0.07503808871028168,0.0025099,,0.9,1.0e-6,,,14,,,,,abrupt
,,,,,hedge,,,,,rmse,,,0.31518693710658424,0.1165795959186233,0.1424351676743701,0.0007661,0,,,0.01,,14,,,,,abrupt
,,,,,exp3,,,,,rmse,,,0.6350621019451299,0.25872411862380773,0.28407707553699957,0.0010601,,,,,0.2,14,,,,,abrupt
,,,,,fixed_share,,,,,rmse,,,0.3153398121724713,0.11699517534216723,0.14281080996306075,0.0011578,,,,0.01,,14,0.1,,,,abrupt
,,,,,passive_aggressive,,,,,rmse,,,0.23998044363486787,0.07146544253965544,0.0942567789141797,0.0002052,,,,,,14,,0.1,0.05,,abrupt
,,,,,dma,,,,,rmse,,,0.39031327907298163,0.1933078821200527,0.21088219737146932,0.0013892,,0.9,,,,14,,,,0.995,abrupt
5.047458458395703e6,0.0050130999999999995,0,0.0001,cholesky,adaptive_ridge,110,quadratic_stacked_beta,0.0041565,7.06982822894548e-16,rmse,0.0008566,1,0.032190786160062226,0.010590675856951589,0.01343539202570894,,,,,,,15,,,,,abrupt
,9.51e-5,,1.0e-6,,static_ridge,,,,,rmse,,,0.03111370666836578,0.010223490690130324,0.013008776349532153,,,,,,,15,,,,,abrupt
,,,0.0,,rolling_ridge,,,,,rmse,,,0.03193541097168495,0.010400861119901971,0.01321491835057844,0.0064681,336,,,,,15,,,,,abrupt
,,,,,rls,,,,,rmse,,,0.03191003062486573,0.010433138221443075,0.013248991696560864,0.0090416,,0.995,1.0e-6,,,15,,,,,abrupt
,,,,,hedge,,,,,rmse,,,0.35640728682587935,0.17501738686947904,0.19526648303405264,0.0010339,336,,,1.0,,15,,,,,abrupt
,,,,,exp3,,,,,rmse,,,0.5695642913783905,0.06347779917722947,0.15359383143743432,0.0014353,,,,,0.1,15,,,,,abrupt
,,,,,fixed_share,,,,,rmse,,,0.03396690080070544,0.011316829326353152,0.014331723156359985,0.0009031,,,,1.0,,15,0.01,,,,abrupt
,,,,,passive_aggressive,,,,,rmse,,,0.0372785534031211,0.012787475694384771,0.015902652118400928,0.0002177,,,,,,15,,0.01,0.01,,abrupt
,,,,,dma,,,,,rmse,,,0.0409083492441798,0.014657353952999257,0.017983104722024183,0.001391,,0.995,,,,15,,,,0.995,abrupt
518880.57376136445,0.0055543,0,0.0,cholesky,adaptive_ridge,110,quadratic_stacked_beta,0.0046769,6.905980783029543e-16,rmse,0.0008774,1,0.10475614943937595,0.036513513242298956,0.04527397536789043,,,,,,,16,,,,,abrupt
,0.0001063,,0.0,,static_ridge,,,,,rmse,,,0.10218582693676506,0.035617889168332244,0.044281230050771836,,,,,,,16,,,,,abrupt
,,,1.0e-6,,rolling_ridge,,,,,rmse,,,0.10385800689271747,0.03616633258417679,0.045118593888088414,0.0078138,336,,,,,16,,,,,abrupt
,,,,,rls,,,,,rmse,,,0.1030217910388729,0.035859325793456985,0.04464448612956165,0.0085097,,0.995,1.0e-6,,,16,,,,,abrupt
,,,,,hedge,,,,,rmse,,,0.2496602240892309,0.09784393816210227,0.11770453723869041,0.0010451,336,,,1.0,,16,,,,,abrupt
,,,,,exp3,,,,,rmse,,,0.6192010972459584,0.19437307032763307,0.24182347455247244,0.001644,,,,,0.1,16,,,,,abrupt
,,,,,fixed_share,,,,,rmse,,,0.20660415863480971,0.07668916864434351,0.09314320956998795,0.0202649,,,,0.05,,16,0.01,,,,abrupt
,,,,,passive_aggressive,,,,,rmse,,,0.11222426106080491,0.0388267093045674,0.0486209964513419,0.0001782,,,,,,16,,0.01,0.05,,abrupt
,,,,,dma,,,,,rmse,,,0.3160768501767574,0.1335797510739295,0.15573289493271025,0.0200984,,0.9,,,,16,,,,0.995,abrupt
2.500734700599207e10,0.0116545,0,0.0,cholesky,adaptive_ridge,110,quadratic_stacked_beta,0.0036886,7.939720810146454e-16,rmse,0.0079659,1,0.0029666918358251105,0.0010410898763670083,0.0012982514789483153,,,,,,,17,,,,,abrupt
,0.0001092,,0.0,,static_ridge,,,,,rmse,,,0.0028706048831535127,0.0010291951991356393,0.0012766221765175747,,,,,,,17,,,,,abrupt
,,,0.0,,rolling_ridge,,,,,rmse,,,0.002908485093332228,0.0010467876711317179,0.0012955834079735847,0.0106252,336,,,,,17,,,,,abrupt
,,,,,rls,,,,,rmse,,,0.002888316867255477,0.0010401924323226426,0.0012903988683303411,0.0063265,,0.995,0.1,,,17,,,,,abrupt
,,,,,hedge,,,,,rmse,,,0.21281273581063664,0.07937855756890486,0.09677413138614017,0.0020894,72,,,1.0,,17,,,,,abrupt
,,,,,exp3,,,,,rmse,,,0.5527922691133564,0.15002619262018543,0.18909132976241544,0.0016551,,,,,0.1,17,,,,,abrupt
,,,,,fixed_share,,,,,rmse,,,0.1852031327807699,0.0739372303258169,0.08831296859596514,0.0009539,,,,0.05,,17,0.01,,,,abrupt
,,,,,passive_aggressive,,,,,rmse,,,0.07568008973188776,0.023536160889284705,0.030164063949379417,0.0001949,,,,,,17,,1.0,0.0,,abrupt
,,,,,dma,,,,,rmse,,,0.15549464005861288,0.11184961914644896,0.11458580993027653,0.0014697,,0.9,,,,17,,,,0.995,abrupt
927374.6673565926,0.0059927,0,0.0,cholesky,adaptive_ridge,110,quadratic_stacked_beta,0.0050778,7.529019643645018e-16,rmse,0.0009149,1,0.07269776956591963,0.025814473085842636,0.032012818896189905,,,,,,,18,,,,,abrupt
,0.0001022,,0.0,,static_ridge,,,,,rmse,,,0.07316206851497782,0.0254582970457493,0.03147715858208943,,,,,,,18,,,,,abrupt
,,,0.0001,,rolling_ridge,,,,,rmse,,,0.07298702482517731,0.02587470904002094,0.03186895406312058,0.013034,336,,,,,18,,,,,abrupt
,,,,,rls,,,,,rmse,,,0.072980796227317,0.025787300477929497,0.031710235013559185,0.0159324,,0.995,1.0e-6,,,18,,,,,abrupt
,,,,,hedge,,,,,rmse,,,0.2762838501165232,0.10977712363367811,0.131407539872133,0.0007229,0,,,1.0,,18,,,,,abrupt
,,,,,exp3,,,,,rmse,,,0.6540183514730137,0.21050136337053352,0.2505885619951183,0.0012107,,,,,0.1,18,,,,,abrupt
,,,,,fixed_share,,,,,rmse,,,0.12520527617136307,0.04739353172007493,0.057831195537714125,0.0010454,,,,0.1,,18,0.01,,,,abrupt
,,,,,passive_aggressive,,,,,rmse,,,0.084194979400819,0.030516656855520265,0.03780599212172012,0.0001665,,,,,,18,,0.1,0.05,,abrupt
,,,,,dma,,,,,rmse,,,0.223821838862943,0.15079270056927876,0.15688412687566655,0.027871,,0.9,,,,18,,,,0.995,abrupt
30605.278973861266,0.007046800000000001,0,0.001,cholesky,adaptive_ridge,110,quadratic_stacked_beta,0.0055398,5.750418625236549e-16,rmse,0.001507,1,0.16254235934890798,0.05298493488231253,0.06728056771664358,,,,,,,19,,,,,abrupt
,0.0001203,,0.001,,static_ridge,,,,,rmse,,,0.15533361383705396,0.05190725005791426,0.06556688181190112,,,,,,,19,,,,,abrupt
,,,0.0,,rolling_ridge,,,,,rmse,,,0.1610172687163871,0.05284972833392296,0.06679291246244314,0.0028392,336,,,,,19,,,,,abrupt
,,,,,rls,,,,,rmse,,,0.1573216623697441,0.052268921447279126,0.06591236842727792,0.002402,,0.995,0.1,,,19,,,,,abrupt
,,,,,hedge,,,,,rmse,,,0.22821771997354787,0.08131722148104745,0.1009018963040619,0.0007681,0,,,1.0,,19,,,,,abrupt
,,,,,exp3,,,,,rmse,,,0.6204998738365741,0.21110792949141396,0.2600680660374753,0.0011359,,,,,0.1,19,,,,,abrupt
,,,,,fixed_share,,,,,rmse,,,0.18509761514484196,0.06429432044701662,0.08009541640499775,0.0009055,,,,0.05,,19,0.005,,,,abrupt
,,,,,passive_aggressive,,,,,rmse,,,0.16553539554241845,0.05391726549794541,0.06891790310676242,0.0001416,,,,,,19,,0.01,0.1,,abrupt
,,,,,dma,,,,,rmse,,,0.3367690615191531,0.10796282998832869,0.1360678146316351,0.006025,,0.9,,,,19,,,,0.995,abrupt
188269.81971660675,0.0086916,0,0.001,cholesky,adaptive_ridge,110,quadratic_stacked_beta,0.0078674,8.083923074757517e-16,rmse,0.0008242,1,0.10522385141240934,0.036121366184082765,0.045321798050457066,,,,,,,20,,,,,abrupt
,9.23e-5,,0.0001,,static_ridge,,,,,rmse,,,0.10455190669420242,0.035367327727280594,0.044494279894248825,,,,,,,20,,,,,abrupt
,,,0.0001,,rolling_ridge,,,,,rmse,,,0.10541972653289726,0.035827882120889984,0.0450529319576222,0.0043588,336,,,,,20,,,,,abrupt
,,,,,rls,,,,,rmse,,,0.10504751414668054,0.03552096410657868,0.04480179053529749,0.0075968,,0.995,1.0e-6,,,20,,,,,abrupt
,,,,,hedge,,,,,rmse,,,0.22077896449964424,0.07600254522936127,0.09483581359345475,0.0009269,336,,,1.0,,20,,,,,abrupt
,,,,,exp3,,,,,rmse,,,0.5765323041120851,0.21052972581581147,0.24677140092587918,0.0066153,,,,,0.1,20,,,,,abrupt
,,,,,fixed_share,,,,,rmse,,,0.1860276686888693,0.0732359400364675,0.08775626631770717,0.0009874,,,,0.1,,20,0.01,,,,abrupt
,,,,,passive_aggressive,,,,,rmse,,,0.11701813044223267,0.03910135896947122,0.04903440542082847,0.0001417,,,,,,20,,0.01,0.05,,abrupt
,,,,,dma,,,,,rmse,,,0.2566592159670699,0.10316379117834315,0.12353256125866964,0.001412,,0.9,,,,20,,,,0.995,abrupt
116662.12202033124,0.004340500000000001,0,0.001,cholesky,adaptive_ridge,110,quadratic_stacked_beta,0.0033811,6.50667003946661e-16,rmse,0.0009594,1,0.15288562147555662,0.0528143072079624,0.0659886561988991,,,,,,,21,,,,,abrupt
,8.85e-5,,0.001,,static_ridge,,,,,rmse,,,0.1459327403168122,0.05040782984270499,0.06292329526729794,,,,,,,21,,,,,abrupt
,,,0.0,,rolling_ridge,,,,,rmse,,,0.1492557466906571,0.052778336742760626,0.06548120239891968,0.009703,336,,,,,21,,,,,abrupt
,,,,,rls,,,,,rmse,,,0.145468761058374,0.051251490579767245,0.06367202464866176,0.0034925,,0.995,0.1,,,21,,,,,abrupt
,,,,,hedge,,,,,rmse,,,0.27046803400979125,0.12888230276724716,0.14473290541721215,0.0007265,0,,,1.0,,21,,,,,abrupt
,,,,,exp3,,,,,rmse,,,0.5932172970778677,0.18336211132202662,0.22923869848835993,0.0067764,,,,,0.1,21,,,,,abrupt
,,,,,fixed_share,,,,,rmse,,,0.20881152233089517,0.08930788375065725,0.10455941909740972,0.0009791,,,,0.05,,21,0.005,,,,abrupt
,,,,,passive_aggressive,,,,,rmse,,,0.15190784474394298,0.053066299685280316,0.06574358635726585,0.0001293,,,,,,21,,0.01,0.1,,abrupt
,,,,,dma,,,,,rmse,,,0.28306912214401736,0.11140279070106811,0.13386116580068205,0.0013729,,0.9,,,,21,,,,0.995,abrupt
1.15661323791004e7,0.0041332999999999995,0,0.0001,cholesky,adaptive_ridge,110,quadratic_stacked_beta,0.0031661,6.048528837000163e-16,rmse,0.0009672,1,0.05965844135056877,0.020265376944305417,0.025393152637595427,,,,,,,22,,,,,abrupt
,9.72e-5,,1.0e-6,,static_ridge,,,,,rmse,,,0.058218160901590384,0.019605325558333612,0.024756476247418398,,,,,,,22,,,,,abrupt
,,,0.0001,,rolling_ridge,,,,,rmse,,,0.05890832901806506,0.019923384884312802,0.025064563454069117,0.0038232,336,,,,,22,,,,,abrupt
,,,,,rls,,,,,rmse,,,0.05868382127232264,0.019822247296573666,0.02486651843408677,0.0070958,,0.995,0.1,,,22,,,,,abrupt
,,,,,hedge,,,,,rmse,,,0.16658000233783476,0.05793848310949949,0.07237982017227025,0.0008204,0,,,1.0,,22,,,,,abrupt
,,,,,exp3,,,,,rmse,,,0.41697956774724415,0.08531817342135886,0.13431575485202507,0.0010116,,,,,0.1,22,,,,,abrupt
,,,,,fixed_share,,,,,rmse,,,0.07981527057920546,0.027281990342115446,0.03409772096016636,0.0009371,,,,0.1,,22,0.005,,,,abrupt
,,,,,passive_aggressive,,,,,rmse,,,0.07389582991207305,0.023377779354381144,0.029927731726198947,0.0002535,,,,,,22,,0.01,0.01,,abrupt
,,,,,dma,,,,,rmse,,,0.10010419677683585,0.03417741212929996,0.04288401285160859,0.0019368,,0.9,,,,22,,,,0.9,abrupt
691146.1066744322,0.0535803,0,0.001,cholesky,adaptive_ridge,110,quadratic_stacked_beta,0.0527316,7.11904814469955e-16,rmse,0.0008487,1,0.08499395485358256,0.028857784242823693,0.036165748655746885,,,,,,,23,,,,,abrupt
,0.0001137,,0.0,,static_ridge,,,,,rmse,,,0.08285544660357068,0.028091329039921335,0.03513101766343342,,,,,,,23,,,,,abrupt
,,,0.0,,rolling_ridge,,,,,rmse,,,0.08438616636233834,0.028820899574463894,0.03582300738600271,0.0097815,336,,,,,23,,,,,abrupt
,,,,,rls,,,,,rmse,,,0.0840610435869247,0.02863081542353919,0.03568578962173307,0.0030589,,0.995,1.0e-6,,,23,,,,,abrupt
,,,,,hedge,,,,,rmse,,,0.24825824224813695,0.08728338545949481,0.10879549631206567,0.0012606,168,,,0.01,,23,,,,,abrupt
,,,,,exp3,,,,,rmse,,,0.7427600099622574,0.3632922767709817,0.389499424786818,0.0015495,,,,,0.2,23,,,,,abrupt
,,,,,fixed_share,,,,,rmse,,,0.24883933329063673,0.08757095805239473,0.10916639228217791,0.0008609,,,,0.01,,23,0.1,,,,abrupt
,,,,,passive_aggressive,,,,,rmse,,,0.09147257739558758,0.03156718797955493,0.03917037583203863,0.0002627,,,,,,23,,0.01,0.05,,abrupt
,,,,,dma,,,,,rmse,,,0.4534299540080447,0.2719839276272488,0.2877378707099929,0.0023642,,0.9,,,,23,,,,0.98,abrupt
1.8404055766582455e7,0.0756327,0,1.0e-6,cholesky,adaptive_ridge,110,quadratic_stacked_beta,0.0741247,6.585006658909208e-16,rmse,0.001508,1,0.0817467059705805,0.027225450319355502,0.03448624770632108,,,,,,,24,,,,,abrupt
,9.71e-5,,0.0,,static_ridge,,,,,rmse,,,0.078585510005693,0.026493943590038448,0.03357101436546541,,,,,,,24,,,,,abrupt
,,,0.0001,,rolling_ridge,,,,,rmse,,,0.0807416067216668,0.026609425290434915,0.03393049498951156,0.0083658,72,,,,,24,,,,,abrupt
,,,,,rls,,,,,rmse,,,0.07922223175596767,0.026564791784844402,0.03370967772016801,0.0075157,,0.995,0.1,,,24,,,,,abrupt
,,,,,hedge,,,,,rmse,,,0.3079647107168986,0.1460223882703541,0.16343342786102855,0.0008928,336,,,1.0,,24,,,,,abrupt
,,,,,exp3,,,,,rmse,,,0.5318890828348681,0.1837890389683901,0.2168978000465577,0.0010577,,,,,0.05,24,,,,,abrupt
,,,,,fixed_share,,,,,rmse,,,0.1653366180757722,0.07530801223589938,0.08589218715739377,0.0009452,,,,0.5,,24,0.01,,,,abrupt
,,,,,passive_aggressive,,,,,rmse,,,0.09309498378304848,0.030188438427603614,0.03834770834788477,0.000143,,,,,,24,,0.01,0.05,,abrupt
,,,,,dma,,,,,rmse,,,0.23004577030795212,0.07786042028515915,0.09749155490941841,0.0014093,,0.9,,,,24,,,,0.995,abrupt
6.568384925252354e9,0.0042865,0,0.0,cholesky,adaptive_ridge,110,quadratic_stacked_beta,0.0035027,7.6407431016527e-16,rmse,0.0007838,1,0.008641637155250313,0.002962160113987835,0.0037230760582808724,,,,,,,25,,,,,abrupt
,0.0001066,,0.0,,static_ridge,,,,,rmse,,,0.008431030823137535,0.0029020234582116384,0.0036516137044763385,,,,,,,25,,,,,abrupt
,,,0.0,,rolling_ridge,,,,,rmse,,,0.008468582251990611,0.0029700487599183746,0.0037257854386699247,0.0041167,336,,,,,25,,,,,abrupt
,,,,,rls,,,,,rmse,,,0.008421064787162957,0.0029551543834789532,0.0037024004700971793,0.0076812,,0.995,1.0e-6,,,25,,,,,abrupt
,,,,,hedge,,,,,rmse,,,0.2712105363659625,0.1292827714034772,0.1463780683819619,0.0065261,0,,,1.0,,25,,,,,abrupt
,,,,,exp3,,,,,rmse,,,0.5125951059539869,0.16716194834570827,0.20113775468594622,0.0011798,,,,,0.1,25,,,,,abrupt
,,,,,fixed_share,,,,,rmse,,,0.1356293353636682,0.04867228714443505,0.06054792216806013,0.0010233,,,,0.25,,25,0.02,,,,abrupt
,,,,,passive_aggressive,,,,,rmse,,,0.08110707844481237,0.025581104339620016,0.032742007377537616,0.000225,,,,,,25,,1.0,0.0,,abrupt
,,,,,dma,,,,,rmse,,,0.2364884960626453,0.07896232896584804,0.09991631829150709,0.0015648,,0.9,,,,25,,,,0.9,abrupt
28976.790134188846,0.004362700000000001,0,0.01,cholesky,adaptive_ridge,110,quadratic_stacked_beta,0.0034098,5.862954748986762e-16,rmse,0.0009529,1,0.1278301969022022,0.04425457086823014,0.055539878207966895,,,,,,,26,,,,,abrupt
,0.0001005,,0.001,,static_ridge,,,,,rmse,,,0.12357451667673965,0.04289862232723099,0.053768242184151716,,,,,,,26,,,,,abrupt
,,,0.001,,rolling_ridge,,,,,rmse,,,0.1256724606629135,0.04353128991484974,0.05456585953757429,0.0085245,336,,,,,26,,,,,abrupt
,,,,,rls,,,,,rmse,,,0.12487370434546032,0.04336976496135871,0.054343725828602536,0.0025046,,0.995,0.1,,,26,,,,,abrupt
,,,,,hedge,,,,,rmse,,,0.17263247684152483,0.05829878531545552,0.07349637511526509,0.0007548,0,,,1.0,,26,,,,,abrupt
,,,,,exp3,,,,,rmse,,,0.5861695794914985,0.1489781965586686,0.2051447679181853,0.0012974,,,,,0.2,26,,,,,abrupt
,,,,,fixed_share,,,,,rmse,,,0.16336800164027193,0.054823403496765045,0.06895844540821054,0.0008423,,,,0.05,,26,0.02,,,,abrupt
,,,,,passive_aggressive,,,,,rmse,,,0.12917994902014437,0.04492317058005919,0.05628712177848052,0.0001835,,,,,,26,,0.001,0.01,,abrupt
,,,,,dma,,,,,rmse,,,0.2802900899031456,0.1039219236928504,0.12774176727780523,0.0014992,,0.9,,,,26,,,,0.995,abrupt
1.4212782032391175e6,0.0164394,0,0.0,cholesky,adaptive_ridge,110,quadratic_stacked_beta,0.0155908,8.831497490393239e-16,rmse,0.0008486,1,0.07932924058525247,0.02789312155031729,0.034708683144111775,,,,,,,27,,,,,abrupt
,0.0001357,,0.0,,static_ridge,,,,,rmse,,,0.07856656366142947,0.02721774741467199,0.03397562597223972,,,,,,,27,,,,,abrupt
,,,0.0,,rolling_ridge,,,,,rmse,,,0.07950440582237744,0.027830240758879646,0.03461312508280214,0.0088305,336,,,,,27,,,,,abrupt
,,,,,rls,,,,,rmse,,,0.07869242679388011,0.027512371298090386,0.034286757395999595,0.0026784,,0.995,1.0e-6,,,27,,,,,abrupt
,,,,,hedge,,,,,rmse,,,0.20883010957887835,0.07751316354106326,0.09436017316426139,0.0009425,336,,,1.0,,27,,,,,abrupt
,,,,,exp3,,,,,rmse,,,0.5213901205197591,0.1365000993656001,0.18886710488506261,0.006901,,,,,0.1,27,,,,,abrupt
,,,,,fixed_share,,,,,rmse,,,0.1214653633334753,0.043031852323251026,0.05344044692491865,0.0009457,,,,0.05,,27,0.01,,,,abrupt
,,,,,passive_aggressive,,,,,rmse,,,0.09213117366145865,0.030529611802837368,0.03835226342621847,0.0001405,,,,,,27,,0.1,0.05,,abrupt
,,,,,dma,,,,,rmse,,,0.20923964099366224,0.07766971641479635,0.09492192776843765,0.0014209,,0.9,,,,27,,,,0.95,abrupt
124064.18041597234,0.0046422,0,0.001,cholesky,adaptive_ridge,110,quadratic_stacked_beta,0.0037539,6.580618116829679e-16,rmse,0.0008883,1,0.15440187949938142,0.051006422804936974,0.06476410775565133,,,,,,,28,,,,,abrupt
,9.06e-5,,0.001,,static_ridge,,,,,rmse,,,0.14954097408194456,0.04970641076588338,0.0632210988516173,,,,,,,28,,,,,abrupt
,,,0.0001,,rolling_ridge,,,,,rmse,,,0.15311907052678908,0.05205454154526135,0.06527011428711925,0.0092931,168,,,,,28,,,,,abrupt
,,,,,rls,,,,,rmse,,,0.1506834382027022,0.050062582848558815,0.06370747661721589,0.0081295,,0.995,0.1,,,28,,,,,abrupt
,,,,,hedge,,,,,rmse,,,0.23254261069428014,0.07872840070314906,0.09864920924392227,0.0007638,0,,,1.0,,28,,,,,abrupt
,,,,,exp3,,,,,rmse,,,0.6039350046063108,0.14165779326844793,0.2012402833113549,0.0011863,,,,,0.1,28,,,,,abrupt
,,,,,fixed_share,,,,,rmse,,,0.1885811373182311,0.0753408436238832,0.0898882263121884,0.0010127,,,,0.1,,28,0.01,,,,abrupt
,,,,,passive_aggressive,,,,,rmse,,,0.1626067261126079,0.054464163571689296,0.06813460209281941,0.0002058,,,,,,28,,0.01,0.05,,abrupt
,,,,,dma,,,,,rmse,,,0.22995256887763638,0.08623720106995908,0.1055145388195849,0.0013951,,0.995,,,,28,,,,0.995,abrupt
2.442243996730042e6,0.0058585,0,0.001,cholesky,adaptive_ridge,110,quadratic_stacked_beta,0.0043031,7.60307748749037e-16,rmse,0.0015554,1,0.08996575130095819,0.031368373150647395,0.03924646260302016,,,,,,,29,,,,,abrupt
,0.0001066,,1.0e-6,,static_ridge,,,,,rmse,,,0.08764362286830835,0.030397472279775354,0.038128080517559955,,,,,,,29,,,,,abrupt
,,,0.0001,,rolling_ridge,,,,,rmse,,,0.08820700890794925,0.031127756866618686,0.03879632646326263,0.0048659,336,,,,,29,,,,,abrupt
,,,,,rls,,,,,rmse,,,0.08727733234755616,0.030664032429598705,0.03824806232254482,0.0052811,,0.995,1.0e-6,,,29,,,,,abrupt
,,,,,hedge,,,,,rmse,,,0.17126085557043338,0.057070702104781296,0.07213907215018481,0.0017096,0,,,1.0,,29,,,,,abrupt
,,,,,exp3,,,,,rmse,,,0.5378592936279206,0.13283986826669927,0.18505949117470408,0.0015664,,,,,0.1,29,,,,,abrupt
,,,,,fixed_share,,,,,rmse,,,0.1393509140772468,0.045689849822405454,0.0576678135751594,0.000725,,,,0.05,,29,0.01,,,,abrupt
,,,,,passive_aggressive,,,,,rmse,,,0.09848985201618567,0.03348571101583914,0.0418204870607806,0.0001635,,,,,,29,,0.01,0.05,,abrupt
,,,,,dma,,,,,rmse,,,0.20363950475457485,0.08514114376663007,0.10108019824767299,0.0015739,,0.9,,,,29,,,,0.9,abrupt
144219.7884927762,0.0044979,0,0.0,cholesky,adaptive_ridge,110,quadratic_stacked_beta,0.003547,6.878882256526002e-16,rmse,0.0009509,1,0.12795493139233025,0.044765602098929984,0.05537773283855238,,,,,,,30,,,,,abrupt
,0.000144,,0.0,,static_ridge,,,,,rmse,,,0.12520891326056868,0.04389804344335716,0.0542824377772901,,,,,,,30,,,,,abrupt
,,,0.0,,rolling_ridge,,,,,rmse,,,0.1281935636312864,0.044818791579475235,0.055589083870901876,0.0098267,336,,,,,30,,,,,abrupt
,,,,,rls,,,,,rmse,,,0.12670041827781012,0.0443065114662779,0.05503585803830415,0.0026414,,0.995,1.0e-6,,,30,,,,,abrupt
,,,,,hedge,,,,,rmse,,,0.23578723941904747,0.07821150664249867,0.09970485067554219,0.0009856,24,,,1.0,,30,,,,,abrupt
,,,,,exp3,,,,,rmse,,,0.6516072548039419,0.20139492897748443,0.25436217168698955,0.0011807,,,,,0.1,30,,,,,abrupt
,,,,,fixed_share,,,,,rmse,,,0.22003384691566036,0.07325455900580094,0.0921337743072806,0.0011134,,,,0.05,,30,0.01,,,,abrupt
,,,,,passive_aggressive,,,,,rmse,,,0.1388590229875031,0.04735553722516702,0.05962479231206536,0.0002063,,,,,,30,,0.01,0.05,,abrupt
,,,,,dma,,,,,rmse,,,0.3817489953518127,0.12802153026445365,0.1607967036499345,0.0014413,,0.9,,,,30,,,,0.9,abrupt
1.8575999460691183e9,0.0252181,0,0.0001,cholesky,adaptive_ridge,210,quadratic_stacked_beta,0.0214014,5.215602420622747e-15,rmse,0.0038167,2,0.059351179469135325,0.01871498196069436,0.024090311873114695,,,,,,,1,,,,,periodic
,0.0001007,,0.0,,static_ridge,,,,,rmse,,,0.10377076703451131,0.034192941192167106,0.04342711599939683,,,,,,,1,,,,,periodic
,,,0.0001,,rolling_ridge,,,,,rmse,,,0.07770701420804435,0.024004255810035794,0.030919062301103632,0.0115216,24,,,,,1,,,,,periodic
,,,,,rls,,,,,rmse,,,0.0751230404051351,0.023734391064347465,0.03052812283616528,0.0091861,,0.9,0.1,,,1,,,,,periodic
,,,,,hedge,,,,,rmse,,,0.24781864862471722,0.08890529087976776,0.10962557873858461,0.0009421,24,,,1.0,,1,,,,,periodic
,,,,,exp3,,,,,rmse,,,0.8785164489527112,0.20761510780377063,0.29365999818461885,0.0009149,,,,,0.1,1,,,,,periodic
,,,,,fixed_share,,,,,rmse,,,0.22492144799846095,0.07567047159020866,0.09484218288129348,0.0012387,,,,1.0,,1,0.1,,,,periodic
,,,,,passive_aggressive,,,,,rmse,,,0.10598022653228897,0.033683072265340855,0.04327612231816446,0.000186,,,,,,1,,0.01,0.01,,periodic
,,,,,dma,,,,,rmse,,,0.3237752215130715,0.10831043157186714,0.13450917661329673,0.0014243,,0.9,,,,1,,,,0.9,periodic
2.8822615404103834e7,0.1865627,0,0.0,cholesky,adaptive_ridge,210,quadratic_stacked_beta,0.0328506,1.7501150496628044e-15,rmse,0.1537121,2,0.05187223170251303,0.015910356797279097,0.020590414121442087,,,,,,,2,,,,,periodic
,0.0001027,,0.0,,static_ridge,,,,,rmse,,,0.06712505132708084,0.02271624875513253,0.028713338175899977,,,,,,,2,,,,,periodic
,,,0.0001,,rolling_ridge,,,,,rmse,,,0.07151491480101041,0.02301778467861122,0.029300320571656744,0.0097056,24,,,,,2,,,,,periodic
,,,,,rls,,,,,rmse,,,0.06960290792744203,0.02234663056064204,0.0283050597133337,0.0025746,,0.9,0.1,,,2,,,,,periodic
,,,,,hedge,,,,,rmse,,,0.2381622207871574,0.08239859075631537,0.10323427304937167,0.0014022,24,,,1.0,,2,,,,,periodic
,,,,,exp3,,,,,rmse,,,0.9000040294439099,0.29103651884406473,0.36815477096189375,0.0012957,,,,,0.1,2,,,,,periodic
,,,,,fixed_share,,,,,rmse,,,0.2258172111891368,0.07804395587308983,0.09738732391462375,0.0062894,,,,0.5,,2,0.1,,,,periodic
,,,,,passive_aggressive,,,,,rmse,,,0.08261997201715374,0.027578027407020193,0.034690601131272474,0.0002,,,,,,2,,0.01,0.01,,periodic
,,,,,dma,,,,,rmse,,,0.3997641516716843,0.12870879411001257,0.1669447666278182,0.0015133,,0.9,,,,2,,,,0.9,periodic
1.0852266135033914e6,0.01346,0,0.0,cholesky,adaptive_ridge,110,quadratic_stacked_beta,0.0125401,8.611578640302988e-16,rmse,0.0009199,1,0.116538209551817,0.0337657950161993,0.04475547102078307,,,,,,,3,,,,,periodic
,0.0001319,,0.0,,static_ridge,,,,,rmse,,,0.1413822144555616,0.04738046121936152,0.059990519944602305,,,,,,,3,,,,,periodic
,,,0.0001,,rolling_ridge,,,,,rmse,,,0.13225247768768444,0.03852181729517538,0.05117153447517675,0.0124957,24,,,,,3,,,,,periodic
,,,,,rls,,,,,rmse,,,0.12480667346178506,0.036521443107005225,0.048715332661038065,0.007955,,0.9,0.0001,,,3,,,,,periodic
,,,,,hedge,,,,,rmse,,,0.30933703632553405,0.12279170829685795,0.14743603064889543,0.0009297,24,,,1.0,,3,,,,,periodic
,,,,,exp3,,,,,rmse,,,0.8888045995730651,0.27629251220846973,0.34951920506481254,0.0010822,,,,,0.1,3,,,,,periodic
,,,,,fixed_share,,,,,rmse,,,0.24692189316049717,0.08615709885290226,0.10710521746145735,0.0008886,,,,1.0,,3,0.1,,,,periodic
,,,,,passive_aggressive,,,,,rmse,,,0.1451538093895848,0.04618780351210357,0.05916493825245896,0.0001706,,,,,,3,,0.01,0.05,,periodic
,,,,,dma,,,,,rmse,,,0.33955913068010185,0.1041060801039532,0.13469937400319043,0.0014041,,0.9,,,,3,,,,0.9,periodic
118187.68989989483,0.0054291,0,1.0e-6,cholesky,adaptive_ridge,110,quadratic_stacked_beta,0.003541,6.875263060130893e-16,rmse,0.0018881,1,0.10175487442530042,0.03536206269809927,0.04402027111329332,,,,,,,4,,,,,periodic
,9.54e-5,,0.0,,static_ridge,,,,,rmse,,,0.11250637697885969,0.03853264046725054,0.048318973961949264,,,,,,,4,,,,,periodic
,,,0.0,,rolling_ridge,,,,,rmse,,,0.11574392793009675,0.03955259202346755,0.04954374068730059,0.0261637,336,,,,,4,,,,,periodic
,,,,,rls,,,,,rmse,,,0.11308168392356464,0.03886289181913476,0.048669328883775176,0.0034267,,0.995,1.0e-6,,,4,,,,,periodic
,,,,,hedge,,,,,rmse,,,0.2676800258174806,0.09648055403439276,0.1195673856137491,0.0021968,24,,,1.0,,4,,,,,periodic
,,,,,exp3,,,,,rmse,,,0.7951287038414613,0.21066732537391766,0.28096562001757314,0.0014163,,,,,0.1,4,,,,,periodic
,,,,,fixed_share,,,,,rmse,,,0.2439672171161596,0.08556628789977144,0.10595222312076442,0.001541,,,,1.0,,4,0.1,,,,periodic
,,,,,passive_aggressive,,,,,rmse,,,0.11312962000869717,0.040034271742070984,0.04977544866126961,0.0001634,,,,,,4,,0.001,0.0,,periodic
,,,,,dma,,,,,rmse,,,0.3223302976071094,0.10918681217201084,0.13827066611340752,0.0014086,,0.9,,,,4,,,,0.9,periodic
2.4838306986070066e6,0.0111144,0,1.0e-6,cholesky,adaptive_ridge,110,quadratic_stacked_beta,0.0095524,7.399362343766602e-16,rmse,0.001562,1,0.0632232206828433,0.017069728244137737,0.02316668626903506,,,,,,,5,,,,,periodic
,8.97e-5,,0.0001,,static_ridge,,,,,rmse,,,0.07699610309910185,0.025331039666449482,0.03187217206578815,,,,,,,5,,,,,periodic
,,,0.001,,rolling_ridge,,,,,rmse,,,0.07091923812061535,0.024175160539301698,0.030128998535632973,0.0031008,72,,,,,5,,,,,periodic
,,,,,rls,,,,,rmse,,,0.06685569609108788,0.022970971161184853,0.0287884485355498,0.0107077,,0.95,0.0001,,,5,,,,,periodic
,,,,,hedge,,,,,rmse,,,0.17504666478340536,0.06244821398423801,0.0779965574180328,0.0009068,0,,,1.0,,5,,,,,periodic
,,,,,exp3,,,,,rmse,,,0.7117728165189584,0.1935163565460487,0.25403756615062245,0.0013152,,,,,0.1,5,,,,,periodic
,,,,,fixed_share,,,,,rmse,,,0.12183522242547533,0.04276838408605446,0.05340634423641544,0.0021567,,,,0.1,,5,0.01,,,,periodic
,,,,,passive_aggressive,,,,,rmse,,,0.0780601678608136,0.025843210098473676,0.032588299189741196,0.0002016,,,,,,5,,1.0,0.01,,periodic
,,,,,dma,,,,,rmse,,,0.21044703484233898,0.08511704103579971,0.1009082648710955,0.0015492,,0.9,,,,5,,,,0.995,periodic
438203.0831763378,0.0048854,0,0.0,cholesky,adaptive_ridge,110,quadratic_stacked_beta,0.0036736,5.756062417215312e-16,rmse,0.0012118,1,0.12538670052831755,0.03162450548051745,0.044681707390383574,,,,,,,6,,,,,periodic
,8.11e-5,,0.001,,static_ridge,,,,,rmse,,,0.1918115061088222,0.06566029662122602,0.08213712957886353,,,,,,,6,,,,,periodic
,,,0.0001,,rolling_ridge,,,,,rmse,,,0.11801634860322288,0.027622470809298198,0.040053690674258124,0.0041166,24,,,,,6,,,,,periodic
,,,,,rls,,,,,rmse,,,0.10967766531491359,0.028455831862012573,0.03911679381178195,0.0089707,,0.9,0.01,,,6,,,,,periodic
,,,,,hedge,,,,,rmse,,,0.32887234400848714,0.12154423231402553,0.14827376657437888,0.0009312,24,,,1.0,,6,,,,,periodic
,,,,,exp3,,,,,rmse,,,1.096407016930901,0.3534314235845599,0.4408795370347057,0.007805,,,,,0.1,6,,,,,periodic
,,,,,fixed_share,,,,,rmse,,,0.3282505901534567,0.12110971534733071,0.14777220461952956,0.0010462,,,,0.1,,6,0.02,,,,periodic
,,,,,passive_aggressive,,,,,rmse,,,0.16579927418127113,0.0428651757918973,0.058541097926009165,0.000176,,,,,,6,,0.01,0.01,,periodic
,,,,,dma,,,,,rmse,,,0.5280745238998396,0.1858577369422123,0.22714150000969877,0.0063799,,0.9,,,,6,,,,0.9,periodic
30349.900654358455,0.011523700000000001,0,0.001,cholesky,adaptive_ridge,110,quadratic_stacked_beta,0.0102777,9.405337301667402e-16,rmse,0.001246,1,0.17515753352517965,0.05893467051939572,0.0734617028773614,,,,,,,7,,,,,periodic
,9.5e-5,,0.001,,static_ridge,,,,,rmse,,,0.1718189675369736,0.05756546523580835,0.07247766419234443,,,,,,,7,,,,,periodic
,,,0.01,,rolling_ridge,,,,,rmse,,,0.17387458964327251,0.05748706804219526,0.07334335747695177,0.0105656,72,,,,,7,,,,,periodic
,,,,,rls,,,,,rmse,,,0.17375538622487788,0.05841170159755451,0.07348613192177232,0.0021001,,0.995,0.1,,,7,,,,,periodic
,,,,,hedge,,,,,rmse,,,0.28571902571871843,0.10604392598591539,0.1306381463026194,0.0008904,336,,,1.0,,7,,,,,periodic
,,,,,exp3,,,,,rmse,,,0.9678406932788058,0.2820364611041738,0.3681668201093245,0.0063089,,,,,0.1,7,,,,,periodic
,,,,,fixed_share,,,,,rmse,,,0.2777897209489158,0.10276154327596686,0.12607618005385424,0.0008638,,,,0.5,,7,0.1,,,,periodic
,,,,,passive_aggressive,,,,,rmse,,,0.17618156311613312,0.0590133067262671,0.0742510018804738,0.000186,,,,,,7,,0.001,0.05,,periodic
,,,,,dma,,,,,rmse,,,0.43307116173061444,0.14832119279225345,0.18748096862163294,0.0014334,,0.9,,,,7,,,,0.9,periodic
486723.5824426871,0.0680966,0,0.001,cholesky,adaptive_ridge,210,quadratic_stacked_beta,0.0637567,1.1463621855637415e-15,rmse,0.0043399,2,0.09595360995868106,0.0329762608543502,0.04116730576625839,,,,,,,8,,,,,periodic
,8.58e-5,,0.001,,static_ridge,,,,,rmse,,,0.09923725289532412,0.03536277994594858,0.0440393988983768,,,,,,,8,,,,,periodic
,,,0.0,,rolling_ridge,,,,,rmse,,,0.10088895547584872,0.03636957657118726,0.04525700535877482,0.0079882,336,,,,,8,,,,,periodic
,,,,,rls,,,,,rmse,,,0.09950159596404046,0.03574043587948108,0.0444537855161061,0.0040687,,0.995,0.1,,,8,,,,,periodic
,,,,,hedge,,,,,rmse,,,0.19940830933450143,0.06763656534979004,0.08506514763763388,0.0008817,24,,,1.0,,8,,,,,periodic
,,,,,exp3,,,,,rmse,,,0.6964578668776216,0.233271243226819,0.29095212728710457,0.0011156,,,,,0.1,8,,,,,periodic
,,,,,fixed_share,,,,,rmse,,,0.18493878321580703,0.0606690783021858,0.07683548977281639,0.0007545,,,,0.05,,8,0.02,,,,periodic
,,,,,passive_aggressive,,,,,rmse,,,0.1084841775287721,0.038825574460350294,0.04816466594657774,0.0001587,,,,,,8,,0.01,0.05,,periodic
,,,,,dma,,,,,rmse,,,0.3072396299172359,0.11481865878186263,0.1395411879002683,0.0014095,,0.9,,,,8,,,,0.9,periodic
2.1531026493709255e6,0.0139855,0,1.0e-6,cholesky,adaptive_ridge,210,quadratic_stacked_beta,0.0097272,1.1946994106407605e-15,rmse,0.0042583,2,0.13157092823018052,0.04398725001374088,0.0556059716468971,,,,,,,9,,,,,periodic
,0.0001137,,0.0,,static_ridge,,,,,rmse,,,0.17543175022692012,0.058893920970152065,0.07382265286929367,,,,,,,9,,,,,periodic
,,,0.001,,rolling_ridge,,,,,rmse,,,0.16035814832999734,0.05378407782151425,0.06805514956516952,0.0053309,72,,,,,9,,,,,periodic
,,,,,rls,,,,,rmse,,,0.15721100189359855,0.05169940525812065,0.06549241143182848,0.0106652,,0.95,1.0e-6,,,9,,,,,periodic
,,,,,hedge,,,,,rmse,,,0.32333283083970044,0.11912008589183061,0.1464752271874914,0.0008032,0,,,1.0,,9,,,,,periodic
,,,,,exp3,,,,,rmse,,,0.8298539480947362,0.2614804509538293,0.33309591816989037,0.001664,,,,,0.2,9,,,,,periodic
,,,,,fixed_share,,,,,rmse,,,0.2450474135752932,0.08259914966197605,0.10395546985337963,0.0009032,,,,1.0,,9,0.1,,,,periodic
,,,,,passive_aggressive,,,,,rmse,,,0.17232108927175024,0.05084592485971966,0.06677960154961342,0.0003176,,,,,,9,,0.1,0.05,,periodic
,,,,,dma,,,,,rmse,,,0.2851233637842695,0.09636877707940214,0.12046108190706435,0.0015186,,0.9,,,,9,,,,0.995,periodic
45683.47915395305,0.004772800000000001,0,0.001,cholesky,adaptive_ridge,110,quadratic_stacked_beta,0.003654,6.988330885468957e-16,rmse,0.0011188,1,0.15936695730099826,0.05171188218241709,0.0651073137667294,,,,,,,10,,,,,periodic
,0.0003052,,0.0,,static_ridge,,,,,rmse,,,0.17483928703863172,0.0611459931544338,0.07592836497634536,,,,,,,10,,,,,periodic
,,,0.01,,rolling_ridge,,,,,rmse,,,0.16763408243335298,0.05738639190939052,0.07209303545709311,0.0244306,72,,,,,10,,,,,periodic
,,,,,rls,,,,,rmse,,,0.1642873722744386,0.05656312825524543,0.07082020117048804,0.0082873,,0.95,0.1,,,10,,,,,periodic
,,,,,hedge,,,,,rmse,,,0.26325894773562014,0.09482373930310359,0.11664072535432096,0.0019426,168,,,0.01,,10,,,,,periodic
,,,,,exp3,,,,,rmse,,,0.808569102440602,0.2389297081936435,0.31174540920151095,0.0011331,,,,,0.2,10,,,,,periodic
,,,,,fixed_share,,,,,rmse,,,0.26208577560267693,0.0951956064059929,0.11695941548449275,0.001055,,,,0.01,,10,0.1,,,,periodic
,,,,,passive_aggressive,,,,,rmse,,,0.16602776780210868,0.05497595822653228,0.0692995778467315,0.0001959,,,,,,10,,0.01,0.05,,periodic
,,,,,dma,,,,,rmse,,,0.3703500925804686,0.13567332449206557,0.16720397060648148,0.0014761,,0.9,,,,10,,,,0.9,periodic
45617.15720022697,0.0054964,0,0.0,cholesky,adaptive_ridge,110,quadratic_stacked_beta,0.0039337,7.611938148519731e-16,rmse,0.0015627,1,0.1920677669721946,0.06167447922882701,0.07848888175780369,,,,,,,11,,,,,periodic
,0.0001006,,0.0,,static_ridge,,,,,rmse,,,0.18734241909184696,0.06496384106795274,0.08133165736694355,,,,,,,11,,,,,periodic
,,,0.01,,rolling_ridge,,,,,rmse,,,0.1841702849841929,0.062093107052555996,0.0779761846115601,0.012042,72,,,,,11,,,,,periodic
,,,,,rls,,,,,rmse,,,0.18358707206518235,0.05963196350278753,0.07603854196036912,0.0089616,,0.95,0.0001,,,11,,,,,periodic
,,,,,hedge,,,,,rmse,,,0.2808490918460369,0.10282626104779703,0.1265814246203597,0.0021971,168,,,1.0,,11,,,,,periodic
,,,,,exp3,,,,,rmse,,,0.9073644209712032,0.2611821001336032,0.34138201452510947,0.00155,,,,,0.2,11,,,,,periodic
,,,,,fixed_share,,,,,rmse,,,0.2772118043466165,0.0879760421880837,0.1132312332880628,0.0150084,,,,1.0,,11,0.1,,,,periodic
,,,,,passive_aggressive,,,,,rmse,,,0.20074035401448714,0.06468098142437408,0.08272382396213451,0.0001905,,,,,,11,,0.01,0.05,,periodic
,,,,,dma,,,,,rmse,,,0.39207172360827913,0.13501545746446267,0.16774659420605442,0.0076585,,0.9,,,,11,,,,0.9,periodic
54741.17120481941,0.005103099999999999,0,0.0,cholesky,adaptive_ridge,110,quadratic_stacked_beta,0.0041724,6.9014241839586e-16,rmse,0.0009307,1,0.15560538037121494,0.05241950682713594,0.06649211586878324,,,,,,,12,,,,,periodic
,0.0001112,,0.001,,static_ridge,,,,,rmse,,,0.15237711488837302,0.0528983893979474,0.06593770387464651,,,,,,,12,,,,,periodic
,,,0.001,,rolling_ridge,,,,,rmse,,,0.15205562144758228,0.05228766063063344,0.06566688925343382,0.0028253,72,,,,,12,,,,,periodic
,,,,,rls,,,,,rmse,,,0.15493720617086157,0.0530324834321098,0.06612866949439618,0.0025904,,0.98,1.0e-6,,,12,,,,,periodic
,,,,,hedge,,,,,rmse,,,0.19439760136180037,0.06964883926487009,0.085702176899465,0.0030138,24,,,1.0,,12,,,,,periodic
,,,,,exp3,,,,,rmse,,,0.7032691475073571,0.21589441112488414,0.27546875368777335,0.0022548,,,,,0.1,12,,,,,periodic
,,,,,fixed_share,,,,,rmse,,,0.17207199273783494,0.062088003870289996,0.07732228879952911,0.0017767,,,,0.05,,12,0.01,,,,periodic
,,,,,passive_aggressive,,,,,rmse,,,0.16035626314065257,0.055012830828602845,0.06889437943004215,0.0002009,,,,,,12,,0.01,0.1,,periodic
,,,,,dma,,,,,rmse,,,0.35758399120897166,0.12780424571016158,0.15654135410035952,0.0021676,,0.9,,,,12,,,,0.95,periodic
2.0477602611542074e6,0.0044924,0,0.0,cholesky,adaptive_ridge,110,quadratic_stacked_beta,0.0035854,6.621342945787213e-16,rmse,0.000907,1,0.062080941059202054,0.0170732212520664,0.023389812164268126,,,,,,,13,,,,,periodic
,0.000137,,0.0,,static_ridge,,,,,rmse,,,0.08403895584465484,0.028314169644101096,0.035466164537951,,,,,,,13,,,,,periodic
,,,0.0001,,rolling_ridge,,,,,rmse,,,0.0791666721299797,0.024628919424827717,0.032019849498855245,0.0114387,24,,,,,13,,,,,periodic
,,,,,rls,,,,,rmse,,,0.07895736401282002,0.02553165540001324,0.03258639718998721,0.0088392,,0.9,0.01,,,13,,,,,periodic
,,,,,hedge,,,,,rmse,,,0.24676632929059608,0.08682000646458544,0.10766715894240086,0.00138,24,,,1.0,,13,,,,,periodic
,,,,,exp3,,,,,rmse,,,0.8360177333401613,0.27640764680923224,0.34575656599092586,0.0013325,,,,,0.1,13,,,,,periodic
,,,,,fixed_share,,,,,rmse,,,0.20002649540342787,0.06739329143069643,0.08455192871847127,0.0013514,,,,0.25,,13,0.05,,,,periodic
,,,,,passive_aggressive,,,,,rmse,,,0.09281563021574188,0.030484075351537132,0.03863068077732532,0.0001404,,,,,,13,,0.1,0.05,,periodic
,,,,,dma,,,,,rmse,,,0.34481091029345007,0.12835518681943534,0.15480816712168363,0.0014267,,0.9,,,,13,,,,0.9,periodic
2.7017883588833157e6,0.06787409999999999,0,0.0001,cholesky,adaptive_ridge,210,quadratic_stacked_beta,0.0635423,1.2553478384598956e-15,rmse,0.0043318,2,0.19752205668163236,0.0635029139258422,0.08137334553669615,,,,,,,14,,,,,periodic
,9.38e-5,,0.001,,static_ridge,,,,,rmse,,,0.2822371924377295,0.09975474750300234,0.12291183642335306,,,,,,,14,,,,,periodic
,,,0.01,,rolling_ridge,,,,,rmse,,,0.21114606692404717,0.06584541644176249,0.08478109512663262,0.0114163,24,,,,,14,,,,,periodic
,,,,,rls,,,,,rmse,,,0.20721027223570748,0.06236704854989712,0.08105134256893054,0.0028159,,0.9,1.0e-6,,,14,,,,,periodic
,,,,,hedge,,,,,rmse,,,0.3055371687103762,0.11271388837331422,0.13771855209648387,0.0009768,24,,,1.0,,14,,,,,periodic
,,,,,exp3,,,,,rmse,,,0.919786286600776,0.3055002423873302,0.38821303833718024,0.0014492,,,,,0.2,14,,,,,periodic
,,,,,fixed_share,,,,,rmse,,,0.2626916932645008,0.096649415154305,0.11941629238455895,0.0012585,,,,1.0,,14,0.1,,,,periodic
,,,,,passive_aggressive,,,,,rmse,,,0.26388458119176605,0.08468495482989741,0.1080507397255853,0.0001673,,,,,,14,,0.01,0.1,,periodic
,,,,,dma,,,,,rmse,,,0.44107700002147054,0.15824527607534197,0.1950347456319897,0.0017898,,0.9,,,,14,,,,0.95,periodic
104615.83287865832,0.0050414,0,0.0,cholesky,adaptive_ridge,110,quadratic_stacked_beta,0.003529,7.105995693979066e-16,rmse,0.0015124,1,0.18183815023882743,0.048003921162657524,0.0656341307807396,,,,,,,15,,,,,periodic
,5.12e-5,,0.001,,static_ridge,,,,,rmse,,,0.22510107016523276,0.0753104947622167,0.09432810871385704,,,,,,,15,,,,,periodic
,,,0.001,,rolling_ridge,,,,,rmse,,,0.1649353764229849,0.048314541264082314,0.06266652435040708,0.0084209,24,,,,,15,,,,,periodic
,,,,,rls,,,,,rmse,,,0.15581956706417271,0.045546258986627154,0.05962302324294347,0.0139433,,0.9,1.0e-6,,,15,,,,,periodic
,,,,,hedge,,,,,rmse,,,0.36893575195439604,0.1533654298532069,0.18163463408725786,0.0033013,24,,,1.0,,15,,,,,periodic
,,,,,exp3,,,,,rmse,,,0.9508844590060969,0.31016176958998604,0.3826053600637514,0.0016737,,,,,0.1,15,,,,,periodic
,,,,,fixed_share,,,,,rmse,,,0.31193042252829206,0.11215191411717369,0.14004735614931668,0.0009206,,,,0.1,,15,0.005,,,,periodic
,,,,,passive_aggressive,,,,,rmse,,,0.18900173956788252,0.046629700803925395,0.06503742863448009,0.0059609,,,,,,15,,0.01,0.01,,periodic
,,,,,dma,,,,,rmse,,,0.46395504581639857,0.14342164058364903,0.18433710911794804,0.0015618,,0.9,,,,15,,,,0.9,periodic
838863.4864119969,0.0925569,0,1.0e-6,cholesky,adaptive_ridge,210,quadratic_stacked_beta,0.0878712,1.1763203252210178e-15,rmse,0.0046857,2,0.116889852214028,0.03941793908461027,0.049510554404830695,,,,,,,16,,,,,periodic
,0.0001163,,0.0,,static_ridge,,,,,rmse,,,0.13957392839345378,0.048722770151943574,0.06106895925905881,,,,,,,16,,,,,periodic
,,,0.001,,rolling_ridge,,,,,rmse,,,0.13524821071213483,0.04563857462868801,0.05746479990669548,0.0059341,72,,,,,16,,,,,periodic
,,,,,rls,,,,,rmse,,,0.1335225065885437,0.04467282043315959,0.05653178462830305,0.0056192,,0.95,0.1,,,16,,,,,periodic
,,,,,hedge,,,,,rmse,,,0.2547734180209055,0.10214191685529257,0.12251755817714433,0.0005319,168,,,1.0,,16,,,,,periodic
,,,,,exp3,,,,,rmse,,,0.7946762609009711,0.23509978711084475,0.3057508582774625,0.0006108,,,,,0.1,16,,,,,periodic
,,,,,fixed_share,,,,,rmse,,,0.1887184141460539,0.0646783484573203,0.08076183852550643,0.0011784,,,,1.0,,16,0.1,,,,periodic
,,,,,passive_aggressive,,,,,rmse,,,0.1279202101473949,0.04269447911478561,0.05386415993544214,0.0002506,,,,,,16,,0.01,0.05,,periodic
,,,,,dma,,,,,rmse,,,0.2871542362212983,0.09788483164979703,0.11994738188962283,0.0006681,,0.9,,,,16,,,,0.995,periodic
1.1465893963979486e7,0.025507000000000002,0,1.0e-6,cholesky,adaptive_ridge,110,quadratic_stacked_beta,0.0242086,1.0903561595507409e-15,rmse,0.0012984,1,0.03348097368591757,0.010461001227539447,0.01334266034265123,,,,,,,17,,,,,periodic
,8.09e-5,,0.0,,static_ridge,,,,,rmse,,,0.1219753271617193,0.04245926111047908,0.05311097755586187,,,,,,,17,,,,,periodic
,,,1.0e-6,,rolling_ridge,,,,,rmse,,,0.08176836340403831,0.023097539331928735,0.030767322074104837,0.0047993,24,,,,,17,,,,,periodic
,,,,,rls,,,,,rmse,,,0.0753909478968471,0.02275336277126768,0.029289941245583248,0.0109388,,0.9,0.01,,,17,,,,,periodic
,,,,,hedge,,,,,rmse,,,0.25053477986651823,0.09098894260768153,0.11210723568868271,0.001024,24,,,1.0,,17,,,,,periodic
,,,,,exp3,,,,,rmse,,,0.7712081137651903,0.19161788768137022,0.26937350376642055,0.0005007,,,,,0.1,17,,,,,periodic
,,,,,fixed_share,,,,,rmse,,,0.2402707562397735,0.07840701268466395,0.10032771403783342,0.0010019,,,,1.0,,17,0.1,,,,periodic
,,,,,passive_aggressive,,,,,rmse,,,0.09555950968412202,0.028493207064114612,0.036994895582309124,0.0002074,,,,,,17,,1.0,0.01,,periodic
,,,,,dma,,,,,rmse,,,0.26719001234406065,0.0927948522895485,0.1192520898242373,0.0007069,,0.9,,,,17,,,,0.995,periodic
329315.38380647445,0.0019469,0,0.0,cholesky,adaptive_ridge,110,quadratic_stacked_beta,0.0015827,9.754355287938265e-16,rmse,0.0003642,1,0.07306260724114293,0.025896721707211957,0.03195814558019647,,,,,,,18,,,,,periodic
,0.000135,,0.0,,static_ridge,,,,,rmse,,,0.07492062994169764,0.025869046850244715,0.03206272986173621,,,,,,,18,,,,,periodic
,,,0.0001,,rolling_ridge,,,,,rmse,,,0.0760364096363495,0.026153257544070777,0.03273879298878743,0.0044025,72,,,,,18,,,,,periodic
,,,,,rls,,,,,rmse,,,0.07562110134727261,0.026184784621637796,0.03242021418299573,0.0542287,,0.995,0.1,,,18,,,,,periodic
,,,,,hedge,,,,,rmse,,,0.2988301300697815,0.11073336254954902,0.1349205537148428,0.0009938,24,,,1.0,,18,,,,,periodic
,,,,,exp3,,,,,rmse,,,0.9224866579476608,0.23030707951849447,0.3083718674128595,0.0015478,,,,,0.2,18,,,,,periodic
,,,,,fixed_share,,,,,rmse,,,0.12133349486406006,0.04421154270752671,0.05455933438799477,0.0010341,,,,0.05,,18,0.005,,,,periodic
,,,,,passive_aggressive,,,,,rmse,,,0.08221566826062703,0.029755611032119735,0.03675654281737252,0.0001685,,,,,,18,,0.1,0.05,,periodic
,,,,,dma,,,,,rmse,,,0.2879025410955805,0.11477855088714958,0.1330507867479736,0.0019966,,0.9,,,,18,,,,0.98,periodic
27646.72968550742,0.0060964,0,0.001,cholesky,adaptive_ridge,110,quadratic_stacked_beta,0.005084,6.47512986821222e-16,rmse,0.0010124,1,0.17981450894277604,0.06163952623061229,0.07713671508651272,,,,,,,19,,,,,periodic
,8.53e-5,,0.001,,static_ridge,,,,,rmse,,,0.18256940043971276,0.06175880733133883,0.07729615677921577,,,,,,,19,,,,,periodic
,,,0.0001,,rolling_ridge,,,,,rmse,,,0.18656631238485433,0.06255932962812566,0.07845984763517104,0.0108749,72,,,,,19,,,,,periodic
,,,,,rls,,,,,rmse,,,0.18553383296168227,0.06245167425648597,0.07799528954820717,0.0534407,,0.995,0.1,,,19,,,,,periodic
,,,,,hedge,,,,,rmse,,,0.3014568669279028,0.10660504578682868,0.13225922739659776,0.0009388,24,,,1.0,,19,,,,,periodic
,,,,,exp3,,,,,rmse,,,0.9254027948268123,0.2610581064807617,0.33882031013178926,0.043502,,,,,0.1,19,,,,,periodic
,,,,,fixed_share,,,,,rmse,,,0.2564196595199786,0.09174290578409622,0.11357550294277782,0.0006989,,,,0.05,,19,0.005,,,,periodic
,,,,,passive_aggressive,,,,,rmse,,,0.20491935876284414,0.06405597773578206,0.08251775519667988,0.0001527,,,,,,19,,0.01,0.1,,periodic
,,,,,dma,,,,,rmse,,,0.4011042056308971,0.1586068845372032,0.18996107162393414,0.0013971,,0.9,,,,19,,,,0.9,periodic
95369.66607519813,0.1101954,0,0.0,cholesky,adaptive_ridge,110,quadratic_stacked_beta,0.1092819,7.183883669433895e-16,rmse,0.0009135,1,0.13042247138372828,0.0435164536605435,0.054431405325532936,,,,,,,20,,,,,periodic
,0.000104,,0.0,,static_ridge,,,,,rmse,,,0.14833770227468063,0.05118453035794171,0.06395327979540698,,,,,,,20,,,,,periodic
,,,0.0,,rolling_ridge,,,,,rmse,,,0.1407897524103117,0.04789620933946788,0.06009515573898128,0.0037635,72,,,,,20,,,,,periodic
,,,,,rls,,,,,rmse,,,0.1410993038239399,0.046710373636042635,0.059251884337055694,0.0023728,,0.95,0.0001,,,20,,,,,periodic
,,,,,hedge,,,,,rmse,,,0.35507404261281406,0.14287796081440865,0.17009192679218815,0.0018995,24,,,1.0,,20,,,,,periodic
,,,,,exp3,,,,,rmse,,,0.8859404366382776,0.30054713853543213,0.38009205729496054,0.0017841,,,,,0.2,20,,,,,periodic
,,,,,fixed_share,,,,,rmse,,,0.28700776040074877,0.10719387537997134,0.1304501566454559,0.0009695,,,,1.0,,20,0.1,,,,periodic
,,,,,passive_aggressive,,,,,rmse,,,0.16549730313035796,0.05461217738742543,0.0691649930211732,0.0001907,,,,,,20,,1.0,0.05,,periodic
,,,,,dma,,,,,rmse,,,0.36825544665039656,0.11461928222613661,0.14879338792389774,0.0016879,,0.9,,,,20,,,,0.995,periodic
123557.71502352715,0.0165872,0,0.001,cholesky,adaptive_ridge,110,quadratic_stacked_beta,0.0032244,8.624070942853733e-16,rmse,0.0133628,1,0.15027250982789067,0.05047279025499661,0.06387308997884895,,,,,,,21,,,,,periodic
,5.05e-5,,0.0001,,static_ridge,,,,,rmse,,,0.14826003875891913,0.05134541557212843,0.06393310824636621,,,,,,,21,,,,,periodic
,,,0.001,,rolling_ridge,,,,,rmse,,,0.14625822853330941,0.05109289776543218,0.06389311807197501,0.0079451,72,,,,,21,,,,,periodic
,,,,,rls,,,,,rmse,,,0.14966410565272653,0.051042806544188274,0.06366382463209735,0.0075875,,0.98,0.0001,,,21,,,,,periodic
,,,,,hedge,,,,,rmse,,,0.28698583835666247,0.12586491921005252,0.1454709468955846,0.1086507,24,,,1.0,,21,,,,,periodic
,,,,,exp3,,,,,rmse,,,0.8281994684732993,0.24593092749381398,0.31883467910354946,0.0020331,,,,,0.1,21,,,,,periodic
,,,,,fixed_share,,,,,rmse,,,0.22255463045840507,0.0743678777762517,0.0934696071143981,0.0069375,,,,1.0,,21,0.05,,,,periodic
,,,,,passive_aggressive,,,,,rmse,,,0.15668260210566093,0.053333214730351214,0.06640638421457629,0.0002065,,,,,,21,,0.01,0.05,,periodic
,,,,,dma,,,,,rmse,,,0.34619877120446857,0.11171341614571233,0.1423391263299018,0.006097,,0.9,,,,21,,,,0.95,periodic
1.9014488887680017e6,0.0042968,0,0.0,cholesky,adaptive_ridge,110,quadratic_stacked_beta,0.0034815,6.747494503676137e-16,rmse,0.0008153,1,0.10342272730712342,0.0293662759161914,0.0386230630674164,,,,,,,22,,,,,periodic
,9.93e-5,,0.0,,static_ridge,,,,,rmse,,,0.13429647331097574,0.0453536970437804,0.0571138626700541,,,,,,,22,,,,,periodic
,,,0.0001,,rolling_ridge,,,,,rmse,,,0.13108017876085012,0.03827094728681405,0.05024966794514179,0.002805,24,,,,,22,,,,,periodic
,,,,,rls,,,,,rmse,,,0.12230303702024328,0.03626752065958849,0.04747477289343705,0.0023663,,0.9,0.1,,,22,,,,,periodic
,,,,,hedge,,,,,rmse,,,0.2520466634842281,0.09681689128492339,0.11726184147609285,0.0017737,24,,,1.0,,22,,,,,periodic
,,,,,exp3,,,,,rmse,,,0.8031387968012175,0.2490451319288831,0.3135191905176226,0.00131,,,,,0.1,22,,,,,periodic
,,,,,fixed_share,,,,,rmse,,,0.21485688331722502,0.0790243716549903,0.09708232025961656,0.0008608,,,,1.0,,22,0.1,,,,periodic
,,,,,passive_aggressive,,,,,rmse,,,0.14426011289123777,0.04462324467230098,0.05789082965458568,0.0003274,,,,,,22,,0.01,0.01,,periodic
,,,,,dma,,,,,rmse,,,0.27245672639348895,0.09590281757189538,0.11949951057690446,0.0007749,,0.9,,,,22,,,,0.9,periodic
114649.31272720848,0.0042247,0,0.001,cholesky,adaptive_ridge,110,quadratic_stacked_beta,0.0033567,6.261270456082969e-16,rmse,0.000868,1,0.09802573977982221,0.03394581816387024,0.0423178328034196,,,,,,,23,,,,,periodic
,0.0001243,,0.0001,,static_ridge,,,,,rmse,,,0.1084819580753436,0.036615878677485246,0.046173083429854406,,,,,,,23,,,,,periodic
,,,0.0,,rolling_ridge,,,,,rmse,,,0.11291308187244024,0.03817421577309741,0.04817110102670203,0.0282392,336,,,,,23,,,,,periodic
,,,,,rls,,,,,rmse,,,0.1090230367237674,0.037191339594060964,0.04684305482361261,0.00777,,0.995,0.1,,,23,,,,,periodic
,,,,,hedge,,,,,rmse,,,0.2552073651366654,0.08819511209030885,0.10963419313958579,0.0019609,24,,,0.5,,23,,,,,periodic
,,,,,exp3,,,,,rmse,,,1.0392489967904393,0.37314446957463504,0.4395476400210885,0.0014501,,,,,0.2,23,,,,,periodic
,,,,,fixed_share,,,,,rmse,,,0.25429087525201055,0.08785991223012082,0.10923695720812988,0.0199282,,,,0.1,,23,0.1,,,,periodic
,,,,,passive_aggressive,,,,,rmse,,,0.12299220257454037,0.04128309801197751,0.05164756588735421,0.0001807,,,,,,23,,1.0,0.05,,periodic
,,,,,dma,,,,,rmse,,,0.401127043416369,0.13528884947993933,0.1730015803857545,0.0019682,,0.9,,,,23,,,,0.9,periodic
1.3119118162896447e7,0.0211742,0,0.0,cholesky,adaptive_ridge,210,quadratic_stacked_beta,0.0136522,1.2995938845386994e-15,rmse,0.007522,2,0.07708033839975814,0.02284009871420294,0.029958314665599048,,,,,,,24,,,,,periodic
,0.0001073,,0.0,,static_ridge,,,,,rmse,,,0.08846015307313781,0.02927501184757558,0.03749205814577453,,,,,,,24,,,,,periodic
,,,0.001,,rolling_ridge,,,,,rmse,,,0.09589930725386832,0.02789623850568513,0.036690232338088435,0.0029778,24,,,,,24,,,,,periodic
,,,,,rls,,,,,rmse,,,0.0881840613815627,0.02794790813183545,0.035934334792878254,0.0072864,,0.95,0.1,,,24,,,,,periodic
,,,,,hedge,,,,,rmse,,,0.37319317630088006,0.16536676156544008,0.1910916650346713,0.0021252,168,,,0.01,,24,,,,,periodic
,,,,,exp3,,,,,rmse,,,0.9568167899909155,0.295562761704289,0.3792076365878861,0.0015687,,,,,0.2,24,,,,,periodic
,,,,,fixed_share,,,,,rmse,,,0.22723128690612582,0.0883594778072447,0.10754626601650659,0.0011257,,,,1.0,,24,0.05,,,,periodic
,,,,,passive_aggressive,,,,,rmse,,,0.10327811773353301,0.033306592963456234,0.0428243079815181,0.0001591,,,,,,24,,0.1,0.05,,periodic
,,,,,dma,,,,,rmse,,,0.26344085687350666,0.09542403213200341,0.11634185293226819,0.0037706,,0.9,,,,24,,,,0.9,periodic
1.3330855051155908e9,0.0046201,0,1.0e-6,cholesky,adaptive_ridge,110,quadratic_stacked_beta,0.0036697,1.1011327216159227e-15,rmse,0.0009504,1,0.01919370802315728,0.005225856344543702,0.007108654374403122,,,,,,,25,,,,,periodic
,8.68e-5,,1.0e-6,,static_ridge,,,,,rmse,,,0.026535635882176577,0.00936234808143796,0.01164999521393707,,,,,,,25,,,,,periodic
,,,1.0e-8,,rolling_ridge,,,,,rmse,,,0.023179228830192068,0.006800299800839439,0.008907537968092256,0.0027651,24,,,,,25,,,,,periodic
,,,,,rls,,,,,rmse,,,0.0211482533720274,0.0066170960210427164,0.008466277527510401,0.0022637,,0.9,0.0001,,,25,,,,,periodic
,,,,,hedge,,,,,rmse,,,0.28560877924589273,0.11873529284843404,0.14121770643124915,0.0010264,24,,,1.0,,25,,,,,periodic
,,,,,exp3,,,,,rmse,,,0.744544332823977,0.2294451254366317,0.2763358176315889,0.0017915,,,,,0.1,25,,,,,periodic
,,,,,fixed_share,,,,,rmse,,,0.24325636652495128,0.1120519605814941,0.12822226038835588,0.0020142,,,,1.0,,25,0.1,,,,periodic
,,,,,passive_aggressive,,,,,rmse,,,0.10767309005637155,0.031176217559268412,0.04089690339232281,0.000194,,,,,,25,,1.0,0.01,,periodic
,,,,,dma,,,,,rmse,,,0.32771070166270716,0.15474356677102347,0.16788276994661608,0.0025037,,0.9,,,,25,,,,0.9,periodic
41535.81527126981,0.005058,0,0.001,cholesky,adaptive_ridge,110,quadratic_stacked_beta,0.0037994,7.321519574744916e-16,rmse,0.0012586,1,0.17490899572593147,0.058780467440892,0.0739579961370382,,,,,,,26,,,,,periodic
,0.0001141,,0.0,,static_ridge,,,,,rmse,,,0.1867748918996054,0.0615249723632161,0.0776628032370387,,,,,,,26,,,,,periodic
,,,0.01,,rolling_ridge,,,,,rmse,,,0.17861392594869116,0.0611937590625951,0.07648525785637261,0.0095717,72,,,,,26,,,,,periodic
,,,,,rls,,,,,rmse,,,0.181837676311633,0.06021056483062197,0.0758563033857622,0.0081845,,0.98,0.1,,,26,,,,,periodic
,,,,,hedge,,,,,rmse,,,0.3253337341954014,0.14361141538482203,0.16789056607458058,0.0010726,24,,,1.0,,26,,,,,periodic
,,,,,exp3,,,,,rmse,,,0.8172611163466195,0.20634721484337518,0.2810294958801633,0.0012999,,,,,0.2,26,,,,,periodic
,,,,,fixed_share,,,,,rmse,,,0.24449137062266713,0.09334481940160001,0.11327153963895915,0.0017291,,,,1.0,,26,0.1,,,,periodic
,,,,,passive_aggressive,,,,,rmse,,,0.18749238486461825,0.06208132932705538,0.07824656677803772,0.0001684,,,,,,26,,0.01,0.1,,periodic
,,,,,dma,,,,,rmse,,,0.35325972426390395,0.12897831647557442,0.15842834824645244,0.0023674,,0.9,,,,26,,,,0.9,periodic
2.3551054788501794e6,0.0131409,0,0.0,cholesky,adaptive_ridge,210,quadratic_stacked_beta,0.0089702,1.6130652507309694e-15,rmse,0.0041707,2,0.0923652953184263,0.030844443978250268,0.03890961790256029,,,,,,,27,,,,,periodic
,8.62e-5,,0.001,,static_ridge,,,,,rmse,,,0.09919976423467652,0.03376900569374996,0.042043358150238054,,,,,,,27,,,,,periodic
,,,1.0e-6,,rolling_ridge,,,,,rmse,,,0.099160530935677,0.034990563114760065,0.04364903460659762,0.0028078,72,,,,,27,,,,,periodic
,,,,,rls,,,,,rmse,,,0.0990173090056448,0.03390912818041041,0.042158363752245354,0.0079691,,0.995,0.1,,,27,,,,,periodic
,,,,,hedge,,,,,rmse,,,0.3053491916021405,0.1335425899285798,0.1553776990154638,0.0009418,24,,,1.0,,27,,,,,periodic
,,,,,exp3,,,,,rmse,,,0.9446557170792924,0.17691443628760248,0.2826697921600817,0.0009186,,,,,0.2,27,,,,,periodic
,,,,,fixed_share,,,,,rmse,,,0.17719497348027807,0.06628401896462602,0.08096931685792502,0.0017812,,,,0.5,,27,0.02,,,,periodic
,,,,,passive_aggressive,,,,,rmse,,,0.10709903083124335,0.03633718699385422,0.045956905175069306,0.00018,,,,,,27,,0.1,0.05,,periodic
,,,,,dma,,,,,rmse,,,0.23348234828356346,0.08500632465497433,0.10464191761763997,0.0028673,,0.9,,,,27,,,,0.9,periodic
56522.44901647922,0.004845,0,0.001,cholesky,adaptive_ridge,110,quadratic_stacked_beta,0.0039403,9.111312010166075e-16,rmse,0.0009047,1,0.15642076518933323,0.05363625720939858,0.0676214616565833,,,,,,,28,,,,,periodic
,8.07e-5,,0.001,,static_ridge,,,,,rmse,,,0.15660692633700873,0.055432943316395165,0.06978987853259534,,,,,,,28,,,,,periodic
,,,0.001,,rolling_ridge,,,,,rmse,,,0.16211342939887005,0.05524537629681304,0.0691462603362542,0.0120505,72,,,,,28,,,,,periodic
,,,,,rls,,,,,rmse,,,0.1619665120574703,0.05560619432616121,0.06917787960284671,0.0555797,,0.98,0.0001,,,28,,,,,periodic
,,,,,hedge,,,,,rmse,,,0.24897007765124424,0.08504560650850199,0.10703441693661665,0.0009193,24,,,1.0,,28,,,,,periodic
,,,,,exp3,,,,,rmse,,,0.6906878723098049,0.17916578697614746,0.24366650063898673,0.0014681,,,,,0.1,28,,,,,periodic
,,,,,fixed_share,,,,,rmse,,,0.2082541536573595,0.07362686624745916,0.09150773367777855,0.3539125,,,,1.0,,28,0.1,,,,periodic
,,,,,passive_aggressive,,,,,rmse,,,0.16469454778375472,0.05761343210231303,0.0714565420537357,0.000237,,,,,,28,,0.01,0.1,,periodic
,,,,,dma,,,,,rmse,,,0.3105275663376259,0.11137506413813106,0.1376877976511329,0.0028317,,0.9,,,,28,,,,0.9,periodic
497121.91521299555,0.01089,0,0.0001,cholesky,adaptive_ridge,110,quadratic_stacked_beta,0.0100668,6.216025217875883e-16,rmse,0.0008232,1,0.09091817331227837,0.031686039313488075,0.03962354432551848,,,,,,,29,,,,,periodic
,0.0001522,,0.0001,,static_ridge,,,,,rmse,,,0.09361053003019837,0.033001710871425984,0.041190918165933656,,,,,,,29,,,,,periodic
,,,0.001,,rolling_ridge,,,,,rmse,,,0.09763220414810486,0.03369011686451729,0.04206516174899757,0.0422193,72,,,,,29,,,,,periodic
,,,,,rls,,,,,rmse,,,0.09356914093382677,0.03328944524141935,0.04153558860842266,0.0029769,,0.995,0.1,,,29,,,,,periodic
,,,,,hedge,,,,,rmse,,,0.17425195854592687,0.05819683829936275,0.07349327494029927,0.0008021,0,,,1.0,,29,,,,,periodic
,,,,,exp3,,,,,rmse,,,0.755718831633834,0.2507332873534757,0.3150921815375737,0.001422,,,,,0.2,29,,,,,periodic
,,,,,fixed_share,,,,,rmse,,,0.17677044540810968,0.05821972346181581,0.07353881241274242,0.0021494,,,,0.01,,29,0.005,,,,periodic
,,,,,passive_aggressive,,,,,rmse,,,0.10801296838578363,0.0375031501798144,0.04659791705646391,0.0001643,,,,,,29,,0.1,0.05,,periodic
,,,,,dma,,,,,rmse,,,0.38377525144715624,0.13139831109776767,0.16219572211785255,0.0022826,,0.9,,,,29,,,,0.9,periodic
37534.69083386916,0.0043199,0,0.0,cholesky,adaptive_ridge,110,quadratic_stacked_beta,0.0034036,8.644430338765696e-16,rmse,0.0009163,1,0.20413059286674248,0.06668773725622379,0.08474809152532978,,,,,,,30,,,,,periodic
,0.000106,,0.0,,static_ridge,,,,,rmse,,,0.22756251452400852,0.07804893644951273,0.09782198474018099,,,,,,,30,,,,,periodic
,,,0.01,,rolling_ridge,,,,,rmse,,,0.2158654349133254,0.06902248287244868,0.08802815691970024,0.0077091,72,,,,,30,,,,,periodic
,,,,,rls,,,,,rmse,,,0.21324685068305488,0.06897520654570004,0.08749345319766774,0.2854534,,0.95,0.01,,,30,,,,,periodic
,,,,,hedge,,,,,rmse,,,0.2739929731461029,0.09795328099489477,0.12202433495485326,0.0009368,24,,,0.25,,30,,,,,periodic
,,,,,exp3,,,,,rmse,,,0.9779025573009971,0.32955225642986347,0.4107603065102676,0.0012558,,,,,0.1,30,,,,,periodic
,,,,,fixed_share,,,,,rmse,,,0.26522284999080187,0.09509828126129266,0.11865233624765102,0.00105,,,,0.1,,30,0.1,,,,periodic
,,,,,passive_aggressive,,,,,rmse,,,0.22892618782244234,0.07109746307619141,0.09155979052865379,0.0001823,,,,,,30,,0.01,0.05,,periodic
,,,,,dma,,,,,rmse,,,0.5247405858749274,0.17207348345923887,0.2179152865319166,0.0014695,,0.9,,,,30,,,,0.995,periodic
2.7248011524739957e9,0.0044406,0,1.0e-6,cholesky,adaptive_ridge,110,quadratic_stacked_beta,0.0036333,9.40085689302147e-16,rmse,0.0008073,1,0.03928602527909732,0.013590485658600068,0.017020327182673323,,,,,,,1,,,,,persistent_bias
,9.95e-5,,0.0,,static_ridge,,,,,rmse,,,0.038090386689552905,0.013162161094675873,0.016515398976097443,,,,,,,1,,,,,persistent_bias
,,,1.0e-6,,rolling_ridge,,,,,rmse,,,0.038747238515729296,0.013470598939058089,0.016881617637471816,0.0046758,336,,,,,1,,,,,persistent_bias
,,,,,rls,,,,,rmse,,,0.03846516857108776,0.013395030238240822,0.01676821154868534,0.0091024,,0.995,0.1,,,1,,,,,persistent_bias
,,,,,hedge,,,,,rmse,,,0.21434203332349788,0.07549121420749691,0.09439008786759281,0.0009703,336,,,1.0,,1,,,,,persistent_bias
,,,,,exp3,,,,,rmse,,,0.5575071194308727,0.16775175670334802,0.2079897583408115,0.0010651,,,,,0.1,1,,,,,persistent_bias
,,,,,fixed_share,,,,,rmse,,,0.15271597793017175,0.05134701864068474,0.06474229487279187,0.000969,,,,0.05,,1,0.01,,,,persistent_bias
,,,,,passive_aggressive,,,,,rmse,,,0.05315769956949863,0.0175035330472459,0.022054901199857306,0.0001833,,,,,,1,,1.0,0.01,,persistent_bias
,,,,,dma,,,,,rmse,,,0.26170594062073077,0.12326395899325038,0.13917918733511028,0.0068666,,0.9,,,,1,,,,0.95,persistent_bias
5.3096531188198484e7,0.0204757,0,0.0,cholesky,adaptive_ridge,110,quadratic_stacked_beta,0.0101541,1.0969983084254103e-15,rmse,0.0103216,1,0.03926666382709948,0.013495987026868508,0.016914257949356092,,,,,,,2,,,,,persistent_bias
,9.77e-5,,0.0,,static_ridge,,,,,rmse,,,0.03920236224912568,0.013166948046235409,0.016582102472209787,,,,,,,2,,,,,persistent_bias
,,,0.0,,rolling_ridge,,,,,rmse,,,0.039456742277136636,0.013476584029742616,0.01684992848322273,0.0084129,336,,,,,2,,,,,persistent_bias
,,,,,rls,,,,,rmse,,,0.0395746819570085,0.013370370052639764,0.0167648042000714,0.0034115,,0.995,0.1,,,2,,,,,persistent_bias
,,,,,hedge,,,,,rmse,,,0.2401629207793491,0.09164694702113495,0.11077749994893117,0.0019982,72,,,0.01,,2,,,,,persistent_bias
,,,,,exp3,,,,,rmse,,,0.6406748676236085,0.24527023458113406,0.2922519873081426,0.0017734,,,,,0.1,2,,,,,persistent_bias
,,,,,fixed_share,,,,,rmse,,,0.24149569285825165,0.0924549502050424,0.11161990162891697,0.0015692,,,,0.01,,2,0.1,,,,persistent_bias
,,,,,passive_aggressive,,,,,rmse,,,0.05092665188122268,0.016768454796291472,0.021285115027725038,0.0001784,,,,,,2,,0.1,0.01,,persistent_bias
,,,,,dma,,,,,rmse,,,0.49231547773071016,0.21671161908433234,0.2497735520010243,0.0015762,,0.9,,,,2,,,,0.98,persistent_bias
2.3856572177048326e8,0.010965899999999999,0,0.0,cholesky,adaptive_ridge,110,quadratic_stacked_beta,0.0101459,7.877402034183398e-16,rmse,0.00082,1,0.1033265816373078,0.03507264220650655,0.043710105219114254,,,,,,,3,,,,,persistent_bias
,0.0001171,,0.0,,static_ridge,,,,,rmse,,,0.10163602483960986,0.033899590058368984,0.04228371371906471,,,,,,,3,,,,,persistent_bias
,,,0.0001,,rolling_ridge,,,,,rmse,,,0.10130430598891546,0.03252932282321659,0.04134428223980259,0.0096624,72,,,,,3,,,,,persistent_bias
,,,,,rls,,,,,rmse,,,0.09763904311794537,0.030171989151654838,0.039052599009560506,0.0070407,,0.95,0.1,,,3,,,,,persistent_bias
,,,,,hedge,,,,,rmse,,,0.2000463196126883,0.06737842529344358,0.0846275055913582,0.0022329,0,,,1.0,,3,,,,,persistent_bias
,,,,,exp3,,,,,rmse,,,0.622740730594264,0.16979827333202877,0.2188347309101124,0.0019197,,,,,0.1,3,,,,,persistent_bias
,,,,,fixed_share,,,,,rmse,,,0.1607002796278971,0.05318173018647116,0.06694390601279061,0.0019533,,,,0.05,,3,0.01,,,,persistent_bias
,,,,,passive_aggressive,,,,,rmse,,,0.1179897476853622,0.036317746575218815,0.046738446568738386,0.0002036,,,,,,3,,0.01,0.01,,persistent_bias
,,,,,dma,,,,,rmse,,,0.26143846175773316,0.10535041677821426,0.12533039529080628,0.0014325,,0.98,,,,3,,,,0.995,persistent_bias
2.549081825081087e7,0.0045063,0,0.0001,cholesky,adaptive_ridge,110,quadratic_stacked_beta,0.0036015,5.963614997259699e-16,rmse,0.0009048,1,0.06579138065515801,0.02297304768314508,0.028581711301033364,,,,,,,4,,,,,persistent_bias
,8.77e-5,,0.0001,,static_ridge,,,,,rmse,,,0.06462582244790908,0.022597407071113643,0.02805119483212792,,,,,,,4,,,,,persistent_bias
,,,0.0001,,rolling_ridge,,,,,rmse,,,0.06564672521133377,0.022456260353965633,0.028384249609989032,0.0098084,72,,,,,4,,,,,persistent_bias
,,,,,rls,,,,,rmse,,,0.06647501673390138,0.021664576229537935,0.02779168962171721,0.0025002,,0.95,0.0001,,,4,,,,,persistent_bias
,,,,,hedge,,,,,rmse,,,0.16221150626972086,0.05481228256896649,0.06883877255054663,0.0016901,72,,,1.0,,4,,,,,persistent_bias
,,,,,exp3,,,,,rmse,,,0.5021247370698544,0.17493993732300958,0.20668481277699313,0.0012835,,,,,0.1,4,,,,,persistent_bias
,,,,,fixed_share,,,,,rmse,,,0.10964373818324859,0.03907537784236327,0.04822575302226954,0.0015921,,,,0.1,,4,0.005,,,,persistent_bias
,,,,,passive_aggressive,,,,,rmse,,,0.09260431941909424,0.029160655011018638,0.03754978898319592,0.0002024,,,,,,4,,0.1,0.01,,persistent_bias
,,,,,dma,,,,,rmse,,,0.17511606719363357,0.06678530530380383,0.0807164529455241,0.001516,,0.9,,,,4,,,,0.995,persistent_bias
4.729776059364949e8,0.009695,0,1.0e-6,cholesky,adaptive_ridge,110,quadratic_stacked_beta,0.0088365,8.311335168329405e-16,rmse,0.0008585,1,0.017917916423123802,0.00612751943241077,0.007684520665352955,,,,,,,5,,,,,persistent_bias
,9.05e-5,,1.0e-6,,static_ridge,,,,,rmse,,,0.017696488946914325,0.005955721653161193,0.0075056703283511265,,,,,,,5,,,,,persistent_bias
,,,0.0,,rolling_ridge,,,,,rmse,,,0.01826041503696375,0.006082608477220489,0.0076718093351884325,0.0153026,336,,,,,5,,,,,persistent_bias
,,,,,rls,,,,,rmse,,,0.017996880685324033,0.005980031693845133,0.007564137892430095,0.0086612,,0.995,0.1,,,5,,,,,persistent_bias
,,,,,hedge,,,,,rmse,,,0.1708523307818318,0.05944876179979084,0.07428702933239488,0.000847,0,,,1.0,,5,,,,,persistent_bias
,,,,,exp3,,,,,rmse,,,0.4680682173936886,0.10003734509808922,0.14715457323043885,0.001089,,,,,0.1,5,,,,,persistent_bias
,,,,,fixed_share,,,,,rmse,,,0.054679678223190455,0.04597697122362827,0.046171724015605334,0.0010647,,,,1.0,,5,0.005,,,,persistent_bias
,,,,,passive_aggressive,,,,,rmse,,,0.05182035895292211,0.016943728631386254,0.021588872942955452,0.0001956,,,,,,5,,1.0,0.0,,persistent_bias
,,,,,dma,,,,,rmse,,,0.05378762245016298,0.0458580694007657,0.04600586022515427,0.0015219,,0.995,,,,5,,,,0.995,persistent_bias
1.0566128467200692e8,0.0065155,0,0.0,cholesky,adaptive_ridge,110,quadratic_stacked_beta,0.0055648,6.952498147103233e-16,rmse,0.0009507,1,0.010726935843462538,0.0037298720230455385,0.004660612029016859,,,,,,,6,,,,,persistent_bias
,0.0001303,,0.0,,static_ridge,,,,,rmse,,,0.010575673967623956,0.0036162708783456557,0.004538578647832176,,,,,,,6,,,,,persistent_bias
,,,0.0,,rolling_ridge,,,,,rmse,,,0.010661266752561354,0.0036570611793373766,0.004574015051994853,0.0110684,336,,,,,6,,,,,persistent_bias
,,,,,rls,,,,,rmse,,,0.010671484438187627,0.003666407681614252,0.004581089303346255,0.002625,,0.995,1.0e-6,,,6,,,,,persistent_bias
,,,,,hedge,,,,,rmse,,,0.24811264693860505,0.0865627043852387,0.10834545918643626,0.0008072,0,,,1.0,,6,,,,,persistent_bias
,,,,,exp3,,,,,rmse,,,0.5781160728407033,0.09325006521997188,0.1616541491276866,0.0008953,,,,,0.1,6,,,,,persistent_bias
,,,,,fixed_share,,,,,rmse,,,0.07735739800518669,0.02950696314369984,0.03575787784394224,0.0074582,,,,0.1,,6,0.005,,,,persistent_bias
,,,,,passive_aggressive,,,,,rmse,,,0.022402944158668173,0.006749983645086662,0.008789705215482385,0.0068874,,,,,,6,,1.0,0.0,,persistent_bias
,,,,,dma,,,,,rmse,,,0.05702774502481111,0.049127096062645474,0.049286381857715375,0.0015551,,0.9,,,,6,,,,0.9,persistent_bias
15355.18375926465,0.010646099999999999,0,0.01,cholesky,adaptive_ridge,110,quadratic_stacked_beta,0.0097545,6.391320217330162e-16,rmse,0.0008916,1,0.16610297162620263,0.05636030364574231,0.07098492180181547,,,,,,,7,,,,,persistent_bias
,8.85e-5,,0.001,,static_ridge,,,,,rmse,,,0.16304202089157244,0.05510233235931895,0.06932990210591329,,,,,,,7,,,,,persistent_bias
,,,0.001,,rolling_ridge,,,,,rmse,,,0.1675296594121928,0.05605873042499758,0.07077111843810029,0.0044397,336,,,,,7,,,,,persistent_bias
,,,,,rls,,,,,rmse,,,0.16582184469765177,0.05573697384541867,0.0702150165069192,0.0022646,,0.995,1.0e-6,,,7,,,,,persistent_bias
,,,,,hedge,,,,,rmse,,,0.20217316856105733,0.06939135837726693,0.08705486525585161,0.0018901,0,,,1.0,,7,,,,,persistent_bias
,,,,,exp3,,,,,rmse,,,0.6828597316389932,0.24787354565496067,0.30063632206125956,0.0018214,,,,,0.1,7,,,,,persistent_bias
,,,,,fixed_share,,,,,rmse,,,0.20160882187386317,0.068213732142117,0.08555444879139058,0.0019187,,,,0.01,,7,0.005,,,,persistent_bias
,,,,,passive_aggressive,,,,,rmse,,,0.1691544591489197,0.056542309696571015,0.07139265570992036,0.0002125,,,,,,7,,0.001,0.05,,persistent_bias
,,,,,dma,,,,,rmse,,,0.4089993749700658,0.17268900023594985,0.20251405442238077,0.0015487,,0.9,,,,7,,,,0.995,persistent_bias
845297.3593823552,0.0061327,0,0.0001,cholesky,adaptive_ridge,110,quadratic_stacked_beta,0.0051874,7.820920402463225e-16,rmse,0.0009453,1,0.08521443703022151,0.029086432218865782,0.03638938031792793,,,,,,,8,,,,,persistent_bias
,4.76e-5,,0.0001,,static_ridge,,,,,rmse,,,0.08293667861467732,0.028801941746641895,0.03592951256499522,,,,,,,8,,,,,persistent_bias
,,,0.0,,rolling_ridge,,,,,rmse,,,0.08561099797961116,0.02932519735124866,0.03671039094229331,0.0062685,336,,,,,8,,,,,persistent_bias
,,,,,rls,,,,,rmse,,,0.08443750396639178,0.029108306317339804,0.03638950166329774,0.0089755,,0.995,0.1,,,8,,,,,persistent_bias
,,,,,hedge,,,,,rmse,,,0.18598307263466526,0.06070246365102925,0.07695738156606158,0.0008014,0,,,1.0,,8,,,,,persistent_bias
,,,,,exp3,,,,,rmse,,,0.48938279673000307,0.14650191063117077,0.18810115353294196,0.001176,,,,,0.1,8,,,,,persistent_bias
,,,,,fixed_share,,,,,rmse,,,0.15587694174548297,0.0515736722568618,0.06501217848180117,0.0071396,,,,0.05,,8,0.01,,,,persistent_bias
,,,,,passive_aggressive,,,,,rmse,,,0.0893756688552046,0.03150554484809149,0.03924689266381534,0.0001956,,,,,,8,,0.001,0.01,,persistent_bias
,,,,,dma,,,,,rmse,,,0.26215185308756744,0.09911893017529079,0.11973805676507321,0.0015498,,0.9,,,,8,,,,0.995,persistent_bias
1.0188312942603366e6,0.0190915,0,0.0001,cholesky,adaptive_ridge,110,quadratic_stacked_beta,0.0181282,8.244080544924966e-16,rmse,0.0009633,1,0.08837026351930274,0.029877449808038598,0.037643874593058416,,,,,,,9,,,,,persistent_bias
,9.53e-5,,0.0001,,static_ridge,,,,,rmse,,,0.08452257124778419,0.02852598691427211,0.036298590733057114,,,,,,,9,,,,,persistent_bias
,,,0.0001,,rolling_ridge,,,,,rmse,,,0.08722892985006878,0.029118943670004786,0.03679078723588976,0.022904,336,,,,,9,,,,,persistent_bias
,,,,,rls,,,,,rmse,,,0.08651337483863669,0.028944780791176534,0.036558530477066566,0.0099706,,0.995,0.1,,,9,,,,,persistent_bias
,,,,,hedge,,,,,rmse,,,0.2526736993665663,0.10116638102065235,0.12089193491444715,0.0013885,0,,,1.0,,9,,,,,persistent_bias
,,,,,exp3,,,,,rmse,,,0.5524650429547581,0.16902706064146905,0.209833044952579,0.0018342,,,,,0.1,9,,,,,persistent_bias
,,,,,fixed_share,,,,,rmse,,,0.19047045242371918,0.08746675922547666,0.10019809910434437,0.0058318,,,,0.05,,9,0.005,,,,persistent_bias
,,,,,passive_aggressive,,,,,rmse,,,0.10737122051407264,0.0360624258347537,0.045360101538474695,0.0001757,,,,,,9,,0.1,0.05,,persistent_bias
,,,,,dma,,,,,rmse,,,0.20341914462804028,0.12093327441812124,0.12772977869222038,0.0089145,,0.9,,,,9,,,,0.995,persistent_bias
297800.69230836694,0.0045865,0,0.0001,cholesky,adaptive_ridge,110,quadratic_stacked_beta,0.0036576,7.8055617216629715e-16,rmse,0.0009289,1,0.1259478630662603,0.04351406494187156,0.05409494149733959,,,,,,,10,,,,,persistent_bias
,0.0001009,,0.0,,static_ridge,,,,,rmse,,,0.12371231939154345,0.041971808418109866,0.05261232718467224,,,,,,,10,,,,,persistent_bias
,,,0.0001,,rolling_ridge,,,,,rmse,,,0.12923850451517688,0.042694180115667675,0.05382415746018087,0.0096403,336,,,,,10,,,,,persistent_bias
,,,,,rls,,,,,rmse,,,0.12658726724675165,0.042195015812288045,0.053099786025039,0.0084877,,0.995,1.0e-6,,,10,,,,,persistent_bias
,,,,,hedge,,,,,rmse,,,0.22474725873225215,0.07680603792088803,0.09696114012383937,0.0018636,168,,,0.01,,10,,,,,persistent_bias
,,,,,exp3,,,,,rmse,,,0.6315975836602196,0.19972464566363612,0.25047385403374,0.0014652,,,,,0.1,10,,,,,persistent_bias
,,,,,fixed_share,,,,,rmse,,,0.22458028461445412,0.07687879285691296,0.09703322717825179,0.0008088,,,,0.01,,10,0.1,,,,persistent_bias
,,,,,passive_aggressive,,,,,rmse,,,0.13951686292703872,0.0450148373310038,0.057107109819104,0.0003062,,,,,,10,,0.01,0.05,,persistent_bias
,,,,,dma,,,,,rmse,,,0.35892777760732314,0.14572930243122673,0.1735383269022505,0.0026939,,0.9,,,,10,,,,0.9,persistent_bias
302515.936254439,0.0050525,0,0.001,cholesky,adaptive_ridge,110,quadratic_stacked_beta,0.004076,7.469374178768919e-16,rmse,0.0009765,1,0.1851480258160631,0.0629849763575015,0.07905536465195234,,,,,,,11,,,,,persistent_bias
,0.0001258,,0.0,,static_ridge,,,,,rmse,,,0.18074155968294278,0.061221890649091074,0.07754129808770381,,,,,,,11,,,,,persistent_bias
,,,0.001,,rolling_ridge,,,,,rmse,,,0.1857809592726781,0.06085866542147431,0.07685381146101286,0.008662,72,,,,,11,,,,,persistent_bias
,,,,,rls,,,,,rmse,,,0.18295880333282838,0.057597047996162845,0.0739545569104973,0.0024757,,0.95,0.1,,,11,,,,,persistent_bias
,,,,,hedge,,,,,rmse,,,0.23359402360003625,0.08055064674222759,0.10055792110868479,0.0019851,24,,,1.0,,11,,,,,persistent_bias
,,,,,exp3,,,,,rmse,,,0.6480731421942723,0.1934048050928753,0.2513517954438165,0.0010675,,,,,0.1,11,,,,,persistent_bias
,,,,,fixed_share,,,,,rmse,,,0.21618953290044085,0.07210364881723817,0.0908439349144857,0.0016843,,,,0.05,,11,0.01,,,,persistent_bias
,,,,,passive_aggressive,,,,,rmse,,,0.18537963067056126,0.060098026763061245,0.07674168255271879,0.0001871,,,,,,11,,0.01,0.05,,persistent_bias
,,,,,dma,,,,,rmse,,,0.3406745458628075,0.11972947409594206,0.14928952841449084,0.0100453,,0.9,,,,11,,,,0.995,persistent_bias
63828.105895780885,0.013378899999999999,0,0.001,cholesky,adaptive_ridge,110,quadratic_stacked_beta,0.0124675,5.948893921251893e-16,rmse,0.0009114,1,0.14774415516009337,0.05034295846107355,0.06324027306558712,,,,,,,12,,,,,persistent_bias
,0.0001022,,0.001,,static_ridge,,,,,rmse,,,0.14234401773669508,0.048649443226399344,0.061324199767620255,,,,,,,12,,,,,persistent_bias
,,,0.001,,rolling_ridge,,,,,rmse,,,0.1454476433457973,0.04950752994604025,0.06245444527581194,0.004831,336,,,,,12,,,,,persistent_bias
,,,,,rls,,,,,rmse,,,0.14385797202172354,0.04896228538739578,0.06168318522716362,0.0025071,,0.995,0.1,,,12,,,,,persistent_bias
,,,,,hedge,,,,,rmse,,,0.21533886798503346,0.07804651391803968,0.09683236706154187,0.0009252,336,,,1.0,,12,,,,,persistent_bias
,,,,,exp3,,,,,rmse,,,0.5707886968129785,0.17721568773512184,0.22578622445592667,0.0013833,,,,,0.1,12,,,,,persistent_bias
,,,,,fixed_share,,,,,rmse,,,0.18632314657870575,0.066883780229375,0.08294931925033926,0.0021003,,,,0.1,,12,0.01,,,,persistent_bias
,,,,,passive_aggressive,,,,,rmse,,,0.15559510911680602,0.05216309582345252,0.06550394424837874,0.0001407,,,,,,12,,0.01,0.1,,persistent_bias
,,,,,dma,,,,,rmse,,,0.28827721957317387,0.09751845368625328,0.12316874381369394,0.0014769,,0.9,,,,12,,,,0.995,persistent_bias
9.066815720697519e8,0.0052637,0,0.0,cholesky,adaptive_ridge,110,quadratic_stacked_beta,0.0036531,9.284644544126214e-16,rmse,0.0016106,1,0.01849926887317055,0.006321311054975869,0.007897965295904898,,,,,,,13,,,,,persistent_bias
,0.0001372,,0.0,,static_ridge,,,,,rmse,,,0.018094414175067238,0.006135293399730953,0.007700472454401712,,,,,,,13,,,,,persistent_bias
,,,0.0,,rolling_ridge,,,,,rmse,,,0.018490699569412402,0.006278641480788802,0.007852164969880298,0.0118413,336,,,,,13,,,,,persistent_bias
,,,,,rls,,,,,rmse,,,0.018465563457954918,0.006238105744396455,0.007801967115179602,0.0024682,,0.995,1.0e-6,,,13,,,,,persistent_bias
,,,,,hedge,,,,,rmse,,,0.1967817494872488,0.07000938753602369,0.08688576723767838,0.0379566,0,,,1.0,,13,,,,,persistent_bias
,,,,,exp3,,,,,rmse,,,0.5325224797347632,0.14432010352841423,0.18399340853917767,0.0010844,,,,,0.1,13,,,,,persistent_bias
,,,,,fixed_share,,,,,rmse,,,0.11957841908123548,0.05005695754189325,0.05921403941659386,0.0008367,,,,0.25,,13,0.02,,,,persistent_bias
,,,,,passive_aggressive,,,,,rmse,,,0.04700367905279976,0.014655788440778337,0.018728845174046334,0.000167,,,,,,13,,0.1,0.0,,persistent_bias
,,,,,dma,,,,,rmse,,,0.11329765234211871,0.0911612468775544,0.09189871625519233,0.0014793,,0.9,,,,13,,,,0.995,persistent_bias
2.298914707811206e7,0.0045987,0,0.0001,cholesky,adaptive_ridge,110,quadratic_stacked_beta,0.0037615,1.1169248504160126e-15,rmse,0.0008372,1,0.22279863318851206,0.08064059223808767,0.1001784903649412,,,,,,,14,,,,,persistent_bias
,9.18e-5,,0.0001,,static_ridge,,,,,rmse,,,0.21465277708808939,0.07847051562550306,0.09695276985618971,,,,,,,14,,,,,persistent_bias
,,,0.0001,,rolling_ridge,,,,,rmse,,,0.22131209531149487,0.057796091503588005,0.08023105377588229,0.0057084,24,,,,,14,,,,,persistent_bias
,,,,,rls,,,,,rmse,,,0.20537179517032073,0.05441605330967037,0.07503808871028168,0.009003,,0.9,1.0e-6,,,14,,,,,persistent_bias
,,,,,hedge,,,,,rmse,,,0.31518693710658424,0.1165795959186233,0.1424351676743701,0.0018528,0,,,0.01,,14,,,,,persistent_bias
,,,,,exp3,,,,,rmse,,,0.6350621019451299,0.25872411862380773,0.28407707553699957,0.001209,,,,,0.2,14,,,,,persistent_bias
,,,,,fixed_share,,,,,rmse,,,0.3153398121724713,0.11699517534216723,0.14281080996306075,0.0015643,,,,0.01,,14,0.1,,,,persistent_bias
,,,,,passive_aggressive,,,,,rmse,,,0.23998044363486787,0.07146544253965544,0.0942567789141797,0.0001864,,,,,,14,,0.1,0.05,,persistent_bias
,,,,,dma,,,,,rmse,,,0.39031327907298163,0.1933078821200527,0.21088219737146932,0.0014495,,0.9,,,,14,,,,0.995,persistent_bias
5.047458458395703e6,0.0050149,0,0.0001,cholesky,adaptive_ridge,110,quadratic_stacked_beta,0.0041256,7.06982822894548e-16,rmse,0.0008893,1,0.032190786160062226,0.010590675856951589,0.01343539202570894,,,,,,,15,,,,,persistent_bias
,8.52e-5,,1.0e-6,,static_ridge,,,,,rmse,,,0.03111370666836578,0.010223490690130324,0.013008776349532153,,,,,,,15,,,,,persistent_bias
,,,0.0,,rolling_ridge,,,,,rmse,,,0.03193541097168495,0.010400861119901971,0.01321491835057844,0.0248935,336,,,,,15,,,,,persistent_bias
,,,,,rls,,,,,rmse,,,0.03191003062486573,0.010433138221443075,0.013248991696560864,0.0024476,,0.995,1.0e-6,,,15,,,,,persistent_bias
,,,,,hedge,,,,,rmse,,,0.35640728682587935,0.17501738686947904,0.19526648303405264,0.0009294,336,,,1.0,,15,,,,,persistent_bias
,,,,,exp3,,,,,rmse,,,0.5695642913783905,0.06347779917722947,0.15359383143743432,0.0011015,,,,,0.1,15,,,,,persistent_bias
,,,,,fixed_share,,,,,rmse,,,0.03396690080070544,0.011316829326353152,0.014331723156359985,0.0008733,,,,1.0,,15,0.01,,,,persistent_bias
,,,,,passive_aggressive,,,,,rmse,,,0.0372785534031211,0.012787475694384771,0.015902652118400928,0.0001821,,,,,,15,,0.01,0.01,,persistent_bias
,,,,,dma,,,,,rmse,,,0.0409083492441798,0.014657353952999257,0.017983104722024183,0.0013108,,0.995,,,,15,,,,0.995,persistent_bias
518880.57376136445,0.0041182,0,0.0,cholesky,adaptive_ridge,110,quadratic_stacked_beta,0.0032885,6.905980783029543e-16,rmse,0.0008297,1,0.10475614943937595,0.036513513242298956,0.04527397536789043,,,,,,,16,,,,,persistent_bias
,9.3e-5,,0.0,,static_ridge,,,,,rmse,,,0.10218582693676506,0.035617889168332244,0.044281230050771836,,,,,,,16,,,,,persistent_bias
,,,1.0e-6,,rolling_ridge,,,,,rmse,,,0.10385800689271747,0.03616633258417679,0.045118593888088414,0.002596,336,,,,,16,,,,,persistent_bias
,,,,,rls,,,,,rmse,,,0.1030217910388729,0.035859325793456985,0.04464448612956165,0.0022747,,0.995,1.0e-6,,,16,,,,,persistent_bias
,,,,,hedge,,,,,rmse,,,0.2496602240892309,0.09784393816210227,0.11770453723869041,0.0008615,336,,,1.0,,16,,,,,persistent_bias
,,,,,exp3,,,,,rmse,,,0.6192010972459584,0.19437307032763307,0.24182347455247244,0.0010973,,,,,0.1,16,,,,,persistent_bias
,,,,,fixed_share,,,,,rmse,,,0.20660415863480971,0.07668916864434351,0.09314320956998795,0.0010306,,,,0.05,,16,0.01,,,,persistent_bias
,,,,,passive_aggressive,,,,,rmse,,,0.11222426106080491,0.0388267093045674,0.0486209964513419,0.0001708,,,,,,16,,0.01,0.05,,persistent_bias
,,,,,dma,,,,,rmse,,,0.3160768501767574,0.1335797510739295,0.15573289493271025,0.0014686,,0.9,,,,16,,,,0.995,persistent_bias
2.500734700599207e10,0.0055011,0,0.0,cholesky,adaptive_ridge,110,quadratic_stacked_beta,0.004553,7.939720810146454e-16,rmse,0.0009481,1,0.0029666918358251105,0.0010410898763670083,0.0012982514789483153,,,,,,,17,,,,,persistent_bias
,0.0001776,,0.0,,static_ridge,,,,,rmse,,,0.0028706048831535127,0.0010291951991356393,0.0012766221765175747,,,,,,,17,,,,,persistent_bias
,,,0.0,,rolling_ridge,,,,,rmse,,,0.002908485093332228,0.0010467876711317179,0.0012955834079735847,0.0126972,336,,,,,17,,,,,persistent_bias
,,,,,rls,,,,,rmse,,,0.002888316867255477,0.0010401924323226426,0.0012903988683303411,0.0078597,,0.995,0.1,,,17,,,,,persistent_bias
,,,,,hedge,,,,,rmse,,,0.21281273581063664,0.07937855756890486,0.09677413138614017,0.0010191,72,,,1.0,,17,,,,,persistent_bias
,,,,,exp3,,,,,rmse,,,0.5527922691133564,0.15002619262018543,0.18909132976241544,0.0239387,,,,,0.1,17,,,,,persistent_bias
,,,,,fixed_share,,,,,rmse,,,0.1852031327807699,0.0739372303258169,0.08831296859596514,0.0008325,,,,0.05,,17,0.01,,,,persistent_bias
,,,,,passive_aggressive,,,,,rmse,,,0.07568008973188776,0.023536160889284705,0.030164063949379417,0.0001502,,,,,,17,,1.0,0.0,,persistent_bias
,,,,,dma,,,,,rmse,,,0.15549464005861288,0.11184961914644896,0.11458580993027653,0.0024292,,0.9,,,,17,,,,0.995,persistent_bias
927374.6673565926,0.0045950999999999995,0,0.0,cholesky,adaptive_ridge,110,quadratic_stacked_beta,0.0037397,7.529019643645018e-16,rmse,0.0008554,1,0.07269776956591963,0.025814473085842636,0.032012818896189905,,,,,,,18,,,,,persistent_bias
,0.0001009,,0.0,,static_ridge,,,,,rmse,,,0.07316206851497782,0.0254582970457493,0.03147715858208943,,,,,,,18,,,,,persistent_bias
,,,0.0001,,rolling_ridge,,,,,rmse,,,0.07298702482517731,0.02587470904002094,0.03186895406312058,0.0109278,336,,,,,18,,,,,persistent_bias
,,,,,rls,,,,,rmse,,,0.072980796227317,0.025787300477929497,0.031710235013559185,0.0073877,,0.995,1.0e-6,,,18,,,,,persistent_bias
,,,,,hedge,,,,,rmse,,,0.2762838501165232,0.10977712363367811,0.131407539872133,0.0057353,0,,,1.0,,18,,,,,persistent_bias
,,,,,exp3,,,,,rmse,,,0.6540183514730137,0.21050136337053352,0.2505885619951183,0.0011196,,,,,0.1,18,,,,,persistent_bias
,,,,,fixed_share,,,,,rmse,,,0.12520527617136307,0.04739353172007493,0.057831195537714125,0.0009722,,,,0.1,,18,0.01,,,,persistent_bias
,,,,,passive_aggressive,,,,,rmse,,,0.084194979400819,0.030516656855520265,0.03780599212172012,0.0001699,,,,,,18,,0.1,0.05,,persistent_bias
,,,,,dma,,,,,rmse,,,0.223821838862943,0.15079270056927876,0.15688412687566655,0.0067547,,0.9,,,,18,,,,0.995,persistent_bias
30605.278973861266,0.0047375,0,0.001,cholesky,adaptive_ridge,110,quadratic_stacked_beta,0.0038186,5.750418625236549e-16,rmse,0.0009189,1,0.16254235934890798,0.05298493488231253,0.06728056771664358,,,,,,,19,,,,,persistent_bias
,0.0001362,,0.001,,static_ridge,,,,,rmse,,,0.15533361383705396,0.05190725005791426,0.06556688181190112,,,,,,,19,,,,,persistent_bias
,,,0.0,,rolling_ridge,,,,,rmse,,,0.1610172687163871,0.05284972833392296,0.06679291246244314,0.0038866,336,,,,,19,,,,,persistent_bias
,,,,,rls,,,,,rmse,,,0.1573216623697441,0.052268921447279126,0.06591236842727792,0.0082093,,0.995,0.1,,,19,,,,,persistent_bias
,,,,,hedge,,,,,rmse,,,0.22821771997354787,0.08131722148104745,0.1009018963040619,0.0008085,0,,,1.0,,19,,,,,persistent_bias
,,,,,exp3,,,,,rmse,,,0.6204998738365741,0.21110792949141396,0.2600680660374753,0.0011065,,,,,0.1,19,,,,,persistent_bias
,,,,,fixed_share,,,,,rmse,,,0.18509761514484196,0.06429432044701662,0.08009541640499775,0.0009371,,,,0.05,,19,0.005,,,,persistent_bias
,,,,,passive_aggressive,,,,,rmse,,,0.16553539554241845,0.05391726549794541,0.06891790310676242,0.0001651,,,,,,19,,0.01,0.1,,persistent_bias
,,,,,dma,,,,,rmse,,,0.3367690615191531,0.10796282998832869,0.1360678146316351,0.0015961,,0.9,,,,19,,,,0.995,persistent_bias
188269.81971660675,0.0073192,0,0.001,cholesky,adaptive_ridge,110,quadratic_stacked_beta,0.0058202,8.083923074757517e-16,rmse,0.001499,1,0.10522385141240934,0.036121366184082765,0.045321798050457066,,,,,,,20,,,,,persistent_bias
,0.0001275,,0.0001,,static_ridge,,,,,rmse,,,0.10455190669420242,0.035367327727280594,0.044494279894248825,,,,,,,20,,,,,persistent_bias
,,,0.0001,,rolling_ridge,,,,,rmse,,,0.10541972653289726,0.035827882120889984,0.0450529319576222,0.0090984,336,,,,,20,,,,,persistent_bias
,,,,,rls,,,,,rmse,,,0.10504751414668054,0.03552096410657868,0.04480179053529749,0.0025586,,0.995,1.0e-6,,,20,,,,,persistent_bias
,,,,,hedge,,,,,rmse,,,0.22077896449964424,0.07600254522936127,0.09483581359345475,0.0010012,336,,,1.0,,20,,,,,persistent_bias
,,,,,exp3,,,,,rmse,,,0.5765323041120851,0.21052972581581147,0.24677140092587918,0.0010662,,,,,0.1,20,,,,,persistent_bias
,,,,,fixed_share,,,,,rmse,,,0.1860276686888693,0.0732359400364675,0.08775626631770717,0.0019642,,,,0.1,,20,0.01,,,,persistent_bias
,,,,,passive_aggressive,,,,,rmse,,,0.11701813044223267,0.03910135896947122,0.04903440542082847,0.0002423,,,,,,20,,0.01,0.05,,persistent_bias
,,,,,dma,,,,,rmse,,,0.2566592159670699,0.10316379117834315,0.12353256125866964,0.0027328,,0.9,,,,20,,,,0.995,persistent_bias
116662.12202033124,0.0200875,0,0.001,cholesky,adaptive_ridge,110,quadratic_stacked_beta,0.0191991,6.50667003946661e-16,rmse,0.0008884,1,0.15288562147555662,0.0528143072079624,0.0659886561988991,,,,,,,21,,,,,persistent_bias
,8.77e-5,,0.001,,static_ridge,,,,,rmse,,,0.1459327403168122,0.05040782984270499,0.06292329526729794,,,,,,,21,,,,,persistent_bias
,,,0.0,,rolling_ridge,,,,,rmse,,,0.1492557466906571,0.052778336742760626,0.06548120239891968,0.0086656,336,,,,,21,,,,,persistent_bias
,,,,,rls,,,,,rmse,,,0.145468761058374,0.051251490579767245,0.06367202464866176,0.0090243,,0.995,0.1,,,21,,,,,persistent_bias
,,,,,hedge,,,,,rmse,,,0.27046803400979125,0.12888230276724716,0.14473290541721215,0.0007194,0,,,1.0,,21,,,,,persistent_bias
,,,,,exp3,,,,,rmse,,,0.5932172970778677,0.18336211132202662,0.22923869848835993,0.0012546,,,,,0.1,21,,,,,persistent_bias
,,,,,fixed_share,,,,,rmse,,,0.20881152233089517,0.08930788375065725,0.10455941909740972,0.0010371,,,,0.05,,21,0.005,,,,persistent_bias
,,,,,passive_aggressive,,,,,rmse,,,0.15190784474394298,0.053066299685280316,0.06574358635726585,0.0001442,,,,,,21,,0.01,0.1,,persistent_bias
,,,,,dma,,,,,rmse,,,0.28306912214401736,0.11140279070106811,0.13386116580068205,0.0013085,,0.9,,,,21,,,,0.995,persistent_bias
1.15661323791004e7,0.0051335,0,0.0001,cholesky,adaptive_ridge,110,quadratic_stacked_beta,0.004077,6.048528837000163e-16,rmse,0.0010565,1,0.05965844135056877,0.020265376944305417,0.025393152637595427,,,,,,,22,,,,,persistent_bias
,9.13e-5,,1.0e-6,,static_ridge,,,,,rmse,,,0.058218160901590384,0.019605325558333612,0.024756476247418398,,,,,,,22,,,,,persistent_bias
,,,0.0001,,rolling_ridge,,,,,rmse,,,0.05890832901806506,0.019923384884312802,0.025064563454069117,0.0087356,336,,,,,22,,,,,persistent_bias
,,,,,rls,,,,,rmse,,,0.05868382127232264,0.019822247296573666,0.02486651843408677,0.0106993,,0.995,0.1,,,22,,,,,persistent_bias
,,,,,hedge,,,,,rmse,,,0.16658000233783476,0.05793848310949949,0.07237982017227025,0.0008053,0,,,1.0,,22,,,,,persistent_bias
,,,,,exp3,,,,,rmse,,,0.41697956774724415,0.08531817342135886,0.13431575485202507,0.0010402,,,,,0.1,22,,,,,persistent_bias
,,,,,fixed_share,,,,,rmse,,,0.07981527057920546,0.027281990342115446,0.03409772096016636,0.0010204,,,,0.1,,22,0.005,,,,persistent_bias
,,,,,passive_aggressive,,,,,rmse,,,0.07389582991207305,0.023377779354381144,0.029927731726198947,0.0002041,,,,,,22,,0.01,0.01,,persistent_bias
,,,,,dma,,,,,rmse,,,0.10010419677683585,0.03417741212929996,0.04288401285160859,0.0015558,,0.9,,,,22,,,,0.9,persistent_bias
691146.1066744322,0.0042155000000000005,0,0.001,cholesky,adaptive_ridge,110,quadratic_stacked_beta,0.0033332,7.11904814469955e-16,rmse,0.0008823,1,0.08499395485358256,0.028857784242823693,0.036165748655746885,,,,,,,23,,,,,persistent_bias
,9.81e-5,,0.0,,static_ridge,,,,,rmse,,,0.08285544660357068,0.028091329039921335,0.03513101766343342,,,,,,,23,,,,,persistent_bias
,,,0.0,,rolling_ridge,,,,,rmse,,,0.08438616636233834,0.028820899574463894,0.03582300738600271,0.0056676,336,,,,,23,,,,,persistent_bias
,,,,,rls,,,,,rmse,,,0.0840610435869247,0.02863081542353919,0.03568578962173307,0.0091822,,0.995,1.0e-6,,,23,,,,,persistent_bias
,,,,,hedge,,,,,rmse,,,0.24825824224813695,0.08728338545949481,0.10879549631206567,0.0019707,168,,,0.01,,23,,,,,persistent_bias
,,,,,exp3,,,,,rmse,,,0.7427600099622574,0.3632922767709817,0.389499424786818,0.0010541,,,,,0.2,23,,,,,persistent_bias
,,,,,fixed_share,,,,,rmse,,,0.24883933329063673,0.08757095805239473,0.10916639228217791,0.0009487,,,,0.01,,23,0.1,,,,persistent_bias
,,,,,passive_aggressive,,,,,rmse,,,0.09147257739558758,0.03156718797955493,0.03917037583203863,0.0001629,,,,,,23,,0.01,0.05,,persistent_bias
,,,,,dma,,,,,rmse,,,0.4534299540080447,0.2719839276272488,0.2877378707099929,0.0015406,,0.9,,,,23,,,,0.98,persistent_bias
1.8404055766582455e7,0.005258499999999999,0,1.0e-6,cholesky,adaptive_ridge,110,quadratic_stacked_beta,0.0043979,6.585006658909208e-16,rmse,0.0008606,1,0.0817467059705805,0.027225450319355502,0.03448624770632108,,,,,,,24,,,,,persistent_bias
,0.0001458,,0.0,,static_ridge,,,,,rmse,,,0.078585510005693,0.026493943590038448,0.03357101436546541,,,,,,,24,,,,,persistent_bias
,,,0.0001,,rolling_ridge,,,,,rmse,,,0.0807416067216668,0.026609425290434915,0.03393049498951156,0.0358404,72,,,,,24,,,,,persistent_bias
,,,,,rls,,,,,rmse,,,0.07922223175596767,0.026564791784844402,0.03370967772016801,0.0210712,,0.995,0.1,,,24,,,,,persistent_bias
,,,,,hedge,,,,,rmse,,,0.3079647107168986,0.1460223882703541,0.16343342786102855,0.0010467,336,,,1.0,,24,,,,,persistent_bias
,,,,,exp3,,,,,rmse,,,0.5318890828348681,0.1837890389683901,0.2168978000465577,0.001082,,,,,0.05,24,,,,,persistent_bias
,,,,,fixed_share,,,,,rmse,,,0.1653366180757722,0.07530801223589938,0.08589218715739377,0.0084942,,,,0.5,,24,0.01,,,,persistent_bias
,,,,,passive_aggressive,,,,,rmse,,,0.09309498378304848,0.030188438427603614,0.03834770834788477,0.0001558,,,,,,24,,0.01,0.05,,persistent_bias
,,,,,dma,,,,,rmse,,,0.23004577030795212,0.07786042028515915,0.09749155490941841,0.0015491,,0.9,,,,24,,,,0.995,persistent_bias
6.568384925252354e9,0.006188000000000001,0,0.0,cholesky,adaptive_ridge,110,quadratic_stacked_beta,0.0053905,7.6407431016527e-16,rmse,0.0007975,1,0.008641637155250313,0.002962160113987835,0.0037230760582808724,,,,,,,25,,,,,persistent_bias
,0.0001205,,0.0,,static_ridge,,,,,rmse,,,0.008431030823137535,0.0029020234582116384,0.0036516137044763385,,,,,,,25,,,,,persistent_bias
,,,0.0,,rolling_ridge,,,,,rmse,,,0.008468582251990611,0.0029700487599183746,0.0037257854386699247,0.011645,336,,,,,25,,,,,persistent_bias
,,,,,rls,,,,,rmse,,,0.008421064787162957,0.0029551543834789532,0.0037024004700971793,0.0094441,,0.995,1.0e-6,,,25,,,,,persistent_bias
,,,,,hedge,,,,,rmse,,,0.2712105363659625,0.1292827714034772,0.1463780683819619,0.000776,0,,,1.0,,25,,,,,persistent_bias
,,,,,exp3,,,,,rmse,,,0.5125951059539869,0.16716194834570827,0.20113775468594622,0.0012056,,,,,0.1,25,,,,,persistent_bias
,,,,,fixed_share,,,,,rmse,,,0.1356293353636682,0.04867228714443505,0.06054792216806013,0.0010931,,,,0.25,,25,0.02,,,,persistent_bias
,,,,,passive_aggressive,,,,,rmse,,,0.08110707844481237,0.025581104339620016,0.032742007377537616,0.0001795,,,,,,25,,1.0,0.0,,persistent_bias
,,,,,dma,,,,,rmse,,,0.2364884960626453,0.07896232896584804,0.09991631829150709,0.0073296,,0.9,,,,25,,,,0.9,persistent_bias
28976.790134188846,0.010837000000000001,0,0.01,cholesky,adaptive_ridge,110,quadratic_stacked_beta,0.0099287,5.862954748986762e-16,rmse,0.0009083,1,0.1278301969022022,0.04425457086823014,0.055539878207966895,,,,,,,26,,,,,persistent_bias
,9.62e-5,,0.001,,static_ridge,,,,,rmse,,,0.12357451667673965,0.04289862232723099,0.053768242184151716,,,,,,,26,,,,,persistent_bias
,,,0.001,,rolling_ridge,,,,,rmse,,,0.1256724606629135,0.04353128991484974,0.05456585953757429,0.0311768,336,,,,,26,,,,,persistent_bias
,,,,,rls,,,,,rmse,,,0.12487370434546032,0.04336976496135871,0.054343725828602536,0.0091751,,0.995,0.1,,,26,,,,,persistent_bias
,,,,,hedge,,,,,rmse,,,0.17263247684152483,0.05829878531545552,0.07349637511526509,0.0012273,0,,,1.0,,26,,,,,persistent_bias
,,,,,exp3,,,,,rmse,,,0.5861695794914985,0.1489781965586686,0.2051447679181853,0.0011803,,,,,0.2,26,,,,,persistent_bias
,,,,,fixed_share,,,,,rmse,,,0.16336800164027193,0.054823403496765045,0.06895844540821054,0.0009608,,,,0.05,,26,0.02,,,,persistent_bias
,,,,,passive_aggressive,,,,,rmse,,,0.12917994902014437,0.04492317058005919,0.05628712177848052,0.0002029,,,,,,26,,0.001,0.01,,persistent_bias
,,,,,dma,,,,,rmse,,,0.2802900899031456,0.1039219236928504,0.12774176727780523,0.0015133,,0.9,,,,26,,,,0.995,persistent_bias
1.4212782032391175e6,0.0838623,0,0.0,cholesky,adaptive_ridge,110,quadratic_stacked_beta,0.0829225,8.831497490393239e-16,rmse,0.0009398,1,0.07932924058525247,0.02789312155031729,0.034708683144111775,,,,,,,27,,,,,persistent_bias
,0.0001012,,0.0,,static_ridge,,,,,rmse,,,0.07856656366142947,0.02721774741467199,0.03397562597223972,,,,,,,27,,,,,persistent_bias
,,,0.0,,rolling_ridge,,,,,rmse,,,0.07950440582237744,0.027830240758879646,0.03461312508280214,0.0089183,336,,,,,27,,,,,persistent_bias
,,,,,rls,,,,,rmse,,,0.07869242679388011,0.027512371298090386,0.034286757395999595,0.0025234,,0.995,1.0e-6,,,27,,,,,persistent_bias
,,,,,hedge,,,,,rmse,,,0.20883010957887835,0.07751316354106326,0.09436017316426139,0.000879,336,,,1.0,,27,,,,,persistent_bias
,,,,,exp3,,,,,rmse,,,0.5213901205197591,0.1365000993656001,0.18886710488506261,0.0010704,,,,,0.1,27,,,,,persistent_bias
,,,,,fixed_share,,,,,rmse,,,0.1214653633334753,0.043031852323251026,0.05344044692491865,0.0066238,,,,0.05,,27,0.01,,,,persistent_bias
,,,,,passive_aggressive,,,,,rmse,,,0.09213117366145865,0.030529611802837368,0.03835226342621847,0.0001513,,,,,,27,,0.1,0.05,,persistent_bias
,,,,,dma,,,,,rmse,,,0.20923964099366224,0.07766971641479635,0.09492192776843765,0.00145,,0.9,,,,27,,,,0.95,persistent_bias
124064.18041597234,0.0040034,0,0.001,cholesky,adaptive_ridge,110,quadratic_stacked_beta,0.003131,6.580618116829679e-16,rmse,0.0008724,1,0.15440187949938142,0.051006422804936974,0.06476410775565133,,,,,,,28,,,,,persistent_bias
,8.54e-5,,0.001,,static_ridge,,,,,rmse,,,0.14954097408194456,0.04970641076588338,0.0632210988516173,,,,,,,28,,,,,persistent_bias
,,,0.0001,,rolling_ridge,,,,,rmse,,,0.15311907052678908,0.05205454154526135,0.06527011428711925,0.0110948,168,,,,,28,,,,,persistent_bias
,,,,,rls,,,,,rmse,,,0.1506834382027022,0.050062582848558815,0.06370747661721589,0.0025905,,0.995,0.1,,,28,,,,,persistent_bias
,,,,,hedge,,,,,rmse,,,0.23254261069428014,0.07872840070314906,0.09864920924392227,0.000547,0,,,1.0,,28,,,,,persistent_bias
,,,,,exp3,,,,,rmse,,,0.6039350046063108,0.14165779326844793,0.2012402833113549,0.0011608,,,,,0.1,28,,,,,persistent_bias
,,,,,fixed_share,,,,,rmse,,,0.1885811373182311,0.0753408436238832,0.0898882263121884,0.0012229,,,,0.1,,28,0.01,,,,persistent_bias
,,,,,passive_aggressive,,,,,rmse,,,0.1626067261126079,0.054464163571689296,0.06813460209281941,0.0001939,,,,,,28,,0.01,0.05,,persistent_bias
,,,,,dma,,,,,rmse,,,0.22995256887763638,0.08623720106995908,0.1055145388195849,0.0014033,,0.995,,,,28,,,,0.995,persistent_bias
2.442243996730042e6,0.0042605,0,0.001,cholesky,adaptive_ridge,110,quadratic_stacked_beta,0.0034052,7.60307748749037e-16,rmse,0.0008553,1,0.08996575130095819,0.031368373150647395,0.03924646260302016,,,,,,,29,,,,,persistent_bias
,9.4e-5,,1.0e-6,,static_ridge,,,,,rmse,,,0.08764362286830835,0.030397472279775354,0.038128080517559955,,,,,,,29,,,,,persistent_bias
,,,0.0001,,rolling_ridge,,,,,rmse,,,0.08820700890794925,0.031127756866618686,0.03879632646326263,0.0193104,336,,,,,29,,,,,persistent_bias
,,,,,rls,,,,,rmse,,,0.08727733234755616,0.030664032429598705,0.03824806232254482,0.0083682,,0.995,1.0e-6,,,29,,,,,persistent_bias
,,,,,hedge,,,,,rmse,,,0.17126085557043338,0.057070702104781296,0.07213907215018481,0.0015635,0,,,1.0,,29,,,,,persistent_bias
,,,,,exp3,,,,,rmse,,,0.5378592936279206,0.13283986826669927,0.18505949117470408,0.001489,,,,,0.1,29,,,,,persistent_bias
,,,,,fixed_share,,,,,rmse,,,0.1393509140772468,0.045689849822405454,0.0576678135751594,0.0007714,,,,0.05,,29,0.01,,,,persistent_bias
,,,,,passive_aggressive,,,,,rmse,,,0.09848985201618567,0.03348571101583914,0.0418204870607806,0.0001561,,,,,,29,,0.01,0.05,,persistent_bias
,,,,,dma,,,,,rmse,,,0.20363950475457485,0.08514114376663007,0.10108019824767299,0.0023506,,0.9,,,,29,,,,0.9,persistent_bias
144219.7884927762,0.0084865,0,0.0,cholesky,adaptive_ridge,110,quadratic_stacked_beta,0.0076552,6.878882256526002e-16,rmse,0.0008313,1,0.12795493139233025,0.044765602098929984,0.05537773283855238,,,,,,,30,,,,,persistent_bias
,9.56e-5,,0.0,,static_ridge,,,,,rmse,,,0.12520891326056868,0.04389804344335716,0.0542824377772901,,,,,,,30,,,,,persistent_bias
,,,0.0,,rolling_ridge,,,,,rmse,,,0.1281935636312864,0.044818791579475235,0.055589083870901876,0.0103819,336,,,,,30,,,,,persistent_bias
,,,,,rls,,,,,rmse,,,0.12670041827781012,0.0443065114662779,0.05503585803830415,0.0214019,,0.995,1.0e-6,,,30,,,,,persistent_bias
,,,,,hedge,,,,,rmse,,,0.23578723941904747,0.07821150664249867,0.09970485067554219,0.001815,24,,,1.0,,30,,,,,persistent_bias
,,,,,exp3,,,,,rmse,,,0.6516072548039419,0.20139492897748443,0.25436217168698955,0.0011347,,,,,0.1,30,,,,,persistent_bias
,,,,,fixed_share,,,,,rmse,,,0.22003384691566036,0.07325455900580094,0.0921337743072806,0.0009873,,,,0.05,,30,0.01,,,,persistent_bias
,,,,,passive_aggressive,,,,,rmse,,,0.1388590229875031,0.04735553722516702,0.05962479231206536,0.0002471,,,,,,30,,0.01,0.05,,persistent_bias
,,,,,dma,,,,,rmse,,,0.3817489953518127,0.12802153026445365,0.1607967036499345,0.0021167,,0.9,,,,30,,,,0.9,persistent_bias
2.7248011524739957e9,0.0141919,0,1.0e-6,cholesky,adaptive_ridge,110,quadratic_stacked_beta,0.0133267,9.40085689302147e-16,rmse,0.0008652,1,0.03928602527909732,0.013590485658600068,0.017020327182673323,,,,,,,1,,,,,member_degradation
,0.0001021,,0.0,,static_ridge,,,,,rmse,,,0.038090386689552905,0.013162161094675873,0.016515398976097443,,,,,,,1,,,,,member_degradation
,,,1.0e-6,,rolling_ridge,,,,,rmse,,,0.038747238515729296,0.013470598939058089,0.016881617637471816,0.0208471,336,,,,,1,,,,,member_degradation
,,,,,rls,,,,,rmse,,,0.03846516857108776,0.013395030238240822,0.01676821154868534,0.007253,,0.995,0.1,,,1,,,,,member_degradation
,,,,,hedge,,,,,rmse,,,0.21434203332349788,0.07549121420749691,0.09439008786759281,0.0010114,336,,,1.0,,1,,,,,member_degradation
,,,,,exp3,,,,,rmse,,,0.5575071194308727,0.16775175670334802,0.2079897583408115,0.0011508,,,,,0.1,1,,,,,member_degradation
,,,,,fixed_share,,,,,rmse,,,0.15271597793017175,0.05134701864068474,0.06474229487279187,0.000995,,,,0.05,,1,0.01,,,,member_degradation
,,,,,passive_aggressive,,,,,rmse,,,0.05315769956949863,0.0175035330472459,0.022054901199857306,0.0002011,,,,,,1,,1.0,0.01,,member_degradation
,,,,,dma,,,,,rmse,,,0.26170594062073077,0.12326395899325038,0.13917918733511028,0.0019798,,0.9,,,,1,,,,0.95,member_degradation
5.3096531188198484e7,0.005526400000000001,0,0.0,cholesky,adaptive_ridge,110,quadratic_stacked_beta,0.0046357,1.0969983084254103e-15,rmse,0.0008907,1,0.03926666382709948,0.013495987026868508,0.016914257949356092,,,,,,,2,,,,,member_degradation
,9.75e-5,,0.0,,static_ridge,,,,,rmse,,,0.03920236224912568,0.013166948046235409,0.016582102472209787,,,,,,,2,,,,,member_degradation
,,,0.0,,rolling_ridge,,,,,rmse,,,0.039456742277136636,0.013476584029742616,0.01684992848322273,0.0092438,336,,,,,2,,,,,member_degradation
,,,,,rls,,,,,rmse,,,0.0395746819570085,0.013370370052639764,0.0167648042000714,0.0023321,,0.995,0.1,,,2,,,,,member_degradation
,,,,,hedge,,,,,rmse,,,0.2401629207793491,0.09164694702113495,0.11077749994893117,0.0009659,72,,,0.01,,2,,,,,member_degradation
,,,,,exp3,,,,,rmse,,,0.6406748676236085,0.24527023458113406,0.2922519873081426,0.0055615,,,,,0.1,2,,,,,member_degradation
,,,,,fixed_share,,,,,rmse,,,0.24149569285825165,0.0924549502050424,0.11161990162891697,0.0009837,,,,0.01,,2,0.1,,,,member_degradation
,,,,,passive_aggressive,,,,,rmse,,,0.05092665188122268,0.016768454796291472,0.021285115027725038,0.0002396,,,,,,2,,0.1,0.01,,member_degradation
,,,,,dma,,,,,rmse,,,0.49231547773071016,0.21671161908433234,0.2497735520010243,0.0021437,,0.9,,,,2,,,,0.98,member_degradation
2.3856572177048326e8,0.0043442,0,0.0,cholesky,adaptive_ridge,110,quadratic_stacked_beta,0.0034721,7.877402034183398e-16,rmse,0.0008721,1,0.1033265816373078,0.03507264220650655,0.043710105219114254,,,,,,,3,,,,,member_degradation
,9.73e-5,,0.0,,static_ridge,,,,,rmse,,,0.10163602483960986,0.033899590058368984,0.04228371371906471,,,,,,,3,,,,,member_degradation
,,,0.0001,,rolling_ridge,,,,,rmse,,,0.10130430598891546,0.03252932282321659,0.04134428223980259,0.0108687,72,,,,,3,,,,,member_degradation
,,,,,rls,,,,,rmse,,,0.09763904311794537,0.030171989151654838,0.039052599009560506,0.0106594,,0.95,0.1,,,3,,,,,member_degradation
,,,,,hedge,,,,,rmse,,,0.2000463196126883,0.06737842529344358,0.0846275055913582,0.0008918,0,,,1.0,,3,,,,,member_degradation
,,,,,exp3,,,,,rmse,,,0.622740730594264,0.16979827333202877,0.2188347309101124,0.0012982,,,,,0.1,3,,,,,member_degradation
,,,,,fixed_share,,,,,rmse,,,0.1607002796278971,0.05318173018647116,0.06694390601279061,0.0014444,,,,0.05,,3,0.01,,,,member_degradation
,,,,,passive_aggressive,,,,,rmse,,,0.1179897476853622,0.036317746575218815,0.046738446568738386,0.0003078,,,,,,3,,0.01,0.01,,member_degradation
,,,,,dma,,,,,rmse,,,0.26143846175773316,0.10535041677821426,0.12533039529080628,0.0022588,,0.98,,,,3,,,,0.995,member_degradation
2.549081825081087e7,0.0043467,0,0.0001,cholesky,adaptive_ridge,110,quadratic_stacked_beta,0.0031926,5.963614997259699e-16,rmse,0.0011541,1,0.06579138065515801,0.02297304768314508,0.028581711301033364,,,,,,,4,,,,,member_degradation
,9.04e-5,,0.0001,,static_ridge,,,,,rmse,,,0.06462582244790908,0.022597407071113643,0.02805119483212792,,,,,,,4,,,,,member_degradation
,,,0.0001,,rolling_ridge,,,,,rmse,,,0.06564672521133377,0.022456260353965633,0.028384249609989032,0.1256945,72,,,,,4,,,,,member_degradation
,,,,,rls,,,,,rmse,,,0.06647501673390138,0.021664576229537935,0.02779168962171721,0.00246,,0.95,0.0001,,,4,,,,,member_degradation
,,,,,hedge,,,,,rmse,,,0.16221150626972086,0.05481228256896649,0.06883877255054663,0.0020199,72,,,1.0,,4,,,,,member_degradation
,,,,,exp3,,,,,rmse,,,0.5021247370698544,0.17493993732300958,0.20668481277699313,0.0017258,,,,,0.1,4,,,,,member_degradation
,,,,,fixed_share,,,,,rmse,,,0.10964373818324859,0.03907537784236327,0.04822575302226954,0.0018281,,,,0.1,,4,0.005,,,,member_degradation
,,,,,passive_aggressive,,,,,rmse,,,0.09260431941909424,0.029160655011018638,0.03754978898319592,0.0165802,,,,,,4,,0.1,0.01,,member_degradation
,,,,,dma,,,,,rmse,,,0.17511606719363357,0.06678530530380383,0.0807164529455241,0.0014225,,0.9,,,,4,,,,0.995,member_degradation
4.729776059364949e8,0.0100616,0,1.0e-6,cholesky,adaptive_ridge,110,quadratic_stacked_beta,0.0090296,8.311335168329405e-16,rmse,0.001032,1,0.017917916423123802,0.00612751943241077,0.007684520665352955,,,,,,,5,,,,,member_degradation
,9.16e-5,,1.0e-6,,static_ridge,,,,,rmse,,,0.017696488946914325,0.005955721653161193,0.0075056703283511265,,,,,,,5,,,,,member_degradation
,,,0.0,,rolling_ridge,,,,,rmse,,,0.01826041503696375,0.006082608477220489,0.0076718093351884325,0.0121818,336,,,,,5,,,,,member_degradation
,,,,,rls,,,,,rmse,,,0.017996880685324033,0.005980031693845133,0.007564137892430095,0.0026584,,0.995,0.1,,,5,,,,,member_degradation
,,,,,hedge,,,,,rmse,,,0.1708523307818318,0.05944876179979084,0.07428702933239488,0.0014455,0,,,1.0,,5,,,,,member_degradation
,,,,,exp3,,,,,rmse,,,0.4680682173936886,0.10003734509808922,0.14715457323043885,0.0011043,,,,,0.1,5,,,,,member_degradation
,,,,,fixed_share,,,,,rmse,,,0.054679678223190455,0.04597697122362827,0.046171724015605334,0.0009576,,,,1.0,,5,0.005,,,,member_degradation
,,,,,passive_aggressive,,,,,rmse,,,0.05182035895292211,0.016943728631386254,0.021588872942955452,0.0001676,,,,,,5,,1.0,0.0,,member_degradation
,,,,,dma,,,,,rmse,,,0.05378762245016298,0.0458580694007657,0.04600586022515427,0.0013958,,0.995,,,,5,,,,0.995,member_degradation
1.0566128467200692e8,0.0045992,0,0.0,cholesky,adaptive_ridge,110,quadratic_stacked_beta,0.003344,6.952498147103233e-16,rmse,0.0012552,1,0.010726935843462538,0.0037298720230455385,0.004660612029016859,,,,,,,6,,,,,member_degradation
,0.0001077,,0.0,,static_ridge,,,,,rmse,,,0.010575673967623956,0.0036162708783456557,0.004538578647832176,,,,,,,6,,,,,member_degradation
,,,0.0,,rolling_ridge,,,,,rmse,,,0.010661266752561354,0.0036570611793373766,0.004574015051994853,0.0095288,336,,,,,6,,,,,member_degradation
,,,,,rls,,,,,rmse,,,0.010671484438187627,0.003666407681614252,0.004581089303346255,0.0074959,,0.995,1.0e-6,,,6,,,,,member_degradation
,,,,,hedge,,,,,rmse,,,0.24811264693860505,0.0865627043852387,0.10834545918643626,0.0008739,0,,,1.0,,6,,,,,member_degradation
,,,,,exp3,,,,,rmse,,,0.5781160728407033,0.09325006521997188,0.1616541491276866,0.0009864,,,,,0.1,6,,,,,member_degradation
,,,,,fixed_share,,,,,rmse,,,0.07735739800518669,0.02950696314369984,0.03575787784394224,0.0011433,,,,0.1,,6,0.005,,,,member_degradation
,,,,,passive_aggressive,,,,,rmse,,,0.022402944158668173,0.006749983645086662,0.008789705215482385,0.0001736,,,,,,6,,1.0,0.0,,member_degradation
,,,,,dma,,,,,rmse,,,0.05702774502481111,0.049127096062645474,0.049286381857715375,0.0014973,,0.9,,,,6,,,,0.9,member_degradation
15355.18375926465,0.0046117,0,0.01,cholesky,adaptive_ridge,110,quadratic_stacked_beta,0.0036526,6.391320217330162e-16,rmse,0.0009591,1,0.16610297162620263,0.05636030364574231,0.07098492180181547,,,,,,,7,,,,,member_degradation
,9.24e-5,,0.001,,static_ridge,,,,,rmse,,,0.16304202089157244,0.05510233235931895,0.06932990210591329,,,,,,,7,,,,,member_degradation
,,,0.001,,rolling_ridge,,,,,rmse,,,0.1675296594121928,0.05605873042499758,0.07077111843810029,0.0085893,336,,,,,7,,,,,member_degradation
,,,,,rls,,,,,rmse,,,0.16582184469765177,0.05573697384541867,0.0702150165069192,0.0121923,,0.995,1.0e-6,,,7,,,,,member_degradation
,,,,,hedge,,,,,rmse,,,0.20217316856105733,0.06939135837726693,0.08705486525585161,0.001927,0,,,1.0,,7,,,,,member_degradation
,,,,,exp3,,,,,rmse,,,0.6828597316389932,0.24787354565496067,0.30063632206125956,0.0015669,,,,,0.1,7,,,,,member_degradation
,,,,,fixed_share,,,,,rmse,,,0.20160882187386317,0.068213732142117,0.08555444879139058,0.0013692,,,,0.01,,7,0.005,,,,member_degradation
,,,,,passive_aggressive,,,,,rmse,,,0.1691544591489197,0.056542309696571015,0.07139265570992036,0.0001923,,,,,,7,,0.001,0.05,,member_degradation
,,,,,dma,,,,,rmse,,,0.4089993749700658,0.17268900023594985,0.20251405442238077,0.00145,,0.9,,,,7,,,,0.995,member_degradation
845297.3593823552,0.0213858,0,0.0001,cholesky,adaptive_ridge,110,quadratic_stacked_beta,0.0033445,7.820920402463225e-16,rmse,0.0180413,1,0.08521443703022151,0.029086432218865782,0.03638938031792793,,,,,,,8,,,,,member_degradation
,8.83e-5,,0.0001,,static_ridge,,,,,rmse,,,0.08293667861467732,0.028801941746641895,0.03592951256499522,,,,,,,8,,,,,member_degradation
,,,0.0,,rolling_ridge,,,,,rmse,,,0.08561099797961116,0.02932519735124866,0.03671039094229331,0.0094025,336,,,,,8,,,,,member_degradation
,,,,,rls,,,,,rmse,,,0.08443750396639178,0.029108306317339804,0.03638950166329774,0.0345329,,0.995,0.1,,,8,,,,,member_degradation
,,,,,hedge,,,,,rmse,,,0.18598307263466526,0.06070246365102925,0.07695738156606158,0.0007434,0,,,1.0,,8,,,,,member_degradation
,,,,,exp3,,,,,rmse,,,0.48938279673000307,0.14650191063117077,0.18810115353294196,0.0011202,,,,,0.1,8,,,,,member_degradation
,,,,,fixed_share,,,,,rmse,,,0.15587694174548297,0.0515736722568618,0.06501217848180117,0.001141,,,,0.05,,8,0.01,,,,member_degradation
,,,,,passive_aggressive,,,,,rmse,,,0.0893756688552046,0.03150554484809149,0.03924689266381534,0.000203,,,,,,8,,0.001,0.01,,member_degradation
,,,,,dma,,,,,rmse,,,0.26215185308756744,0.09911893017529079,0.11973805676507321,0.0015327,,0.9,,,,8,,,,0.995,member_degradation
1.0188312942603366e6,0.013179,0,0.0001,cholesky,adaptive_ridge,110,quadratic_stacked_beta,0.0119697,8.244080544924966e-16,rmse,0.0012093,1,0.08837026351930274,0.029877449808038598,0.037643874593058416,,,,,,,9,,,,,member_degradation
,8.84e-5,,0.0001,,static_ridge,,,,,rmse,,,0.08452257124778419,0.02852598691427211,0.036298590733057114,,,,,,,9,,,,,member_degradation
,,,0.0001,,rolling_ridge,,,,,rmse,,,0.08722892985006878,0.029118943670004786,0.03679078723588976,0.0144904,336,,,,,9,,,,,member_degradation
,,,,,rls,,,,,rmse,,,0.08651337483863669,0.028944780791176534,0.036558530477066566,0.0074696,,0.995,0.1,,,9,,,,,member_degradation
,,,,,hedge,,,,,rmse,,,0.2526736993665663,0.10116638102065235,0.12089193491444715,0.0007503,0,,,1.0,,9,,,,,member_degradation
,,,,,exp3,,,,,rmse,,,0.5524650429547581,0.16902706064146905,0.209833044952579,0.0012103,,,,,0.1,9,,,,,member_degradation
,,,,,fixed_share,,,,,rmse,,,0.19047045242371918,0.08746675922547666,0.10019809910434437,0.0015953,,,,0.05,,9,0.005,,,,member_degradation
,,,,,passive_aggressive,,,,,rmse,,,0.10737122051407264,0.0360624258347537,0.045360101538474695,0.0001595,,,,,,9,,0.1,0.05,,member_degradation
,,,,,dma,,,,,rmse,,,0.20341914462804028,0.12093327441812124,0.12772977869222038,0.0014721,,0.9,,,,9,,,,0.995,member_degradation
297800.69230836694,0.0041896,0,0.0001,cholesky,adaptive_ridge,110,quadratic_stacked_beta,0.0033515,7.8055617216629715e-16,rmse,0.0008381,1,0.1259478630662603,0.04351406494187156,0.05409494149733959,,,,,,,10,,,,,member_degradation
,8.71e-5,,0.0,,static_ridge,,,,,rmse,,,0.12371231939154345,0.041971808418109866,0.05261232718467224,,,,,,,10,,,,,member_degradation
,,,0.0001,,rolling_ridge,,,,,rmse,,,0.12923850451517688,0.042694180115667675,0.05382415746018087,0.0049588,336,,,,,10,,,,,member_degradation
,,,,,rls,,,,,rmse,,,0.12658726724675165,0.042195015812288045,0.053099786025039,0.0086297,,0.995,1.0e-6,,,10,,,,,member_degradation
,,,,,hedge,,,,,rmse,,,0.22474725873225215,0.07680603792088803,0.09696114012383937,0.0009319,168,,,0.01,,10,,,,,member_degradation
,,,,,exp3,,,,,rmse,,,0.6315975836602196,0.19972464566363612,0.25047385403374,0.0009685,,,,,0.1,10,,,,,member_degradation
,,,,,fixed_share,,,,,rmse,,,0.22458028461445412,0.07687879285691296,0.09703322717825179,0.000856,,,,0.01,,10,0.1,,,,member_degradation
,,,,,passive_aggressive,,,,,rmse,,,0.13951686292703872,0.0450148373310038,0.057107109819104,0.0001725,,,,,,10,,0.01,0.05,,member_degradation
,,,,,dma,,,,,rmse,,,0.35892777760732314,0.14572930243122673,0.1735383269022505,0.001484,,0.9,,,,10,,,,0.9,member_degradation
302515.936254439,0.0047924000000000005,0,0.001,cholesky,adaptive_ridge,110,quadratic_stacked_beta,0.0032902,7.469374178768919e-16,rmse,0.0015022,1,0.1851480258160631,0.0629849763575015,0.07905536465195234,,,,,,,11,,,,,member_degradation
,0.0001173,,0.0,,static_ridge,,,,,rmse,,,0.18074155968294278,0.061221890649091074,0.07754129808770381,,,,,,,11,,,,,member_degradation
,,,0.001,,rolling_ridge,,,,,rmse,,,0.1857809592726781,0.06085866542147431,0.07685381146101286,0.0089224,72,,,,,11,,,,,member_degradation
,,,,,rls,,,,,rmse,,,0.18295880333282838,0.057597047996162845,0.0739545569104973,0.0078281,,0.95,0.1,,,11,,,,,member_degradation
,,,,,hedge,,,,,rmse,,,0.23359402360003625,0.08055064674222759,0.10055792110868479,0.0008867,24,,,1.0,,11,,,,,member_degradation
,,,,,exp3,,,,,rmse,,,0.6480731421942723,0.1934048050928753,0.2513517954438165,0.0011958,,,,,0.1,11,,,,,member_degradation
,,,,,fixed_share,,,,,rmse,,,0.21618953290044085,0.07210364881723817,0.0908439349144857,0.0008882,,,,0.05,,11,0.01,,,,member_degradation
,,,,,passive_aggressive,,,,,rmse,,,0.18537963067056126,0.060098026763061245,0.07674168255271879,0.0001832,,,,,,11,,0.01,0.05,,member_degradation
,,,,,dma,,,,,rmse,,,0.3406745458628075,0.11972947409594206,0.14928952841449084,0.0013866,,0.9,,,,11,,,,0.995,member_degradation
63828.105895780885,0.0049353,0,0.001,cholesky,adaptive_ridge,110,quadratic_stacked_beta,0.0040305,5.948893921251893e-16,rmse,0.0009048,1,0.14774415516009337,0.05034295846107355,0.06324027306558712,,,,,,,12,,,,,member_degradation
,9.15e-5,,0.001,,static_ridge,,,,,rmse,,,0.14234401773669508,0.048649443226399344,0.061324199767620255,,,,,,,12,,,,,member_degradation
,,,0.001,,rolling_ridge,,,,,rmse,,,0.1454476433457973,0.04950752994604025,0.06245444527581194,0.0034192,336,,,,,12,,,,,member_degradation
,,,,,rls,,,,,rmse,,,0.14385797202172354,0.04896228538739578,0.06168318522716362,0.0232814,,0.995,0.1,,,12,,,,,member_degradation
,,,,,hedge,,,,,rmse,,,0.21533886798503346,0.07804651391803968,0.09683236706154187,0.0008946,336,,,1.0,,12,,,,,member_degradation
,,,,,exp3,,,,,rmse,,,0.5707886968129785,0.17721568773512184,0.22578622445592667,0.0020786,,,,,0.1,12,,,,,member_degradation
,,,,,fixed_share,,,,,rmse,,,0.18632314657870575,0.066883780229375,0.08294931925033926,0.0015972,,,,0.1,,12,0.01,,,,member_degradation
,,,,,passive_aggressive,,,,,rmse,,,0.15559510911680602,0.05216309582345252,0.06550394424837874,0.0001312,,,,,,12,,0.01,0.1,,member_degradation
,,,,,dma,,,,,rmse,,,0.28827721957317387,0.09751845368625328,0.12316874381369394,0.0015121,,0.9,,,,12,,,,0.995,member_degradation
9.066815720697519e8,0.004188600000000001,0,0.0,cholesky,adaptive_ridge,110,quadratic_stacked_beta,0.0033838,9.284644544126214e-16,rmse,0.0008048,1,0.01849926887317055,0.006321311054975869,0.007897965295904898,,,,,,,13,,,,,member_degradation
,0.0001068,,0.0,,static_ridge,,,,,rmse,,,0.018094414175067238,0.006135293399730953,0.007700472454401712,,,,,,,13,,,,,member_degradation
,,,0.0,,rolling_ridge,,,,,rmse,,,0.018490699569412402,0.006278641480788802,0.007852164969880298,0.010198,336,,,,,13,,,,,member_degradation
,,,,,rls,,,,,rmse,,,0.018465563457954918,0.006238105744396455,0.007801967115179602,0.0036858,,0.995,1.0e-6,,,13,,,,,member_degradation
,,,,,hedge,,,,,rmse,,,0.1967817494872488,0.07000938753602369,0.08688576723767838,0.0007963,0,,,1.0,,13,,,,,member_degradation
,,,,,exp3,,,,,rmse,,,0.5325224797347632,0.14432010352841423,0.18399340853917767,0.0011233,,,,,0.1,13,,,,,member_degradation
,,,,,fixed_share,,,,,rmse,,,0.11957841908123548,0.05005695754189325,0.05921403941659386,0.0008881,,,,0.25,,13,0.02,,,,member_degradation
,,,,,passive_aggressive,,,,,rmse,,,0.04700367905279976,0.014655788440778337,0.018728845174046334,0.000249,,,,,,13,,0.1,0.0,,member_degradation
,,,,,dma,,,,,rmse,,,0.11329765234211871,0.0911612468775544,0.09189871625519233,0.0015473,,0.9,,,,13,,,,0.995,member_degradation
2.298914707811206e7,0.0356818,0,0.0001,cholesky,adaptive_ridge,110,quadratic_stacked_beta,0.034485,1.1169248504160126e-15,rmse,0.0011968,1,0.22279863318851206,0.08064059223808767,0.1001784903649412,,,,,,,14,,,,,member_degradation
,0.0001127,,0.0001,,static_ridge,,,,,rmse,,,0.21465277708808939,0.07847051562550306,0.09695276985618971,,,,,,,14,,,,,member_degradation
,,,0.0001,,rolling_ridge,,,,,rmse,,,0.22131209531149487,0.057796091503588005,0.08023105377588229,0.0095705,24,,,,,14,,,,,member_degradation
,,,,,rls,,,,,rmse,,,0.20537179517032073,0.05441605330967037,0.07503808871028168,0.007547,,0.9,1.0e-6,,,14,,,,,member_degradation
,,,,,hedge,,,,,rmse,,,0.31518693710658424,0.1165795959186233,0.1424351676743701,0.0007543,0,,,0.01,,14,,,,,member_degradation
,,,,,exp3,,,,,rmse,,,0.6350621019451299,0.25872411862380773,0.28407707553699957,0.001224,,,,,0.2,14,,,,,member_degradation
,,,,,fixed_share,,,,,rmse,,,0.3153398121724713,0.11699517534216723,0.14281080996306075,0.0094348,,,,0.01,,14,0.1,,,,member_degradation
,,,,,passive_aggressive,,,,,rmse,,,0.23998044363486787,0.07146544253965544,0.0942567789141797,0.0002678,,,,,,14,,0.1,0.05,,member_degradation
,,,,,dma,,,,,rmse,,,0.39031327907298163,0.1933078821200527,0.21088219737146932,0.0020145,,0.9,,,,14,,,,0.995,member_degradation
5.047458458395703e6,0.0070648,0,0.0001,cholesky,adaptive_ridge,110,quadratic_stacked_beta,0.0060191,7.06982822894548e-16,rmse,0.0010457,1,0.032190786160062226,0.010590675856951589,0.01343539202570894,,,,,,,15,,,,,member_degradation
,8.46e-5,,1.0e-6,,static_ridge,,,,,rmse,,,0.03111370666836578,0.010223490690130324,0.013008776349532153,,,,,,,15,,,,,member_degradation
,,,0.0,,rolling_ridge,,,,,rmse,,,0.03193541097168495,0.010400861119901971,0.01321491835057844,0.004264,336,,,,,15,,,,,member_degradation
,,,,,rls,,,,,rmse,,,0.03191003062486573,0.010433138221443075,0.013248991696560864,0.0022873,,0.995,1.0e-6,,,15,,,,,member_degradation
,,,,,hedge,,,,,rmse,,,0.35640728682587935,0.17501738686947904,0.19526648303405264,0.0009403,336,,,1.0,,15,,,,,member_degradation
,,,,,exp3,,,,,rmse,,,0.5695642913783905,0.06347779917722947,0.15359383143743432,0.0011763,,,,,0.1,15,,,,,member_degradation
,,,,,fixed_share,,,,,rmse,,,0.03396690080070544,0.011316829326353152,0.014331723156359985,0.0008527,,,,1.0,,15,0.01,,,,member_degradation
,,,,,passive_aggressive,,,,,rmse,,,0.0372785534031211,0.012787475694384771,0.015902652118400928,0.0001916,,,,,,15,,0.01,0.01,,member_degradation
,,,,,dma,,,,,rmse,,,0.0409083492441798,0.014657353952999257,0.017983104722024183,0.0013262,,0.995,,,,15,,,,0.995,member_degradation
518880.57376136445,0.0041297999999999994,0,0.0,cholesky,adaptive_ridge,110,quadratic_stacked_beta,0.0032857,6.905980783029543e-16,rmse,0.0008441,1,0.10475614943937595,0.036513513242298956,0.04527397536789043,,,,,,,16,,,,,member_degradation
,9.19e-5,,0.0,,static_ridge,,,,,rmse,,,0.10218582693676506,0.035617889168332244,0.044281230050771836,,,,,,,16,,,,,member_degradation
,,,1.0e-6,,rolling_ridge,,,,,rmse,,,0.10385800689271747,0.03616633258417679,0.045118593888088414,0.0083211,336,,,,,16,,,,,member_degradation
,,,,,rls,,,,,rmse,,,0.1030217910388729,0.035859325793456985,0.04464448612956165,0.0027169,,0.995,1.0e-6,,,16,,,,,member_degradation
,,,,,hedge,,,,,rmse,,,0.2496602240892309,0.09784393816210227,0.11770453723869041,0.0008969,336,,,1.0,,16,,,,,member_degradation
,,,,,exp3,,,,,rmse,,,0.6192010972459584,0.19437307032763307,0.24182347455247244,0.0010707,,,,,0.1,16,,,,,member_degradation
,,,,,fixed_share,,,,,rmse,,,0.20660415863480971,0.07668916864434351,0.09314320956998795,0.0008535,,,,0.05,,16,0.01,,,,member_degradation
,,,,,passive_aggressive,,,,,rmse,,,0.11222426106080491,0.0388267093045674,0.0486209964513419,0.0001857,,,,,,16,,0.01,0.05,,member_degradation
,,,,,dma,,,,,rmse,,,0.3160768501767574,0.1335797510739295,0.15573289493271025,0.0070243,,0.9,,,,16,,,,0.995,member_degradation
2.500734700599207e10,0.0040317,0,0.0,cholesky,adaptive_ridge,110,quadratic_stacked_beta,0.0032123,7.939720810146454e-16,rmse,0.0008194,1,0.0029666918358251105,0.0010410898763670083,0.0012982514789483153,,,,,,,17,,,,,member_degradation
,0.0001409,,0.0,,static_ridge,,,,,rmse,,,0.0028706048831535127,0.0010291951991356393,0.0012766221765175747,,,,,,,17,,,,,member_degradation
,,,0.0,,rolling_ridge,,,,,rmse,,,0.002908485093332228,0.0010467876711317179,0.0012955834079735847,0.0101871,336,,,,,17,,,,,member_degradation
,,,,,rls,,,,,rmse,,,0.002888316867255477,0.0010401924323226426,0.0012903988683303411,0.003172,,0.995,0.1,,,17,,,,,member_degradation
,,,,,hedge,,,,,rmse,,,0.21281273581063664,0.07937855756890486,0.09677413138614017,0.0020998,72,,,1.0,,17,,,,,member_degradation
,,,,,exp3,,,,,rmse,,,0.5527922691133564,0.15002619262018543,0.18909132976241544,0.0011997,,,,,0.1,17,,,,,member_degradation
,,,,,fixed_share,,,,,rmse,,,0.1852031327807699,0.0739372303258169,0.08831296859596514,0.0015915,,,,0.05,,17,0.01,,,,member_degradation
,,,,,passive_aggressive,,,,,rmse,,,0.07568008973188776,0.023536160889284705,0.030164063949379417,0.0001814,,,,,,17,,1.0,0.0,,member_degradation
,,,,,dma,,,,,rmse,,,0.15549464005861288,0.11184961914644896,0.11458580993027653,0.0015576,,0.9,,,,17,,,,0.995,member_degradation
927374.6673565926,0.0129688,0,0.0,cholesky,adaptive_ridge,110,quadratic_stacked_beta,0.0121489,7.529019643645018e-16,rmse,0.0008199,1,0.07269776956591963,0.025814473085842636,0.032012818896189905,,,,,,,18,,,,,member_degradation
,9.92e-5,,0.0,,static_ridge,,,,,rmse,,,0.07316206851497782,0.0254582970457493,0.03147715858208943,,,,,,,18,,,,,member_degradation
,,,0.0001,,rolling_ridge,,,,,rmse,,,0.07298702482517731,0.02587470904002094,0.03186895406312058,0.0041049,336,,,,,18,,,,,member_degradation
,,,,,rls,,,,,rmse,,,0.072980796227317,0.025787300477929497,0.031710235013559185,0.0031346,,0.995,1.0e-6,,,18,,,,,member_degradation
,,,,,hedge,,,,,rmse,,,0.2762838501165232,0.10977712363367811,0.131407539872133,0.0007816,0,,,1.0,,18,,,,,member_degradation
,,,,,exp3,,,,,rmse,,,0.6540183514730137,0.21050136337053352,0.2505885619951183,0.0011321,,,,,0.1,18,,,,,member_degradation
,,,,,fixed_share,,,,,rmse,,,0.12520527617136307,0.04739353172007493,0.057831195537714125,0.0009717,,,,0.1,,18,0.01,,,,member_degradation
,,,,,passive_aggressive,,,,,rmse,,,0.084194979400819,0.030516656855520265,0.03780599212172012,0.0001638,,,,,,18,,0.1,0.05,,member_degradation
,,,,,dma,,,,,rmse,,,0.223821838862943,0.15079270056927876,0.15688412687566655,0.001581,,0.9,,,,18,,,,0.995,member_degradation
30605.278973861266,0.0049034000000000005,0,0.001,cholesky,adaptive_ridge,110,quadratic_stacked_beta,0.003591,5.750418625236549e-16,rmse,0.0013124,1,0.16254235934890798,0.05298493488231253,0.06728056771664358,,,,,,,19,,,,,member_degradation
,0.0001625,,0.001,,static_ridge,,,,,rmse,,,0.15533361383705396,0.05190725005791426,0.06556688181190112,,,,,,,19,,,,,member_degradation
,,,0.0,,rolling_ridge,,,,,rmse,,,0.1610172687163871,0.05284972833392296,0.06679291246244314,0.0098209,336,,,,,19,,,,,member_degradation
,,,,,rls,,,,,rmse,,,0.1573216623697441,0.052268921447279126,0.06591236842727792,0.0026346,,0.995,0.1,,,19,,,,,member_degradation
,,,,,hedge,,,,,rmse,,,0.22821771997354787,0.08131722148104745,0.1009018963040619,0.0027326,0,,,1.0,,19,,,,,member_degradation
,,,,,exp3,,,,,rmse,,,0.6204998738365741,0.21110792949141396,0.2600680660374753,0.0014921,,,,,0.1,19,,,,,member_degradation
,,,,,fixed_share,,,,,rmse,,,0.18509761514484196,0.06429432044701662,0.08009541640499775,0.0009769,,,,0.05,,19,0.005,,,,member_degradation
,,,,,passive_aggressive,,,,,rmse,,,0.16553539554241845,0.05391726549794541,0.06891790310676242,0.0001357,,,,,,19,,0.01,0.1,,member_degradation
,,,,,dma,,,,,rmse,,,0.3367690615191531,0.10796282998832869,0.1360678146316351,0.0014583,,0.9,,,,19,,,,0.995,member_degradation
188269.81971660675,0.010666799999999999,0,0.001,cholesky,adaptive_ridge,110,quadratic_stacked_beta,0.0097679,8.083923074757517e-16,rmse,0.0008989,1,0.10522385141240934,0.036121366184082765,0.045321798050457066,,,,,,,20,,,,,member_degradation
,8.46e-5,,0.0001,,static_ridge,,,,,rmse,,,0.10455190669420242,0.035367327727280594,0.044494279894248825,,,,,,,20,,,,,member_degradation
,,,0.0001,,rolling_ridge,,,,,rmse,,,0.10541972653289726,0.035827882120889984,0.0450529319576222,0.0046422,336,,,,,20,,,,,member_degradation
,,,,,rls,,,,,rmse,,,0.10504751414668054,0.03552096410657868,0.04480179053529749,0.0811089,,0.995,1.0e-6,,,20,,,,,member_degradation
,,,,,hedge,,,,,rmse,,,0.22077896449964424,0.07600254522936127,0.09483581359345475,0.0009926,336,,,1.0,,20,,,,,member_degradation
,,,,,exp3,,,,,rmse,,,0.5765323041120851,0.21052972581581147,0.24677140092587918,0.0015825,,,,,0.1,20,,,,,member_degradation
,,,,,fixed_share,,,,,rmse,,,0.1860276686888693,0.0732359400364675,0.08775626631770717,0.0019262,,,,0.1,,20,0.01,,,,member_degradation
,,,,,passive_aggressive,,,,,rmse,,,0.11701813044223267,0.03910135896947122,0.04903440542082847,0.0001572,,,,,,20,,0.01,0.05,,member_degradation
,,,,,dma,,,,,rmse,,,0.2566592159670699,0.10316379117834315,0.12353256125866964,0.0015411,,0.9,,,,20,,,,0.995,member_degradation
116662.12202033124,0.0047063,0,0.001,cholesky,adaptive_ridge,110,quadratic_stacked_beta,0.0037792,6.50667003946661e-16,rmse,0.0009271,1,0.15288562147555662,0.0528143072079624,0.0659886561988991,,,,,,,21,,,,,member_degradation
,9.27e-5,,0.001,,static_ridge,,,,,rmse,,,0.1459327403168122,0.05040782984270499,0.06292329526729794,,,,,,,21,,,,,member_degradation
,,,0.0,,rolling_ridge,,,,,rmse,,,0.1492557466906571,0.052778336742760626,0.06548120239891968,0.0102717,336,,,,,21,,,,,member_degradation
,,,,,rls,,,,,rmse,,,0.145468761058374,0.051251490579767245,0.06367202464866176,0.0031296,,0.995,0.1,,,21,,,,,member_degradation
,,,,,hedge,,,,,rmse,,,0.27046803400979125,0.12888230276724716,0.14473290541721215,0.000737,0,,,1.0,,21,,,,,member_degradation
,,,,,exp3,,,,,rmse,,,0.5932172970778677,0.18336211132202662,0.22923869848835993,0.0108451,,,,,0.1,21,,,,,member_degradation
,,,,,fixed_share,,,,,rmse,,,0.20881152233089517,0.08930788375065725,0.10455941909740972,0.0010294,,,,0.05,,21,0.005,,,,member_degradation
,,,,,passive_aggressive,,,,,rmse,,,0.15190784474394298,0.053066299685280316,0.06574358635726585,0.0001356,,,,,,21,,0.01,0.1,,member_degradation
,,,,,dma,,,,,rmse,,,0.28306912214401736,0.11140279070106811,0.13386116580068205,0.0014078,,0.9,,,,21,,,,0.995,member_degradation
1.15661323791004e7,0.004773599999999999,0,0.0001,cholesky,adaptive_ridge,110,quadratic_stacked_beta,0.0038759,6.048528837000163e-16,rmse,0.0008977,1,0.05965844135056877,0.020265376944305417,0.025393152637595427,,,,,,,22,,,,,member_degradation
,0.0001086,,1.0e-6,,static_ridge,,,,,rmse,,,0.058218160901590384,0.019605325558333612,0.024756476247418398,,,,,,,22,,,,,member_degradation
,,,0.0001,,rolling_ridge,,,,,rmse,,,0.05890832901806506,0.019923384884312802,0.025064563454069117,0.0109554,336,,,,,22,,,,,member_degradation
,,,,,rls,,,,,rmse,,,0.05868382127232264,0.019822247296573666,0.02486651843408677,0.002831,,0.995,0.1,,,22,,,,,member_degradation
,,,,,hedge,,,,,rmse,,,0.16658000233783476,0.05793848310949949,0.07237982017227025,0.0014433,0,,,1.0,,22,,,,,member_degradation
,,,,,exp3,,,,,rmse,,,0.41697956774724415,0.08531817342135886,0.13431575485202507,0.0010806,,,,,0.1,22,,,,,member_degradation
,,,,,fixed_share,,,,,rmse,,,0.07981527057920546,0.027281990342115446,0.03409772096016636,0.0009741,,,,0.1,,22,0.005,,,,member_degradation
,,,,,passive_aggressive,,,,,rmse,,,0.07389582991207305,0.023377779354381144,0.029927731726198947,0.000194,,,,,,22,,0.01,0.01,,member_degradation
,,,,,dma,,,,,rmse,,,0.10010419677683585,0.03417741212929996,0.04288401285160859,0.0528153,,0.9,,,,22,,,,0.9,member_degradation
691146.1066744322,0.0043789,0,0.001,cholesky,adaptive_ridge,110,quadratic_stacked_beta,0.0035309,7.11904814469955e-16,rmse,0.000848,1,0.08499395485358256,0.028857784242823693,0.036165748655746885,,,,,,,23,,,,,member_degradation
,5.42e-5,,0.0,,static_ridge,,,,,rmse,,,0.08285544660357068,0.028091329039921335,0.03513101766343342,,,,,,,23,,,,,member_degradation
,,,0.0,,rolling_ridge,,,,,rmse,,,0.08438616636233834,0.028820899574463894,0.03582300738600271,0.0143947,336,,,,,23,,,,,member_degradation
,,,,,rls,,,,,rmse,,,0.0840610435869247,0.02863081542353919,0.03568578962173307,0.0115809,,0.995,1.0e-6,,,23,,,,,member_degradation
,,,,,hedge,,,,,rmse,,,0.24825824224813695,0.08728338545949481,0.10879549631206567,0.0024943,168,,,0.01,,23,,,,,member_degradation
,,,,,exp3,,,,,rmse,,,0.7427600099622574,0.3632922767709817,0.389499424786818,0.0017741,,,,,0.2,23,,,,,member_degradation
,,,,,fixed_share,,,,,rmse,,,0.24883933329063673,0.08757095805239473,0.10916639228217791,0.0008949,,,,0.01,,23,0.1,,,,member_degradation
,,,,,passive_aggressive,,,,,rmse,,,0.09147257739558758,0.03156718797955493,0.03917037583203863,0.0001645,,,,,,23,,0.01,0.05,,member_degradation
,,,,,dma,,,,,rmse,,,0.4534299540080447,0.2719839276272488,0.2877378707099929,0.0023109,,0.9,,,,23,,,,0.98,member_degradation
1.8404055766582455e7,0.0050181,0,1.0e-6,cholesky,adaptive_ridge,110,quadratic_stacked_beta,0.0037971,6.585006658909208e-16,rmse,0.001221,1,0.0817467059705805,0.027225450319355502,0.03448624770632108,,,,,,,24,,,,,member_degradation
,5.32e-5,,0.0,,static_ridge,,,,,rmse,,,0.078585510005693,0.026493943590038448,0.03357101436546541,,,,,,,24,,,,,member_degradation
,,,0.0001,,rolling_ridge,,,,,rmse,,,0.0807416067216668,0.026609425290434915,0.03393049498951156,0.0052651,72,,,,,24,,,,,member_degradation
,,,,,rls,,,,,rmse,,,0.07922223175596767,0.026564791784844402,0.03370967772016801,0.0036835,,0.995,0.1,,,24,,,,,member_degradation
,,,,,hedge,,,,,rmse,,,0.3079647107168986,0.1460223882703541,0.16343342786102855,0.0004192,336,,,1.0,,24,,,,,member_degradation
,,,,,exp3,,,,,rmse,,,0.5318890828348681,0.1837890389683901,0.2168978000465577,0.0015005,,,,,0.05,24,,,,,member_degradation
,,,,,fixed_share,,,,,rmse,,,0.1653366180757722,0.07530801223589938,0.08589218715739377,0.0005319,,,,0.5,,24,0.01,,,,member_degradation
,,,,,passive_aggressive,,,,,rmse,,,0.09309498378304848,0.030188438427603614,0.03834770834788477,6.22e-5,,,,,,24,,0.01,0.05,,member_degradation
,,,,,dma,,,,,rmse,,,0.23004577030795212,0.07786042028515915,0.09749155490941841,0.0006459,,0.9,,,,24,,,,0.995,member_degradation
6.568384925252354e9,0.0020655,0,0.0,cholesky,adaptive_ridge,110,quadratic_stacked_beta,0.0016619,7.6407431016527e-16,rmse,0.0004036,1,0.008641637155250313,0.002962160113987835,0.0037230760582808724,,,,,,,25,,,,,member_degradation
,6.02e-5,,0.0,,static_ridge,,,,,rmse,,,0.008431030823137535,0.0029020234582116384,0.0036516137044763385,,,,,,,25,,,,,member_degradation
,,,0.0,,rolling_ridge,,,,,rmse,,,0.008468582251990611,0.0029700487599183746,0.0037257854386699247,0.0052531,336,,,,,25,,,,,member_degradation
,,,,,rls,,,,,rmse,,,0.008421064787162957,0.0029551543834789532,0.0037024004700971793,0.0041502,,0.995,1.0e-6,,,25,,,,,member_degradation
,,,,,hedge,,,,,rmse,,,0.2712105363659625,0.1292827714034772,0.1463780683819619,0.0004318,0,,,1.0,,25,,,,,member_degradation
,,,,,exp3,,,,,rmse,,,0.5125951059539869,0.16716194834570827,0.20113775468594622,0.0005286,,,,,0.1,25,,,,,member_degradation
,,,,,fixed_share,,,,,rmse,,,0.1356293353636682,0.04867228714443505,0.06054792216806013,0.0011379,,,,0.25,,25,0.02,,,,member_degradation
,,,,,passive_aggressive,,,,,rmse,,,0.08110707844481237,0.025581104339620016,0.032742007377537616,8.3e-5,,,,,,25,,1.0,0.0,,member_degradation
,,,,,dma,,,,,rmse,,,0.2364884960626453,0.07896232896584804,0.09991631829150709,0.0200599,,0.9,,,,25,,,,0.9,member_degradation
28976.790134188846,0.0027226000000000004,0,0.01,cholesky,adaptive_ridge,110,quadratic_stacked_beta,0.0022882,5.862954748986762e-16,rmse,0.0004344,1,0.1278301969022022,0.04425457086823014,0.055539878207966895,,,,,,,26,,,,,member_degradation
,4.72e-5,,0.001,,static_ridge,,,,,rmse,,,0.12357451667673965,0.04289862232723099,0.053768242184151716,,,,,,,26,,,,,member_degradation
,,,0.001,,rolling_ridge,,,,,rmse,,,0.1256724606629135,0.04353128991484974,0.05456585953757429,0.0142379,336,,,,,26,,,,,member_degradation
,,,,,rls,,,,,rmse,,,0.12487370434546032,0.04336976496135871,0.054343725828602536,0.011228,,0.995,0.1,,,26,,,,,member_degradation
,,,,,hedge,,,,,rmse,,,0.17263247684152483,0.05829878531545552,0.07349637511526509,0.0009428,0,,,1.0,,26,,,,,member_degradation
,,,,,exp3,,,,,rmse,,,0.5861695794914985,0.1489781965586686,0.2051447679181853,0.0014457,,,,,0.2,26,,,,,member_degradation
,,,,,fixed_share,,,,,rmse,,,0.16336800164027193,0.054823403496765045,0.06895844540821054,0.0009582,,,,0.05,,26,0.02,,,,member_degradation
,,,,,passive_aggressive,,,,,rmse,,,0.12917994902014437,0.04492317058005919,0.05628712177848052,0.0001913,,,,,,26,,0.001,0.01,,member_degradation
,,,,,dma,,,,,rmse,,,0.2802900899031456,0.1039219236928504,0.12774176727780523,0.0016938,,0.9,,,,26,,,,0.995,member_degradation
1.4212782032391175e6,0.1336813,0,0.0,cholesky,adaptive_ridge,110,quadratic_stacked_beta,0.132721,8.831497490393239e-16,rmse,0.0009603,1,0.07932924058525247,0.02789312155031729,0.034708683144111775,,,,,,,27,,,,,member_degradation
,9.71e-5,,0.0,,static_ridge,,,,,rmse,,,0.07856656366142947,0.02721774741467199,0.03397562597223972,,,,,,,27,,,,,member_degradation
,,,0.0,,rolling_ridge,,,,,rmse,,,0.07950440582237744,0.027830240758879646,0.03461312508280214,0.0035312,336,,,,,27,,,,,member_degradation
,,,,,rls,,,,,rmse,,,0.07869242679388011,0.027512371298090386,0.034286757395999595,0.0058965,,0.995,1.0e-6,,,27,,,,,member_degradation
,,,,,hedge,,,,,rmse,,,0.20883010957887835,0.07751316354106326,0.09436017316426139,0.0021318,336,,,1.0,,27,,,,,member_degradation
,,,,,exp3,,,,,rmse,,,0.5213901205197591,0.1365000993656001,0.18886710488506261,0.0015288,,,,,0.1,27,,,,,member_degradation
,,,,,fixed_share,,,,,rmse,,,0.1214653633334753,0.043031852323251026,0.05344044692491865,0.0020152,,,,0.05,,27,0.01,,,,member_degradation
,,,,,passive_aggressive,,,,,rmse,,,0.09213117366145865,0.030529611802837368,0.03835226342621847,0.0001477,,,,,,27,,0.1,0.05,,member_degradation
,,,,,dma,,,,,rmse,,,0.20923964099366224,0.07766971641479635,0.09492192776843765,0.0022016,,0.9,,,,27,,,,0.95,member_degradation
124064.18041597234,0.052342599999999996,0,0.001,cholesky,adaptive_ridge,110,quadratic_stacked_beta,0.0087639,6.580618116829679e-16,rmse,0.0435787,1,0.15440187949938142,0.051006422804936974,0.06476410775565133,,,,,,,28,,,,,member_degradation
,8.5e-5,,0.001,,static_ridge,,,,,rmse,,,0.14954097408194456,0.04970641076588338,0.0632210988516173,,,,,,,28,,,,,member_degradation
,,,0.0001,,rolling_ridge,,,,,rmse,,,0.15311907052678908,0.05205454154526135,0.06527011428711925,0.0074483,168,,,,,28,,,,,member_degradation
,,,,,rls,,,,,rmse,,,0.1506834382027022,0.050062582848558815,0.06370747661721589,0.0426483,,0.995,0.1,,,28,,,,,member_degradation
,,,,,hedge,,,,,rmse,,,0.23254261069428014,0.07872840070314906,0.09864920924392227,0.0008856,0,,,1.0,,28,,,,,member_degradation
,,,,,exp3,,,,,rmse,,,0.6039350046063108,0.14165779326844793,0.2012402833113549,0.0007617,,,,,0.1,28,,,,,member_degradation
,,,,,fixed_share,,,,,rmse,,,0.1885811373182311,0.0753408436238832,0.0898882263121884,0.001611,,,,0.1,,28,0.01,,,,member_degradation
,,,,,passive_aggressive,,,,,rmse,,,0.1626067261126079,0.054464163571689296,0.06813460209281941,0.0001993,,,,,,28,,0.01,0.05,,member_degradation
,,,,,dma,,,,,rmse,,,0.22995256887763638,0.08623720106995908,0.1055145388195849,0.0624642,,0.995,,,,28,,,,0.995,member_degradation
2.442243996730042e6,0.0050448,0,0.001,cholesky,adaptive_ridge,110,quadratic_stacked_beta,0.0035657,7.60307748749037e-16,rmse,0.0014791,1,0.08996575130095819,0.031368373150647395,0.03924646260302016,,,,,,,29,,,,,member_degradation
,0.0001229,,1.0e-6,,static_ridge,,,,,rmse,,,0.08764362286830835,0.030397472279775354,0.038128080517559955,,,,,,,29,,,,,member_degradation
,,,0.0001,,rolling_ridge,,,,,rmse,,,0.08820700890794925,0.031127756866618686,0.03879632646326263,0.0033446,336,,,,,29,,,,,member_degradation
,,,,,rls,,,,,rmse,,,0.08727733234755616,0.030664032429598705,0.03824806232254482,0.002588,,0.995,1.0e-6,,,29,,,,,member_degradation
,,,,,hedge,,,,,rmse,,,0.17126085557043338,0.057070702104781296,0.07213907215018481,0.0008252,0,,,1.0,,29,,,,,member_degradation
,,,,,exp3,,,,,rmse,,,0.5378592936279206,0.13283986826669927,0.18505949117470408,0.0098306,,,,,0.1,29,,,,,member_degradation
,,,,,fixed_share,,,,,rmse,,,0.1393509140772468,0.045689849822405454,0.0576678135751594,0.0008601,,,,0.05,,29,0.01,,,,member_degradation
,,,,,passive_aggressive,,,,,rmse,,,0.09848985201618567,0.03348571101583914,0.0418204870607806,0.0001449,,,,,,29,,0.01,0.05,,member_degradation
,,,,,dma,,,,,rmse,,,0.20363950475457485,0.08514114376663007,0.10108019824767299,0.0015379,,0.9,,,,29,,,,0.9,member_degradation
144219.7884927762,0.0042242,0,0.0,cholesky,adaptive_ridge,110,quadratic_stacked_beta,0.0033863,6.878882256526002e-16,rmse,0.0008379,1,0.12795493139233025,0.044765602098929984,0.05537773283855238,,,,,,,30,,,,,member_degradation
,0.0001036,,0.0,,static_ridge,,,,,rmse,,,0.12520891326056868,0.04389804344335716,0.0542824377772901,,,,,,,30,,,,,member_degradation
,,,0.0,,rolling_ridge,,,,,rmse,,,0.1281935636312864,0.044818791579475235,0.055589083870901876,0.3273206,336,,,,,30,,,,,member_degradation
,,,,,rls,,,,,rmse,,,0.12670041827781012,0.0443065114662779,0.05503585803830415,0.0024396,,0.995,1.0e-6,,,30,,,,,member_degradation
,,,,,hedge,,,,,rmse,,,0.23578723941904747,0.07821150664249867,0.09970485067554219,0.0008982,24,,,1.0,,30,,,,,member_degradation
,,,,,exp3,,,,,rmse,,,0.6516072548039419,0.20139492897748443,0.25436217168698955,0.0010636,,,,,0.1,30,,,,,member_degradation
,,,,,fixed_share,,,,,rmse,,,0.22003384691566036,0.07325455900580094,0.0921337743072806,0.0012005,,,,0.05,,30,0.01,,,,member_degradation
,,,,,passive_aggressive,,,,,rmse,,,0.1388590229875031,0.04735553722516702,0.05962479231206536,0.000176,,,,,,30,,0.01,0.05,,member_degradation
,,,,,dma,,,,,rmse,,,0.3817489953518127,0.12802153026445365,0.1607967036499345,0.3360273,,0.9,,,,30,,,,0.9,member_degradation
1.9168623352164328e7,0.0052345,0,0.0,cholesky,adaptive_ridge,110,quadratic_stacked_beta,0.0043082,8.532300504426548e-16,rmse,0.0009263,1,0.06748117831215594,0.015486359646717263,0.02780758394849286,,,,,,,1,,,,,recurring
,9.59e-5,,0.0,,static_ridge,,,,,rmse,,,0.19748253478450878,0.05814645186168384,0.07642599249015226,,,,,,,1,,,,,recurring
,,,0.001,,rolling_ridge,,,,,rmse,,,0.1739572727264722,0.021345755406875052,0.0480930664059965,0.0124458,24,,,,,1,,,,,recurring
,,,,,rls,,,,,rmse,,,0.19237451885331633,0.020438902623891208,0.05534749865400893,0.0031294,,0.9,1.0e-6,,,1,,,,,recurring
,,,,,hedge,,,,,rmse,,,0.27256772075376606,0.08924658782320534,0.11307250289646373,0.0009745,24,,,1.0,,1,,,,,recurring
,,,,,exp3,,,,,rmse,,,0.7401770507632169,0.17581704442759005,0.25676914779518906,0.0009547,,,,,0.1,1,,,,,recurring
,,,,,fixed_share,,,,,rmse,,,0.15681025053428999,0.03306834464105186,0.04967446433952437,0.0008769,,,,1.0,,1,0.05,,,,recurring
,,,,,passive_aggressive,,,,,rmse,,,0.19839046373923494,0.05446513739903509,0.07345860765452047,0.000172,,,,,,1,,1.0,0.01,,recurring
,,,,,dma,,,,,rmse,,,0.17013423676844114,0.04491771104541116,0.06226572886658046,0.0065173,,0.9,,,,1,,,,0.95,recurring
2.1677697667037747e6,0.009808899999999999,0,0.0001,cholesky,adaptive_ridge,110,quadratic_stacked_beta,0.008979,8.444380154335628e-16,rmse,0.0008299,1,0.06873427952495646,0.01663277925320086,0.027116652688173284,,,,,,,2,,,,,recurring
,8.63e-5,,0.0001,,static_ridge,,,,,rmse,,,0.2321567831308638,0.07479308278483168,0.09556325628174224,,,,,,,2,,,,,recurring
,,,0.01,,rolling_ridge,,,,,rmse,,,0.17558692136461873,0.03210277922413782,0.052950595330829034,0.005459,24,,,,,2,,,,,recurring
,,,,,rls,,,,,rmse,,,0.23127616796757675,0.024148009645269617,0.0669423565421556,0.0025484,,0.9,1.0e-6,,,2,,,,,recurring
,,,,,hedge,,,,,rmse,,,0.28017031314294705,0.10586290416437669,0.1294707680744186,0.000956,24,,,1.0,,2,,,,,recurring
,,,,,exp3,,,,,rmse,,,1.1027733225051666,0.2843793148199722,0.41081381087952906,0.0012346,,,,,0.2,2,,,,,recurring
,,,,,fixed_share,,,,,rmse,,,0.19016783565258819,0.05814618000830559,0.07446167101178586,0.0010172,,,,1.0,,2,0.1,,,,recurring
,,,,,passive_aggressive,,,,,rmse,,,0.24442289892328176,0.055820911750672636,0.0820420946835313,0.0001763,,,,,,2,,1.0,0.01,,recurring
,,,,,dma,,,,,rmse,,,0.2443412111974037,0.08417347010104176,0.10751378657310603,0.0014851,,0.9,,,,2,,,,0.9,recurring
1.1879013023959305e6,0.0042178,0,0.0,cholesky,adaptive_ridge,110,quadratic_stacked_beta,0.0033362,9.269853250925684e-16,rmse,0.0008816,1,0.04602757429797669,0.013542697724874113,0.01798602560312693,,,,,,,3,,,,,recurring
,8.03e-5,,0.001,,static_ridge,,,,,rmse,,,0.12402725876904291,0.042148397478799664,0.05277571424719233,,,,,,,3,,,,,recurring
,,,0.0001,,rolling_ridge,,,,,rmse,,,0.11282900546056444,0.019896750917679958,0.03552134577546176,0.0076476,24,,,,,3,,,,,recurring
,,,,,rls,,,,,rmse,,,0.1066236345735799,0.019088025398332705,0.0340620674250729,0.0025537,,0.9,1.0e-6,,,3,,,,,recurring
,,,,,hedge,,,,,rmse,,,0.20731166706977736,0.06354573420666172,0.08140646045043329,0.0008362,24,,,1.0,,3,,,,,recurring
,,,,,exp3,,,,,rmse,,,0.9500093753580607,0.1831790302458792,0.2964746174395201,0.001425,,,,,0.1,3,,,,,recurring
,,,,,fixed_share,,,,,rmse,,,0.1299168836144552,0.031837670422171734,0.04608367128271869,0.0074921,,,,1.0,,3,0.05,,,,recurring
,,,,,passive_aggressive,,,,,rmse,,,0.1465201211053592,0.04317878978834687,0.05589921227762981,0.0001871,,,,,,3,,0.01,0.01,,recurring
,,,,,dma,,,,,rmse,,,0.14512931526331105,0.04020791705005848,0.0583344616833944,0.0212,,0.95,,,,3,,,,0.98,recurring
2.8454501473205714e6,0.058325699999999994,0,0.0001,cholesky,adaptive_ridge,110,quadratic_stacked_beta,0.0570616,6.520529958122937e-16,rmse,0.0012641,1,0.05639491272968334,0.012373979486835747,0.02026688205924249,,,,,,,4,,,,,recurring
,0.0001016,,0.0,,static_ridge,,,,,rmse,,,0.10985092484501713,0.02650127091356031,0.03777327115036103,,,,,,,4,,,,,recurring
,,,0.001,,rolling_ridge,,,,,rmse,,,0.11684984786563282,0.019798284431568697,0.036516898033787215,0.0029424,24,,,,,4,,,,,recurring
,,,,,rls,,,,,rmse,,,0.11972169406760648,0.022199834540458693,0.036797639469824665,0.0130006,,0.98,0.0001,,,4,,,,,recurring
,,,,,hedge,,,,,rmse,,,0.18025283989220087,0.05857285657951914,0.0748275281021154,0.0009406,24,,,1.0,,4,,,,,recurring
,,,,,exp3,,,,,rmse,,,0.7448788567251882,0.164475457108343,0.25225533297714436,0.0019124,,,,,0.1,4,,,,,recurring
,,,,,fixed_share,,,,,rmse,,,0.10749038792791599,0.027119013206467927,0.0376257648947909,0.0009531,,,,1.0,,4,0.05,,,,recurring
,,,,,passive_aggressive,,,,,rmse,,,0.11998011705765728,0.03447397414695645,0.045678543157936576,0.0002006,,,,,,4,,0.01,0.01,,recurring
,,,,,dma,,,,,rmse,,,0.1338743007775642,0.028851643616351112,0.04893305681187382,0.0025722,,0.9,,,,4,,,,0.95,recurring
1.0202260391846186e8,0.1071462,0,0.0001,cholesky,adaptive_ridge,110,quadratic_stacked_beta,0.1062534,7.301764128737308e-16,rmse,0.0008928,1,0.038367259839759194,0.008620169636852677,0.014214979639978621,,,,,,,5,,,,,recurring
,9.3e-5,,0.0,,static_ridge,,,,,rmse,,,0.048825406155669354,0.0104175048612167,0.016108990358672703,,,,,,,5,,,,,recurring
,,,1.0e-6,,rolling_ridge,,,,,rmse,,,0.05193883255905673,0.008026151054644106,0.016695319830829065,0.0089663,24,,,,,5,,,,,recurring
,,,,,rls,,,,,rmse,,,0.047865578741097085,0.010766651750378992,0.01628835188617686,0.0091532,,0.99,1.0e-6,,,5,,,,,recurring
,,,,,hedge,,,,,rmse,,,0.18334367302985816,0.060017900015244534,0.07655863160750141,0.0009525,24,,,1.0,,5,,,,,recurring
,,,,,exp3,,,,,rmse,,,0.7537672305618932,0.09471078694154321,0.20196037094583208,0.0009929,,,,,0.2,5,,,,,recurring
,,,,,fixed_share,,,,,rmse,,,0.1100543181520255,0.029425741572315433,0.04082756522981025,0.0147922,,,,1.0,,5,0.02,,,,recurring
,,,,,passive_aggressive,,,,,rmse,,,0.0816430430195632,0.02072160623456709,0.028649430007463523,0.000193,,,,,,5,,1.0,0.01,,recurring
,,,,,dma,,,,,rmse,,,0.10068901598937596,0.02468829613607893,0.03676625929212997,0.0127597,,0.9,,,,5,,,,0.9,recurring
5.147321441596637e7,0.0474221,0,0.0001,cholesky,adaptive_ridge,110,quadratic_stacked_beta,0.0104427,7.328359804607841e-16,rmse,0.0369794,1,0.07135029521170015,0.01692618314478792,0.02557434823817564,,,,,,,6,,,,,recurring
,0.000106,,0.0001,,static_ridge,,,,,rmse,,,0.10847146590160875,0.03114057314045515,0.04239770523667539,,,,,,,6,,,,,recurring
,,,1.0e-6,,rolling_ridge,,,,,rmse,,,0.08486368069727884,0.012552819311895428,0.025847834088216608,0.003122,24,,,,,6,,,,,recurring
,,,,,rls,,,,,rmse,,,0.08726235545564144,0.012769379503006748,0.028299099267577513,0.0024625,,0.9,1.0e-6,,,6,,,,,recurring
,,,,,hedge,,,,,rmse,,,0.24616501932585222,0.08381407230826646,0.1048827282814846,0.0008997,24,,,1.0,,6,,,,,recurring
,,,,,exp3,,,,,rmse,,,0.8682484787728355,0.11053074151103894,0.22707111392242652,0.0009976,,,,,0.2,6,,,,,recurring
,,,,,fixed_share,,,,,rmse,,,0.1272920560068527,0.030144719672072214,0.044346507506443235,0.0102184,,,,1.0,,6,0.02,,,,recurring
,,,,,passive_aggressive,,,,,rmse,,,0.09812328228416539,0.023387130169082775,0.03377616235366764,0.0003692,,,,,,6,,0.01,0.01,,recurring
,,,,,dma,,,,,rmse,,,0.12341026806811986,0.03733224748846523,0.053804712356334404,0.0013899,,0.9,,,,6,,,,0.9,recurring
72479.38060581745,0.1053019,0,0.01,cholesky,adaptive_ridge,510,quadratic_stacked_beta,0.0580249,2.1586094847031685e-15,rmse,0.047277,5,0.14810434013573162,0.03724842372522869,0.05290258158184236,,,,,,,7,,,,,recurring
,8.95e-5,,0.01,,static_ridge,,,,,rmse,,,0.2786787378758992,0.098435337815203,0.12262122173357652,,,,,,,7,,,,,recurring
,,,0.01,,rolling_ridge,,,,,rmse,,,0.25897026240114257,0.04306046049552253,0.07561642907899087,0.0097234,24,,,,,7,,,,,recurring
,,,,,rls,,,,,rmse,,,0.31565928638200647,0.04307170550440462,0.09370043063290565,0.0079777,,0.9,0.0001,,,7,,,,,recurring
,,,,,hedge,,,,,rmse,,,0.25210033855162434,0.09795598321644881,0.11777455117715835,0.000848,24,,,1.0,,7,,,,,recurring
,,,,,exp3,,,,,rmse,,,1.08805048563174,0.26497468215737985,0.39142062628210306,0.0010092,,,,,0.1,7,,,,,recurring
,,,,,fixed_share,,,,,rmse,,,0.22543279104157443,0.04085769018600267,0.06677408006346379,0.0009477,,,,1.0,,7,0.05,,,,recurring
,,,,,passive_aggressive,,,,,rmse,,,0.2867317538493978,0.07190544951539303,0.0997445372849585,0.0001728,,,,,,7,,1.0,0.05,,recurring
,,,,,dma,,,,,rmse,,,0.2506347463545255,0.06026063940807825,0.0979410464584188,0.010223,,0.9,,,,7,,,,0.9,recurring
403060.12193554995,0.010512599999999999,0,0.0001,cholesky,adaptive_ridge,110,quadratic_stacked_beta,0.0096219,9.336763612976832e-16,rmse,0.0008907,1,0.06369103554604355,0.01716726918999442,0.026399543836303416,,,,,,,8,,,,,recurring
,9.09e-5,,0.0001,,static_ridge,,,,,rmse,,,0.14819219769754075,0.04208666582586399,0.05628255618632171,,,,,,,8,,,,,recurring
,,,0.01,,rolling_ridge,,,,,rmse,,,0.11853932247569221,0.028087878803173393,0.04275112330707802,0.0102167,24,,,,,8,,,,,recurring
,,,,,rls,,,,,rmse,,,0.1550683039612847,0.032730164199857734,0.05085468654133044,0.0026334,,0.98,0.0001,,,8,,,,,recurring
,,,,,hedge,,,,,rmse,,,0.21180042210720756,0.06672883479619239,0.08511227189865614,0.0021974,24,,,1.0,,8,,,,,recurring
,,,,,exp3,,,,,rmse,,,0.7858989425431642,0.16320623794877165,0.2635687969214026,0.0012403,,,,,0.1,8,,,,,recurring
,,,,,fixed_share,,,,,rmse,,,0.14215246799114087,0.03060340067156826,0.04711547623226409,0.010801,,,,1.0,,8,0.05,,,,recurring
,,,,,passive_aggressive,,,,,rmse,,,0.14193308537723,0.04627507112105915,0.058283043637502224,0.000139,,,,,,8,,0.01,0.1,,recurring
,,,,,dma,,,,,rmse,,,0.12949023148594793,0.034824049143602265,0.052314527314128015,0.0018159,,0.9,,,,8,,,,0.98,recurring
1.2554166526303089e6,0.1936937,0,0.0001,cholesky,adaptive_ridge,210,quadratic_stacked_beta,0.04784,9.414419580659267e-16,rmse,0.1458537,2,0.059563666489127455,0.016987337804146997,0.024064512731753116,,,,,,,9,,,,,recurring
,8.41e-5,,0.001,,static_ridge,,,,,rmse,,,0.13307574362696595,0.04510401212443604,0.05661218212177967,,,,,,,9,,,,,recurring
,,,0.0001,,rolling_ridge,,,,,rmse,,,0.1463467568358894,0.021862573286323645,0.043880390844812295,0.0132078,24,,,,,9,,,,,recurring
,,,,,rls,,,,,rmse,,,0.14630692522676703,0.022089213327978554,0.043907429262694427,0.0074754,,0.9,1.0e-6,,,9,,,,,recurring
,,,,,hedge,,,,,rmse,,,0.24442467986317773,0.09154173394687497,0.11030955462428968,0.0010236,24,,,1.0,,9,,,,,recurring
,,,,,exp3,,,,,rmse,,,0.9028936588392775,0.17708709790128102,0.280762437151036,0.0010011,,,,,0.2,9,,,,,recurring
,,,,,fixed_share,,,,,rmse,,,0.18294867095225384,0.0531180794940022,0.07027023936463872,0.0009106,,,,1.0,,9,0.05,,,,recurring
,,,,,passive_aggressive,,,,,rmse,,,0.14112068624168372,0.04345444708655188,0.05631808249572466,0.0001734,,,,,,9,,0.01,0.05,,recurring
,,,,,dma,,,,,rmse,,,0.18401561783808376,0.043546200594213845,0.060216807955844415,0.0015235,,0.9,,,,9,,,,0.995,recurring
610190.822308313,0.0302979,0,0.0,cholesky,adaptive_ridge,210,quadratic_stacked_beta,0.026393,1.1805095966397748e-15,rmse,0.0039049,2,0.0743538388853609,0.023014602904279195,0.02957772041421485,,,,,,,10,,,,,recurring
,8.49e-5,,0.001,,static_ridge,,,,,rmse,,,0.19477030578216373,0.06497870128226708,0.08222026875098856,,,,,,,10,,,,,recurring
,,,0.001,,rolling_ridge,,,,,rmse,,,0.16609596614766556,0.029778599348903364,0.0503510045576206,0.0094035,24,,,,,10,,,,,recurring
,,,,,rls,,,,,rmse,,,0.16512360653302827,0.029483689026132045,0.051140638848328084,0.0082682,,0.9,0.1,,,10,,,,,recurring
,,,,,hedge,,,,,rmse,,,0.24012784237304594,0.07694577715341157,0.0978661327260727,0.0008819,24,,,1.0,,10,,,,,recurring
,,,,,exp3,,,,,rmse,,,0.927887090735106,0.18328352932405204,0.3048544316485195,0.0094291,,,,,0.2,10,,,,,recurring
,,,,,fixed_share,,,,,rmse,,,0.17805310938823954,0.043985074357159426,0.06204149686156785,0.0007664,,,,1.0,,10,0.05,,,,recurring
,,,,,passive_aggressive,,,,,rmse,,,0.19236474890209018,0.059171298090409725,0.07673089134180175,0.0001824,,,,,,10,,0.01,0.05,,recurring
,,,,,dma,,,,,rmse,,,0.13473451444467557,0.03963492565416091,0.05542390177329159,0.0017432,,0.9,,,,10,,,,0.95,recurring
106076.373572114,0.0042022,0,0.0,cholesky,adaptive_ridge,110,quadratic_stacked_beta,0.0033639,7.562298436699001e-16,rmse,0.0008383,1,0.09355970540259875,0.02597058369931464,0.03620880952027004,,,,,,,11,,,,,recurring
,9.98e-5,,0.0,,static_ridge,,,,,rmse,,,0.21873344588368623,0.07329785045903253,0.09218853871511097,,,,,,,11,,,,,recurring
,,,0.01,,rolling_ridge,,,,,rmse,,,0.17207335703673035,0.036591666213365986,0.05578472086182546,0.0094084,24,,,,,11,,,,,recurring
,,,,,rls,,,,,rmse,,,0.20331223419696656,0.03161917340521852,0.06038114817341379,0.0070916,,0.9,0.01,,,11,,,,,recurring
,,,,,hedge,,,,,rmse,,,0.23449504231259236,0.07995595297360922,0.10028923793457194,0.0019498,24,,,1.0,,11,,,,,recurring
,,,,,exp3,,,,,rmse,,,0.9886945515704143,0.1918338273564304,0.32123806891025497,0.0020074,,,,,0.2,11,,,,,recurring
,,,,,fixed_share,,,,,rmse,,,0.17325955551222855,0.04043462178264957,0.05859650569638118,0.0010242,,,,1.0,,11,0.05,,,,recurring
,,,,,passive_aggressive,,,,,rmse,,,0.22983407694719787,0.07124444289411291,0.09153380641605878,0.0001915,,,,,,11,,0.01,0.05,,recurring
,,,,,dma,,,,,rmse,,,0.19939012199051778,0.04340005838859017,0.06789184023467214,0.0024648,,0.9,,,,11,,,,0.995,recurring
149326.60674040063,0.1762537,0,0.001,cholesky,adaptive_ridge,310,quadratic_stacked_beta,0.11348,1.4553686406092107e-15,rmse,0.0627737,3,0.11038388180851207,0.030081063339329823,0.04146103184820661,,,,,,,12,,,,,recurring
,0.0001132,,0.0,,static_ridge,,,,,rmse,,,0.21770919435147199,0.06975812959940281,0.0887592040200326,,,,,,,12,,,,,recurring
,,,0.01,,rolling_ridge,,,,,rmse,,,0.17822157413128295,0.03546900498911882,0.05614556646451248,0.0101548,24,,,,,12,,,,,recurring
,,,,,rls,,,,,rmse,,,0.19262640720908739,0.033372026400745776,0.05783752096726772,0.0025768,,0.9,0.0001,,,12,,,,,recurring
,,,,,hedge,,,,,rmse,,,0.23896785500756734,0.08248980722589694,0.10224471359436633,0.0022894,24,,,1.0,,12,,,,,recurring
,,,,,exp3,,,,,rmse,,,0.8643152075870906,0.15773459972993412,0.27768242170816754,0.0012347,,,,,0.1,12,,,,,recurring
,,,,,fixed_share,,,,,rmse,,,0.1577149653601678,0.03873390492608671,0.05579180109309033,0.0010006,,,,1.0,,12,0.05,,,,recurring
,,,,,passive_aggressive,,,,,rmse,,,0.21152702852601396,0.06769165479990415,0.08648200880562631,0.0002026,,,,,,12,,0.01,0.05,,recurring
,,,,,dma,,,,,rmse,,,0.2567310023366687,0.04116653595191107,0.07713321903722971,0.0015184,,0.9,,,,12,,,,0.98,recurring
3.2761087832784915e8,0.0045885,0,0.0,cholesky,adaptive_ridge,110,quadratic_stacked_beta,0.0037183,7.27194756911878e-16,rmse,0.0008702,1,0.017746781078001105,0.004421242529438386,0.00662995506655163,,,,,,,13,,,,,recurring
,0.0001528,,0.0001,,static_ridge,,,,,rmse,,,0.026367156237551644,0.0075666503115865745,0.010186918945320356,,,,,,,13,,,,,recurring
,,,0.0,,rolling_ridge,,,,,rmse,,,0.033649536103158136,0.006447214573663298,0.010638884454053966,0.0093012,72,,,,,13,,,,,recurring
,,,,,rls,,,,,rmse,,,0.029851233938016558,0.006642870422432315,0.010063295779473526,0.0025396,,0.98,0.1,,,13,,,,,recurring
,,,,,hedge,,,,,rmse,,,0.19249382552952668,0.0655958235244949,0.08263835583061065,0.0010693,24,,,1.0,,13,,,,,recurring
,,,,,exp3,,,,,rmse,,,0.7772695883083646,0.1414010476353136,0.2403509010814855,0.0010175,,,,,0.1,13,,,,,recurring
,,,,,fixed_share,,,,,rmse,,,0.13653636670052827,0.038377171599438514,0.05144334711463729,0.0008229,,,,1.0,,13,0.05,,,,recurring
,,,,,passive_aggressive,,,,,rmse,,,0.0478061627274307,0.013605980810176934,0.018065748926928266,0.0001998,,,,,,13,,0.1,0.01,,recurring
,,,,,dma,,,,,rmse,,,0.06649535759149834,0.024211360783855326,0.029608263902040785,0.0015434,,0.9,,,,13,,,,0.98,recurring
236191.1779932454,0.005013,0,0.0001,cholesky,adaptive_ridge,110,quadratic_stacked_beta,0.0040281,9.955015640725581e-16,rmse,0.0009849,1,0.09904544797991795,0.025016653280018314,0.03832916735741627,,,,,,,14,,,,,recurring
,0.0001088,,0.01,,static_ridge,,,,,rmse,,,0.32644263437424714,0.10834729394068841,0.1374180824364014,,,,,,,14,,,,,recurring
,,,0.001,,rolling_ridge,,,,,rmse,,,0.18654611112998112,0.03320857227614109,0.05766066591907853,0.0093253,24,,,,,14,,,,,recurring
,,,,,rls,,,,,rmse,,,0.22482429076334703,0.03224737094304443,0.06635629925452206,0.054756,,0.9,1.0e-6,,,14,,,,,recurring
,,,,,hedge,,,,,rmse,,,0.3107724872647745,0.11643621286052672,0.14213425566498933,0.002012,24,,,1.0,,14,,,,,recurring
,,,,,exp3,,,,,rmse,,,1.119094107820021,0.2826231866641044,0.39663999635083474,0.001299,,,,,0.2,14,,,,,recurring
,,,,,fixed_share,,,,,rmse,,,0.23206372426808783,0.0622570267120253,0.0842582390613398,0.0009768,,,,1.0,,14,0.05,,,,recurring
,,,,,passive_aggressive,,,,,rmse,,,0.30935592051383987,0.07296587131519765,0.10516508036455458,0.0002205,,,,,,14,,0.01,0.01,,recurring
,,,,,dma,,,,,rmse,,,0.22274251195611733,0.05902857985585067,0.08509087154932943,0.0016674,,0.9,,,,14,,,,0.95,recurring
2.25939987478512e7,0.011883,0,1.0e-6,cholesky,adaptive_ridge,110,quadratic_stacked_beta,0.0110142,6.66553246380604e-16,rmse,0.0008688,1,0.044648414632119306,0.009652273536782049,0.014480577909325242,,,,,,,15,,,,,recurring
,9.58e-5,,0.0,,static_ridge,,,,,rmse,,,0.04813859882511875,0.009263922411180063,0.015272020870786976,,,,,,,15,,,,,recurring
,,,0.0,,rolling_ridge,,,,,rmse,,,0.04881460674818313,0.010252320865083963,0.015834136188578103,0.343767,336,,,,,15,,,,,recurring
,,,,,rls,,,,,rmse,,,0.04816989171342603,0.009663409284670414,0.015436626651607907,0.0126754,,0.995,1.0e-6,,,15,,,,,recurring
,,,,,hedge,,,,,rmse,,,0.3449708373071287,0.15395138066067926,0.17672170650798785,0.0009397,24,,,1.0,,15,,,,,recurring
,,,,,exp3,,,,,rmse,,,0.955128106959915,0.08943079722668622,0.24703473219688615,0.0057037,,,,,0.2,15,,,,,recurring
,,,,,fixed_share,,,,,rmse,,,0.05345679492972168,0.011877011200822154,0.01776974548160854,0.000916,,,,1.0,,15,0.005,,,,recurring
,,,,,passive_aggressive,,,,,rmse,,,0.060275609845907636,0.014811519189056297,0.021065502778792322,0.0002003,,,,,,15,,0.01,0.01,,recurring
,,,,,dma,,,,,rmse,,,0.05981933191839119,0.012477243787093618,0.02017012137300113,0.0026008,,0.995,,,,15,,,,0.995,recurring
2.9890983767658575e6,0.0835964,0,0.0001,cholesky,adaptive_ridge,310,quadratic_stacked_beta,0.0717786,1.5024547426990349e-15,rmse,0.0118178,3,0.0617927257248561,0.019826788515344133,0.02567001781738992,,,,,,,16,,,,,recurring
,4.83e-5,,0.001,,static_ridge,,,,,rmse,,,0.1791147097964101,0.05958965623647005,0.07498151792226314,,,,,,,16,,,,,recurring
,,,0.001,,rolling_ridge,,,,,rmse,,,0.15385239821005,0.027855513447894574,0.04621583024569986,0.0047707,24,,,,,16,,,,,recurring
,,,,,rls,,,,,rmse,,,0.15344152318636575,0.025436455299450957,0.046016768969556573,0.0085358,,0.9,1.0e-6,,,16,,,,,recurring
,,,,,hedge,,,,,rmse,,,0.23732892857311758,0.08027914098966146,0.10040747768054027,0.001033,24,,,1.0,,16,,,,,recurring
,,,,,exp3,,,,,rmse,,,1.0026154661512066,0.17902118889497573,0.3077396218696888,0.0012809,,,,,0.2,16,,,,,recurring
,,,,,fixed_share,,,,,rmse,,,0.179710857981635,0.04504887451612336,0.0620082557091253,0.0010043,,,,1.0,,16,0.05,,,,recurring
,,,,,passive_aggressive,,,,,rmse,,,0.18529414438155925,0.05464658379338967,0.07141170618871216,0.0001947,,,,,,16,,0.01,0.05,,recurring
,,,,,dma,,,,,rmse,,,0.16247921185416786,0.04840696073916605,0.06996751479156472,0.0016728,,0.9,,,,16,,,,0.95,recurring
9.121696767497873e8,0.0053356,0,0.0001,cholesky,adaptive_ridge,110,quadratic_stacked_beta,0.0044434,7.242169266532107e-16,rmse,0.0008922,1,0.07705484475211682,0.018585134610773133,0.028836045701877727,,,,,,,17,,,,,recurring
,9.97e-5,,0.0,,static_ridge,,,,,rmse,,,0.09656804402097502,0.022947747810732545,0.03429396977911766,,,,,,,17,,,,,recurring
,,,0.0001,,rolling_ridge,,,,,rmse,,,0.09870244552479189,0.024960667900399996,0.03540244634277666,0.0108625,336,,,,,17,,,,,recurring
,,,,,rls,,,,,rmse,,,0.09379757902291892,0.021760353482860612,0.0323525900793492,0.0024048,,0.98,0.0001,,,17,,,,,recurring
,,,,,hedge,,,,,rmse,,,0.2679353654069045,0.0909173823352578,0.11543607596749221,0.0014779,24,,,1.0,,17,,,,,recurring
,,,,,exp3,,,,,rmse,,,0.8440866279154813,0.1719520248904908,0.2606796238117869,0.0081462,,,,,0.1,17,,,,,recurring
,,,,,fixed_share,,,,,rmse,,,0.14536322160805068,0.04506348686954876,0.05870793713073799,0.0061494,,,,1.0,,17,0.1,,,,recurring
,,,,,passive_aggressive,,,,,rmse,,,0.09946849905924332,0.025652859925820164,0.036450938898087516,0.0002034,,,,,,17,,0.01,0.01,,recurring
,,,,,dma,,,,,rmse,,,0.24786118455963246,0.06280964427259843,0.09110734108112337,0.0023088,,0.9,,,,17,,,,0.9,recurring
475699.08424755797,0.0050734000000000005,0,0.0001,cholesky,adaptive_ridge,110,quadratic_stacked_beta,0.0035707,5.916500692592983e-16,rmse,0.0015027,1,0.06679409555867105,0.015434900847626476,0.02359177588085324,,,,,,,18,,,,,recurring
,0.0001056,,0.0,,static_ridge,,,,,rmse,,,0.10458716070371715,0.024688681093915726,0.03583021174921834,,,,,,,18,,,,,recurring
,,,0.0,,rolling_ridge,,,,,rmse,,,0.10745157798501985,0.027444869756793035,0.03823925791679866,0.0047061,336,,,,,18,,,,,recurring
,,,,,rls,,,,,rmse,,,0.10266301944592177,0.024864718058539476,0.036071355005210484,0.0091193,,0.995,1.0e-6,,,18,,,,,recurring
,,,,,hedge,,,,,rmse,,,0.2732885897616719,0.099614017949238,0.12166866148148432,0.0021538,24,,,1.0,,18,,,,,recurring
,,,,,exp3,,,,,rmse,,,0.9661635530800763,0.20124282805286864,0.310087007078493,0.001082,,,,,0.2,18,,,,,recurring
,,,,,fixed_share,,,,,rmse,,,0.17406107065879836,0.046420460263638774,0.06315892002924092,0.0009385,,,,1.0,,18,0.05,,,,recurring
,,,,,passive_aggressive,,,,,rmse,,,0.10858176360066643,0.032684416632936704,0.04260005166299864,0.0001724,,,,,,18,,0.01,0.05,,recurring
,,,,,dma,,,,,rmse,,,0.22730127835839137,0.052024966288343466,0.0759915796906854,0.1288868,,0.9,,,,18,,,,0.995,recurring
197756.33005299576,0.16166239999999998,0,0.001,cholesky,adaptive_ridge,510,quadratic_stacked_beta,0.054536,1.8686485976816573e-15,rmse,0.1071264,5,0.11325585943221839,0.032120017118992074,0.04244736369563127,,,,,,,19,,,,,recurring
,9.26e-5,,0.01,,static_ridge,,,,,rmse,,,0.21239349274835737,0.06879347671920794,0.08801238615816849,,,,,,,19,,,,,recurring
,,,0.001,,rolling_ridge,,,,,rmse,,,0.18249709714114185,0.033324108882295304,0.05634377128076067,0.0105439,24,,,,,19,,,,,recurring
,,,,,rls,,,,,rmse,,,0.19392801454053324,0.03350309068252564,0.06000908435588996,0.0079038,,0.9,0.0001,,,19,,,,,recurring
,,,,,hedge,,,,,rmse,,,0.2378735358873216,0.07752954398336123,0.09784741194542496,0.0008891,24,,,1.0,,19,,,,,recurring
,,,,,exp3,,,,,rmse,,,0.9141098897304099,0.21538733167268878,0.3236046671891114,0.0011271,,,,,0.2,19,,,,,recurring
,,,,,fixed_share,,,,,rmse,,,0.1566627099828142,0.04021564681242792,0.05588434642475242,0.0008821,,,,1.0,,19,0.05,,,,recurring
,,,,,passive_aggressive,,,,,rmse,,,0.20685570797494518,0.06934358867736022,0.08740589255677675,0.0001791,,,,,,19,,0.001,0.01,,recurring
,,,,,dma,,,,,rmse,,,0.1745268897596477,0.04127669602119416,0.06367698479540689,0.0014079,,0.9,,,,19,,,,0.95,recurring
381710.8150302916,0.013269199999999998,0,0.001,cholesky,adaptive_ridge,210,quadratic_stacked_beta,0.0085236,9.669912563828703e-16,rmse,0.0047456,2,0.10623636939740505,0.028233918624713514,0.03918909721662301,,,,,,,20,,,,,recurring
,0.0001054,,0.0,,static_ridge,,,,,rmse,,,0.27864053046425913,0.0985819241101561,0.11970685807970967,,,,,,,20,,,,,recurring
,,,0.01,,rolling_ridge,,,,,rmse,,,0.18232800797384183,0.036234130226472205,0.05779421108265551,0.0038451,24,,,,,20,,,,,recurring
,,,,,rls,,,,,rmse,,,0.22797369295976744,0.03178752055296661,0.06560791557190129,0.007231,,0.9,0.0001,,,20,,,,,recurring
,,,,,hedge,,,,,rmse,,,0.2605154154883532,0.098364566026879,0.1201111420384818,0.0008951,24,,,1.0,,20,,,,,recurring
,,,,,exp3,,,,,rmse,,,0.8997049844858179,0.22605831050491437,0.3271724318394263,0.0012802,,,,,0.1,20,,,,,recurring
,,,,,fixed_share,,,,,rmse,,,0.17596693141943906,0.03983348687347643,0.05860888464908812,0.0010243,,,,1.0,,20,0.05,,,,recurring
,,,,,passive_aggressive,,,,,rmse,,,0.23360621545820096,0.062190696777048166,0.08455824052060541,0.0001905,,,,,,20,,0.1,0.05,,recurring
,,,,,dma,,,,,rmse,,,0.17546577135145833,0.05192806464539437,0.07186861644213116,0.0015136,,0.9,,,,20,,,,0.98,recurring
459720.7720243086,0.0319228,0,0.001,cholesky,adaptive_ridge,310,quadratic_stacked_beta,0.0204228,1.3625874704538806e-15,rmse,0.0115,3,0.075857729823252,0.023760857095711043,0.030451491566903157,,,,,,,21,,,,,recurring
,0.0001527,,0.0,,static_ridge,,,,,rmse,,,0.178465069760391,0.05674747801254936,0.07305470993050801,,,,,,,21,,,,,recurring
,,,0.001,,rolling_ridge,,,,,rmse,,,0.15783718072941588,0.028786774357319217,0.046867696128591624,0.0097107,24,,,,,21,,,,,recurring
,,,,,rls,,,,,rmse,,,0.1713287570197485,0.02916225331346232,0.04982479187558605,0.0178595,,0.9,1.0e-6,,,21,,,,,recurring
,,,,,hedge,,,,,rmse,,,0.2736804693682258,0.12126971475156507,0.14081537977049666,0.0009744,24,,,1.0,,21,,,,,recurring
,,,,,exp3,,,,,rmse,,,0.8680906931525801,0.16688060464669344,0.27607553881356006,0.0011786,,,,,0.1,21,,,,,recurring
,,,,,fixed_share,,,,,rmse,,,0.20465500101587794,0.055560745335436625,0.07259379362611453,0.000933,,,,1.0,,21,0.05,,,,recurring
,,,,,passive_aggressive,,,,,rmse,,,0.17880059727510184,0.06182206284506486,0.07723722444229199,0.0001418,,,,,,21,,0.01,0.1,,recurring
,,,,,dma,,,,,rmse,,,0.19142734297412514,0.04774691715879911,0.07247012195072564,0.0015087,,0.9,,,,21,,,,0.95,recurring
5.65914950537512e6,0.0049943,0,0.0,cholesky,adaptive_ridge,110,quadratic_stacked_beta,0.0040394,9.161437274622781e-16,rmse,0.0009549,1,0.0267590580636501,0.008042323475419645,0.010470523798998134,,,,,,,22,,,,,recurring
,9.77e-5,,0.0,,static_ridge,,,,,rmse,,,0.0698962324549322,0.02251195317799428,0.028681283939941446,,,,,,,22,,,,,recurring
,,,0.0001,,rolling_ridge,,,,,rmse,,,0.06526244958836144,0.011863180517953546,0.020108942832394585,0.0035728,24,,,,,22,,,,,recurring
,,,,,rls,,,,,rmse,,,0.06362084288244896,0.010981982919387477,0.019586331736382787,0.0090726,,0.9,0.0001,,,22,,,,,recurring
,,,,,hedge,,,,,rmse,,,0.16770749374585442,0.05910213095271976,0.07338081788687566,0.0009156,24,,,1.0,,22,,,,,recurring
,,,,,exp3,,,,,rmse,,,0.6304045805166476,0.09208118392932203,0.17873266484987313,0.0011518,,,,,0.2,22,,,,,recurring
,,,,,fixed_share,,,,,rmse,,,0.08819802158516389,0.0237304986934299,0.032316167472189156,0.0009055,,,,1.0,,22,0.02,,,,recurring
,,,,,passive_aggressive,,,,,rmse,,,0.08157008491877506,0.026635207146238734,0.03374426083499793,0.000181,,,,,,22,,0.01,0.01,,recurring
,,,,,dma,,,,,rmse,,,0.11324878413572818,0.034205532636381736,0.045322532260403274,0.0014009,,0.95,,,,22,,,,0.9,recurring
515989.3998648979,0.0042962,0,0.0001,cholesky,adaptive_ridge,110,quadratic_stacked_beta,0.0033284,6.888665336876676e-16,rmse,0.0009678,1,0.06475499726075308,0.01837911711423071,0.02532906183101771,,,,,,,23,,,,,recurring
,8.08e-5,,0.001,,static_ridge,,,,,rmse,,,0.1357542310313514,0.03521710396517039,0.04942401139048537,,,,,,,23,,,,,recurring
,,,0.001,,rolling_ridge,,,,,rmse,,,0.11163348445828003,0.023057307895980473,0.036690078888301086,0.0026785,24,,,,,23,,,,,recurring
,,,,,rls,,,,,rmse,,,0.12302307140325482,0.02381106300739742,0.039965876223488454,0.0271804,,0.9,0.0001,,,23,,,,,recurring
,,,,,hedge,,,,,rmse,,,0.26413327675864073,0.0859466743451799,0.1093150295362039,0.0009888,24,,,1.0,,23,,,,,recurring
,,,,,exp3,,,,,rmse,,,1.2683070877678677,0.33827808190760456,0.4802254055297845,0.0010856,,,,,0.1,23,,,,,recurring
,,,,,fixed_share,,,,,rmse,,,0.1787992820757368,0.04525048888565109,0.06364622191836114,0.0008303,,,,1.0,,23,0.05,,,,recurring
,,,,,passive_aggressive,,,,,rmse,,,0.13258392528407284,0.04190413221048265,0.054118726716395345,0.0001242,,,,,,23,,0.01,0.1,,recurring
,,,,,dma,,,,,rmse,,,0.2694346340737905,0.07605580426146864,0.11216173212809097,0.0066386,,0.9,,,,23,,,,0.95,recurring
4.908257570795263e6,0.0057336999999999996,0,0.0,cholesky,adaptive_ridge,110,quadratic_stacked_beta,0.0048344,6.379632791138003e-16,rmse,0.0008993,1,0.04710343696078418,0.011401457788425332,0.017939820782502516,,,,,,,24,,,,,recurring
,9.44e-5,,0.0,,static_ridge,,,,,rmse,,,0.10263909310225369,0.026829807430809607,0.0370822902501896,,,,,,,24,,,,,recurring
,,,0.0001,,rolling_ridge,,,,,rmse,,,0.09487045213347362,0.013917694385480978,0.028472225766768253,0.0058576,24,,,,,24,,,,,recurring
,,,,,rls,,,,,rmse,,,0.09834956249991234,0.014435799617420442,0.03046005616476514,0.0185009,,0.9,0.0001,,,24,,,,,recurring
,,,,,hedge,,,,,rmse,,,0.30647467104597315,0.12457064851708584,0.14625582258167938,0.0009357,24,,,1.0,,24,,,,,recurring
,,,,,exp3,,,,,rmse,,,0.767812852565186,0.1806130818744827,0.2716981340053287,0.001077,,,,,0.1,24,,,,,recurring
,,,,,fixed_share,,,,,rmse,,,0.24218399399294144,0.05562326652383306,0.07907802428084784,0.0012738,,,,1.0,,24,0.02,,,,recurring
,,,,,passive_aggressive,,,,,rmse,,,0.10672349773458026,0.0329264149917803,0.042538556093209064,0.0001794,,,,,,24,,0.01,0.05,,recurring
,,,,,dma,,,,,rmse,,,0.1614295446820553,0.030435720443351046,0.052342458066833755,0.0013982,,0.9,,,,24,,,,0.995,recurring
2.345243196078944e8,0.0045542000000000004,0,0.0001,cholesky,adaptive_ridge,110,quadratic_stacked_beta,0.0036009,6.557621866158588e-16,rmse,0.0009533,1,0.0727223028615794,0.018801020593362153,0.02780330072681847,,,,,,,25,,,,,recurring
,8.67e-5,,0.001,,static_ridge,,,,,rmse,,,0.1586171076358944,0.04730598960974517,0.06229441651032757,,,,,,,25,,,,,recurring
,,,0.001,,rolling_ridge,,,,,rmse,,,0.10672447687848063,0.02248908337653629,0.03515523918311289,0.0040729,24,,,,,25,,,,,recurring
,,,,,rls,,,,,rmse,,,0.14678135048880978,0.034316756110008464,0.05036448829345583,0.0088212,,0.98,0.01,,,25,,,,,recurring
,,,,,hedge,,,,,rmse,,,0.2554994426073526,0.10895056163638231,0.12655869916491916,0.0009166,24,,,1.0,,25,,,,,recurring
,,,,,exp3,,,,,rmse,,,0.7412194606212573,0.1746920029280643,0.25659955811979357,0.0009726,,,,,0.2,25,,,,,recurring
,,,,,fixed_share,,,,,rmse,,,0.16010075263017143,0.03815819493432261,0.055075051561022756,0.0008426,,,,1.0,,25,0.02,,,,recurring
,,,,,passive_aggressive,,,,,rmse,,,0.1539348413203911,0.04785052451246074,0.061624366331804015,0.0001734,,,,,,25,,0.01,0.05,,recurring
,,,,,dma,,,,,rmse,,,0.20351447530290984,0.041290776541906306,0.07317482397351972,0.0015262,,0.9,,,,25,,,,0.95,recurring
385307.71816987405,0.0338077,0,0.0001,cholesky,adaptive_ridge,310,quadratic_stacked_beta,0.0210135,1.0831233316198021e-15,rmse,0.0127942,3,0.10122336962481732,0.024954022585629922,0.03682758507768165,,,,,,,26,,,,,recurring
,8.28e-5,,0.001,,static_ridge,,,,,rmse,,,0.20821324466404456,0.06565294775623814,0.08372092780691777,,,,,,,26,,,,,recurring
,,,0.01,,rolling_ridge,,,,,rmse,,,0.17913746070616107,0.03338754752431877,0.05509748591637938,0.0052633,24,,,,,26,,,,,recurring
,,,,,rls,,,,,rmse,,,0.21230536224873403,0.02983876133757478,0.061078558312242924,0.0075664,,0.9,1.0e-6,,,26,,,,,recurring
,,,,,hedge,,,,,rmse,,,0.24300894422313754,0.08294695592662271,0.10355125342222668,0.0011489,24,,,1.0,,26,,,,,recurring
,,,,,exp3,,,,,rmse,,,0.8568041104166917,0.16832196762434865,0.2744853398956886,0.0011451,,,,,0.2,26,,,,,recurring
,,,,,fixed_share,,,,,rmse,,,0.16110506592407098,0.03311824855527232,0.05135112826228231,0.0009763,,,,1.0,,26,0.05,,,,recurring
,,,,,passive_aggressive,,,,,rmse,,,0.2147907912670608,0.05683592399246135,0.07810919145782608,0.0002044,,,,,,26,,1.0,0.05,,recurring
,,,,,dma,,,,,rmse,,,0.13946794510670366,0.033440878793286055,0.05258230067807879,0.0015883,,0.9,,,,26,,,,0.95,recurring
6.5970389691843465e6,0.0203934,0,0.0,cholesky,adaptive_ridge,210,quadratic_stacked_beta,0.0132209,1.183401858652072e-15,rmse,0.0071725,2,0.04905431391684443,0.014509557759158517,0.01939095021685898,,,,,,,27,,,,,recurring
,9.64e-5,,0.001,,static_ridge,,,,,rmse,,,0.12610334292628356,0.04319560784931204,0.054487466134404555,,,,,,,27,,,,,recurring
,,,0.001,,rolling_ridge,,,,,rmse,,,0.12242875333020338,0.021046713166048683,0.03813056122212236,0.0100967,24,,,,,27,,,,,recurring
,,,,,rls,,,,,rmse,,,0.13442825677396303,0.020273376392361698,0.03942593512797776,0.0077629,,0.9,0.1,,,27,,,,,recurring
,,,,,hedge,,,,,rmse,,,0.1894557116909961,0.06305181846314342,0.07921396330223213,0.0010118,24,,,1.0,,27,,,,,recurring
,,,,,exp3,,,,,rmse,,,0.8217850827302843,0.1376695181633153,0.24211767788999822,0.0010294,,,,,0.2,27,,,,,recurring
,,,,,fixed_share,,,,,rmse,,,0.11926606545440478,0.030044585685181254,0.0421835633681348,0.0017237,,,,1.0,,27,0.05,,,,recurring
,,,,,passive_aggressive,,,,,rmse,,,0.13634170726943368,0.04564425273076443,0.0576431093807512,0.0001713,,,,,,27,,0.01,0.05,,recurring
,,,,,dma,,,,,rmse,,,0.15580309825910119,0.048068878506552795,0.06499630605009672,0.0023505,,0.9,,,,27,,,,0.9,recurring
455605.3614134538,0.0269429,0,0.0,cholesky,adaptive_ridge,310,quadratic_stacked_beta,0.0159189,1.40526735627131e-15,rmse,0.011024,3,0.11329518066125922,0.03165912159387408,0.043020911110448534,,,,,,,28,,,,,recurring
,0.0001354,,0.0,,static_ridge,,,,,rmse,,,0.18762580030440015,0.06650470818227089,0.08293237076158079,,,,,,,28,,,,,recurring
,,,0.0001,,rolling_ridge,,,,,rmse,,,0.19989767403362727,0.03206763121587814,0.05688083275344873,0.0371523,24,,,,,28,,,,,recurring
,,,,,rls,,,,,rmse,,,0.18911174441908643,0.03087659348733997,0.054386175880873494,0.0085637,,0.9,0.0001,,,28,,,,,recurring
,,,,,hedge,,,,,rmse,,,0.27437920628547785,0.08512438663686131,0.10911627749569189,0.0221109,24,,,1.0,,28,,,,,recurring
,,,,,exp3,,,,,rmse,,,0.9995712995422061,0.13987611821446747,0.27400042502867183,0.0011775,,,,,0.2,28,,,,,recurring
,,,,,fixed_share,,,,,rmse,,,0.19075036023055586,0.04551243901434199,0.06781889699111815,0.0013469,,,,1.0,,28,0.05,,,,recurring
,,,,,passive_aggressive,,,,,rmse,,,0.21773184518460262,0.05907168160880491,0.07959960420526306,0.0002926,,,,,,28,,0.1,0.05,,recurring
,,,,,dma,,,,,rmse,,,0.1883595318931475,0.038725076590501964,0.05951488853405628,0.0006427,,0.9,,,,28,,,,0.995,recurring
443897.4747996376,0.0047048,0,0.001,cholesky,adaptive_ridge,110,quadratic_stacked_beta,0.0038804,7.108557302002995e-16,rmse,0.0008244,1,0.06585354330549874,0.0185061175314257,0.02486913108985036,,,,,,,29,,,,,recurring
,4.86e-5,,0.001,,static_ridge,,,,,rmse,,,0.1490498140585058,0.042895658705577586,0.05733504874764017,,,,,,,29,,,,,recurring
,,,0.001,,rolling_ridge,,,,,rmse,,,0.12766204935555148,0.02407036136253388,0.04041876713004336,0.0083259,24,,,,,29,,,,,recurring
,,,,,rls,,,,,rmse,,,0.14068098399376994,0.024854168068462034,0.043525001897155934,0.0025068,,0.9,0.1,,,29,,,,,recurring
,,,,,hedge,,,,,rmse,,,0.17814020171683317,0.06103048744032026,0.07615782021028794,0.001001,24,,,1.0,,29,,,,,recurring
,,,,,exp3,,,,,rmse,,,0.7080221472964205,0.13238626776475973,0.21851080948140483,0.0012537,,,,,0.2,29,,,,,recurring
,,,,,fixed_share,,,,,rmse,,,0.11407996778787283,0.02915751168208263,0.04208358860633271,0.0008867,,,,1.0,,29,0.05,,,,recurring
,,,,,passive_aggressive,,,,,rmse,,,0.14508816219740825,0.04390589740698569,0.05745014483660473,0.0001865,,,,,,29,,0.1,0.05,,recurring
,,,,,dma,,,,,rmse,,,0.23494452791608217,0.04659492854940802,0.07287416192868901,0.001542,,0.9,,,,29,,,,0.995,recurring
106603.50006031423,0.0049851,0,0.0,cholesky,adaptive_ridge,110,quadratic_stacked_beta,0.0039744,8.149633223662081e-16,rmse,0.0010107,1,0.08620461827041381,0.024186433055630317,0.032399669052006724,,,,,,,30,,,,,recurring
,8.89e-5,,0.001,,static_ridge,,,,,rmse,,,0.16881864434418134,0.05341479958486883,0.06871213217815474,,,,,,,30,,,,,recurring
,,,0.001,,rolling_ridge,,,,,rmse,,,0.14605281487488,0.03142443862914383,0.048687105367946806,0.004796,24,,,,,30,,,,,recurring
,,,,,rls,,,,,rmse,,,0.15662296041785662,0.03152194033516517,0.050170613467526735,0.0028011,,0.9,1.0e-6,,,30,,,,,recurring
,,,,,hedge,,,,,rmse,,,0.24871543229355214,0.07761278683983046,0.10007249633232951,0.0244719,24,,,1.0,,30,,,,,recurring
,,,,,exp3,,,,,rmse,,,0.8841927590133003,0.17765554765169442,0.2921698768100345,0.0012158,,,,,0.2,30,,,,,recurring
,,,,,fixed_share,,,,,rmse,,,0.15892143998726696,0.038873803293294845,0.05527378352238916,0.0009576,,,,1.0,,30,0.05,,,,recurring
,,,,,passive_aggressive,,,,,rmse,,,0.17698175226951476,0.056792219755226345,0.07241960433541691,0.0002252,,,,,,30,,0.1,0.1,,recurring
,,,,,dma,,,,,rmse,,,0.20814970555114065,0.05006574117732654,0.07195095679958598,0.007193,,0.9,,,,30,,,,0.995,recurring
2.7248011524739957e9,0.0045485,0,1.0e-6,cholesky,adaptive_ridge,110,quadratic_stacked_beta,0.0037313,9.40085689302147e-16,rmse,0.0008172,1,0.03928602527909732,0.013590485658600068,0.017020327182673323,,,,,,,1,,,,,variance_burst
,9.72e-5,,0.0,,static_ridge,,,,,rmse,,,0.038090386689552905,0.013162161094675873,0.016515398976097443,,,,,,,1,,,,,variance_burst
,,,1.0e-6,,rolling_ridge,,,,,rmse,,,0.038747238515729296,0.013470598939058089,0.016881617637471816,0.0106097,336,,,,,1,,,,,variance_burst
,,,,,rls,,,,,rmse,,,0.03846516857108776,0.013395030238240822,0.01676821154868534,0.006089,,0.995,0.1,,,1,,,,,variance_burst
,,,,,hedge,,,,,rmse,,,0.21434203332349788,0.07549121420749691,0.09439008786759281,0.0008865,336,,,1.0,,1,,,,,variance_burst
,,,,,exp3,,,,,rmse,,,0.5575071194308727,0.16775175670334802,0.2079897583408115,0.0010915,,,,,0.1,1,,,,,variance_burst
,,,,,fixed_share,,,,,rmse,,,0.15271597793017175,0.05134701864068474,0.06474229487279187,0.011287,,,,0.05,,1,0.01,,,,variance_burst
,,,,,passive_aggressive,,,,,rmse,,,0.05315769956949863,0.0175035330472459,0.022054901199857306,0.0001797,,,,,,1,,1.0,0.01,,variance_burst
,,,,,dma,,,,,rmse,,,0.26170594062073077,0.12326395899325038,0.13917918733511028,0.0079098,,0.9,,,,1,,,,0.95,variance_burst
5.3096531188198484e7,0.0045242,0,0.0,cholesky,adaptive_ridge,110,quadratic_stacked_beta,0.0036209,1.0969983084254103e-15,rmse,0.0009033,1,0.03926666382709948,0.013495987026868508,0.016914257949356092,,,,,,,2,,,,,variance_burst
,0.0001115,,0.0,,static_ridge,,,,,rmse,,,0.03920236224912568,0.013166948046235409,0.016582102472209787,,,,,,,2,,,,,variance_burst
,,,0.0,,rolling_ridge,,,,,rmse,,,0.039456742277136636,0.013476584029742616,0.01684992848322273,0.0055654,336,,,,,2,,,,,variance_burst
,,,,,rls,,,,,rmse,,,0.0395746819570085,0.013370370052639764,0.0167648042000714,0.0113662,,0.995,0.1,,,2,,,,,variance_burst
,,,,,hedge,,,,,rmse,,,0.2401629207793491,0.09164694702113495,0.11077749994893117,0.0009682,72,,,0.01,,2,,,,,variance_burst
,,,,,exp3,,,,,rmse,,,0.6406748676236085,0.24527023458113406,0.2922519873081426,0.0011598,,,,,0.1,2,,,,,variance_burst
,,,,,fixed_share,,,,,rmse,,,0.24149569285825165,0.0924549502050424,0.11161990162891697,0.0009977,,,,0.01,,2,0.1,,,,variance_burst
,,,,,passive_aggressive,,,,,rmse,,,0.05092665188122268,0.016768454796291472,0.021285115027725038,0.0002863,,,,,,2,,0.1,0.01,,variance_burst
,,,,,dma,,,,,rmse,,,0.49231547773071016,0.21671161908433234,0.2497735520010243,0.0015427,,0.9,,,,2,,,,0.98,variance_burst
2.3856572177048326e8,0.0044171,0,0.0,cholesky,adaptive_ridge,110,quadratic_stacked_beta,0.0034347,7.877402034183398e-16,rmse,0.0009824,1,0.1033265816373078,0.03507264220650655,0.043710105219114254,,,,,,,3,,,,,variance_burst
,0.0001414,,0.0,,static_ridge,,,,,rmse,,,0.10163602483960986,0.033899590058368984,0.04228371371906471,,,,,,,3,,,,,variance_burst
,,,0.0001,,rolling_ridge,,,,,rmse,,,0.10130430598891546,0.03252932282321659,0.04134428223980259,0.0272514,72,,,,,3,,,,,variance_burst
,,,,,rls,,,,,rmse,,,0.09763904311794537,0.030171989151654838,0.039052599009560506,0.0036128,,0.95,0.1,,,3,,,,,variance_burst
,,,,,hedge,,,,,rmse,,,0.2000463196126883,0.06737842529344358,0.0846275055913582,0.0090935,0,,,1.0,,3,,,,,variance_burst
,,,,,exp3,,,,,rmse,,,0.622740730594264,0.16979827333202877,0.2188347309101124,0.0010609,,,,,0.1,3,,,,,variance_burst
,,,,,fixed_share,,,,,rmse,,,0.1607002796278971,0.05318173018647116,0.06694390601279061,0.0011021,,,,0.05,,3,0.01,,,,variance_burst
,,,,,passive_aggressive,,,,,rmse,,,0.1179897476853622,0.036317746575218815,0.046738446568738386,0.0002329,,,,,,3,,0.01,0.01,,variance_burst
,,,,,dma,,,,,rmse,,,0.26143846175773316,0.10535041677821426,0.12533039529080628,0.001552,,0.98,,,,3,,,,0.995,variance_burst
2.549081825081087e7,0.0099826,0,0.0001,cholesky,adaptive_ridge,110,quadratic_stacked_beta,0.0090531,5.963614997259699e-16,rmse,0.0009295,1,0.06579138065515801,0.02297304768314508,0.028581711301033364,,,,,,,4,,,,,variance_burst
,8.98e-5,,0.0001,,static_ridge,,,,,rmse,,,0.06462582244790908,0.022597407071113643,0.02805119483212792,,,,,,,4,,,,,variance_burst
,,,0.0001,,rolling_ridge,,,,,rmse,,,0.06564672521133377,0.022456260353965633,0.028384249609989032,0.0083307,72,,,,,4,,,,,variance_burst
,,,,,rls,,,,,rmse,,,0.06647501673390138,0.021664576229537935,0.02779168962171721,0.0070881,,0.95,0.0001,,,4,,,,,variance_burst
,,,,,hedge,,,,,rmse,,,0.16221150626972086,0.05481228256896649,0.06883877255054663,0.0008083,72,,,1.0,,4,,,,,variance_burst
,,,,,exp3,,,,,rmse,,,0.5021247370698544,0.17493993732300958,0.20668481277699313,0.0010829,,,,,0.1,4,,,,,variance_burst
,,,,,fixed_share,,,,,rmse,,,0.10964373818324859,0.03907537784236327,0.04822575302226954,0.0008555,,,,0.1,,4,0.005,,,,variance_burst
,,,,,passive_aggressive,,,,,rmse,,,0.09260431941909424,0.029160655011018638,0.03754978898319592,0.0002531,,,,,,4,,0.1,0.01,,variance_burst
,,,,,dma,,,,,rmse,,,0.17511606719363357,0.06678530530380383,0.0807164529455241,0.0014244,,0.9,,,,4,,,,0.995,variance_burst
4.729776059364949e8,0.0044769,0,1.0e-6,cholesky,adaptive_ridge,110,quadratic_stacked_beta,0.0034722,8.311335168329405e-16,rmse,0.0010047,1,0.017917916423123802,0.00612751943241077,0.007684520665352955,,,,,,,5,,,,,variance_burst
,9.82e-5,,1.0e-6,,static_ridge,,,,,rmse,,,0.017696488946914325,0.005955721653161193,0.0075056703283511265,,,,,,,5,,,,,variance_burst
,,,0.0,,rolling_ridge,,,,,rmse,,,0.01826041503696375,0.006082608477220489,0.0076718093351884325,0.0139491,336,,,,,5,,,,,variance_burst
,,,,,rls,,,,,rmse,,,0.017996880685324033,0.005980031693845133,0.007564137892430095,0.0085791,,0.995,0.1,,,5,,,,,variance_burst
,,,,,hedge,,,,,rmse,,,0.1708523307818318,0.05944876179979084,0.07428702933239488,0.0016114,0,,,1.0,,5,,,,,variance_burst
,,,,,exp3,,,,,rmse,,,0.4680682173936886,0.10003734509808922,0.14715457323043885,0.0011075,,,,,0.1,5,,,,,variance_burst
,,,,,fixed_share,,,,,rmse,,,0.054679678223190455,0.04597697122362827,0.046171724015605334,0.0009727,,,,1.0,,5,0.005,,,,variance_burst
,,,,,passive_aggressive,,,,,rmse,,,0.05182035895292211,0.016943728631386254,0.021588872942955452,0.0001744,,,,,,5,,1.0,0.0,,variance_burst
,,,,,dma,,,,,rmse,,,0.05378762245016298,0.0458580694007657,0.04600586022515427,0.0013672,,0.995,,,,5,,,,0.995,variance_burst
1.0566128467200692e8,0.004167,0,0.0,cholesky,adaptive_ridge,110,quadratic_stacked_beta,0.0033412,6.952498147103233e-16,rmse,0.0008258,1,0.010726935843462538,0.0037298720230455385,0.004660612029016859,,,,,,,6,,,,,variance_burst
,9.29e-5,,0.0,,static_ridge,,,,,rmse,,,0.010575673967623956,0.0036162708783456557,0.004538578647832176,,,,,,,6,,,,,variance_burst
,,,0.0,,rolling_ridge,,,,,rmse,,,0.010661266752561354,0.0036570611793373766,0.004574015051994853,0.0093099,336,,,,,6,,,,,variance_burst
,,,,,rls,,,,,rmse,,,0.010671484438187627,0.003666407681614252,0.004581089303346255,0.0232595,,0.995,1.0e-6,,,6,,,,,variance_burst
,,,,,hedge,,,,,rmse,,,0.24811264693860505,0.0865627043852387,0.10834545918643626,0.0017335,0,,,1.0,,6,,,,,variance_burst
,,,,,exp3,,,,,rmse,,,0.5781160728407033,0.09325006521997188,0.1616541491276866,0.0009406,,,,,0.1,6,,,,,variance_burst
,,,,,fixed_share,,,,,rmse,,,0.07735739800518669,0.02950696314369984,0.03575787784394224,0.0007535,,,,0.1,,6,0.005,,,,variance_burst
,,,,,passive_aggressive,,,,,rmse,,,0.022402944158668173,0.006749983645086662,0.008789705215482385,0.0001663,,,,,,6,,1.0,0.0,,variance_burst
,,,,,dma,,,,,rmse,,,0.05702774502481111,0.049127096062645474,0.049286381857715375,0.0169791,,0.9,,,,6,,,,0.9,variance_burst
15355.18375926465,0.0040916,0,0.01,cholesky,adaptive_ridge,110,quadratic_stacked_beta,0.0031757,6.391320217330162e-16,rmse,0.0009159,1,0.16610297162620263,0.05636030364574231,0.07098492180181547,,,,,,,7,,,,,variance_burst
,0.0001154,,0.001,,static_ridge,,,,,rmse,,,0.16304202089157244,0.05510233235931895,0.06932990210591329,,,,,,,7,,,,,variance_burst
,,,0.001,,rolling_ridge,,,,,rmse,,,0.1675296594121928,0.05605873042499758,0.07077111843810029,0.0036476,336,,,,,7,,,,,variance_burst
,,,,,rls,,,,,rmse,,,0.16582184469765177,0.05573697384541867,0.0702150165069192,0.0025445,,0.995,1.0e-6,,,7,,,,,variance_burst
,,,,,hedge,,,,,rmse,,,0.20217316856105733,0.06939135837726693,0.08705486525585161,0.0007689,0,,,1.0,,7,,,,,variance_burst
,,,,,exp3,,,,,rmse,,,0.6828597316389932,0.24787354565496067,0.30063632206125956,0.0012138,,,,,0.1,7,,,,,variance_burst
,,,,,fixed_share,,,,,rmse,,,0.20160882187386317,0.068213732142117,0.08555444879139058,0.0019884,,,,0.01,,7,0.005,,,,variance_burst
,,,,,passive_aggressive,,,,,rmse,,,0.1691544591489197,0.056542309696571015,0.07139265570992036,8.04e-5,,,,,,7,,0.001,0.05,,variance_burst
,,,,,dma,,,,,rmse,,,0.4089993749700658,0.17268900023594985,0.20251405442238077,0.0014497,,0.9,,,,7,,,,0.995,variance_burst
845297.3593823552,0.00441,0,0.0001,cholesky,adaptive_ridge,110,quadratic_stacked_beta,0.003586,7.820920402463225e-16,rmse,0.000824,1,0.08521443703022151,0.029086432218865782,0.03638938031792793,,,,,,,8,,,,,variance_burst
,8.4e-5,,0.0001,,static_ridge,,,,,rmse,,,0.08293667861467732,0.028801941746641895,0.03592951256499522,,,,,,,8,,,,,variance_burst
,,,0.0,,rolling_ridge,,,,,rmse,,,0.08561099797961116,0.02932519735124866,0.03671039094229331,0.0040688,336,,,,,8,,,,,variance_burst
,,,,,rls,,,,,rmse,,,0.08443750396639178,0.029108306317339804,0.03638950166329774,0.0085942,,0.995,0.1,,,8,,,,,variance_burst
,,,,,hedge,,,,,rmse,,,0.18598307263466526,0.06070246365102925,0.07695738156606158,0.0007646,0,,,1.0,,8,,,,,variance_burst
,,,,,exp3,,,,,rmse,,,0.48938279673000307,0.14650191063117077,0.18810115353294196,0.0013942,,,,,0.1,8,,,,,variance_burst
,,,,,fixed_share,,,,,rmse,,,0.15587694174548297,0.0515736722568618,0.06501217848180117,0.0009996,,,,0.05,,8,0.01,,,,variance_burst
,,,,,passive_aggressive,,,,,rmse,,,0.0893756688552046,0.03150554484809149,0.03924689266381534,0.0001948,,,,,,8,,0.001,0.01,,variance_burst
,,,,,dma,,,,,rmse,,,0.26215185308756744,0.09911893017529079,0.11973805676507321,0.0022164,,0.9,,,,8,,,,0.995,variance_burst
1.0188312942603366e6,0.0068254000000000006,0,0.0001,cholesky,adaptive_ridge,110,quadratic_stacked_beta,0.0055925,8.244080544924966e-16,rmse,0.0012329,1,0.08837026351930274,0.029877449808038598,0.037643874593058416,,,,,,,9,,,,,variance_burst
,8.85e-5,,0.0001,,static_ridge,,,,,rmse,,,0.08452257124778419,0.02852598691427211,0.036298590733057114,,,,,,,9,,,,,variance_burst
,,,0.0001,,rolling_ridge,,,,,rmse,,,0.08722892985006878,0.029118943670004786,0.03679078723588976,0.0079946,336,,,,,9,,,,,variance_burst
,,,,,rls,,,,,rmse,,,0.08651337483863669,0.028944780791176534,0.036558530477066566,0.0223341,,0.995,0.1,,,9,,,,,variance_burst
,,,,,hedge,,,,,rmse,,,0.2526736993665663,0.10116638102065235,0.12089193491444715,0.0018143,0,,,1.0,,9,,,,,variance_burst
,,,,,exp3,,,,,rmse,,,0.5524650429547581,0.16902706064146905,0.209833044952579,0.0119174,,,,,0.1,9,,,,,variance_burst
,,,,,fixed_share,,,,,rmse,,,0.19047045242371918,0.08746675922547666,0.10019809910434437,0.0014367,,,,0.05,,9,0.005,,,,variance_burst
,,,,,passive_aggressive,,,,,rmse,,,0.10737122051407264,0.0360624258347537,0.045360101538474695,0.0001585,,,,,,9,,0.1,0.05,,variance_burst
,,,,,dma,,,,,rmse,,,0.20341914462804028,0.12093327441812124,0.12772977869222038,0.0013889,,0.9,,,,9,,,,0.995,variance_burst
297800.69230836694,0.0039438,0,0.0001,cholesky,adaptive_ridge,110,quadratic_stacked_beta,0.0031094,7.8055617216629715e-16,rmse,0.0008344,1,0.1259478630662603,0.04351406494187156,0.05409494149733959,,,,,,,10,,,,,variance_burst
,0.0001418,,0.0,,static_ridge,,,,,rmse,,,0.12371231939154345,0.041971808418109866,0.05261232718467224,,,,,,,10,,,,,variance_burst
,,,0.0001,,rolling_ridge,,,,,rmse,,,0.12923850451517688,0.042694180115667675,0.05382415746018087,0.0077205,336,,,,,10,,,,,variance_burst
,,,,,rls,,,,,rmse,,,0.12658726724675165,0.042195015812288045,0.053099786025039,0.0088602,,0.995,1.0e-6,,,10,,,,,variance_burst
,,,,,hedge,,,,,rmse,,,0.22474725873225215,0.07680603792088803,0.09696114012383937,0.0016688,168,,,0.01,,10,,,,,variance_burst
,,,,,exp3,,,,,rmse,,,0.6315975836602196,0.19972464566363612,0.25047385403374,0.0010739,,,,,0.1,10,,,,,variance_burst
,,,,,fixed_share,,,,,rmse,,,0.22458028461445412,0.07687879285691296,0.09703322717825179,0.0008643,,,,0.01,,10,0.1,,,,variance_burst
,,,,,passive_aggressive,,,,,rmse,,,0.13951686292703872,0.0450148373310038,0.057107109819104,0.0001843,,,,,,10,,0.01,0.05,,variance_burst
,,,,,dma,,,,,rmse,,,0.35892777760732314,0.14572930243122673,0.1735383269022505,0.0017798,,0.9,,,,10,,,,0.9,variance_burst
302515.936254439,0.015269,0,0.001,cholesky,adaptive_ridge,110,quadratic_stacked_beta,0.0143962,7.469374178768919e-16,rmse,0.0008728,1,0.1851480258160631,0.0629849763575015,0.07905536465195234,,,,,,,11,,,,,variance_burst
,0.0001049,,0.0,,static_ridge,,,,,rmse,,,0.18074155968294278,0.061221890649091074,0.07754129808770381,,,,,,,11,,,,,variance_burst
,,,0.001,,rolling_ridge,,,,,rmse,,,0.1857809592726781,0.06085866542147431,0.07685381146101286,0.0108708,72,,,,,11,,,,,variance_burst
,,,,,rls,,,,,rmse,,,0.18295880333282838,0.057597047996162845,0.0739545569104973,0.0026749,,0.95,0.1,,,11,,,,,variance_burst
,,,,,hedge,,,,,rmse,,,0.23359402360003625,0.08055064674222759,0.10055792110868479,0.0022561,24,,,1.0,,11,,,,,variance_burst
,,,,,exp3,,,,,rmse,,,0.6480731421942723,0.1934048050928753,0.2513517954438165,0.001181,,,,,0.1,11,,,,,variance_burst
,,,,,fixed_share,,,,,rmse,,,0.21618953290044085,0.07210364881723817,0.0908439349144857,0.0019522,,,,0.05,,11,0.01,,,,variance_burst
,,,,,passive_aggressive,,,,,rmse,,,0.18537963067056126,0.060098026763061245,0.07674168255271879,0.0001913,,,,,,11,,0.01,0.05,,variance_burst
,,,,,dma,,,,,rmse,,,0.3406745458628075,0.11972947409594206,0.14928952841449084,0.0014953,,0.9,,,,11,,,,0.995,variance_burst
63828.105895780885,0.0146843,0,0.001,cholesky,adaptive_ridge,110,quadratic_stacked_beta,0.0137672,5.948893921251893e-16,rmse,0.0009171,1,0.14774415516009337,0.05034295846107355,0.06324027306558712,,,,,,,12,,,,,variance_burst
,9.29e-5,,0.001,,static_ridge,,,,,rmse,,,0.14234401773669508,0.048649443226399344,0.061324199767620255,,,,,,,12,,,,,variance_burst
,,,0.001,,rolling_ridge,,,,,rmse,,,0.1454476433457973,0.04950752994604025,0.06245444527581194,0.0044855,336,,,,,12,,,,,variance_burst
,,,,,rls,,,,,rmse,,,0.14385797202172354,0.04896228538739578,0.06168318522716362,0.0033604,,0.995,0.1,,,12,,,,,variance_burst
,,,,,hedge,,,,,rmse,,,0.21533886798503346,0.07804651391803968,0.09683236706154187,0.0009813,336,,,1.0,,12,,,,,variance_burst
,,,,,exp3,,,,,rmse,,,0.5707886968129785,0.17721568773512184,0.22578622445592667,0.0012431,,,,,0.1,12,,,,,variance_burst
,,,,,fixed_share,,,,,rmse,,,0.18632314657870575,0.066883780229375,0.08294931925033926,0.0010643,,,,0.1,,12,0.01,,,,variance_burst
,,,,,passive_aggressive,,,,,rmse,,,0.15559510911680602,0.05216309582345252,0.06550394424837874,0.0001318,,,,,,12,,0.01,0.1,,variance_burst
,,,,,dma,,,,,rmse,,,0.28827721957317387,0.09751845368625328,0.12316874381369394,0.0013862,,0.9,,,,12,,,,0.995,variance_burst
9.066815720697519e8,0.0041292,0,0.0,cholesky,adaptive_ridge,110,quadratic_stacked_beta,0.003259,9.284644544126214e-16,rmse,0.0008702,1,0.01849926887317055,0.006321311054975869,0.007897965295904898,,,,,,,13,,,,,variance_burst
,9.38e-5,,0.0,,static_ridge,,,,,rmse,,,0.018094414175067238,0.006135293399730953,0.007700472454401712,,,,,,,13,,,,,variance_burst
,,,0.0,,rolling_ridge,,,,,rmse,,,0.018490699569412402,0.006278641480788802,0.007852164969880298,0.0108245,336,,,,,13,,,,,variance_burst
,,,,,rls,,,,,rmse,,,0.018465563457954918,0.006238105744396455,0.007801967115179602,0.0075112,,0.995,1.0e-6,,,13,,,,,variance_burst
,,,,,hedge,,,,,rmse,,,0.1967817494872488,0.07000938753602369,0.08688576723767838,0.0008244,0,,,1.0,,13,,,,,variance_burst
,,,,,exp3,,,,,rmse,,,0.5325224797347632,0.14432010352841423,0.18399340853917767,0.0010125,,,,,0.1,13,,,,,variance_burst
,,,,,fixed_share,,,,,rmse,,,0.11957841908123548,0.05005695754189325,0.05921403941659386,0.0008159,,,,0.25,,13,0.02,,,,variance_burst
,,,,,passive_aggressive,,,,,rmse,,,0.04700367905279976,0.014655788440778337,0.018728845174046334,0.0001671,,,,,,13,,0.1,0.0,,variance_burst
,,,,,dma,,,,,rmse,,,0.11329765234211871,0.0911612468775544,0.09189871625519233,0.0014874,,0.9,,,,13,,,,0.995,variance_burst
2.298914707811206e7,0.0115104,0,0.0001,cholesky,adaptive_ridge,110,quadratic_stacked_beta,0.0106551,1.1169248504160126e-15,rmse,0.0008553,1,0.22279863318851206,0.08064059223808767,0.1001784903649412,,,,,,,14,,,,,variance_burst
,8.51e-5,,0.0001,,static_ridge,,,,,rmse,,,0.21465277708808939,0.07847051562550306,0.09695276985618971,,,,,,,14,,,,,variance_burst
,,,0.0001,,rolling_ridge,,,,,rmse,,,0.22131209531149487,0.057796091503588005,0.08023105377588229,0.0028648,24,,,,,14,,,,,variance_burst
,,,,,rls,,,,,rmse,,,0.20537179517032073,0.05441605330967037,0.07503808871028168,0.0073868,,0.9,1.0e-6,,,14,,,,,variance_burst
,,,,,hedge,,,,,rmse,,,0.31518693710658424,0.1165795959186233,0.1424351676743701,0.000795,0,,,0.01,,14,,,,,variance_burst
,,,,,exp3,,,,,rmse,,,0.6350621019451299,0.25872411862380773,0.28407707553699957,0.0017437,,,,,0.2,14,,,,,variance_burst
,,,,,fixed_share,,,,,rmse,,,0.3153398121724713,0.11699517534216723,0.14281080996306075,0.0009903,,,,0.01,,14,0.1,,,,variance_burst
,,,,,passive_aggressive,,,,,rmse,,,0.23998044363486787,0.07146544253965544,0.0942567789141797,0.0001766,,,,,,14,,0.1,0.05,,variance_burst
,,,,,dma,,,,,rmse,,,0.39031327907298163,0.1933078821200527,0.21088219737146932,0.0014141,,0.9,,,,14,,,,0.995,variance_burst
5.047458458395703e6,0.009897099999999999,0,0.0001,cholesky,adaptive_ridge,110,quadratic_stacked_beta,0.008671,7.06982822894548e-16,rmse,0.0012261,1,0.032190786160062226,0.010590675856951589,0.01343539202570894,,,,,,,15,,,,,variance_burst
,8.11e-5,,1.0e-6,,static_ridge,,,,,rmse,,,0.03111370666836578,0.010223490690130324,0.013008776349532153,,,,,,,15,,,,,variance_burst
,,,0.0,,rolling_ridge,,,,,rmse,,,0.03193541097168495,0.010400861119901971,0.01321491835057844,0.0063017,336,,,,,15,,,,,variance_burst
,,,,,rls,,,,,rmse,,,0.03191003062486573,0.010433138221443075,0.013248991696560864,0.0094934,,0.995,1.0e-6,,,15,,,,,variance_burst
,,,,,hedge,,,,,rmse,,,0.35640728682587935,0.17501738686947904,0.19526648303405264,0.0009301,336,,,1.0,,15,,,,,variance_burst
,,,,,exp3,,,,,rmse,,,0.5695642913783905,0.06347779917722947,0.15359383143743432,0.0010309,,,,,0.1,15,,,,,variance_burst
,,,,,fixed_share,,,,,rmse,,,0.03396690080070544,0.011316829326353152,0.014331723156359985,0.0020813,,,,1.0,,15,0.01,,,,variance_burst
,,,,,passive_aggressive,,,,,rmse,,,0.0372785534031211,0.012787475694384771,0.015902652118400928,0.0001834,,,,,,15,,0.01,0.01,,variance_burst
,,,,,dma,,,,,rmse,,,0.0409083492441798,0.014657353952999257,0.017983104722024183,0.0025672,,0.995,,,,15,,,,0.995,variance_burst
518880.57376136445,0.0101347,0,0.0,cholesky,adaptive_ridge,110,quadratic_stacked_beta,0.0093075,6.905980783029543e-16,rmse,0.0008272,1,0.10475614943937595,0.036513513242298956,0.04527397536789043,,,,,,,16,,,,,variance_burst
,9.74e-5,,0.0,,static_ridge,,,,,rmse,,,0.10218582693676506,0.035617889168332244,0.044281230050771836,,,,,,,16,,,,,variance_burst
,,,1.0e-6,,rolling_ridge,,,,,rmse,,,0.10385800689271747,0.03616633258417679,0.045118593888088414,0.0060748,336,,,,,16,,,,,variance_burst
,,,,,rls,,,,,rmse,,,0.1030217910388729,0.035859325793456985,0.04464448612956165,0.0024495,,0.995,1.0e-6,,,16,,,,,variance_burst
,,,,,hedge,,,,,rmse,,,0.2496602240892309,0.09784393816210227,0.11770453723869041,0.0025337,336,,,1.0,,16,,,,,variance_burst
,,,,,exp3,,,,,rmse,,,0.6192010972459584,0.19437307032763307,0.24182347455247244,0.0223929,,,,,0.1,16,,,,,variance_burst
,,,,,fixed_share,,,,,rmse,,,0.20660415863480971,0.07668916864434351,0.09314320956998795,0.0019599,,,,0.05,,16,0.01,,,,variance_burst
,,,,,passive_aggressive,,,,,rmse,,,0.11222426106080491,0.0388267093045674,0.0486209964513419,0.0001645,,,,,,16,,0.01,0.05,,variance_burst
,,,,,dma,,,,,rmse,,,0.3160768501767574,0.1335797510739295,0.15573289493271025,0.0015385,,0.9,,,,16,,,,0.995,variance_burst
2.500734700599207e10,0.0040894,0,0.0,cholesky,adaptive_ridge,110,quadratic_stacked_beta,0.0033079,7.939720810146454e-16,rmse,0.0007815,1,0.0029666918358251105,0.0010410898763670083,0.0012982514789483153,,,,,,,17,,,,,variance_burst
,0.0001027,,0.0,,static_ridge,,,,,rmse,,,0.0028706048831535127,0.0010291951991356393,0.0012766221765175747,,,,,,,17,,,,,variance_burst
,,,0.0,,rolling_ridge,,,,,rmse,,,0.002908485093332228,0.0010467876711317179,0.0012955834079735847,0.0107965,336,,,,,17,,,,,variance_burst
,,,,,rls,,,,,rmse,,,0.002888316867255477,0.0010401924323226426,0.0012903988683303411,0.0038867,,0.995,0.1,,,17,,,,,variance_burst
,,,,,hedge,,,,,rmse,,,0.21281273581063664,0.07937855756890486,0.09677413138614017,0.0009499,72,,,1.0,,17,,,,,variance_burst
,,,,,exp3,,,,,rmse,,,0.5527922691133564,0.15002619262018543,0.18909132976241544,0.0009964,,,,,0.1,17,,,,,variance_burst
,,,,,fixed_share,,,,,rmse,,,0.1852031327807699,0.0739372303258169,0.08831296859596514,0.0004764,,,,0.05,,17,0.01,,,,variance_burst
,,,,,passive_aggressive,,,,,rmse,,,0.07568008973188776,0.023536160889284705,0.030164063949379417,0.0001745,,,,,,17,,1.0,0.0,,variance_burst
,,,,,dma,,,,,rmse,,,0.15549464005861288,0.11184961914644896,0.11458580993027653,0.0014573,,0.9,,,,17,,,,0.995,variance_burst
927374.6673565926,0.0044312,0,0.0,cholesky,adaptive_ridge,110,quadratic_stacked_beta,0.0034595,7.529019643645018e-16,rmse,0.0009717,1,0.07269776956591963,0.025814473085842636,0.032012818896189905,,,,,,,18,,,,,variance_burst
,0.0001055,,0.0,,static_ridge,,,,,rmse,,,0.07316206851497782,0.0254582970457493,0.03147715858208943,,,,,,,18,,,,,variance_burst
,,,0.0001,,rolling_ridge,,,,,rmse,,,0.07298702482517731,0.02587470904002094,0.03186895406312058,0.0099006,336,,,,,18,,,,,variance_burst
,,,,,rls,,,,,rmse,,,0.072980796227317,0.025787300477929497,0.031710235013559185,0.0092528,,0.995,1.0e-6,,,18,,,,,variance_burst
,,,,,hedge,,,,,rmse,,,0.2762838501165232,0.10977712363367811,0.131407539872133,0.0007501,0,,,1.0,,18,,,,,variance_burst
,,,,,exp3,,,,,rmse,,,0.6540183514730137,0.21050136337053352,0.2505885619951183,0.0012284,,,,,0.1,18,,,,,variance_burst
,,,,,fixed_share,,,,,rmse,,,0.12520527617136307,0.04739353172007493,0.057831195537714125,0.0009889,,,,0.1,,18,0.01,,,,variance_burst
,,,,,passive_aggressive,,,,,rmse,,,0.084194979400819,0.030516656855520265,0.03780599212172012,0.0001543,,,,,,18,,0.1,0.05,,variance_burst
,,,,,dma,,,,,rmse,,,0.223821838862943,0.15079270056927876,0.15688412687566655,0.0063081,,0.9,,,,18,,,,0.995,variance_burst
30605.278973861266,0.0140045,0,0.001,cholesky,adaptive_ridge,110,quadratic_stacked_beta,0.0031955,5.750418625236549e-16,rmse,0.010809,1,0.16254235934890798,0.05298493488231253,0.06728056771664358,,,,,,,19,,,,,variance_burst
,8.55e-5,,0.001,,static_ridge,,,,,rmse,,,0.15533361383705396,0.05190725005791426,0.06556688181190112,,,,,,,19,,,,,variance_burst
,,,0.0,,rolling_ridge,,,,,rmse,,,0.1610172687163871,0.05284972833392296,0.06679291246244314,0.0096298,336,,,,,19,,,,,variance_burst
,,,,,rls,,,,,rmse,,,0.1573216623697441,0.052268921447279126,0.06591236842727792,0.0037475,,0.995,0.1,,,19,,,,,variance_burst
,,,,,hedge,,,,,rmse,,,0.22821771997354787,0.08131722148104745,0.1009018963040619,0.0007195,0,,,1.0,,19,,,,,variance_burst
,,,,,exp3,,,,,rmse,,,0.6204998738365741,0.21110792949141396,0.2600680660374753,0.0010677,,,,,0.1,19,,,,,variance_burst
,,,,,fixed_share,,,,,rmse,,,0.18509761514484196,0.06429432044701662,0.08009541640499775,0.0072931,,,,0.05,,19,0.005,,,,variance_burst
,,,,,passive_aggressive,,,,,rmse,,,0.16553539554241845,0.05391726549794541,0.06891790310676242,0.0001356,,,,,,19,,0.01,0.1,,variance_burst
,,,,,dma,,,,,rmse,,,0.3367690615191531,0.10796282998832869,0.1360678146316351,0.002028,,0.9,,,,19,,,,0.995,variance_burst
188269.81971660675,0.0040804000000000005,0,0.001,cholesky,adaptive_ridge,110,quadratic_stacked_beta,0.0032563,8.083923074757517e-16,rmse,0.0008241,1,0.10522385141240934,0.036121366184082765,0.045321798050457066,,,,,,,20,,,,,variance_burst
,0.0001524,,0.0001,,static_ridge,,,,,rmse,,,0.10455190669420242,0.035367327727280594,0.044494279894248825,,,,,,,20,,,,,variance_burst
,,,0.0001,,rolling_ridge,,,,,rmse,,,0.10541972653289726,0.035827882120889984,0.0450529319576222,0.011788,336,,,,,20,,,,,variance_burst
,,,,,rls,,,,,rmse,,,0.10504751414668054,0.03552096410657868,0.04480179053529749,0.0187774,,0.995,1.0e-6,,,20,,,,,variance_burst
,,,,,hedge,,,,,rmse,,,0.22077896449964424,0.07600254522936127,0.09483581359345475,0.0107337,336,,,1.0,,20,,,,,variance_burst
,,,,,exp3,,,,,rmse,,,0.5765323041120851,0.21052972581581147,0.24677140092587918,0.0015381,,,,,0.1,20,,,,,variance_burst
,,,,,fixed_share,,,,,rmse,,,0.1860276686888693,0.0732359400364675,0.08775626631770717,0.0010427,,,,0.1,,20,0.01,,,,variance_burst
,,,,,passive_aggressive,,,,,rmse,,,0.11701813044223267,0.03910135896947122,0.04903440542082847,0.0001806,,,,,,20,,0.01,0.05,,variance_burst
,,,,,dma,,,,,rmse,,,0.2566592159670699,0.10316379117834315,0.12353256125866964,0.0017087,,0.9,,,,20,,,,0.995,variance_burst
116662.12202033124,0.0056577,0,0.001,cholesky,adaptive_ridge,110,quadratic_stacked_beta,0.0047663,6.50667003946661e-16,rmse,0.0008914,1,0.15288562147555662,0.0528143072079624,0.0659886561988991,,,,,,,21,,,,,variance_burst
,9.71e-5,,0.001,,static_ridge,,,,,rmse,,,0.1459327403168122,0.05040782984270499,0.06292329526729794,,,,,,,21,,,,,variance_burst
,,,0.0,,rolling_ridge,,,,,rmse,,,0.1492557466906571,0.052778336742760626,0.06548120239891968,0.0107041,336,,,,,21,,,,,variance_burst
,,,,,rls,,,,,rmse,,,0.145468761058374,0.051251490579767245,0.06367202464866176,0.0076764,,0.995,0.1,,,21,,,,,variance_burst
,,,,,hedge,,,,,rmse,,,0.27046803400979125,0.12888230276724716,0.14473290541721215,0.0007799,0,,,1.0,,21,,,,,variance_burst
,,,,,exp3,,,,,rmse,,,0.5932172970778677,0.18336211132202662,0.22923869848835993,0.0012301,,,,,0.1,21,,,,,variance_burst
,,,,,fixed_share,,,,,rmse,,,0.20881152233089517,0.08930788375065725,0.10455941909740972,0.0012415,,,,0.05,,21,0.005,,,,variance_burst
,,,,,passive_aggressive,,,,,rmse,,,0.15190784474394298,0.053066299685280316,0.06574358635726585,0.0001417,,,,,,21,,0.01,0.1,,variance_burst
,,,,,dma,,,,,rmse,,,0.28306912214401736,0.11140279070106811,0.13386116580068205,0.0015247,,0.9,,,,21,,,,0.995,variance_burst
1.15661323791004e7,0.0043958,0,0.0001,cholesky,adaptive_ridge,110,quadratic_stacked_beta,0.0034163,6.048528837000163e-16,rmse,0.0009795,1,0.05965844135056877,0.020265376944305417,0.025393152637595427,,,,,,,22,,,,,variance_burst
,8.85e-5,,1.0e-6,,static_ridge,,,,,rmse,,,0.058218160901590384,0.019605325558333612,0.024756476247418398,,,,,,,22,,,,,variance_burst
,,,0.0001,,rolling_ridge,,,,,rmse,,,0.05890832901806506,0.019923384884312802,0.025064563454069117,0.0060733,336,,,,,22,,,,,variance_burst
,,,,,rls,,,,,rmse,,,0.05868382127232264,0.019822247296573666,0.02486651843408677,0.0068945,,0.995,0.1,,,22,,,,,variance_burst
,,,,,hedge,,,,,rmse,,,0.16658000233783476,0.05793848310949949,0.07237982017227025,0.0007286,0,,,1.0,,22,,,,,variance_burst
,,,,,exp3,,,,,rmse,,,0.41697956774724415,0.08531817342135886,0.13431575485202507,0.0009676,,,,,0.1,22,,,,,variance_burst
,,,,,fixed_share,,,,,rmse,,,0.07981527057920546,0.027281990342115446,0.03409772096016636,0.0008667,,,,0.1,,22,0.005,,,,variance_burst
,,,,,passive_aggressive,,,,,rmse,,,0.07389582991207305,0.023377779354381144,0.029927731726198947,0.0001833,,,,,,22,,0.01,0.01,,variance_burst
,,,,,dma,,,,,rmse,,,0.10010419677683585,0.03417741212929996,0.04288401285160859,0.0013876,,0.9,,,,22,,,,0.9,variance_burst
691146.1066744322,0.0041942,0,0.001,cholesky,adaptive_ridge,110,quadratic_stacked_beta,0.0033455,7.11904814469955e-16,rmse,0.0008487,1,0.08499395485358256,0.028857784242823693,0.036165748655746885,,,,,,,23,,,,,variance_burst
,8.52e-5,,0.0,,static_ridge,,,,,rmse,,,0.08285544660357068,0.028091329039921335,0.03513101766343342,,,,,,,23,,,,,variance_burst
,,,0.0,,rolling_ridge,,,,,rmse,,,0.08438616636233834,0.028820899574463894,0.03582300738600271,0.0090516,336,,,,,23,,,,,variance_burst
,,,,,rls,,,,,rmse,,,0.0840610435869247,0.02863081542353919,0.03568578962173307,0.0067562,,0.995,1.0e-6,,,23,,,,,variance_burst
,,,,,hedge,,,,,rmse,,,0.24825824224813695,0.08728338545949481,0.10879549631206567,0.0019214,168,,,0.01,,23,,,,,variance_burst
,,,,,exp3,,,,,rmse,,,0.7427600099622574,0.3632922767709817,0.389499424786818,0.0009378,,,,,0.2,23,,,,,variance_burst
,,,,,fixed_share,,,,,rmse,,,0.24883933329063673,0.08757095805239473,0.10916639228217791,0.0004931,,,,0.01,,23,0.1,,,,variance_burst
,,,,,passive_aggressive,,,,,rmse,,,0.09147257739558758,0.03156718797955493,0.03917037583203863,0.0001443,,,,,,23,,0.01,0.05,,variance_burst
,,,,,dma,,,,,rmse,,,0.4534299540080447,0.2719839276272488,0.2877378707099929,0.0013781,,0.9,,,,23,,,,0.98,variance_burst
1.8404055766582455e7,0.040895,0,1.0e-6,cholesky,adaptive_ridge,110,quadratic_stacked_beta,0.0035279,6.585006658909208e-16,rmse,0.0373671,1,0.0817467059705805,0.027225450319355502,0.03448624770632108,,,,,,,24,,,,,variance_burst
,0.0001831,,0.0,,static_ridge,,,,,rmse,,,0.078585510005693,0.026493943590038448,0.03357101436546541,,,,,,,24,,,,,variance_burst
,,,0.0001,,rolling_ridge,,,,,rmse,,,0.0807416067216668,0.026609425290434915,0.03393049498951156,0.0068895,72,,,,,24,,,,,variance_burst
,,,,,rls,,,,,rmse,,,0.07922223175596767,0.026564791784844402,0.03370967772016801,0.0088768,,0.995,0.1,,,24,,,,,variance_burst
,,,,,hedge,,,,,rmse,,,0.3079647107168986,0.1460223882703541,0.16343342786102855,0.0025126,336,,,1.0,,24,,,,,variance_burst
,,,,,exp3,,,,,rmse,,,0.5318890828348681,0.1837890389683901,0.2168978000465577,0.0012626,,,,,0.05,24,,,,,variance_burst
,,,,,fixed_share,,,,,rmse,,,0.1653366180757722,0.07530801223589938,0.08589218715739377,0.0009622,,,,0.5,,24,0.01,,,,variance_burst
,,,,,passive_aggressive,,,,,rmse,,,0.09309498378304848,0.030188438427603614,0.03834770834788477,0.005436,,,,,,24,,0.01,0.05,,variance_burst
,,,,,dma,,,,,rmse,,,0.23004577030795212,0.07786042028515915,0.09749155490941841,0.0070745,,0.9,,,,24,,,,0.995,variance_burst
6.568384925252354e9,0.004099,0,0.0,cholesky,adaptive_ridge,110,quadratic_stacked_beta,0.0032846,7.6407431016527e-16,rmse,0.0008144,1,0.008641637155250313,0.002962160113987835,0.0037230760582808724,,,,,,,25,,,,,variance_burst
,9.27e-5,,0.0,,static_ridge,,,,,rmse,,,0.008431030823137535,0.0029020234582116384,0.0036516137044763385,,,,,,,25,,,,,variance_burst
,,,0.0,,rolling_ridge,,,,,rmse,,,0.008468582251990611,0.0029700487599183746,0.0037257854386699247,0.0085614,336,,,,,25,,,,,variance_burst
,,,,,rls,,,,,rmse,,,0.008421064787162957,0.0029551543834789532,0.0037024004700971793,0.0282463,,0.995,1.0e-6,,,25,,,,,variance_burst
,,,,,hedge,,,,,rmse,,,0.2712105363659625,0.1292827714034772,0.1463780683819619,0.0008237,0,,,1.0,,25,,,,,variance_burst
,,,,,exp3,,,,,rmse,,,0.5125951059539869,0.16716194834570827,0.20113775468594622,0.0075606,,,,,0.1,25,,,,,variance_burst
,,,,,fixed_share,,,,,rmse,,,0.1356293353636682,0.04867228714443505,0.06054792216806013,0.0014184,,,,0.25,,25,0.02,,,,variance_burst
,,,,,passive_aggressive,,,,,rmse,,,0.08110707844481237,0.025581104339620016,0.032742007377537616,0.0001752,,,,,,25,,1.0,0.0,,variance_burst
,,,,,dma,,,,,rmse,,,0.2364884960626453,0.07896232896584804,0.09991631829150709,0.0014971,,0.9,,,,25,,,,0.9,variance_burst
28976.790134188846,0.005202399999999999,0,0.01,cholesky,adaptive_ridge,110,quadratic_stacked_beta,0.004251,5.862954748986762e-16,rmse,0.0009514,1,0.1278301969022022,0.04425457086823014,0.055539878207966895,,,,,,,26,,,,,variance_burst
,9.02e-5,,0.001,,static_ridge,,,,,rmse,,,0.12357451667673965,0.04289862232723099,0.053768242184151716,,,,,,,26,,,,,variance_burst
,,,0.001,,rolling_ridge,,,,,rmse,,,0.1256724606629135,0.04353128991484974,0.05456585953757429,0.0111881,336,,,,,26,,,,,variance_burst
,,,,,rls,,,,,rmse,,,0.12487370434546032,0.04336976496135871,0.054343725828602536,0.0264398,,0.995,0.1,,,26,,,,,variance_burst
,,,,,hedge,,,,,rmse,,,0.17263247684152483,0.05829878531545552,0.07349637511526509,0.0015342,0,,,1.0,,26,,,,,variance_burst
,,,,,exp3,,,,,rmse,,,0.5861695794914985,0.1489781965586686,0.2051447679181853,0.0010234,,,,,0.2,26,,,,,variance_burst
,,,,,fixed_share,,,,,rmse,,,0.16336800164027193,0.054823403496765045,0.06895844540821054,0.0009224,,,,0.05,,26,0.02,,,,variance_burst
,,,,,passive_aggressive,,,,,rmse,,,0.12917994902014437,0.04492317058005919,0.05628712177848052,0.0001816,,,,,,26,,0.001,0.01,,variance_burst
,,,,,dma,,,,,rmse,,,0.2802900899031456,0.1039219236928504,0.12774176727780523,0.0016305,,0.9,,,,26,,,,0.995,variance_burst
1.4212782032391175e6,0.023480400000000002,0,0.0,cholesky,adaptive_ridge,110,quadratic_stacked_beta,0.0226387,8.831497490393239e-16,rmse,0.0008417,1,0.07932924058525247,0.02789312155031729,0.034708683144111775,,,,,,,27,,,,,variance_burst
,0.0001337,,0.0,,static_ridge,,,,,rmse,,,0.07856656366142947,0.02721774741467199,0.03397562597223972,,,,,,,27,,,,,variance_burst
,,,0.0,,rolling_ridge,,,,,rmse,,,0.07950440582237744,0.027830240758879646,0.03461312508280214,0.0100869,336,,,,,27,,,,,variance_burst
,,,,,rls,,,,,rmse,,,0.07869242679388011,0.027512371298090386,0.034286757395999595,0.0100104,,0.995,1.0e-6,,,27,,,,,variance_burst
,,,,,hedge,,,,,rmse,,,0.20883010957887835,0.07751316354106326,0.09436017316426139,0.0010405,336,,,1.0,,27,,,,,variance_burst
,,,,,exp3,,,,,rmse,,,0.5213901205197591,0.1365000993656001,0.18886710488506261,0.0012288,,,,,0.1,27,,,,,variance_burst
,,,,,fixed_share,,,,,rmse,,,0.1214653633334753,0.043031852323251026,0.05344044692491865,0.0018501,,,,0.05,,27,0.01,,,,variance_burst
,,,,,passive_aggressive,,,,,rmse,,,0.09213117366145865,0.030529611802837368,0.03835226342621847,0.0001551,,,,,,27,,0.1,0.05,,variance_burst
,,,,,dma,,,,,rmse,,,0.20923964099366224,0.07766971641479635,0.09492192776843765,0.0015703,,0.9,,,,27,,,,0.95,variance_burst
124064.18041597234,0.0056968,0,0.001,cholesky,adaptive_ridge,110,quadratic_stacked_beta,0.004378,6.580618116829679e-16,rmse,0.0013188,1,0.15440187949938142,0.051006422804936974,0.06476410775565133,,,,,,,28,,,,,variance_burst
,8.19e-5,,0.001,,static_ridge,,,,,rmse,,,0.14954097408194456,0.04970641076588338,0.0632210988516173,,,,,,,28,,,,,variance_burst
,,,0.0001,,rolling_ridge,,,,,rmse,,,0.15311907052678908,0.05205454154526135,0.06527011428711925,0.0096757,168,,,,,28,,,,,variance_burst
,,,,,rls,,,,,rmse,,,0.1506834382027022,0.050062582848558815,0.06370747661721589,0.0108654,,0.995,0.1,,,28,,,,,variance_burst
,,,,,hedge,,,,,rmse,,,0.23254261069428014,0.07872840070314906,0.09864920924392227,0.0007276,0,,,1.0,,28,,,,,variance_burst
,,,,,exp3,,,,,rmse,,,0.6039350046063108,0.14165779326844793,0.2012402833113549,0.001202,,,,,0.1,28,,,,,variance_burst
,,,,,fixed_share,,,,,rmse,,,0.1885811373182311,0.0753408436238832,0.0898882263121884,0.0014263,,,,0.1,,28,0.01,,,,variance_burst
,,,,,passive_aggressive,,,,,rmse,,,0.1626067261126079,0.054464163571689296,0.06813460209281941,0.0002019,,,,,,28,,0.01,0.05,,variance_burst
,,,,,dma,,,,,rmse,,,0.22995256887763638,0.08623720106995908,0.1055145388195849,0.0015326,,0.995,,,,28,,,,0.995,variance_burst
2.442243996730042e6,0.006846100000000001,0,0.001,cholesky,adaptive_ridge,110,quadratic_stacked_beta,0.0056214,7.60307748749037e-16,rmse,0.0012247,1,0.08996575130095819,0.031368373150647395,0.03924646260302016,,,,,,,29,,,,,variance_burst
,9.81e-5,,1.0e-6,,static_ridge,,,,,rmse,,,0.08764362286830835,0.030397472279775354,0.038128080517559955,,,,,,,29,,,,,variance_burst
,,,0.0001,,rolling_ridge,,,,,rmse,,,0.08820700890794925,0.031127756866618686,0.03879632646326263,0.0048407,336,,,,,29,,,,,variance_burst
,,,,,rls,,,,,rmse,,,0.08727733234755616,0.030664032429598705,0.03824806232254482,0.0030401,,0.995,1.0e-6,,,29,,,,,variance_burst
,,,,,hedge,,,,,rmse,,,0.17126085557043338,0.057070702104781296,0.07213907215018481,0.0007898,0,,,1.0,,29,,,,,variance_burst
,,,,,exp3,,,,,rmse,,,0.5378592936279206,0.13283986826669927,0.18505949117470408,0.0009121,,,,,0.1,29,,,,,variance_burst
,,,,,fixed_share,,,,,rmse,,,0.1393509140772468,0.045689849822405454,0.0576678135751594,0.0007498,,,,0.05,,29,0.01,,,,variance_burst
,,,,,passive_aggressive,,,,,rmse,,,0.09848985201618567,0.03348571101583914,0.0418204870607806,0.000241,,,,,,29,,0.01,0.05,,variance_burst
,,,,,dma,,,,,rmse,,,0.20363950475457485,0.08514114376663007,0.10108019824767299,0.0023801,,0.9,,,,29,,,,0.9,variance_burst
144219.7884927762,0.012609500000000001,0,0.0,cholesky,adaptive_ridge,110,quadratic_stacked_beta,0.0109423,6.878882256526002e-16,rmse,0.0016672,1,0.12795493139233025,0.044765602098929984,0.05537773283855238,,,,,,,30,,,,,variance_burst
,0.0001454,,0.0,,static_ridge,,,,,rmse,,,0.12520891326056868,0.04389804344335716,0.0542824377772901,,,,,,,30,,,,,variance_burst
,,,0.0,,rolling_ridge,,,,,rmse,,,0.1281935636312864,0.044818791579475235,0.055589083870901876,0.0151335,336,,,,,30,,,,,variance_burst
,,,,,rls,,,,,rmse,,,0.12670041827781012,0.0443065114662779,0.05503585803830415,0.0529007,,0.995,1.0e-6,,,30,,,,,variance_burst
,,,,,hedge,,,,,rmse,,,0.23578723941904747,0.07821150664249867,0.09970485067554219,0.0009706,24,,,1.0,,30,,,,,variance_burst
,,,,,exp3,,,,,rmse,,,0.6516072548039419,0.20139492897748443,0.25436217168698955,0.0011933,,,,,0.1,30,,,,,variance_burst
,,,,,fixed_share,,,,,rmse,,,0.22003384691566036,0.07325455900580094,0.0921337743072806,0.0067841,,,,0.05,,30,0.01,,,,variance_burst
,,,,,passive_aggressive,,,,,rmse,,,0.1388590229875031,0.04735553722516702,0.05962479231206536,0.0001918,,,,,,30,,0.01,0.05,,variance_burst
,,,,,dma,,,,,rmse,,,0.3817489953518127,0.12802153026445365,0.1607967036499345,0.0016253,,0.9,,,,30,,,,0.9,variance_burst
51573.245764065774,0.0054334,0,0.001,cholesky,adaptive_ridge,110,quadratic_stacked_beta,0.0045216,1.0394468279170309e-15,rmse,0.0009118,1,0.2048962687564883,0.05808866701842129,0.07737553458001338,,,,,,,1,,,,,discrete_gaussian
,5.21e-5,,0.0,,static_ridge,,,,,rmse,,,0.20007073571281306,0.057457296881097165,0.07599785009430941,,,,,,,1,,,,,discrete_gaussian
,,,0.0,,rolling_ridge,,,,,rmse,,,0.19935863484193597,0.05964611718933724,0.07756713008993128,0.0015861,336,,,,,1,,,,,discrete_gaussian
,,,,,rls,,,,,rmse,,,0.19908675567355402,0.058334603274445625,0.07638494784509961,0.0136854,,0.995,1.0e-6,,,1,,,,,discrete_gaussian
,,,,,hedge,,,,,rmse,,,0.4979167566007823,0.19040113586657337,0.23884066516063604,0.0004059,168,,,1.0,,1,,,,,discrete_gaussian
,,,,,exp3,,,,,rmse,,,1.017809181322807,0.24902357917921528,0.34776925662278896,0.0011548,,,,,0.1,1,,,,,discrete_gaussian
,,,,,fixed_share,,,,,rmse,,,0.34519354851975675,0.10605104182688893,0.13735853640398138,0.0152611,,,,0.25,,1,0.02,,,,discrete_gaussian
,,,,,passive_aggressive,,,,,rmse,,,0.19742808315579832,0.061108206602751666,0.07828486049046808,7.26e-5,,,,,,1,,0.001,0.0,,discrete_gaussian
,,,,,dma,,,,,rmse,,,0.5333721963999498,0.16932759217134744,0.21664341749489358,0.000626,,0.9,,,,1,,,,0.98,discrete_gaussian
19952.42212689446,0.0582015,0,0.0001,cholesky,adaptive_ridge,110,quadratic_stacked_beta,0.0017561,9.447731510000532e-16,rmse,0.0564454,1,0.24618688890631774,0.0719585821786861,0.09541627027820333,,,,,,,2,,,,,discrete_gaussian
,5.3e-5,,0.0,,static_ridge,,,,,rmse,,,0.24243041473612378,0.06979664412010962,0.09231748935153582,,,,,,,2,,,,,discrete_gaussian
,,,0.0,,rolling_ridge,,,,,rmse,,,0.247813104566228,0.06991846997282776,0.09396242597421711,0.0044332,336,,,,,2,,,,,discrete_gaussian
,,,,,rls,,,,,rmse,,,0.24846998072428345,0.06902299158202552,0.09316543286802148,0.0016211,,0.995,1.0e-6,,,2,,,,,discrete_gaussian
,,,,,hedge,,,,,rmse,,,0.28340603122798685,0.09775953514662791,0.12132459659113183,0.000413,336,,,0.5,,2,,,,,discrete_gaussian
,,,,,exp3,,,,,rmse,,,1.3081144836692244,0.38448525480807255,0.48713135821660275,0.0004611,,,,,0.2,2,,,,,discrete_gaussian
,,,,,fixed_share,,,,,rmse,,,0.2851981050753556,0.09725903981796145,0.12129327241893349,0.0004318,,,,0.01,,2,0.005,,,,discrete_gaussian
,,,,,passive_aggressive,,,,,rmse,,,0.2429505708051015,0.07168804221788766,0.09416892097475467,8.01e-5,,,,,,2,,0.001,0.01,,discrete_gaussian
,,,,,dma,,,,,rmse,,,0.6576317227224148,0.2200260220494873,0.27076245352747486,0.0006125,,0.9,,,,2,,,,0.995,discrete_gaussian
148329.34247932016,0.0019048,0,0.0,cholesky,adaptive_ridge,110,quadratic_stacked_beta,0.0015323,9.84479644476498e-16,rmse,0.0003725,1,0.21654907418284736,0.07132036980888298,0.08999102830612415,,,,,,,3,,,,,discrete_gaussian
,0.0001075,,0.0,,static_ridge,,,,,rmse,,,0.2115482329292873,0.07070407910947057,0.08897045011096669,,,,,,,3,,,,,discrete_gaussian
,,,0.0001,,rolling_ridge,,,,,rmse,,,0.21674611106372757,0.07401321417531889,0.09224541076144037,0.0482657,336,,,,,3,,,,,discrete_gaussian
,,,,,rls,,,,,rmse,,,0.21451303088267396,0.0718772036623432,0.09011199074913566,0.0025591,,0.995,0.1,,,3,,,,,discrete_gaussian
,,,,,hedge,,,,,rmse,,,0.3689913692361067,0.11778450673537148,0.15181407273787487,0.0008091,0,,,1.0,,3,,,,,discrete_gaussian
,,,,,exp3,,,,,rmse,,,0.9089830469059621,0.21491692122811873,0.29948776777741726,0.0013521,,,,,0.1,3,,,,,discrete_gaussian
,,,,,fixed_share,,,,,rmse,,,0.2615130577314988,0.11924839618775722,0.1341936745370842,0.0028951,,,,0.25,,3,0.02,,,,discrete_gaussian
,,,,,passive_aggressive,,,,,rmse,,,0.2235248308554431,0.07577917893633791,0.09572819098299436,0.00023,,,,,,3,,0.01,0.1,,discrete_gaussian
,,,,,dma,,,,,rmse,,,0.23590212461820187,0.14261404096985789,0.1596735633150299,0.0024404,,0.9,,,,3,,,,0.95,discrete_gaussian
40571.644080533,0.095238,0,0.0,cholesky,adaptive_ridge,110,quadratic_stacked_beta,0.0941302,8.043091977289007e-16,rmse,0.0011078,1,0.24618420141557862,0.06788852208807948,0.09184955381666117,,,,,,,4,,,,,discrete_gaussian
,9.08e-5,,0.0,,static_ridge,,,,,rmse,,,0.23774212988608062,0.06748859269108787,0.08999766989266961,,,,,,,4,,,,,discrete_gaussian
,,,0.001,,rolling_ridge,,,,,rmse,,,0.23475492616162755,0.06984253739996535,0.09215985469324066,0.0494082,336,,,,,4,,,,,discrete_gaussian
,,,,,rls,,,,,rmse,,,0.23617147551784964,0.06883899445364777,0.09117998182368409,0.0088462,,0.995,0.1,,,4,,,,,discrete_gaussian
,,,,,hedge,,,,,rmse,,,0.32925555569845627,0.09921710152988578,0.12931332207412322,0.0007871,0,,,1.0,,4,,,,,discrete_gaussian
,,,,,exp3,,,,,rmse,,,0.9775811957517572,0.25854067393363317,0.3446490516223564,0.0009096,,,,,0.1,4,,,,,discrete_gaussian
,,,,,fixed_share,,,,,rmse,,,0.2718979132541023,0.08862436860052393,0.11216305573871357,0.0007952,,,,0.05,,4,0.01,,,,discrete_gaussian
,,,,,passive_aggressive,,,,,rmse,,,0.2621687073101958,0.0702523700699235,0.09482516129506126,0.0002,,,,,,4,,0.001,0.05,,discrete_gaussian
,,,,,dma,,,,,rmse,,,0.46286797300620575,0.16933635366143232,0.20592725874645926,0.0015277,,0.9,,,,4,,,,0.995,discrete_gaussian
178217.92864666734,0.0047386,0,0.001,cholesky,adaptive_ridge,110,quadratic_stacked_beta,0.0038571,7.472773162455014e-16,rmse,0.0008815,1,0.14546487681749487,0.042057693021909044,0.05588595201641825,,,,,,,5,,,,,discrete_gaussian
,8.49e-5,,0.001,,static_ridge,,,,,rmse,,,0.14114449178050145,0.04166140951953794,0.05483921484709488,,,,,,,5,,,,,discrete_gaussian
,,,1.0e-6,,rolling_ridge,,,,,rmse,,,0.1448046890457383,0.04319981189777347,0.05688444804299701,0.0499536,336,,,,,5,,,,,discrete_gaussian
,,,,,rls,,,,,rmse,,,0.1425082060627531,0.04201973340710986,0.055609368745012856,0.0023181,,0.995,0.1,,,5,,,,,discrete_gaussian
,,,,,hedge,,,,,rmse,,,0.228814313415253,0.07348602320219358,0.09378873634304495,0.0007452,0,,,0.5,,5,,,,,discrete_gaussian
,,,,,exp3,,,,,rmse,,,0.843580673365523,0.20414957788714327,0.29111561428587795,0.001765,,,,,0.1,5,,,,,discrete_gaussian
,,,,,fixed_share,,,,,rmse,,,0.16634582635270154,0.058485724726329305,0.07225455956646272,0.0010621,,,,0.05,,5,0.005,,,,discrete_gaussian
,,,,,passive_aggressive,,,,,rmse,,,0.1599135016122755,0.04634063667109227,0.06102079157265351,0.0001974,,,,,,5,,0.01,0.05,,discrete_gaussian
,,,,,dma,,,,,rmse,,,0.37496321246643904,0.1308927766650317,0.15870457595264217,0.0013182,,0.9,,,,5,,,,0.995,discrete_gaussian
20937.060407105128,0.0049834,0,0.001,cholesky,adaptive_ridge,110,quadratic_stacked_beta,0.003424,9.091821277370887e-16,rmse,0.0015594,1,0.32450552149786044,0.10464757795264616,0.13311570322371072,,,,,,,6,,,,,discrete_gaussian
,8.73e-5,,0.0,,static_ridge,,,,,rmse,,,0.31596837719332366,0.10123298773062336,0.12868060047979332,,,,,,,6,,,,,discrete_gaussian
,,,0.0,,rolling_ridge,,,,,rmse,,,0.3269008301680137,0.10421706418602628,0.13319823654780646,0.0088241,336,,,,,6,,,,,discrete_gaussian
,,,,,rls,,,,,rmse,,,0.3191057762340722,0.10219630062004563,0.130523699231609,0.0023627,,0.995,0.1,,,6,,,,,discrete_gaussian
,,,,,hedge,,,,,rmse,,,0.47824492642196204,0.16292779649965206,0.205151813055693,0.0010498,336,,,1.0,,6,,,,,discrete_gaussian
,,,,,exp3,,,,,rmse,,,1.228681865897419,0.3602382670292247,0.4789411004975108,0.0010294,,,,,0.1,6,,,,,discrete_gaussian
,,,,,fixed_share,,,,,rmse,,,0.4360765900862086,0.1408783681519648,0.1797593514004304,0.0008396,,,,0.1,,6,0.005,,,,discrete_gaussian
,,,,,passive_aggressive,,,,,rmse,,,0.31369667989392125,0.10445847342910429,0.13189096778332993,0.0002075,,,,,,6,,0.001,0.05,,discrete_gaussian
,,,,,dma,,,,,rmse,,,0.6635028713225719,0.19681563209894057,0.2600042743278608,0.0025041,,0.9,,,,6,,,,0.995,discrete_gaussian
7352.835595926864,0.0044197,0,0.001,cholesky,adaptive_ridge,110,quadratic_stacked_beta,0.0035622,6.542784177524831e-16,rmse,0.0008575,1,0.251475472489271,0.07893852553634113,0.10149372188361463,,,,,,,7,,,,,discrete_gaussian
,8.85e-5,,0.0001,,static_ridge,,,,,rmse,,,0.2507507194308933,0.0776242542684493,0.10022996646604834,,,,,,,7,,,,,discrete_gaussian
,,,0.0001,,rolling_ridge,,,,,rmse,,,0.26066706520378646,0.08042959015815833,0.10403583740933516,0.0027863,336,,,,,7,,,,,discrete_gaussian
,,,,,rls,,,,,rmse,,,0.25741347787080276,0.07885727909903709,0.10196570053841124,0.0024891,,0.995,0.1,,,7,,,,,discrete_gaussian
,,,,,hedge,,,,,rmse,,,0.2790901860080378,0.08802588122313837,0.11276738669867982,0.0022737,0,,,0.5,,7,,,,,discrete_gaussian
,,,,,exp3,,,,,rmse,,,1.1292015827943591,0.3514976752449032,0.4388926920977795,0.0017935,,,,,0.2,7,,,,,discrete_gaussian
,,,,,fixed_share,,,,,rmse,,,0.2815577166573933,0.08743956874429275,0.11248884745467796,0.0019633,,,,0.01,,7,0.005,,,,discrete_gaussian
,,,,,passive_aggressive,,,,,rmse,,,0.2584479604310064,0.07949844180668766,0.10230556599983537,0.0002121,,,,,,7,,0.001,0.05,,discrete_gaussian
,,,,,dma,,,,,rmse,,,0.6069179530087755,0.17583971677162763,0.23350470608137908,0.0015299,,0.9,,,,7,,,,0.995,discrete_gaussian
14353.60871662297,0.0045596000000000005,0,0.01,cholesky,adaptive_ridge,110,quadratic_stacked_beta,0.0032323,6.29549289913497e-16,rmse,0.0013273,1,0.212267234247628,0.059852391671192155,0.08014625334590068,,,,,,,8,,,,,discrete_gaussian
,8.64e-5,,0.001,,static_ridge,,,,,rmse,,,0.20456675963487916,0.05863218882274643,0.07802908272553903,,,,,,,8,,,,,discrete_gaussian
,,,0.001,,rolling_ridge,,,,,rmse,,,0.20797879518726137,0.060509323858356626,0.07992903314985542,0.0030362,336,,,,,8,,,,,discrete_gaussian
,,,,,rls,,,,,rmse,,,0.2073875013830414,0.05951285555595184,0.07911411329973132,0.0022898,,0.995,0.1,,,8,,,,,discrete_gaussian
,,,,,hedge,,,,,rmse,,,0.2813244341411908,0.08520760517556475,0.11085631834851711,0.0007551,0,,,0.01,,8,,,,,discrete_gaussian
,,,,,exp3,,,,,rmse,,,0.9506373975670362,0.30769318478314833,0.39311576307868235,0.001347,,,,,0.1,8,,,,,discrete_gaussian
,,,,,fixed_share,,,,,rmse,,,0.28210134251690544,0.08541576464354703,0.11119321541408403,0.0009287,,,,0.01,,8,0.1,,,,discrete_gaussian
,,,,,passive_aggressive,,,,,rmse,,,0.21433053679994354,0.06051379426508328,0.08081110504901799,0.0001924,,,,,,8,,0.001,0.0,,discrete_gaussian
,,,,,dma,,,,,rmse,,,0.5972990193521711,0.1791641223824594,0.23501728400279637,0.0021228,,0.9,,,,8,,,,0.995,discrete_gaussian
4400.334378885596,0.0047008,0,0.01,cholesky,adaptive_ridge,110,quadratic_stacked_beta,0.0037055,6.182847475897328e-16,rmse,0.0009953,1,0.28785485879720824,0.09046963237234773,0.11540832694279847,,,,,,,9,,,,,discrete_gaussian
,8.28e-5,,0.01,,static_ridge,,,,,rmse,,,0.2801144684726003,0.087808332610494,0.11249615857544676,,,,,,,9,,,,,discrete_gaussian
,,,0.001,,rolling_ridge,,,,,rmse,,,0.28785546685069263,0.0919391498983151,0.11661744172748967,0.0102162,336,,,,,9,,,,,discrete_gaussian
,,,,,rls,,,,,rmse,,,0.28755858078000807,0.08992285320240602,0.11488562712227633,0.0024274,,0.995,0.1,,,9,,,,,discrete_gaussian
,,,,,hedge,,,,,rmse,,,0.30393707054685687,0.10796193737514163,0.13310442283308496,0.0015403,0,,,0.01,,9,,,,,discrete_gaussian
,,,,,exp3,,,,,rmse,,,1.0576527014936454,0.3111220053763971,0.4080220179092457,0.0011987,,,,,0.1,9,,,,,discrete_gaussian
,,,,,fixed_share,,,,,rmse,,,0.3042403871930102,0.10822055899237636,0.13333923664600714,0.0011263,,,,0.01,,9,0.1,,,,discrete_gaussian
,,,,,passive_aggressive,,,,,rmse,,,0.2863876798079367,0.08803537954541568,0.11286380487953805,0.0001899,,,,,,9,,0.001,0.05,,discrete_gaussian
,,,,,dma,,,,,rmse,,,0.6807937997630242,0.18971063715876013,0.2521500298703249,0.0013928,,0.9,,,,9,,,,0.995,discrete_gaussian
30859.152103773293,0.0047729,0,0.001,cholesky,adaptive_ridge,110,quadratic_stacked_beta,0.0038395,9.250945871995335e-16,rmse,0.0009334,1,0.1781572081156689,0.06073017331741584,0.07631238713844657,,,,,,,10,,,,,discrete_gaussian
,0.0003241,,0.0,,static_ridge,,,,,rmse,,,0.1725436652729033,0.05936795999736963,0.07421999087823146,,,,,,,10,,,,,discrete_gaussian
,,,0.0,,rolling_ridge,,,,,rmse,,,0.1759440080171828,0.06017467442448943,0.07541313058221345,0.0152146,336,,,,,10,,,,,discrete_gaussian
,,,,,rls,,,,,rmse,,,0.17131392998846323,0.0591688073126067,0.0740956435640106,0.0023154,,0.995,0.1,,,10,,,,,discrete_gaussian
,,,,,hedge,,,,,rmse,,,0.40190890419076525,0.1450578211111726,0.18050071729375236,0.0009351,168,,,1.0,,10,,,,,discrete_gaussian
,,,,,exp3,,,,,rmse,,,0.8760545842861689,0.20633742299885416,0.2915700456221917,0.0518091,,,,,0.1,10,,,,,discrete_gaussian
,,,,,fixed_share,,,,,rmse,,,0.29989925356370145,0.11658965370035157,0.13982834242157696,0.0316746,,,,0.1,,10,0.01,,,,discrete_gaussian
,,,,,passive_aggressive,,,,,rmse,,,0.17808630082537127,0.059237033356309816,0.0745017463815148,0.0002967,,,,,,10,,0.001,0.05,,discrete_gaussian
,,,,,dma,,,,,rmse,,,0.38841160952908105,0.1467777098148651,0.17865113576515798,0.1055128,,0.9,,,,10,,,,0.9,discrete_gaussian
8754.469619910256,0.0043002,0,0.001,cholesky,adaptive_ridge,110,quadratic_stacked_beta,0.0033966,8.658281877715305e-16,rmse,0.0009036,1,0.2403647513897118,0.0791091565162994,0.0994609966949185,,,,,,,11,,,,,discrete_gaussian
,9.5e-5,,0.0,,static_ridge,,,,,rmse,,,0.23192385151359388,0.07764056905678031,0.09786574000170009,,,,,,,11,,,,,discrete_gaussian
,,,0.0,,rolling_ridge,,,,,rmse,,,0.2340048469592645,0.0810053280905629,0.10132635638854504,0.0029442,336,,,,,11,,,,,discrete_gaussian
,,,,,rls,,,,,rmse,,,0.23032984652491328,0.07822412409880919,0.09848610184006935,0.0033158,,0.995,1.0e-6,,,11,,,,,discrete_gaussian
,,,,,hedge,,,,,rmse,,,0.3485886006546787,0.11338629154895007,0.14464228457063522,0.0009992,24,,,1.0,,11,,,,,discrete_gaussian
,,,,,exp3,,,,,rmse,,,0.9822949573155063,0.30612766395573504,0.38691788277982014,0.0013078,,,,,0.2,11,,,,,discrete_gaussian
,,,,,fixed_share,,,,,rmse,,,0.2500724896882111,0.08886675583746274,0.10937306508319948,0.0011188,,,,0.1,,11,0.01,,,,discrete_gaussian
,,,,,passive_aggressive,,,,,rmse,,,0.2328145444473259,0.07785144534942558,0.09834758157507725,0.0001987,,,,,,11,,0.001,0.05,,discrete_gaussian
,,,,,dma,,,,,rmse,,,0.49827279631390475,0.1668947446900232,0.2092101107981986,0.0015305,,0.9,,,,11,,,,0.995,discrete_gaussian
7778.001251954972,0.0046469,0,0.01,cholesky,adaptive_ridge,110,quadratic_stacked_beta,0.0037337,9.541483751356488e-16,rmse,0.0009132,1,0.24203653686393317,0.0774883382217062,0.09863761756486603,,,,,,,12,,,,,discrete_gaussian
,9.3e-5,,0.001,,static_ridge,,,,,rmse,,,0.23149764914654208,0.07462033346837696,0.09485935991367281,,,,,,,12,,,,,discrete_gaussian
,,,0.001,,rolling_ridge,,,,,rmse,,,0.23693445727491377,0.0767134367713875,0.09718826192785845,0.0167685,336,,,,,12,,,,,discrete_gaussian
,,,,,rls,,,,,rmse,,,0.23293610161090292,0.07547791246091558,0.09567400341060428,0.0024015,,0.995,0.1,,,12,,,,,discrete_gaussian
,,,,,hedge,,,,,rmse,,,0.27247662038549847,0.0915085603329741,0.11503018037046557,0.0007236,0,,,0.25,,12,,,,,discrete_gaussian
,,,,,exp3,,,,,rmse,,,0.9039063917765433,0.27899741409261575,0.35794476441797674,0.0011661,,,,,0.1,12,,,,,discrete_gaussian
,,,,,fixed_share,,,,,rmse,,,0.2711797267921247,0.09154387836506675,0.11491105025283409,0.0010281,,,,0.01,,12,0.02,,,,discrete_gaussian
,,,,,passive_aggressive,,,,,rmse,,,0.2265398631365595,0.07512740286029762,0.09500150897996593,0.0001692,,,,,,12,,0.001,0.0,,discrete_gaussian
,,,,,dma,,,,,rmse,,,0.5635377918727549,0.1678578978815555,0.21702646097270029,0.0013895,,0.9,,,,12,,,,0.995,discrete_gaussian
55609.584548115476,0.0045886,0,0.001,cholesky,adaptive_ridge,110,quadratic_stacked_beta,0.0036518,9.759450056210685e-16,rmse,0.0009368,1,0.2325634245342801,0.06386041093150062,0.08691455511730387,,,,,,,13,,,,,discrete_gaussian
,0.0001331,,0.0,,static_ridge,,,,,rmse,,,0.22658039719768014,0.06295094804930457,0.08518380629569285,,,,,,,13,,,,,discrete_gaussian
,,,0.0,,rolling_ridge,,,,,rmse,,,0.23100149422734867,0.06541388762000815,0.08814963262036628,0.0027644,336,,,,,13,,,,,discrete_gaussian
,,,,,rls,,,,,rmse,,,0.22839353968424791,0.06397150990546811,0.08651117423193552,0.0027165,,0.995,0.1,,,13,,,,,discrete_gaussian
,,,,,hedge,,,,,rmse,,,0.33300464439496963,0.10536509565601233,0.13486682327121774,0.0010502,336,,,0.01,,13,,,,,discrete_gaussian
,,,,,exp3,,,,,rmse,,,1.137470275908467,0.3326116320014642,0.43138483228038405,0.0016667,,,,,0.2,13,,,,,discrete_gaussian
,,,,,fixed_share,,,,,rmse,,,0.33340826379711913,0.10528125105798991,0.13492485877908747,0.0019856,,,,0.01,,13,0.1,,,,discrete_gaussian
,,,,,passive_aggressive,,,,,rmse,,,0.2341003214014774,0.0646936282827832,0.0874608222402918,0.0002087,,,,,,13,,0.001,0.05,,discrete_gaussian
,,,,,dma,,,,,rmse,,,0.6714321832138146,0.2080051524690542,0.26954131109308144,0.0027673,,0.9,,,,13,,,,0.995,discrete_gaussian
3212.211626544411,0.0047314,0,0.01,cholesky,adaptive_ridge,110,quadratic_stacked_beta,0.0037314,7.898576459767672e-16,rmse,0.001,1,0.3367655693006543,0.11785998611045778,0.14535411600566203,,,,,,,14,,,,,discrete_gaussian
,8.32e-5,,0.001,,static_ridge,,,,,rmse,,,0.32977917637340065,0.1147785955782586,0.14204763071912932,,,,,,,14,,,,,discrete_gaussian
,,,0.1,,rolling_ridge,,,,,rmse,,,0.3398299737404821,0.10848753281350232,0.13884220816421497,0.026897,24,,,,,14,,,,,discrete_gaussian
,,,,,rls,,,,,rmse,,,0.3250106150572327,0.10927735932467503,0.13847459645020108,0.0024688,,0.98,1.0e-6,,,14,,,,,discrete_gaussian
,,,,,hedge,,,,,rmse,,,0.35123211545024274,0.12447417143269518,0.15387491524246708,0.0007351,0,,,1.0,,14,,,,,discrete_gaussian
,,,,,exp3,,,,,rmse,,,1.030265941859828,0.34851854045236363,0.42523116978947806,0.1121985,,,,,0.2,14,,,,,discrete_gaussian
,,,,,fixed_share,,,,,rmse,,,0.34933946061590776,0.1257174901391178,0.15504888143495252,0.0009981,,,,0.05,,14,0.02,,,,discrete_gaussian
,,,,,passive_aggressive,,,,,rmse,,,0.33842935705059446,0.10710194816626226,0.13743954090736807,0.0005217,,,,,,14,,0.01,0.1,,discrete_gaussian
,,,,,dma,,,,,rmse,,,0.5895819139138233,0.22484634099202977,0.2694424186908301,0.0024309,,0.9,,,,14,,,,0.995,discrete_gaussian
12368.967592896897,0.0048449,0,0.1,cholesky,adaptive_ridge,110,quadratic_stacked_beta,0.0038388,8.37316359011166e-16,rmse,0.0010061,1,0.3392389399037113,0.11515144415557932,0.14457546966268905,,,,,,,15,,,,,discrete_gaussian
,9.13e-5,,0.0,,static_ridge,,,,,rmse,,,0.33714164275787595,0.11257532052108171,0.1413964453241127,,,,,,,15,,,,,discrete_gaussian
,,,0.1,,rolling_ridge,,,,,rmse,,,0.3409918352930857,0.1105034338134678,0.1402888169096585,0.0097565,24,,,,,15,,,,,discrete_gaussian
,,,,,rls,,,,,rmse,,,0.35371489040163984,0.10962179804481186,0.14164610328701946,0.0024153,,0.98,0.01,,,15,,,,,discrete_gaussian
,,,,,hedge,,,,,rmse,,,0.4476128021450448,0.17999697743346244,0.21278821378700627,0.0008529,24,,,1.0,,15,,,,,discrete_gaussian
,,,,,exp3,,,,,rmse,,,1.1809312190073298,0.33952915036118736,0.4560726382111242,0.0009925,,,,,0.2,15,,,,,discrete_gaussian
,,,,,fixed_share,,,,,rmse,,,0.4092252963618455,0.15003712352179602,0.18350290834454389,0.0008555,,,,0.05,,15,0.005,,,,discrete_gaussian
,,,,,passive_aggressive,,,,,rmse,,,0.34587056085121004,0.11001202176383755,0.1411651213874409,0.0001811,,,,,,15,,0.01,0.1,,discrete_gaussian
,,,,,dma,,,,,rmse,,,0.7258036637999788,0.21481404283132313,0.28362469682317926,0.0013858,,0.9,,,,15,,,,0.995,discrete_gaussian
13340.870354064204,0.0044929,0,0.01,cholesky,adaptive_ridge,110,quadratic_stacked_beta,0.003546,6.290831763049938e-16,rmse,0.0009469,1,0.22574608025285312,0.07778262552444469,0.09720187887524695,,,,,,,16,,,,,discrete_gaussian
,9.35e-5,,0.0,,static_ridge,,,,,rmse,,,0.2243280678107542,0.07504753289857087,0.0941346052959366,,,,,,,16,,,,,discrete_gaussian
,,,0.0,,rolling_ridge,,,,,rmse,,,0.22348270650217153,0.07640197136225745,0.09555582729906131,0.0072151,336,,,,,16,,,,,discrete_gaussian
,,,,,rls,,,,,rmse,,,0.2214345091692432,0.0750115293314192,0.09425420549702937,0.0083277,,0.995,1.0e-6,,,16,,,,,discrete_gaussian
,,,,,hedge,,,,,rmse,,,0.2740501306279779,0.10219678329344531,0.12344147106799165,0.0009853,336,,,0.01,,16,,,,,discrete_gaussian
,,,,,exp3,,,,,rmse,,,0.8210241119783717,0.2404143892688813,0.31228419755834613,0.0011032,,,,,0.1,16,,,,,discrete_gaussian
,,,,,fixed_share,,,,,rmse,,,0.2682813924005037,0.10048929536078435,0.12148868844453051,0.0009293,,,,0.05,,16,0.01,,,,discrete_gaussian
,,,,,passive_aggressive,,,,,rmse,,,0.2213174990986987,0.07543555681188151,0.09452224613454797,0.0002392,,,,,,16,,0.001,0.01,,discrete_gaussian
,,,,,dma,,,,,rmse,,,0.5491240804347677,0.16980169933973233,0.2157548623824324,0.0014531,,0.9,,,,16,,,,0.95,discrete_gaussian
21204.71287025346,0.0386376,0,0.01,cholesky,adaptive_ridge,110,quadratic_stacked_beta,0.0376788,7.3759822069002395e-16,rmse,0.0009588,1,0.19985720699314335,0.06354762609729141,0.08159375868269426,,,,,,,17,,,,,discrete_gaussian
,0.0001338,,0.01,,static_ridge,,,,,rmse,,,0.19801448802742405,0.062294924390129784,0.08019390628030626,,,,,,,17,,,,,discrete_gaussian
,,,0.0,,rolling_ridge,,,,,rmse,,,0.20367812430194818,0.06390329654921877,0.08226243822110432,0.0098729,336,,,,,17,,,,,discrete_gaussian
,,,,,rls,,,,,rmse,,,0.19864043471566828,0.062477823467545275,0.08053121901668732,0.0025297,,0.995,1.0e-6,,,17,,,,,discrete_gaussian
,,,,,hedge,,,,,rmse,,,0.33412560058416557,0.10739453619616074,0.13773686615864306,0.000751,0,,,1.0,,17,,,,,discrete_gaussian
,,,,,exp3,,,,,rmse,,,0.8784207349752097,0.2617527702265688,0.3401867992150598,0.0011809,,,,,0.2,17,,,,,discrete_gaussian
,,,,,fixed_share,,,,,rmse,,,0.31011843876583184,0.09473822751399015,0.12391449040921643,0.0011486,,,,0.05,,17,0.01,,,,discrete_gaussian
,,,,,passive_aggressive,,,,,rmse,,,0.20414700051206608,0.06372042865819172,0.08210155493252945,0.0001818,,,,,,17,,0.001,0.05,,discrete_gaussian
,,,,,dma,,,,,rmse,,,0.5803171483681497,0.1632473585393484,0.21576550503966863,0.0016876,,0.9,,,,17,,,,0.9,discrete_gaussian
43961.645869311855,0.0044534,0,0.001,cholesky,adaptive_ridge,110,quadratic_stacked_beta,0.0034966,9.165800087176512e-16,rmse,0.0009568,1,0.19839520121942905,0.05700544680165092,0.07568612144871809,,,,,,,18,,,,,discrete_gaussian
,8.71e-5,,0.001,,static_ridge,,,,,rmse,,,0.1962304632835643,0.05564617277710659,0.07384737043041895,,,,,,,18,,,,,discrete_gaussian
,,,0.0001,,rolling_ridge,,,,,rmse,,,0.19955946142734382,0.05679462283737545,0.07548132587603049,0.0386133,336,,,,,18,,,,,discrete_gaussian
,,,,,rls,,,,,rmse,,,0.1968339556668649,0.055804357151917464,0.07418261067851914,0.0095687,,0.995,0.1,,,18,,,,,discrete_gaussian
,,,,,hedge,,,,,rmse,,,0.2982085638194106,0.1136908484203448,0.13674436099850965,0.0009276,336,,,1.0,,18,,,,,discrete_gaussian
,,,,,exp3,,,,,rmse,,,0.9790427286045613,0.2825250715879967,0.35614262171915656,0.0010929,,,,,0.2,18,,,,,discrete_gaussian
,,,,,fixed_share,,,,,rmse,,,0.2868816460967986,0.10230697167815347,0.12557614720945956,0.0010152,,,,0.05,,18,0.01,,,,discrete_gaussian
,,,,,passive_aggressive,,,,,rmse,,,0.18827719833900733,0.06216802556856613,0.0790886795882759,0.0001417,,,,,,18,,0.01,0.1,,discrete_gaussian
,,,,,dma,,,,,rmse,,,0.5207628653775942,0.2038365957267544,0.2358771771966597,0.0016725,,0.9,,,,18,,,,0.9,discrete_gaussian
7844.761281210786,0.0048036,0,0.01,cholesky,adaptive_ridge,110,quadratic_stacked_beta,0.0038607,7.952605123796296e-16,rmse,0.0009429,1,0.24805530763265182,0.08050968105617066,0.1014896047690433,,,,,,,19,,,,,discrete_gaussian
,8.86e-5,,0.001,,static_ridge,,,,,rmse,,,0.24561146789442753,0.07803650913811244,0.09877237053162659,,,,,,,19,,,,,discrete_gaussian
,,,0.001,,rolling_ridge,,,,,rmse,,,0.25124620858783386,0.08042386447998029,0.10153658241095727,0.0049279,336,,,,,19,,,,,discrete_gaussian
,,,,,rls,,,,,rmse,,,0.24974115746471828,0.0790116501677027,0.10015074982916854,0.04124,,0.995,0.1,,,19,,,,,discrete_gaussian
,,,,,hedge,,,,,rmse,,,0.30159409555529293,0.1002305778264384,0.12679191047942723,0.0007869,0,,,1.0,,19,,,,,discrete_gaussian
,,,,,exp3,,,,,rmse,,,0.9750650313484869,0.2814749676814977,0.3650684262205692,0.0009437,,,,,0.1,19,,,,,discrete_gaussian
,,,,,fixed_share,,,,,rmse,,,0.32388072151071,0.1034207766467281,0.13232567765606779,0.0007495,,,,0.05,,19,0.01,,,,discrete_gaussian
,,,,,passive_aggressive,,,,,rmse,,,0.25393374494339727,0.07994978888884996,0.10194242446980895,0.0001762,,,,,,19,,0.001,0.01,,discrete_gaussian
,,,,,dma,,,,,rmse,,,0.5212401279880242,0.16686888248814966,0.21288073293576773,0.0014621,,0.9,,,,19,,,,0.995,discrete_gaussian
56445.12819888713,0.0047086,0,0.0,cholesky,adaptive_ridge,110,quadratic_stacked_beta,0.0037256,9.643377575878326e-16,rmse,0.000983,1,0.15247296821179834,0.04807346542868549,0.06139247127810084,,,,,,,20,,,,,discrete_gaussian
,9.59e-5,,0.0,,static_ridge,,,,,rmse,,,0.14725308359249784,0.04620658582481905,0.05903541450950052,,,,,,,20,,,,,discrete_gaussian
,,,0.0,,rolling_ridge,,,,,rmse,,,0.14700327916199538,0.04721330382529424,0.06012508110730157,0.0099916,336,,,,,20,,,,,discrete_gaussian
,,,,,rls,,,,,rmse,,,0.14580357905578942,0.046581935314346554,0.059350893564497936,0.0073001,,0.995,1.0e-6,,,20,,,,,discrete_gaussian
,,,,,hedge,,,,,rmse,,,0.3365582500309855,0.1060132987427576,0.13629249425329426,0.0009938,336,,,0.01,,20,,,,,discrete_gaussian
,,,,,exp3,,,,,rmse,,,1.0071313254683385,0.3414592821710102,0.41889223629225436,0.0013654,,,,,0.2,20,,,,,discrete_gaussian
,,,,,fixed_share,,,,,rmse,,,0.31826898374104085,0.09559997014031625,0.12495870361836703,0.0010552,,,,0.05,,20,0.005,,,,discrete_gaussian
,,,,,passive_aggressive,,,,,rmse,,,0.16108269965699523,0.05076437571219195,0.06463253245851165,0.0001973,,,,,,20,,0.01,0.05,,discrete_gaussian
,,,,,dma,,,,,rmse,,,0.5936076046197628,0.17055423009000562,0.221742775849666,0.0015205,,0.9,,,,20,,,,0.995,discrete_gaussian
20841.29106410323,0.0042515,0,0.001,cholesky,adaptive_ridge,110,quadratic_stacked_beta,0.0033679,6.278165338544376e-16,rmse,0.0008836,1,0.2390278560074843,0.07565617581474765,0.09643839619902222,,,,,,,21,,,,,discrete_gaussian
,9.04e-5,,0.0001,,static_ridge,,,,,rmse,,,0.22779971934580026,0.0733950056031493,0.09329342914074598,,,,,,,21,,,,,discrete_gaussian
,,,0.0,,rolling_ridge,,,,,rmse,,,0.22273488920154846,0.07711790093660068,0.0963692138919285,0.0107539,168,,,,,21,,,,,discrete_gaussian
,,,,,rls,,,,,rmse,,,0.22673405500465826,0.07430977216557351,0.09396224320924612,0.0025781,,0.995,1.0e-6,,,21,,,,,discrete_gaussian
,,,,,hedge,,,,,rmse,,,0.2940071062192029,0.1236863007558264,0.1462679344549479,0.0015408,336,,,0.5,,21,,,,,discrete_gaussian
,,,,,exp3,,,,,rmse,,,0.8907467884273899,0.28274430733671696,0.36018579740543044,0.0012669,,,,,0.2,21,,,,,discrete_gaussian
,,,,,fixed_share,,,,,rmse,,,0.2878982121457902,0.10001506562658925,0.12340513188614079,0.0010368,,,,0.1,,21,0.005,,,,discrete_gaussian
,,,,,passive_aggressive,,,,,rmse,,,0.23302916044779784,0.0742574166521269,0.09427088194868627,0.0001823,,,,,,21,,0.01,0.05,,discrete_gaussian
,,,,,dma,,,,,rmse,,,0.47983008871883004,0.15214890869384817,0.19392673533661406,0.0014229,,0.9,,,,21,,,,0.995,discrete_gaussian
35451.12370232862,0.004893,0,0.001,cholesky,adaptive_ridge,110,quadratic_stacked_beta,0.0039461,5.432963807266596e-16,rmse,0.0009469,1,0.1667412322774421,0.05029871610971731,0.06533381804667748,,,,,,,22,,,,,discrete_gaussian
,9.17e-5,,0.001,,static_ridge,,,,,rmse,,,0.1661685996411374,0.0489146551146438,0.06373516991970767,,,,,,,22,,,,,discrete_gaussian
,,,0.0001,,rolling_ridge,,,,,rmse,,,0.16438397126107748,0.04914075180601565,0.06402773421861628,0.0075498,336,,,,,22,,,,,discrete_gaussian
,,,,,rls,,,,,rmse,,,0.16447175825003263,0.04889041354210495,0.0637996994569711,0.0082571,,0.995,0.1,,,22,,,,,discrete_gaussian
,,,,,hedge,,,,,rmse,,,0.2918913452758154,0.08612936443873016,0.1134585051452205,0.0008199,0,,,1.0,,22,,,,,discrete_gaussian
,,,,,exp3,,,,,rmse,,,0.7301007288984488,0.19896943958214533,0.2756520980787094,0.001695,,,,,0.2,22,,,,,discrete_gaussian
,,,,,fixed_share,,,,,rmse,,,0.21268958913043604,0.06472147880577843,0.08330704887796002,0.0019358,,,,0.05,,22,0.005,,,,discrete_gaussian
,,,,,passive_aggressive,,,,,rmse,,,0.17029252980777887,0.0512946351933163,0.06660919015916333,0.0001823,,,,,,22,,0.001,0.01,,discrete_gaussian
,,,,,dma,,,,,rmse,,,0.4392552261021666,0.12386515456561702,0.1688466267812926,0.0015506,,0.9,,,,22,,,,0.995,discrete_gaussian
65827.27842950492,0.0048924,0,0.001,cholesky,adaptive_ridge,110,quadratic_stacked_beta,0.0040763,7.559086159997246e-16,rmse,0.0008161,1,0.14730395764560011,0.04675845331368981,0.059649357415616514,,,,,,,23,,,,,discrete_gaussian
,9.46e-5,,0.0001,,static_ridge,,,,,rmse,,,0.14863315828088397,0.04508997017881204,0.05800496810095494,,,,,,,23,,,,,discrete_gaussian
,,,0.0,,rolling_ridge,,,,,rmse,,,0.14999413826703362,0.04664716184481297,0.059588242998817924,0.0112301,336,,,,,23,,,,,discrete_gaussian
,,,,,rls,,,,,rmse,,,0.15086411751112597,0.04589178163600004,0.05896701151901075,0.0105341,,0.995,1.0e-6,,,23,,,,,discrete_gaussian
,,,,,hedge,,,,,rmse,,,0.38465420295853503,0.14982452156075632,0.18057807926999356,0.0010381,336,,,1.0,,23,,,,,discrete_gaussian
,,,,,exp3,,,,,rmse,,,0.9986395410028115,0.3550069675856749,0.4248198564135488,0.0086936,,,,,0.2,23,,,,,discrete_gaussian
,,,,,fixed_share,,,,,rmse,,,0.40355681432462714,0.15005970941700722,0.18388197932103778,0.0010201,,,,0.01,,23,0.02,,,,discrete_gaussian
,,,,,passive_aggressive,,,,,rmse,,,0.15941140158970568,0.05186673741849015,0.06555389217509,0.0001517,,,,,,23,,0.1,0.1,,discrete_gaussian
,,,,,dma,,,,,rmse,,,0.5659621555849094,0.25333681969611604,0.2961608027860289,0.0015327,,0.9,,,,23,,,,0.995,discrete_gaussian
34015.93040641921,0.0054817,0,0.001,cholesky,adaptive_ridge,110,quadratic_stacked_beta,0.0039032,8.20414172014611e-16,rmse,0.0015785,1,0.28600108357224574,0.08906637510486767,0.11453221527875153,,,,,,,24,,,,,discrete_gaussian
,0.0001005,,0.0,,static_ridge,,,,,rmse,,,0.2841243953148268,0.08636068323183654,0.1117421476963458,,,,,,,24,,,,,discrete_gaussian
,,,0.0,,rolling_ridge,,,,,rmse,,,0.2915690731501406,0.0886661347769367,0.11514869091717116,0.0095324,336,,,,,24,,,,,discrete_gaussian
,,,,,rls,,,,,rmse,,,0.29313228089641435,0.08562753717221819,0.11273161478386062,0.0025349,,0.995,0.1,,,24,,,,,discrete_gaussian
,,,,,hedge,,,,,rmse,,,0.35012132291793735,0.14631807826803392,0.17076332066391958,0.0009717,336,,,0.25,,24,,,,,discrete_gaussian
,,,,,exp3,,,,,rmse,,,0.982558234526877,0.31374236266281125,0.3951769880745149,0.0077291,,,,,0.1,24,,,,,discrete_gaussian
,,,,,fixed_share,,,,,rmse,,,0.3396954998924268,0.14686513469648785,0.17021089643013584,0.001313,,,,0.01,,24,0.005,,,,discrete_gaussian
,,,,,passive_aggressive,,,,,rmse,,,0.28312553867549406,0.08977019279337722,0.1133340104131087,0.0001862,,,,,,24,,0.01,0.1,,discrete_gaussian
,,,,,dma,,,,,rmse,,,0.5695809058490976,0.22387432707795957,0.2560817880787543,0.0109693,,0.9,,,,24,,,,0.995,discrete_gaussian
28057.55004933816,0.0045836,0,0.01,cholesky,adaptive_ridge,110,quadratic_stacked_beta,0.0036642,4.878984946956307e-16,rmse,0.0009194,1,0.24790897325210554,0.08138226767820565,0.10300617817338041,,,,,,,25,,,,,discrete_gaussian
,9.02e-5,,0.01,,static_ridge,,,,,rmse,,,0.23601114420311403,0.07873191307223937,0.0993152975483567,,,,,,,25,,,,,discrete_gaussian
,,,0.01,,rolling_ridge,,,,,rmse,,,0.2394814315993574,0.07694472048385251,0.09800134279153004,0.0100305,72,,,,,25,,,,,discrete_gaussian
,,,,,rls,,,,,rmse,,,0.2500244170874957,0.07444998923123174,0.09725997736379463,0.0291859,,0.95,0.0001,,,25,,,,,discrete_gaussian
,,,,,hedge,,,,,rmse,,,0.3581717680552476,0.15944051735416281,0.1808294101955238,0.0007955,0,,,1.0,,25,,,,,discrete_gaussian
,,,,,exp3,,,,,rmse,,,0.9318667829849386,0.3102793136399813,0.3896979312570564,0.0012984,,,,,0.2,25,,,,,discrete_gaussian
,,,,,fixed_share,,,,,rmse,,,0.3371119376111746,0.1091266118504491,0.13737162158877406,0.0017459,,,,0.1,,25,0.005,,,,discrete_gaussian
,,,,,passive_aggressive,,,,,rmse,,,0.2349925323404323,0.0764726062299193,0.09676719733597057,0.0001755,,,,,,25,,0.01,0.1,,discrete_gaussian
,,,,,dma,,,,,rmse,,,0.5120784874251803,0.15952616525565483,0.20304395998379715,0.0022958,,0.9,,,,25,,,,0.995,discrete_gaussian
14108.588105532686,0.0049605,0,0.01,cholesky,adaptive_ridge,110,quadratic_stacked_beta,0.0040509,9.351816870246358e-16,rmse,0.0009096,1,0.2728956237894725,0.08519929070213358,0.11027768043141714,,,,,,,26,,,,,discrete_gaussian
,8.46e-5,,0.01,,static_ridge,,,,,rmse,,,0.2720134175052856,0.08378587318248445,0.10834599535125093,,,,,,,26,,,,,discrete_gaussian
,,,0.001,,rolling_ridge,,,,,rmse,,,0.2807284239644575,0.08497847223682863,0.11088840830139833,0.0100403,336,,,,,26,,,,,discrete_gaussian
,,,,,rls,,,,,rmse,,,0.2759822492278035,0.08316980483463306,0.10852282218306938,0.0024891,,0.995,0.1,,,26,,,,,discrete_gaussian
,,,,,hedge,,,,,rmse,,,0.4836816066119793,0.1690679371867646,0.2216165697390733,0.000893,336,,,1.0,,26,,,,,discrete_gaussian
,,,,,exp3,,,,,rmse,,,0.9917881229961739,0.27197128773243506,0.36754477782892214,0.0011363,,,,,0.2,26,,,,,discrete_gaussian
,,,,,fixed_share,,,,,rmse,,,0.5021581750245885,0.147634382029692,0.20012702113241848,0.0009185,,,,0.25,,26,0.02,,,,discrete_gaussian
,,,,,passive_aggressive,,,,,rmse,,,0.2727318087738178,0.08388921960054517,0.10848612820346776,0.0001709,,,,,,26,,0.001,0.1,,discrete_gaussian
,,,,,dma,,,,,rmse,,,0.6519748416752968,0.1867262063781214,0.24587109031158524,0.0015395,,0.9,,,,26,,,,0.995,discrete_gaussian
114157.58712791365,0.0042146,0,0.0,cholesky,adaptive_ridge,110,quadratic_stacked_beta,0.0033782,8.193093651292414e-16,rmse,0.0008364,1,0.15963607882422995,0.05146635320644411,0.06576404583391854,,,,,,,27,,,,,discrete_gaussian
,9.92e-5,,0.0,,static_ridge,,,,,rmse,,,0.1557382500134677,0.0500585918109724,0.0637079059094485,,,,,,,27,,,,,discrete_gaussian
,,,0.0001,,rolling_ridge,,,,,rmse,,,0.15845156318039827,0.05103939999979743,0.06492509489620608,0.0152973,336,,,,,27,,,,,discrete_gaussian
,,,,,rls,,,,,rmse,,,0.1563107594702888,0.04997597793905804,0.06390683307361293,0.0024218,,0.995,0.1,,,27,,,,,discrete_gaussian
,,,,,hedge,,,,,rmse,,,0.26053401733905424,0.09661908497510575,0.11824493023316827,0.000985,24,,,1.0,,27,,,,,discrete_gaussian
,,,,,exp3,,,,,rmse,,,0.7364118181778807,0.1500633830037287,0.23105988281430861,0.0010818,,,,,0.1,27,,,,,discrete_gaussian
,,,,,fixed_share,,,,,rmse,,,0.23562036474090928,0.07085284912784487,0.09155348277868974,0.0010512,,,,0.5,,27,0.05,,,,discrete_gaussian
,,,,,passive_aggressive,,,,,rmse,,,0.1648618529597371,0.05234180181893418,0.06663607859705906,0.0001877,,,,,,27,,0.001,0.01,,discrete_gaussian
,,,,,dma,,,,,rmse,,,0.31825895592653447,0.09907677773077922,0.12708964626715877,0.001511,,0.9,,,,27,,,,0.9,discrete_gaussian
35653.007390690036,0.0041654,0,0.001,cholesky,adaptive_ridge,110,quadratic_stacked_beta,0.0032434,7.308670636418895e-16,rmse,0.000922,1,0.18301131277763896,0.06179289113814525,0.07810790303678772,,,,,,,28,,,,,discrete_gaussian
,8.56e-5,,0.001,,static_ridge,,,,,rmse,,,0.17759403260972867,0.06091793867506857,0.07660895100467993,,,,,,,28,,,,,discrete_gaussian
,,,0.0001,,rolling_ridge,,,,,rmse,,,0.18519310597052702,0.06337748560931736,0.07952793894038464,0.0187495,336,,,,,28,,,,,discrete_gaussian
,,,,,rls,,,,,rmse,,,0.18183903619776648,0.06173101378589177,0.0775398973640018,0.0025208,,0.995,0.1,,,28,,,,,discrete_gaussian
,,,,,hedge,,,,,rmse,,,0.2772747473266579,0.09493093977420175,0.11977120291955616,0.0008994,168,,,1.0,,28,,,,,discrete_gaussian
,,,,,exp3,,,,,rmse,,,0.7113393594243006,0.16657889155235278,0.23548326656326268,0.0010328,,,,,0.1,28,,,,,discrete_gaussian
,,,,,fixed_share,,,,,rmse,,,0.19084934108036383,0.07100278066207526,0.08614228615757479,0.000935,,,,0.05,,28,0.005,,,,discrete_gaussian
,,,,,passive_aggressive,,,,,rmse,,,0.18512147392772424,0.063701848379671,0.0800363444134518,0.000174,,,,,,28,,0.01,0.1,,discrete_gaussian
,,,,,dma,,,,,rmse,,,0.32910806439560986,0.10815105561100853,0.136259708131809,0.001393,,0.9,,,,28,,,,0.95,discrete_gaussian
32261.338870745967,0.0044507,0,0.01,cholesky,adaptive_ridge,110,quadratic_stacked_beta,0.0035977,7.321601777588578e-16,rmse,0.000853,1,0.21279847499929658,0.06536637479722564,0.08408490957301717,,,,,,,29,,,,,discrete_gaussian
,8.97e-5,,0.01,,static_ridge,,,,,rmse,,,0.20267479862304139,0.06367745576628187,0.0815200484841462,,,,,,,29,,,,,discrete_gaussian
,,,0.0001,,rolling_ridge,,,,,rmse,,,0.2079581255000891,0.0660139284363321,0.08430129170207983,0.157884,336,,,,,29,,,,,discrete_gaussian
,,,,,rls,,,,,rmse,,,0.2060587813489378,0.06470057307872115,0.08298172397128266,0.00271,,0.995,0.1,,,29,,,,,discrete_gaussian
,,,,,hedge,,,,,rmse,,,0.25726462952776175,0.07976367257696057,0.10257571161186195,0.0007231,0,,,1.0,,29,,,,,discrete_gaussian
,,,,,exp3,,,,,rmse,,,0.9449352854719032,0.250241942325893,0.3409694139987589,0.0009126,,,,,0.2,29,,,,,discrete_gaussian
,,,,,fixed_share,,,,,rmse,,,0.248228436059062,0.07952616705677819,0.10111850581107845,0.0008979,,,,0.05,,29,0.01,,,,discrete_gaussian
,,,,,passive_aggressive,,,,,rmse,,,0.21500694649978247,0.06425198800073877,0.0839536520209789,0.0001707,,,,,,29,,0.001,0.01,,discrete_gaussian
,,,,,dma,,,,,rmse,,,0.5074178838040363,0.17065866529235635,0.21505514108778667,0.0014013,,0.9,,,,29,,,,0.9,discrete_gaussian
13679.63193666349,0.004778,0,0.01,cholesky,adaptive_ridge,110,quadratic_stacked_beta,0.0038272,8.482961867434314e-16,rmse,0.0009508,1,0.2623764768283127,0.08910518968563524,0.11163958008204354,,,,,,,30,,,,,discrete_gaussian
,9.78e-5,,0.0,,static_ridge,,,,,rmse,,,0.2532955405975587,0.08778453168971607,0.10895959543388342,,,,,,,30,,,,,discrete_gaussian
,,,0.001,,rolling_ridge,,,,,rmse,,,0.2578967832375803,0.09056247736678041,0.11241161298911025,0.007873,336,,,,,30,,,,,discrete_gaussian
,,,,,rls,,,,,rmse,,,0.2558287643857603,0.08870034468670898,0.11037470842437141,0.0078535,,0.995,0.1,,,30,,,,,discrete_gaussian
,,,,,hedge,,,,,rmse,,,0.442212738959439,0.1502471153913927,0.1903392611362167,0.0009378,168,,,1.0,,30,,,,,discrete_gaussian
,,,,,exp3,,,,,rmse,,,1.0174142133975241,0.3137578946670593,0.4005530738978698,0.0012644,,,,,0.1,30,,,,,discrete_gaussian
,,,,,fixed_share,,,,,rmse,,,0.3074185378759564,0.10274059794462491,0.12940174452829986,0.0014662,,,,0.05,,30,0.005,,,,discrete_gaussian
,,,,,passive_aggressive,,,,,rmse,,,0.25276847507275446,0.08782316120136271,0.11047502869814048,0.0001813,,,,,,30,,0.001,0.05,,discrete_gaussian
,,,,,dma,,,,,rmse,,,0.5652478006093529,0.18197137637458283,0.23145466016770463,0.0013867,,0.9,,,,30,,,,0.995,discrete_gaussian
