cvar_05,cvar_15,dataset,fit_seconds,lambda,linear_solver,mae,mape,mape_valid_fraction,max_abs_error,mean_error,median_abs_error,method,n,n_parameters,objective_variant,q95_abs_error,rmse,smape,solve_seconds,tau,wape,fit_and_test_seconds,diagnostic_only,oracle_member_index,oracle_standardized_rmse,selected_member_index,regime,seed
0.0381541234889418,0.030370405873518226,synthetic_stationary,0.008232,1.0e-6,cholesky,0.012745553245533284,10.664061872674155,1.0,0.0685674093426043,-0.00019017903163130777,0.010651185028041077,adaptive_ridge,1000,110,quadratic,0.031750416003227123,0.016019625785053178,5.667944399900616,0.0011268,1,1.9795205134595804,,,,,,stationary,1
0.03769485832413637,0.030087195508591888,synthetic_stationary,0.0001326,0.0,,0.012684174309656935,10.073742600475942,1.0,0.07078003922700127,-0.0002877435024807835,0.01057665195996213,static_ridge,1000,,,0.0309652217029487,0.015962159206221776,5.58917333375137,,,1.9699877093261755,,,,,,stationary,1
0.03806665741720059,0.03052750984499294,synthetic_stationary,,,,0.0128505375617412,9.682248975846598,1.0,0.06721346671602113,-0.0010438898431124799,0.010706279422348919,rolling_ridge,1000,,,0.03133686716360073,0.016184349367561395,5.6438833935385135,,,1.9958256987678704,0.2171173,,,,,stationary,1
0.037946819818084086,0.030362028349883458,synthetic_stationary,,,,0.012863067023076432,9.326938341117247,1.0,0.06666329433439955,-0.0007687453712757486,0.010824556385977069,rls,1000,,,0.031214175065405688,0.01615914434819437,5.592973488378629,,,1.9977716579002747,0.0202912,,,,,stationary,1
0.20256396964714266,0.16357120456636895,synthetic_stationary,,,,0.0721223644669448,59.37025105458186,1.0,0.26889079908835434,0.04713618332015381,0.06409740189100618,hedge,1000,,,0.17076101658672974,0.08866277901790823,21.767080723758532,,,11.201373309672448,0.0109256,,,,,stationary,1
0.5403176133909429,0.3729068435160458,synthetic_stationary,,,,0.16220974797725707,204.03137580626085,1.0,1.1123126473355747,-0.10452478073779455,0.14310450860391974,exp3,1000,,,0.3864133420670917,0.20240234536331742,40.21320024186135,,,25.192905903603567,0.0089494,,,,,stationary,1
0.14461878518706445,0.11959362251765235,synthetic_stationary,,,,0.05021804999360858,78.8806462947899,1.0,0.18786447835632947,-0.010554006456767387,0.04235509960139178,fixed_share,1000,,,0.1255897942269254,0.0632079514003601,15.760449037805891,,,7.799399382143309,0.0125262,,,,,stationary,1
0.0469057213413687,0.03804347004134987,synthetic_stationary,,,,0.016337628340980844,13.65292780580255,1.0,0.06288978072636553,0.0001387461714991356,0.0137681702710446,passive_aggressive,1000,,,0.039062098760341266,0.02027932232115713,6.698451477732421,,,2.537408131230716,0.0075782,,,,,stationary,1
0.2702693437753371,0.2293982383250691,synthetic_stationary,,,,0.12515484936444146,174.32312814477424,1.0,0.3614533967545046,-0.11879438224453666,0.12522521377710477,dma,1000,,,0.2299083635714644,0.1414390794829036,34.45548086417675,,,19.43788448435372,0.0026281,,,,,stationary,1
0.22213371675576815,0.1801867799192385,synthetic_stationary,,,,0.07995576278025965,58.959584561610335,1.0,0.2934835963064323,0.05766775707598866,0.07147532393583689,ensemble_mean,1000,,,0.1894680043209095,0.09804128738746082,23.59196996116715,,,12.417983711166057,,,,,,stationary,1
0.2485692542061958,0.2270121213098591,synthetic_stationary,,,,0.14998027339674116,196.81463061973216,1.0,0.28516625637840376,-0.14993268805033602,0.15074228790900146,oracle_best_member,1000,,,0.22872773027499227,0.15822154571823094,39.1512280563281,,,23.293537917404326,,true,10,0.15822154571823094,,stationary,1
0.2485692542061958,0.2270121213098591,synthetic_stationary,,,,0.14998027339674116,196.81463061973216,1.0,0.28516625637840376,-0.14993268805033602,0.15074228790900146,validation_best_member,1000,,,0.22872773027499227,0.15822154571823094,39.1512280563281,,,23.293537917404326,,,,,10,stationary,1
0.0424153953434206,0.03336323502527215,synthetic_stationary,0.0061159000000000005,0.0,cholesky,0.013563127714431359,31.158163829555658,1.0,0.058815213721725046,-0.00041111678477802186,0.011416835196172703,adaptive_ridge,1000,110,quadratic,0.03419395555987917,0.017369258976389385,5.827342702303777,0.0008789,1,2.1372406421463404,,,,,,stationary,2
0.0424643441609849,0.03319010874476591,synthetic_stationary,0.0001252,0.0,,0.013329065630054778,30.753425512491166,1.0,0.0584950581344742,-0.0004111355972740025,0.010835202207070543,static_ridge,1000,,,0.033752416457785685,0.017194600488265464,5.625906795637411,,,2.100357777806514,,,,,,stationary,2
0.04258731718394568,0.033649885458558494,synthetic_stationary,,,,0.013580253230121356,30.364176117628944,1.0,0.06002781694657344,0.0016340630504026678,0.010835892041368367,rolling_ridge,1000,,,0.03365106498390302,0.01741808454537669,6.139368326205814,,,2.1399392341614725,0.0103246,,,,,stationary,2
0.042231003598349866,0.03329378811338774,synthetic_stationary,,,,0.013474535131699491,30.425057095116316,1.0,0.05925427905870595,0.0008481476485674626,0.010807506789671989,rls,1000,,,0.03366685374675559,0.01728708711315824,6.029985982882589,,,2.123280464789477,0.0032894,,,,,stationary,2
0.2363585992879451,0.1941290548137662,synthetic_stationary,,,,0.08680186017854777,129.7774929847813,1.0,0.3224092246798439,-0.06993455650419426,0.07516685376587673,hedge,1000,,,0.2016858297223092,0.10659713377219383,25.43077289190368,,,13.678000185024004,0.0011101,,,,,stationary,2
0.6283201484321151,0.5081804138282268,synthetic_stationary,,,,0.24447404495779873,196.2521909583495,1.0,1.3590399656754555,-0.20306842077039378,0.22742443917116767,exp3,1000,,,0.5013179535924707,0.2896913046182164,57.67988217901183,,,38.52355266682123,0.0014722,,,,,stationary,2
0.2377199791056427,0.19540635085914623,synthetic_stationary,,,,0.08775243097363043,130.31844895627444,1.0,0.32407526521531416,-0.07157036908290061,0.0767739346140025,fixed_share,1000,,,0.2021338572722066,0.10754775989328862,25.682299136453395,,,13.827788536152363,0.0014916,,,,,stationary,2
0.051525454989118064,0.041459513770066056,synthetic_stationary,,,,0.017020103035939385,48.26417622421167,1.0,0.07613832723154867,-0.0004385772818879652,0.013881529233621515,passive_aggressive,1000,,,0.044334100788791034,0.021683879323802963,7.325757200639901,,,2.6819813768488916,0.0003021,,,,,stationary,2
0.488191355911574,0.4245139968651401,synthetic_stationary,,,,0.22125109535722984,207.62406598485205,1.0,0.6072820816409903,-0.21502689296248267,0.2151234832282413,dma,1000,,,0.44969813808223175,0.2532533161664162,53.25376005552805,,,34.86414366014782,0.0017448,,,,,stationary,2
0.23622475943260754,0.19400325862592335,synthetic_stationary,,,,0.08670171626060955,129.73120273437272,1.0,0.32226112305242627,-0.06975251645414773,0.07499581067358468,ensemble_mean,1000,,,0.20147748958966077,0.10649958282658195,25.402772853162322,,,13.662219779796851,,,,,,stationary,2
0.520734810975677,0.4463469797860043,synthetic_stationary,,,,0.22249769966593852,189.46593405248794,1.0,0.6417335520487482,-0.21150471144709945,0.21294345444857987,oracle_best_member,1000,,,0.46587739132311556,0.25907768429711014,53.513613581257985,,,35.06058016427452,,true,6,0.25907768429711014,,stationary,2
0.520734810975677,0.4463469797860043,synthetic_stationary,,,,0.22249769966593852,189.46593405248794,1.0,0.6417335520487482,-0.21150471144709945,0.21294345444857987,validation_best_member,1000,,,0.46587739132311556,0.25907768429711014,53.513613581257985,,,35.06058016427452,,,,,6,stationary,2
0.10187645340720194,0.08109907668687584,synthetic_stationary,0.0085469,0.0,cholesky,0.03458425387399927,19.536398580706678,1.0,0.14526400965017083,-0.009008557509680444,0.030119352633766083,adaptive_ridge,1000,110,quadratic,0.08528151533846927,0.04318641458670673,12.200749933165136,0.0017745,1,5.402235769796118,,,,,,stationary,3
0.09916801900436994,0.07905022761361366,synthetic_stationary,0.0002779,0.0,,0.0339934740462824,19.105498044549478,1.0,0.1415385311642638,-0.009234924424023128,0.02913019109660464,static_ridge,1000,,,0.07900920243980483,0.042315099490963376,12.083749056146283,,,5.309952965922603,,,,,,stationary,3
0.10226390489514997,0.08024915648892036,synthetic_stationary,,,,0.03300881848077218,27.568782497933352,1.0,0.13516362108632501,-0.011648183754652494,0.027043811738699436,rolling_ridge,1000,,,0.08549597755386633,0.041894658192753655,13.157147288810572,,,5.1561447751688565,0.010961,,,,,stationary,3
0.09925820389023662,0.07675836873239783,synthetic_stationary,,,,0.030256695230964546,24.895400017152348,1.0,0.14333515508600136,-0.008752300444970027,0.024210615918368168,rls,1000,,,0.08009503812647627,0.039246682252280285,12.523798283507471,,,4.726249172471586,0.0087452,,,,,stationary,3
0.18568886288971595,0.15136889475875456,synthetic_stationary,,,,0.06516073961195733,43.66452599932687,1.0,0.26226788879063867,0.005399071833491561,0.05580239764637035,hedge,1000,,,0.15835529064112527,0.08106578368247093,19.53030191674245,,,10.17843784054377,0.0011329,,,,,stationary,3
0.5442835182407948,0.3421561196434678,synthetic_stationary,,,,0.1503728327371986,131.79767865119481,1.0,1.0466736136107846,-0.10139489510104469,0.13919854222929645,exp3,1000,,,0.32882979638948834,0.19370898450013913,38.285289936997124,,,23.488998744286743,0.0017825,,,,,stationary,3
0.14965529163853145,0.12157499735768199,synthetic_stationary,,,,0.051681769636542425,35.925699577711356,1.0,0.2132686023844379,-0.01645058951222958,0.04476254771116603,fixed_share,1000,,,0.12547943625582264,0.06460889724602935,16.124096386756243,,,8.072954402720109,0.0015618,,,,,stationary,3
0.11494704722648558,0.09056597288860474,synthetic_stationary,,,,0.03765622705342618,28.809691504461636,1.0,0.16236553924475938,-0.0026847750240947175,0.031869737297848144,passive_aggressive,1000,,,0.09637272347656062,0.047327312619777545,12.893032354385973,,,5.882093552884825,0.0002931,,,,,stationary,3
0.27834444190074537,0.23121878477238061,synthetic_stationary,,,,0.10437653793428646,85.89327628790143,1.0,0.41562707017190315,-0.09239346382984924,0.09309805791099178,dma,1000,,,0.24218613685450877,0.12647614150312053,29.314862601796197,,,16.304144331417927,0.0073644,,,,,stationary,3
0.20588744881010135,0.16637328844708538,synthetic_stationary,,,,0.07191755737628959,45.94943723958218,1.0,0.2878701317005894,-0.00370205700545915,0.06156283515180089,ensemble_mean,1000,,,0.169863024945159,0.08943868906960732,20.953510149018186,,,11.233887027027798,,,,,,stationary,3
0.2783456619862564,0.2313862174080805,synthetic_stationary,,,,0.10448667655695594,86.83624104020986,1.0,0.41562707017317635,-0.09253319871160122,0.09313050661489353,oracle_best_member,1000,,,0.24218613687778875,0.12659929580356097,29.341579233574624,,,16.321348542594173,,true,4,0.12659929580356097,,stationary,3
0.2783456619862564,0.2313862174080805,synthetic_stationary,,,,0.10448667655695594,86.83624104020986,1.0,0.41562707017317635,-0.09253319871160122,0.09313050661489353,validation_best_member,1000,,,0.24218613687778875,0.12659929580356097,29.341579233574624,,,16.321348542594173,,,,,4,stationary,3
0.06640900329097907,0.05289231651516343,synthetic_stationary,0.006102000000000001,0.0001,cholesky,0.022413047405765673,8.828733432094232,1.0,0.10582951808424496,0.003739961808207847,0.019129551397036093,adaptive_ridge,1000,110,quadratic,0.05549639894310612,0.028098094056362797,7.829992594438745,0.0009687,1,3.483859078568807,,,,,,stationary,4
0.06594566114073346,0.052360308889253304,synthetic_stationary,0.0001248,0.0001,,0.022135437279441703,9.097736087244519,1.0,0.10529207249097344,0.003851713208983299,0.019372747523242834,static_ridge,1000,,,0.05429005966349254,0.027724274387739046,7.7973185373664755,,,3.4407076703115074,,,,,,stationary,4
0.06555822616658132,0.053498231481441005,synthetic_stationary,,,,0.0226140967503944,10.397167242402498,1.0,0.08781266830069517,0.005789495648210152,0.019288856697589646,rolling_ridge,1000,,,0.056784465887049024,0.02827930784139373,8.708309785795288,,,3.5151099643517423,0.0110099,,,,,stationary,4
0.06271665825180232,0.05164123970963952,synthetic_stationary,,,,0.021328686490454073,10.07338043927564,1.0,0.08788217901446777,0.004632315411626822,0.017892379553728327,rls,1000,,,0.05333778970588832,0.026933060734829064,8.285912753252038,,,3.3153072279051754,0.0035458,,,,,stationary,4
0.1561902440357666,0.1264457207335349,synthetic_stationary,,,,0.05356633858708982,23.28805585510685,1.0,0.25103554121089966,-0.013648162591979452,0.04529980635919877,hedge,1000,,,0.129561158824402,0.06703297151551452,16.76765208486862,,,8.326291896581486,0.0011865,,,,,stationary,4
0.46992149152301965,0.3511779620814514,synthetic_stationary,,,,0.17185539426489896,80.09564214451834,1.0,0.6986765343864489,0.008095855688091715,0.1611395812624128,exp3,1000,,,0.3603353255843973,0.19776181351424948,42.05431023260897,,,26.713010715212757,0.0069823,,,,,stationary,4
0.10432863991371422,0.08795002979873201,synthetic_stationary,,,,0.03933501898786407,16.412496653994477,1.0,0.1426831872213541,0.026964248108669847,0.03412609935963325,fixed_share,1000,,,0.09000308662804515,0.04807293612222283,12.810565123878762,,,6.1141914584669195,0.0028186,,,,,stationary,4
0.08517025547565624,0.06593705600888645,synthetic_stationary,,,,0.027072628350884666,10.871309330962527,1.0,0.15092288241286045,-6.435649619151955e-5,0.02282479260406725,passive_aggressive,1000,,,0.06763048530616268,0.03455462998834612,9.062338012913674,,,4.2081391411631985,0.000319,,,,,stationary,4
0.17941209252002932,0.14503998471901752,synthetic_stationary,,,,0.0653789619280682,24.158340144316774,1.0,0.27835191988441743,0.02487013226001329,0.059595631616410405,dma,1000,,,0.146304042717475,0.08021569540259041,20.288278495252857,,,10.162432887279378,0.0024687,,,,,stationary,4
0.15943733914646022,0.1291851304935476,synthetic_stationary,,,,0.05464779237079981,23.227814611939177,1.0,0.25771805932638436,-0.010640855584165675,0.04580907455460126,ensemble_mean,1000,,,0.13294722332799142,0.06845453518220321,16.982093281776457,,,8.494391865952963,,,,,,stationary,4
0.18168969865330176,0.17664554939657967,synthetic_stationary,,,,0.1610658010940042,68.22769332368985,1.0,0.19161837774157775,0.1610658010940042,0.16152096197307836,oracle_best_member,1000,,,0.17781213820782713,0.1613928873608097,41.449574292373825,,,25.035888392577775,,true,4,0.1613928873608097,,stationary,4
0.18168969865330176,0.17664554939657967,synthetic_stationary,,,,0.1610658010940042,68.22769332368985,1.0,0.19161837774157775,0.1610658010940042,0.16152096197307836,validation_best_member,1000,,,0.17781213820782713,0.1613928873608097,41.449574292373825,,,25.035888392577775,,,,,4,stationary,4
0.01874386193982534,0.01494986585318058,synthetic_stationary,0.0090394,1.0e-6,cholesky,0.006390799474830965,3.1632605451812306,1.0,0.02688472782542045,-0.0011733969366104437,0.005431582757672332,adaptive_ridge,1000,110,quadratic,0.014949957822676944,0.007970272220009155,2.944214123242078,0.0016621,1,1.002615865279675,,,,,,stationary,5
0.01845267990699011,0.014776799161399045,synthetic_stationary,0.0003275,1.0e-6,,0.006317056969886296,2.918382512919223,1.0,0.02483858473859607,-0.0012425589925475172,0.005324171963799362,static_ridge,1000,,,0.015209262049838657,0.007866992196050575,2.791911477894861,,,0.9910468267432335,,,,,,stationary,5
0.018917740501371065,0.015066521756687962,synthetic_stationary,,,,0.006449651664283862,2.948260058934675,1.0,0.026662069404976174,-0.0016714050278182839,0.005438755809621443,rolling_ridge,1000,,,0.015446379408578763,0.008039497422793163,2.847689430445142,,,1.0118488476450747,0.0035098,,,,,stationary,5
0.018623619260622337,0.014885041201372117,synthetic_stationary,,,,0.006349351804151258,2.9687432572132395,1.0,0.026015308324477404,-0.001216958463182942,0.005442443097963212,rls,1000,,,0.014955780214552723,0.007922912329273467,2.8518391418053333,,,0.9961133780140329,0.0115059,,,,,stationary,5
0.1759338861045174,0.14119814388066185,synthetic_stationary,,,,0.05899240815939014,27.961872550492767,1.0,0.25379895484167725,-0.031778141031105524,0.050562870684190464,hedge,1000,,,0.14559956129809704,0.07453348959467176,18.75716696277609,,,9.254980473819847,0.0009091,,,,,stationary,5
0.4331292516248413,0.2839731241070877,synthetic_stationary,,,,0.08911911615726167,78.41431729214989,1.0,0.7806990529760898,-0.05768375992884392,0.0479794502190346,exp3,1000,,,0.29695554420697895,0.13295845788232527,24.058788501751867,,,13.981386853220915,0.00144,,,,,stationary,5
0.05586796981752842,0.053459441856031034,synthetic_stationary,,,,0.046303660270161605,24.257992573809865,1.0,0.060581652217830184,-0.046303660270161605,0.04622328210790222,fixed_share,1000,,,0.0538177921347103,0.046528392484253514,15.705747492535279,,,7.264315613440854,0.0015223,,,,,stationary,5
0.03904129587145292,0.030424446310764727,synthetic_stationary,,,,0.012701805879436206,7.023405497773598,1.0,0.05713614068341866,0.00029251014900062765,0.010913440820550957,passive_aggressive,1000,,,0.03138229713386129,0.015998165905825767,5.813978724834994,,,1.9927134535483504,0.0002544,,,,,stationary,5
0.054722397903053145,0.052483878369780496,synthetic_stationary,,,,0.046114691894394905,24.123931318926914,1.0,0.06012056939999283,-0.04600027051130527,0.046018499907409305,dma,1000,,,0.05282164706265787,0.0462867720067455,15.654691264530168,,,7.234669449087553,0.0028594,,,,,stationary,5
0.18983507539831954,0.15244539607018986,synthetic_stationary,,,,0.06394711802639726,30.555714599443295,1.0,0.27030274338568405,-0.03571386559016411,0.055392077285592256,ensemble_mean,1000,,,0.15898973602228048,0.08057039779215744,20.05784832247154,,,10.03229647944377,,,,,,stationary,5
0.05454412223036959,0.052401009457403745,synthetic_stationary,,,,0.04610271814205567,24.096592539431093,1.0,0.06012056939999283,-0.04610271814205567,0.046018499907409305,oracle_best_member,1000,,,0.05275156960800486,0.046272185541997524,15.6256695541857,,,7.232790955777048,,true,2,0.046272185541997524,,stationary,5
0.05454412223036959,0.052401009457403745,synthetic_stationary,,,,0.04610271814205567,24.096592539431093,1.0,0.06012056939999283,-0.04610271814205567,0.046018499907409305,validation_best_member,1000,,,0.05275156960800486,0.046272185541997524,15.6256695541857,,,7.232790955777048,,,,,2,stationary,5
0.011091597132841625,0.009007322767778457,synthetic_stationary,0.0065098000000000005,0.0,cholesky,0.003956789466840653,1.93956716244934,1.0,0.016781383795809734,-0.0003429621973669227,0.0034380903552181374,adaptive_ridge,1000,110,quadratic,0.00930279259457488,0.004892800395475724,1.4921084545583931,0.0009401,1,0.6201997290484251,,,,,,stationary,6
0.010712083051757533,0.008755797037345187,synthetic_stationary,0.0001286,0.0,,0.003849343277140083,1.8794005245217338,1.0,0.01608304748759881,-0.00029155820166272464,0.0032676146894365377,static_ridge,1000,,,0.00883285759323507,0.004752296563440931,1.4369062829737644,,,0.6033582725347463,,,,,,stationary,6
0.010847622936546066,0.008859408078431507,synthetic_stationary,,,,0.0038955622276451427,1.821576749413844,1.0,0.016178896993172376,-2.1634399171606803e-5,0.0033654878651422915,rolling_ridge,1000,,,0.009196283464216382,0.0048113992826759365,1.452993489984697,,,0.6106027774093077,0.0035462,,,,,stationary,6
0.01078463415723942,0.00879070316505335,synthetic_stationary,,,,0.003876047658931485,1.831832558513159,1.0,0.015502359998993409,-5.4239481735881485e-5,0.0033414307458736366,rls,1000,,,0.009026073767216205,0.004784829044996494,1.4600992802427817,,,0.6075440020233202,0.0038101,,,,,stationary,6
0.26299221763779096,0.2145828481286318,synthetic_stationary,,,,0.08792950212106082,41.604313099085815,1.0,0.4031346590204816,0.033600079662608286,0.07414421926968234,hedge,1000,,,0.22361500853605973,0.11141075599175672,24.722470347233482,,,13.782349009938114,0.0009613,,,,,stationary,6
0.5385743054772137,0.2588735739246725,synthetic_stationary,,,,0.07989800158932894,31.652884085396092,1.0,1.0938510304304025,-0.03723026332033932,0.04977688514112849,exp3,1000,,,0.35559426162141494,0.14105331312187216,21.605287191508967,,,12.523466146602544,0.001679,,,,,stationary,6
0.07707513514360294,0.06375525247137519,synthetic_stationary,,,,0.030325832210483985,11.450563793682422,1.0,0.10168202724375042,-0.027146426340753056,0.027873505593376396,fixed_share,1000,,,0.06549678157893032,0.03621846996916927,10.377427212602035,,,4.753367111828597,0.0015392,,,,,stationary,6
0.017272458422563714,0.0135613897975181,synthetic_stationary,,,,0.005645044932834926,2.3945754312180005,1.0,0.026628016925917486,-2.0965116697343686e-5,0.004784736324102201,passive_aggressive,1000,,,0.014001826995164248,0.007119179676584343,2.0533313750040225,,,0.8848222446886633,0.0002776,,,,,stationary,6
0.05756197693855878,0.055541880063270786,synthetic_stationary,,,,0.049375645581502724,20.630286304143443,1.0,0.06045680406467267,-0.04931475858442428,0.04940464465819261,dma,1000,,,0.055970700125276274,0.04953623428185411,15.890197958383666,,,7.739295271550087,0.0064976,,,,,stationary,6
0.2740734143124615,0.22230770565664926,synthetic_stationary,,,,0.09136816138600466,43.506263695384284,1.0,0.4364814199443069,0.0346912446886985,0.07616452688632375,ensemble_mean,1000,,,0.23039812396246845,0.11555957896876998,25.43888047698628,,,14.321335368014646,,,,,,stationary,6
0.05756217636632151,0.055542022628156,synthetic_stationary,,,,0.04940940139299644,20.692208399530223,1.0,0.060456884280462884,-0.04940940139299644,0.049404697718250734,oracle_best_member,1000,,,0.05597068632386709,0.049564585881279835,15.89453167813669,,,7.744586264492131,,true,8,0.049564585881279835,,stationary,6
0.05756217636632151,0.055542022628156,synthetic_stationary,,,,0.04940940139299644,20.692208399530223,1.0,0.060456884280462884,-0.04940940139299644,0.049404697718250734,validation_best_member,1000,,,0.05597068632386709,0.049564585881279835,15.89453167813669,,,7.744586264492131,,,,,8,stationary,6
0.17630578833397526,0.14074149105318257,synthetic_stationary,0.0070109,0.01,cholesky,0.05945135447160003,31.718248592125626,1.0,0.26914545687076086,-0.00032573597924583374,0.049242769914247156,adaptive_ridge,1000,110,quadratic,0.147573224772939,0.0743335061657894,18.435805797883155,0.000979,1,9.264894884474257,,,,,,stationary,7
0.17385558484448665,0.13841319829784196,synthetic_stationary,0.0001297,0.001,,0.058095128458185645,30.755996495512232,1.0,0.2782547779250245,0.00036976575307084405,0.04807419659510509,static_ridge,1000,,,0.14125630306945017,0.07305936386572791,17.938585655430263,,,9.05354071827311,,,,,,stationary,7
0.17715002931915236,0.14054811577832693,synthetic_stationary,,,,0.05961505748262031,29.32135020741659,1.0,0.2789535706108356,0.0017341636572866554,0.05050627450113071,rolling_ridge,1000,,,0.14584536710788984,0.0747915025712667,18.09105793349574,,,9.290406350156664,0.0107826,,,,,stationary,7
0.17479268401905682,0.13944297389750931,synthetic_stationary,,,,0.058857425106646835,29.656950775539602,1.0,0.2899909136906206,0.0002746423057393156,0.04921245953469392,rls,1000,,,0.14308098896440777,0.0738813889234263,17.87899224555204,,,9.172336974162516,0.0089962,,,,,stationary,7
0.21101320264925857,0.17133001335624354,synthetic_stationary,,,,0.07333632416002986,37.227294462235626,1.0,0.2938388195485524,-0.0028230526885342,0.0652791456543742,hedge,1000,,,0.17995949114012874,0.0908495003427733,21.923979235736773,,,11.428727580647168,0.0009294,,,,,stationary,7
0.6194101626200796,0.4887857350687661,synthetic_stationary,,,,0.23118992305022865,108.51039893306604,1.0,0.9396495494679404,-0.1313531511001121,0.2128331752727851,exp3,1000,,,0.48027054862683416,0.2766195541043229,53.6645334753791,,,36.02862128958344,0.0025658,,,,,stationary,7
0.20566220242305927,0.16659591786339414,synthetic_stationary,,,,0.07142683747576015,32.614844981150895,1.0,0.3034491975542839,-0.020215992932884425,0.060409421875301184,fixed_share,1000,,,0.17069796338448937,0.08844019243926608,20.95437286691355,,,11.131153310551888,0.0014871,,,,,stationary,7
0.17729301881478488,0.1399779273302811,synthetic_stationary,,,,0.058933182221190566,30.226748128779107,1.0,0.2844869993701328,-0.0014462158643277893,0.05059400085093141,passive_aggressive,1000,,,0.14042119963896796,0.07421361423028353,18.08720200526887,,,9.184142957545689,0.0003133,,,,,stationary,7
0.4072991477331713,0.3449255817148557,synthetic_stationary,,,,0.16627338839573375,81.65356478194225,1.0,0.5067385377582608,-0.15477465486354264,0.1563538850288676,dma,1000,,,0.35725820993322893,0.19686654639829337,42.74957479552571,,,25.912033111167148,0.0015696,,,,,stationary,7
0.2279545351023122,0.1833716160953551,synthetic_stationary,,,,0.07899973280256249,42.47075645018485,1.0,0.3082210531370504,0.01396414397680117,0.07052030072982277,ensemble_mean,1000,,,0.19389346899830087,0.09787750780820324,24.0117589910606,,,12.31131278374718,,,,,,stationary,7
0.48476785336102013,0.40902627059946944,synthetic_stationary,,,,0.19860766383209846,123.91965430971112,1.0,0.6876926569540238,-0.18212427462799063,0.18693693390529245,oracle_best_member,1000,,,0.4222622655632804,0.2357505196618863,48.432855358563344,,,30.951004312852113,,true,9,0.2357505196618863,,stationary,7
0.48476785336102013,0.40902627059946944,synthetic_stationary,,,,0.19860766383209846,123.91965430971112,1.0,0.6876926569540238,-0.18212427462799063,0.18693693390529245,validation_best_member,1000,,,0.4222622655632804,0.2357505196618863,48.432855358563344,,,30.951004312852113,,,,,9,stationary,7
0.09195630027040048,0.07409337641013056,synthetic_stationary,0.0067285999999999995,0.0001,cholesky,0.03151452118944083,17.615009310380717,1.0,0.13772229206149222,0.0009297038218986808,0.026491621384281128,adaptive_ridge,1000,110,quadratic,0.07665783587297481,0.039351481821479746,11.962208673115617,0.0008901,1,4.925559066183838,,,,,,stationary,8
0.08876502718508916,0.07217247470598417,synthetic_stationary,0.0001234,0.0001,,0.030830744283864318,17.160386425479224,1.0,0.130475906810804,0.0012797525692934263,0.026051258482696807,static_ridge,1000,,,0.07507152965265872,0.038337580329030105,11.90840413155653,,,4.818688220319996,,,,,,stationary,8
0.09063737770282629,0.07395237249269404,synthetic_stationary,,,,0.03137388316433001,17.494893317047016,1.0,0.12670766487197405,0.0033701756917761637,0.02681272485653735,rolling_ridge,1000,,,0.07817227995420682,0.03911954799898347,12.029439606345536,,,4.903578059540244,0.0259729,,,,,stationary,8
0.08949453665940897,0.07326244466297864,synthetic_stationary,,,,0.0311177321728171,17.569774319821324,1.0,0.12661174585749402,0.0019238756794207877,0.026218150947868724,rls,1000,,,0.0757014326145245,0.0387094301038183,11.917625119417828,,,4.863542964893744,0.0109655,,,,,stationary,8
0.17919548320667322,0.14555779468705757,synthetic_stationary,,,,0.0607940477347447,35.48486893876257,1.0,0.27825744367024385,-0.010566662865814319,0.05037313287963435,hedge,1000,,,0.15232889773050728,0.07638264910746619,19.399033538423144,,,9.50179985886049,0.0084717,,,,,stationary,8
0.4710647858260305,0.33139902235458996,synthetic_stationary,,,,0.13601557666661562,74.71304626249926,1.0,0.813716652157091,0.062313777119701375,0.1197376375933813,exp3,1000,,,0.31872595732248077,0.1760808754275326,34.862955265396096,,,21.258541507428777,0.0016978,,,,,stationary,8
0.16123230971261907,0.12902552601176942,synthetic_stationary,,,,0.053567581555702085,32.82182923243912,1.0,0.24706675090810126,0.01551134188246606,0.045274232277260296,fixed_share,1000,,,0.13371426392356997,0.06755253204641425,17.019171097071865,,,8.372340020626286,0.0015462,,,,,stationary,8
0.09211485113697122,0.07568645229096731,synthetic_stationary,,,,0.03266702165526919,18.234629851842183,1.0,0.13532758225695263,0.0027790954402154453,0.028146352805043878,passive_aggressive,1000,,,0.07862741692595698,0.04041468621060468,12.216524663171105,,,5.1056890159336055,0.000266,,,,,stationary,8
0.2551672079449653,0.21543905670000668,synthetic_stationary,,,,0.0969888016982191,58.88833618437745,1.0,0.3727034525502798,0.07574328019846789,0.08499809563492527,dma,1000,,,0.2200265293103328,0.11885348292043917,26.684194570950762,,,15.158855457497301,0.0017399,,,,,stationary,8
0.18335225148919876,0.14917670881660594,synthetic_stationary,,,,0.06225159261600282,36.54175118488564,1.0,0.28345790310325736,-0.010611428153861539,0.051477826756667955,ensemble_mean,1000,,,0.15372314587541616,0.07814123565658021,19.838776400351005,,,9.729606696257601,,,,,,stationary,8
0.27814533173397143,0.2367500700503981,synthetic_stationary,,,,0.11127482328367815,67.86889647834516,1.0,0.36411594560610355,0.09915150442852973,0.10356974315498596,oracle_best_member,1000,,,0.24447553869504288,0.13392897046727867,30.5870232546394,,,17.39168783076949,,true,7,0.13392897046727867,,stationary,8
0.27814533173397143,0.2367500700503981,synthetic_stationary,,,,0.11127482328367815,67.86889647834516,1.0,0.36411594560610355,0.09915150442852973,0.10356974315498596,validation_best_member,1000,,,0.24447553869504288,0.13392897046727867,30.5870232546394,,,17.39168783076949,,,,,7,stationary,8
0.0818064908754657,0.06595027742884699,synthetic_stationary,0.0065504,0.0001,cholesky,0.028251164671811185,23.400672146225237,1.0,0.12961328752228196,-0.0004813631582109699,0.024436376262944565,adaptive_ridge,1000,110,quadratic,0.06974345846100734,0.035209249582402645,9.91239740612272,0.0009682,1,4.434370042001903,,,,,,stationary,9
0.07922045841862274,0.06402999927832358,synthetic_stationary,0.000136,0.0001,,0.027238335895568292,20.190844155248527,1.0,0.11925694138732035,-0.0001887407537762133,0.023192604173499165,static_ridge,1000,,,0.06832985468440486,0.03403341736952667,9.608377525904222,,,4.275394026845604,,,,,,stationary,9
0.0807353626235532,0.06556726346142372,synthetic_stationary,,,,0.027752416386605396,18.516663483340377,1.0,0.11837996317143729,0.003036191314604988,0.02314775447314585,rolling_ridge,1000,,,0.06937274488439735,0.03475292551379525,9.708838686991447,,,4.356085324181999,0.0075477,,,,,stationary,9
0.08006988938536881,0.06476037037146641,synthetic_stationary,,,,0.02748033833003578,17.49924406950906,1.0,0.11602132977561253,0.0019208920684139334,0.0231256042553733,rls,1000,,,0.06738240920210897,0.03438457143539517,9.717340693065946,,,4.313379304902652,0.0086945,,,,,stationary,9
0.2487051367149551,0.20999323164706613,synthetic_stationary,,,,0.1009317177458386,81.58914740588831,1.0,0.33318998788084364,0.09026246282678332,0.09565430335898834,hedge,1000,,,0.21382282248506418,0.11997786535167214,27.951362440522978,,,15.842482625380727,0.0008924,,,,,stationary,9
0.5272399492427812,0.3527812131167951,synthetic_stationary,,,,0.15299020530159813,101.41305020225171,1.0,1.1137297218693551,0.09927319012914591,0.13180140178260524,exp3,1000,,,0.3542871476103988,0.18968304368152347,39.076075823064144,,,24.013706726436148,0.0071293,,,,,stationary,9
0.18412838817943314,0.15909689974536603,synthetic_stationary,,,,0.08446118842739472,57.21365216104759,1.0,0.2130865834003709,0.0811359904235371,0.08070782670704679,fixed_share,1000,,,0.1674909607639071,0.09608026079932583,24.952176392583528,,,13.25722914524733,0.0088728,,,,,stationary,9
0.09213730525896154,0.07486657488223598,synthetic_stationary,,,,0.031589203298080515,16.445467183246343,1.0,0.14197463381969344,0.0020095590720399905,0.026946004756325748,passive_aggressive,1000,,,0.07588352901167682,0.039688026699605715,10.230214584575712,,,4.9583165289990685,0.0002519,,,,,stationary,9
0.1986653477706365,0.179078829515975,synthetic_stationary,,,,0.119204134587606,85.50941214026622,1.0,0.25514033856440893,0.1190016497456976,0.11975836103777315,dma,1000,,,0.18302896429736532,0.1255597948489356,33.57716342709597,,,18.710564659497788,0.0015441,,,,,stationary,9
0.25627416448343215,0.21477674330152696,synthetic_stationary,,,,0.10204529532964675,83.29020059537622,1.0,0.33937184617419225,0.0888480075711186,0.0973327814219675,ensemble_mean,1000,,,0.22049457950812643,0.1219604294155918,28.088578575430653,,,16.01727241314515,,,,,,stationary,9
0.20417373425052054,0.18300667719046704,synthetic_stationary,,,,0.12390878268629726,87.38901008013686,1.0,0.2695575452052452,0.12390816928812273,0.12436292642524027,oracle_best_member,1000,,,0.18600082208886315,0.1299158581226245,34.69038531962409,,,19.449017421688293,,true,10,0.1299158581226245,,stationary,9
0.20417373425052054,0.18300667719046704,synthetic_stationary,,,,0.12390878268629726,87.38901008013686,1.0,0.2695575452052452,0.12390816928812273,0.12436292642524027,validation_best_member,1000,,,0.18600082208886315,0.1299158581226245,34.69038531962409,,,19.449017421688293,,,,,10,stationary,9
0.12596052716203354,0.10234003365781384,synthetic_stationary,0.0069391,0.0001,cholesky,0.04296308010106318,23.21285349494597,1.0,0.186411005924081,0.004136611859423749,0.036326636633412734,adaptive_ridge,1000,110,quadratic,0.10660829427741614,0.05408661080389681,15.315594904636878,0.0010228,1,6.657614496515101,,,,,,stationary,10
0.12355809863199703,0.10003152109416709,synthetic_stationary,0.0001365,0.0,,0.04213325007940741,22.657033470295392,1.0,0.17351916142183288,0.004358373125596014,0.035201343667304874,static_ridge,1000,,,0.10472139097586582,0.05295485524833348,15.204698488823107,,,6.529022962369433,,,,,,stationary,10
0.12463274479240816,0.1018192854240171,synthetic_stationary,,,,0.04301595072364153,23.190907736166263,1.0,0.17053461928067803,0.006496903958297863,0.036468359608693296,rolling_ridge,1000,,,0.10295137350869926,0.054099653032907584,14.897975428973982,,,6.665807396616522,0.0335493,,,,,stationary,10
0.12363172690914695,0.10069182208542192,synthetic_stationary,,,,0.04249470032542996,22.287924213645997,1.0,0.1651925810827588,0.0047844610297562125,0.035589880259169815,rls,1000,,,0.10192475883862966,0.05344534733315122,14.901199271127753,,,6.585033760292395,0.0098172,,,,,stationary,10
0.22286923811610002,0.18305086537277965,synthetic_stationary,,,,0.07942853563022736,41.98685415673139,1.0,0.30000122829387754,-0.04461893529545837,0.06968818810983465,hedge,1000,,,0.19474971392790882,0.09793133056365486,24.562291711451802,,,12.30834867995607,0.0011807,,,,,stationary,10
0.616963206400294,0.4482654894235647,synthetic_stationary,,,,0.18715713410975318,128.64191193189447,1.0,1.286347587417317,-0.13270529240636142,0.1592791074863312,exp3,1000,,,0.43321108729979607,0.24044163026674115,46.63880881186152,,,29.002111725794983,0.0024391,,,,,stationary,10
0.22313061326475384,0.1831904726513564,synthetic_stationary,,,,0.07958461743110765,41.80290356182434,1.0,0.3001342753335694,-0.04551878251491502,0.06991772698268944,fixed_share,1000,,,0.19527241656718353,0.09806153121233743,24.612590612655072,,,12.332535317826036,0.0098635,,,,,stationary,10
0.13565358682342157,0.11127276287521487,synthetic_stationary,,,,0.04590715852834942,19.80036357798473,1.0,0.20177306501762893,0.0033558487240043155,0.03646729555359385,passive_aggressive,1000,,,0.11664197086602965,0.058301115880174746,14.680824579082538,,,7.1138326999183805,0.0002847,,,,,stationary,10
0.3894609082944511,0.3202653815662502,synthetic_stationary,,,,0.14788637414925226,115.35434060501906,1.0,0.5401095188924941,-0.13216577116058298,0.13426961132465212,dma,1000,,,0.3315147272060989,0.1775108810434109,39.09419979206321,,,22.916663936968373,0.0015704,,,,,stationary,10
0.2228595057497575,0.1830535750359326,synthetic_stationary,,,,0.07942128093094436,42.00403125727675,1.0,0.29995955115181944,-0.04453184318265125,0.0696811117357368,ensemble_mean,1000,,,0.1949028125610871,0.09792766106258834,24.560159841640925,,,12.307224482365935,,,,,,stationary,10
0.41483770172821294,0.34461835234097676,synthetic_stationary,,,,0.1575345928734064,119.41342949123614,1.0,0.5573332280548464,-0.13772230893739063,0.13958403938924094,oracle_best_member,1000,,,0.35688423414821463,0.19049954039744832,41.36699774283799,,,24.411764397465557,,true,1,0.19049954039744832,,stationary,10
0.41483770172821294,0.34461835234097676,synthetic_stationary,,,,0.1575345928734064,119.41342949123614,1.0,0.5573332280548464,-0.13772230893739063,0.13958403938924094,validation_best_member,1000,,,0.35688423414821463,0.19049954039744832,41.36699774283799,,,24.411764397465557,,,,,1,stationary,10
0.17988452187301326,0.1482422014932239,synthetic_stationary,0.0062547,0.001,cholesky,0.06517872309758113,27.104700289578638,1.0,0.2695893899854793,0.01900147359448353,0.05735015572082608,adaptive_ridge,1000,110,quadratic,0.1549789176471586,0.08054190939927501,21.068915445166354,0.0009725,1,10.177201606462663,,,,,,stationary,11
0.17806465376529715,0.1461708528444736,synthetic_stationary,0.0001268,0.0,,0.06424457463405284,27.16641719967844,1.0,0.25319333393067145,0.019115371806238984,0.05563405088715921,static_ridge,1000,,,0.15261241355991542,0.07922520445903027,20.725646999084418,,,10.031340859398604,,,,,,stationary,11
0.18245640581147654,0.1507454623750234,synthetic_stationary,,,,0.06288470371087318,29.884206231563322,1.0,0.2265045343713373,0.01792335109325543,0.05210976571621323,rolling_ridge,1000,,,0.15917401892346003,0.07914200896544592,22.248536397989632,,,9.819006528711485,0.0097853,,,,,stationary,11
0.18193512917460755,0.14842619986049627,synthetic_stationary,,,,0.060701513017649894,30.13735854129208,1.0,0.2408469587080614,0.013955607102319259,0.049642353211456935,rls,1000,,,0.15501670960363603,0.07707317352914385,21.282712984931926,,,9.4781165760651,0.0141315,,,,,stationary,11
0.23667032566558482,0.1918329317974201,synthetic_stationary,,,,0.08237744185530994,31.151732763638513,1.0,0.328402348768634,0.04366987764732432,0.07133170471298583,hedge,1000,,,0.19617594294515928,0.10266097782864335,25.06000980365947,,,12.862661214319772,0.0010742,,,,,stationary,11
0.5547932855747914,0.4311668405457283,synthetic_stationary,,,,0.17695898986088057,73.66361601633204,1.0,1.0803404247512935,0.02476873628911586,0.14485585840698612,exp3,1000,,,0.44014761908499156,0.22569796159618422,42.67518204663774,,,27.63090822129039,0.0015353,,,,,stationary,11
0.21001721019871447,0.17104234017776676,synthetic_stationary,,,,0.07381407205514534,26.875821846036292,1.0,0.31131057103166593,0.0404564623753921,0.06405247944606585,fixed_share,1000,,,0.17756458238773065,0.09170721452285517,22.232542872597396,,,11.525550931313886,0.001504,,,,,stationary,11
0.1903795715432336,0.154772360688269,synthetic_stationary,,,,0.06357426697050284,27.543932877767404,1.0,0.2847714942421128,0.009079407582275706,0.05128384987182391,passive_aggressive,1000,,,0.1614193177751505,0.08049001787040971,21.03723462118249,,,9.92667700736069,0.0003154,,,,,stationary,11
0.3659073017238792,0.2931316949458314,synthetic_stationary,,,,0.12298556222817468,51.444972182784646,1.0,0.5138047866192257,0.05710892211640449,0.10640704655349609,dma,1000,,,0.30479926363607185,0.1544263351786978,31.503117856594823,,,19.203335106863175,0.0016732,,,,,stationary,11
0.24163365163871248,0.19612928493634268,synthetic_stationary,,,,0.08444281836400855,32.60110638378699,1.0,0.3195093607376743,0.03949805582007346,0.07481047909142352,ensemble_mean,1000,,,0.204525291268757,0.10484242984062665,25.391283808547776,,,13.185155306307557,,,,,,stationary,11
0.41726918088548376,0.34278966833717384,synthetic_stationary,,,,0.14667622394530683,70.97298878155522,1.0,0.5651958997244053,0.11744360018906311,0.1254422787008647,oracle_best_member,1000,,,0.3568639830472145,0.18209038017980814,37.21066094480483,,,22.9024661887163,,true,1,0.18209038017980814,,stationary,11
0.41726918088548376,0.34278966833717384,synthetic_stationary,,,,0.14667622394530683,70.97298878155522,1.0,0.5651958997244053,0.11744360018906311,0.1254422787008647,validation_best_member,1000,,,0.3568639830472145,0.18209038017980814,37.21066094480483,,,22.9024661887163,,,,,1,stationary,11
0.15128132379569906,0.12292747007806301,synthetic_stationary,0.0064766,0.001,cholesky,0.052473568679300114,36.34527536408106,1.0,0.21581766610345654,0.0058821727745021705,0.04355289040703818,adaptive_ridge,1000,110,quadratic,0.12332107448581713,0.06563640343784932,18.56684853664526,0.0009722,1,8.301959994028936,,,,,,stationary,12
0.1486695632283143,0.1206921274615206,synthetic_stationary,0.0001252,0.001,,0.05202041358924102,34.69149140232125,1.0,0.22137781647733534,0.005773419207308319,0.04301104079584732,static_ridge,1000,,,0.12129757105370667,0.06470527223118135,18.26535194748099,,,8.230265319482333,,,,,,stationary,12
0.15775474326950134,0.12409434778944271,synthetic_stationary,,,,0.053419396367182306,35.63680759098441,1.0,0.25414910711414573,0.007065638656285923,0.0441962436395209,rolling_ridge,1000,,,0.1269673418995875,0.06653015600527025,18.645525951939756,,,8.45160149590644,0.0075199,,,,,stationary,12
0.15405469636267716,0.12210158475084519,synthetic_stationary,,,,0.05251278877186641,34.03592013781645,1.0,0.22948950617136943,0.005452432676740904,0.04446631825292856,rls,1000,,,0.12600480758265736,0.06541632443860003,18.453821141487218,,,8.3081650920934,0.0061901,,,,,stationary,12
0.23319404421931827,0.18896517376907515,synthetic_stationary,,,,0.08130388018525764,51.28460212697298,1.0,0.3235519296878191,0.04811893812097143,0.06925183440003879,hedge,1000,,,0.19415465376771768,0.10081266389458937,25.808029346222995,,,12.863267691636894,0.0011458,,,,,stationary,12
0.5464866892104725,0.4160378474218091,synthetic_stationary,,,,0.1788779075434879,131.668179522325,1.0,1.0037272659207674,0.052411917268984726,0.158875457977954,exp3,1000,,,0.41627604228834275,0.22419510054057587,43.87362058390997,,,28.30067154985523,0.0017689,,,,,stationary,12
0.21001536438304577,0.1728911252089695,synthetic_stationary,,,,0.07428905421388544,56.07507853211659,1.0,0.2974539865476967,0.05072013283266239,0.063958621592071,fixed_share,1000,,,0.18034931648137908,0.09257511573746793,24.956445552248347,,,11.753436474794567,0.0014669,,,,,stationary,12
0.16392050963538182,0.12785537162979216,synthetic_stationary,,,,0.05405618191644605,34.9688363865164,1.0,0.23408330297519553,0.0031942134837500526,0.0453726974620845,passive_aggressive,1000,,,0.12952304502423687,0.06809986338627161,19.088774457834567,,,8.552348753770165,0.0002107,,,,,stationary,12
0.31138419351022106,0.25006154884162113,synthetic_stationary,,,,0.1074513279036827,75.48432933603473,1.0,0.44521472020140707,0.039528563005810605,0.0916860767012661,dma,1000,,,0.2520158482534154,0.13400795363461124,30.48296239518657,,,17.00011354313623,0.0235299,,,,,stationary,12
0.2453953669015238,0.1996888912837319,synthetic_stationary,,,,0.08620739974646338,52.32814941293653,1.0,0.33848849496280553,0.05245176624231982,0.0733418924835503,ensemble_mean,1000,,,0.20606311980392186,0.1066856340393088,26.7665873489497,,,13.639064426100797,,,,,,stationary,12
0.419294123862709,0.3394844412115763,synthetic_stationary,,,,0.1442264259396958,113.1017530842215,1.0,0.5966425766446658,-0.02656563104573157,0.12283643251485515,oracle_best_member,1000,,,0.3556016502550616,0.18065370839023218,38.51912911244548,,,22.818383585667384,,true,1,0.18065370839023218,,stationary,12
0.419294123862709,0.3394844412115763,synthetic_stationary,,,,0.1442264259396958,113.1017530842215,1.0,0.5966425766446658,-0.02656563104573157,0.12283643251485515,validation_best_member,1000,,,0.3556016502550616,0.18065370839023218,38.51912911244548,,,22.818383585667384,,,,,1,stationary,12
0.017340169398401096,0.01414615033129668,synthetic_stationary,0.0078235,0.0,cholesky,0.00628872369268447,2.598918907793938,1.0,0.024229736503178834,-0.0002318370804800047,0.005630015274897024,adaptive_ridge,1000,110,quadratic,0.014848902256421413,0.007691215274557302,2.5791977223647033,0.0015134,1,0.9748518998025154,,,,,,stationary,13
0.017088828400699543,0.013840594516038033,synthetic_stationary,0.000254,0.0,,0.006204430260849583,2.5431704701621496,1.0,0.025205210034172754,-0.00028224954070430456,0.005669652685093035,static_ridge,1000,,,0.014455568824304845,0.007582356166858383,2.5433279852104085,,,0.9617850811313908,,,,,,stationary,13
0.017299344097158206,0.01414244348914863,synthetic_stationary,,,,0.006248087289038337,2.5805744056790934,1.0,0.026475435153424876,-0.0004441934504112698,0.005547899757719035,rolling_ridge,1000,,,0.015041266977894067,0.007698559231471617,2.5517454645857636,,,0.968552612819744,0.0086175,,,,,stationary,13
0.017195466980120897,0.013991404534422228,synthetic_stationary,,,,0.006234066301671316,2.5632272828017157,1.0,0.025656622406144636,-0.0002591193013032546,0.005599121519872158,rls,1000,,,0.014684419710691086,0.0076604170067769,2.537015903662043,,,0.9663791374311294,0.0111208,,,,,stationary,13
0.2020857240858039,0.16182017731931667,synthetic_stationary,,,,0.06903991471082382,29.131325336236465,1.0,0.33187479665903175,0.04339377534513718,0.05747973767333245,hedge,1000,,,0.16791223841822178,0.08649765368735993,21.13107771874811,,,10.7022816245438,0.0019882,,,,,stationary,13
0.5235448774797409,0.3382204029044607,synthetic_stationary,,,,0.14055484944285565,64.57438569093648,1.0,1.45791017116389,0.039528148042375054,0.10749166392524293,exp3,1000,,,0.33946549497188394,0.18035321546705124,36.97698528893763,,,21.788230601579272,0.0022384,,,,,stationary,13
0.12075426446058429,0.10315780051325384,synthetic_stationary,,,,0.04935716343972775,18.89073584019158,1.0,0.17559531892424057,0.04562844747758322,0.045334804710791765,fixed_share,1000,,,0.10583784065374721,0.058374848818946466,16.05553382803306,,,7.651143045774776,0.0012939,,,,,stationary,13
0.036360361804875535,0.028657225983107406,synthetic_stationary,,,,0.01190060208268224,5.002919544267782,1.0,0.0625344984184888,7.727120898189022e-5,0.009926645884089268,passive_aggressive,1000,,,0.02974693387757729,0.014978471177850979,4.633729377841551,,,1.8447820441836413,0.0002686,,,,,stationary,13
0.11518686719676129,0.10909199669463097,synthetic_stationary,,,,0.09166462454863805,38.311226743329215,1.0,0.14629299737475743,0.09166462454863805,0.09160753404167515,dma,1000,,,0.10966001556174734,0.09238849782574904,28.113598863692243,,,14.209470435133587,0.0016768,,,,,stationary,13
0.2143631261786575,0.17199605948992336,synthetic_stationary,,,,0.07217677786655738,31.4084468999238,1.0,0.3511317182467066,0.03624206051569773,0.05896410060885093,ensemble_mean,1000,,,0.18057009293413628,0.0912174139231597,22.083988028209557,,,11.188545158485457,,,,,,stationary,13
0.11903036993105376,0.11461436540358795,synthetic_stationary,,,,0.10008145305168903,43.149324991940816,1.0,0.12541313955587313,0.10008145305168903,0.10004832620788723,oracle_best_member,1000,,,0.11488542147019704,0.1005266223952057,30.47562366253214,,,15.5142123283187,,true,6,0.1005266223952057,,stationary,13
0.11903036993105376,0.11461436540358795,synthetic_stationary,,,,0.10008145305168903,43.149324991940816,1.0,0.12541313955587313,0.10008145305168903,0.10004832620788723,validation_best_member,1000,,,0.11488542147019704,0.1005266223952057,30.47562366253214,,,15.5142123283187,,,,,6,stationary,13
0.21941743772008734,0.17963058688167793,synthetic_stationary,0.027159100000000002,0.0001,cholesky,0.07561896585361563,36.732527778731594,1.0,0.2867784978467748,0.02621273237433522,0.06516011029579855,adaptive_ridge,1000,110,quadratic,0.18714516450618313,0.09450700243017536,23.87035570853516,0.0009584,1,11.791345136370163,,,,,,stationary,14
0.21434519036804217,0.176292022513417,synthetic_stationary,0.0001435,0.0001,,0.07528530061679342,37.13699453344708,1.0,0.29123050824971475,0.026842132360591252,0.06520052338468629,static_ridge,1000,,,0.18683926010435262,0.09334038335325757,23.77109592367516,,,11.739316363919139,,,,,,stationary,14
0.21856959369589016,0.1550852253929162,synthetic_stationary,,,,0.05474460903615537,41.68601698900316,1.0,0.39834232510783324,0.012702917798153766,0.03845440769426217,rolling_ridge,1000,,,0.15645704905788788,0.07652021608066698,22.54894144706293,,,8.53638465184184,0.0078141,,,,,stationary,14
0.2122383797278544,0.1509546854891087,synthetic_stationary,,,,0.05291371105566888,42.71280585785741,1.0,0.38450200908279053,0.013318341408443329,0.038416106475456846,rls,1000,,,0.15763411733797963,0.07433507292798763,22.588438432477506,,,8.25089079783713,0.0079986,,,,,stationary,14
0.3081252556530643,0.25660455074785865,synthetic_stationary,,,,0.11485246568911925,55.0639395153603,1.0,0.45163126452854485,0.08922383061604713,0.0985979468131116,hedge,1000,,,0.2640465656015864,0.14054437549845117,32.653809176725886,,,17.909066163707188,0.0008907,,,,,stationary,14
0.7227883322304123,0.48798427108570736,synthetic_stationary,,,,0.266332434629807,133.88819320861,1.0,1.3217541189131068,0.20775194449711126,0.248065865978413,exp3,1000,,,0.5230794511759933,0.2982649423908039,61.753391759599474,,,41.52949755765066,0.0014833,,,,,stationary,14
0.30863863914009665,0.2569897703750112,synthetic_stationary,,,,0.11529314443597928,55.17038141596866,1.0,0.4535479411792077,0.09035117796620332,0.09901183860150087,fixed_share,1000,,,0.26502519512096434,0.14092154681982924,32.74523808521969,,,17.977781665695787,0.0013134,,,,,stationary,14
0.2308545065973551,0.17431027347789055,synthetic_stationary,,,,0.0657227148368053,41.66996229186518,1.0,0.3737006575850892,0.003960948600121006,0.04963752708714653,passive_aggressive,1000,,,0.17844911397116914,0.08760302468241248,22.5868239767704,,,10.248212273098066,0.0002802,,,,,stationary,14
0.3793026109251514,0.31428156422926473,synthetic_stationary,,,,0.1939417646788305,93.41384576043583,1.0,0.5280728788757735,0.18777012710159957,0.2032757651798448,dma,1000,,,0.30961404924807584,0.21053327988907344,48.55618400257702,,,30.241544007777943,0.0015378,,,,,stationary,14
0.3080497803780325,0.25651520434962216,synthetic_stationary,,,,0.11477673314942693,55.03166514141622,1.0,0.45138145196339063,0.08904276048189293,0.09833795565116138,ensemble_mean,1000,,,0.2638842711163973,0.14047362640756714,32.63721473456569,,,17.89725710888231,,,,,,stationary,14
0.2705511685232915,0.2645907774712053,synthetic_stationary,,,,0.24813333709555152,121.35945406811864,1.0,0.2951301680290124,0.24813333709555152,0.24794193531769004,oracle_best_member,1000,,,0.2649710599637725,0.24835716408552808,59.44995511594273,,,38.691693076004086,,true,8,0.24835716408552808,,stationary,14
0.2705511685232915,0.2645907774712053,synthetic_stationary,,,,0.24813333709555152,121.35945406811864,1.0,0.2951301680290124,0.24813333709555152,0.24794193531769004,validation_best_member,1000,,,0.2649710599637725,0.24835716408552808,59.44995511594273,,,38.691693076004086,,,,,8,stationary,14
0.0318107597893798,0.025297260262147826,synthetic_stationary,0.0235474,0.0001,cholesky,0.010533979498723232,14.438234344924345,1.0,0.045808710004850206,-0.00020348350841477528,0.008865419422144888,adaptive_ridge,1000,110,quadratic,0.02605238911543484,0.013321891525949795,4.9368869223001814,0.0177943,1,1.648210791152619,,,,,,stationary,15
0.0306865135973403,0.02479093963305841,synthetic_stationary,0.0001908,1.0e-6,,0.010380007329105292,14.315532985714102,1.0,0.044338658684036636,-0.000456311537157756,0.008615501389781677,static_ridge,1000,,,0.025967595027270387,0.013037439233296078,4.960174529026972,,,1.6241193647802563,,,,,,stationary,15
0.031182028572308552,0.025214791456713733,synthetic_stationary,,,,0.010538479172995363,15.209840441772663,1.0,0.04511311255448969,-0.00019725527070798288,0.009064961635919078,rolling_ridge,1000,,,0.026161563750166407,0.013265872034677802,4.99053216304529,,,1.6489148376806093,0.0088288,,,,,stationary,15
0.03114623007859122,0.025189677024623384,synthetic_stationary,,,,0.010501525581049696,15.087225641947501,1.0,0.04635838156634908,-4.0936434610549103e-5,0.008805919516312988,rls,1000,,,0.025958580526673464,0.013235962111791766,4.9602579987184745,,,1.6431328529117877,0.010051,,,,,stationary,15
0.35911638342671637,0.31586955579958326,synthetic_stationary,,,,0.17813785404516905,212.76036262593016,1.0,0.45682882416870163,0.17660682330741392,0.17668114201104076,hedge,1000,,,0.32620947143733403,0.1977230146651817,46.47883801359991,,,27.872537001387236,0.0011495,,,,,stationary,15
0.5972467328822225,0.2830534126754065,synthetic_stationary,,,,0.05434847187750242,29.92824553844468,1.0,1.4285908579660975,0.006149108344723456,0.015618885893172396,exp3,1000,,,0.38009147684350136,0.1521049599503619,14.002091156502763,,,8.503693959344744,0.0015252,,,,,stationary,15
0.03312972165292918,0.026942143800049886,synthetic_stationary,,,,0.011506858266862643,16.490288607645372,1.0,0.04691992216800278,-0.0044089569819171556,0.009684212880113285,fixed_share,1000,,,0.027804204794618387,0.014375965986735231,5.114923611095291,,,1.800433347151043,0.0014653,,,,,stationary,15
0.0370726504007913,0.029898225889310754,synthetic_stationary,,,,0.012388326974136468,19.563269105816296,1.0,0.05748981109047069,1.1024500012159582e-5,0.010201927837684477,passive_aggressive,1000,,,0.030887768923103916,0.01564680972691313,5.569103082504984,,,1.9383533265442205,0.0003421,,,,,stationary,15
0.04013943633226408,0.03305618633477189,synthetic_stationary,,,,0.015283449525851372,12.58152781228411,1.0,0.0602980184276567,-0.012655228739070401,0.014088477415963807,dma,1000,,,0.03425747402727684,0.018437923448799572,6.831728529923941,,,2.3913418891310543,0.0027103,,,,,stationary,15
0.36537582881943864,0.32002302018787854,synthetic_stationary,,,,0.17702378581893882,213.83379728541732,1.0,0.46276377587750395,0.1748521201233015,0.1717305421195044,ensemble_mean,1000,,,0.33549253616646174,0.19792026106546207,46.30680925065016,,,27.6982230801597,,,,,,stationary,15
0.04013943633226408,0.03305618633477189,synthetic_stationary,,,,0.015277279256054259,12.505475779090172,1.0,0.0602980184276567,-0.012698367435955914,0.014075383257063027,oracle_best_member,1000,,,0.03425747402727684,0.018428302634980975,6.7201751608372575,,,2.3903764510204946,,true,2,0.018428302634980975,,stationary,15
0.04013943633226408,0.03305618633477189,synthetic_stationary,,,,0.015277279256054259,12.505475779090172,1.0,0.0602980184276567,-0.012698367435955914,0.014075383257063027,validation_best_member,1000,,,0.03425747402727684,0.018428302634980975,6.7201751608372575,,,2.3903764510204946,,,,,2,stationary,15
0.1044957680338421,0.08614948318246267,synthetic_stationary,0.0056542,0.0,cholesky,0.03702862734210685,14.53118601238597,1.0,0.1370118367243809,0.0041097495410344015,0.032536719713094464,adaptive_ridge,1000,110,quadratic,0.08816909757405643,0.04597668086838263,12.4084461938182,0.0008788,1,5.780936383605727,,,,,,stationary,16
0.10418909345076947,0.08535995291335532,synthetic_stationary,0.0001963,0.0,,0.036627026267962,14.827675065643545,1.0,0.14414200161464985,0.004150255828016546,0.03199927085581168,static_ridge,1000,,,0.08585716064652496,0.04545211592739984,12.559763521689753,,,5.718238130176844,,,,,,stationary,16
0.10800258438483659,0.08704252937744471,synthetic_stationary,,,,0.037142873102516405,14.837086814790116,1.0,0.13890101303924252,0.0060506866058677436,0.03198106199101508,rolling_ridge,1000,,,0.08939778583859968,0.046320086958204484,12.758894427244496,,,5.798772515280889,0.0037831,,,,,stationary,16
0.10667495569875446,0.08605601927321822,synthetic_stationary,,,,0.036857331477541264,14.968716363455211,1.0,0.13926596541258318,0.003938054880836791,0.03194926845570553,rls,1000,,,0.0878931559812324,0.0459072083720257,12.65424360212888,,,5.754193547942944,0.0078409,,,,,stationary,16
0.26460816509481266,0.21979028800091238,synthetic_stationary,,,,0.09650373875573175,44.91454504861192,1.0,0.3691313212777996,-0.07552996646799047,0.0823874680964809,hedge,1000,,,0.22206324768421157,0.11900113483816284,27.447354993290656,,,15.06623427794743,0.0023998,,,,,stationary,16
0.624375775268242,0.44281540979217143,synthetic_stationary,,,,0.17735138489129174,78.38174904787414,1.0,1.175564582041859,-0.08905304712260953,0.15389102418352466,exp3,1000,,,0.44764725584872855,0.22884135178467233,43.101005088772176,,,27.68822792507535,0.0018101,,,,,stationary,16
0.21107978104497774,0.17486727863211263,synthetic_stationary,,,,0.07477234176461055,38.6520040925222,1.0,0.32729840429028256,-0.052422623827534875,0.06320408152902507,fixed_share,1000,,,0.17809501667963556,0.09334505680093085,22.790267672238887,,,11.67351268522191,0.0013933,,,,,stationary,16
0.11396857616334347,0.09099886778833875,synthetic_stationary,,,,0.0393888997475753,14.870473402656284,1.0,0.15944162652259064,0.0007804497400042014,0.03465807852474073,passive_aggressive,1000,,,0.09415609582469926,0.048946942039859706,13.238744857996881,,,6.1494238378645925,0.0002639,,,,,stationary,16
0.3095751838181345,0.26329183747948887,synthetic_stationary,,,,0.127928277320998,54.24087204367902,1.0,0.4291098330805705,-0.1148894439897464,0.1203075626653638,dma,1000,,,0.2718734154359764,0.1510219849333243,34.52692497029152,,,19.97225622284929,0.0016283,,,,,stationary,16
0.28296494254843746,0.23597993342853651,synthetic_stationary,,,,0.1051906033781031,47.64895776147854,1.0,0.3933715927610214,-0.08673483177483958,0.09151170577404738,ensemble_mean,1000,,,0.23630866523382915,0.12893655280471567,29.263980092550266,,,16.422433936415967,,,,,,stationary,16
0.3293286511340356,0.28201524327002064,synthetic_stationary,,,,0.1405972358742203,57.5603642445622,1.0,0.46891873494446734,-0.1331166115783854,0.13874094887673288,oracle_best_member,1000,,,0.28937772487763264,0.16413732849839788,37.4404136155423,,,21.950143298329213,,true,5,0.16413732849839788,,stationary,16
0.3293286511340356,0.28201524327002064,synthetic_stationary,,,,0.1405972358742203,57.5603642445622,1.0,0.46891873494446734,-0.1331166115783854,0.13874094887673288,validation_best_member,1000,,,0.28937772487763264,0.16413732849839788,37.4404136155423,,,21.950143298329213,,,,,5,stationary,16
0.0029352360034190193,0.002379441285990772,synthetic_stationary,0.0070045,0.0,cholesky,0.001019505635794297,0.5154115047946558,1.0,0.003919017723850171,2.1325946591663882e-5,0.0008820668940204834,adaptive_ridge,1000,110,quadratic,0.0024641049068435533,0.0012654324225641206,0.5207230400006299,0.0013508,1,0.15873095927094796,,,,,,stationary,17
0.002865683239123927,0.0023392420939391434,synthetic_stationary,0.000299,0.0,,0.0009976719425062624,0.5005524839709161,1.0,0.003816877190341683,1.1891955928291783e-5,0.0008570839589912005,static_ridge,1000,,,0.0024032290385157303,0.0012404706074327944,0.5036499018377816,,,0.15533158318281357,,,,,,stationary,17
0.003002639020156481,0.002400544737512695,synthetic_stationary,,,,0.0010140391286437701,0.5133926238941158,1.0,0.004053040054565027,-7.447145466335056e-6,0.0008507353595624823,rolling_ridge,1000,,,0.0025536218749941135,0.001266352401387133,0.5163530774509285,,,0.15787985664493004,0.0091837,,,,,stationary,17
0.0029744346561117684,0.0023779243883347606,synthetic_stationary,,,,0.0010091631754329542,0.5057828741454605,1.0,0.003966541630892162,-7.728955501013036e-6,0.0008635737115858522,rls,1000,,,0.0025017062586379975,0.0012573540312795029,0.5069371521991777,,,0.1571206997522758,0.0033908,,,,,stationary,17
0.22832706435003472,0.19047577377956593,synthetic_stationary,,,,0.08294304676914076,37.63858218420666,1.0,0.3309079090096758,-0.06728364666573584,0.0711120273218968,hedge,1000,,,0.19690222044591765,0.10222069911680406,24.845555743504374,,,12.913738694797377,0.0011754,,,,,stationary,17
0.5446333710223719,0.340253787219758,synthetic_stationary,,,,0.14713978671196784,65.20543661368816,1.0,1.036828114411462,-0.09431098888444486,0.12359600270732077,exp3,1000,,,0.4071413391995637,0.1828980929003458,38.59585724379818,,,22.908788997048514,0.001511,,,,,stationary,17
0.19872905977738925,0.16422250533113697,synthetic_stationary,,,,0.07784690831941786,37.04031386494332,1.0,0.30362198612986546,-0.07181731467679064,0.07291531843647558,fixed_share,1000,,,0.17167045432152253,0.09278249798217428,23.684823993490344,,,12.120300271014804,0.0019628,,,,,stationary,17
0.05459356628967735,0.04246604753576635,synthetic_stationary,,,,0.016371996666227163,7.164067401194958,1.0,0.08403112726702094,0.0004970819588532318,0.013008228769656044,passive_aggressive,1000,,,0.04346104487648202,0.021423559721837994,6.892466960280865,,,2.549022432805209,0.0002925,,,,,stationary,17
0.14477555077858872,0.1336968502461747,synthetic_stationary,,,,0.11462431361244026,57.05586411344278,1.0,0.19172862680655123,-0.11437977696501149,0.12026839072137538,dma,1000,,,0.13261786955931348,0.11633324603184562,33.684086316000105,,,17.846323371524417,0.0016069,,,,,stationary,17
0.2317941806482647,0.19334517739518567,synthetic_stationary,,,,0.08332543900612557,37.773307768519224,1.0,0.3288179705594272,-0.06544804296151284,0.07249552193139656,ensemble_mean,1000,,,0.198905841670239,0.10321469882317215,24.88329282805274,,,12.973274890050554,,,,,,stationary,17
0.12479574077620433,0.12450018226853002,synthetic_stationary,,,,0.12356909965652883,59.712417773402116,1.0,0.12577581913692526,-0.12356909965652883,0.12356279110844273,oracle_best_member,1000,,,0.12456640247034798,0.12357047877130412,35.45822329908254,,,19.238973318128576,,true,8,0.12357047877130412,,stationary,17
0.12479574077620433,0.12450018226853002,synthetic_stationary,,,,0.12356909965652883,59.712417773402116,1.0,0.12577581913692526,-0.12356909965652883,0.12356279110844273,validation_best_member,1000,,,0.12456640247034798,0.12357047877130412,35.45822329908254,,,19.238973318128576,,,,,8,stationary,17
0.07153815767132057,0.058594069042123574,synthetic_stationary,0.1273965,0.0,cholesky,0.02527604001325894,12.010162871934627,1.0,0.09810142570841252,-0.0025883786384809306,0.020654209833869702,adaptive_ridge,1000,110,quadratic,0.060520799903891115,0.03148069258209061,9.550874392639749,0.0010258,1,3.978776712050239,,,,,,stationary,18
0.07000032583122738,0.057130360502260086,synthetic_stationary,0.0001437,0.0,,0.024825970260530864,11.863100119619746,1.0,0.09801032672471865,-0.002802536355079817,0.02106395298532554,static_ridge,1000,,,0.05939029952832154,0.030761431088041035,9.397288758758078,,,3.9079298922947183,,,,,,stationary,18
0.06936323670123948,0.05744968503612212,synthetic_stationary,,,,0.0251117915198156,12.09328959860593,1.0,0.09908269587404195,-0.002781539675960185,0.021214847270684192,rolling_ridge,1000,,,0.05875138254199981,0.031032993275125178,9.568550193959176,,,3.952921867685422,0.0253137,,,,,stationary,18
0.06979933037614902,0.057478571876543906,synthetic_stationary,,,,0.025040730686921392,12.089760180809177,1.0,0.10012398326435878,-0.0020191432157281993,0.0213403952137345,rls,1000,,,0.059542920540203756,0.03095107970009006,9.572226749140942,,,3.94173597041235,0.0040293,,,,,stationary,18
0.26757225454566985,0.23169620892876025,synthetic_stationary,,,,0.11179271283352117,56.75793951646483,1.0,0.34737517024166853,0.1023755818250212,0.10416595058154754,hedge,1000,,,0.23955128012579913,0.13216724801077778,30.370726593122683,,,17.597623764070956,0.0009194,,,,,stationary,18
0.5659567912854607,0.38502959110481416,synthetic_stationary,,,,0.19898019772681153,102.12206889122714,1.0,1.2229903593852023,-0.1131965567523102,0.17928321595584035,exp3,1000,,,0.4029513875709605,0.22644870274733767,50.387978524617424,,,31.32206534169483,0.0016597,,,,,stationary,18
0.13727384276195329,0.10882064832450904,synthetic_stationary,,,,0.04660153559401196,24.80661607821894,1.0,0.19620651452043303,-0.027371995276476734,0.04000602802365211,fixed_share,1000,,,0.11520895255154212,0.05804821315262413,15.642701456693896,,,7.335686463147378,0.0015447,,,,,stationary,18
0.07853748465366442,0.06361883966676674,synthetic_stationary,,,,0.0274004187560978,11.857333074829732,1.0,0.11310183292931425,0.002203791857947083,0.023462282981190685,passive_aggressive,1000,,,0.06640871284329354,0.034007404330707224,9.84519582207541,,,4.313181494806872,0.0002564,,,,,stationary,18
0.228068345206688,0.2103853255332762,synthetic_stationary,,,,0.15183876879923214,73.8735384619304,1.0,0.26929070803452104,-0.15000960980902034,0.15710778826496402,dma,1000,,,0.2149022762476247,0.15805653773275968,41.61408692884804,,,23.90139266150307,0.0017787,,,,,stationary,18
0.2792520228319988,0.24345587487051545,synthetic_stationary,,,,0.1177240404978255,60.021848634130905,1.0,0.3488199875716544,0.10800942082893943,0.11089987587103456,ensemble_mean,1000,,,0.2533535805256073,0.13900257196938193,31.589327718842444,,,18.53129171086539,,,,,,stationary,18
0.23669410465842794,0.22284700120702572,synthetic_stationary,,,,0.1776145193775741,87.09204557068819,1.0,0.2635378781480925,-0.1776145193775741,0.17704646994313594,oracle_best_member,1000,,,0.225301080182748,0.17998622796462854,47.4485149886741,,,27.958830301375663,,true,1,0.17998622796462854,,stationary,18
0.23669410465842794,0.22284700120702572,synthetic_stationary,,,,0.1776145193775741,87.09204557068819,1.0,0.2635378781480925,-0.1776145193775741,0.17704646994313594,validation_best_member,1000,,,0.225301080182748,0.17998622796462854,47.4485149886741,,,27.958830301375663,,,,,1,stationary,18
0.1538300681413854,0.12505027677125477,synthetic_stationary,0.0250337,0.001,cholesky,0.05158789085471007,32.23306130366594,1.0,0.223276738562036,0.004613619796822776,0.042518468636135676,adaptive_ridge,1000,110,quadratic,0.12889690511932891,0.06533579461289388,17.831620043723547,0.0188778,1,8.151237367025214,,,,,,stationary,19
0.15192170530763552,0.12267072298894194,synthetic_stationary,0.0001293,0.001,,0.05030354158718456,32.152746880258306,1.0,0.21314190963351298,0.004628231409267475,0.04052508265130257,static_ridge,1000,,,0.12798247243114677,0.06412179955146076,17.520891799939456,,,7.948301453803837,,,,,,stationary,19
0.15412029664497703,0.12474770558839685,synthetic_stationary,,,,0.05101567217627091,32.895949165413406,1.0,0.20726340509279756,0.0039077338847615835,0.04247392018288604,rolling_ridge,1000,,,0.13139059669027353,0.06493307049063374,17.825892881761,,,8.060822926804361,0.004431,,,,,stationary,19
0.15387958019243897,0.12426286179853416,synthetic_stationary,,,,0.050748432314379664,33.31443550915837,1.0,0.20708316512525204,0.0032990535095651628,0.04164563619082476,rls,1000,,,0.1313491890627261,0.06472933405243797,17.56848237726011,,,8.018597212356342,0.0108868,,,,,stationary,19
0.23861828607122995,0.1881797430931291,synthetic_stationary,,,,0.07858839511613945,34.54310685446072,1.0,0.323642389408808,0.008230831670803697,0.06564287436321592,hedge,1000,,,0.19437410039704617,0.09891539394073655,23.47812912486352,,,12.417500546578957,0.0008481,,,,,stationary,19
0.6229080222899084,0.46592818099300576,synthetic_stationary,,,,0.20316173011668298,120.3645162904418,1.0,1.425187317524942,0.009271826952755647,0.18419775637250987,exp3,1000,,,0.44145187885003506,0.25532145840374953,50.13004806595562,,,32.1009341269745,0.0022831,,,,,stationary,19
0.19718690351313864,0.15637687304164397,synthetic_stationary,,,,0.06469447434862288,34.133963337336546,1.0,0.30112138142145795,0.022220079186941293,0.05432025383481609,fixed_share,1000,,,0.16085563372657918,0.08211784264299068,20.0961173707005,,,10.222166636657562,0.0012343,,,,,stationary,19
0.16235429018517109,0.1295231637202368,synthetic_stationary,,,,0.05347266425734066,31.92051068527996,1.0,0.2754256956478751,0.002679329612539032,0.04368946964138809,passive_aggressive,1000,,,0.13305272895948905,0.06810665476378665,17.94363081633552,,,8.449044374316248,0.0002181,,,,,stationary,19
0.32187890936763563,0.25491152308709364,synthetic_stationary,,,,0.10241576693985342,75.5299579835294,1.0,0.5047474875794324,0.01434156587170792,0.0800072188392366,dma,1000,,,0.26289764885769296,0.131397665607501,29.156220344462756,,,16.182387235093923,0.0015095,,,,,stationary,19
0.2507948492159509,0.1995546456635445,synthetic_stationary,,,,0.08341959774402183,36.93596971401431,1.0,0.35583599698695173,0.006934381802384533,0.06934929375478283,ensemble_mean,1000,,,0.2065790437776128,0.10497933941743083,24.680930751851886,,,13.180863396573622,,,,,,stationary,19
0.43036253929341717,0.36816106050257136,synthetic_stationary,,,,0.1948627438279807,109.2795756062916,1.0,0.5494747283836614,-0.19006170384344911,0.19109166186432291,oracle_best_member,1000,,,0.37922553451962826,0.22203381826171398,47.80823633010786,,,30.789637890122755,,true,6,0.22203381826171398,,stationary,19
0.5291494657014059,0.43144702506457683,synthetic_stationary,,,,0.1844753335681133,107.28562447144195,1.0,0.7540922598994964,0.060696801355630776,0.16079715946468875,validation_best_member,1000,,,0.44420783245228074,0.22985995927736735,45.65323785579534,,,29.148356472060634,,,,,10,stationary,19
0.10539294513228073,0.08402843403658704,synthetic_stationary,0.0063424,0.001,cholesky,0.034863596593991956,24.422763229144415,1.0,0.14963704590429405,0.0012741471470009865,0.029571514852799574,adaptive_ridge,1000,110,quadratic,0.08726113651786421,0.04410049661430384,11.50253403339223,0.0009125,1,5.448042050420794,,,,,,stationary,20
0.10219950407394968,0.08156340257160015,synthetic_stationary,0.0001355,0.0001,,0.03416323573208284,24.15472424552167,1.0,0.15669006495941462,0.0012403644940079698,0.029221222212045955,static_ridge,1000,,,0.0844039356384483,0.042924701701945955,11.366032958826942,,,5.338598510484717,,,,,,stationary,20
0.10310820855507918,0.08265996319818027,synthetic_stationary,,,,0.03467347085197573,23.709713774742504,1.0,0.15937791777138577,0.00011358954381143111,0.029652045736920485,rolling_ridge,1000,,,0.0850848998496504,0.0436359812799188,11.466179797267017,,,5.418331603462766,0.0094819,,,,,stationary,20
0.10246577018350177,0.08198968627900834,synthetic_stationary,,,,0.03444166616724601,24.12330918251019,1.0,0.1595900354325196,6.002570201375752e-5,0.02961011250275976,rls,1000,,,0.08300581867820496,0.04339442650917026,11.423298726042114,,,5.382108098337949,0.0033419,,,,,stationary,20
0.22443754684999292,0.17781801243432016,synthetic_stationary,,,,0.07462770238993147,35.922610409234146,1.0,0.2953729012872618,-0.01326627641459972,0.06193054900495518,hedge,1000,,,0.18740767770424088,0.09399486893342561,22.39721828622293,,,11.661873715481784,0.0010859,,,,,stationary,20
0.5502515761311048,0.4168832723246174,synthetic_stationary,,,,0.21246563577784344,127.71372894912112,1.0,1.0634807349953526,-0.06697971629188482,0.20663493206718253,exp3,1000,,,0.4150471508838904,0.2454919752025172,50.958397053075025,,,33.201443083085564,0.0017567,,,,,stationary,20
0.18715571715784962,0.1568616615308369,synthetic_stationary,,,,0.07191777807347392,34.25927413124074,1.0,0.24321103407250177,-0.0634083091858876,0.0646178691131199,fixed_share,1000,,,0.16251455657699648,0.08677051960044195,21.736219664622993,,,11.238401008364045,0.0069943,,,,,stationary,20
0.10931392097541887,0.08820882453355129,synthetic_stationary,,,,0.03732735765594632,22.75959609569061,1.0,0.14328025235657815,-4.35547577244996e-5,0.031855741962585934,passive_aggressive,1000,,,0.09275119829155833,0.04677404339302871,11.9541920897863,,,5.83304747668338,0.0002566,,,,,stationary,20
0.2693648388238894,0.22502910973990883,synthetic_stationary,,,,0.11058227367976659,51.003258959848864,1.0,0.3819902973639969,-0.091433555885264,0.10688749464531827,dma,1000,,,0.22858090082791657,0.13013326830044114,31.422012557239135,,,17.280399496772812,0.0016098,,,,,stationary,20
0.23296052452924929,0.18488313782663215,synthetic_stationary,,,,0.0770271813946283,37.05889223697043,1.0,0.31745426749306926,-0.006839219514163883,0.06340400781923206,ensemble_mean,1000,,,0.19545495055001152,0.09726482317059297,23.046281697627226,,,12.036833954636883,,,,,,stationary,20
0.3525918211671354,0.31555125398771144,synthetic_stationary,,,,0.19032891009072833,86.94271396787758,1.0,0.447162961942058,-0.1900215409295705,0.19009936003465394,oracle_best_member,1000,,,0.3184784492760694,0.20661466302166617,47.9575351584331,,,29.74219549579514,,true,10,0.20661466302166617,,stationary,20
0.3525918211671354,0.31555125398771144,synthetic_stationary,,,,0.19032891009072833,86.94271396787758,1.0,0.447162961942058,-0.1900215409295705,0.19009936003465394,validation_best_member,1000,,,0.3184784492760694,0.20661466302166617,47.9575351584331,,,29.74219549579514,,,,,10,stationary,20
0.14993915018286091,0.12233029521634099,synthetic_stationary,0.0061405,0.001,cholesky,0.051720280815086374,33.445423228311626,1.0,0.20352116677134846,-0.0056140941412295585,0.044586714703694186,adaptive_ridge,1000,110,quadratic,0.12842495080947744,0.06476807858344769,15.870569499938261,0.0009149,1,8.080887886934535,,,,,,stationary,21
0.14951520076586605,0.12113302088949603,synthetic_stationary,0.0001208,0.001,,0.05118168605112099,27.988072972193095,1.0,0.2390211755762677,-0.005684684210521361,0.043349040886767595,static_ridge,1000,,,0.12690943526184462,0.06411564474581095,15.921858825146199,,,7.996736682890323,,,,,,stationary,21
0.15415926794230173,0.12431206857425003,synthetic_stationary,,,,0.05280722415947967,27.154698190458436,1.0,0.24755393699300882,-0.010364498795607583,0.044639389018359926,rolling_ridge,1000,,,0.1291614732165586,0.06597782864505418,16.293441100171734,,,8.250714252280368,0.0119162,,,,,stationary,21
0.1504759822991567,0.1219579965334687,synthetic_stationary,,,,0.0517817181565872,26.340322061920062,1.0,0.24537168181785343,-0.007639677197131461,0.04467379307547423,rls,1000,,,0.12553213134454355,0.06464815314702761,16.193181373269766,,,8.090486989277279,0.0033144,,,,,stationary,21
0.27973268486049685,0.24012283450665378,synthetic_stationary,,,,0.1301358601707844,76.12930039600322,1.0,0.3634045819967754,-0.12872104305374174,0.12662778623447168,hedge,1000,,,0.2452948563692746,0.14671029665789193,34.470054697279686,,,20.332706619859483,0.0027398,,,,,stationary,21
0.529879609765786,0.3852698076941183,synthetic_stationary,,,,0.1692331484016036,87.52488476225257,1.0,0.8741156660058429,-0.07004662632853406,0.1502479655919325,exp3,1000,,,0.38029432034456734,0.20859484906368123,41.7275965338964,,,26.441351002630462,0.0027421,,,,,stationary,21
0.21465019822416537,0.18312176202796213,synthetic_stationary,,,,0.0912579137496735,47.592416867616684,1.0,0.27586990945056716,-0.0871497796346928,0.08666888063911257,fixed_share,1000,,,0.18552962044320834,0.10665196085148104,25.855561690799085,,,14.258332673080664,0.001552,,,,,stationary,21
0.1591380691815284,0.12814637096796141,synthetic_stationary,,,,0.05539608368400936,35.944691373531064,1.0,0.2711886892922558,-0.0029222028508016423,0.04803926557052074,passive_aggressive,1000,,,0.13204027518683709,0.06885460283505614,17.53712268696647,,,8.655203231130706,0.000252,,,,,stationary,21
0.280162596243419,0.23150896500430926,synthetic_stationary,,,,0.105568961098099,48.04244526991776,1.0,0.3765362108849536,-0.08116574845062328,0.09662573582412196,dma,1000,,,0.23949150712066353,0.12825163902757802,29.35391390534656,,,16.49432148336387,0.0016057,,,,,stationary,21
0.285916927310419,0.24542653573280362,synthetic_stationary,,,,0.13163311456999102,78.88845808338584,1.0,0.3733478252669734,-0.12996197900594778,0.12711815410294314,ensemble_mean,1000,,,0.25122353040497086,0.1489568849301549,34.78544470765537,,,20.56664086668745,,,,,,stationary,21
0.3250417142566452,0.28022309750592994,synthetic_stationary,,,,0.14489289786650056,100.65153260469766,1.0,0.45877208505910627,-0.13955535122681215,0.1418134693438364,oracle_best_member,1000,,,0.29212271262613726,0.16663086684123987,37.69273548464403,,,22.638377921001467,,true,3,0.16663086684123987,,stationary,21
0.3250417142566452,0.28022309750592994,synthetic_stationary,,,,0.14489289786650056,100.65153260469766,1.0,0.45877208505910627,-0.13955535122681215,0.1418134693438364,validation_best_member,1000,,,0.29212271262613726,0.16663086684123987,37.69273548464403,,,22.638377921001467,,,,,3,stationary,21
0.05784116785358508,0.046153602600481146,synthetic_stationary,0.0084615,0.0001,cholesky,0.019470853156107762,7.379576218461244,1.0,0.08068538098549194,-0.0018574772378960967,0.016429734057667945,adaptive_ridge,1000,110,quadratic,0.04779037023317759,0.024504693387767947,7.290103956864796,0.0012603,1,3.0397083083963774,,,,,,stationary,22
0.05738346653001645,0.04563020746000388,synthetic_stationary,0.0001537,1.0e-6,,0.01938235040708914,7.4425615275358155,1.0,0.0772853034973614,-0.0017034421574694005,0.016296930235907114,static_ridge,1000,,,0.046593752428375566,0.024312098753059688,7.2858919849029675,,,3.0258916286982185,,,,,,stationary,22
0.057918318541418844,0.04688085177665375,synthetic_stationary,,,,0.019720029538299596,7.320623193729935,1.0,0.0805156582781481,-0.004286946890476585,0.017045716162108315,rolling_ridge,1000,,,0.04807010355862272,0.024771683396997767,7.410571201066796,,,3.0786086849300616,0.0044912,,,,,stationary,22
0.057709546013713336,0.04635637390778631,synthetic_stationary,,,,0.01942437227085933,7.28794074374077,1.0,0.08022549248820843,-0.002888440781577941,0.016595319498792394,rls,1000,,,0.04754443745413839,0.02445201096639438,7.554503382392086,,,3.0324519066384013,0.0035731,,,,,stationary,22
0.16668183443068396,0.1372562353211782,synthetic_stationary,,,,0.05896050632058971,26.591202121524194,1.0,0.24964526314384355,-0.032435898646802616,0.049104530306299854,hedge,1000,,,0.14012254432576388,0.07340805580502766,19.409427730135665,,,9.204668100212842,0.000989,,,,,stationary,22
0.45586307589546704,0.28708354456426094,synthetic_stationary,,,,0.0774330116566868,35.80465096466097,1.0,0.8588717239996024,0.012246489629728416,0.04034984282178722,exp3,1000,,,0.28970527933847956,0.13302667518456454,21.665266918694496,,,12.08851851482176,0.0015336,,,,,stationary,22
0.07929629816066863,0.06443462212017917,synthetic_stationary,,,,0.027580181879670772,10.900142694726437,1.0,0.1020831058955517,0.0013884348364717864,0.023399360086246324,fixed_share,1000,,,0.06708624775228776,0.0342877370330687,10.57714113563408,,,4.305702854136119,0.001836,,,,,stationary,22
0.06930835325778219,0.05536762455577257,synthetic_stationary,,,,0.023440875743366018,8.285997673288705,1.0,0.1173785394124438,-0.0006531018249984641,0.019885168171794785,passive_aggressive,1000,,,0.0575206473551529,0.029356708228665814,8.378110305356149,,,3.6594916607876264,0.0003826,,,,,stationary,22
0.10243181512302402,0.08179945147034788,synthetic_stationary,,,,0.035781371521254574,15.155253264604907,1.0,0.1843537600761866,0.014833242044484324,0.03202879858059926,dma,1000,,,0.08445363549197185,0.04414140264672506,13.026504825425969,,,5.586038342899055,0.0016184,,,,,stationary,22
0.1700277994055442,0.1391121633917718,synthetic_stationary,,,,0.05976145001205873,26.98465162146232,1.0,0.2544086270824228,-0.029953257940145608,0.049816127562037,ensemble_mean,1000,,,0.1417627641063558,0.07446570198892402,19.60125483644101,,,9.329708085569228,,,,,,stationary,22
0.10241736064186605,0.08181744442473869,synthetic_stationary,,,,0.035808957755364836,15.199837271779906,1.0,0.18436544934271476,0.014959982734452747,0.03204053375071253,oracle_best_member,1000,,,0.08445348210137814,0.04416398487480305,12.970528695647252,,,5.590344990602165,,true,10,0.04416398487480305,,stationary,22
0.10241736064186605,0.08181744442473869,synthetic_stationary,,,,0.035808957755364836,15.199837271779906,1.0,0.18436544934271476,0.014959982734452747,0.03204053375071253,validation_best_member,1000,,,0.08445348210137814,0.04416398487480305,12.970528695647252,,,5.590344990602165,,,,,10,stationary,22
0.08341335046829404,0.06783142294109444,synthetic_stationary,0.0064567,0.001,cholesky,0.029771277769329762,16.4533238351138,1.0,0.14395991918892093,0.0006270864663907227,0.025945979003921982,adaptive_ridge,1000,110,quadratic,0.06958166765340149,0.036712481814746845,10.85495344564829,0.0009531,1,4.659166652833457,,,,,,stationary,23
0.08147343683417248,0.06610771797766322,synthetic_stationary,0.0001347,0.0,,0.028843773991777982,16.337700078505495,1.0,0.128579770348205,0.0006974232722843497,0.025759372047354928,static_ridge,1000,,,0.06805136454483227,0.03562268758388746,10.783981376724324,,,4.514013505419739,,,,,,stationary,23
0.08275077263784525,0.06790575442416527,synthetic_stationary,,,,0.029343025527194363,16.122652861615055,1.0,0.1295768331866195,-0.00021436226322817516,0.02544937983099166,rolling_ridge,1000,,,0.06993129740642118,0.03627921904207859,10.759141612513728,,,4.59214572813489,0.0092627,,,,,stationary,23
0.08239673207923216,0.06742060154840501,synthetic_stationary,,,,0.029168395245655284,16.07599598076832,1.0,0.13109710715025147,-0.0007881864078556421,0.025084177637655858,rls,1000,,,0.0688727894680742,0.03604052726467917,10.795992130107818,,,4.564816313837463,0.0102952,,,,,stationary,23
0.2499821655115835,0.20563208083967688,synthetic_stationary,,,,0.08483814572794143,43.0353718083903,1.0,0.36334079759625865,-0.04329586614970579,0.06887367837942382,hedge,1000,,,0.2179274378300119,0.10756523937515797,24.10310867718315,,,13.277060612798444,0.0011415,,,,,stationary,23
0.7620838567575641,0.5825679177945362,synthetic_stationary,,,,0.35932926895087985,182.45341040604401,1.0,1.2542013857205552,-0.2959558379210161,0.34952341663623,exp3,1000,,,0.5597773336209495,0.3854764092881422,77.96603100148266,,,56.2345681046882,0.0015224,,,,,stationary,23
0.25081289916258925,0.20642329021128653,synthetic_stationary,,,,0.08511087274691187,43.40462290891646,1.0,0.36401782985017567,-0.04472895319608758,0.06891618445528735,fixed_share,1000,,,0.21880421851916917,0.10791964009215627,24.16064974698168,,,13.31974204024536,0.0265844,,,,,stationary,23
0.08977368926051967,0.07247135543183289,synthetic_stationary,,,,0.031315281881902884,17.62897599772671,1.0,0.14310712955257543,-0.0004965760231349081,0.026760165185038487,passive_aggressive,1000,,,0.07427810679830668,0.03880619084081075,11.026728286383037,,,4.900801309191722,0.0002396,,,,,stationary,23
0.4662266048375643,0.41400777109500864,synthetic_stationary,,,,0.27987285672141715,138.44971150024162,1.0,0.6514498065772,-0.2778986376923857,0.28076818066475284,dma,1000,,,0.4134078750069675,0.2938564799656187,64.00189315432074,,,43.799741857671016,0.0017763,,,,,stationary,23
0.2498949471924745,0.20555653096669838,synthetic_stationary,,,,0.08481183489404097,42.9952170202735,1.0,0.36330497905183956,-0.043129709094142495,0.0687224735995946,ensemble_mean,1000,,,0.21782080408012922,0.10753227686865352,24.095938653825534,,,13.272943001157211,,,,,,stationary,23
0.49529507816080853,0.4586126914021751,synthetic_stationary,,,,0.34146668909742534,173.13146256048535,1.0,0.6109444748283985,-0.34146668909742534,0.34077666228324227,oracle_best_member,1000,,,0.46659469307130597,0.3493161668706941,75.82668674512311,,,53.43909734822212,,true,7,0.3493161668706941,,stationary,23
0.49529507816080853,0.4586126914021751,synthetic_stationary,,,,0.34146668909742534,173.13146256048535,1.0,0.6109444748283985,-0.34146668909742534,0.34077666228324227,validation_best_member,1000,,,0.46659469307130597,0.3493161668706941,75.82668674512311,,,53.43909734822212,,,,,7,stationary,23
0.07981486397814883,0.06443669828348259,synthetic_stationary,0.12335370000000001,1.0e-6,cholesky,0.027064060060660845,15.507494903922359,1.0,0.1108636204187895,-0.004420885410144566,0.0233267786186514,adaptive_ridge,1000,110,quadratic,0.06736074194429004,0.033899639306365,9.610536065326137,0.0009775,1,4.2257844634123005,,,,,,stationary,24
0.07938992721225793,0.06402219735581097,synthetic_stationary,0.0002015,0.0,,0.026644099363705424,15.747998903743737,1.0,0.11101876362413932,-0.004688442707679169,0.022487821957190235,static_ridge,1000,,,0.06685546418140116,0.03366297003961743,9.559600765383628,,,4.1602117672070635,,,,,,stationary,24
0.08154020457827948,0.06723262376176846,synthetic_stationary,,,,0.028565611002745944,15.348560240810938,1.0,0.1169674650279614,-0.007401223280570289,0.02466394731234917,rolling_ridge,1000,,,0.06998599985814889,0.035756130435496566,10.534788138030997,,,4.460236745437364,0.01449,,,,,stationary,24
0.08065821650932069,0.06529341412734532,synthetic_stationary,,,,0.027072799455232555,14.963504177090043,1.0,0.10876561896831138,-0.005239426056600059,0.022627851652640585,rls,1000,,,0.06798507436446628,0.03416256451326019,9.592703003075698,,,4.227149033167097,0.012422,,,,,stationary,24
0.2966211084369974,0.2594882658681317,synthetic_stationary,,,,0.1418011622959025,75.63801349016495,1.0,0.39527401447463295,-0.14001373485336216,0.14040008745695753,hedge,1000,,,0.2641130622346591,0.15945932104891355,37.70496187242803,,,22.140844617575805,0.0063823,,,,,stationary,24
0.5213626801153045,0.3607526905001918,synthetic_stationary,,,,0.18385964110799402,112.76597206670462,1.0,1.150089513100085,-0.08315714899889741,0.1809698446531116,exp3,1000,,,0.36972993558010925,0.21413484403899735,46.26989728293546,,,28.70785880245904,0.0016098,,,,,stationary,24
0.17747641933920646,0.15327700030335306,synthetic_stationary,,,,0.0846753692099222,49.82349988798704,1.0,0.24496239515385176,-0.08334834610056005,0.08370586612617892,fixed_share,1000,,,0.1560673762284932,0.09508895444593385,24.775248063124863,,,13.221218798619988,0.0013712,,,,,stationary,24
0.09132265611493391,0.07345405201127564,synthetic_stationary,,,,0.030872834131505163,14.647443840521875,1.0,0.15305344603844084,-0.002404229347341543,0.026229168432863326,passive_aggressive,1000,,,0.07654051448820794,0.03895264253692866,10.420622742189439,,,4.820486745965118,0.0002108,,,,,stationary,24
0.23206957860921157,0.1873585505949107,synthetic_stationary,,,,0.08419779345030037,59.77390087402681,1.0,0.35040467072669934,-0.06884382070410854,0.07768918672386993,dma,1000,,,0.19010211757786707,0.10288901035933957,23.339376342236587,,,13.146650082005078,0.0014369,,,,,stationary,24
0.3241394075580917,0.28250000574026807,synthetic_stationary,,,,0.15198127354595267,81.42287089097773,1.0,0.43053420046510243,-0.14969998754629105,0.15170317807639283,ensemble_mean,1000,,,0.29107285407545025,0.17203306181113814,39.63400530314246,,,23.730367987678033,,,,,,stationary,24
0.2629971575019965,0.2359390129145441,synthetic_stationary,,,,0.16293714185274813,108.17449940277422,1.0,0.32921452058419476,-0.16293714185274813,0.16430640388634876,oracle_best_member,1000,,,0.23951915047655986,0.16950475020318345,43.02718347050076,,,25.44101812554641,,true,8,0.16950475020318345,,stationary,24
0.2629971575019965,0.2359390129145441,synthetic_stationary,,,,0.16293714185274813,108.17449940277422,1.0,0.32921452058419476,-0.16293714185274813,0.16430640388634876,validation_best_member,1000,,,0.23951915047655986,0.16950475020318345,43.02718347050076,,,25.44101812554641,,,,,8,stationary,24
0.008664274984119279,0.007192329347706165,synthetic_stationary,0.007054599999999999,0.0,cholesky,0.003108013274284352,1.7857214398211523,1.0,0.012870355323593596,-2.2542589440111262e-5,0.0026679574247497895,adaptive_ridge,1000,110,quadratic,0.007375302276277743,0.003862432100523028,1.7573145068562466,0.000912,1,0.4886727698245162,,,,,,stationary,25
0.008444408947879223,0.00703284856827833,synthetic_stationary,0.0001576,0.0,,0.0030358793560857963,1.735955440992642,1.0,0.012739213078606704,-5.272248635145781e-5,0.002629571310346357,static_ridge,1000,,,0.007299008342478477,0.0037754289336025364,1.7709537332749008,,,0.477331157516731,,,,,,stationary,25
0.008624711190965178,0.007147713540457906,synthetic_stationary,,,,0.0030735285524474167,1.7303606497361406,1.0,0.01240804866928491,-4.6234781937887425e-6,0.0026919009067006006,rolling_ridge,1000,,,0.0073041743168393665,0.0038304195732653595,1.6696883261983682,,,0.4832507387553074,0.0047478,,,,,stationary,25
0.008539368561393177,0.0071122811733481716,synthetic_stationary,,,,0.0030612137923286403,1.7881238572874179,1.0,0.013072320022468387,1.2048664614949314e-6,0.002627224110728854,rls,1000,,,0.007210512159638346,0.0038121084850365667,1.752651698991905,,,0.48131448964506107,0.0084655,,,,,stationary,25
0.28082434595879846,0.24013988566562536,synthetic_stationary,,,,0.1320779618666173,86.93398691066247,1.0,0.3873191385288305,0.12988433458394993,0.13211780383801014,hedge,1000,,,0.24181907307177436,0.1483835592051529,35.60308208650626,,,20.76661126004949,0.00087,,,,,stationary,25
0.4628168588590076,0.3297784794221674,synthetic_stationary,,,,0.15811900891689273,94.57905605690404,1.0,0.8467860211351623,-0.023039225223845036,0.17162105163328523,exp3,1000,,,0.3234885588406558,0.188480317272,41.27331563203019,,,24.861043769871642,0.0063203,,,,,stationary,25
0.13908594436292596,0.10982265951024223,synthetic_stationary,,,,0.045679131252165404,25.06540837313968,1.0,0.2150144703626243,0.013556355315262331,0.03796948052617882,fixed_share,1000,,,0.11320565233890023,0.05776104487544284,15.358139745769169,,,7.182127495035608,0.0013503,,,,,stationary,25
0.05361274079108625,0.04249462076574952,synthetic_stationary,,,,0.017776503655572526,10.313544629681914,1.0,0.10111362337407781,-0.0002708598988260009,0.014821059645073027,passive_aggressive,1000,,,0.044379162037273184,0.022424408480000654,7.209300040889802,,,2.794998770127357,0.000263,,,,,stationary,25
0.24049028178799986,0.1921393734807152,synthetic_stationary,,,,0.08043133273774476,56.52537666381742,1.0,0.3655164962531529,-0.03829800102111257,0.06475882147008294,dma,1000,,,0.1917698907545007,0.10163559482161258,23.183520973879094,,,12.646214375864036,0.0017353,,,,,stationary,25
0.29446596667466585,0.2517865138252316,synthetic_stationary,,,,0.13975698313497825,91.40353998041009,1.0,0.4052910175421811,0.13766637619327632,0.1392849501175762,ensemble_mean,1000,,,0.25134766465104613,0.15645169858801958,37.27658017848857,,,21.973983385451806,,,,,,stationary,25
0.3224034888724776,0.2728072373342196,synthetic_stationary,,,,0.13050099476400662,82.70858125710596,1.0,0.4095454517340831,-0.12079972347437938,0.12357076235469777,oracle_best_member,1000,,,0.28010776984786806,0.15512346452590597,34.52409656640798,,,20.518664802313605,,true,9,0.15512346452590597,,stationary,25
0.3224034888724776,0.2728072373342196,synthetic_stationary,,,,0.13050099476400662,82.70858125710596,1.0,0.4095454517340831,-0.12079972347437938,0.12357076235469777,validation_best_member,1000,,,0.28010776984786806,0.15512346452590597,34.52409656640798,,,20.518664802313605,,,,,9,stationary,25
0.13412867483784588,0.10861471290034075,synthetic_stationary,0.005642,0.01,cholesky,0.04463993861139426,28.27210986517302,1.0,0.20671582471072342,-1.6797415598044333e-5,0.03790867019263433,adaptive_ridge,1000,110,quadratic,0.11341010337785931,0.05654650429279251,15.056798669198379,0.0008957,1,6.9590040484730356,,,,,,stationary,26
0.13146376119798772,0.10624126278425265,synthetic_stationary,0.0001215,0.001,,0.04315629803670236,26.79411993948492,1.0,0.21508282220306357,0.0005378417760980641,0.035777640556581294,static_ridge,1000,,,0.11242543341068036,0.054904463328336234,14.804382452072955,,,6.72771652687406,,,,,,stationary,26
0.1336096665000974,0.10750322433455448,synthetic_stationary,,,,0.04407225317643617,26.485999984811865,1.0,0.21489534166458052,0.0019121508379999993,0.03652943332357822,rolling_ridge,1000,,,0.11322369783076185,0.05587911820601305,15.121899637274504,,,6.870506497557405,0.0081559,,,,,stationary,26
0.13193775085768583,0.10654842271945125,synthetic_stationary,,,,0.04366432678177865,24.510722817994775,1.0,0.21398425384152678,0.0010694405164724352,0.03636469254775061,rls,1000,,,0.11188376022937394,0.05544423181982838,14.973233061460324,,,6.806914084122139,0.0107466,,,,,stationary,26
0.1631628566403321,0.13488815838055995,synthetic_stationary,,,,0.05824247319674247,38.44522937212263,1.0,0.21716766476092442,-0.004224714453393784,0.049256022762367624,hedge,1000,,,0.14167173681683462,0.0722275807022313,18.249957331510025,,,9.079528766774752,0.005858,,,,,stationary,26
0.5843517517192075,0.40133095869472013,synthetic_stationary,,,,0.14664143039255953,106.89130702088619,1.0,1.2362838113572816,-0.05752348546220966,0.10729847739653939,exp3,1000,,,0.4266047285587874,0.20319775647419266,37.98585872448256,,,22.860208582706775,0.001358,,,,,stationary,26
0.1582946670346279,0.12964771668348107,synthetic_stationary,,,,0.056187628142968356,39.01858143805019,1.0,0.20347603661816824,-0.022870872974267428,0.04860976949658061,fixed_share,1000,,,0.13711643647951913,0.0694942728911695,18.03581002559148,,,8.759195103848324,0.0013532,,,,,stationary,26
0.13209025741902505,0.10904776567370215,synthetic_stationary,,,,0.045417534205977536,26.07377884729879,1.0,0.21588237887938497,0.0003336953474839423,0.03872343852552157,passive_aggressive,1000,,,0.11071555108616432,0.05699877756190348,14.932111208306704,,,7.08022488925167,0.0002745,,,,,stationary,26
0.2898717307453428,0.2364560319415757,synthetic_stationary,,,,0.10212460913095635,76.30236523713779,1.0,0.4309033614459422,-0.06263625266678616,0.08795942289568891,dma,1000,,,0.2502454346367759,0.1264817666530878,29.696694702249747,,,15.920397529616011,0.0014909,,,,,stationary,26
0.1741402313781605,0.1438427625563341,synthetic_stationary,,,,0.061631193886101776,40.917822001752704,1.0,0.22843190489724108,0.006703849036646444,0.0527874654516712,ensemble_mean,1000,,,0.15272455288923717,0.07667345912239154,18.91681733054008,,,9.607802813065138,,,,,,stationary,26
0.3062185721210345,0.2513197155532266,synthetic_stationary,,,,0.10737869190807828,78.97977153102187,1.0,0.43240487551226703,-0.0526791451430793,0.0923323144165164,oracle_best_member,1000,,,0.2593684391422684,0.13376990771200528,31.41673241291225,,,16.73946638262898,,true,6,0.13376990771200528,,stationary,26
0.3062185721210345,0.2513197155532266,synthetic_stationary,,,,0.10737869190807828,78.97977153102187,1.0,0.43240487551226703,-0.0526791451430793,0.0923323144165164,validation_best_member,1000,,,0.2593684391422684,0.13376990771200528,31.41673241291225,,,16.73946638262898,,,,,6,stationary,26
0.0807335901173782,0.06535230641245818,synthetic_stationary,0.0073808,0.0,cholesky,0.026606360938848838,10.356328341054,1.0,0.12756595172951513,-0.001811769516424124,0.021543303947373804,adaptive_ridge,1000,110,quadratic,0.06878873724717109,0.034065074542551796,9.765093884906467,0.0010078,1,4.165788946224285,,,,,,stationary,27
0.07983977782558202,0.06438439764717442,synthetic_stationary,0.0001563,0.0,,0.026234489250104735,10.203834825417148,1.0,0.13062125606481756,-0.001749879401900193,0.020631413131070392,static_ridge,1000,,,0.06694791666721342,0.0334800183033592,9.667826447642476,,,4.107564562440857,,,,,,stationary,27
0.08041417630433494,0.06517126659106312,synthetic_stationary,,,,0.02670445659816691,10.258044481769943,1.0,0.13722467427745733,-0.0025045499209142385,0.021269340927243474,rolling_ridge,1000,,,0.06754341019082548,0.03401112965697786,9.840259672044617,,,4.181147897950115,0.0104213,,,,,stationary,27
0.08009081631076614,0.06457696183588424,synthetic_stationary,,,,0.026622446622542883,10.28788749951248,1.0,0.133801483449347,-0.0013410438080572976,0.02143357526840725,rls,1000,,,0.0680898514589233,0.03384400715055021,9.69426731384204,,,4.168307500470734,0.010387,,,,,stationary,27
0.20910241118195533,0.17607907671104042,synthetic_stationary,,,,0.07929637231813977,31.020205356262164,1.0,0.3220305860734005,-0.059007511551666475,0.07160966528963342,hedge,1000,,,0.1809214434169282,0.09646134735271325,23.840406459531344,,,12.41552544663345,0.0012552,,,,,stationary,27
0.5235040346361707,0.3493006594649205,synthetic_stationary,,,,0.11925727310319471,50.14902359827877,1.0,1.1336870890364166,0.054941341149665715,0.08873015329204945,exp3,1000,,,0.34017632581222146,0.17280797350096574,31.531480374783907,,,18.67225026346027,0.002107,,,,,stationary,27
0.12457370552896224,0.09996301824525516,synthetic_stationary,,,,0.042984075883282444,17.599102162047366,1.0,0.21145843035537087,-0.005006827182213039,0.03830581886759715,fixed_share,1000,,,0.10135440093892704,0.05357904220065016,14.68523187562587,,,6.730066865957177,0.0014348,,,,,stationary,27
0.08829383436201194,0.07149951936998543,synthetic_stationary,,,,0.030542364761450135,10.965687913406926,1.0,0.136643971008989,0.0008181684649024292,0.02609617462037825,passive_aggressive,1000,,,0.0735648921738283,0.03808884003000475,9.959826152292585,,,4.78205365277977,0.0002365,,,,,stationary,27
0.21526175592260635,0.17862221423641478,synthetic_stationary,,,,0.08218821799895971,30.386030121765135,1.0,0.289230899555845,0.06716322786183798,0.07593154935114835,dma,1000,,,0.18205275963882797,0.09958745015588641,23.869584165761683,,,12.868305095794573,0.0142985,,,,,stationary,27
0.23376438294205504,0.1986116855469457,synthetic_stationary,,,,0.08999771074155523,34.6880414501991,1.0,0.3344401473601571,-0.07031408525208524,0.08119380571213164,ensemble_mean,1000,,,0.2048137864098973,0.10917417934242064,26.209053670487744,,,14.091046477733094,,,,,,stationary,27
0.2156918277867014,0.17881998393083123,synthetic_stationary,,,,0.08246641261604654,30.8571087682933,1.0,0.2893312580402382,0.06747213526916047,0.07626143579594877,oracle_best_member,1000,,,0.18205373325409782,0.09989205890947289,23.93913431396877,,,12.911862351272802,,true,7,0.09989205890947289,,stationary,27
0.2156918277867014,0.17881998393083123,synthetic_stationary,,,,0.08246641261604654,30.8571087682933,1.0,0.2893312580402382,0.06747213526916047,0.07626143579594877,validation_best_member,1000,,,0.18205373325409782,0.09989205890947289,23.93913431396877,,,12.911862351272802,,,,,7,stationary,27
0.15496907686444125,0.12625328908555639,synthetic_stationary,0.007279,0.001,cholesky,0.05180386649924998,116.314259339659,1.0,0.2446316480896999,-0.007320797949192377,0.043769954347601614,adaptive_ridge,1000,110,quadratic,0.13103970845387744,0.06584805731042352,16.902495409034454,0.0008959,1,8.071343530495966,,,,,,stationary,28
0.15273515742841925,0.12400965577935188,synthetic_stationary,0.000126,0.001,,0.051176788881495926,117.72340600475634,1.0,0.2435150045955653,-0.007726817614295173,0.042969992290528614,static_ridge,1000,,,0.12840710638898234,0.06475607469773083,16.548145254115884,,,7.973641192519875,,,,,,stationary,28
0.15695068159767175,0.1282649101464637,synthetic_stationary,,,,0.05364578703689159,88.45886181946987,1.0,0.23252998512090844,-0.01439089501004746,0.044044123275807145,rolling_ridge,1000,,,0.13431365867023407,0.06754151138644292,17.232437867178568,,,8.35832545713259,0.0039996,,,,,stationary,28
0.1541949155975148,0.12548338586884106,synthetic_stationary,,,,0.05186177279233259,116.51252432477868,1.0,0.23690103865298756,-0.010261724324084365,0.042778267998714134,rls,1000,,,0.13018941725264097,0.06553004553330713,16.390196743284996,,,8.080365667560853,0.0034341,,,,,stationary,28
0.23543043243398828,0.19166045036754922,synthetic_stationary,,,,0.07964927354673264,159.8233080364511,1.0,0.3198820607390786,-0.03644099753752561,0.06427462891799507,hedge,1000,,,0.20211744584717156,0.10035784855109886,23.009071507813964,,,12.40981981063965,0.0015934,,,,,stationary,28
0.5717209878470935,0.3745806192300761,synthetic_stationary,,,,0.12623261938708158,501.1454118561856,1.0,1.2066115967545303,-0.07383495240157706,0.09203228460056204,exp3,1000,,,0.38817960441737803,0.18536883210143673,32.376064878225776,,,19.667775876193176,0.0016936,,,,,stationary,28
0.19580143709030537,0.16212123890253208,synthetic_stationary,,,,0.07463524908181496,66.51132028924079,1.0,0.2668420928840124,-0.06509314010967489,0.06712747400200897,fixed_share,1000,,,0.16379467000382947,0.09049973825961863,22.464399857181554,,,11.628605653058424,0.0014063,,,,,stationary,28
0.1653173564034251,0.13256779411480782,synthetic_stationary,,,,0.055354096824118,116.2018038987068,1.0,0.32880752377132094,-0.003752962399084329,0.046735268751211034,passive_aggressive,1000,,,0.13928130616924933,0.069716539551499,17.686381806976005,,,8.624490052190616,0.008758,,,,,stationary,28
0.24079695582130023,0.1971949280655151,synthetic_stationary,,,,0.08687282168896603,140.7251346222757,1.0,0.34269322296019655,-0.07019768811745136,0.07707922231657016,dma,1000,,,0.2041305777346587,0.10698170967243925,24.522886675930845,,,13.53529060085346,0.0015661,,,,,stationary,28
0.24679561458625407,0.20127599321510098,synthetic_stationary,,,,0.08315686616243301,162.82853445375488,1.0,0.34563444678884286,-0.036915832393478405,0.06728248767550035,ensemble_mean,1000,,,0.21209936562264206,0.10498439348863371,23.707223651938637,,,12.95632312939788,,,,,,stationary,28
0.24092808894932477,0.19687598358761313,synthetic_stationary,,,,0.08699641940136643,141.0940235176391,1.0,0.34269322296019655,-0.07016722440157076,0.07707922231657016,oracle_best_member,1000,,,0.2038368724202978,0.10702027807820927,24.67023322416371,,,13.554547842904718,,true,5,0.10702027807820927,,stationary,28
0.24092808894932477,0.19687598358761313,synthetic_stationary,,,,0.08699641940136643,141.0940235176391,1.0,0.34269322296019655,-0.07016722440157076,0.07707922231657016,validation_best_member,1000,,,0.2038368724202978,0.10702027807820927,24.67023322416371,,,13.554547842904718,,,,,5,stationary,28
0.09116727555074722,0.0730202380981334,synthetic_stationary,0.0077269,0.001,cholesky,0.03138725752796279,31.091861382546938,1.0,0.11788842677409583,0.0036287629811251974,0.02786021304804942,adaptive_ridge,1000,110,quadratic,0.07809992229664857,0.039084718021173206,12.1181799690363,0.0011816,1,4.93279965673316,,,,,,stationary,29
0.08917251067881113,0.07137730025115945,synthetic_stationary,0.0001554,1.0e-6,,0.030621845924552447,30.453330473080264,1.0,0.11024197390108814,0.003965891626191842,0.026406303541252063,static_ridge,1000,,,0.07618546205190341,0.03825225672663746,11.910023287034132,,,4.812508099205444,,,,,,stationary,29
0.09002938332861618,0.07314960438871186,synthetic_stationary,,,,0.03148792511095974,31.961549695070048,1.0,0.11081007045390467,0.004675956500449662,0.027312681207004197,rolling_ridge,1000,,,0.077203450078747,0.039235338665194346,12.157462746589,,,4.948620504362459,0.009814,,,,,stationary,29
0.08957660073018689,0.0721364094214174,synthetic_stationary,,,,0.03117662341324399,31.771563312580426,1.0,0.11440384906413825,0.0028800098172667515,0.027419372501479543,rls,1000,,,0.07613070387927516,0.03877683160641894,12.105938929822877,,,4.899696545132678,0.0031343,,,,,stationary,29
0.16823833748389,0.13635413141839087,synthetic_stationary,,,,0.05826233197029159,48.519479731840846,1.0,0.2773784901649816,0.0160046499098778,0.049879087364696706,hedge,1000,,,0.14141096357769814,0.07271901960634514,18.362149571977955,,,9.156467744513433,0.0008795,,,,,stationary,29
0.46772875442556283,0.3083114230291297,synthetic_stationary,,,,0.11430716304279913,95.24613012983349,1.0,0.8074221534972397,0.06564017138355309,0.09073701460987438,exp3,1000,,,0.31172319718014807,0.15623342759826303,30.911345241340655,,,17.964434583598937,0.0012769,,,,,stationary,29
0.13724175860708493,0.10972026708763195,synthetic_stationary,,,,0.045737596290772065,42.30410129498018,1.0,0.22891769790210947,0.015261753513391645,0.03711087657924228,fixed_share,1000,,,0.11228473757225671,0.057884960823710196,14.82932732590707,,,7.188088958773198,0.00112,,,,,stationary,29
0.0978698174916676,0.07749335699637988,synthetic_stationary,,,,0.03342965087154356,31.464872436847624,1.0,0.14984823618006748,0.0023034991156971425,0.02928835606860853,passive_aggressive,1000,,,0.07943563913853079,0.04170904043486366,12.442694248652545,,,5.253780780208308,0.0002284,,,,,stationary,29
0.22088452917075763,0.181251500086255,synthetic_stationary,,,,0.08756122427545067,87.3421275385016,1.0,0.40212938883828553,0.07906773251153895,0.08255122643882602,dma,1000,,,0.18460068953836817,0.10392296923708924,26.16390441259884,,,13.761061369069298,0.0014634,,,,,stationary,29
0.17716572335182704,0.1444017753914677,synthetic_stationary,,,,0.061645169764705576,50.95433932074318,1.0,0.29164865153564046,0.019158326195571413,0.05171659812686447,ensemble_mean,1000,,,0.14848936843408883,0.07679424262880251,19.291485020396088,,,9.688112189594467,,,,,,stationary,29
0.21906467795794626,0.181589462940663,synthetic_stationary,,,,0.08826613179411835,87.97135478742456,1.0,0.29647724290115424,0.0812514706592497,0.08318139216762122,oracle_best_member,1000,,,0.18586113608492533,0.10431920285042277,26.09212406238189,,,13.871844146539255,,true,6,0.10431920285042277,,stationary,29
0.21906467795794626,0.181589462940663,synthetic_stationary,,,,0.08826613179411835,87.97135478742456,1.0,0.29647724290115424,0.0812514706592497,0.08318139216762122,validation_best_member,1000,,,0.18586113608492533,0.10431920285042277,26.09212406238189,,,13.871844146539255,,,,,6,stationary,29
0.13364208393034435,0.10897721034697651,synthetic_stationary,0.0063794,0.0,cholesky,0.04535882620756589,28.995417009096673,1.0,0.1816400825824389,0.004446793996537869,0.03826513842227838,adaptive_ridge,1000,110,quadratic,0.11264039353572089,0.05728486143516939,16.159014739732743,0.0009811,1,7.140366362950731,,,,,,stationary,30
0.12977456814979565,0.10585498680395555,synthetic_stationary,0.0001243,0.0,,0.0439371307239906,28.636464464826144,1.0,0.16566874068810195,0.0045858856262382735,0.036878593643988655,static_ridge,1000,,,0.1088868855963572,0.05559180141778096,15.614870779233504,,,6.916563688630497,,,,,,stationary,30
0.13355384867593256,0.10924456531691831,synthetic_stationary,,,,0.04500681771258465,28.56609304997987,1.0,0.16667567729359067,0.006501346809234702,0.03729978001091655,rolling_ridge,1000,,,0.11122438244501491,0.057134084111642766,15.929627503488952,,,7.08495334133648,0.0047204,,,,,stationary,30
0.13221783532869194,0.10786051529893685,synthetic_stationary,,,,0.04457518640231268,29.401256468081314,1.0,0.17052497632921332,0.004061394417425776,0.037331029773530144,rls,1000,,,0.11071076673476829,0.05653738447970718,15.895672660293021,,,7.017006131350075,0.0031742,,,,,stationary,30
0.22303696052353794,0.18418447265971924,synthetic_stationary,,,,0.0794780758013645,53.301723982223,1.0,0.26979071463242943,0.025164309469324516,0.06687041587299114,hedge,1000,,,0.19029615792342336,0.09838643970716375,24.540021608501664,,,12.511403545743686,0.0022893,,,,,stationary,30
0.5879212724498609,0.441019372700045,synthetic_stationary,,,,0.19234867067235756,120.45712432264013,1.0,0.9030181205197203,0.004470901562939384,0.17010708963343996,exp3,1000,,,0.43210410548823414,0.23909311543893882,47.02284597387193,,,30.279442676541287,0.0019351,,,,,stationary,30
0.2018689860965651,0.16947137270585055,synthetic_stationary,,,,0.07303587747384953,53.12879008810343,1.0,0.26393502760898657,0.027337130252472624,0.0642097886460471,fixed_share,1000,,,0.17758179282291897,0.09042372564964386,23.023253828442805,,,11.497275533904338,0.0025467,,,,,stationary,30
0.14452912489218758,0.11937788907044533,synthetic_stationary,,,,0.04967239541440112,28.538622370772586,1.0,0.21649776365135798,0.0015246357271293419,0.04013361665522734,passive_aggressive,1000,,,0.1231759481739288,0.06261469368045411,16.434439002911684,,,7.819406519938056,0.0002819,,,,,stationary,30
0.38137393291043864,0.3111063068416062,synthetic_stationary,,,,0.12997209276092428,90.11862938640341,1.0,0.5239527687462675,-0.004085014602879969,0.10724520798243625,dma,1000,,,0.3244610508596945,0.16376308104571544,34.13073903181419,,,20.460149365981977,0.0014973,,,,,stationary,30
0.22848941446757212,0.18979373350808879,synthetic_stationary,,,,0.08181198860157997,53.14805341675427,1.0,0.2832450037556842,0.0294577675533376,0.07072528511276051,ensemble_mean,1000,,,0.1997695218607158,0.10137549340509404,24.957880928346604,,,12.878807066647386,,,,,,stationary,30
0.43574318923587535,0.3618664400874231,synthetic_stationary,,,,0.15462940789162044,87.46314552204096,1.0,0.6352953240028167,-0.053810754533914214,0.12918179525740806,oracle_best_member,1000,,,0.37877958943264667,0.19170478488462145,40.30320824937784,,,24.34169300986339,,true,5,0.19170478488462145,,stationary,30
0.43574318923587535,0.3618664400874231,synthetic_stationary,,,,0.15462940789162044,87.46314552204096,1.0,0.6352953240028167,-0.053810754533914214,0.12918179525740806,validation_best_member,1000,,,0.37877958943264667,0.19170478488462145,40.30320824937784,,,24.34169300986339,,,,,5,stationary,30
0.21384469692210856,0.17127404513658,synthetic_gradual,0.0060987,0.001,cholesky,0.07350744183612525,43.64838297827576,1.0,0.3081293182929734,0.0018363262479862293,0.06190405460594994,adaptive_ridge,1000,110,quadratic,0.17011028495170466,0.09167669069953746,23.019559088824455,0.0009429,1,11.416490614680935,,,,,,gradual,1
0.23884911445572804,0.19018147137124145,synthetic_gradual,0.0001345,0.001,,0.08050584158775936,112.55989538640307,1.0,0.3260948724256499,0.025423191838244766,0.06969196893134966,static_ridge,1000,,,0.20332987838784322,0.10058714706136289,24.019666396885313,,,12.503416823600519,,,,,,gradual,1
0.20974103224675147,0.16775833401658222,synthetic_gradual,,,,0.07156126490749909,37.142032689470426,1.0,0.32605223527337523,0.0046100599496074176,0.05908160645801919,rolling_ridge,1000,,,0.1720441345082694,0.08950441231868322,22.251665361803646,,,11.114228556783424,0.0101185,,,,,gradual,1
0.20770485568698122,0.1657689683177157,synthetic_gradual,,,,0.07050722207687403,44.14024550126731,1.0,0.324700291792398,0.00445539831590168,0.05977206213488029,rls,1000,,,0.17009390595944132,0.08824668658960688,22.06745429197807,,,10.950524450332138,0.0117868,,,,,gradual,1
0.4692630284870944,0.4169081911025278,synthetic_gradual,,,,0.23503837651848838,213.63424132607167,1.0,0.5838486939395077,0.2327647939624671,0.229685181443082,hedge,1000,,,0.4301959601413953,0.2603824144265104,55.82562256731607,,,36.50396956535701,0.0020001,,,,,gradual,1
1.00110331876544,0.711882570666118,synthetic_gradual,,,,0.2609599712764325,433.4234711606792,1.0,1.8982641246116039,-0.014016375965730233,0.20039693893912458,exp3,1000,,,0.7306811962887646,0.35670701995470583,55.19647830519348,,,40.529870016788514,0.0022212,,,,,gradual,1
0.34976006585325436,0.28187195509427315,synthetic_gradual,,,,0.12161262730083283,173.76968013029338,1.0,0.6259752948740349,0.018988774090914387,0.103290811085751,fixed_share,1000,,,0.28716083497948086,0.1509182669224482,32.63756723477064,,,18.887739574747716,0.001315,,,,,gradual,1
0.204847318294806,0.16715147032876962,synthetic_gradual,,,,0.07114627757733712,50.027570402246035,1.0,0.30855612939055976,0.001242441802987647,0.06038460479886182,passive_aggressive,1000,,,0.171490390306184,0.0892427271573913,21.00606578874731,,,11.049776593258862,0.0002786,,,,,gradual,1
0.5498778164184069,0.43057115014556624,synthetic_gradual,,,,0.17924401423435188,331.96713379690783,1.0,1.0303242604872673,-0.10060370625836018,0.14928724019082473,dma,1000,,,0.4478526860290383,0.22738933641100123,44.18975067699306,,,27.838509341764926,0.0025091,,,,,gradual,1
0.5349232254921169,0.4846069706749553,synthetic_gradual,,,,0.31734763554890805,330.8576188951473,1.0,0.6237960453754163,0.3170623981614613,0.3152954565913253,ensemble_mean,1000,,,0.4889310188616213,0.33475561641773965,70.91553366717403,,,49.28747637432776,,,,,,gradual,1
0.5682913128679778,0.4542520898821638,synthetic_gradual,,,,0.19210483087680869,377.4947773532229,1.0,1.0441262025535676,-0.12169402890224107,0.1621096291469453,oracle_best_member,1000,,,0.4717314023051467,0.2414531629611471,46.86214182947774,,,29.835931491525862,,true,7,0.2414531629611471,,gradual,1
0.5682913128679778,0.4542520898821638,synthetic_gradual,,,,0.19210483087680869,377.4947773532229,1.0,1.0441262025535676,-0.12169402890224107,0.1621096291469453,validation_best_member,1000,,,0.4717314023051467,0.2414531629611471,46.86214182947774,,,29.835931491525862,,,,,7,gradual,1
0.25494151940438503,0.2096689376847019,synthetic_gradual,0.007350000000000001,0.01,cholesky,0.09022238051355302,219.92683613613028,1.0,0.426211296377751,0.006913847823601072,0.07687262827641204,adaptive_ridge,1000,110,quadratic,0.21351105512861304,0.11233428669578267,25.74674993626633,0.0011964,1,14.21699644246415,,,,,,gradual,2
0.27095621080295423,0.21485981693859807,synthetic_gradual,0.0002286,0.01,,0.09048811588968322,246.30557366114792,1.0,0.4101163493824468,0.026657489985424276,0.07501586200945223,static_ridge,1000,,,0.21764857036196603,0.11387464141770552,26.435708912488817,,,14.25887029766034,,,,,,gradual,2
0.2621293917768322,0.2075800474901501,synthetic_gradual,,,,0.08889956660351608,165.1694421491815,1.0,0.36896490895371503,0.012647748891270084,0.07572137623141056,rolling_ridge,1000,,,0.21076658356900252,0.11051246518338334,25.128843603862038,,,14.008551037388498,0.0080176,,,,,gradual,2
0.25739975321594505,0.20350359307281893,synthetic_gradual,,,,0.08674665821883304,165.55749737287158,1.0,0.358108149990361,0.009438294650828034,0.07296875749286157,rls,1000,,,0.21159337060451391,0.10816775343257079,24.672180094751788,,,13.669301610896229,0.0080918,,,,,gradual,2
0.28897890072899574,0.23219612513967755,synthetic_gradual,,,,0.09694079179722685,328.56227212511493,1.0,0.42710339171629363,0.006446761947201089,0.08107151383014147,hedge,1000,,,0.24237147405725074,0.12191316766417745,27.23142770065027,,,15.275665353385357,0.0011553,,,,,gradual,2
1.1332463621439433,0.9424931289696499,synthetic_gradual,,,,0.4085215092393454,948.5207216857672,1.0,1.4403300989926566,0.005932661815927537,0.35090077905482786,exp3,1000,,,0.9733061698405003,0.507319762779754,77.2495325573412,,,64.37370429007247,0.0025451,,,,,gradual,2
0.29712312149796766,0.23692577532467543,synthetic_gradual,,,,0.09973417510572002,342.1373605592307,1.0,0.4398715751663098,0.006646301705575388,0.08420357847533755,fixed_share,1000,,,0.24479223564096175,0.1250464286565021,27.71711107097447,,,15.715839070075535,0.00263,,,,,gradual,2
0.24399450849336682,0.19730669434113215,synthetic_gradual,,,,0.08440226645758532,187.10580393785156,1.0,0.3595568793667623,0.006365427709805287,0.07136944602802642,passive_aggressive,1000,,,0.2002240732196168,0.10532305156987759,24.651206031637603,,,13.29987875661459,0.0003128,,,,,gradual,2
0.7456889868309534,0.5671622031904706,synthetic_gradual,,,,0.23163379416462226,291.66798480604075,1.0,1.2620958722214901,-0.08422942279732566,0.18789123492690166,dma,1000,,,0.5947798907236662,0.2964587607125556,54.3892623601605,,,36.50022099669849,0.0015724,,,,,gradual,2
0.2928650571023001,0.23634993069490884,synthetic_gradual,,,,0.09919263748643022,326.79643779662683,1.0,0.43597108800586515,0.02747421969346206,0.08224560077200757,ensemble_mean,1000,,,0.2435693081342204,0.12455520954154979,27.424257911484638,,,15.63050505025606,,,,,,gradual,2
0.887463346098252,0.6833703724919241,synthetic_gradual,,,,0.276195857246281,846.3040439567461,1.0,1.403045038794813,-0.07737152111209906,0.2263617897230727,oracle_best_member,1000,,,0.7096868245957689,0.3543613905537192,60.851079955098626,,,43.52218925662082,,true,5,0.3543613905537192,,gradual,2
0.887463346098252,0.6833703724919241,synthetic_gradual,,,,0.276195857246281,846.3040439567461,1.0,1.403045038794813,-0.07737152111209906,0.2263617897230727,validation_best_member,1000,,,0.7096868245957689,0.3543613905537192,60.851079955098626,,,43.52218925662082,,,,,5,gradual,2
0.2188718030781419,0.16919082539623692,synthetic_gradual,0.016247499999999998,0.001,cholesky,0.06899305000305982,41.580515737967076,1.0,0.3227723171825876,0.0041119866827781576,0.05484883900135534,adaptive_ridge,1000,210,quadratic,0.1785651926768913,0.08780900644083818,21.142150690710228,0.0040166,2,10.777064150401506,,,,,,gradual,3
0.24780585725764603,0.20043546689452532,synthetic_gradual,0.022497,0.01,,0.08419120018340373,41.60299561255314,1.0,0.35507614245726804,0.05970772437666342,0.07143020047971615,static_ridge,1000,,,0.2060177700310459,0.10596795415991332,24.161272548574832,,,13.151092251112209,,,,,,gradual,3
0.19143436403487052,0.14916877905811898,synthetic_gradual,,,,0.060288285142440744,35.51232727435817,1.0,0.2512738795699251,0.009668305772369334,0.04869655290080871,rolling_ridge,1000,,,0.1527280510581707,0.0770156962314366,18.6963303189179,,,9.417335752934049,0.0167915,,,,,gradual,3
0.19341450760684617,0.15043379885831487,synthetic_gradual,,,,0.05985476971278887,35.05407436772057,1.0,0.29407908173567765,0.006647930069043746,0.04743033838000524,rls,1000,,,0.1585231445799703,0.07713474036051567,18.35186434141195,,,9.349618445243783,0.007921,,,,,gradual,3
0.37685779063313674,0.3061705033485698,synthetic_gradual,,,,0.13728562346469492,68.21772195783302,1.0,0.53199194455669,0.12101170180590914,0.1196064956618571,hedge,1000,,,0.30787728858673874,0.16801178746206252,36.149549726554966,,,21.444710314173182,0.0026765,,,,,gradual,3
0.952190621562639,0.6439782695412137,synthetic_gradual,,,,0.17983717186761955,78.11945175468227,1.0,1.5736568804356343,0.07744076159079906,0.09756934328391573,exp3,1000,,,0.7198076023245065,0.2931714817656439,38.18010202330442,,,28.091477877237807,0.0025422,,,,,gradual,3
0.22473838068875224,0.17954573208508012,synthetic_gradual,,,,0.07487751174266898,37.10337108796499,1.0,0.34142056454410863,0.045498542176147974,0.06250946177234001,fixed_share,1000,,,0.18160055038772216,0.0945505196725452,22.09125350694392,,,11.69624690367214,0.00442,,,,,gradual,3
0.19656057417962366,0.15673530281466275,synthetic_gradual,,,,0.06505233762765184,32.41670473674844,1.0,0.3019472400090627,0.003857133091710441,0.056145989383099226,passive_aggressive,1000,,,0.16004029822286212,0.0828101079463044,18.832667130391293,,,10.161504901083358,0.0004432,,,,,gradual,3
0.23557948600181045,0.18619493348985378,synthetic_gradual,,,,0.07893118596863885,40.16904880258905,1.0,0.36098014534618666,0.02529639694384757,0.06779425852168047,dma,1000,,,0.19387940028600875,0.0987726980848893,23.53628861859577,,,12.32945136667485,0.0018766,,,,,gradual,3
0.39444045265133054,0.3210628207757791,synthetic_gradual,,,,0.1455208151613081,70.29374338992093,1.0,0.5365154153585718,0.13005863885481167,0.1294703838491953,ensemble_mean,1000,,,0.32463380174345957,0.17688658390180834,37.517739338392175,,,22.731089003060223,,,,,,gradual,3
0.2354075958599961,0.18614354095980903,synthetic_gradual,,,,0.07893717650747664,39.931446315269994,1.0,0.3610154410554267,0.024869030099495506,0.06793327056622074,oracle_best_member,1000,,,0.19382712106970382,0.09875911834015168,23.552421157599515,,,12.33038711920858,,true,10,0.09875911834015168,,gradual,3
0.2354075958599961,0.18614354095980903,synthetic_gradual,,,,0.07893717650747664,39.931446315269994,1.0,0.3610154410554267,0.024869030099495506,0.06793327056622074,validation_best_member,1000,,,0.19382712106970382,0.09875911834015168,23.552421157599515,,,12.33038711920858,,,,,10,gradual,3
0.23924857581092696,0.19429088528273078,synthetic_gradual,0.006035100000000001,0.01,cholesky,0.08181166173446601,34.56109905647654,1.0,0.308102646426732,0.014304461359988248,0.06859773861643692,adaptive_ridge,1000,110,quadratic,0.20358718897657227,0.1027986958486198,22.29752453991424,0.0009719,1,12.71671340832926,,,,,,gradual,4
0.24656792412390147,0.19916826935303553,synthetic_gradual,0.0001417,0.01,,0.08257922463716626,35.880344342354796,1.0,0.35235864371282566,0.004808450949494055,0.06775186076717432,static_ridge,1000,,,0.20270742908212946,0.10443240862664237,22.78106100276099,,,12.836022529419907,,,,,,gradual,4
0.23566218078756013,0.187073095554493,synthetic_gradual,,,,0.07568614694347954,28.09270297249713,1.0,0.3757576824158566,0.002327031664462592,0.06241905442188406,rolling_ridge,1000,,,0.20026309116212734,0.09676400179403777,20.964488926528972,,,11.764570224533736,0.009564,,,,,gradual,4
0.230559582870788,0.18440291334197628,synthetic_gradual,,,,0.07484753092945538,28.273754308834132,1.0,0.3715764380040064,0.004032599838918912,0.0609698927644316,rls,1000,,,0.19346927986992887,0.0955963034865867,20.677499342853963,,,11.63421668710537,0.0083438,,,,,gradual,4
0.267624816682831,0.22049578282450222,synthetic_gradual,,,,0.09404119675299874,35.75750737375778,1.0,0.3830921625542907,0.02893807650587886,0.08031820095588996,hedge,1000,,,0.2262339302502428,0.1169671411327937,24.576349691913254,,,14.61765868496443,0.0011362,,,,,gradual,4
1.0093277725717476,0.7527846061573819,synthetic_gradual,,,,0.2974488391858087,120.3045741160917,1.0,1.7240114273043745,-0.11895969050417643,0.24248540381264588,exp3,1000,,,0.7510404117775612,0.385120729512409,61.05053453643841,,,46.23511564699837,0.0015427,,,,,gradual,4
0.2646564200332917,0.21477324196538072,synthetic_gradual,,,,0.08898068719390913,34.260962186921944,1.0,0.4437650045557763,0.01320972398728868,0.07337982967318013,fixed_share,1000,,,0.22840197884172628,0.112084603168868,24.629575248280705,,,13.831058726001093,0.0013945,,,,,gradual,4
0.24013218520527943,0.18800828630586783,synthetic_gradual,,,,0.07720691135835445,31.889222270027247,1.0,0.33412556491182754,0.0021277120160711903,0.06433727624647172,passive_aggressive,1000,,,0.19775285491074007,0.09834871665353952,22.284781437508144,,,12.000956148197263,0.0002783,,,,,gradual,4
0.49465772894538723,0.40698019065849267,synthetic_gradual,,,,0.19300378947486946,87.76945638609267,1.0,0.7664525147903614,-0.15581868059324058,0.18003972775540017,dma,1000,,,0.41672988239247305,0.23037860195863488,45.55653574684949,,,30.00029366766229,0.0015151,,,,,gradual,4
0.4062992861173437,0.3474189373760362,synthetic_gradual,,,,0.17756265326016046,80.476536777404,1.0,0.49764542490861435,0.1703653908382404,0.17093910403007156,ensemble_mean,1000,,,0.3635724952887551,0.20515262455277394,43.648099585990714,,,27.600140684842422,,,,,,gradual,4
0.516852486241386,0.438845708889536,synthetic_gradual,,,,0.21619681289754164,94.1012190181093,1.0,0.6783900260586992,-0.2041501505379636,0.2096385012964993,oracle_best_member,1000,,,0.4512525357288847,0.2540242947865811,48.77899554305087,,,33.60539134794247,,true,1,0.2540242947865811,,gradual,4
0.516852486241386,0.438845708889536,synthetic_gradual,,,,0.21619681289754164,94.1012190181093,1.0,0.6783900260586992,-0.2041501505379636,0.2096385012964993,validation_best_member,1000,,,0.4512525357288847,0.2540242947865811,48.77899554305087,,,33.60539134794247,,,,,1,gradual,4
0.16578159901869402,0.1332611362746913,synthetic_gradual,0.006125800000000001,0.001,cholesky,0.054952787173189584,25.196355755405087,1.0,0.2849453884120733,0.005891591561180513,0.04445616192571378,adaptive_ridge,1000,110,quadratic,0.13899980016127617,0.06981136992843887,18.126405952550712,0.0009976,1,8.621227512796368,,,,,,gradual,5
0.16303361516527906,0.129066114566843,synthetic_gradual,0.0001838,0.001,,0.05379995635359115,24.295901326175123,1.0,0.2581901822004057,-0.00731937906455191,0.045148866345481375,static_ridge,1000,,,0.13619959780954297,0.06789284547868016,17.451007010544377,,,8.440366499355898,,,,,,gradual,5
0.15539488099348797,0.12336909301079385,synthetic_gradual,,,,0.05193305964198447,25.19862911478978,1.0,0.23427333486439272,-0.005553357162259613,0.04296264604940482,rolling_ridge,1000,,,0.1297208231680004,0.06515407540542188,17.493540746390014,,,8.14747978474891,0.0283155,,,,,gradual,5
0.1532437268333988,0.12266732762442402,synthetic_gradual,,,,0.051477885959413376,25.32284878416828,1.0,0.2201181896848946,-0.002884604795598105,0.04329882183331085,rls,1000,,,0.1287254311331325,0.06453828259298587,17.281824248069377,,,8.076070197043824,0.008123,,,,,gradual,5
0.23614938039261532,0.19233791687946727,synthetic_gradual,,,,0.08483466665061674,36.72908455303707,1.0,0.34157717082884365,0.033407994207056035,0.07236816522069398,hedge,1000,,,0.19865134324803066,0.10437063330756599,25.569167769388436,,,13.309224150218018,0.0013258,,,,,gradual,5
0.7638102419158741,0.5425328812916527,synthetic_gradual,,,,0.23550952834509295,129.79249454093235,1.0,1.586206697332515,-0.09556593554432978,0.20737302560506168,exp3,1000,,,0.5586780463214759,0.293456569910583,53.267840303416534,,,36.947738772474786,0.0074201,,,,,gradual,5
0.19660469736424913,0.15732726102013822,synthetic_gradual,,,,0.06591832241603139,28.586883029082195,1.0,0.2902811236507411,-0.013221050104688058,0.05617138809991845,fixed_share,1000,,,0.1592989755906085,0.08282233588745476,20.009140626959432,,,10.341547427238279,0.001108,,,,,gradual,5
0.17299476918428497,0.13622214399332416,synthetic_gradual,,,,0.057998732677102864,27.05283151694113,1.0,0.2620898975593936,0.0017983837714940245,0.04823487768269257,passive_aggressive,1000,,,0.14244052423364728,0.07266240610056417,18.414185192115976,,,9.099088428168232,0.0002669,,,,,gradual,5
0.39902152087770304,0.33581424594681925,synthetic_gradual,,,,0.1472930717310364,63.173342357909576,1.0,0.5615514027356169,-0.11099961427825543,0.12865044083400956,dma,1000,,,0.3497642169458721,0.18158973611992074,38.074313906804555,,,23.10796499638574,0.0067782,,,,,gradual,5
0.2622055040982577,0.2137122204579787,synthetic_gradual,,,,0.0914580214419771,39.28076309328758,1.0,0.40998500535863336,-0.04032336317779967,0.07757044525759686,ensemble_mean,1000,,,0.2208269536566399,0.11459786601158357,25.63729390793895,,,14.348324284926857,,,,,,gradual,5
0.42776769602171344,0.35718716664069866,synthetic_gradual,,,,0.15077555778838242,65.32265335589166,1.0,0.5927622188455566,-0.10110094353365066,0.12528429877660635,oracle_best_member,1000,,,0.36730665685553654,0.18875493471850954,38.2813706850418,,,23.654312254731337,,true,1,0.18875493471850954,,gradual,5
0.42776769602171344,0.35718716664069866,synthetic_gradual,,,,0.15077555778838242,65.32265335589166,1.0,0.5927622188455566,-0.10110094353365066,0.12528429877660635,validation_best_member,1000,,,0.36730665685553654,0.18875493471850954,38.2813706850418,,,23.654312254731337,,,,,1,gradual,5
0.3526275951323764,0.28434446131928853,synthetic_gradual,0.0075599000000000005,0.01,cholesky,0.11817634241073584,46.0336940320061,1.0,0.4904007715033164,-0.009531559575435614,0.09958806869077413,adaptive_ridge,1000,110,quadratic,0.3038806449664807,0.14918330427320708,31.312571813430772,0.0014897,1,18.52333467759504,,,,,,gradual,6
0.3525891427396028,0.2952806834504925,synthetic_gradual,0.0001789,0.01,,0.12735246342238526,51.014144739635846,1.0,0.46382706008481245,-0.09367623658012883,0.11089680810894387,static_ridge,1000,,,0.3078853024064338,0.15787885769031193,33.35544481927684,,,19.96162898484425,,,,,,gradual,6
0.318093865668976,0.257315186891999,synthetic_gradual,,,,0.1123599752524351,45.4220066701602,1.0,0.5202555885572883,-0.016170935706598555,0.09639898482433734,rolling_ridge,1000,,,0.2685141110330174,0.1384808756994664,32.20801420615768,,,17.611658843979217,0.0089765,,,,,gradual,6
0.310654565123833,0.24997691966052651,synthetic_gradual,,,,0.10808368092892567,44.17029404535589,1.0,0.45214010702645985,-0.015928006509346598,0.0950674178367717,rls,1000,,,0.2617843361953432,0.13401126492446233,30.473362634528357,,,16.94137891046294,0.1317778,,,,,gradual,6
0.4465804872035999,0.37237764919829563,synthetic_gradual,,,,0.17389891295775053,71.03525814155489,1.0,0.6361124362914672,-0.1419528860245623,0.153940736677025,hedge,1000,,,0.37635505183990137,0.20902826870305233,43.121657554240564,,,27.257467096001022,0.0031845,,,,,gradual,6
1.2361872011700366,0.9568379030007064,synthetic_gradual,,,,0.4971727749465413,193.956528013574,1.0,1.8127144866200442,-0.35482434198596746,0.4776516567442747,exp3,1000,,,0.9535340862773677,0.5685399597045201,91.69260563021189,,,77.9284374102172,0.0022122,,,,,gradual,6
0.4424331043379848,0.36238219068905614,synthetic_gradual,,,,0.15931461254140614,63.00646361216994,1.0,0.6214369627931371,-0.10399923884087142,0.1364092443326536,fixed_share,1000,,,0.3677402266508764,0.1961873507800032,39.52566417682616,,,24.971477598106446,0.0031765,,,,,gradual,6
0.30377865069123133,0.23521753107451346,synthetic_gradual,,,,0.09812279836133675,35.80542273682676,1.0,0.48294253892320094,-0.010730979505456685,0.08068699297514378,passive_aggressive,1000,,,0.23458066819207324,0.12445825537177505,26.198820946698685,,,15.380078588251326,0.0002873,,,,,gradual,6
0.7475892790720655,0.5862416554625094,synthetic_gradual,,,,0.24146118251417562,85.80917522125581,1.0,1.2478882878086184,0.039710629182205276,0.20293741630343975,dma,1000,,,0.584906154665107,0.30568410005137897,54.15721368093966,,,37.84739148392878,0.002524,,,,,gradual,6
0.5595624246257225,0.498711969191399,synthetic_gradual,,,,0.2899585292891908,112.82418284883131,1.0,0.7128452363488345,-0.28653183660517034,0.28692923822023386,ensemble_mean,1000,,,0.5088673096002412,0.3194054548478912,63.86507841310708,,,45.44901941523444,,,,,,gradual,6
1.0131243673616004,0.8233656074823111,synthetic_gradual,,,,0.3550582126677914,139.3059987583668,1.0,1.7118825386735343,0.20379739457998106,0.28660018480470545,oracle_best_member,1000,,,0.8593975582447091,0.44201629576348633,71.15993851966587,,,55.65295023614418,,true,10,0.44201629576348633,,gradual,6
0.9072719571049526,0.8005239063964286,synthetic_gradual,,,,0.4856799470343516,203.24605269357457,1.0,1.1693941866256303,-0.4844961868846153,0.4840828784796306,validation_best_member,1000,,,0.8079968772898349,0.5264708014928361,91.70893804214681,,,76.1270151164929,,,,,8,gradual,6
0.27712596381327187,0.21945511438726845,synthetic_gradual,0.003554,0.01,cholesky,0.09330585198054546,63.50869069832308,1.0,0.42031350824510444,-0.024722119644423855,0.07798831175371274,adaptive_ridge,1000,110,quadratic,0.22217557664361443,0.1170047745212007,27.030714822804423,0.000556,1,14.54077738664517,,,,,,gradual,7
0.2763480751524301,0.22325754067959214,synthetic_gradual,8.53e-5,0.01,,0.09263543276865406,59.16705081624496,1.0,0.3680982812697411,-0.00418948263599838,0.07791737053466391,static_ridge,1000,,,0.22986570429215317,0.11702698139336105,26.289246369833098,,,14.436299303985622,,,,,,gradual,7
0.26812495355568466,0.21460464406444488,synthetic_gradual,,,,0.09101000034064806,55.36886974476016,1.0,0.39962602724643087,0.00789056672682368,0.07560546818575467,rolling_ridge,1000,,,0.22405887064976046,0.11393306092652443,26.445955688446602,,,14.18299202913648,0.0037993,,,,,gradual,7
0.26207845059145163,0.2112474653621492,synthetic_gradual,,,,0.08886273472716384,56.39515079878188,1.0,0.39653368346914597,0.0018727485875654627,0.07397348951217314,rls,1000,,,0.21492869030550496,0.11159382815111088,25.951659701873865,,,13.848362307496062,0.0017341,,,,,gradual,7
0.2841826542918944,0.2337798136246461,synthetic_gradual,,,,0.10223003338838822,64.86174403626174,1.0,0.384703938834603,-0.009477980213721843,0.08935861688100677,hedge,1000,,,0.240285062650962,0.12611042619516508,28.888522342961267,,,15.931521187329135,0.0006519,,,,,gradual,7
1.2175110788237462,0.8461455104650889,synthetic_gradual,,,,0.34914087750567274,186.7201901042996,1.0,2.2131174624032166,-0.18262509156889387,0.2960223013357997,exp3,1000,,,0.8563878033664655,0.44606549368252785,69.44955692863549,,,54.41008970633976,0.0119244,,,,,gradual,7
0.31555520509053214,0.2594107115325813,synthetic_gradual,,,,0.11216517976419765,65.67287959695291,1.0,0.4392851279598912,-0.0587635371625762,0.0961455772513587,fixed_share,1000,,,0.272532593928498,0.13933703776328002,31.000528995992067,,,17.479813697261964,0.0028977,,,,,gradual,7
0.251645666573661,0.19835479856419275,synthetic_gradual,,,,0.08252428997289867,44.75427377720247,1.0,0.39233258507062174,0.0015512877084645198,0.06754608445448573,passive_aggressive,1000,,,0.2054118979438254,0.1046140031158051,23.357159169946925,,,12.860579524391145,0.0003175,,,,,gradual,7
0.5352468872951636,0.4494884238880575,synthetic_gradual,,,,0.1956758927302333,95.67623101677306,1.0,0.8883559383475286,-0.10958994965310785,0.1701495817251969,dma,1000,,,0.4661802160784429,0.2423189355483966,46.484501280284796,,,30.494117311276806,0.0023059,,,,,gradual,7
0.2861776124272835,0.23359802664413565,synthetic_gradual,,,,0.10214859934655725,65.0494261244284,1.0,0.4126158481305803,0.0005977888665923694,0.08928529869437873,ensemble_mean,1000,,,0.24029660126371183,0.12640780331738594,29.223726396829328,,,15.918830511998225,,,,,,gradual,7
0.6905079922704961,0.5938194974423747,synthetic_gradual,,,,0.2929875084515714,139.95385718293377,1.0,0.8909601144880885,-0.2765360256493671,0.2770328794561838,oracle_best_member,1000,,,0.6147066035197355,0.3424588011278508,63.11844257279165,,,45.65915263653986,,true,2,0.3424588011278508,,gradual,7
0.6905079922704961,0.5938194974423747,synthetic_gradual,,,,0.2929875084515714,139.95385718293377,1.0,0.8909601144880885,-0.2765360256493671,0.2770328794561838,validation_best_member,1000,,,0.6147066035197355,0.3424588011278508,63.11844257279165,,,45.65915263653986,,,,,2,gradual,7
0.2144197166775787,0.1749512385536812,synthetic_gradual,0.0028456,0.001,cholesky,0.07482428884605775,51.474975319527125,1.0,0.33776256062607735,-0.0025146430504615408,0.06448514654531429,adaptive_ridge,1000,110,quadratic,0.18240654107769866,0.0934143636633592,23.308944279177908,0.0004071,1,11.694655047462497,,,,,,gradual,8
0.21320397624929727,0.17070308389779346,synthetic_gradual,7.18e-5,0.0,,0.074233328610108,46.44538422387141,1.0,0.29663568461980183,0.006019476297001305,0.06386052344392862,static_ridge,1000,,,0.1769991446310543,0.09178233020458623,23.174655207143655,,,11.602290974074265,,,,,,gradual,8
0.2042785695150945,0.1688853191537938,synthetic_gradual,,,,0.07347217412551256,46.91385952960976,1.0,0.33548048083102944,0.006830956165212406,0.06432598056228284,rolling_ridge,1000,,,0.17466491750221733,0.09065092851932909,23.396233210202578,,,11.483326406920325,0.0016282,,,,,gradual,8
0.20118822800863828,0.1657627337038683,synthetic_gradual,,,,0.07282531649492789,47.10890674134549,1.0,0.3090860776985157,0.003891101053953053,0.06310770807609191,rls,1000,,,0.17173200007993575,0.08951505265371246,23.133983230727814,,,11.382225855599748,0.001874,,,,,gradual,8
0.29729340446354285,0.2376721720655926,synthetic_gradual,,,,0.10180302817507506,63.42488025272382,1.0,0.49463678550072115,0.04985979670527264,0.08878634781415196,hedge,1000,,,0.24664088121328745,0.12702214961166963,29.014520325893063,,,15.911294522879176,0.0004423,,,,,gradual,8
1.0252983066647219,0.8096229782577573,synthetic_gradual,,,,0.37696014171615694,178.8764291487217,1.0,1.591811884275224,0.17520563618146257,0.35460478438759513,exp3,1000,,,0.8325048987611467,0.45147385844758103,75.1719735206395,,,58.916949188556146,0.001909,,,,,gradual,8
0.29930688712608344,0.23927065119653856,synthetic_gradual,,,,0.10263589848275322,64.06121692934119,1.0,0.4975703070957147,0.052127891133320746,0.0895475805016252,fixed_share,1000,,,0.24910779677407213,0.12795171440420341,29.081474106492557,,,16.04146790772229,0.0015329,,,,,gradual,8
0.2065469964780718,0.16948241956635796,synthetic_gradual,,,,0.07308463562023343,37.785081886525255,1.0,0.2946516517019331,0.0019540686460554997,0.06145618760486138,passive_aggressive,1000,,,0.1743833299840597,0.09070930459710552,21.847586397125408,,,11.422756113413453,0.0001531,,,,,gradual,8
0.5603937247500498,0.4689097031896464,synthetic_gradual,,,,0.21692966825286394,118.49660548902439,1.0,0.759135816300221,0.18431375437756609,0.2014125247739875,dma,1000,,,0.4835019615593814,0.2612191857458123,52.67270945198601,,,33.905001689987756,0.0015324,,,,,gradual,8
0.297156996003584,0.23756322381333234,synthetic_gradual,,,,0.10175396067521833,63.38914086057458,1.0,0.49448456480687647,0.04969327535025184,0.08885416386875261,ensemble_mean,1000,,,0.24649881242763702,0.12696402378528673,29.00782947202604,,,15.90362552269601,,,,,,gradual,8
0.6438685726433049,0.5472579515805631,synthetic_gradual,,,,0.258345397388388,124.96723171122399,1.0,0.9264051003320468,0.2289350811673567,0.23958992410694777,oracle_best_member,1000,,,0.5656206599745285,0.30866498882801846,58.1229423557279,,,40.37806910230322,,true,8,0.30866498882801846,,gradual,8
1.0896088519684324,0.8401947825233662,synthetic_gradual,,,,0.3555442386354056,204.82125986880573,1.0,1.603518221719511,0.24236972224624584,0.2968410447464054,validation_best_member,1000,,,0.8673099876668494,0.4446037835896128,71.23984610258444,,,55.569752670931344,,,,,9,gradual,8
0.28702795471873227,0.22890377328512793,synthetic_gradual,0.0040872,0.1,cholesky,0.09566272378169677,99.76336899462414,1.0,0.4635918168243638,-0.018499971396205246,0.07826701843428337,adaptive_ridge,1000,110,quadratic,0.2413036806228312,0.1209004180285933,26.820787054233005,0.000437,1,15.015448793059027,,,,,,gradual,9
0.2959552882475145,0.23530872399189556,synthetic_gradual,7.03e-5,0.1,,0.09761677468243662,85.62984064941257,1.0,0.48245474686662737,-0.029740822310225172,0.08061511545634548,static_ridge,1000,,,0.24133060530308723,0.12369871462188173,27.00646420658301,,,15.322161272896489,,,,,,gradual,9
0.27936827113770263,0.22076405184582687,synthetic_gradual,,,,0.09377728087835177,89.76985240474427,1.0,0.4325799576410261,0.009255369934594585,0.07963955998803451,rolling_ridge,1000,,,0.22611727132462098,0.11758852836828855,27.10561519712933,,,14.719505187773246,0.0041961,,,,,gradual,9
0.27140687205314373,0.21515793699413863,synthetic_gradual,,,,0.09148220938225857,90.47637273547888,1.0,0.42207950671707406,0.0035920784308879645,0.07914479329699592,rls,1000,,,0.22078335064573246,0.11464135824784456,26.58140175593338,,,14.359265303692183,0.0018195,,,,,gradual,9
0.3084251362887605,0.2456809943332674,synthetic_gradual,,,,0.10464020146353353,112.01915059328167,1.0,0.41854726489318395,0.04848347146143969,0.0926779364534579,hedge,1000,,,0.26131530313582313,0.13088769430156272,28.38684759475741,,,16.424575055552523,0.0010687,,,,,gradual,9
1.1834683263265642,0.9163332812999289,synthetic_gradual,,,,0.37840642342075836,189.6030917013934,1.0,2.1650096277682955,-0.07461142015596628,0.31589687619923007,exp3,1000,,,0.9408024790561816,0.4809448555620323,73.41935954413793,,,59.39557279181445,0.0018314,,,,,gradual,9
0.30904699832364446,0.2463425431982156,synthetic_gradual,,,,0.10486591170700015,111.28423212450738,1.0,0.4191405776968561,0.04878429691680207,0.09315226540282176,fixed_share,1000,,,0.2607730169941215,0.13115686251361183,28.3892937587743,,,16.460003072536196,0.0023455,,,,,gradual,9
0.27089187595983427,0.21396952400027813,synthetic_gradual,,,,0.08842242305957601,92.04508700533121,1.0,0.43126890408843077,0.006065999221229913,0.07207835895503972,passive_aggressive,1000,,,0.22193039996109332,0.1123045684722382,25.171679173769054,,,13.878993960480308,0.0001413,,,,,gradual,9
0.6276256943064764,0.4955561109118982,synthetic_gradual,,,,0.20440468576153797,122.5364894593654,1.0,0.8520084513777508,-0.046820549917684515,0.17056979837295483,dma,1000,,,0.5129743366168146,0.25907356875701576,48.19831260488444,,,32.083845941055394,0.000755,,,,,gradual,9
0.3082000748276083,0.2454678528301923,synthetic_gradual,,,,0.10455092886773894,112.00772236015159,1.0,0.41888432266040665,0.048225375268151016,0.09244628056650384,ensemble_mean,1000,,,0.26086067225386866,0.1307804083273096,28.35755532204048,,,16.410562616456225,,,,,,gradual,9
0.817650712561314,0.6886432140993857,synthetic_gradual,,,,0.30900408601514223,182.40006105058572,1.0,1.024411831578594,-0.21621010795455226,0.26534778404079895,oracle_best_member,1000,,,0.7157318627069522,0.3771708027978132,64.94053644920932,,,48.502016741594375,,true,7,0.3771708027978132,,gradual,9
1.0494808990765143,0.8464005503653806,synthetic_gradual,,,,0.3602678341104431,349.4601367992255,1.0,1.7154284567288667,-0.16327288649101868,0.3090117378276207,validation_best_member,1000,,,0.8758894482304758,0.4506813184333691,71.48186698194941,,,56.54849664553106,,,,,10,gradual,9
0.18194490688778295,0.1481221309233212,synthetic_gradual,0.0038557,0.01,cholesky,0.06400062955807909,40.857725254812024,1.0,0.23597878175128206,0.011279164506707058,0.0554547419316771,adaptive_ridge,1000,110,quadratic,0.15414840025883855,0.07940063435501162,20.50854684013697,0.0005899,1,9.91762038777606,,,,,,gradual,10
0.18809999537588987,0.1540272560399326,synthetic_gradual,6.79e-5,0.01,,0.06709378921404385,43.493412977594545,1.0,0.23708001079429708,0.01941142334400314,0.05774303427056307,static_ridge,1000,,,0.15689750567698083,0.08303218775221324,20.87009913888762,,,10.39694041132058,,,,,,gradual,10
0.18195974869397688,0.14833358917538977,synthetic_gradual,,,,0.06372215280295651,41.17202825512849,1.0,0.2422759943434688,0.012218609871369858,0.05612506019875274,rolling_ridge,1000,,,0.15414621671914136,0.07939922281940791,20.720533013943324,,,9.874467269389637,0.0042923,,,,,gradual,10
0.17967049140270536,0.14600845970308837,synthetic_gradual,,,,0.06301002740292998,40.60804049375313,1.0,0.24103225673361484,0.010234779044957124,0.05433090886359321,rls,1000,,,0.14975589269870648,0.07816962808652021,20.39866544162512,,,9.764115395748346,0.0019849,,,,,gradual,10
0.3986485029865583,0.34808806851424684,synthetic_gradual,,,,0.18488046844014816,150.48510917795025,1.0,0.5124485669349315,-0.17995436598831704,0.18334816371875434,hedge,1000,,,0.3526331541343768,0.21156391790134962,47.373352646973125,,,28.649316667106778,0.0022986,,,,,gradual,10
0.788076882387044,0.5024515119306071,synthetic_gradual,,,,0.16868257209196458,115.27092981039763,1.0,1.3553537156543416,-0.006347502022506552,0.1212241187726369,exp3,1000,,,0.5094561258634014,0.24743863790274898,41.194437152722564,,,26.13926968520877,0.0029791,,,,,gradual,10
0.3117335882318206,0.25565755573606014,synthetic_gradual,,,,0.10776312512265886,102.57027373826104,1.0,0.4389510677464363,-0.056028466992543186,0.08942274461179989,fixed_share,1000,,,0.26256285510273475,0.13540491709488944,31.65012552291171,,,16.699113339144187,0.0015802,,,,,gradual,10
0.18973466756960708,0.15036040185169908,synthetic_gradual,,,,0.06350180643756503,40.20745862198372,1.0,0.2904962202740806,0.0007919336784775224,0.05526688105121555,passive_aggressive,1000,,,0.1525194094403745,0.07946262581740265,19.700461659239824,,,9.840322111429968,0.0003056,,,,,gradual,10
0.3913904086652091,0.3159866801764362,synthetic_gradual,,,,0.13038727645695236,101.2732691441565,1.0,0.5199955643796994,0.014319231407402069,0.11154814403121044,dma,1000,,,0.33461220832759386,0.16509605997541701,35.12186106274967,,,20.20498111073388,0.002714,,,,,gradual,10
0.4203107608354502,0.36934010827162816,synthetic_gradual,,,,0.19631532866441934,153.9419599170001,1.0,0.566573897151545,-0.19178630987238812,0.19483443698161773,ensemble_mean,1000,,,0.38180351908715754,0.22384352349608633,49.41952235591112,,,30.42127740678493,,,,,,gradual,10
0.39357496108715195,0.3176805381090116,synthetic_gradual,,,,0.13157804220721703,102.61876766071194,1.0,0.5206099462960199,0.01677827652842879,0.11258365035822637,oracle_best_member,1000,,,0.33837367258579015,0.16634198217837246,35.664712184809595,,,20.389503712518188,,true,1,0.16634198217837246,,gradual,10
0.39357496108715195,0.3176805381090116,synthetic_gradual,,,,0.13157804220721703,102.61876766071194,1.0,0.5206099462960199,0.01677827652842879,0.11258365035822637,validation_best_member,1000,,,0.33837367258579015,0.16634198217837246,35.664712184809595,,,20.389503712518188,,,,,1,gradual,10
0.2639390982127495,0.21653536732050493,synthetic_gradual,0.007221999999999999,0.01,cholesky,0.09153125763326889,47.90081246211676,1.0,0.36337814989751027,-0.014776957206725531,0.07723191390006906,adaptive_ridge,1000,110,quadratic,0.2269108949455476,0.11391845186167349,27.546860170543958,0.0009101,1,14.29196550586341,,,,,,gradual,11
0.26325156876840244,0.21345884337506946,synthetic_gradual,0.0001892,0.01,,0.08978274742672816,46.90886362167471,1.0,0.3389053772773063,-0.011250593656744134,0.07493606384306895,static_ridge,1000,,,0.22326193897131758,0.11266847134817488,27.4926401572892,,,14.0189478700886,,,,,,gradual,11
0.2608644175264538,0.21272936366689077,synthetic_gradual,,,,0.08857615837726773,41.71603100659976,1.0,0.3412282881823618,0.012671868387526543,0.07387639818161973,rolling_ridge,1000,,,0.2210471336790459,0.11165877692541565,26.62037218407295,,,13.83054743158776,0.0078919,,,,,gradual,11
0.25731157014365336,0.20785753950779123,synthetic_gradual,,,,0.08678743121249065,42.36280772836081,1.0,0.3299231140497348,0.005131550841673644,0.07250683782098499,rls,1000,,,0.21807864080999212,0.10910531041978092,25.888481720242517,,,13.551250199151363,0.0088921,,,,,gradual,11
0.3623599051829764,0.30220276123559914,synthetic_gradual,,,,0.13554229889174746,49.67721010270844,1.0,0.49447241030003086,0.1161804672699567,0.1203780475564808,hedge,1000,,,0.3138130677494596,0.16584830470070316,35.95178950128704,,,21.16398168708414,0.0019735,,,,,gradual,11
0.9613744952358064,0.7284578774520178,synthetic_gradual,,,,0.2900390551420245,131.7392320784557,1.0,1.5609156491861866,-0.09605872366499636,0.23936963552528395,exp3,1000,,,0.7775357095054534,0.37582995207763265,61.500248656907765,,,45.2875692809924,0.0026126,,,,,gradual,11
0.32076963912645795,0.25851296348693975,synthetic_gradual,,,,0.11084731586616269,46.889348622661856,1.0,0.5102275164878034,0.014309368832723008,0.09487563448737485,fixed_share,1000,,,0.26425404524215607,0.1377850929253451,30.602017912279745,,,17.308032859377253,0.0023736,,,,,gradual,11
0.2577383526862723,0.20374920809481373,synthetic_gradual,,,,0.08661568608600291,32.90787992165987,1.0,0.39382010573581505,0.005484195238858164,0.07333935265122754,passive_aggressive,1000,,,0.21149444251929841,0.10823783284666409,24.503300478708596,,,13.524433399218411,0.000251,,,,,gradual,11
0.5111008902545334,0.40822649919474147,synthetic_gradual,,,,0.16833434589798957,66.97256865617402,1.0,0.8239246150306141,-0.02631400952499639,0.1397560333274115,dma,1000,,,0.41457018063917866,0.21365232877435433,40.96093062615963,,,26.284230406462804,0.0022724,,,,,gradual,11
0.3895309944393452,0.3271198672943076,synthetic_gradual,,,,0.14737935929913312,52.76649683124425,1.0,0.5336360449519786,0.12894765250860546,0.12814486979966044,ensemble_mean,1000,,,0.3350320246582239,0.1797505992139534,38.06240488097272,,,23.012255854920845,,,,,,gradual,11
0.6082981866835834,0.48945021216021645,synthetic_gradual,,,,0.20548814515447114,81.08090092274499,1.0,0.8589544378827183,-0.053803569852733456,0.17227568171521235,oracle_best_member,1000,,,0.5087433096635193,0.25882920437621254,47.040644654122545,,,32.08553622390199,,true,2,0.25882920437621254,,gradual,11
0.6082981866835834,0.48945021216021645,synthetic_gradual,,,,0.20548814515447114,81.08090092274499,1.0,0.8589544378827183,-0.053803569852733456,0.17227568171521235,validation_best_member,1000,,,0.5087433096635193,0.25882920437621254,47.040644654122545,,,32.08553622390199,,,,,2,gradual,11
0.2598314543550107,0.21114372058948874,synthetic_gradual,0.026985699999999998,0.01,cholesky,0.0895373168168021,52.79818592183712,1.0,0.367185753298081,-0.028409948615605102,0.07678960115293304,adaptive_ridge,1000,110,quadratic,0.21997149658793544,0.11211321653693151,27.60852047638902,0.0009379,1,14.165898011030796,,,,,,gradual,12
0.2659189446267554,0.2181559655072814,synthetic_gradual,0.0001257,0.01,,0.09087937683853167,59.42860313925195,1.0,0.3867294516280211,-0.03641901067835235,0.0758264555910732,static_ridge,1000,,,0.22675020506880694,0.11449442324100198,28.32853362885947,,,14.378228311607048,,,,,,gradual,12
0.26219854160772876,0.20614914570330964,synthetic_gradual,,,,0.08581493019758324,56.183570520441336,1.0,0.33780055159572586,-0.010026892168407634,0.07483670925551386,rolling_ridge,1000,,,0.22046292573623405,0.10860473566604303,27.633005767496286,,,13.576970945979578,0.0086763,,,,,gradual,12
0.25636340098334887,0.20435349235108893,synthetic_gradual,,,,0.08429455611308125,55.854823829603376,1.0,0.36015821321058006,-0.009574219470602753,0.0731508903981157,rls,1000,,,0.21610336489975557,0.10680754071807735,27.366662764019,,,13.336429180988604,0.012419,,,,,gradual,12
0.3029786473270778,0.24402467930554778,synthetic_gradual,,,,0.1023989883610862,69.96685900230315,1.0,0.4346210122547358,-0.04908559876249601,0.08484977835828117,hedge,1000,,,0.25005221050166815,0.12888277536105347,30.537808692425024,,,16.20077166846337,0.0008743,,,,,gradual,12
1.0200215386204439,0.7715343319318653,synthetic_gradual,,,,0.34358157944832346,292.2327929717498,1.0,1.9976948426650556,-0.07525466459411423,0.3108731213574968,exp3,1000,,,0.7720092819175136,0.4245353794417622,72.44739551855284,,,54.35880575796395,0.0016955,,,,,gradual,12
0.2990445569038805,0.241147765339337,synthetic_gradual,,,,0.10096472911016789,69.81581660976997,1.0,0.4088655533970815,-0.03907245400192462,0.08253998386105302,fixed_share,1000,,,0.2504648296190613,0.12696647996021312,30.500340015000088,,,15.973854322800035,0.4218794,,,,,gradual,12
0.24859875840111756,0.19788197804847435,synthetic_gradual,,,,0.08312056823722702,54.19194056288168,1.0,0.36463670588969155,-0.005699156998569246,0.07097614963714266,passive_aggressive,1000,,,0.20228569314099004,0.10492306688008185,27.13518971755164,,,13.15068994837831,0.000454,,,,,gradual,12
0.5251352340558928,0.4203203495535627,synthetic_gradual,,,,0.1797187277745281,135.58872863444623,1.0,0.8288673706376417,-0.04041131849298492,0.15925793839927807,dma,1000,,,0.421223767208816,0.22631836127929272,43.45899686496009,,,28.433699588465068,0.0024205,,,,,gradual,12
0.2897343291454613,0.23126652243832355,synthetic_gradual,,,,0.09749311659872885,68.65886972020576,1.0,0.40298846616208284,0.006649865814626038,0.08434781062046619,ensemble_mean,1000,,,0.23910046238571367,0.12219850747951462,30.773744685324814,,,15.424602787024332,,,,,,gradual,12
0.770764513221654,0.6398937332272123,synthetic_gradual,,,,0.2963082946955551,258.57290275608506,1.0,1.1036171743848096,0.2585096552166198,0.27273992089177285,oracle_best_member,1000,,,0.6546473411703673,0.3574880476342225,66.31181805723749,,,46.879594248596185,,true,2,0.3574880476342225,,gradual,12
0.7127181019142347,0.6169267564016635,synthetic_gradual,,,,0.31844665913170483,212.74673730412695,1.0,0.9569841306255973,-0.3087474053152965,0.3051867712537416,validation_best_member,1000,,,0.637365471392773,0.36594684759262197,68.59250373629453,,,50.382154118412146,,,,,3,gradual,12
0.2252248099003193,0.1815657323993972,synthetic_gradual,0.0098543,0.01,cholesky,0.07690543126380057,30.239235263047487,1.0,0.33792922906845546,0.02320223992625586,0.06585066422704877,adaptive_ridge,1000,110,quadratic,0.1872502930023251,0.0968036952031502,23.4289315647503,0.0016213,1,11.921561422687454,,,,,,gradual,13
0.23720660834141533,0.1888282926423382,synthetic_gradual,0.0002001,0.0,,0.08014081294479432,33.57595732589961,1.0,0.3998788670858724,0.024947743704218674,0.06930717381607901,static_ridge,1000,,,0.19235867710409504,0.10069628340945677,23.721010181093092,,,12.423096890364622,,,,,,gradual,13
0.21824906927930063,0.17750169555959044,synthetic_gradual,,,,0.07489314451770164,30.705896855618413,1.0,0.36992234108478117,0.010977678544149373,0.06483188618648728,rolling_ridge,1000,,,0.18583132132584967,0.0940466272049385,22.23780553608458,,,11.60962506592496,0.0037938,,,,,gradual,13
0.21582590804993287,0.17499155454682358,synthetic_gradual,,,,0.0740252140268117,30.712157877850487,1.0,0.3678043794446756,0.010788881143003625,0.062314896586404434,rls,1000,,,0.1795570361982864,0.092762033133887,22.01042050155177,,,11.47508207607714,0.0033293,,,,,gradual,13
0.34653435285348727,0.2849114042821596,synthetic_gradual,,,,0.1257093586716208,52.654069898647904,1.0,0.4420307847178261,0.09425943043732635,0.11079255321044637,hedge,1000,,,0.2956537202417726,0.15411311182130238,33.90823724210165,,,19.486944110224258,0.0008944,,,,,gradual,13
1.1574990155981322,0.888825472247098,synthetic_gradual,,,,0.37431478187991507,178.7660611492644,1.0,1.9337175030729155,0.1571562037059373,0.31765914857859084,exp3,1000,,,0.9175681786263589,0.4706046518338679,73.73236630050377,,,58.02472712615456,0.00129,,,,,gradual,13
0.2763361694178484,0.22750667413382222,synthetic_gradual,,,,0.09692612095818857,39.81814864081972,1.0,0.35236724071705633,0.04599285888401895,0.08106095922366591,fixed_share,1000,,,0.23883873980435164,0.12062399828745736,27.769863009440297,,,15.025085816140248,0.0025127,,,,,gradual,13
0.21854209146911202,0.17638768162886648,synthetic_gradual,,,,0.07402505280512267,29.664920028844875,1.0,0.38382920187212355,0.004168543355105449,0.06111392664709586,passive_aggressive,1000,,,0.18226380566741304,0.09305131442702344,22.409740249423,,,11.475057084158664,0.0002744,,,,,gradual,13
0.5389250733273174,0.43453734047553827,synthetic_gradual,,,,0.18665453632278275,95.83868581569415,1.0,0.886196825693102,-0.12500901527859976,0.16412767994536362,dma,1000,,,0.45294936514318124,0.23286647737392077,44.449993056081944,,,28.93441312307821,0.0027708,,,,,gradual,13
0.34598632328332785,0.2854332816235885,synthetic_gradual,,,,0.12334581805748794,50.97286478463078,1.0,0.42328692675944224,0.08003967219440146,0.10505386805097161,ensemble_mean,1000,,,0.29965745088940826,0.1526603515774708,32.697109249985544,,,19.120557833684845,,,,,,gradual,13
0.6176442086357554,0.5168194344013043,synthetic_gradual,,,,0.25201085842900495,112.67271787160875,1.0,0.9826967620901129,-0.23618763510779922,0.23384114283434926,oracle_best_member,1000,,,0.5322683487889077,0.29715177971648477,55.93470900659704,,,39.06567947899578,,true,8,0.29715177971648477,,gradual,13
0.9350408538995026,0.7573838860253275,synthetic_gradual,,,,0.3223420430501927,158.40804231249385,1.0,1.2684316053605866,0.17229823204248068,0.27408009526960714,validation_best_member,1000,,,0.7904298937085001,0.40318492183844223,67.3756229890725,,,49.96812841678002,,,,,4,gradual,13
0.3544237207146528,0.2827358176666099,synthetic_gradual,0.1484166,0.1,cholesky,0.11744389560027832,54.13956545079166,1.0,0.4964221322570752,-0.014406158061277454,0.09699302907173157,adaptive_ridge,1000,110,quadratic,0.297099963519432,0.1486247909461011,32.794339229358954,0.0009284,1,18.313150564151666,,,,,,gradual,14
0.36029266909045093,0.2908302658249448,synthetic_gradual,0.0001227,0.1,,0.12252843564380116,59.67463726125706,1.0,0.49663221007373615,-0.01438005424166454,0.10141802960140758,static_ridge,1000,,,0.3002157154400388,0.1531281595766479,34.1348129110032,,,19.105988258189054,,,,,,gradual,14
0.3311195582737817,0.27071805039708857,synthetic_gradual,,,,0.11702580238459122,59.24256770961832,1.0,0.5070107956367087,0.008425783129825887,0.10114640600363078,rolling_ridge,1000,,,0.28347390044941534,0.14558101260077333,34.78567246526458,,,18.247956847870427,0.0023721,,,,,gradual,14
0.3275225245691209,0.26568153063293054,synthetic_gradual,,,,0.11298932846893263,56.34033393366612,1.0,0.5108251869015739,0.010237951178509612,0.0965280224697514,rls,1000,,,0.27348938418379704,0.14145552173628384,32.198446250050225,,,17.618545211038178,0.0034379,,,,,gradual,14
0.37724732799101923,0.29685388178856525,synthetic_gradual,,,,0.12390050893733255,62.67251981291775,1.0,0.553581292121214,0.035038574940452,0.10356600956027055,hedge,1000,,,0.3086626905093954,0.15601443217274188,33.66212561510142,,,19.319937094619103,0.0010711,,,,,gradual,14
1.1526655193739912,0.8206559599699613,synthetic_gradual,,,,0.29706323310267674,130.7033846023221,1.0,2.0381114941192155,-0.06512265845396563,0.21426431806021676,exp3,1000,,,0.8241714859862929,0.40955669689923324,60.408963593176765,,,46.32138338972222,0.0014022,,,,,gradual,14
0.3553309168979777,0.2837623718400971,synthetic_gradual,,,,0.11727779840455016,53.079105011006156,1.0,0.5961874617043195,-0.005146625040074065,0.09512059062007602,fixed_share,1000,,,0.2919940970568068,0.1491584719754765,31.81122887842235,,,18.287250853161105,0.0011277,,,,,gradual,14
0.30699622518730973,0.2488264879304949,synthetic_gradual,,,,0.10659129449149701,44.29877686789172,1.0,0.41291449950976233,0.006736352718322922,0.09241390503805591,passive_aggressive,1000,,,0.2595044446695107,0.13285017647498987,30.28402193520547,,,16.62089302192722,0.0002866,,,,,gradual,14
0.6440249420206067,0.5117318849096743,synthetic_gradual,,,,0.20979143348552826,95.48077146129206,1.0,1.0512231484301864,-0.05323197846840588,0.17246536919779143,dma,1000,,,0.5405282458257374,0.26729942991234823,49.3342135739318,,,32.71299958889123,0.0022536,,,,,gradual,14
0.4271563805605727,0.3390158047665159,synthetic_gradual,,,,0.14306379951762374,82.45761802524288,1.0,0.5948088276563808,0.095944435982744,0.11958066106599313,ensemble_mean,1000,,,0.3495654624935184,0.1802787063459114,37.06477326911183,,,22.308089215320987,,,,,,gradual,14
0.7135176631496859,0.582486686379057,synthetic_gradual,,,,0.23869062003952346,103.47628966064973,1.0,1.0842744894984133,-0.098655280528249,0.1971116197235242,oracle_best_member,1000,,,0.6130979098690733,0.30384579345092166,53.47269021752571,,,37.21928024179191,,true,4,0.30384579345092166,,gradual,14
0.7135176631496859,0.582486686379057,synthetic_gradual,,,,0.23869062003952346,103.47628966064973,1.0,1.0842744894984133,-0.098655280528249,0.1971116197235242,validation_best_member,1000,,,0.6130979098690733,0.30384579345092166,53.47269021752571,,,37.21928024179191,,,,,4,gradual,14
0.3418235552204622,0.2789290728111644,synthetic_gradual,0.056614899999999996,0.1,cholesky,0.11800229108343996,80.42087004517465,1.0,0.49397464695063065,-0.012253184618625805,0.10143893906380913,adaptive_ridge,1000,110,quadratic,0.28949848307251946,0.14764147171164704,35.24570475914218,0.0008918,1,18.46335941398326,,,,,,gradual,15
0.3529891015560115,0.287450605979626,synthetic_gradual,0.0001318,0.1,,0.12286751401596356,88.21499051289963,1.0,0.5234238280403054,-0.0075722967694127645,0.103601412223155,static_ridge,1000,,,0.3011090143200629,0.1527983473664704,35.76257697395797,,,19.224601918748007,,,,,,gradual,15
0.30261406553374004,0.24645319390297607,synthetic_gradual,,,,0.1019391888102113,116.68057971366927,1.0,0.45462071922181024,0.01149688302775293,0.08419902851868616,rolling_ridge,1000,,,0.2536499269174742,0.12927967595398754,32.5197741977159,,,15.950028292602912,0.0029512,,,,,gradual,15
0.32027124780021876,0.26301071455007685,synthetic_gradual,,,,0.11032123782670379,118.06230813212298,1.0,0.41700926934042337,0.019360140791584664,0.09359705674053445,rls,1000,,,0.27962157168180785,0.13790532775247372,33.418723943085105,,,17.261534892993357,0.0043764,,,,,gradual,15
0.4434003729541688,0.3697529701493008,synthetic_gradual,,,,0.16839075948114768,144.70374375099203,1.0,0.6303469459840383,0.1502589669694364,0.15014359191555393,hedge,1000,,,0.3819401539255878,0.2043969320131446,44.1977214190619,,,26.34744703469875,0.0334209,,,,,gradual,15
1.193848416054753,0.9579142206490032,synthetic_gradual,,,,0.4062024702230345,401.69739856104434,1.0,1.767589204474555,-0.1366650393072142,0.3372696227764614,exp3,1000,,,1.0043857563828669,0.5074394936305593,78.14828065398606,,,63.55692024040899,0.0017477,,,,,gradual,15
0.4945814253138138,0.39374126026706835,synthetic_gradual,,,,0.16295410425304058,103.68747577045244,1.0,0.7293430935115132,0.057851018024099005,0.1335150066663312,fixed_share,1000,,,0.42116211443108964,0.20671345928906312,42.969276838548936,,,25.496794741723573,0.0015241,,,,,gradual,15
0.2935450099330794,0.23785103633945212,synthetic_gradual,,,,0.0963160143336547,69.44289648570249,1.0,0.46210872915874446,0.008544415145625225,0.08107369326023661,passive_aggressive,1000,,,0.2504613103102054,0.1229041317439535,27.59952674636014,,,15.070192058450576,0.0003168,,,,,gradual,15
0.7002128111742585,0.556952681936069,synthetic_gradual,,,,0.23792891139942038,165.03916748403444,1.0,0.9633314210187096,0.018013456722543706,0.19751682786820693,dma,1000,,,0.5764874849668282,0.2965165957188147,54.53907600180623,,,37.227811136641314,0.0016996,,,,,gradual,15
0.5592792602763045,0.4935354303979153,synthetic_gradual,,,,0.2956617082943705,294.74252996447024,1.0,0.7444538936090925,0.29508033630990993,0.2922241474775959,ensemble_mean,1000,,,0.506991505883553,0.320516401157533,67.86802927793632,,,46.26103726521054,,,,,,gradual,15
0.8105074534831678,0.6589365519205433,synthetic_gradual,,,,0.2847184202412386,193.06542021195253,1.0,1.350562400188584,0.02461662875951294,0.25518652988461443,oracle_best_member,1000,,,0.6752414077303226,0.35351191532071874,61.02195895099735,,,44.54878355690879,,true,5,0.35351191532071874,,gradual,15
0.8105074534831678,0.6589365519205433,synthetic_gradual,,,,0.2847184202412386,193.06542021195253,1.0,1.350562400188584,0.02461662875951294,0.25518652988461443,validation_best_member,1000,,,0.6752414077303226,0.35351191532071874,61.02195895099735,,,44.54878355690879,,,,,5,gradual,15
0.25449123467143375,0.20575533206768326,synthetic_gradual,0.0184664,0.01,cholesky,0.08608507323721995,40.31539603342924,1.0,0.3906812737484697,0.0264021637171483,0.07004782154270739,adaptive_ridge,1000,210,quadratic,0.21182960707803183,0.10805198444570792,24.3331277658759,0.0048982,2,13.43966459692408,,,,,,gradual,16
0.26003796684858577,0.21154223670823005,synthetic_gradual,0.0001444,0.01,,0.08715118567259758,37.02976994070644,1.0,0.4036040384424595,0.0407161808791751,0.07195689807533279,static_ridge,1000,,,0.21734074447332555,0.11067625471035587,24.925454241034753,,,13.606106850096149,,,,,,gradual,16
0.23134156015983648,0.18477905170277006,synthetic_gradual,,,,0.07890616269868557,32.2212333773077,1.0,0.33206073992520946,-0.0006041252714165805,0.06653897666235459,rolling_ridge,1000,,,0.1918007529456298,0.09837209846929672,23.38236154876683,,,12.318887832950667,0.0033118,,,,,gradual,16
0.22625008738089825,0.1823010444362665,synthetic_gradual,,,,0.0775229261666913,31.135947312360514,1.0,0.33933439076505534,0.0033469763631715018,0.06456461727841867,rls,1000,,,0.1926298506379102,0.09685725010597755,22.689801071715387,,,12.10293593386838,0.0040166,,,,,gradual,16
0.2831728937341193,0.22144432509077452,synthetic_gradual,,,,0.09481964408512131,45.335403334289545,1.0,0.4190419534260039,-0.018616399594985976,0.08415598086673853,hedge,1000,,,0.23091178316523372,0.11888477446746172,27.529470297806082,,,14.803312186214974,0.0020495,,,,,gradual,16
0.9756950781043818,0.6985718373583264,synthetic_gradual,,,,0.2655766339751883,119.23539304012967,1.0,1.8059102726915395,0.0181620412971973,0.1997662259444717,exp3,1000,,,0.6904551587319119,0.3573180495999722,57.229129045845866,,,41.4620183405198,0.0025229,,,,,gradual,16
0.2829074607666185,0.2213612028432593,synthetic_gradual,,,,0.09477398439712505,45.10684640315422,1.0,0.41876322396145027,-0.02099518012834583,0.08452190801755868,fixed_share,1000,,,0.2293543139537305,0.11881799806951879,27.476501037354673,,,14.796183762329234,0.0013156,,,,,gradual,16
0.2232711165765072,0.18474381782621743,synthetic_gradual,,,,0.0789497594475634,31.778564661476473,1.0,0.3521876538436507,0.0029528607050653428,0.06629444304275078,passive_aggressive,1000,,,0.19005303094651302,0.09817311024817132,22.95316833015189,,,12.325694189272392,0.0002866,,,,,gradual,16
0.5485229335226137,0.4337047492081452,synthetic_gradual,,,,0.17707433879527995,73.19523382462006,1.0,0.9054574628325132,0.009467628572861807,0.14502622726407527,dma,1000,,,0.442960567745786,0.22540402025829082,43.53353090094232,,,27.64497528593284,0.0016483,,,,,gradual,16
0.2832302616600105,0.2214736567862269,synthetic_gradual,,,,0.09483028219492032,45.365147217313954,1.0,0.41896549093214297,-0.018389475570634795,0.08434426011166121,ensemble_mean,1000,,,0.23061417696361358,0.11890090176014519,27.530253729001117,,,14.804973015697572,,,,,,gradual,16
0.6598532070603613,0.5261530429355309,synthetic_gradual,,,,0.21716324784465746,101.51555919669958,1.0,1.0164596901223815,0.010364995649173071,0.17846416593061004,oracle_best_member,1000,,,0.551076402914445,0.27556966127393223,50.541926157718315,,,33.90368508798572,,true,5,0.27556966127393223,,gradual,16
0.6598532070603613,0.5261530429355309,synthetic_gradual,,,,0.21716324784465746,101.51555919669958,1.0,1.0164596901223815,0.010364995649173071,0.17846416593061004,validation_best_member,1000,,,0.551076402914445,0.27556966127393223,50.541926157718315,,,33.90368508798572,,,,,5,gradual,16
0.23570971664094323,0.18569389118505963,synthetic_gradual,0.0061966,0.01,cholesky,0.07658474897966816,42.593396950734736,1.0,0.354116842386235,-0.03104145798981435,0.06345866276143308,adaptive_ridge,1000,110,quadratic,0.194303604851076,0.09714759469066786,23.560221001319288,0.0009012,1,11.923789574342521,,,,,,gradual,17
0.23444952058330648,0.1865354572026104,synthetic_gradual,0.0001337,0.01,,0.07805144298670554,42.27467737668144,1.0,0.38311046732854404,-0.03853556908636341,0.06401148009003305,static_ridge,1000,,,0.18957390604950847,0.09845852255858366,24.150584145839073,,,12.152145101296142,,,,,,gradual,17
0.23199521638719361,0.18045405792958458,synthetic_gradual,,,,0.07474832516792068,38.53356285103775,1.0,0.3388936647951768,-0.008484541301735968,0.06444107990948844,rolling_ridge,1000,,,0.19081959696020748,0.09444206262472325,24.213199852067707,,,11.63786931747255,0.0060064,,,,,gradual,17
0.2250625695679812,0.1742858286049294,synthetic_gradual,,,,0.071819152479865,37.93776840407326,1.0,0.32767760875745056,-0.011384818400433223,0.06104213433242589,rls,1000,,,0.17935452686825812,0.09102232978686672,23.009386302695155,,,11.181814564736342,0.0034502,,,,,gradual,17
0.3230772641024845,0.27701764761649694,synthetic_gradual,,,,0.1297411830424224,68.28584426657159,1.0,0.41524658133773695,-0.11518075642052138,0.1211812569595713,hedge,1000,,,0.28306594946014596,0.15555398165644813,34.48470693911441,,,20.199929964317082,0.0012005,,,,,gradual,17
0.9238443045531909,0.6994026334286251,synthetic_gradual,,,,0.31030089159336643,147.5003288918988,1.0,2.273526200565424,-0.21800727783823254,0.27713651049863786,exp3,1000,,,0.6670215477545111,0.3856307976984827,65.79848005384017,,,48.31200187223233,0.0025427,,,,,gradual,17
0.2772326847161657,0.2249033273982278,synthetic_gradual,,,,0.0991905893678259,51.91782512218899,1.0,0.4012061882364052,-0.07480902210895043,0.08658420386999892,fixed_share,1000,,,0.23458599151161502,0.12202966014745455,28.786337818628397,,,15.443384370052124,0.0039851,,,,,gradual,17
0.222076859295533,0.17632985106031218,synthetic_gradual,,,,0.07517032158268672,34.901473595592684,1.0,0.39601181449464506,-0.0063781885060436696,0.06494483770361953,passive_aggressive,1000,,,0.1788308876705282,0.09388480095825465,23.500504708668775,,,11.703571647477352,0.0002161,,,,,gradual,17
0.4558182213710555,0.36123498885701527,synthetic_gradual,,,,0.14734632253461558,63.68524785101047,1.0,0.755431452488616,0.04451376586351822,0.11646739782798946,dma,1000,,,0.3685036345668866,0.18788600854446716,38.7942520015768,,,22.94094539530829,0.0015039,,,,,gradual,17
0.4038047901324363,0.35479813795545434,synthetic_gradual,,,,0.18624025080844378,97.47811791782792,1.0,0.495891171872781,-0.18210576286186697,0.1825013223328209,ensemble_mean,1000,,,0.3621883561070706,0.21278426736692638,46.55215857233775,,,28.996498526125748,,,,,,gradual,17
0.5122495476611351,0.40819293964018377,synthetic_gradual,,,,0.1698884499328782,70.07470688437976,1.0,0.7676921642454188,0.08977502319333286,0.13903169994659711,oracle_best_member,1000,,,0.4217951612973211,0.2149656079666481,42.16068448141564,,,26.450620457718728,,true,6,0.2149656079666481,,gradual,17
0.7060129435277094,0.5995537836742657,synthetic_gradual,,,,0.2922750264608714,143.75033965664537,1.0,0.9026326982329494,-0.27733937450315416,0.27603976876810216,validation_best_member,1000,,,0.6262248757583782,0.3431431532954855,64.71315020935195,,,45.505481963256585,,,,,8,gradual,17
0.20626349489128942,0.16520260702155518,synthetic_gradual,0.3345286,0.001,cholesky,0.0689684457449,31.33563975123841,1.0,0.3008386679229172,-0.016195091313127737,0.05558147318569895,adaptive_ridge,1000,110,quadratic,0.173068744495299,0.08675838306870294,21.470609290359608,0.0015756,1,10.85652838230049,,,,,,gradual,18
0.2103603478801842,0.17031832080149437,synthetic_gradual,0.0002695,0.001,,0.07084520750592728,36.69106735461731,1.0,0.3283752635110746,-0.01718170499155825,0.058651298225153026,static_ridge,1000,,,0.17603373857292404,0.08937864559930925,21.66774284767509,,,11.151955038727868,,,,,,gradual,18
0.19556668842141256,0.1546213248636402,synthetic_gradual,,,,0.06390023313956321,28.044246047939453,1.0,0.28567889835315236,0.004220102242680191,0.05349017488902019,rolling_ridge,1000,,,0.15627962434056875,0.08078140104366581,19.240269799914675,,,10.0587259466636,0.0127842,,,,,gradual,18
0.1937854710391897,0.1528235845753136,synthetic_gradual,,,,0.06336520218219885,27.891649902791936,1.0,0.27786329005930843,7.067710591477177e-5,0.05282595120943301,rls,1000,,,0.15434878740589264,0.08006366451112691,19.307513642340375,,,9.974505130733943,0.003175,,,,,gradual,18
0.29270484966944,0.23233492752169668,synthetic_gradual,,,,0.09646292494759297,51.2731328315329,1.0,0.4707758905663374,-0.0276580292910002,0.08018698288118203,hedge,1000,,,0.2373800504209776,0.12183135689860457,28.73846351629271,,,15.18451621204913,0.001156,,,,,gradual,18
0.9951810886455701,0.7314831064090671,synthetic_gradual,,,,0.3273083312048592,152.27892187836102,1.0,1.6381185726712193,-0.2521180694967097,0.29602734773107653,exp3,1000,,,0.7935683890327258,0.39520685534336625,69.18475867110989,,,51.522578899811265,0.0015432,,,,,gradual,18
0.3078842097245562,0.24487725881215774,synthetic_gradual,,,,0.10168234630205437,53.49332361591367,1.0,0.4953296010811903,-0.04441716155023849,0.08569576367130222,fixed_share,1000,,,0.25408043388474105,0.12892125648463248,29.51315331059002,,,16.006120867074806,0.0015269,,,,,gradual,18
0.18870624893504342,0.14871634702668435,synthetic_gradual,,,,0.0625892714931777,28.104078324065213,1.0,0.27420277235192003,-0.0012028835859854926,0.053337032346960855,passive_aggressive,1000,,,0.1551270071809526,0.07881838449269583,18.71466817412139,,,9.852363570820959,0.0003569,,,,,gradual,18
0.531184081031393,0.45806743813096595,synthetic_gradual,,,,0.24784742661904152,120.12269503415602,1.0,0.7183282103165621,-0.24074044634173786,0.24601587215048648,dma,1000,,,0.4691035887010425,0.28041093998411376,57.69669924759346,,,39.01440133249249,0.0016633,,,,,gradual,18
0.3129383231822574,0.2504073882729254,synthetic_gradual,,,,0.10403741053933045,54.04716936354232,1.0,0.4706058508372799,-0.04505425634140083,0.08709782030853913,ensemble_mean,1000,,,0.259299932312923,0.1316994481341594,29.127415577161564,,,16.376838540323508,,,,,,gradual,18
0.5576536709218813,0.484783804876836,synthetic_gradual,,,,0.2766190601470646,143.08424050150163,1.0,0.7333015978278447,-0.273764890731586,0.28018923317533917,oracle_best_member,1000,,,0.4999765126687527,0.3063451283738071,63.76174517581294,,,43.543429827022955,,true,1,0.3063451283738071,,gradual,18
0.5576536709218813,0.484783804876836,synthetic_gradual,,,,0.2766190601470646,143.08424050150163,1.0,0.7333015978278447,-0.273764890731586,0.28018923317533917,validation_best_member,1000,,,0.4999765126687527,0.3063451283738071,63.76174517581294,,,43.543429827022955,,,,,1,gradual,18
0.26927113305705347,0.21550531092520742,synthetic_gradual,0.0179746,0.01,cholesky,0.08873189318971353,44.90664636025449,1.0,0.5100401192441125,-0.010452862709762843,0.07293025327401953,adaptive_ridge,1000,210,quadratic,0.22378041463447176,0.1125825909653651,27.2622431956751,0.0044724,2,14.020242181481759,,,,,,gradual,19
0.2674534199930951,0.2161800359960231,synthetic_gradual,0.0001905,0.01,,0.09246943904908957,46.66982799334652,1.0,0.40799008082394894,-0.06191010091670707,0.07734988884019817,static_ridge,1000,,,0.22552798474395455,0.11550449713047792,27.010194455608246,,,14.610799829122723,,,,,,gradual,19
0.24869089665110586,0.198510519118231,synthetic_gradual,,,,0.08235795073250886,55.428918404286364,1.0,0.42354240558522027,-0.014455789959691467,0.06865760192425618,rolling_ridge,1000,,,0.20005359595006,0.1037438302798755,26.224077332278373,,,13.013115953376007,0.0093374,,,,,gradual,19
0.24478105746890946,0.19451111924902145,synthetic_gradual,,,,0.0797816134362631,53.457800471261606,1.0,0.40299002895571123,-0.016945149548401425,0.06430829489703441,rls,1000,,,0.19967952543085282,0.10153282174333231,25.418001104192065,,,12.6060371507484,0.1542335,,,,,gradual,19
0.28880124403553054,0.2358555172343895,synthetic_gradual,,,,0.10320006309495608,54.75696343053949,1.0,0.44205027942815256,-0.05669448400365096,0.09022616038216535,hedge,1000,,,0.23763631067350524,0.12773213797820476,29.734388482881652,,,16.306311357991135,0.00297,,,,,gradual,19
0.879572996994043,0.6871277619418347,synthetic_gradual,,,,0.3287854246733165,160.30469749085515,1.0,1.5867770832085144,-0.20790452625499464,0.312780279756022,exp3,1000,,,0.6884350524024754,0.39433689060803434,70.84813281199048,,,51.95033165589676,0.0036909,,,,,gradual,19
0.3053798747286092,0.2532269264045541,synthetic_gradual,,,,0.11305859893321143,62.55802214019705,1.0,0.45586722821095127,-0.08278327387672939,0.09941823055671917,fixed_share,1000,,,0.25879939926946194,0.13857333824894777,31.280844767178348,,,17.864027022996023,0.0016385,,,,,gradual,19
0.24199131316247274,0.1913365959451617,synthetic_gradual,,,,0.07788653645421217,42.66281380113906,1.0,0.4109917759414329,-0.008679893002127433,0.06344587410996563,passive_aggressive,1000,,,0.20242043698314735,0.09916346870586734,23.737135517208063,,,12.306602107881696,0.0002497,,,,,gradual,19
0.5417727235453427,0.42741684140254355,synthetic_gradual,,,,0.18184123268009095,102.87137767883456,1.0,0.7656673255778792,-0.08238239774215582,0.1560559412645538,dma,1000,,,0.4613726370879177,0.22797160301892103,44.174646315478824,,,28.732150629347807,0.001601,,,,,gradual,19
0.3334137400861726,0.27629941872418345,synthetic_gradual,,,,0.1239173357498605,63.09458516506743,1.0,0.4664760515029939,-0.09663068971324586,0.10986791103822513,ensemble_mean,1000,,,0.2833834331037912,0.151530579288397,33.299379315830926,,,19.579781240353817,,,,,,gradual,19
0.6867351282797044,0.5615870272509813,synthetic_gradual,,,,0.24787037243966387,125.57066137565667,1.0,0.9820315430026036,-0.19393286682409705,0.2305496424178808,oracle_best_member,1000,,,0.5699811941963064,0.3047179287334987,57.03654534843093,,,39.1652034718565,,true,6,0.3047179287334987,,gradual,19
0.6846588629027628,0.6103691143104942,synthetic_gradual,,,,0.40418751097329014,226.40409364761615,1.0,0.8606679802010486,-0.40418751097329014,0.40118014272742497,validation_best_member,1000,,,0.6203469704615288,0.42517080181632205,83.9901598591588,,,63.86437375408984,,,,,2,gradual,19
0.15089512544346903,0.12290485899460636,synthetic_gradual,0.0060359,0.001,cholesky,0.05155709639095009,25.396668524984122,1.0,0.2209756073033622,-0.004645665465541503,0.04239726863048161,adaptive_ridge,1000,110,quadratic,0.1301572017528189,0.06496872598075717,15.958962848456144,0.0008958,1,8.056691121302704,,,,,,gradual,20
0.1559804706991488,0.1268231411387218,synthetic_gradual,0.0001341,0.0,,0.05247330789629566,22.951708937103053,1.0,0.20995066907389714,-0.0010829676414573516,0.04435268800064987,static_ridge,1000,,,0.13293969469075984,0.06629589240978291,16.634414254169883,,,8.199865070517749,,,,,,gradual,20
0.14204305396602296,0.11475170748178996,synthetic_gradual,,,,0.04851052149421022,22.48116339286224,1.0,0.1867924949844879,0.00019347411614175565,0.0402009861933641,rolling_ridge,1000,,,0.12017922044835312,0.0607797916937799,16.037041519085736,,,7.580610918204684,0.0152134,,,,,gradual,20
0.14217090715225106,0.11462494047474668,synthetic_gradual,,,,0.04819915148170682,22.814094505335273,1.0,0.188724281310777,-0.002158249908208774,0.039447940847539276,rls,1000,,,0.11918864708105315,0.06052084538155034,15.862462288475882,,,7.531953949702159,0.0123631,,,,,gradual,20
0.3544529157718438,0.2909962990186773,synthetic_gradual,,,,0.12702847069690815,51.92933835551944,1.0,0.5953879382857062,0.09370342141962923,0.10776739174253147,hedge,1000,,,0.30359443415777276,0.1569904272038862,34.56154728927876,,,19.85040321619208,0.0008748,,,,,gradual,20
1.1804709518650356,0.9319841714905049,synthetic_gradual,,,,0.3863268474179715,170.0562511227338,1.0,2.016067121687975,0.16747502224932007,0.3222549938519018,exp3,1000,,,0.9432396118044951,0.48689074653865466,73.79077867131676,,,60.37027488731079,0.0014609,,,,,gradual,20
0.36432169389966235,0.2966106517327143,synthetic_gradual,,,,0.12977111109107353,54.10840211433261,1.0,0.5630486855280951,0.1014975304210515,0.11037279373162118,fixed_share,1000,,,0.31766296573881847,0.16001146027384236,34.87295690126876,,,20.278988378262554,0.001364,,,,,gradual,20
0.15513315343789674,0.1220929762888485,synthetic_gradual,,,,0.05195517488149043,21.43747485925242,1.0,0.221888013284259,0.000634637637783525,0.04413700706822987,passive_aggressive,1000,,,0.12934504108222072,0.06469000249919757,16.678557341754182,,,8.118897794386042,0.0003765,,,,,gradual,20
0.45931527512594783,0.4028104412122321,synthetic_gradual,,,,0.23561396251929134,149.03839875762313,1.0,0.5723434355573656,0.23362062490517166,0.23432691278656903,dma,1000,,,0.41344820349569306,0.25773888628528613,56.0593483973208,,,36.81877089217401,0.0015653,,,,,gradual,20
0.35431551947692197,0.29088106577491374,synthetic_gradual,,,,0.12696260536849427,51.87637009080487,1.0,0.5953850944828553,0.09355283838099045,0.1078539071229237,ensemble_mean,1000,,,0.3034960176422797,0.15691965872958216,34.54614099718351,,,19.840110615487614,,,,,,gradual,20
0.48012601746914696,0.42018744900566496,synthetic_gradual,,,,0.25229804587373544,160.0314595328955,1.0,0.6022648274903426,0.2520149321517927,0.2500353074102857,oracle_best_member,1000,,,0.4288845141780784,0.2728807723243809,59.08179798910705,,,39.42594848048402,,true,4,0.2728807723243809,,gradual,20
0.960905470170117,0.7829304973460395,synthetic_gradual,,,,0.33831673618848246,152.8934926152393,1.0,1.4281436276951367,0.20223906969142247,0.2957391485546531,validation_best_member,1000,,,0.8261920402128213,0.4178752508709726,70.27005323323559,,,52.8678617579462,,,,,10,gradual,20
0.21964160014395603,0.181813576574983,synthetic_gradual,0.191698,0.01,cholesky,0.07541957183700873,47.25571793220153,1.0,0.3243114167601533,0.014147295485964316,0.06196619856776775,adaptive_ridge,1000,210,quadratic,0.1897794448698364,0.09545727877145559,22.557147002191403,0.1255254,2,11.783716075990434,,,,,,gradual,21
0.24537657104743107,0.20312147997299226,synthetic_gradual,0.0001321,0.0,,0.08779272651976693,47.306266955496184,1.0,0.34934037102686744,0.04095791873903918,0.07715665760764157,static_ridge,1000,,,0.21117758636897396,0.10934521448710961,25.5050177031359,,,13.716924369204165,,,,,,gradual,21
0.20310858497797227,0.16397705640128787,synthetic_gradual,,,,0.0715867220680373,27.677736323603042,1.0,0.27577310622454854,0.0037548131546694757,0.06465167341894726,rolling_ridge,1000,,,0.168452109213144,0.08799943623833195,21.786544669152402,,,11.18486338643801,0.0036262,,,,,gradual,21
0.2003538258154851,0.1623984410827657,synthetic_gradual,,,,0.07020426402240922,29.90572006558275,1.0,0.271424085040643,0.007535211582900447,0.06104177337330069,rls,1000,,,0.1700804161249775,0.08674818238938403,21.260306248377994,,,10.968865168735901,0.0107818,,,,,gradual,21
0.25418982398325113,0.20621038298308172,synthetic_gradual,,,,0.08730664492659476,37.462987007533435,1.0,0.3769324725528411,0.04299698345661418,0.07278890143768474,hedge,1000,,,0.21487652952441352,0.10920945210218017,25.1163495201481,,,13.640977935881995,0.0008996,,,,,gradual,21
0.9453735098510938,0.7479521814703107,synthetic_gradual,,,,0.3144927614756766,226.7463497085089,1.0,1.7142200667720453,0.0003945864058774503,0.26647989917206377,exp3,1000,,,0.760964998694482,0.3947278483139536,65.81629785286498,,,49.13702529619846,0.0016745,,,,,gradual,21
0.26104591925812876,0.21275862005086085,synthetic_gradual,,,,0.09041119562369988,40.12459890149584,1.0,0.38010703146987723,0.052368761829203296,0.0771742501086122,fixed_share,1000,,,0.22303650490038962,0.11290855556822663,25.92913394476742,,,14.126039612408954,0.001562,,,,,gradual,21
0.1977926920026085,0.15725151455721914,synthetic_gradual,,,,0.06779310688804745,31.09156758480468,1.0,0.31307048246510794,0.0015163305809881534,0.05848350330893054,passive_aggressive,1000,,,0.1611936936362221,0.08427857252858863,20.3884225711535,,,10.59214079343289,0.0002303,,,,,gradual,21
0.465338166661866,0.3741100033178758,synthetic_gradual,,,,0.16151830762235317,91.91027088270528,1.0,0.7741521155431657,0.04158557272444545,0.13813495860664704,dma,1000,,,0.3878839551404095,0.2011473905980158,40.19264636476239,,,25.235967690316958,0.0016233,,,,,gradual,21
0.29062749591437753,0.2403547489884908,synthetic_gradual,,,,0.10612802030282827,57.80525984714504,1.0,0.40837929634753123,0.08349034661441282,0.09217089058106925,ensemble_mean,1000,,,0.2504852166404188,0.13050171068464406,29.41090195545733,,,16.58167009563703,,,,,,gradual,21
0.5605119287751555,0.4470116841579127,synthetic_gradual,,,,0.1964691346669017,162.69085000297696,1.0,0.8402354366288958,0.07149713811712217,0.172811731059951,oracle_best_member,1000,,,0.45285340624040427,0.24236107437355134,47.64267380681519,,,30.69676006134856,,true,9,0.24236107437355134,,gradual,21
0.5605119287751555,0.4470116841579127,synthetic_gradual,,,,0.1964691346669017,162.69085000297696,1.0,0.8402354366288958,0.07149713811712217,0.172811731059951,validation_best_member,1000,,,0.45285340624040427,0.24236107437355134,47.64267380681519,,,30.69676006134856,,,,,9,gradual,21
0.1751126785275708,0.14015397450032113,synthetic_gradual,0.0089016,0.01,cholesky,0.059635324470177754,27.30804607560689,1.0,0.23517169450073383,-0.0020981972477162932,0.050935460294696755,adaptive_ridge,1000,110,quadratic,0.14936408594202608,0.07475188873460012,18.385632906924506,0.0015834,1,9.310017892515908,,,,,,gradual,22
0.17309650740151702,0.14350194491765278,synthetic_gradual,0.0001941,0.001,,0.060878808274526804,28.12384979452358,1.0,0.2553114063910479,-0.009882456627135947,0.05071568688300432,static_ridge,1000,,,0.14889822733322194,0.0760861522736483,18.542186346782923,,,9.504145392791902,,,,,,gradual,22
0.16767644291554704,0.13718281184172187,synthetic_gradual,,,,0.058134087086408354,27.531179187210263,1.0,0.25180760578562134,-0.005607087458335543,0.04825471035373868,rolling_ridge,1000,,,0.14396433445446008,0.07321757823678399,18.301575741276704,,,9.075650979482742,0.0226925,,,,,gradual,22
0.16669448720753124,0.13671015170179932,synthetic_gradual,,,,0.057824998409077795,27.385271409317617,1.0,0.2417972837929161,-0.005138772324436086,0.04731417445767528,rls,1000,,,0.14344531548338918,0.07283578073498122,18.091713190550518,,,9.027397345552055,0.0214285,,,,,gradual,22
0.2715481253065548,0.22269749862958235,synthetic_gradual,,,,0.09779217713576079,44.66457102884951,1.0,0.43339351244318036,0.0626502435758001,0.08474037651606184,hedge,1000,,,0.22349287443991178,0.12027558897755572,27.016151436500607,,,15.266906434579917,0.0011083,,,,,gradual,22
0.8254159891800135,0.5736350257888976,synthetic_gradual,,,,0.25246038626419914,104.01064466158061,1.0,1.3655407600484368,-0.14843655870807096,0.22603094804953744,exp3,1000,,,0.5583634004661278,0.31419768673056414,56.93667522856372,,,39.41306153950009,0.0014529,,,,,gradual,22
0.2147757479882896,0.17329412584497222,synthetic_gradual,,,,0.07194635432857734,36.2466609066479,1.0,0.2889045202201107,-0.008281099230942696,0.05914967569907187,fixed_share,1000,,,0.1797692258407387,0.09111491288121115,21.45827706931248,,,11.231964478290159,0.0013054,,,,,gradual,22
0.18585985200412378,0.14984024735834534,synthetic_gradual,,,,0.0633540279399893,25.249686386849696,1.0,0.24850770870572314,-0.0010045825287283414,0.05318552756778,passive_aggressive,1000,,,0.15554901088680317,0.07906000104194265,18.9867689176485,,,9.89056635349091,0.0192841,,,,,gradual,22
0.33318768277744054,0.2646941328096315,synthetic_gradual,,,,0.11395997711414058,53.382185410472424,1.0,0.5683488056212764,-0.03484943374007706,0.10046206820499097,dma,1000,,,0.27871752255300425,0.1414559263902469,29.740489395164804,,,17.790955870356978,0.0026655,,,,,gradual,22
0.32609818978092064,0.27089372542186607,synthetic_gradual,,,,0.12460069798705964,59.19713484322936,1.0,0.49489646257106856,0.10127565354572117,0.1109768942503167,ensemble_mean,1000,,,0.2744722836257407,0.1505176018046188,33.53388708400311,,,19.452140790473987,,,,,,gradual,22
0.3539348469288295,0.28637548273066843,synthetic_gradual,,,,0.1234167626024047,57.64292061756105,1.0,0.5735424287096085,-0.035941372908607806,0.10554420466324893,oracle_best_member,1000,,,0.2952592959589919,0.152954618104413,31.00829015001484,,,19.267309740879675,,true,2,0.152954618104413,,gradual,22
0.3539348469288295,0.28637548273066843,synthetic_gradual,,,,0.1234167626024047,57.64292061756105,1.0,0.5735424287096085,-0.035941372908607806,0.10554420466324893,validation_best_member,1000,,,0.2952592959589919,0.152954618104413,31.00829015001484,,,19.267309740879675,,,,,2,gradual,22
0.14829796504201945,0.12097900130912526,synthetic_gradual,0.006575,0.001,cholesky,0.050558307041370834,26.876094480814466,1.0,0.2320223235663128,0.00434388684624199,0.04118664361474546,adaptive_ridge,1000,110,quadratic,0.12443775334087703,0.06347847158752176,16.16627933428596,0.0009387,1,7.91230997930302,,,,,,gradual,23
0.15582969531170673,0.1270981707749578,synthetic_gradual,0.0001355,0.0,,0.05324421420662342,26.49154680794475,1.0,0.20271380593949584,0.015029967197192379,0.043080270796472586,static_ridge,1000,,,0.13159328203391074,0.06711197110909052,16.64112989376821,,,8.332650993683103,,,,,,gradual,23
0.1414336558855936,0.1155085687662273,synthetic_gradual,,,,0.04938905906453129,24.540674269380027,1.0,0.20988756740010056,0.004415211323836215,0.04158133486398319,rolling_ridge,1000,,,0.12154050105590662,0.06181866954217124,15.961962396352924,,,7.7293241758452975,0.0095813,,,,,gradual,23
0.1399097671722139,0.11435443626490238,synthetic_gradual,,,,0.049105776469486453,23.94626572313355,1.0,0.207281796981014,0.004791732235041287,0.040930155574306,rls,1000,,,0.11949905422854219,0.06133415161729328,15.779678081903937,,,7.684990814328624,0.0090087,,,,,gradual,23
0.3732615047898033,0.326707989262409,synthetic_gradual,,,,0.16396276692909936,77.50912412567853,1.0,0.4571787678075815,0.15462114231288218,0.15871723571087015,hedge,1000,,,0.33702546269791345,0.19079696902501575,43.16859080641027,,,25.659961990928092,0.0011249,,,,,gradual,23
0.9533089079730912,0.7595959579255253,synthetic_gradual,,,,0.2920099073602733,119.78674020743043,1.0,1.573153628895788,0.21590838044375085,0.225597471498378,exp3,1000,,,0.8071062966951169,0.3826628707466489,62.42684782997435,,,45.699174661276295,0.0013947,,,,,gradual,23
0.3399171282120358,0.2817002893612554,synthetic_gradual,,,,0.12977677410075505,59.97600442328396,1.0,0.4649470636581251,0.1123921955997257,0.11752158147776076,fixed_share,1000,,,0.2884362334876882,0.15633797944297112,36.68901275257696,,,20.309898113457805,0.0013622,,,,,gradual,23
0.14926679439915438,0.12238706041839836,synthetic_gradual,,,,0.0522878450829547,25.29555179691511,1.0,0.2335807277534257,0.0015394855366278326,0.04401441712622092,passive_aggressive,1000,,,0.12582785690406334,0.06514944177666723,16.73059820743278,,,8.18298045675414,0.0002563,,,,,gradual,23
0.3941854309939544,0.32141374693698016,synthetic_gradual,,,,0.13454299163488667,58.53026939125618,1.0,0.6376902286920406,0.09003570851736066,0.11459126604298427,dma,1000,,,0.326790376473422,0.1695069142222274,37.34535411738398,,,21.055805023038058,0.0066033,,,,,gradual,23
0.3993962701501699,0.3510295536166202,synthetic_gradual,,,,0.18305376387368594,87.86687434480467,1.0,0.4842906970863793,0.1760078631100856,0.177161617244023,ensemble_mean,1000,,,0.3622694970891978,0.20959446076106233,47.07138160795974,,,28.64767844108319,,,,,,gradual,23
0.39390854036994,0.3216566883633329,synthetic_gradual,,,,0.13541039847272285,67.54287751446681,1.0,0.6073304603202017,0.08925236535655558,0.11458514944363504,oracle_best_member,1000,,,0.33040686533663394,0.1700289608696472,37.395117402227804,,,21.191553076735957,,true,2,0.1700289608696472,,gradual,23
0.39390854036994,0.3216566883633329,synthetic_gradual,,,,0.13541039847272285,67.54287751446681,1.0,0.6073304603202017,0.08925236535655558,0.11458514944363504,validation_best_member,1000,,,0.33040686533663394,0.1700289608696472,37.395117402227804,,,21.191553076735957,,,,,2,gradual,23
0.23366745411230455,0.1879796710290072,synthetic_gradual,0.0317571,0.01,cholesky,0.07978162468955254,45.23707945685504,1.0,0.333187141865828,0.02452107050032235,0.06621352209113046,adaptive_ridge,1000,310,quadratic,0.1938274105629489,0.09972769260404052,24.300312268749494,0.0104474,3,12.45710914486753,,,,,,gradual,24
0.29582282255745856,0.24076584067474105,synthetic_gradual,0.000144,0.0,,0.10375971072603478,51.77594765983289,1.0,0.4460855456373445,0.06669704324725417,0.08898590502947605,static_ridge,1000,,,0.2446095929745209,0.1293173443351485,28.64830625793672,,,16.201049381780233,,,,,,gradual,24
0.21251868775155386,0.17317930779480348,synthetic_gradual,,,,0.07428183543560564,40.225460616229434,1.0,0.3175831359983726,0.017096583724182712,0.06443787089569863,rolling_ridge,1000,,,0.17911517582506123,0.09254992320906615,22.592421984254,,,11.598371618817154,0.0058429,,,,,gradual,24
0.21101388911798538,0.1706288566883433,synthetic_gradual,,,,0.0733202730660352,40.97273680576733,1.0,0.30820863049258806,0.011779946379851573,0.06306399262649887,rls,1000,,,0.17661990075910416,0.09124807639189603,22.584585138993653,,,11.448233194913824,0.0153104,,,,,gradual,24
0.2676953119753358,0.2148477772948695,synthetic_gradual,,,,0.08814375922737513,58.65090843685643,1.0,0.3713333726662913,0.02892342619927434,0.07366161439093699,hedge,1000,,,0.22602801513366322,0.1115941864862742,25.491616536234996,,,13.762773488343395,0.0039524,,,,,gradual,24
0.9505630025463283,0.7276621585677115,synthetic_gradual,,,,0.29615347950190213,137.8898611113004,1.0,1.9256173318291814,0.14654383072618765,0.24380471957550687,exp3,1000,,,0.7219145175226008,0.382956647218027,63.13331441815436,,,46.24142754854916,0.0214389,,,,,gradual,24
0.2796478913918513,0.22555522438691591,synthetic_gradual,,,,0.09320056184162591,65.95768683222097,1.0,0.42820005298556596,0.051630556207635,0.07604892216525655,fixed_share,1000,,,0.23449796006124599,0.11771410865583308,26.754135871237864,,,14.552343045680606,0.0013494,,,,,gradual,24
0.21406304651436892,0.17012480911174108,synthetic_gradual,,,,0.07358217109887731,37.78142794602829,1.0,0.28562650742788237,0.005869664455392568,0.06511061512247585,passive_aggressive,1000,,,0.17193895914639473,0.0916649605496979,22.827327050949943,,,11.48912597433058,0.0002502,,,,,gradual,24
0.4472679792565323,0.3592321494432085,synthetic_gradual,,,,0.1516294736183277,86.54896131278781,1.0,0.6412795712721049,0.03767996063981671,0.1254142825533643,dma,1000,,,0.37844076635066753,0.19007733375086017,38.83856378734114,,,23.675437919349225,0.006672,,,,,gradual,24
0.3224997103626637,0.2575721638088321,synthetic_gradual,,,,0.10694016536511586,69.55024918920604,1.0,0.43410254893739386,0.06813351901044382,0.08702541765995665,ensemble_mean,1000,,,0.27216702643617874,0.13474427040972292,29.583248252013885,,,16.697645818910967,,,,,,gradual,24
0.4571335125800936,0.36647999534386355,synthetic_gradual,,,,0.15543300886791767,91.55349234155693,1.0,0.6531096670158426,0.0329067704936947,0.13130519432559767,oracle_best_member,1000,,,0.38720247329450164,0.194298277726847,40.00614720565181,,,24.26932221193994,,true,6,0.194298277726847,,gradual,24
0.4571335125800936,0.36647999534386355,synthetic_gradual,,,,0.15543300886791767,91.55349234155693,1.0,0.6531096670158426,0.0329067704936947,0.13130519432559767,validation_best_member,1000,,,0.38720247329450164,0.194298277726847,40.00614720565181,,,24.26932221193994,,,,,6,gradual,24
0.2603645400536964,0.21437145201615673,synthetic_gradual,0.0061225,0.1,cholesky,0.09147699438598787,45.17516003815483,1.0,0.3499647506486125,-0.02213543905112607,0.07826902742974284,adaptive_ridge,1000,110,quadratic,0.22577928285246013,0.11400742314073796,25.686187786429794,0.0009164,1,14.38292319781534,,,,,,gradual,25
0.2486602873986194,0.20494624951976925,synthetic_gradual,0.0001266,0.1,,0.08693968949583947,49.49917882293804,1.0,0.3072474938842008,0.029103300114311396,0.07453209208125414,static_ridge,1000,,,0.2140001812128086,0.1090046624873365,24.785650419986993,,,13.66952297956251,,,,,,gradual,25
0.2315265529716535,0.18368435485138018,synthetic_gradual,,,,0.07762150199838917,64.9100699379022,1.0,0.3390939244519806,0.01549522674741323,0.0668596608313114,rolling_ridge,1000,,,0.19627631706218263,0.0971395430954526,23.961958400555634,,,12.204424830915864,0.0036919,,,,,gradual,25
0.2341316929635216,0.1851800578508789,synthetic_gradual,,,,0.07670039702995825,64.28513955139417,1.0,0.3154676389362683,0.01339518108558344,0.0641808741832977,rls,1000,,,0.18960689741255404,0.09667932947038949,23.368342837280036,,,12.05959954334501,0.0288266,,,,,gradual,25
0.3621765455128584,0.3174013637462194,synthetic_gradual,,,,0.17404134346927777,106.38645601857233,1.0,0.4638211967168988,0.17174449945084097,0.17159170047161537,hedge,1000,,,0.3298147821556832,0.19504341656083501,44.845339655164715,,,27.364511625741144,0.0011303,,,,,gradual,25
0.9890386914830188,0.8203208045249012,synthetic_gradual,,,,0.39930179298529894,227.49064816041295,1.0,1.4291046487035872,0.1585055158246602,0.3758728891958829,exp3,1000,,,0.8489672614477527,0.4705942487721888,78.16637580167094,,,62.782200703100784,0.0024086,,,,,gradual,25
0.3555046004550087,0.30994488370456097,synthetic_gradual,,,,0.16610186615643174,106.4411363687874,1.0,0.4979139230761671,0.1636729911639468,0.1589156112727389,fixed_share,1000,,,0.3145756316765705,0.18772517671923378,43.6833039527475,,,26.116188009645672,0.0015183,,,,,gradual,25
0.2272743489011328,0.1857763786619883,synthetic_gradual,,,,0.07990390269364875,45.5652311459929,1.0,0.34395008519291026,0.00975480696787035,0.06827398518108932,passive_aggressive,1000,,,0.1909560915281907,0.09895474543083008,23.88200277067098,,,12.563286576723145,0.0003425,,,,,gradual,25
0.41368297597129156,0.3597295937624819,synthetic_gradual,,,,0.17640592572770408,126.76805455671804,1.0,0.5628050147843296,0.15658411326847888,0.16482284368114514,dma,1000,,,0.3681394260515013,0.20793591718621174,43.572773263938274,,,27.736294774566066,0.0025782,,,,,gradual,25
0.38279480488479506,0.33605782981251503,synthetic_gradual,,,,0.1869271441562756,114.40303831358196,1.0,0.475004722338224,0.18496178753245898,0.1833856628332081,ensemble_mean,1000,,,0.34807639411000857,0.20833253784655978,47.50066295808401,,,29.39054541562958,,,,,,gradual,25
0.48753798617310823,0.4276634289375692,synthetic_gradual,,,,0.23274049771470004,151.68400727604896,1.0,0.6688664502565285,0.22940202479868943,0.23188937613330968,oracle_best_member,1000,,,0.43662541111202263,0.2628971541163492,54.9411561731638,,,36.59377667708553,,true,4,0.2628971541163492,,gradual,25
0.48753798617310823,0.4276634289375692,synthetic_gradual,,,,0.23274049771470004,151.68400727604896,1.0,0.6688664502565285,0.22940202479868943,0.23188937613330968,validation_best_member,1000,,,0.43662541111202263,0.2628971541163492,54.9411561731638,,,36.59377667708553,,,,,4,gradual,25
0.28478808026062274,0.23607158802267245,synthetic_gradual,0.0055712,0.01,cholesky,0.09859321881797975,58.45672376417266,1.0,0.38571777144366737,-0.02451128187443166,0.08263576998151173,adaptive_ridge,1000,110,quadratic,0.24620735302177865,0.1237415873822394,26.94653367548098,0.0010691,1,15.369882447176584,,,,,,gradual,26
0.2864949513859854,0.23570498966384268,synthetic_gradual,0.0001322,0.001,,0.09991452584787847,71.07347669211804,1.0,0.37986031624975547,-0.03950752155848876,0.0842635299034783,static_ridge,1000,,,0.24761130237086382,0.12472384177505058,26.98618741343345,,,15.57586348694428,,,,,,gradual,26
0.2713085594056738,0.222102139306975,synthetic_gradual,,,,0.0962347568162027,65.0313316432309,1.0,0.3548100549703217,-0.018901914994018394,0.08388251966774293,rolling_ridge,1000,,,0.2329342294297595,0.11888860791627158,28.60258157245701,,,15.002217366778222,0.2278445,,,,,gradual,26
0.26857009892552164,0.22036566915648156,synthetic_gradual,,,,0.09355699792906708,67.59375292109281,1.0,0.3570791843966014,-0.01923195329309823,0.07814466182531159,rls,1000,,,0.22897608948954554,0.11695942482283171,26.29365757619428,,,14.58477649396181,0.0099476,,,,,gradual,26
0.46201364655572447,0.4053634382879256,synthetic_gradual,,,,0.23123089985366876,172.1432731193407,1.0,0.5867813142819314,-0.22982342036665543,0.22913843514531618,hedge,1000,,,0.4154122643010609,0.25503335519280385,56.27264445048965,,,36.04702018570911,0.0018686,,,,,gradual,26
1.1987998394215793,0.8722671116079561,synthetic_gradual,,,,0.3497325007766164,250.7660849271479,1.0,2.1296314991854723,-0.1870486272965565,0.2885218764685334,exp3,1000,,,0.8858857648095128,0.45441634115153634,71.27929169401507,,,54.520457789470456,0.0016751,,,,,gradual,26
0.4586945561456669,0.3797258229067622,synthetic_gradual,,,,0.18202041392965104,138.87086478420497,1.0,0.6146883619284307,-0.16623976098595503,0.1682867069470716,fixed_share,1000,,,0.39418251015768824,0.21590195570643927,45.2649714571013,,,28.375504914289053,0.0012383,,,,,gradual,26
0.2716410323403221,0.21531094148523594,synthetic_gradual,,,,0.08741194432540533,50.16762508025908,1.0,0.38150176057531093,-0.007725488097582549,0.07107892001971222,passive_aggressive,1000,,,0.22499533086138998,0.11176884798487549,24.073067033785524,,,13.626812521873134,0.0003263,,,,,gradual,26
0.6769458696841377,0.5366410419479586,synthetic_gradual,,,,0.2225033262423994,204.63818322333105,1.0,1.0863239937839224,-0.06052511114508736,0.1838232510048493,dma,1000,,,0.5633081685034043,0.2809313784343373,52.72530636868918,,,34.68646230898596,0.0026798,,,,,gradual,26
0.5253112078689023,0.4651177473281345,synthetic_gradual,,,,0.2825544849925971,196.3112505541142,1.0,0.6937056070212464,-0.2821709249450237,0.27908985866513375,ensemble_mean,1000,,,0.48272555771760695,0.30538269448301425,65.72407376497452,,,44.04795047087728,,,,,,gradual,26
0.8116409240448053,0.6522388127903951,synthetic_gradual,,,,0.2799621304963579,231.1003363284915,1.0,1.2941427847387423,-0.15640135177021058,0.2440168426642395,oracle_best_member,1000,,,0.667918182373742,0.3486725495892262,62.252964821086984,,,43.643823449300214,,true,10,0.3486725495892262,,gradual,26
0.8116409240448053,0.6522388127903951,synthetic_gradual,,,,0.2799621304963579,231.1003363284915,1.0,1.2941427847387423,-0.15640135177021058,0.2440168426642395,validation_best_member,1000,,,0.667918182373742,0.3486725495892262,62.252964821086984,,,43.643823449300214,,,,,10,gradual,26
0.16987150368114104,0.1395282856423445,synthetic_gradual,0.0060284,0.001,cholesky,0.059640869075432264,22.07730673148016,1.0,0.2711004803790106,-0.020879440704268597,0.050551265658635436,adaptive_ridge,1000,110,quadratic,0.14320149316003158,0.07449385504139985,18.90847725805377,0.0009572,1,9.338040392245956,,,,,,gradual,27
0.17678049464079992,0.14369301083862823,synthetic_gradual,0.0001341,0.001,,0.06082418448302431,22.918421261284553,1.0,0.2740444648246192,0.00817492151783806,0.05316088558287407,static_ridge,1000,,,0.14958483555270125,0.07614145509692131,19.896506774935435,,,9.523313464958662,,,,,,gradual,27
0.15366164039968258,0.1250681474529557,synthetic_gradual,,,,0.05179400671206686,19.36832375792777,1.0,0.22241299135013903,0.00205499006268877,0.04241466636571465,rolling_ridge,1000,,,0.12675614361802026,0.0659736196399759,16.76209178671988,,,8.109448005223138,0.0023088,,,,,gradual,27
0.15210629717661953,0.12376143707887799,synthetic_gradual,,,,0.0511581733112933,19.583137047505357,1.0,0.22430736010193086,-0.0003383017269316531,0.04127565611922186,rls,1000,,,0.1273552491430946,0.06531379423366684,16.722196490210415,,,8.009894828497073,0.0098341,,,,,gradual,27
0.25795319274243267,0.21026515680007063,synthetic_gradual,,,,0.09044263141889079,36.345094683443016,1.0,0.387285005018277,-0.01691665026188976,0.07681229684533461,hedge,1000,,,0.2098532675611024,0.11240617119767726,27.29607840819928,,,14.160708226810733,0.0009627,,,,,gradual,27
0.7534752856926591,0.4768925191180483,synthetic_gradual,,,,0.1568864771643853,72.8814085054443,1.0,1.3220737791441373,0.0015057002137228498,0.10918474638460457,exp3,1000,,,0.5107842446964741,0.23343829420692802,36.6154205379121,,,24.56389860626096,0.0013105,,,,,gradual,27
0.2538728588168089,0.20569988223275948,synthetic_gradual,,,,0.0878092980409809,39.1084696736777,1.0,0.3922056094413938,0.0022240572612808136,0.07360263819857733,fixed_share,1000,,,0.21600317183526782,0.10970428099211485,25.824766945129554,,,13.748404150254249,0.002204,,,,,gradual,27
0.16163977628241033,0.12922320181954747,synthetic_gradual,,,,0.05368432876796801,19.004362901982972,1.0,0.2645568914353844,0.00048228708250952544,0.04466619694330698,passive_aggressive,1000,,,0.1337617717482565,0.06797985064369286,16.878507806094326,,,8.405417932992512,0.000269,,,,,gradual,27
0.33439673653193497,0.27308230118029075,synthetic_gradual,,,,0.11491362951325099,46.31111384962152,1.0,0.5018593249476753,0.00842232037576059,0.0982329764811205,dma,1000,,,0.28031997991267177,0.14445733161456062,29.956755478666224,,,17.99216092336172,0.0040055,,,,,gradual,27
0.2627358115078213,0.21279253223704067,synthetic_gradual,,,,0.09201099046450452,36.96058820867102,1.0,0.37281896954351706,-0.0003846539757278893,0.08013758032467702,ensemble_mean,1000,,,0.22036793050415854,0.11412991131435711,27.33965559217709,,,14.4062680307593,,,,,,gradual,27
0.33672444068503543,0.2744343155565002,synthetic_gradual,,,,0.11553341990680763,46.47973223014044,1.0,0.5052348098730104,0.008506262542640614,0.09822429279845375,oracle_best_member,1000,,,0.28379807236131216,0.1451734099595926,30.076424619911556,,,18.089202227747105,,true,7,0.1451734099595926,,gradual,27
0.33672444068503543,0.2744343155565002,synthetic_gradual,,,,0.11553341990680763,46.47973223014044,1.0,0.5052348098730104,0.008506262542640614,0.09822429279845375,validation_best_member,1000,,,0.28379807236131216,0.1451734099595926,30.076424619911556,,,18.089202227747105,,,,,7,gradual,27
0.2080947417965686,0.166266267442246,synthetic_gradual,0.0064099000000000005,0.001,cholesky,0.06940121476910943,105.23797589853513,1.0,0.4023287906760623,0.008390657004309594,0.05875910013471358,adaptive_ridge,1000,110,quadratic,0.17012390332443145,0.08772174770167486,20.7578958734965,0.0009991,1,10.81311268229993,,,,,,gradual,28
0.21304502238007678,0.1694319615514172,synthetic_gradual,0.0001353,0.001,,0.07066452129713355,97.38091568959771,1.0,0.4176919592951641,0.01099882868573609,0.05941241698163352,static_ridge,1000,,,0.1755295814266111,0.08917101591881256,21.37748003046216,,,11.009943182821516,,,,,,gradual,28
0.20371885239525434,0.16366688858819692,synthetic_gradual,,,,0.06838956827089031,61.85003577973938,1.0,0.4040064586321491,-0.0036947956737014074,0.05879465759030977,rolling_ridge,1000,,,0.16829760908357266,0.0863617723120993,20.639320500813703,,,10.655492277292748,0.0030948,,,,,gradual,28
0.20157276172051666,0.16150975245750926,synthetic_gradual,,,,0.06733977094254896,66.12264270176837,1.0,0.38651313596151127,-0.0016646061877815805,0.0577058572655003,rls,1000,,,0.1629843372192519,0.08516615143792354,20.20665631029944,,,10.49192775118614,0.0033644,,,,,gradual,28
0.30332636987859896,0.25755633118833166,synthetic_gradual,,,,0.11108527934797285,131.66551770593676,1.0,0.3880402719494801,-0.07756118743474502,0.09607102859310152,hedge,1000,,,0.26018641810013377,0.13754578661323877,30.639131682390918,,,17.307732248356,0.0028047,,,,,gradual,28
0.7093105124239517,0.45909099626363653,synthetic_gradual,,,,0.15453923332965636,532.9950212019438,1.0,1.4557594934568905,0.043533985937655166,0.10767365012327051,exp3,1000,,,0.454733326025031,0.22822768949898584,38.015452146652365,,,24.078110871534804,0.0040172,,,,,gradual,28
0.2215791518923346,0.17658210843132593,synthetic_gradual,,,,0.07292911722078954,52.49232470876889,1.0,0.38888148085620844,0.0182128327294739,0.06280858005388987,fixed_share,1000,,,0.18343536136183589,0.09250409720884217,22.075535066612463,,,11.362780391562548,0.0041635,,,,,gradual,28
0.21230113316947488,0.1704304890535807,synthetic_gradual,,,,0.0717959974034097,73.87336480568932,1.0,0.3141791712264295,-0.0020223146651129225,0.05948755139124379,passive_aggressive,1000,,,0.1769311618402938,0.0899851743743363,21.17059804403001,,,11.186233737319704,0.0003617,,,,,gradual,28
0.31656886524694444,0.25999140006220384,synthetic_gradual,,,,0.10945517143369886,74.344386212836,1.0,0.4396447791947366,0.06531817692896161,0.09124726470274008,dma,1000,,,0.2690125011439988,0.13765374436647104,29.77468626844033,,,17.053751959682447,0.001568,,,,,gradual,28
0.35439349259136904,0.29794395256718204,synthetic_gradual,,,,0.13208650738066513,122.43952748661222,1.0,0.4737783440472125,-0.10674464044976707,0.11713279118192439,ensemble_mean,1000,,,0.30898708467755237,0.16217593425583332,34.93499519695674,,,20.579845653570562,,,,,,gradual,28
0.3221046180915607,0.26308544361680913,synthetic_gradual,,,,0.11032647256961747,74.49114624195774,1.0,0.43990571169535786,0.0662413705783598,0.09280911288954125,oracle_best_member,1000,,,0.26905767339845,0.138995744856956,30.045239077839355,,,17.189505741431773,,true,5,0.138995744856956,,gradual,28
0.3221046180915607,0.26308544361680913,synthetic_gradual,,,,0.11032647256961747,74.49114624195774,1.0,0.43990571169535786,0.0662413705783598,0.09280911288954125,validation_best_member,1000,,,0.26905767339845,0.138995744856956,30.045239077839355,,,17.189505741431773,,,,,5,gradual,28
0.22191248615702125,0.18270120115048244,synthetic_gradual,0.006077399999999999,0.01,cholesky,0.07852608754295114,70.21762549997725,1.0,0.3577008532967376,-0.010294998671555795,0.06521673159848167,adaptive_ridge,1000,110,quadratic,0.1934972443452884,0.09819259832928061,25.442129994194847,0.0009561,1,12.341105537219224,,,,,,gradual,29
0.22981889310160272,0.18701662501307445,synthetic_gradual,0.0001307,0.01,,0.08018268904732413,69.21346372407268,1.0,0.4022311075365098,-0.003590920594474504,0.06730067015667288,static_ridge,1000,,,0.19445549771660478,0.10028807957540846,25.797216320425147,,,12.601455882413754,,,,,,gradual,29
0.22185493606996992,0.1779146906903354,synthetic_gradual,,,,0.07338918286920522,59.25641104597293,1.0,0.3687266542930683,-0.008235211336388932,0.05910469855218997,rolling_ridge,1000,,,0.18363748353162274,0.09342644219969973,23.54606098799681,,,11.533793156112013,0.0030216,,,,,gradual,29
0.21818745936567047,0.17510531925035566,synthetic_gradual,,,,0.07293455851633524,59.8696855675495,1.0,0.34714282819164,-0.005996015266301148,0.05907639292466765,rls,1000,,,0.18326069561341382,0.09226870072666973,23.531720877527274,,,11.462344707652262,0.0123499,,,,,gradual,29
0.28706290511004334,0.23283989580918843,synthetic_gradual,,,,0.0964297329249346,82.10408812965544,1.0,0.4017605353270718,-0.010413882304458923,0.07968085731240149,hedge,1000,,,0.23413260081624956,0.12175157903685298,28.230547751632983,,,15.154830046786227,0.0012365,,,,,gradual,29
0.9121665012376059,0.648636779783556,synthetic_gradual,,,,0.23214103489834245,138.4458725294332,1.0,1.6729633841768776,0.01737880251709619,0.17659228893229487,exp3,1000,,,0.6535143863029194,0.32061211303647763,52.6837492681728,,,36.48312428188586,0.0249722,,,,,gradual,29
0.2825522605253542,0.22697862124783275,synthetic_gradual,,,,0.0965483061435469,80.2165903543702,1.0,0.37734369624462316,0.007768232400053274,0.08110762057135631,fixed_share,1000,,,0.23883695186398268,0.12009797367122167,28.5246414900417,,,15.173464931708788,0.0011748,,,,,gradual,29
0.22592557237921526,0.17493336929296893,synthetic_gradual,,,,0.07217627516217297,60.26215786173309,1.0,0.3896695914449486,-0.002412800578841009,0.06084819289958407,passive_aggressive,1000,,,0.179695963456459,0.09182674541231467,22.77114034456849,,,11.343173420839909,0.0002834,,,,,gradual,29
0.5124459154776377,0.40695993325421254,synthetic_gradual,,,,0.17156355464402057,115.48942495562251,1.0,0.7017455863132135,0.007754346118517775,0.14560811834425974,dma,1000,,,0.4268024878834772,0.21542296754700765,43.26867106176391,,,26.962809436344987,0.0017251,,,,,gradual,29
0.30141237584654307,0.2438552807633883,synthetic_gradual,,,,0.10494855936587387,85.73412070330447,1.0,0.43824328542441726,0.04774372048556836,0.09013304303073505,ensemble_mean,1000,,,0.25466301078349113,0.13045716557644826,30.447082733553223,,,16.49364291077084,,,,,,gradual,29
0.5260026177966082,0.4169002384194248,synthetic_gradual,,,,0.17597964949230968,117.25819807596818,1.0,0.7090356681856026,-0.002052940259728602,0.15202857110638407,oracle_best_member,1000,,,0.4370085573691395,0.22106526763505918,44.24330931543166,,,27.656839844459952,,true,3,0.22106526763505918,,gradual,29
0.5260026177966082,0.4169002384194248,synthetic_gradual,,,,0.17597964949230968,117.25819807596818,1.0,0.7090356681856026,-0.002052940259728602,0.15202857110638407,validation_best_member,1000,,,0.4370085573691395,0.22106526763505918,44.24330931543166,,,27.656839844459952,,,,,3,gradual,29
0.26380149496730604,0.21042497105053928,synthetic_gradual,0.0189823,0.01,cholesky,0.09088708657410646,76.44523950180047,1.0,0.38752504045010483,-0.0013171688246798572,0.07931575466847185,adaptive_ridge,1000,210,quadratic,0.2140139323406,0.11315494097327183,27.221107415978555,0.0049721,2,14.307404976279845,,,,,,gradual,30
0.29366292226070273,0.24388694122322013,synthetic_gradual,0.0002899,0.01,,0.10595617195956028,86.21065225028563,1.0,0.39601664007336135,0.08374896691673991,0.09156662849617225,static_ridge,1000,,,0.2536622014505383,0.13125774183481498,31.189928824332167,,,16.67957373378573,,,,,,gradual,30
0.22874610808699233,0.1879786554754543,synthetic_gradual,,,,0.08081479373664273,65.52517856427377,1.0,0.323460007136509,0.012109965189165387,0.0694844652025054,rolling_ridge,1000,,,0.1906644525652723,0.1004848228120528,25.378314439026777,,,12.721829091989889,0.0229251,,,,,gradual,30
0.2254483606204965,0.1843055391002491,synthetic_gradual,,,,0.07878066993980748,66.52886816414055,1.0,0.3247098631434735,0.012700024510134795,0.06721270383541944,rls,1000,,,0.18986680090406788,0.0984876383909745,24.78168266777197,,,12.401618223425189,0.0030467,,,,,gradual,30
0.3992651800367646,0.33521494978284844,synthetic_gradual,,,,0.16264508052110635,115.00790056024334,1.0,0.5041961001261931,0.1519468476653257,0.1519025816537558,hedge,1000,,,0.34315346979391237,0.19295324188480165,41.83158341138401,,,25.60351665049497,0.0011092,,,,,gradual,30
1.0633750474855097,0.7995047761036118,synthetic_gradual,,,,0.3227641340874797,186.52173684448888,1.0,1.7448019171114622,0.02147192466476647,0.2670217430730262,exp3,1000,,,0.8123701270012591,0.41495355464067224,65.3774800939779,,,50.80938725483909,0.0022023,,,,,gradual,30
0.29617233083323186,0.24368781537633694,synthetic_gradual,,,,0.10421508992663583,87.3211851816575,1.0,0.3732548407654779,0.035595491863436565,0.08844959305195998,fixed_share,1000,,,0.25619100997513145,0.12937979452833825,29.30910334350572,,,16.405493370106523,0.0040276,,,,,gradual,30
0.2227050088911392,0.1797283761452885,synthetic_gradual,,,,0.07721411318663268,61.36507267247184,1.0,0.37416058741455216,0.003268682255125917,0.06341582296688222,passive_aggressive,1000,,,0.18415305673736634,0.09634104491759506,23.829451073208403,,,12.155011552105355,0.0002584,,,,,gradual,30
0.5719210594153946,0.47069915242747745,synthetic_gradual,,,,0.20318587863294768,135.50853702683995,1.0,0.8658487269856883,-0.11999631736775129,0.1766132503422767,dma,1000,,,0.4862497885360043,0.25258696792714513,49.11110911011738,,,31.985431161251945,0.002286,,,,,gradual,30
0.5215687138546939,0.46488167957764026,synthetic_gradual,,,,0.2851478161661737,187.55860359596946,1.0,0.6251051714120048,0.28496959885596274,0.2837116049635738,ensemble_mean,1000,,,0.47217126906735346,0.3083426690258289,66.64257995131483,,,44.88784312240842,,,,,,gradual,30
0.7388873361205183,0.5964491464864569,synthetic_gradual,,,,0.264193637135772,168.38764404442855,1.0,1.193995079670138,-0.1499123589024367,0.2316771132582705,oracle_best_member,1000,,,0.6210457291070108,0.3245727881275924,58.81185936297592,,,41.589245525829284,,true,6,0.3245727881275924,,gradual,30
0.7388873361205183,0.5964491464864569,synthetic_gradual,,,,0.264193637135772,168.38764404442855,1.0,1.193995079670138,-0.1499123589024367,0.2316771132582705,validation_best_member,1000,,,0.6210457291070108,0.3245727881275924,58.81185936297592,,,41.589245525829284,,,,,6,gradual,30
0.16198832192485674,0.12561317820653456,synthetic_abrupt,0.0031812,1.0e-6,cholesky,0.05307999914969316,74.74818506333509,1.0,0.29443101625426804,0.04639651236632853,0.04501075774383462,adaptive_ridge,1000,110,quadratic,0.13087161165963182,0.06670963332385031,16.630304304970995,0.0003929,1,8.24389064539492,,,,,,abrupt,1
0.126332828890219,0.10651749636904685,synthetic_abrupt,7.77e-5,0.0,,0.05099863670449145,56.0488949427556,1.0,0.1724853959701671,-0.04625994796423059,0.046134302268841604,static_ridge,1000,,,0.10802737883385283,0.0605191220120408,17.14936915726131,,,7.92063283328974,,,,,,abrupt,1
0.03968061063963055,0.03133073265908424,synthetic_abrupt,,,,0.01319470858762904,14.038136449511354,1.0,0.07083172048570596,-0.0012713114700784733,0.01097881320459343,rolling_ridge,1000,,,0.032028096017969875,0.01661709716418961,5.7498191151036755,,,2.049279134076547,0.0022291,,,,,abrupt,1
0.03960231483702022,0.031248850111353855,synthetic_abrupt,,,,0.013146778492394125,15.090948383804253,1.0,0.06949292957756603,-0.001123392932841812,0.01097729810598123,rls,1000,,,0.03240485382232043,0.01659023892750484,5.7510668101359625,,,2.041835078498745,0.0097027,,,,,abrupt,1
0.24691998192387046,0.20744924559203312,synthetic_abrupt,,,,0.10323626904858355,127.7895040184737,1.0,0.3856218602065893,0.09831203388793776,0.09984071237793535,hedge,1000,,,0.20973475363114047,0.12114652773813138,29.628324735796003,,,16.03369491915319,0.0013222,,,,,abrupt,1
1.6576434919431091,1.340282096912252,synthetic_abrupt,,,,0.4879306115339309,550.8529730307123,1.0,2.4221315082968755,-0.012670820614344356,0.3367468983225788,exp3,1000,,,1.3678174413285111,0.6630395639443099,82.78545396615667,,,75.78083399516498,0.0016342,,,,,abrupt,1
0.22798536838973213,0.17837150739969576,synthetic_abrupt,,,,0.07869358042152787,87.31633984525855,1.0,0.5340575501508634,0.06612239793288352,0.06850546629073079,fixed_share,1000,,,0.17900774999225857,0.09743390587998532,23.65888595196498,,,12.2219533135282,0.0025451,,,,,abrupt,1
0.0645106580199794,0.0480285511154389,synthetic_abrupt,,,,0.019512016155032293,22.49345608363626,1.0,0.13722848144760655,-0.0003524019769978064,0.016495781842230495,passive_aggressive,1000,,,0.04976315144504238,0.02515650105544535,8.385925998662557,,,3.0304244542210985,0.000318,,,,,abrupt,1
0.2912539555631296,0.23544123318207424,synthetic_abrupt,,,,0.0965156269015451,105.49365955877752,1.0,0.5371404352274709,0.018225791575744745,0.08143294691229781,dma,1000,,,0.248230248603253,0.1227266081520367,27.01982250665159,,,14.989907432066591,0.0028095,,,,,abrupt,1
0.28745748071980515,0.24254952864731544,synthetic_abrupt,,,,0.11317987639790204,173.1510756426345,1.0,0.3707840562728907,0.10055834671485185,0.10222857692443621,ensemble_mean,1000,,,0.2523344137220305,0.13651660334815877,30.95353757661359,,,17.57804331632156,,,,,,abrupt,1
0.3516957533024319,0.2830967986336173,synthetic_abrupt,,,,0.12266127075121029,80.87909995905841,1.0,0.4879171677305472,-0.04126276738508602,0.10618341457665004,oracle_best_member,1000,,,0.2869466697929586,0.15232446510218267,33.9920569296258,,,19.050605099793067,,true,5,0.15232446510218267,,abrupt,1
1.920345584510294,1.690894078614362,synthetic_abrupt,,,,0.9780906110537883,695.8449802171602,1.0,2.4221315082968755,-0.9722857838077223,0.9832471724935905,validation_best_member,1000,,,1.717967847437208,1.0760888809262044,131.2137936476962,,,151.90791574949634,,,,,10,abrupt,1
1.0706475486498193,0.9127329514715053,synthetic_abrupt,0.0065018,0.0,cholesky,0.476222131049592,1085.6640452901968,1.0,1.388771670139708,0.4657744041987472,0.4540000910062793,adaptive_ridge,1000,110,quadratic,0.9259509026220514,0.5446432908471606,90.88238237868225,0.0009603,1,75.04178347342213,,,,,,abrupt,2
0.8091154805835379,0.7105335213924049,synthetic_abrupt,0.0002014,0.0,,0.3907252134168199,872.1603451069114,1.0,1.0174104782146973,0.3850298106388839,0.38318457477843626,static_ridge,1000,,,0.7314328600768574,0.43793450338418116,80.82033187400832,,,61.56941257267673,,,,,,abrupt,2
0.12587644428003725,0.08962048332138571,synthetic_abrupt,,,,0.034206490389510284,84.96584195791377,1.0,0.35609591235183846,0.010395039071192656,0.02683724452736863,rolling_ridge,1000,,,0.08673948636354538,0.047296704590886036,12.84327746232999,,,5.390165382566013,0.0113155,,,,,abrupt,2
0.11636766869493426,0.08533382094559576,synthetic_abrupt,,,,0.03355933396269182,87.84575322217317,1.0,0.3550516601059189,0.007944501941095486,0.02786116194660143,rls,1000,,,0.08667786313073733,0.045152421403066564,12.692430359039328,,,5.28818823936246,0.0033966,,,,,abrupt,2
0.2460197758116963,0.19754434188939185,synthetic_abrupt,,,,0.08508024323752261,183.44192890457387,1.0,0.3711981351426875,-0.025976780329023584,0.07207990114652668,hedge,1000,,,0.20060732955987304,0.10594449606405637,24.415047635269133,,,13.406712486932687,0.0006199,,,,,abrupt,2
1.5745585260844108,1.3087047931610416,synthetic_abrupt,,,,0.6042921818104767,1460.8619821054142,1.0,2.246761048163291,0.44501406556764284,0.5426583383206405,exp3,1000,,,1.3329728773112934,0.7265847789626866,97.2576682036253,,,95.22271248116637,0.009519,,,,,abrupt,2
0.24185961702315933,0.19435661450430805,synthetic_abrupt,,,,0.08375403975491508,180.40132247083739,1.0,0.36526543372845455,-0.025330715172512758,0.07070292488842683,fixed_share,1000,,,0.19901945560204432,0.10423412716739479,24.149033020463627,,,13.197732962263833,0.0015162,,,,,abrupt,2
0.14679400309908222,0.10805006908812051,synthetic_abrupt,,,,0.041161324064677346,125.58222464075797,1.0,0.3285944818340685,0.0002327297157353765,0.031749156345374174,passive_aggressive,1000,,,0.10972009479472204,0.05539517056377058,14.91733118800181,,,6.486089088579588,0.0003007,,,,,abrupt,2
0.23501836885474137,0.18523736410881797,synthetic_abrupt,,,,0.07824898598810784,103.89471652061492,1.0,0.40087685890024044,-0.02441508145825112,0.06564036640969972,dma,1000,,,0.19028999440055686,0.09794704573857037,24.948187300201074,,,12.33026161676419,0.0086697,,,,,abrupt,2
0.2469556487281982,0.1982858183176088,synthetic_abrupt,,,,0.08539421627436705,184.14145519663023,1.0,0.37273168191178896,-0.026278487983441432,0.07211890985304945,ensemble_mean,1000,,,0.20142017144086197,0.10634551635743268,24.484848873710728,,,13.456187501030508,,,,,,abrupt,2
0.32137461032006587,0.27862222641867956,synthetic_abrupt,,,,0.15091113333096942,241.90775241676806,1.0,0.43687950626539473,-0.14658666141954008,0.15274324980668308,oracle_best_member,1000,,,0.2829540649377507,0.1706303993148484,40.94935754699092,,,23.780164450131444,,true,2,0.1706303993148484,,abrupt,2
1.5716641535398643,1.3307151789865261,synthetic_abrupt,,,,0.6428607472945633,1463.7446912469752,1.0,2.2062749296089432,0.5919011855130463,0.6052329294053441,validation_best_member,1000,,,1.3656829338517902,0.7601661729197843,103.26266823646701,,,101.30024175003594,,,,,6,abrupt,2
10.862839160410335,8.870417204230334,synthetic_abrupt,0.1316143,0.0,cholesky,3.976408933741942,2652.002501067872,1.0,15.286880243613648,-3.8685404718019756,3.599744242357341,adaptive_ridge,1000,110,quadratic,9.34614470624424,4.83350636889042,164.48672186510905,0.0010241,1,621.135232683089,,,,,,abrupt,3
0.9457605986241135,0.8117045297176064,synthetic_abrupt,0.0001429,0.0,,0.42023007403424584,265.8880198804861,1.0,1.2186003395888751,-0.40181987054429513,0.40909919582742693,static_ridge,1000,,,0.8229888706877606,0.4842792786044155,83.44755774762504,,,65.64206779659963,,,,,,abrupt,3
0.16843151439936593,0.12777469114784784,synthetic_abrupt,,,,0.05225145734744457,46.21470446083068,1.0,0.4897461101968882,-0.005024957388126641,0.04393693134765614,rolling_ridge,1000,,,0.12946642147048215,0.06793606106117919,16.789730751407216,,,8.161942511026893,0.011135,,,,,abrupt,3
0.1664654447014178,0.12921859914045036,synthetic_abrupt,,,,0.05271753105746854,47.68711351817581,1.0,0.4417867781663076,-0.004769688138746436,0.04414774153168238,rls,1000,,,0.13189503020070512,0.06810286236215218,17.121815613376846,,,8.234745587155885,0.0042421,,,,,abrupt,3
0.2406256471355767,0.1974803942363512,synthetic_abrupt,,,,0.08634633718794961,50.66377015606498,1.0,0.33332399128566104,-0.027365129760460214,0.07473656699700432,hedge,1000,,,0.2097698945147314,0.10670759252508533,24.596283767531936,,,13.487735576053849,0.0009292,,,,,abrupt,3
1.6051001575638781,1.3228515902069853,synthetic_abrupt,,,,0.5579683531009805,275.980583997707,1.0,2.028889757807389,0.2650152458712972,0.4540605835790571,exp3,1000,,,1.3648277663709867,0.7021568282992823,92.61793035883116,,,87.15748521041552,0.0016707,,,,,abrupt,3
0.18378750328358615,0.1508024610442881,synthetic_abrupt,,,,0.06585254723835342,41.511434660310925,1.0,0.2541153277695189,0.03207104439504784,0.057553026325861546,fixed_share,1000,,,0.16104968925459331,0.08133379847882453,19.655065852255223,,,10.286501698701615,0.0064798,,,,,abrupt,3
0.2988966513664202,0.21319353281097247,synthetic_abrupt,,,,0.08118816987365647,52.4698586337728,1.0,0.5825826907625284,-0.002379235060272409,0.0621248815106574,passive_aggressive,1000,,,0.20611694984257706,0.1087303737036045,23.31971090350964,,,12.682003693753009,0.0003038,,,,,abrupt,3
0.4197428672522532,0.32648122670460333,synthetic_abrupt,,,,0.1558490506551959,96.10731415668721,1.0,0.7833507805596353,-0.09979996175867747,0.14647811904990468,dma,1000,,,0.3240682540837395,0.18555129677511142,38.60185807568756,,,24.34441174314993,0.0015423,,,,,abrupt,3
0.24695480555850807,0.20486560698477857,synthetic_abrupt,,,,0.0884597305971387,54.362495023261346,1.0,0.32446152676644363,-0.045216484537874,0.0781475472193324,ensemble_mean,1000,,,0.21371889210859935,0.10970181095382055,24.841808555049532,,,13.817858339793913,,,,,,abrupt,3
0.36153604190553323,0.31417961947164985,synthetic_abrupt,,,,0.18083199943449108,117.0489687026963,1.0,0.4801429778083233,-0.1801976949764324,0.1767036662657335,oracle_best_member,1000,,,0.32532318746504835,0.19881322653251884,45.83709990736248,,,28.24687498616815,,true,8,0.19881322653251884,,abrupt,3
1.6405965418376502,1.3965926779909388,synthetic_abrupt,,,,0.7083100709327653,440.2938027770171,1.0,2.0587195778472145,0.6858401099151161,0.668220370307,validation_best_member,1000,,,1.4265041131133376,0.8227409567263765,109.83785390015842,,,110.64162364874882,,,,,4,abrupt,3
1.6715300447466774,1.4137362431635572,synthetic_abrupt,0.044161,0.0001,cholesky,0.7193888726959554,254.6138010479183,1.0,2.456019420262558,-0.7013167322451925,0.683151494715506,adaptive_ridge,1000,110,quadratic,1.458694064641194,0.83095225827011,108.98999569679421,0.0020171,1,111.82100362302633,,,,,,abrupt,4
1.2915012459319035,1.1252796101108409,synthetic_abrupt,0.0003167,0.0001,,0.6093257469275426,233.67721533906706,1.0,1.5456939037500737,-0.6020489750703356,0.6055032950747727,static_ridge,1000,,,1.1587144116886057,0.6857422682165574,103.65656826356798,,,94.7129141703932,,,,,,abrupt,4
0.12219301713072349,0.08474320602091533,synthetic_abrupt,,,,0.032239593419566545,16.76344269310159,1.0,0.4683971978692521,-0.0007969037740312632,0.025268271973803158,rolling_ridge,1000,,,0.07850130695658009,0.04651980571751412,11.616542277343402,,,5.011286425746399,0.0027265,,,,,abrupt,4
0.11153525728065794,0.07932915835851517,synthetic_abrupt,,,,0.03163864233394519,16.380511186359424,1.0,0.5084453269800863,-1.4334805776318183e-6,0.025562676535042655,rls,1000,,,0.07235937965638434,0.04430456825944804,11.332293810081183,,,4.917875259584356,0.3383488,,,,,abrupt,4
0.24122549082512695,0.19921477963038203,synthetic_abrupt,,,,0.0893530264996851,36.71809701399808,1.0,0.3168125218578869,-0.0751778427768308,0.07889844889230178,hedge,1000,,,0.21464792276196912,0.10889634985773959,25.236563196643917,,,13.888934732206385,0.0011383,,,,,abrupt,4
1.4136372586160428,1.1225173341983035,synthetic_abrupt,,,,0.38743377568161785,159.62573461485616,1.0,1.9682029056669141,-0.22239963503444232,0.24933888249518843,exp3,1000,,,1.1891423589473795,0.5350552186373242,71.24431932551629,,,60.22227376386903,0.0066707,,,,,abrupt,4
0.2487138519622991,0.1536977778671399,synthetic_abrupt,,,,0.05376066946169667,25.680339618201444,1.0,0.6499128521535105,0.0005799815711299797,0.04134167473106526,fixed_share,1000,,,0.13680769050642416,0.08220836660308613,16.733127881091594,,,8.356498470881203,0.0063699,,,,,abrupt,4
0.19788027840483535,0.12832993870693765,synthetic_abrupt,,,,0.0448792721404742,25.436387879134116,1.0,0.537325811592265,-0.0023573771955569486,0.03339901321156724,passive_aggressive,1000,,,0.11844054699559012,0.06715571105015881,13.943594210753629,,,6.975983981809183,0.0002715,,,,,abrupt,4
0.24402500530580545,0.19252329912263685,synthetic_abrupt,,,,0.08161535296681346,30.45602963432208,1.0,0.4032393492999027,0.04490081981765055,0.07054055639220186,dma,1000,,,0.20115451779595123,0.10270155573263151,24.651840957672345,,,12.686199392541605,0.0015544,,,,,abrupt,4
0.31406854568590997,0.2692050149297633,synthetic_abrupt,,,,0.12563135723093505,52.08847069915187,1.0,0.44918150457648065,-0.1136711864239106,0.11313128813252318,ensemble_mean,1000,,,0.28029687726366825,0.15055983983947374,33.64825746236078,,,19.527997978950506,,,,,,abrupt,4
0.31648034483713555,0.2669503730217835,synthetic_abrupt,,,,0.12787097240895506,49.28614620255898,1.0,0.3918943715790055,0.11600033923297443,0.12002391132235729,oracle_best_member,1000,,,0.27490272613875155,0.1525779317146042,32.97152911164212,,,19.876121263088944,,true,8,0.1525779317146042,,abrupt,4
1.558200836583208,1.3325451010030938,synthetic_abrupt,,,,0.6667896380601203,242.97585017818707,1.0,1.9533742525579612,-0.6406857621163026,0.6417915361182057,validation_best_member,1000,,,1.409955925414664,0.7773496597128664,105.03504236715067,,,103.64503728545971,,,,,4,abrupt,4
2.6785268489120972,2.327399884592623,synthetic_abrupt,0.0060037,1.0e-6,cholesky,1.344568691444984,641.4014623840945,1.0,3.415252211582901,1.337467677192799,1.3248568824632438,adaptive_ridge,1000,110,quadratic,2.407834601896944,1.4742628454138236,144.58684365362757,0.0009769,1,210.94166814500616,,,,,,abrupt,5
1.8901462294806604,1.6407325372749955,synthetic_abrupt,0.0001419,1.0e-6,,0.8992252547377613,377.4974609034192,1.0,2.3183551105154194,0.8834495718531756,0.8806958626426449,static_ridge,1000,,,1.6974459341251422,1.0084820046794352,126.15453731804783,,,141.0742913169065,,,,,,abrupt,5
0.17052072771591786,0.1095483142968615,synthetic_abrupt,,,,0.04033024856379428,21.400736022597073,1.0,0.7590432440042801,-0.0008802946527322893,0.03127549111876622,rolling_ridge,1000,,,0.09754431007064966,0.060593828840038944,14.107021614498228,,,6.327181320581568,0.0083594,,,,,abrupt,5
0.1539854179578154,0.10254665161224179,synthetic_abrupt,,,,0.03913247792450008,21.00916443051996,1.0,0.7586290199931588,2.900327601944641e-5,0.03137251939983815,rls,1000,,,0.0955722365434424,0.05695876780541683,14.084332065097861,,,6.139269956650953,0.0032632,,,,,abrupt,5
0.25743130064007674,0.20988186759960437,synthetic_abrupt,,,,0.09131612163563235,44.61627569315888,1.0,0.37418770505055743,0.06357624056043647,0.07965693596956908,hedge,1000,,,0.22412330482793938,0.1129703020487769,26.154032857552185,,,14.326062438395502,0.0021751,,,,,abrupt,5
1.5405635859475237,1.2684752563168749,synthetic_abrupt,,,,0.4462787911349798,187.125228976793,1.0,1.8979905732584545,0.11715703550786258,0.27798218157997473,exp3,1000,,,1.3577978083930993,0.6173947779746437,72.4585572832221,,,70.01411921809674,0.0026373,,,,,abrupt,5
0.28073281813398226,0.21833324182836739,synthetic_abrupt,,,,0.10706495762485822,54.21747742771734,1.0,0.8195001541009195,0.10193597529043705,0.09956031930379328,fixed_share,1000,,,0.21266412591861358,0.12814044826104273,32.04536862900124,,,16.796806964909223,0.0014478,,,,,abrupt,5
0.2548634731860992,0.1718151407250301,synthetic_abrupt,,,,0.06308808638066003,29.315365946403137,1.0,0.5908680962172097,0.0014191894170092333,0.047901989327906236,passive_aggressive,1000,,,0.16350431364545878,0.08937138046297961,19.436182575094936,,,9.897527932850275,0.000274,,,,,abrupt,5
0.3589360048245542,0.28097624458669496,synthetic_abrupt,,,,0.13359799836355452,64.81599595262215,1.0,0.6429032069723313,0.06769076339455377,0.12107679573364216,dma,1000,,,0.28489530601701807,0.1575646678908844,39.30944502560209,,,20.959423505061658,0.002376,,,,,abrupt,5
0.2540701166319934,0.20749470439752649,synthetic_abrupt,,,,0.0902644620365387,44.00305064931656,1.0,0.35627777814823436,0.06170418487418037,0.07848109026556717,ensemble_mean,1000,,,0.21548686860606206,0.11145892678089069,25.992852259253414,,,14.161073597315827,,,,,,abrupt,5
0.2717218763878868,0.23442911276901038,synthetic_abrupt,,,,0.12811791007164233,66.27085945844,1.0,0.36691573574889036,0.12696189857080836,0.12511123177793332,oracle_best_member,1000,,,0.24571978784917906,0.14383697155350453,36.582846689831136,,,20.099683892475884,,true,8,0.14383697155350453,,abrupt,5
1.6987057818846234,1.4682472988675561,synthetic_abrupt,,,,0.7838209758902235,323.1816280934432,1.0,2.0954922531088958,0.7646910780519388,0.7653094979687272,validation_best_member,1000,,,1.5247190132485096,0.8880681041089623,118.60613299611795,,,122.96917608846142,,,,,2,abrupt,5
1.6755470750648433,1.4604725079344119,synthetic_abrupt,0.0754456,0.0,cholesky,0.7783893089539776,306.68883966706176,1.0,2.1163799771008973,-0.7664197350297114,0.7433673927717779,adaptive_ridge,1000,110,quadratic,1.4870266428784007,0.8808723495354499,116.49798604247047,0.0009707,1,122.00720876183257,,,,,,abrupt,6
1.8913803214554041,1.6663254326653392,synthetic_abrupt,0.0001316,0.0,,0.9001538705574142,372.7225407341362,1.0,2.326860646963317,-0.8827641184046253,0.877523043970802,static_ridge,1000,,,1.6916154067934142,1.0177751713509082,122.23912118426618,,,141.0929722948745,,,,,,abrupt,6
0.31025715709101437,0.1979925652837758,synthetic_abrupt,,,,0.06731079486418134,38.84036233386917,1.0,1.0303938230444656,-0.03553797735952858,0.04802199869977916,rolling_ridge,1000,,,0.184534131547689,0.10517740541684585,19.871032769223252,,,10.550507447173354,0.0087487,,,,,abrupt,6
0.25701692517630215,0.16964771888643526,synthetic_abrupt,,,,0.061661849400880535,35.41071943190086,1.0,0.9177253889827952,-0.02814164660903617,0.047011016625626095,rls,1000,,,0.15351536159724005,0.09274531216634828,18.716184665372413,,,9.665073820969864,0.0031556,,,,,abrupt,6
0.5094732415803367,0.4424567201951645,synthetic_abrupt,,,,0.25470054563343153,95.87208960055025,1.0,0.6259204244868748,-0.25324419291151634,0.2506064616783915,hedge,1000,,,0.4575612568666445,0.28013888219815647,59.5067634192247,,,39.92257124472926,0.0015437,,,,,abrupt,6
1.6767642217153096,1.483169190424964,synthetic_abrupt,,,,0.7157129019521367,303.7798968604945,1.0,2.1513360640642345,-0.6428304392737889,0.6715804040363234,exp3,1000,,,1.5105945014000333,0.8515326546847912,109.51699469228159,,,112.18310996506028,0.0036316,,,,,abrupt,6
0.48468947050902095,0.272320130272718,synthetic_abrupt,,,,0.08980924373988323,53.963288914756966,1.0,1.2576370339654066,0.015008461668839379,0.06300433976169156,fixed_share,1000,,,0.21243838201682363,0.14717672250567174,25.725713847761828,,,14.076985672425383,0.002442,,,,,abrupt,6
0.31612253188354084,0.2200001253929262,synthetic_abrupt,,,,0.08248998008718045,40.64194893642142,1.0,0.8246464689603272,-0.0004745463602208395,0.06259981235100015,passive_aggressive,1000,,,0.20687850401192814,0.11498217267447813,23.695372455231155,,,12.929741076198535,0.0005135,,,,,abrupt,6
0.28706348963575734,0.23720368696375285,synthetic_abrupt,,,,0.10461476507662362,45.486092698039585,1.0,0.4196518943810751,0.07115981106033159,0.09047929137541483,dma,1000,,,0.2477757146482087,0.12823901708862923,28.373803185688427,,,16.397650038932316,0.0023489,,,,,abrupt,6
0.5006952749940103,0.4369582908515155,synthetic_abrupt,,,,0.25318752139826833,95.22154890736661,1.0,0.5941042597283626,-0.2516596222936471,0.2489185993295422,ensemble_mean,1000,,,0.4515846800483716,0.2778540082112998,58.96495567106461,,,39.68541502791361,,,,,,abrupt,6
0.3307620810870563,0.26702721265859547,synthetic_abrupt,,,,0.11521537340095155,44.88222883963403,1.0,0.4836417946949788,0.038868531673126504,0.09883620530974613,oracle_best_member,1000,,,0.2763598998897323,0.142778265767159,30.511159365586288,,,18.059223004993143,,true,1,0.142778265767159,,abrupt,6
1.7566301130420394,1.5534019683612357,synthetic_abrupt,,,,0.8582749297855716,355.6993348344771,1.0,2.1513360640642345,-0.8459249301444933,0.8407195956026559,validation_best_member,1000,,,1.5766661056681075,0.961622119764272,121.2963333164508,,,134.5287343092051,,,,,8,abrupt,6
0.4564489925153521,0.3759988235257153,synthetic_abrupt,0.0056569,0.01,cholesky,0.16124334539255766,91.30665378421395,1.0,0.6824517304171084,-0.10923404044706347,0.13920422543970373,adaptive_ridge,1000,110,quadratic,0.384487669326108,0.20085355747667047,41.41167523865583,0.000903,1,25.128151564598284,,,,,,abrupt,7
0.5048085144766615,0.42497154360130607,synthetic_abrupt,0.0001221,0.001,,0.19823386356508965,98.09158643628754,1.0,0.6734526628670405,-0.17109046736508213,0.18227294640610897,static_ridge,1000,,,0.4282950136251663,0.2382297524528864,48.75825702341019,,,30.892751305626184,,,,,,abrupt,7
0.21626913409607723,0.16169670817327814,synthetic_abrupt,,,,0.06473030396747578,52.43568597034224,1.0,0.4304105778071373,0.001700720298331951,0.05310576876731764,rolling_ridge,1000,,,0.16246337000707137,0.08378107120080817,21.00003102812004,,,10.087566001296349,0.0029912,,,,,abrupt,7
0.21077411125558781,0.1587360071312599,synthetic_abrupt,,,,0.06413828743715004,53.57077436693004,1.0,0.38400094906034454,-0.0011775464918925291,0.05275047785200554,rls,1000,,,0.16519353185733734,0.08242563624232271,20.29770522643845,,,9.995306186997933,0.003323,,,,,abrupt,7
0.33134421408090503,0.27276974320448766,synthetic_abrupt,,,,0.1254105567849949,61.868010724964826,1.0,0.5230511825371044,-0.10780579418558997,0.11405894078866102,hedge,1000,,,0.2794447328309805,0.1522481258591724,35.33620114639193,,,19.543972317256724,0.0009458,,,,,abrupt,7
1.582492524555018,1.23885362466363,synthetic_abrupt,,,,0.46864550524235576,199.01335332142068,1.0,2.210400449026335,-0.06800667983044319,0.34726925509675705,exp3,1000,,,1.3468207325231931,0.614947514338038,79.65554516021302,,,73.03368245757815,0.0017418,,,,,abrupt,7
0.2690415408918043,0.21291943056181245,synthetic_abrupt,,,,0.09069713021686625,48.46940912310086,1.0,0.49081321942570494,-0.07002433145950483,0.07816218360903587,fixed_share,1000,,,0.22242140632278118,0.11386370467085771,28.193156554992505,,,14.134234371130292,0.0015717,,,,,abrupt,7
0.2994923068440014,0.23311293092908394,synthetic_abrupt,,,,0.0929695595562378,53.56679106366121,1.0,0.5326073200944863,-0.014722571897921529,0.07685524701149979,passive_aggressive,1000,,,0.2455350894473095,0.11997510081678418,27.681482878116448,,,14.4883695989783,0.0003141,,,,,abrupt,7
0.28459679420996264,0.2306777958236071,synthetic_abrupt,,,,0.09572143965140613,73.40135574386164,1.0,0.4136701318368894,0.016472013835297207,0.07893933076346726,dma,1000,,,0.2449254356497133,0.12040815912577524,29.10981010388698,,,14.917222398767596,0.0016788,,,,,abrupt,7
0.3202964003758377,0.26319560075944437,synthetic_abrupt,,,,0.12070313503543116,60.554603946673666,1.0,0.4812103364289797,-0.1029882941845213,0.10968277589359544,ensemble_mean,1000,,,0.2654649180558952,0.14661027706656216,34.17782904965391,,,18.81036804407855,,,,,,abrupt,7
0.4052730890323625,0.3499502922126446,synthetic_abrupt,,,,0.16135843960882265,89.83262708348613,1.0,0.5941473707490196,0.14319372074885486,0.14776207433460908,oracle_best_member,1000,,,0.3634014671943052,0.19430570111246243,41.4441836772437,,,25.146087839137085,,true,4,0.19430570111246243,,abrupt,7
1.602854483442302,1.3399766425673327,synthetic_abrupt,,,,0.6469030075350418,334.2252593271293,1.0,2.210400449026335,0.59964567840201,0.6022240651037347,validation_best_member,1000,,,1.4033168272034022,0.7606993343812153,103.53871352924516,,,100.81331903254646,,,,,9,abrupt,7
0.28429090010037805,0.22881589315717557,synthetic_abrupt,0.0076872,0.0001,cholesky,0.09493497400074952,57.53234993320484,1.0,0.42227207121912724,0.07243182270519193,0.0784958144963216,adaptive_ridge,1000,110,quadratic,0.23974932140793626,0.11972329951125812,26.599576745077268,0.0009517,1,14.83785265454054,,,,,,abrupt,8
0.2562233824727232,0.210746784611517,synthetic_abrupt,0.000133,0.0001,,0.09704899885576833,53.89999692103501,1.0,0.35262504757468766,0.08666844654029152,0.08852927744922912,static_ridge,1000,,,0.21602084506926017,0.11730006528661775,26.788143442872403,,,15.168263966461877,,,,,,abrupt,8
0.07189089331033438,0.052996999832286104,synthetic_abrupt,,,,0.020549439396125427,12.198998266565782,1.0,0.17802878336202282,0.003126033314398292,0.01644387271268942,rolling_ridge,1000,,,0.05391757675235592,0.0273090755414848,8.466351783339293,,,3.2117726591541738,0.0089849,,,,,abrupt,8
0.06877515463023255,0.05125080875508979,synthetic_abrupt,,,,0.020384553421819735,12.203133044614667,1.0,0.18016019909130546,0.002159145593292002,0.01671818812332243,rls,1000,,,0.051355268950990546,0.02673868909203283,8.37793734605613,,,3.1860018216172206,0.0262661,,,,,abrupt,8
0.28326937589461765,0.23656401053232387,synthetic_abrupt,,,,0.10915349852049916,48.18161142916038,1.0,0.3988327806631739,-0.08143658109945623,0.09795700350406294,hedge,1000,,,0.24018091700838756,0.13202841901269613,31.720007114287636,,,17.060135580402527,0.0021226,,,,,abrupt,8
1.7371229314177912,1.4824133747425874,synthetic_abrupt,,,,0.6305779249747916,356.3042254422089,1.0,2.2904155421758556,0.3409484121502235,0.4427975936494558,exp3,1000,,,1.5363943444636181,0.7873940559677365,97.34521346179342,,,98.55611629395936,0.0039059,,,,,abrupt,8
0.1562713932845885,0.12149973711788849,synthetic_abrupt,,,,0.05067827040818305,26.19664663330181,1.0,0.2804894510578968,-0.019806142391138336,0.04312705491794268,fixed_share,1000,,,0.12053011746596691,0.06411090962191482,17.257476652587606,,,7.920755411990163,0.0016743,,,,,abrupt,8
0.13972416154143175,0.10838086132306136,synthetic_abrupt,,,,0.04190936279765649,22.58829818245508,1.0,0.22799039200939675,0.0019396489636552112,0.032111161271260236,passive_aggressive,1000,,,0.1091127727440434,0.05481676169719963,13.990303903702632,,,6.550219838185244,0.0002839,,,,,abrupt,8
0.19919198444672162,0.16046039536318005,synthetic_abrupt,,,,0.07283259401138095,38.99576573407562,1.0,0.33918868315761125,-0.05176355966900745,0.06535416136979771,dma,1000,,,0.16203066237049285,0.08839486319540135,22.456447624524213,,,11.38336329433566,0.0015091,,,,,abrupt,8
0.28704208145477667,0.24163668863094911,synthetic_abrupt,,,,0.11180608485717271,49.741406813509165,1.0,0.3921700626070175,-0.08545899239818158,0.1006752329105389,ensemble_mean,1000,,,0.24548384258188702,0.13517879976755853,32.22615973204643,,,17.47472130743605,,,,,,abrupt,8
0.2249851038311711,0.2067273203273451,synthetic_abrupt,,,,0.1467208839675296,78.370002440732,1.0,0.26409364998708695,-0.1467208839675296,0.14635988158404512,oracle_best_member,1000,,,0.2119471318832006,0.1517151716756698,40.036545372466826,,,22.931726485088163,,true,2,0.1517151716756698,,abrupt,8
1.8705188811995255,1.654914760367863,synthetic_abrupt,,,,0.9304856920823872,504.3133223305896,1.0,2.2904155421758556,0.9221685688635598,0.9170315884819238,validation_best_member,1000,,,1.682285251223468,1.035443481937558,127.06367441451715,,,145.43017198453796,,,,,7,abrupt,8
1.1634013300254082,0.9896887191951479,synthetic_abrupt,0.0081817,0.0001,cholesky,0.5328837338072876,333.80616759474077,1.0,1.433779670699702,-0.5254826501063278,0.5186688971252957,adaptive_ridge,1000,110,quadratic,1.044333337158391,0.6004393724250704,99.17376702122897,0.0012735,1,83.6426990715516,,,,,,abrupt,9
1.108111095057564,0.9510788157194092,synthetic_abrupt,0.0001822,0.0001,,0.506979890798664,311.82333762281115,1.0,1.3913900265533057,-0.4999468246761605,0.49211313962366143,static_ridge,1000,,,0.9959333540848878,0.5740566186914821,93.47892754466632,,,79.57677022420837,,,,,,abrupt,9
0.17106673756733454,0.11624973763917379,synthetic_abrupt,,,,0.043833931607726626,27.700623284252853,1.0,0.5640063663382464,-0.009960831294544253,0.03454409007739248,rolling_ridge,1000,,,0.11024594902929576,0.06232600893754217,14.530924216333007,,,6.880278225782675,0.2160308,,,,,abrupt,9
0.15834984934894025,0.11260317141750754,synthetic_abrupt,,,,0.04329732093550657,32.44803371335907,1.0,0.5470553735185104,-0.009210866152709775,0.03466695216042909,rls,1000,,,0.10787299797034569,0.05985018401691001,14.16723581623367,,,6.796050537588092,0.0211892,,,,,abrupt,9
0.2556263934821717,0.20718496240075787,synthetic_abrupt,,,,0.08730444579775706,44.323564933958984,1.0,0.371030173513603,-0.024035841800077524,0.07266545645386244,hedge,1000,,,0.21531670177688894,0.10945212154076714,25.074123784030018,,,13.703513588784489,0.0103621,,,,,abrupt,9
1.6234044409438007,1.3491081846576618,synthetic_abrupt,,,,0.5705602623779918,347.9169815338406,1.0,2.04429276354088,-0.39625911539190467,0.42900929865626536,exp3,1000,,,1.4233316485183993,0.709730424726071,96.9888759034268,,,89.55649666260322,0.0089253,,,,,abrupt,9
0.3203257070404507,0.19679417075666186,synthetic_abrupt,,,,0.07115854367564198,57.498909325011724,1.0,0.7645601420765806,0.02315626755242186,0.05568936050761025,fixed_share,1000,,,0.17681566820729902,0.10324523413820746,23.685836962703746,,,11.169214365969049,0.0014964,,,,,abrupt,9
0.18804502423873515,0.1298814850820141,synthetic_abrupt,,,,0.048516818774012066,29.900558724370608,1.0,0.420936821535537,-0.003665035435707809,0.03753033499338421,passive_aggressive,1000,,,0.12597375395082974,0.06699507033646691,14.193935022536772,,,7.6153153402337885,0.0089057,,,,,abrupt,9
0.2627758107512662,0.2235692236177008,synthetic_abrupt,,,,0.11546907615698626,97.84577553042612,1.0,0.31782453985514336,0.1075503858599493,0.11248873378313926,dma,1000,,,0.22973719473467433,0.13303020910212102,32.407176446324804,,,18.124300999139997,0.0139628,,,,,abrupt,9
0.24921964309641928,0.20039376653797314,synthetic_abrupt,,,,0.08477464410832106,46.09725535456713,1.0,0.36771989792013393,-0.017693359007238577,0.07215288062186755,ensemble_mean,1000,,,0.20642432728688456,0.10613673184395475,24.266561128157065,,,13.306429894920562,,,,,,abrupt,9
0.3275246489817688,0.28581638591667674,synthetic_abrupt,,,,0.15375179007691941,101.03884798392302,1.0,0.3777172893057116,0.14880473243758305,0.15322055994942013,oracle_best_member,1000,,,0.293458492652416,0.17369886784304772,40.56588370705703,,,24.133246885270697,,true,1,0.17369886784304772,,abrupt,9
1.6520059391592334,1.3959611834219745,synthetic_abrupt,,,,0.6956355058728417,402.8805957069317,1.0,2.164623026660799,-0.6688578934707716,0.6571098328148269,validation_best_member,1000,,,1.480900395937092,0.8092755061914376,109.60446823056355,,,109.18860454886894,,,,,10,abrupt,9
0.8617674673688103,0.7321053569775942,synthetic_abrupt,0.0064167,0.0001,cholesky,0.37202629986716707,312.88979040632074,1.0,1.0601623927186656,-0.36403442730079694,0.3583960473040758,adaptive_ridge,1000,110,quadratic,0.7482410429556877,0.4299327879006151,76.25288593388947,0.001002,1,57.649676914557,,,,,,abrupt,10
0.6228799678527122,0.512683729203996,synthetic_abrupt,0.0001288,0.0,,0.22802018428051904,211.92228340432501,1.0,1.03255493900909,-0.19825165984932325,0.19993452892570623,static_ridge,1000,,,0.5280973907530876,0.28007977808814716,53.45206595159923,,,35.33430286639206,,,,,,abrupt,10
0.18760819439767776,0.13720027513545943,synthetic_abrupt,,,,0.054518036099621976,38.03112988035124,1.0,0.38888657155066764,-0.0007111137217683395,0.04464977710946491,rolling_ridge,1000,,,0.13544852479185554,0.07165207145725142,18.623591083599397,,,8.448185432808271,0.0094944,,,,,abrupt,10
0.17831574753344398,0.13388276604937993,synthetic_abrupt,,,,0.05374564657102834,32.548479457701646,1.0,0.35747183272060973,0.00012098774407800864,0.04473601328187232,rls,1000,,,0.1332201991129176,0.06999400124845097,18.47411447927528,,,8.32849495180865,0.0088517,,,,,abrupt,10
0.31998312012275365,0.26420042872517285,synthetic_abrupt,,,,0.12047819081904104,94.18612598980256,1.0,0.4010362397488672,-0.10939181565155079,0.1092990840360879,hedge,1000,,,0.2726570537479869,0.14612292436856308,33.04144627052512,,,18.66945637565942,0.0011668,,,,,abrupt,10
1.5866265380530218,1.32687435941834,synthetic_abrupt,,,,0.5529151675511212,401.7818846905726,1.0,2.1718004228094285,0.2668298648191928,0.4488896486721902,exp3,1000,,,1.3799250182947165,0.6995487061624018,89.1425951158649,,,85.68044996243943,0.002314,,,,,abrupt,10
0.315498292834458,0.26051254231194204,synthetic_abrupt,,,,0.11866051317479015,92.92561474835176,1.0,0.3933142454405876,-0.10774877510920915,0.10734542740352121,fixed_share,1000,,,0.26940617440159653,0.14397757767683894,32.685772347715734,,,18.387786695415596,0.0012799,,,,,abrupt,10
0.22601802821038997,0.16129852500257016,synthetic_abrupt,,,,0.06243589916352789,38.73033701509271,1.0,0.507930997073303,-0.0017442714055908777,0.04825386478164562,passive_aggressive,1000,,,0.15915536649269674,0.0838327509794369,19.53772540658529,,,9.67514774071731,0.0002564,,,,,abrupt,10
0.2940787331730984,0.2438168152142022,synthetic_abrupt,,,,0.10912033819776994,74.16265555331161,1.0,0.4086512325195152,-0.06982416736008795,0.0965137075225111,dma,1000,,,0.2517710413564521,0.1336801433369945,30.368214956041538,,,16.90942883380761,0.001514,,,,,abrupt,10
0.3211165670144679,0.26515483959774,synthetic_abrupt,,,,0.12101695118619475,94.60635855042011,1.0,0.40352782549348837,-0.10999576033806822,0.1094422135499836,ensemble_mean,1000,,,0.2736856490178313,0.14672536897898378,33.151976414590216,,,18.752943379432722,,,,,,abrupt,10
0.36309678032923143,0.30195476388714404,synthetic_abrupt,,,,0.1314501443805268,78.33912216445927,1.0,0.5034580797172031,-0.0744472755530448,0.11158210483171804,oracle_best_member,1000,,,0.30969371766446335,0.16201814506719908,36.722029062515816,,,20.36968449976522,,true,3,0.16201814506719908,,abrupt,10
1.6516138827323201,1.4166249078971813,synthetic_abrupt,,,,0.6943277762254162,435.6049164294366,1.0,2.216487378150381,0.6604167352688345,0.6699875429015607,validation_best_member,1000,,,1.4668818561958838,0.8178858749094058,108.34107029133551,,,107.59393082287487,,,,,1,abrupt,10
0.4047288426276188,0.31788572253116065,synthetic_abrupt,0.0292816,0.001,cholesky,0.132327477553246,51.50622841075757,1.0,0.5691270292418454,0.054961936662452915,0.10957347865958159,adaptive_ridge,1000,110,quadratic,0.33381977504235066,0.1669104613885896,34.522696154843906,0.0016486,1,20.66200982670104,,,,,,abrupt,11
0.39561045775078907,0.324398439268077,synthetic_abrupt,0.0002066,0.0,,0.13636555546052728,56.14355908591734,1.0,0.5011949002750163,0.07140156192730396,0.1133460485179677,static_ridge,1000,,,0.34995713190638017,0.17030059808971934,35.562403742903136,,,21.292527440608232,,,,,,abrupt,11
0.1467031611270256,0.11505864086219593,synthetic_abrupt,,,,0.04694577981684053,23.879571061323,1.0,0.26098358489668383,0.010316619319487396,0.03972845761500837,rolling_ridge,1000,,,0.11935096130109994,0.05992366982529383,17.15096558574977,,,7.330255075008104,0.0090948,,,,,abrupt,11
0.14375339123668923,0.1127138200316067,synthetic_abrupt,,,,0.04607847322756117,23.054679394112586,1.0,0.23196411900536887,0.007407543464013135,0.03842186618990495,rls,1000,,,0.11514368197640469,0.05871400097748304,16.752257309506696,,,7.194831218967003,0.0089546,,,,,abrupt,11
0.19989839302030943,0.1624483233044346,synthetic_abrupt,,,,0.06817229294171316,33.442586344477704,1.0,0.3067439308115491,0.01630947312899223,0.05794489473854314,hedge,1000,,,0.16929401572548905,0.08542334730872575,22.362539924687027,,,10.644626593925935,0.0012046,,,,,abrupt,11
1.702391893876331,1.3896528603429454,synthetic_abrupt,,,,0.5364975865555919,319.2349963554762,1.0,2.236737607280989,-0.0031002207529420775,0.38526671168334437,exp3,1000,,,1.459206045835214,0.7045891758729915,83.73459113009437,,,83.77034468107802,0.0076545,,,,,abrupt,11
0.16655040393426887,0.13347854522746622,synthetic_abrupt,,,,0.056501496494125905,28.510008167069785,1.0,0.27015930738955224,0.00511100520349743,0.04790703232870741,fixed_share,1000,,,0.14015125329990893,0.07094670437423196,18.24805292000518,,,8.822313380191131,0.001577,,,,,abrupt,11
0.17842173429360514,0.13808739225878275,synthetic_abrupt,,,,0.05617743999819169,24.528637157399384,1.0,0.3129155278446294,0.0031362120464173532,0.04673182781794949,passive_aggressive,1000,,,0.14069653599654003,0.07186568274325311,17.00144863130651,,,8.77171422552422,0.0002957,,,,,abrupt,11
0.29499939072643533,0.2281582932594307,synthetic_abrupt,,,,0.09496697651843765,36.96070600805542,1.0,0.5967445763910522,-0.04809040975975047,0.07999428927324498,dma,1000,,,0.23723006775196853,0.12052596759354443,26.94027777493878,,,14.828428972708945,0.0016443,,,,,abrupt,11
0.25313491620561357,0.20662762775401589,synthetic_abrupt,,,,0.08669972175959911,46.639698699955396,1.0,0.35272554291661906,-0.019936923988000208,0.07583980531409784,ensemble_mean,1000,,,0.21610930544325277,0.1089560093581574,25.61245962463068,,,13.537554981717703,,,,,,abrupt,11
0.3989358029550749,0.3268127634389525,synthetic_abrupt,,,,0.142459110419628,54.15220995044145,1.0,0.5998045361581041,-0.09870476688502439,0.12381721512442802,oracle_best_member,1000,,,0.33720643728153243,0.17612024217410704,36.51693790534044,,,22.243993415570387,,true,7,0.17612024217410704,,abrupt,11
1.9156281119861047,1.6857188535911711,synthetic_abrupt,,,,0.9481297309147437,443.46397734889615,1.0,2.3376087745180243,0.9396852290734,0.9346366593722193,validation_best_member,1000,,,1.7474052530507402,1.0546068911466542,128.24416289300467,,,148.0438241503176,,,,,1,abrupt,11
0.596412305816404,0.49989183210757765,synthetic_abrupt,0.0067187,0.001,cholesky,0.2420220359652158,220.29197118601442,1.0,0.8105160992287714,-0.23689260226443995,0.22496370629539808,adaptive_ridge,1000,110,quadratic,0.5099487733336416,0.2842340587953566,58.226498852213325,0.0009759,1,38.290844530443955,,,,,,abrupt,12
0.36622969185299,0.3009181448777113,synthetic_abrupt,0.0001388,0.001,,0.13587739437269386,126.85768349551483,1.0,0.5059378935083251,-0.12148538615289217,0.12110838162028509,static_ridge,1000,,,0.31204639224883957,0.1650808557434629,37.226468393344526,,,21.497464734469105,,,,,,abrupt,12
0.1601199741425523,0.12014755950687556,synthetic_abrupt,,,,0.048578698483817497,30.67404530048703,1.0,0.41153898310106307,0.0014290745706162942,0.039735006661095335,rolling_ridge,1000,,,0.1205183065354242,0.06300627737012224,17.503607974925565,,,7.685743918799656,0.0102065,,,,,abrupt,12
0.15870127125417197,0.12018961903504267,synthetic_abrupt,,,,0.048201885569246754,31.147346780527307,1.0,0.38588383142244753,0.00023037127664505126,0.03969960863552682,rls,1000,,,0.12001913381696326,0.06263324719018364,17.231050518253365,,,7.626127509610513,0.0118483,,,,,abrupt,12
0.23462229114198904,0.18838674709267617,synthetic_abrupt,,,,0.07817604386151578,72.62652045920676,1.0,0.46762396632524184,-0.028578891573337352,0.06451736526320967,hedge,1000,,,0.19793188647102763,0.09908001292118215,24.616319051805768,,,12.36840575102299,0.0374108,,,,,abrupt,12
1.4622641933973302,1.085881989465414,synthetic_abrupt,,,,0.33769125912540543,200.17711173500464,1.0,2.03590257400775,0.034869459421516195,0.21226925012618494,exp3,1000,,,1.2140409406878154,0.49072371114367536,68.21837248772643,,,53.426885080493975,0.0018061,,,,,abrupt,12
0.1873735013795317,0.14759863949778035,synthetic_abrupt,,,,0.06460675353542507,41.0314195793978,1.0,0.6390692867846087,0.04597395096650825,0.05670824148916914,fixed_share,1000,,,0.1483231872868052,0.08161879215558551,22.052081727273716,,,10.221578152483689,0.0027436,,,,,abrupt,12
0.17622011588259617,0.13757350615280814,synthetic_abrupt,,,,0.056203042655548166,29.947613074578022,1.0,0.3867180514582673,-0.0009955494372236597,0.04528457691509097,passive_aggressive,1000,,,0.1396178779900204,0.0721572348434125,18.46793091369603,,,8.89200836559695,0.0002285,,,,,abrupt,12
0.26474309732347556,0.2137257095374406,synthetic_abrupt,,,,0.09307872672080574,49.28916447658504,1.0,0.3793533443832223,0.050017184862174754,0.08248181405647331,dma,1000,,,0.22213137992404527,0.11504090027669032,27.968015479913504,,,14.726192347502979,0.0028343,,,,,abrupt,12
0.2938467813264804,0.23893333193579755,synthetic_abrupt,,,,0.09931499030475222,101.47235497159701,1.0,0.43174827447899733,-0.060009093243686196,0.0803881885010411,ensemble_mean,1000,,,0.24631286719732956,0.1253967570373425,29.66894945586684,,,15.71284547762574,,,,,,abrupt,12
0.3481788714134351,0.2950611127046845,synthetic_abrupt,,,,0.13657077864726555,99.40933153218747,1.0,0.4345246962759717,-0.115289357302062,0.12128374912208234,oracle_best_member,1000,,,0.3071243753289046,0.16399162955314098,39.304176168873845,,,21.607166602530803,,true,6,0.16399162955314098,,abrupt,12
1.8101353116384171,1.5857234753548268,synthetic_abrupt,,,,0.8423030952164102,647.0463148333125,1.0,2.5661127456272226,-0.824846196106533,0.8127501112123454,validation_best_member,1000,,,1.6309359027788488,0.9557402324841113,120.83954844019335,,,133.2626458488215,,,,,1,abrupt,12
1.4093624593177305,1.2124259512176478,synthetic_abrupt,0.0091329,0.0,cholesky,0.7477498093617907,324.8569790322232,1.0,1.9807235229167173,0.7463659367072606,0.7456479222348815,adaptive_ridge,1000,110,quadratic,1.2201847586113115,0.8041024437369655,120.82908880837967,0.0015053,1,115.91307836934799,,,,,,abrupt,13
1.3586321512591581,1.1927674294229234,synthetic_abrupt,0.0001318,0.0,,0.6575756018419375,286.3226800123801,1.0,1.8758085328051088,0.6494336183537025,0.6529513283766917,static_ridge,1000,,,1.2257935278847578,0.7358079559724684,109.33349367189578,,,101.93464620891221,,,,,,abrupt,13
0.12867976391713348,0.08514526475912397,synthetic_abrupt,,,,0.0318135081406214,16.235497383752566,1.0,1.2315148094926236,-0.0008107798925221655,0.0250584471387838,rolling_ridge,1000,,,0.07565408233298666,0.05857140074239078,10.96113363170926,,,4.931598264739285,0.0042098,,,,,abrupt,13
0.12325627052232736,0.08178200071644064,synthetic_abrupt,,,,0.031099945465139858,15.58395771549689,1.0,1.2237884585615892,0.0008103044565294814,0.024858078237182557,rls,1000,,,0.07162755905244554,0.057237663607683176,10.721508433777084,,,4.8209847342656,0.0069324,,,,,abrupt,13
0.4689345404007825,0.4161117460763026,synthetic_abrupt,,,,0.2646683183382794,118.28564180493792,1.0,0.6421605107580175,0.2644840201045824,0.26477042755592906,hedge,1000,,,0.4228004231425612,0.2822090282591774,62.73028344515232,,,41.02778648865566,0.0010753,,,,,abrupt,13
1.489374144291388,1.173409205564175,synthetic_abrupt,,,,0.3860093108657217,181.49499894264332,1.0,2.0322963105055436,0.31704911023981885,0.23052969614774893,exp3,1000,,,1.2685417988315357,0.5543423220274596,65.38915520968669,,,59.83756457238726,0.0022508,,,,,abrupt,13
0.3025194724300413,0.22456948322305362,synthetic_abrupt,,,,0.10556047559246667,50.74656372274752,1.0,0.9047642347549771,0.10265970317180835,0.10022855546403789,fixed_share,1000,,,0.2104574917333147,0.12915337509979383,29.667159101437015,,,16.363547709224566,0.0026168,,,,,abrupt,13
0.18912615186637396,0.1292018130813385,synthetic_abrupt,,,,0.04764246400697857,25.43366884988244,1.0,0.7051286088749332,0.0029643312645599,0.036814880668377625,passive_aggressive,1000,,,0.12111244664440496,0.0698415396659414,16.52094575830943,,,7.385337441761622,0.0002786,,,,,abrupt,13
0.354365139841605,0.27190192759811754,synthetic_abrupt,,,,0.11918461923560796,49.40540083751248,1.0,0.6532385351325782,0.10134203001702588,0.1043442140458008,dma,1000,,,0.2684729578318292,0.14795807822789936,32.77457251006474,,,18.475506027436055,0.0022865,,,,,abrupt,13
0.44582781715111197,0.3936871531460932,synthetic_abrupt,,,,0.24740302564582922,110.11395130844639,1.0,0.5708786943972914,0.24707601796083684,0.24973564457608693,ensemble_mean,1000,,,0.4021029309364183,0.26504320639052487,60.00807134950363,,,38.351392325963985,,,,,,abrupt,13
0.34114501839105926,0.29297835124769944,synthetic_abrupt,,,,0.15160229845946385,61.19981162098587,1.0,0.45162248655463977,0.14549724312620477,0.14713110337894086,oracle_best_member,1000,,,0.304809714701938,0.17422377294171112,39.3080169305724,,,23.50076039110397,,true,7,0.17422377294171112,,abrupt,13
1.8076748009447123,1.5963909506875094,synthetic_abrupt,,,,0.9068634957053893,394.6904567463242,1.0,2.4886446191692473,0.8993148095922642,0.9009524943382339,validation_best_member,1000,,,1.6361644205777357,1.002810739344135,126.69475203392777,,,140.57822299910444,,,,,6,abrupt,13
3.1484843493310963,2.418754639695628,synthetic_abrupt,0.0060736,0.0001,cholesky,0.9124794906917362,374.98200897729265,1.0,4.553710041203227,-0.6491719907348444,0.6872196028442431,adaptive_ridge,1000,110,quadratic,2.542042139005927,1.209617360053009,113.334751989593,0.0009459,1,142.2838898039635,,,,,,abrupt,14
1.8418509638563023,1.5957147369283393,synthetic_abrupt,0.0001331,0.0001,,0.8874781373603574,436.147699632929,1.0,2.409759274115519,0.8738552584878458,0.8718244853890704,static_ridge,1000,,,1.6299620768165874,0.9924101231334755,126.86643512742184,,,138.3854023983396,,,,,,abrupt,14
0.2244521992151931,0.1681390773707976,synthetic_abrupt,,,,0.06698310983782198,33.35345205324619,1.0,0.6901215717419024,0.007575701880477391,0.05170970276315612,rolling_ridge,1000,,,0.16775540854003906,0.08796846382365675,21.70578322678632,,,10.444746995536782,0.0090969,,,,,abrupt,14
0.21227687303559054,0.1593492230306471,synthetic_abrupt,,,,0.06378030507922232,34.0167101139485,1.0,0.7202953534169068,0.007086044846291964,0.050960658483458515,rls,1000,,,0.15753163834823855,0.08409123857521013,20.960827070609607,,,9.94533027002689,0.008235,,,,,abrupt,14
0.40148298058213483,0.3420340667852882,synthetic_abrupt,,,,0.17105367191358375,83.92398659991004,1.0,0.5686031840378828,0.163324071420383,0.16349518233736185,hedge,1000,,,0.3557235162663752,0.19902386916838258,44.0040190801901,,,26.672579552078798,0.0009666,,,,,abrupt,14
1.7329708504205366,1.417611788189868,synthetic_abrupt,,,,0.5281793697293334,224.75173783145686,1.0,2.562278706386963,0.27381334590544437,0.3736661612648527,exp3,1000,,,1.5045650801689172,0.7059383563123198,81.52939868256823,,,82.359566440583,0.0015315,,,,,abrupt,14
0.39385216724342553,0.3352924346984557,synthetic_abrupt,,,,0.1673171135258235,82.08117609043083,1.0,0.5566026091312553,0.15948090562566358,0.16094832739002932,fixed_share,1000,,,0.35101867250057245,0.1948466548907708,43.37218407351967,,,26.08993405997342,0.0013869,,,,,abrupt,14
0.3495644525968315,0.24465522827069047,synthetic_abrupt,,,,0.09214711921236529,37.143649371899166,1.0,0.8450702599815609,0.0017540687487246158,0.07248645108370616,passive_aggressive,1000,,,0.2453805678303975,0.12499217469164305,25.15166579704526,,,14.368597529601017,0.0002955,,,,,abrupt,14
0.3054065106219719,0.2461502571120939,synthetic_abrupt,,,,0.11273470450651003,71.38384481572434,1.0,0.6473450557252522,0.09574453134340945,0.10574886048416898,dma,1000,,,0.2521728345625241,0.13742245672116893,31.335888985504525,,,17.57884142790622,0.0016572,,,,,abrupt,14
0.40143059319913066,0.3420006948550497,synthetic_abrupt,,,,0.17102871486031646,83.92428739841927,1.0,0.5684707318680716,0.16329379970407382,0.16342183458057755,ensemble_mean,1000,,,0.3554516003632856,0.19899674277657842,44.00244951290409,,,26.668687972428913,,,,,,abrupt,14
0.3190863986552424,0.2571310376940535,synthetic_abrupt,,,,0.11643052815872434,72.90393708490535,1.0,0.458537895639198,0.0969145283834,0.10907709642975463,oracle_best_member,1000,,,0.26254021749439016,0.1423648123893011,32.27291439511114,,,18.15513510971588,,true,2,0.1423648123893011,,abrupt,14
1.9446254956801488,1.7170837439505877,synthetic_abrupt,,,,1.0323708917558083,502.6853629235373,1.0,2.562278706386963,1.0284766320484469,1.0428920552069094,validation_best_member,1000,,,1.741405298820172,1.1220421372657559,136.22856876818256,,,160.9786824776173,,,,,8,abrupt,14
1.562203434063765,1.3660774520394272,synthetic_abrupt,0.0074414,0.0001,cholesky,0.7902598739655399,942.8784870192677,1.0,2.000941886239314,-0.7833128175273117,0.779908358604133,adaptive_ridge,1000,110,quadratic,1.3707121513741753,0.8701600380809302,122.98984563454542,0.0010821,1,123.64888808097476,,,,,,abrupt,15
1.669863310836592,1.4392081556942082,synthetic_abrupt,0.0001603,1.0e-6,,0.7737230861214137,873.0486127612359,1.0,2.2038556216460483,-0.7597836591138257,0.7611875133219739,static_ridge,1000,,,1.4679641779014696,0.8765890455362138,117.5380820536565,,,121.06144122112529,,,,,,abrupt,15
0.32505972299375485,0.20367565690721004,synthetic_abrupt,,,,0.07168396422185465,60.232148675107844,1.0,1.5653507758478338,0.004601821479535762,0.05126183996695621,rolling_ridge,1000,,,0.18393802759466796,0.11331392772283104,21.39794644220304,,,11.216111005093513,0.0092521,,,,,abrupt,15
0.29188352659432204,0.19145084955802438,synthetic_abrupt,,,,0.06926238567290484,54.498179387544035,1.0,1.4550910872449179,-0.0008952791450809524,0.0525407927174755,rls,1000,,,0.1782822004326137,0.1062148161820356,20.601023565318417,,,10.837216030360883,0.0104522,,,,,abrupt,15
0.23878763001585135,0.19807335324782382,synthetic_abrupt,,,,0.08565843568667295,81.15520685852293,1.0,0.33812783215649156,0.05853022964559105,0.07517271775656076,hedge,1000,,,0.20442177857838234,0.10643721549799223,25.861841516244375,,,13.402642189415598,0.0012607,,,,,abrupt,15
1.7383972332700595,1.4903521784900964,synthetic_abrupt,,,,0.7145276177834108,854.5424914122011,1.0,2.3082421398274313,-0.6179463919927959,0.6676630424336373,exp3,1000,,,1.509546763046343,0.8558631731441968,111.06580296384323,,,111.79935658218562,0.0015394,,,,,abrupt,15
0.3333906057239673,0.255661163729136,synthetic_abrupt,,,,0.12097509669184213,163.7532377752295,1.0,1.6755765145407993,0.10613353277302975,0.10920771286253561,fixed_share,1000,,,0.24047085498767104,0.15258325481248386,34.30762391576054,,,18.928502742234596,0.0013496,,,,,abrupt,15
0.5758276147518169,0.3546130841813969,synthetic_abrupt,,,,0.11325909755178445,107.0509875442744,1.0,1.74999544632087,-0.00678600417234826,0.07507861674585598,passive_aggressive,1000,,,0.35225754410045895,0.17899694916721742,29.6416058005755,,,17.721210374833575,0.0004156,,,,,abrupt,15
0.34836655553079177,0.29569845535504113,synthetic_abrupt,,,,0.14304995902071083,115.7484293368881,1.0,0.617436361025342,0.13133091482489034,0.13468401551054637,dma,1000,,,0.30225597200113236,0.1691597249153116,39.016704924864925,,,22.382470571587188,0.0015326,,,,,abrupt,15
0.2789353618939116,0.23195386705173457,synthetic_abrupt,,,,0.10283565204136894,92.14874772905154,1.0,0.4031820303611239,0.07187914452341951,0.09131553099143117,ensemble_mean,1000,,,0.23968355879134023,0.12615432941127064,29.785573314761557,,,16.09029440681404,,,,,,abrupt,15
0.3403397085809252,0.29216856089241516,synthetic_abrupt,,,,0.14157668855059286,109.09307297323384,1.0,0.4313217782840334,0.13058976539668696,0.13220229861318844,oracle_best_member,1000,,,0.3011523218446114,0.1671895137075341,38.674438825198735,,,22.15195367268595,,true,8,0.1671895137075341,,abrupt,15
1.7494021285100616,1.5103733899107152,synthetic_abrupt,,,,0.823218977676498,930.6252263476134,1.0,2.3082421398274313,-0.8107894258000359,0.8091389100654593,validation_best_member,1000,,,1.538011082325397,0.9276433210513831,120.98892043152331,,,128.80587081572412,,,,,2,abrupt,15
0.7973337937636845,0.6338528320402589,synthetic_abrupt,0.0064595,0.0,cholesky,0.25586227216092133,109.15301127434299,1.0,1.1067028309922238,-0.10406321018605302,0.208002207567618,adaptive_ridge,1000,110,quadratic,0.65303537600316,0.3261172937420021,55.767117185497085,0.0017017,1,39.945405068935024,,,,,,abrupt,16
0.6156572203200258,0.5106462912659863,synthetic_abrupt,0.0001416,0.0,,0.22146037794566062,91.77449948972948,1.0,0.8301510656387057,0.1271976885690262,0.19249555283252218,static_ridge,1000,,,0.5335691940441937,0.27444372830921937,50.452722127007654,,,34.57455618230058,,,,,,abrupt,16
0.23647191952503208,0.16493878259209724,synthetic_abrupt,,,,0.06301576948066939,27.258759798038056,1.0,0.5908278453618637,-0.003420820143042974,0.05017908917814863,rolling_ridge,1000,,,0.16220339854759486,0.08590235133658888,19.429463187998884,,,9.838068021426842,0.0060031,,,,,abrupt,16
0.22034485482297775,0.15761563854144833,synthetic_abrupt,,,,0.0618357848524073,27.464865118977155,1.0,0.5652124920599004,0.0010315617154424866,0.05052538351434181,rls,1000,,,0.1571315876262561,0.08247841603360048,19.40714260881105,,,9.653847958214863,0.0044492,,,,,abrupt,16
0.33615725704585914,0.2899434409540766,synthetic_abrupt,,,,0.146563502902985,72.6213313888683,1.0,0.49942158653426794,-0.14072068498874596,0.13966517626125602,hedge,1000,,,0.29784983560864803,0.16988509737620547,39.512923599885085,,,22.88160127062278,0.0012833,,,,,abrupt,16
1.7951778274881776,1.5268126133390292,synthetic_abrupt,,,,0.7038607484157768,385.4991494663055,1.0,2.204507171786511,-0.5619759226218966,0.6430374647912583,exp3,1000,,,1.559668957281081,0.8593111149515451,108.05251526809064,,,109.88725485056571,0.0023792,,,,,abrupt,16
0.31953353955632274,0.23936501805417829,synthetic_abrupt,,,,0.10469746890047361,57.223555706988726,1.0,0.7316456752856888,-0.096889501626077,0.09254021294440429,fixed_share,1000,,,0.22902884320677805,0.13082548589488463,30.51165285713821,,,16.345445421086993,0.0024073,,,,,abrupt,16
0.29014830136571584,0.20546286617778725,synthetic_abrupt,,,,0.0771215674260067,30.958136712552086,1.0,0.5969476711016805,-0.003296702216506326,0.05959749424442322,passive_aggressive,1000,,,0.21377647807776876,0.10445641994636368,21.94852222521587,,,12.040275513716555,0.0002646,,,,,abrupt,16
0.25171810983993603,0.19961999167556563,synthetic_abrupt,,,,0.08314230640260159,44.48927505153409,1.0,0.4815494405173733,-0.03840625172782769,0.06995994536964312,dma,1000,,,0.20536882199411796,0.10567118851911397,25.44337745293926,,,12.980237686346477,0.0016287,,,,,abrupt,16
0.3640184472954531,0.3062133869400991,synthetic_abrupt,,,,0.14765005118381494,70.7170096605353,1.0,0.4682560653212855,-0.13750050786945744,0.13770439256634448,ensemble_mean,1000,,,0.3143883307854674,0.17511965926997117,39.29446087548303,,,23.051233982933763,,,,,,abrupt,16
0.3825352092389832,0.32742047242212746,synthetic_abrupt,,,,0.15678710477312877,74.24311142613135,1.0,0.4923588411644525,-0.14061791052466527,0.1454482468619709,oracle_best_member,1000,,,0.3384352961708856,0.1859535761588376,41.796653640264786,,,24.477717472192214,,true,7,0.1859535761588376,,abrupt,16
1.8923959269757966,1.6548509098497535,synthetic_abrupt,,,,0.9468699882012337,412.8956130754039,1.0,2.3627056177162835,-0.940931876242262,0.9554134882801301,validation_best_member,1000,,,1.666564543503737,1.050413010836842,127.96420830340925,,,147.8260351042597,,,,,5,abrupt,16
2.6198701463703014,2.215674107943487,synthetic_abrupt,0.0068123,0.0,cholesky,1.2485974433203753,615.8080437892094,1.0,3.584976806163278,-1.2317402125894892,1.2347010235206122,adaptive_ridge,1000,110,quadratic,2.2730859099678606,1.3783017023161928,141.34551617067,0.0009603,1,194.39919012030333,,,,,,abrupt,17
2.047221078792837,1.737263600232964,synthetic_abrupt,0.0001619,0.0,,0.8569804709727967,457.78855516622315,1.0,3.1598748384305653,-0.788075553167762,0.8112954034321364,static_ridge,1000,,,1.757541061520889,1.0050053800582037,118.27248982456621,,,133.42675847789732,,,,,,abrupt,17
0.1628948932369576,0.104641267947573,synthetic_abrupt,,,,0.03765990901901766,20.66895280416468,1.0,1.1362301314163525,-0.004285078507845974,0.027653035057660057,rolling_ridge,1000,,,0.09495864797926218,0.067106918870365,13.736610470331913,,,5.863423677876972,0.0063628,,,,,abrupt,17
0.1473100991455776,0.09953133835049721,synthetic_abrupt,,,,0.036580307565056966,19.102233649616018,1.0,1.100018562496163,-0.0039969962573333535,0.027596983781932538,rls,1000,,,0.09101141696112443,0.06115158427808373,13.540127825880326,,,5.695336157415176,0.0127198,,,,,abrupt,17
0.23392185225808698,0.1866343750130064,synthetic_abrupt,,,,0.0792224448078018,37.836291923467556,1.0,0.3662230112424254,-0.05448782145317307,0.06978147050110506,hedge,1000,,,0.1907041454306252,0.09938171378374254,24.859111127357185,,,12.334463114894785,0.0024914,,,,,abrupt,17
1.7912408876659272,1.5608183614631335,synthetic_abrupt,,,,0.8127759785026257,424.3466971505782,1.0,2.856654452198817,-0.15953267790241085,0.7975767706519068,exp3,1000,,,1.587747637385146,0.9381816606041672,117.26023017888625,,,126.54438211083685,0.0015235,,,,,abrupt,17
0.20414909166820205,0.1473722418406739,synthetic_abrupt,,,,0.05745282912555796,28.146229423154885,1.0,0.6858613828894432,-0.03494237217971533,0.04626625223293279,fixed_share,1000,,,0.1417950871567814,0.07806354716378293,19.215821221019233,,,8.94506352858426,0.0013439,,,,,abrupt,17
0.27670941645158065,0.17499280368632877,synthetic_abrupt,,,,0.06010735946861579,28.06261783035056,1.0,0.686054467593628,-0.0012664987850468882,0.044096921468869454,passive_aggressive,1000,,,0.16850021231889425,0.08967984631237129,18.391369752434855,,,9.358358102909127,0.0002892,,,,,abrupt,17
0.181155754714717,0.1478248379939768,synthetic_abrupt,,,,0.06512691767194408,26.670348384241656,1.0,0.27995566514395087,-0.0474200627331673,0.056240883013837284,dma,1000,,,0.14955159563948517,0.08049208920169318,20.212456417521953,,,10.139873438143052,0.0075446,,,,,abrupt,17
0.3803910873827365,0.32439276377478454,synthetic_abrupt,,,,0.17366835667498284,83.4806377495758,1.0,0.47793407385626596,-0.16977376129462354,0.17315014036676557,ensemble_mean,1000,,,0.33424887866089975,0.19746568733523567,44.359224462556156,,,27.039129438997236,,,,,,abrupt,17
0.27307543274907325,0.23396355839996422,synthetic_abrupt,,,,0.13037884534733382,62.21716258260147,1.0,0.34929901692887705,-0.12901731929158425,0.12676555329248335,oracle_best_member,1000,,,0.24100478001107412,0.14542254927561307,36.15380907004573,,,20.299210189747768,,true,2,0.14542254927561307,,abrupt,17
1.8236182854210248,1.6073617122588546,synthetic_abrupt,,,,0.932619141520673,486.14128782867033,1.0,2.5269326949020154,-0.9205650356878485,0.9247012588498393,validation_best_member,1000,,,1.6458554972701533,1.0246728958435025,128.822106864359,,,145.20324927158435,,,,,8,abrupt,17
1.3404443796843166,1.1594982657684254,synthetic_abrupt,0.005484,0.0,cholesky,0.6407377315060084,294.30429052928497,1.0,1.6506384036949564,-0.6326403634602161,0.634589794573778,adaptive_ridge,1000,110,quadratic,1.1960179347536615,0.7164485456849549,108.58711579924295,0.0008598,1,100.86043396476278,,,,,,abrupt,18
1.098133774097564,0.9570439027180663,synthetic_abrupt,0.0001319,0.0,,0.52560030919327,237.66491159084535,1.0,1.3900182864316366,-0.5175339478338777,0.5121282609171692,static_ridge,1000,,,0.9726433683080348,0.5910613712370105,97.17120732933503,,,82.73630952346936,,,,,,abrupt,18
0.20782423989346108,0.1420774780574866,synthetic_abrupt,,,,0.053567045328744185,35.42618062474051,1.0,0.6353870270348153,0.0014125783839751013,0.0420777529935335,rolling_ridge,1000,,,0.14153948035709443,0.07431914254839676,17.62649081108015,,,8.43214808868579,0.0031957,,,,,abrupt,18
0.18771911915819317,0.13341137010800477,synthetic_abrupt,,,,0.05128070369592774,34.68061416895465,1.0,0.564084758234238,0.002341748841406098,0.04111214565758514,rls,1000,,,0.1296448256584244,0.06962521872656713,17.152962901239285,,,8.072248245210739,0.0080832,,,,,abrupt,18
0.36974686604530804,0.3223012498107831,synthetic_abrupt,,,,0.1681834084304175,73.45651821452813,1.0,0.4666856070446902,0.1646309366223796,0.16306986024849457,hedge,1000,,,0.3338878792124045,0.1921029088245402,42.90806396807441,,,26.47425104823218,0.0008939,,,,,abrupt,18
1.7979852370287268,1.560537083424914,synthetic_abrupt,,,,0.6997019436817904,292.2027337600844,1.0,2.3246079824674886,-0.27894019335468423,0.6190767657730674,exp3,1000,,,1.6090230124644487,0.8651767698426109,107.59653199458364,,,110.14216615565677,0.0067601,,,,,abrupt,18
0.19757586537148306,0.15750247913448145,synthetic_abrupt,,,,0.06827189433732704,36.72325977319749,1.0,0.4664226781879538,0.0481733266619093,0.06010729661693048,fixed_share,1000,,,0.1592078873882311,0.08534156427732728,20.964809738031782,,,10.746882151413716,0.0027606,,,,,abrupt,18
0.23134276816057536,0.17012593961014547,synthetic_abrupt,,,,0.06576375271576591,35.381516921213944,1.0,0.3568761079691892,-0.00028697490279150936,0.051534872375627594,passive_aggressive,1000,,,0.1692237702884887,0.08673069636658133,20.581191687027008,,,10.352068111352198,0.0002563,,,,,abrupt,18
0.21299763560874407,0.1706165414186243,synthetic_abrupt,,,,0.07007737288596248,43.61165576162838,1.0,0.3486643239480179,-0.019618601589443164,0.05751283186166403,dma,1000,,,0.1817054253244939,0.08911090410417681,21.566149504641526,,,11.031087905149219,0.0023825,,,,,abrupt,18
0.3774333260578287,0.329354768650339,synthetic_abrupt,,,,0.17398886925631407,75.81537294964845,1.0,0.47642419836820804,0.17100692410109375,0.16867477881708853,ensemble_mean,1000,,,0.34005397283518246,0.19777083054663397,44.43862582503121,,,27.388105921253445,,,,,,abrupt,18
0.3123759109040749,0.2677999082918338,synthetic_abrupt,,,,0.1429836443608569,60.671894949108086,1.0,0.4528441850960011,-0.13917053602486446,0.14078507137499924,oracle_best_member,1000,,,0.27540290180479904,0.1625950463729794,38.44818379785005,,,22.507481159573473,,true,10,0.1625950463729794,,abrupt,18
1.8678286229618928,1.6545168209627512,synthetic_abrupt,,,,0.9964213859988187,450.87908579070677,1.0,2.3106623798884067,-0.9935419246295513,0.9898016170022076,validation_best_member,1000,,,1.6868478769949449,1.08155024079804,134.45387072604584,,,156.8496569842927,,,,,1,abrupt,18
0.7082893330966523,0.6230139026710511,synthetic_abrupt,0.0734225,0.001,cholesky,0.3491092551140704,179.11309892577648,1.0,0.8738350662415153,0.3444314512743583,0.3485477163926952,adaptive_ridge,1000,110,quadratic,0.6513033591986648,0.3882641655823087,77.20752070673242,0.0016452,1,55.161634994432696,,,,,,abrupt,19
0.692796393314211,0.602574727084328,synthetic_abrupt,0.0001889,0.001,,0.3294977136181783,157.3691140735073,1.0,0.859507676019099,0.3226315535977876,0.3256633484934376,static_ridge,1000,,,0.6126203641756298,0.3710377026419894,74.54956683794967,,,52.06287815018606,,,,,,abrupt,19
0.23250512856121974,0.1706083308794187,synthetic_abrupt,,,,0.0647259283343953,32.04447599664752,1.0,0.5454248198660256,0.02142826165268583,0.05047187171402415,rolling_ridge,1000,,,0.16929895956884253,0.08732539556764216,21.07451962538827,,,10.2271365801835,0.0039534,,,,,abrupt,19
0.21524558529703391,0.15941976093920066,synthetic_abrupt,,,,0.062279970624229256,32.082768115590554,1.0,0.5152978953703942,0.0169583363435881,0.04789032918638281,rls,1000,,,0.15993385251584094,0.08284326080178234,20.512878276099116,,,9.840658638268403,0.0078391,,,,,abrupt,19
0.3384636253703558,0.2785259603365845,synthetic_abrupt,,,,0.12375202606283336,59.31592039241467,1.0,0.5316377424347127,0.10015357606357755,0.10957148148075503,hedge,1000,,,0.28453463342251956,0.15215331047241043,35.46443326546887,,,19.553661186292647,0.0009263,,,,,abrupt,19
1.3204295701442186,0.9322340808002219,synthetic_abrupt,,,,0.30765807576089493,204.9454641877996,1.0,2.412207367266511,0.22098776116042623,0.21829326496486684,exp3,1000,,,1.0171522102500359,0.44112216658041725,60.487705832963385,,,48.61206693780378,0.0013311,,,,,abrupt,19
0.2659910500073472,0.20596769719970298,synthetic_abrupt,,,,0.0835447396469273,44.77953699351461,1.0,0.49623559117030097,0.06805837337459994,0.06866978478138308,fixed_share,1000,,,0.21380564350181516,0.10745278445258895,24.427325349412417,,,13.200636667747212,0.0012834,,,,,abrupt,19
0.23281676103282764,0.17714985776704237,synthetic_abrupt,,,,0.07175707735351287,36.58756456634118,1.0,0.5044036806378323,0.011423269018423369,0.05806332013662875,passive_aggressive,1000,,,0.1786969077501328,0.09271452479089132,22.390904055444448,,,11.338105911710667,0.0003532,,,,,abrupt,19
0.31424358787119805,0.24832097227279146,synthetic_abrupt,,,,0.10240444670680167,65.23658027624366,1.0,0.5226119192664191,0.00778951195178481,0.08615932377249357,dma,1000,,,0.24574424160715033,0.13048863997920815,27.8182628973411,,,16.180598561334907,0.0015728,,,,,abrupt,19
0.32792926339337614,0.2683177361708624,synthetic_abrupt,,,,0.11772583949207356,58.089721575803445,1.0,0.5151412091958963,0.09077444731974041,0.10401789549663523,ensemble_mean,1000,,,0.2749690601100795,0.14557599344286565,34.065853210315844,,,18.601482751733556,,,,,,abrupt,19
0.3842552485955132,0.3137945801927285,synthetic_abrupt,,,,0.13678008111557566,76.26742576701466,1.0,0.5366209196803717,-0.06403179991438855,0.11936474541388334,oracle_best_member,1000,,,0.3294090586822155,0.16899630223764536,36.368297287728744,,,21.612182428509293,,true,4,0.16899630223764536,,abrupt,19
1.9040442072438284,1.6244601626833879,synthetic_abrupt,,,,0.8554553755035256,500.36589784111294,1.0,2.6347977246181196,0.8366839674007955,0.8263640967569676,validation_best_member,1000,,,1.6638701634349051,0.9747988733577369,122.15866339226358,,,135.1677633471281,,,,,10,abrupt,19
0.9478193367041673,0.8127667171092842,synthetic_abrupt,0.0062567000000000005,0.001,cholesky,0.4045740657107018,359.7386346404859,1.0,1.4128026810547674,0.37744439966680227,0.38801027879374317,adaptive_ridge,1000,110,quadratic,0.8409347993273529,0.4726429551744857,79.64414022452337,0.0009763,1,63.22171943905087,,,,,,abrupt,20
0.9056424626020595,0.8085363396279416,synthetic_abrupt,0.0001369,0.0001,,0.5134106656414268,311.91957882654094,1.0,1.186730867186555,0.5124464965548281,0.5158045573133148,static_ridge,1000,,,0.8217395669948729,0.5485189071091979,98.23993741505687,,,80.2293271151217,,,,,,abrupt,20
0.23927119098926986,0.15651034240637834,synthetic_abrupt,,,,0.056379153873737084,31.592969408356797,1.0,0.6458218732573797,0.022393293055421544,0.042473306932868105,rolling_ridge,1000,,,0.14401913920903484,0.08213200051900499,16.765287811423494,,,8.810221293238465,0.0041323,,,,,abrupt,20
0.21885377153566465,0.14937710360936005,synthetic_abrupt,,,,0.05651928073600477,31.737226354581725,1.0,0.6289636952465596,0.016817384759457692,0.0450391249029089,rls,1000,,,0.13990488120591696,0.07892769077385434,16.699271325429738,,,8.832118547469529,0.005364,,,,,abrupt,20
0.363500958804593,0.30571395070923707,synthetic_abrupt,,,,0.14274442797107856,79.33908544066671,1.0,0.4781366848540016,0.13350493389449458,0.131262256206566,hedge,1000,,,0.3230338938381093,0.17143752888780334,36.77827455864217,,,22.306294301940014,0.00115,,,,,abrupt,20
1.46816866667341,1.1560529321467243,synthetic_abrupt,,,,0.41296485377981024,162.82564446069446,1.0,2.039968734865629,0.21274399145665288,0.28064023983633724,exp3,1000,,,1.2011351259743874,0.5624571071571768,69.31719756393022,,,64.53292570296655,0.0013897,,,,,abrupt,20
0.32229616087799706,0.2071462987845542,synthetic_abrupt,,,,0.0755855379790328,50.14981933517449,1.0,0.7443013090815586,0.056632532865298436,0.058586687365589724,fixed_share,1000,,,0.1923951759210829,0.10874691878775006,21.736421618809693,,,11.811552150199356,0.0017078,,,,,abrupt,20
0.26826267192118325,0.17888522557378134,synthetic_abrupt,,,,0.06584029649043995,37.16913903443191,1.0,0.7196107848188248,0.01166657447815602,0.049331197429394735,passive_aggressive,1000,,,0.1721700370284454,0.09379607882493567,18.95124028603021,,,10.288689031983129,0.0002625,,,,,abrupt,20
0.2733911962114865,0.2084269492334562,synthetic_abrupt,,,,0.08347002548581303,45.70875459867357,1.0,0.5121422430988056,0.009176135697088162,0.06804608936139642,dma,1000,,,0.21342930376717822,0.10769136868186327,24.1659543908723,,,13.043640164043529,0.0068289,,,,,abrupt,20
0.43742427511606125,0.38734731568559444,synthetic_abrupt,,,,0.21612243526898545,123.53074086689477,1.0,0.5767602064807118,0.21343773802290547,0.21421898506048637,ensemble_mean,1000,,,0.3915393530144618,0.24105869378743439,52.15760391635414,,,33.77288146994242,,,,,,abrupt,20
0.38407839576069847,0.313830961155897,synthetic_abrupt,,,,0.13042266136601566,54.878979533758155,1.0,0.5277371617902797,0.05854414485487492,0.10992259912776786,oracle_best_member,1000,,,0.32876854467547045,0.16412426232458438,33.809422721359404,,,20.38080441684245,,true,5,0.16412426232458438,,abrupt,20
1.5743470364255763,1.3170689398048412,synthetic_abrupt,,,,0.6461590773954022,290.74772974556925,1.0,2.1635915741973477,0.60887717281,0.6083791718042472,validation_best_member,1000,,,1.377325643214081,0.7582649932985418,102.84375693167001,,,100.97357039514131,,,,,10,abrupt,20
0.872278122172877,0.7811543220028618,synthetic_abrupt,0.0066495999999999994,0.001,cholesky,0.47546524824786196,347.07039569230113,1.0,1.0652096156599056,-0.47351779235257413,0.478473020773637,adaptive_ridge,1000,110,quadratic,0.7921052037592916,0.5147083994682884,91.92992257045985,0.0009723,1,74.28771276322493,,,,,,abrupt,21
0.7469977461162842,0.6603060974388479,synthetic_abrupt,0.0001394,0.001,,0.37302279606570166,292.2863319133919,1.0,0.9051346363459734,-0.3674033550835539,0.3697551992155391,static_ridge,1000,,,0.6804540981438889,0.4151657735601566,77.29643551279487,,,58.28188375571459,,,,,,abrupt,21
0.19238000985825113,0.13492085523638517,synthetic_abrupt,,,,0.0512622635848844,35.134039854525206,1.0,0.5631407017073286,-0.012847598163336303,0.041340938096069244,rolling_ridge,1000,,,0.12813028179892008,0.07036258304892547,16.952851354548617,,,8.009326290028689,0.0037254,,,,,abrupt,21
0.17533264268606413,0.12497260231360727,synthetic_abrupt,,,,0.04900671958373468,34.532097273423474,1.0,0.5409126797613562,-0.008832847825557637,0.03904368611011916,rls,1000,,,0.1186446257298971,0.06593603881959723,16.2091236108353,,,7.656915245268428,0.0100304,,,,,abrupt,21
0.3954984874792152,0.34988094311548446,synthetic_abrupt,,,,0.20171632248701746,140.50002173476187,1.0,0.5208511872814918,-0.2002460195957867,0.2024385902045523,hedge,1000,,,0.35779617244626066,0.22299774804431127,49.07739736171262,,,31.51659196921546,0.0008691,,,,,abrupt,21
1.7084707046307672,1.4224828399152385,synthetic_abrupt,,,,0.5804019838597633,263.00812829915156,1.0,2.195493226730119,-0.36950797955820436,0.44485780679772924,exp3,1000,,,1.500520440298348,0.7398883003279606,93.38939450192227,,,90.683253977172,0.0015712,,,,,abrupt,21
0.37563719177780847,0.26985153505802995,synthetic_abrupt,,,,0.12873003994693946,97.4456006622491,1.0,0.7377135541744169,-0.12777532494037536,0.11492151856170707,fixed_share,1000,,,0.26175821508068214,0.1523400486734474,35.45530945172244,,,20.113058245197863,0.0013192,,,,,abrupt,21
0.22272862517620937,0.1626161684419605,synthetic_abrupt,,,,0.06445768392252826,42.960309357136175,1.0,0.3811659838002074,-0.009045456119260123,0.05267800663605704,passive_aggressive,1000,,,0.16820234942581685,0.08420124089027081,20.86083132554907,,,10.07100713725202,0.000203,,,,,abrupt,21
0.2706969187598007,0.2241683341558874,synthetic_abrupt,,,,0.1120961599631832,75.60979497872434,1.0,0.39954433920035887,-0.10690217470111862,0.10532976656768911,dma,1000,,,0.22859592818670904,0.13078094158637804,30.863398621427464,,,17.51414506926146,0.0014602,,,,,abrupt,21
0.3874033429216675,0.34186764409177345,synthetic_abrupt,,,,0.19597318316892529,138.84479807600533,1.0,0.5037014947508023,-0.1943241538553895,0.19506224526532062,ensemble_mean,1000,,,0.35255766754665135,0.21715410180519057,47.80237934710771,,,30.619271532876855,,,,,,abrupt,21
0.312874775411264,0.27080176025118763,synthetic_abrupt,,,,0.14463120876735236,69.56101916621613,1.0,0.45846418146750567,-0.1414351768046223,0.1412524580506978,oracle_best_member,1000,,,0.2763977958004664,0.16443156070566328,37.50387294759325,,,22.597491053449254,,true,4,0.16443156070566328,,abrupt,21
1.8853723596968468,1.675645804826723,synthetic_abrupt,,,,0.9569995697227633,816.0048424834638,1.0,2.356812459090455,-0.9453300207841742,0.9438498342093886,validation_best_member,1000,,,1.7154656302192335,1.0588069340375559,128.85329677814298,,,149.52367057756715,,,,,3,abrupt,21
0.6317545229292197,0.5357985252215305,synthetic_abrupt,0.0278124,0.0001,cholesky,0.2689877572618043,121.24595284046134,1.0,0.8306778894295336,0.26368738049028967,0.2560907056734176,adaptive_ridge,1000,110,quadratic,0.548239789318005,0.3117122868748315,59.749140815245816,0.0008866,1,41.993245701672286,,,,,,abrupt,22
0.6179332150189201,0.5349158387234422,synthetic_abrupt,0.000142,1.0e-6,,0.2825630854509078,130.36878115799925,1.0,0.8068415592732212,0.2764214710768634,0.27505160887573055,static_ridge,1000,,,0.5525379623252775,0.32260947750919294,62.37965146510731,,,44.11256926468119,,,,,,abrupt,22
0.07558295949167392,0.054113691795631906,synthetic_abrupt,,,,0.02095214189803906,12.676476154204616,1.0,0.29861487699071826,-0.004062457258486554,0.0167651667859699,rolling_ridge,1000,,,0.053381026196793045,0.02881934378445761,8.2488222497238,,,3.2709609227467733,0.003641,,,,,abrupt,22
0.07206099791053709,0.05338932141954604,synthetic_abrupt,,,,0.02139966693290321,12.290469324593653,1.0,0.3134709086969441,-0.004411611629759782,0.017558456502394543,rls,1000,,,0.052716951730940736,0.028795916708124078,8.750677065465338,,,3.3408266628756396,0.0032567,,,,,abrupt,22
0.2638984788772475,0.20366860980101278,synthetic_abrupt,,,,0.08211982829276854,34.502901948316136,1.0,0.3968612332286199,0.03587672883718291,0.06908128064641197,hedge,1000,,,0.20874945684916452,0.10529174885289326,24.40201841773737,,,12.820204761664982,0.0009528,,,,,abrupt,22
1.6055163438858207,1.3602079429608616,synthetic_abrupt,,,,0.4956198159404484,236.61055465786035,1.0,2.0143657453316344,0.25715474635946445,0.22396449882538202,exp3,1000,,,1.4191928140870098,0.6672788040726612,78.80662519771785,,,77.37409656584471,0.0015598,,,,,abrupt,22
0.351707630666979,0.19396822269880615,synthetic_abrupt,,,,0.06275733043218387,59.08950697753347,1.0,0.9088499674883497,0.00021258786293780303,0.04503808899256001,fixed_share,1000,,,0.147373450592954,0.10987878843332836,18.428400594425113,,,9.79741242964723,0.0017964,,,,,abrupt,22
0.15994511057734198,0.10355710934624783,synthetic_abrupt,,,,0.03503577901714043,23.407409043061072,1.0,0.33595296699245025,0.0006714117317377804,0.02425365855926924,passive_aggressive,1000,,,0.10064283655191658,0.05186070685367154,11.732759398393158,,,5.469639553834032,0.0002925,,,,,abrupt,22
0.23515405522654706,0.1861054473666246,synthetic_abrupt,,,,0.07257154166689166,35.5003666618016,1.0,0.3203397174156143,0.018757892983640168,0.057986763221269694,dma,1000,,,0.1951129924288496,0.09414872772694784,21.92376045414347,,,11.329566115534398,0.0071171,,,,,abrupt,22
0.2718001108571249,0.20935030871299426,synthetic_abrupt,,,,0.08435150288570092,35.21789978452943,1.0,0.3960802777304061,0.03987373832205326,0.0713764535127061,ensemble_mean,1000,,,0.21440537277152638,0.10819542895796,24.918033633434064,,,13.168604482385271,,,,,,abrupt,22
0.31456301726602814,0.2501208377233769,synthetic_abrupt,,,,0.10734715011202854,51.01315959888905,1.0,0.5406803013864702,0.05463744352935814,0.09325049041217287,oracle_best_member,1000,,,0.25867458943390814,0.1339327406561812,29.7205921701556,,,16.758588925819556,,true,1,0.1339327406561812,,abrupt,22
1.7703179412802355,1.5408732840751898,synthetic_abrupt,,,,0.8438536857958271,391.28846261454396,1.0,2.245203546506875,0.8313513580169625,0.8487059627642795,validation_best_member,1000,,,1.5799770893272547,0.9520094520787232,122.54151075966932,,,131.73891453132612,,,,,10,abrupt,22
0.6130498973057144,0.5416655966861543,synthetic_abrupt,0.0249488,0.001,cholesky,0.32100156142731157,157.51832469742925,1.0,0.849936885899079,0.3196825213108294,0.31812689755782964,adaptive_ridge,1000,110,quadratic,0.5649653259903804,0.3496904827516036,69.65366773968037,0.0182657,1,50.23633120814053,,,,,,abrupt,23
0.6245113870241614,0.5510271326676858,synthetic_abrupt,0.0001485,0.0,,0.3395281035229938,163.0609787286101,1.0,0.7547785071795667,0.33893982544691115,0.3406355960152227,static_ridge,1000,,,0.5630203166982651,0.3660969210655137,73.05127977726498,,,53.13571120094159,,,,,,abrupt,23
0.15040800704685353,0.11227488001232125,synthetic_abrupt,,,,0.0453516975263395,32.159929048346385,1.0,0.36564431639779665,0.0117396117615938,0.036481096055949375,rolling_ridge,1000,,,0.11201796812436772,0.059352196522213345,15.426110114705606,,,7.097482291532415,0.0042895,,,,,abrupt,23
0.14479089741001616,0.10967930715693532,synthetic_abrupt,,,,0.04498288704853629,30.713899151955417,1.0,0.3722249565765103,0.00893091185663403,0.03677170526423801,rls,1000,,,0.11221318353340715,0.05819832139794357,15.33111223364237,,,7.039763926445428,0.0087976,,,,,abrupt,23
0.25160203588579955,0.19869879089039982,synthetic_abrupt,,,,0.08210910752280481,41.757831901749476,1.0,0.39551412053668833,-0.021984732228605877,0.06746365176566654,hedge,1000,,,0.20785155682211576,0.10381160762315446,23.782923868960395,,,12.849969646189681,0.001165,,,,,abrupt,23
1.2796174528407405,1.0265959219613705,synthetic_abrupt,,,,0.4287551604403736,217.28061827021583,1.0,2.463296773649231,0.07821688278000233,0.3596631352725345,exp3,1000,,,1.0833058073549622,0.5353698681376188,78.58823824224503,,,67.09963076599989,0.0014331,,,,,abrupt,23
0.2473509288309716,0.1953184248126941,synthetic_abrupt,,,,0.08073744059315363,40.8734521648629,1.0,0.38631875315904063,-0.020413220641577728,0.06579776065919474,fixed_share,1000,,,0.20529139006065333,0.10211599312304373,23.447714336088392,,,12.635305537146666,0.0018832,,,,,abrupt,23
0.17156339466470158,0.12863119758647146,synthetic_abrupt,,,,0.05162295251616643,30.851487524174598,1.0,0.3307138908551812,0.005161802519295316,0.04155975502762804,passive_aggressive,1000,,,0.12509004048672148,0.0672440402938079,17.338572198994385,,,8.078925625822826,0.0002623,,,,,abrupt,23
0.3348796995162499,0.2748957371200112,synthetic_abrupt,,,,0.1259666693586986,51.08881458917966,1.0,0.4973994280744649,0.10432256740772401,0.11382431598087697,dma,1000,,,0.28592907713923105,0.1524000428838099,34.40546484505328,,,19.713621625242038,0.0023754,,,,,abrupt,23
0.2526675173813688,0.19960139605601893,synthetic_abrupt,,,,0.08248712302016263,41.96984203664955,1.0,0.3983859009629762,-0.022606724900196322,0.06757261202499283,ensemble_mean,1000,,,0.2086531767066661,0.10426768521367558,23.86091341814209,,,12.909128584989352,,,,,,abrupt,23
0.4005281100510725,0.3282548998156232,synthetic_abrupt,,,,0.1494885711173999,71.6799809456626,1.0,0.5652492695757362,0.12151449701331556,0.1364788873162806,oracle_best_member,1000,,,0.3412393262478997,0.181435107572378,39.09069467644183,,,23.39476897586961,,true,6,0.181435107572378,,abrupt,23
1.3562408291581365,1.1553762365211593,synthetic_abrupt,,,,0.5296037988652431,237.1323735501916,1.0,1.731381597075652,0.45851617634355635,0.4791642558031164,validation_best_member,1000,,,1.2080602133520872,0.6416203805495795,92.89859906227407,,,82.88231287905549,,,,,7,abrupt,23
3.8832357553547956,3.127766719026369,synthetic_abrupt,0.0059193,1.0e-6,cholesky,1.373030596452969,725.4060157295692,1.0,4.9823325847146425,-1.3276241193806766,1.2219197285714698,adaptive_ridge,1000,110,quadratic,3.237691997519582,1.6913865480568084,131.79754442928177,0.0008322,1,214.38510516440988,,,,,,abrupt,24
0.6823413532592089,0.5612891014261243,synthetic_abrupt,0.0001257,0.0,,0.23536518001123466,121.74469955934354,1.0,1.0986546188285446,0.09126176931278024,0.19127580755534107,static_ridge,1000,,,0.5859505695499502,0.2961419329478782,54.57891221699326,,,36.74993769192178,,,,,,abrupt,24
0.17895140811708043,0.13258504333155935,synthetic_abrupt,,,,0.052620647730581144,48.38837077445479,1.0,0.5997428376785942,-0.007431269573588123,0.043289481481428,rolling_ridge,1000,,,0.13508574292911002,0.06963974265979372,16.644636672642562,,,8.216192069341421,0.0028422,,,,,abrupt,24
0.21916400210832115,0.15788683784552718,synthetic_abrupt,,,,0.06185552021245202,54.91302974994154,1.0,0.6533359820645483,0.0030737403510852444,0.04990265206982697,rls,1000,,,0.15423745045559442,0.08309082457407972,19.10792013417423,,,9.658125783943548,0.0262774,,,,,abrupt,24
0.20506136419415832,0.16000735082675674,synthetic_abrupt,,,,0.06652171444141025,45.174096147968676,1.0,0.32055229058404633,-0.016465368505972324,0.05611147525915447,hedge,1000,,,0.16462893521698774,0.08402549058611207,19.65218453103356,,,10.386705717323816,0.001061,,,,,abrupt,24
1.5638166304351577,1.273505632438212,synthetic_abrupt,,,,0.4208009751818596,316.7163845444951,1.0,2.5137791288896145,0.05455810573817298,0.22455307108174466,exp3,1000,,,1.3233386917419685,0.6076892302662131,70.11945463145283,,,65.70389731350706,0.0015646,,,,,abrupt,24
0.2957025113769171,0.24733815930396105,synthetic_abrupt,,,,0.1197835806367901,73.64053046027664,1.0,0.4762026295288609,-0.10850757740595045,0.11297303969829275,fixed_share,1000,,,0.2533463031508961,0.1415548352104877,31.249074866300877,,,18.703017688118532,0.0012955,,,,,abrupt,24
0.2744116559827874,0.18759190664706632,synthetic_abrupt,,,,0.06750899209727616,50.321430317366065,1.0,0.6361344252158913,-0.0009420658649992264,0.051161770631861614,passive_aggressive,1000,,,0.1931039885732156,0.09440733333068023,18.36436578270603,,,10.540859328048931,0.0002284,,,,,abrupt,24
0.3484055606020655,0.28858544191096747,synthetic_abrupt,,,,0.13331764086750575,73.58202413045413,1.0,0.5218047113343641,-0.11458224765058331,0.12249069581264231,dma,1000,,,0.29772422139490823,0.16045455928049152,34.541882336398544,,,20.81622691547228,0.0015387,,,,,abrupt,24
0.23205576616327847,0.18517637473881268,synthetic_abrupt,,,,0.07794218141607508,49.81372173367433,1.0,0.35930499972203944,0.014462834056240177,0.06304162871056385,ensemble_mean,1000,,,0.1899125292060036,0.09827805149295564,23.27917219916585,,,12.169898327681683,,,,,,abrupt,24
0.40264892024002635,0.33224531094292253,synthetic_abrupt,,,,0.1438564402314778,76.47822299047658,1.0,0.5493412424072373,-0.09937498487173761,0.12309881980092707,oracle_best_member,1000,,,0.3538867096046996,0.17860995064359908,36.63609561529856,,,22.461755875852706,,true,10,0.17860995064359908,,abrupt,24
1.5557864987990544,1.3321569475873623,synthetic_abrupt,,,,0.6894941836424958,475.378917817015,1.0,1.8617416323900264,0.6595011868576165,0.6712894284041605,validation_best_member,1000,,,1.366122694936383,0.7947875655642472,108.99729386414946,,,107.65767598501485,,,,,8,abrupt,24
3.588527308410954,3.033859968290555,synthetic_abrupt,0.0063333999999999994,0.0,cholesky,1.6828548920018986,1214.1889063148394,1.0,4.8850623772062445,1.668059224445392,1.6100829917395427,adaptive_ridge,1000,110,quadratic,3.1198921349538566,1.8603813536898683,151.74173683220562,0.0009171,1,264.59518950306347,,,,,,abrupt,25
2.7585372564343578,2.3816034960152677,synthetic_abrupt,0.0002219,0.0,,1.2890070911447156,775.9590557237167,1.0,3.7329442663030443,1.267246860209607,1.2576096267062056,static_ridge,1000,,,2.4587081887249247,1.4539497901709786,139.75347012518662,,,202.67051970624917,,,,,,abrupt,25
0.25487316690885675,0.16170973938974287,synthetic_abrupt,,,,0.05777612789604946,55.01478933819928,1.0,1.3723614805566462,0.018696178599319525,0.04330179347329463,rolling_ridge,1000,,,0.14006980338135452,0.09482473738288985,17.408929721670987,,,9.08413766514528,0.0090956,,,,,abrupt,25
0.22489448191721415,0.14908077523378033,synthetic_abrupt,,,,0.055150915817521816,41.019368575101026,1.0,1.3714241070530389,0.014740262617224052,0.04247275588940119,rls,1000,,,0.1339021766979157,0.08682312990816256,17.068360406358828,,,8.671375702895851,0.0094242,,,,,abrupt,25
0.3927412519371673,0.34922585751537855,synthetic_abrupt,,,,0.20769730252691382,129.00848990107974,1.0,0.4876872478413733,0.20705043104791307,0.2054512381050288,hedge,1000,,,0.35836017409401527,0.22642649507906046,51.79784553707004,,,32.65623636510299,0.000932,,,,,abrupt,25
1.6989430767216527,1.4220685253251946,synthetic_abrupt,,,,0.6343435171104536,376.024084265041,1.0,2.4069650839086094,0.5182921643824674,0.5665532955538726,exp3,1000,,,1.4383436452435863,0.7850845273078082,96.65918359205037,,,99.73779909224098,0.0016876,,,,,abrupt,25
0.24254688313384204,0.1635262771724706,synthetic_abrupt,,,,0.0636219269538556,76.67953083356835,1.0,0.8472266476570393,0.05005081374876718,0.051498268208838294,fixed_share,1000,,,0.1518405163768592,0.08979864635655158,19.21482134166264,,,10.003272355158293,0.0015096,,,,,abrupt,25
0.3527380418132093,0.23073602817640387,synthetic_abrupt,,,,0.08126482071887815,89.14809439866283,1.0,1.3134276558635398,0.0015686724637599707,0.060244670828964855,passive_aggressive,1000,,,0.21371669937777052,0.12569236219927965,22.776498051151087,,,12.777263648956243,0.0002789,,,,,abrupt,25
0.229639615286342,0.18570458028549985,synthetic_abrupt,,,,0.07634933769667088,31.062963324805825,1.0,0.4084997971785735,-0.012164434394846109,0.06588859177485112,dma,1000,,,0.1918556703445996,0.09695605845434214,20.757534584906505,,,12.004402502138744,0.002442,,,,,abrupt,25
0.39038870979289975,0.34774858612538206,synthetic_abrupt,,,,0.20849894667729602,128.6930144822208,1.0,0.4938689919987995,0.20791477480402737,0.20570519873947513,ensemble_mean,1000,,,0.35618951844969865,0.22680975572823361,52.04526693130382,,,32.78227883429775,,,,,,abrupt,25
0.27815952375864467,0.24043995687692635,synthetic_abrupt,,,,0.11095406577148759,69.67877204880159,1.0,0.38716099595520337,-0.09781195992178089,0.098763404799807,oracle_best_member,1000,,,0.24698079397178957,0.13448881824842426,28.748641141161944,,,17.445302146056335,,true,1,0.13448881824842426,,abrupt,25
1.6087702572025144,1.3790549243865187,synthetic_abrupt,,,,0.6933794167903142,466.31239205004624,1.0,2.0207112648801164,0.6661129802550233,0.6495917082358538,validation_best_member,1000,,,1.4190271516756265,0.8058799122033922,108.88829541436016,,,109.02001061120001,,,,,9,abrupt,25
0.33339679282289225,0.2731342880762625,synthetic_abrupt,0.006772800000000001,0.01,cholesky,0.12006394620083681,77.33097806017106,1.0,0.467351567554366,-0.05209480137912462,0.10086576904444278,adaptive_ridge,1000,110,quadratic,0.28314233133654304,0.14802269418276606,32.44995940509455,0.000944,1,18.716994549674535,,,,,,abrupt,26
0.39207163749700785,0.33094397542857906,synthetic_abrupt,0.0001555,0.001,,0.1516384195439025,96.28079102021225,1.0,0.5948939726061091,-0.12998443582813443,0.13738150598272725,static_ridge,1000,,,0.34472994625057857,0.1844607745043634,39.05278488301786,,,23.639198626512425,,,,,,abrupt,26
0.1570504538840335,0.12041925652075468,synthetic_abrupt,,,,0.047896880811388515,39.929251833564464,1.0,0.36726517595123176,0.0021022489858991203,0.039164675049697374,rolling_ridge,1000,,,0.1204556530841967,0.06250014988809234,15.257597910934278,,,7.46673489803154,0.0031238,,,,,abrupt,26
0.1541916441275438,0.11985258668377596,synthetic_abrupt,,,,0.04888294462251981,41.82816132278784,1.0,0.38053851547395035,-0.0009631491515778262,0.0397642961546783,rls,1000,,,0.11900418053094185,0.06270734929489374,15.41175099017157,,,7.620454241452947,0.0083086,,,,,abrupt,26
0.30255006188441225,0.25550205515898383,synthetic_abrupt,,,,0.11692999115935458,68.96274452935558,1.0,0.3889692774674276,-0.10277363755792455,0.1059747895305492,hedge,1000,,,0.2644624596198185,0.14209152937679564,32.04804184039457,,,18.228436399734772,0.0063266,,,,,abrupt,26
1.4626364179222293,1.2095541416452977,synthetic_abrupt,,,,0.4258273782725118,508.45811410833886,1.0,2.173644657649504,-0.18724653980332542,0.28503325360029175,exp3,1000,,,1.2574150408699794,0.5858764769613959,75.46262485754283,,,66.3830314630559,0.0013946,,,,,abrupt,26
0.179626954657328,0.14485183805958096,synthetic_abrupt,,,,0.06068517783219643,41.54044073563203,1.0,0.3156698079329597,-0.03171807653941239,0.050257742382630644,fixed_share,1000,,,0.14620996452693508,0.07656410682852756,19.241662005941944,,,9.460326589892928,0.0012088,,,,,abrupt,26
0.23258304269135047,0.18146011193609698,synthetic_abrupt,,,,0.07148755794221205,69.33606330152881,1.0,0.37946239051792413,-0.008941380644941219,0.05791995095676544,passive_aggressive,1000,,,0.18714532416518131,0.09282096157234987,21.65791829142125,,,11.144329956769319,0.000273,,,,,abrupt,26
0.22690428924505718,0.192956227118381,synthetic_abrupt,,,,0.08901601958378184,78.67355030005095,1.0,0.2827025689576367,0.07547811147651638,0.08108144738072781,dma,1000,,,0.20189489908262884,0.10706964007961732,25.571426241328574,,,13.876874832985907,0.0015325,,,,,abrupt,26
0.30455107034968537,0.2585541841195706,synthetic_abrupt,,,,0.1187257515365449,68.10689781694954,1.0,0.4205584639069144,-0.10540399393764208,0.10805676060595892,ensemble_mean,1000,,,0.26358338156935907,0.14404166026381524,32.283539625808075,,,18.508380864796493,,,,,,abrupt,26
0.2613330014796216,0.22419605456233532,synthetic_abrupt,,,,0.1104057883894026,93.960292794597,1.0,0.3535507505800004,0.10406909126204582,0.10409088496194441,oracle_best_member,1000,,,0.22985329609809999,0.12930325110185129,30.31504345142423,,,17.211366150503604,,true,5,0.12930325110185129,,abrupt,26
1.768845032862315,1.534026316748954,synthetic_abrupt,,,,0.8601142429272105,510.41656477435254,1.0,2.3736812006377233,-0.848283863147347,0.8577885199167676,validation_best_member,1000,,,1.549328442261695,0.9601150482708711,124.45655026610184,,,134.0848281801172,,,,,6,abrupt,26
1.260230628399284,1.0132427367213193,synthetic_abrupt,0.0065354,0.0,cholesky,0.4200493182387469,163.00726222322794,1.0,2.187099237424803,0.2732364371405397,0.34295782309691686,adaptive_ridge,1000,110,quadratic,1.069184291691136,0.5319162323933753,78.6172887328203,0.0008842,1,65.76761139224506,,,,,,abrupt,27
0.7248613632685453,0.6253748499997758,synthetic_abrupt,0.0001421,0.0,,0.3089361001760483,120.580231722602,1.0,0.9335908117811647,-0.2917746671788626,0.2914906136091573,static_ridge,1000,,,0.6436476987583918,0.3617889037355792,66.94938650985769,,,48.37048531969222,,,,,,abrupt,27
0.20306171788241678,0.14413963002588262,synthetic_abrupt,,,,0.056522306995144996,21.811282694950336,1.0,0.6472340463437779,-0.010778580412550112,0.044966011287082774,rolling_ridge,1000,,,0.14841714797803382,0.07614483337709672,18.552707000601323,,,8.849763492145502,0.0037329,,,,,abrupt,27
0.19196066486087004,0.13916589390606518,synthetic_abrupt,,,,0.05525000555912894,20.911971463667577,1.0,0.6620226349279489,-0.006996464739327097,0.04520322570748442,rls,1000,,,0.14003025601869928,0.0740970160002836,18.11934934302774,,,8.650557773234802,0.0036408,,,,,abrupt,27
0.2548822168155745,0.21576881190346683,synthetic_abrupt,,,,0.10244183365307592,39.91338089561681,1.0,0.3312501636669788,-0.09215885995305598,0.09575164472876727,hedge,1000,,,0.22203405631482062,0.12230350434161344,29.476186642282897,,,16.039437307633346,0.0011351,,,,,abrupt,27
1.7600393899230982,1.509185818645284,synthetic_abrupt,,,,0.7136452246818635,239.8650730699541,1.0,2.4151144332421812,0.42188392488549714,0.6735976487513657,exp3,1000,,,1.5438839023963558,0.8575269333490009,105.06152416976242,,,111.73626469768847,0.0015824,,,,,abrupt,27
0.20904683021111012,0.16830134148980028,synthetic_abrupt,,,,0.07465274375077177,31.748634173440237,1.0,0.5954334757487687,-0.054485380068062875,0.06634960970597525,fixed_share,1000,,,0.16944913755267577,0.09283624333603568,22.610028816804594,,,11.68846710893844,0.0018232,,,,,abrupt,27
0.1909310299697154,0.1451699259797569,synthetic_abrupt,,,,0.059504812747222594,22.252139219265455,1.0,0.5258528383053974,-0.0006590042311270788,0.05056975476754072,passive_aggressive,1000,,,0.14419894254462706,0.07679470462282713,18.465572015700698,,,9.316737894342452,0.0002471,,,,,abrupt,27
0.2965663555220864,0.24417394046623675,synthetic_abrupt,,,,0.10409880168448314,39.37042564153743,1.0,0.4781632922547301,-0.0625902236953265,0.0901599830791166,dma,1000,,,0.25093391900058293,0.12988150486679323,27.737145159417995,,,16.298870723775742,0.0159119,,,,,abrupt,27
0.3063294980345494,0.26650059921837105,synthetic_abrupt,,,,0.13186076637391522,52.05208106173262,1.0,0.39056475166463356,-0.12370874446366423,0.12159547158152317,ensemble_mean,1000,,,0.27115168784566346,0.15463753906972566,35.576378988210685,,,20.645593896272434,,,,,,abrupt,27
0.352927476759363,0.2917000375669425,synthetic_abrupt,,,,0.13702233608339115,48.49237257394211,1.0,0.4931166791373023,-0.12094731783162081,0.12595682249798623,oracle_best_member,1000,,,0.2964666383831866,0.16460793700769688,37.067969932752916,,,21.453746882331686,,true,4,0.16460793700769688,,abrupt,27
1.8222761291061818,1.5832072999037246,synthetic_abrupt,,,,0.8812402915078497,324.472296864016,1.0,2.4151144332421812,0.8724231608864453,0.8822604616790253,validation_best_member,1000,,,1.6196492971652496,0.9855499778731783,124.70972666464125,,,137.97681966986426,,,,,7,abrupt,27
1.4511702510121702,1.2725579254054162,synthetic_abrupt,0.0064608,0.001,cholesky,0.749521604522868,1333.3846109785893,1.0,1.782826215812645,-0.7485802975713253,0.7463679066873949,adaptive_ridge,1000,110,quadratic,1.2842503707040602,0.8169884809441897,119.34135935220236,0.0009614,1,116.77982286747253,,,,,,abrupt,28
0.9873250464442784,0.8681969671465672,synthetic_abrupt,0.0188058,0.001,,0.4925733168681511,609.8039534032717,1.0,1.2469813176104292,-0.48605668279109004,0.49838288667192654,static_ridge,1000,,,0.8960315832572537,0.5468234507646857,93.64499589468406,,,76.7457860400488,,,,,,abrupt,28
0.19290097486390262,0.14475804577331516,synthetic_abrupt,,,,0.05648683972898453,129.087810517614,1.0,0.7496328086656292,-0.00529738826707432,0.04527676194458474,rolling_ridge,1000,,,0.14736882932083992,0.07630253074386928,18.62926469685433,,,8.800977981272936,0.0097475,,,,,abrupt,28
0.2110844279249715,0.15731175946418496,synthetic_abrupt,,,,0.060145505397648125,164.14776193850403,1.0,0.7978536839613019,-0.0036834250102645134,0.04801254601956795,rls,1000,,,0.1552164335436222,0.08203129302766766,19.50023273099232,,,9.371019359853108,0.0168373,,,,,abrupt,28
0.33554767032486266,0.2754515662648415,synthetic_abrupt,,,,0.12253860274452456,154.2382666052051,1.0,0.45806461428097084,-0.09733342430324753,0.10961278805434287,hedge,1000,,,0.28778985145888947,0.14988715953103235,33.17857777744064,,,19.092226610389268,0.0009183,,,,,abrupt,28
1.7697358134011745,1.5229116474218236,synthetic_abrupt,,,,0.6876112363925686,1661.2843331699878,1.0,2.3775643995232825,-0.48749752175822897,0.6231234850219209,exp3,1000,,,1.5724838122602323,0.8454221213168908,105.03295939180117,,,107.13382763492844,0.0015675,,,,,abrupt,28
0.286121648970658,0.18669451737772041,synthetic_abrupt,,,,0.06619207112947809,84.38883017016248,1.0,0.8272452368801239,-0.03149528525396036,0.04840420974377929,fixed_share,1000,,,0.16544800784800684,0.09819308276466263,21.014331865328174,,,10.313109448862795,0.001462,,,,,abrupt,28
0.2851061404056715,0.20085890609084986,synthetic_abrupt,,,,0.07316147240449461,190.0595788274022,1.0,0.7250535349250393,-0.008531111303285828,0.05502144577652787,passive_aggressive,1000,,,0.20019718569466277,0.10173055052593168,21.057604029983406,,,11.398982679837733,0.0002919,,,,,abrupt,28
0.4425320195124493,0.3455597119249532,synthetic_abrupt,,,,0.15802722117527238,376.6281355120655,1.0,0.9474362461514105,0.12290310528584522,0.14158586023560396,dma,1000,,,0.34801899033744843,0.19209709238427117,41.14511435317763,,,24.621559653153625,0.0015809,,,,,abrupt,28
0.3284990095168353,0.27153766718276073,synthetic_abrupt,,,,0.12178815370553,157.15764864296557,1.0,0.4399690475066426,-0.09808882679869552,0.10895686203883403,ensemble_mean,1000,,,0.2826479555811935,0.1481900305608505,32.921637520002996,,,18.975302287840037,,,,,,abrupt,28
0.36766759440696317,0.31312502890175503,synthetic_abrupt,,,,0.15606448148984992,410.03085658483525,1.0,0.49117934344321956,0.14933082581037563,0.14785716500122956,oracle_best_member,1000,,,0.32124363533031364,0.18232635449555282,40.76693543641441,,,24.315753400984946,,true,10,0.18232635449555282,,abrupt,28
1.803075053652962,1.5851496446144977,synthetic_abrupt,,,,0.8701141634719851,1184.9977144756663,1.0,2.243988438590045,-0.8530269126755092,0.8786244679444384,validation_best_member,1000,,,1.6415108721867755,0.9768986504300632,122.525778713913,,,135.56884454240875,,,,,5,abrupt,28
1.3410389727114238,1.1075021467972839,synthetic_abrupt,0.0142516,0.001,cholesky,0.5429277855856883,366.3422574708861,1.0,2.2992716089825245,0.5361430167965142,0.5087472878008878,adaptive_ridge,1000,110,quadratic,1.1277738148381498,0.6351558095481766,97.91199938214046,0.0012724,1,85.32615479329534,,,,,,abrupt,29
0.4389349110261267,0.3561472108905019,synthetic_abrupt,0.0001268,1.0e-6,,0.15367479940437265,118.64296123114005,1.0,0.6584182567793045,0.020357895220875288,0.12961469500312656,static_ridge,1000,,,0.37001344241142775,0.1913935065424083,40.50587244324337,,,24.151425051235687,,,,,,abrupt,29
0.15264245474637697,0.10895072152379294,synthetic_abrupt,,,,0.043462624062942844,31.44461113533111,1.0,0.37061199572889697,-0.0024482394455450952,0.03646904087582409,rolling_ridge,1000,,,0.10855681276809998,0.057555129775742384,15.003539857653124,,,6.830555898915519,0.0040315,,,,,abrupt,29
0.1475866364644793,0.1067159032538585,synthetic_abrupt,,,,0.04292818229269972,30.389072394675875,1.0,0.3645535076519898,-0.000623386579483337,0.03596078141340714,rls,1000,,,0.1059418026700452,0.056672354442093224,14.782536650583852,,,6.746563400416711,0.0110798,,,,,abrupt,29
0.29659850968698964,0.2451185923976765,synthetic_abrupt,,,,0.1073733105350501,81.83788416504417,1.0,0.43662067945733457,-0.0922994035674282,0.09281073616995383,hedge,1000,,,0.2547063922221195,0.1325426676917219,32.59226426933595,,,16.874715125325423,0.0021049,,,,,abrupt,29
1.5545539554107313,1.33641200344544,synthetic_abrupt,,,,0.5754538726173192,486.16173240126585,1.0,2.260467488683288,-0.5115174331288291,0.4609026858808715,exp3,1000,,,1.3685264901252283,0.7205020773500792,97.05572802018618,,,90.43793210616066,0.0021394,,,,,abrupt,29
0.26709025358720573,0.18370342192995873,synthetic_abrupt,,,,0.06889366730271382,57.80272924007609,1.0,0.6014563321863302,-0.057092804220635854,0.05558857878626894,fixed_share,1000,,,0.17931227711227926,0.09494700942887843,24.282968955964055,,,10.827281042924957,0.0011699,,,,,abrupt,29
0.20818257296169068,0.14446076037876193,synthetic_abrupt,,,,0.05290281754504484,31.689417282761795,1.0,0.4128797677758083,-0.0016855186745509505,0.039780370588141656,passive_aggressive,1000,,,0.13987473571093104,0.07250155749285266,17.26610319338406,,,8.314170169022468,0.0002511,,,,,abrupt,29
0.24325873697401534,0.19620885218994508,synthetic_abrupt,,,,0.08337185436285657,46.57845197682487,1.0,0.34147962097565077,0.029548914943410203,0.07131304707323699,dma,1000,,,0.20618552853056876,0.10383395483845737,25.773035951946447,,,13.102662894836188,0.0022427,,,,,abrupt,29
0.27836412086324336,0.22853987120298655,synthetic_abrupt,,,,0.09663231290579068,71.6959717603321,1.0,0.42530605068771665,-0.07458300299686318,0.07988525462259988,ensemble_mean,1000,,,0.23832834315443277,0.12137816410575819,30.011068973544738,,,15.186667376286502,,,,,,abrupt,29
0.3322873376255619,0.2806772047071822,synthetic_abrupt,,,,0.13427759021073346,80.07918724226609,1.0,0.42485545803761104,0.11963211525765502,0.12483733529318164,oracle_best_member,1000,,,0.29263301619057625,0.1590477573060083,36.4118597078245,,,21.10297308735444,,true,4,0.1590477573060083,,abrupt,29
1.6665582638545493,1.4356294780200272,synthetic_abrupt,,,,0.7529210162489793,579.3552258126354,1.0,2.3433095394567913,-0.7340741447205238,0.7202847672879416,validation_best_member,1000,,,1.4798395839452276,0.8643465968201763,115.17177266211436,,,118.32854549943875,,,,,6,abrupt,29
0.9403223025158153,0.8301449989119234,synthetic_abrupt,0.0067174999999999995,0.0,cholesky,0.47560540370545346,339.2507538656849,1.0,1.2472628260667298,0.4725544264769177,0.47023448391886663,adaptive_ridge,1000,110,quadratic,0.8505666155127627,0.5242425640930702,91.82846673452671,0.0009057,1,74.86959232841805,,,,,,abrupt,30
0.9407120334370365,0.8289647117421776,synthetic_abrupt,0.0001796,0.0,,0.4788347505686596,332.25166164858206,1.0,1.2616564385114404,0.4758844788125871,0.4774835018628323,static_ridge,1000,,,0.8533253549558442,0.5273020791055829,93.09152754866228,,,75.37795468353762,,,,,,abrupt,30
0.2124453629975943,0.1505239431224745,synthetic_abrupt,,,,0.05816574696476508,36.5324087308048,1.0,0.6667171426523488,0.00856177750087473,0.04806638644812933,rolling_ridge,1000,,,0.13975454024451706,0.0805127417473338,18.9013543218744,,,9.156426165054413,0.0035568,,,,,abrupt,30
0.19347574130925652,0.14183234975371245,synthetic_abrupt,,,,0.05695616311267511,36.66557493282149,1.0,0.625612302100619,0.00739027283900905,0.04667560882669157,rls,1000,,,0.13530091521336518,0.07657860768421178,19.20377637621833,,,8.966014009962292,0.0352863,,,,,abrupt,30
0.27598365778676176,0.23287055580784846,synthetic_abrupt,,,,0.10974272051793997,86.87246561027978,1.0,0.4042151298453179,0.09779815474111402,0.1009693984501942,hedge,1000,,,0.24123319403765797,0.13173064592497755,31.080372572963014,,,17.275650533353,0.0011408,,,,,abrupt,30
1.6082624129884846,1.2978199260417869,synthetic_abrupt,,,,0.4586007315223327,258.5506031895862,1.0,2.066022886282925,0.3595643931287659,0.297788820877634,exp3,1000,,,1.3766686982740861,0.6301792990146492,75.64151725786373,,,72.19272435318138,0.0018983,,,,,abrupt,30
0.29404660181748726,0.22457157036930453,synthetic_abrupt,,,,0.09770168587881653,74.78809413949895,1.0,0.5543118310718727,0.08701424516167423,0.08450408331054943,fixed_share,1000,,,0.22307832073767542,0.12203081747481516,27.08698314579399,,,15.380156185265559,0.0021805,,,,,abrupt,30
0.26478470148066885,0.18429030142593755,synthetic_abrupt,,,,0.07026040817192439,49.64910889945365,1.0,0.6406328056015744,0.0033228628386838817,0.055312744751427,passive_aggressive,1000,,,0.17334416974287117,0.09550942925119538,21.488049934050057,,,11.060362383767243,0.0005594,,,,,abrupt,30
0.2909506967998728,0.23608381468580295,synthetic_abrupt,,,,0.10010895345548569,71.27247379569074,1.0,0.3976057427415741,0.04376777736517186,0.08504505353623193,dma,1000,,,0.24532824252416885,0.12492948046421187,29.487573466253018,,,15.759107182639546,0.0016571,,,,,abrupt,30
0.44422300034148415,0.3928698056505564,synthetic_abrupt,,,,0.22771615005327162,164.50152266819876,1.0,0.5075347731593557,0.22624949164379887,0.22617984521960693,ensemble_mean,1000,,,0.4034967347390977,0.25020649556444907,55.14025175308769,,,35.846975640428006,,,,,,abrupt,30
0.33260864754970676,0.2767543216636342,synthetic_abrupt,,,,0.12253501220440535,87.23399089430431,1.0,0.5553295461821525,0.08219640407358038,0.10807218049996492,oracle_best_member,1000,,,0.2872583416414142,0.1504009575969986,34.41219551231398,,,19.289407433611053,,true,4,0.1504009575969986,,abrupt,30
1.7442046202319241,1.498749365888047,synthetic_abrupt,,,,0.768601627602418,549.5754153539862,1.0,2.208918801247117,0.7470259046624047,0.756818792841164,validation_best_member,1000,,,1.5349977277966418,0.885875480805275,115.49136947516521,,,120.9929283250736,,,,,5,abrupt,30
0.05799505074006528,0.0459096574555328,synthetic_periodic,0.0355652,0.0001,cholesky,0.018340396041378854,17.153187147127618,1.0,0.10268746143796792,-0.0013040868613495564,0.014682293095141352,adaptive_ridge,1000,210,quadratic,0.047115725364360976,0.02367095838937568,6.523221407145366,0.0040006,2,2.8484593402491636,,,,,,periodic,1
0.09372442202009859,0.0761085571072676,synthetic_periodic,0.0001269,0.0,,0.03228265554820791,42.12052163734935,1.0,0.13219159451507534,-0.0040373984319167925,0.02708688500646983,static_ridge,1000,,,0.07920899907329937,0.04057889226228258,11.703588955957674,,,5.013841114274322,,,,,,periodic,1
0.07719645579674644,0.06015489173176552,synthetic_periodic,,,,0.02374161244646325,18.92502905513323,1.0,0.1300706594631883,-0.006754848356669399,0.019048440870732986,rolling_ridge,1000,,,0.06275301074271519,0.03061155588097979,6.94254108674187,,,3.687325921050272,0.0099934,,,,,periodic,1
0.07792235738396808,0.06000060738003446,synthetic_periodic,,,,0.023820620473642924,14.537302319765487,1.0,0.13643402460555631,-0.0046428608048884506,0.019172602277251538,rls,1000,,,0.06362827693339605,0.030706066679640178,7.491751327545266,,,3.699596711302939,0.0036374,,,,,periodic,1
0.2399702200492557,0.19570763173931857,synthetic_periodic,,,,0.0849092937382412,60.97502466904374,1.0,0.33092458026678573,0.038903325870775364,0.07277204425985717,hedge,1000,,,0.2066037885642226,0.104837059448703,25.18493938814892,,,13.187319961737836,0.0011113,,,,,periodic,1
0.8110645030147403,0.561546895301538,synthetic_periodic,,,,0.1928346838564323,201.72137584873227,1.0,1.4129780789497421,-0.08500942646477766,0.13857709316727893,exp3,1000,,,0.5485276341700261,0.2732573750105926,44.44670144231339,,,29.949285452483252,0.0075691,,,,,periodic,1
0.24109606890781732,0.18538617059008103,synthetic_periodic,,,,0.07574424558496612,31.3438512349473,1.0,0.3587407370993835,-0.011363494338308935,0.06429857677808026,fixed_share,1000,,,0.19209718587759658,0.09663152519074449,20.737176338368293,,,11.763890121011942,0.0013122,,,,,periodic,1
0.08682753569426577,0.06842435577823745,synthetic_periodic,,,,0.028991267497372786,26.574716156099328,1.0,0.1359625029950171,0.0002565180725404447,0.024971485824196202,passive_aggressive,1000,,,0.0700995338251603,0.03627345769332373,9.74815328727198,,,4.502653405206675,0.0002662,,,,,periodic,1
0.3338106003404136,0.2641798893386676,synthetic_periodic,,,,0.10958472614014632,123.94678584030872,1.0,0.627525112579523,-0.05436942300282889,0.09127228327578596,dma,1000,,,0.27423390028660105,0.13812019860213168,28.264011396751403,,,17.019678093008007,0.0099838,,,,,periodic,1
0.24004205909291138,0.19763867332471974,synthetic_periodic,,,,0.0883969175293872,70.92439221822879,1.0,0.31676556051565197,0.05907042537069817,0.07725196902710074,ensemble_mean,1000,,,0.2049946109760367,0.10767174954618891,27.18572191791421,,,13.728985176641133,,,,,,periodic,1
0.36672864740660827,0.30115236940028084,synthetic_periodic,,,,0.13295022732380074,185.43422182561042,1.0,0.5446194544202979,-0.09311194993408425,0.1113938476748828,oracle_best_member,1000,,,0.30695020248984173,0.163627279175993,34.825861177634486,,,20.648589918904413,,true,7,0.163627279175993,,periodic,1
0.36672864740660827,0.30115236940028084,synthetic_periodic,,,,0.13295022732380074,185.43422182561042,1.0,0.5446194544202979,-0.09311194993408425,0.1113938476748828,validation_best_member,1000,,,0.30695020248984173,0.163627279175993,34.825861177634486,,,20.648589918904413,,,,,7,periodic,1
0.05308747018476672,0.04082686427008964,synthetic_periodic,0.0388385,0.0,cholesky,0.01617983430321642,49.93792009209336,1.0,0.08356340921539951,-0.0004602895399397403,0.013277007937909174,adaptive_ridge,1000,210,quadratic,0.042017963483183374,0.020985907550128434,8.255172870949702,0.004209,2,2.549574123617065,,,,,,periodic,2
0.06589927956345684,0.052993508605762345,synthetic_periodic,0.0001261,0.0,,0.0226801561986258,35.391931613249575,1.0,0.08807236198528662,-0.0001616253271661972,0.019371058553010384,static_ridge,1000,,,0.05509484115443588,0.028257526867089395,9.306765281988852,,,3.573877104051333,,,,,,periodic,2
0.07535318978051421,0.05782922602917375,synthetic_periodic,,,,0.02283396044596515,79.18806144536086,1.0,0.11542471751343822,0.0033498207382073315,0.01842773961370109,rolling_ridge,1000,,,0.060028133979249776,0.029623643993453803,9.408188352481512,,,3.598113157509609,0.0028414,,,,,periodic,2
0.07038178089375091,0.05503706590105526,synthetic_periodic,,,,0.022588078156138038,64.47603920236973,1.0,0.09835770996356835,0.003778178632378592,0.019086113540840388,rls,1000,,,0.057676247335871456,0.028771097862944052,9.23386549996563,,,3.5593676974603494,0.0095114,,,,,periodic,2
0.2222240792158496,0.18276445542871914,synthetic_periodic,,,,0.07755793096611016,124.06387450559329,1.0,0.34194702461862814,-0.025880540061687277,0.06554621277168271,hedge,1000,,,0.19031365882141177,0.09728270073446403,22.933785826784195,,,12.221367052761725,0.0011795,,,,,periodic,2
0.9338489699591949,0.6589107053544009,synthetic_periodic,,,,0.2764986566084789,223.1784450399138,1.0,2.228016885247045,-0.16552856467248908,0.2319689966049796,exp3,1000,,,0.6299111112990178,0.3558520325172404,61.317908843825556,,,43.56990355356848,0.0015772,,,,,periodic,2
0.2176980072355687,0.17522532943245567,synthetic_periodic,,,,0.07479853650656651,83.81685806713986,1.0,0.32392281833800207,-0.04060512038065824,0.06416313579625946,fixed_share,1000,,,0.18553190055963092,0.09372124833138541,21.46723396137225,,,11.786549206110092,0.0013222,,,,,periodic,2
0.07975268168863772,0.06337469085078963,synthetic_periodic,,,,0.026921607055844947,42.38977663805849,1.0,0.14366593762189095,0.0007998745657037778,0.0231782094270352,passive_aggressive,1000,,,0.06671184151696939,0.03371385161001331,9.948447027880272,,,4.24223335229855,0.0002824,,,,,periodic,2
0.41600592694731486,0.3375695826360134,synthetic_periodic,,,,0.1396443895874942,274.91952422896964,1.0,0.6221832929836848,-0.11243337531706578,0.11564852739637088,dma,1000,,,0.34405832331431674,0.1774159333028915,36.41155898745464,,,22.00478172571884,0.0075863,,,,,periodic,2
0.28257008308792,0.23986211784212377,synthetic_periodic,,,,0.10387541465434115,103.24177159093209,1.0,0.3811481169601941,-0.06576081649531723,0.08970597749266324,ensemble_mean,1000,,,0.24805360461997708,0.12867366683938425,26.58408258620651,,,16.368404293859385,,,,,,periodic,2
0.5547732009556722,0.46877683829280803,synthetic_periodic,,,,0.22766455458704687,215.15194291572573,1.0,0.728516734717888,-0.21233181059788253,0.21162254907880854,oracle_best_member,1000,,,0.4840842952414116,0.2677494091145822,55.20277006197472,,,35.87475905884593,,true,6,0.2677494091145822,,periodic,2
0.5547732009556722,0.46877683829280803,synthetic_periodic,,,,0.22766455458704687,215.15194291572573,1.0,0.728516734717888,-0.21233181059788253,0.21162254907880854,validation_best_member,1000,,,0.4840842952414116,0.2677494091145822,55.20277006197472,,,35.87475905884593,,,,,6,periodic,2
0.11158170128120574,0.08534067729605935,synthetic_periodic,0.008679300000000001,0.0,cholesky,0.03288245946104258,23.914610606263288,1.0,0.23137917774318473,-0.0059993249165243255,0.02555071487080575,adaptive_ridge,1000,110,quadratic,0.08889531104511668,0.043314916241584095,11.631644438680183,0.0013403,1,5.136406855747301,,,,,,periodic,3
0.1464968720397257,0.11735706299520492,synthetic_periodic,0.0002001,0.0,,0.04935186231110802,26.792037140341556,1.0,0.2561882082178505,-0.01635951454471242,0.042164773992662496,static_ridge,1000,,,0.12224449806301821,0.06197611061514662,15.592307276691646,,,7.709011067709069,,,,,,periodic,3
0.12050076826262708,0.09405505791668266,synthetic_periodic,,,,0.037198407375105796,34.99123544250916,1.0,0.18914461310282787,-0.00593637315653951,0.029419388189263457,rolling_ridge,1000,,,0.09737771443995129,0.04822442808577187,13.305582791816098,,,5.810579798349316,0.0089971,,,,,periodic,3
0.11763528468523571,0.09149687112731737,synthetic_periodic,,,,0.03603333045378559,32.24257395071872,1.0,0.18181314494268885,-0.008688092192067811,0.02862345497123006,rls,1000,,,0.09320677654418068,0.046850646751524706,12.965810289621603,,,5.628588877225184,0.009601,,,,,periodic,3
0.31450637281994426,0.2636602871441718,synthetic_periodic,,,,0.12161545544962912,71.67215202600055,1.0,0.43123901457784264,-0.01397044616095863,0.11356044686811995,hedge,1000,,,0.2745987038286938,0.14689390088117962,31.592867745337195,,,18.996950634923692,0.0010671,,,,,periodic,3
0.7672329890778898,0.5762997742756025,synthetic_periodic,,,,0.26399781059927685,216.14907888563866,1.0,1.628059555108844,-0.13585025661606379,0.246363071815682,exp3,1000,,,0.5437376792135993,0.3296170851179081,60.15861695858267,,,41.23779627466496,0.0013885,,,,,periodic,3
0.24794458361004829,0.20354735935727913,synthetic_periodic,,,,0.08687042847001371,62.05390817749653,1.0,0.33052341859963613,-0.006116667877459467,0.07580651719883566,fixed_share,1000,,,0.21021214467088042,0.10813788912451013,26.625955008612145,,,13.56960129103848,0.0063956,,,,,periodic,3
0.13068835500498682,0.10390315268226388,synthetic_periodic,,,,0.04308359215730124,30.956944401645416,1.0,0.20969611391521115,-0.003972529787916531,0.03446826515633583,passive_aggressive,1000,,,0.1080690815546163,0.054787461823508084,13.974974366829581,,,6.72987549453718,0.0002572,,,,,periodic,3
0.3383512332241446,0.268751674862112,synthetic_periodic,,,,0.10700707264769843,79.90895071615121,1.0,0.5322953351405918,0.027857071338029584,0.08034085459539222,dma,1000,,,0.2762566837414876,0.13697484009806637,33.29635201520057,,,16.715047188372964,0.0014698,,,,,periodic,3
0.37344758706820924,0.3196433242331995,synthetic_periodic,,,,0.15775636415892202,85.0727024145786,1.0,0.47940718084847683,-0.005119328234325378,0.15302843466947308,ensemble_mean,1000,,,0.3239792632077904,0.18559484888047467,39.56137437916128,,,24.642343780995365,,,,,,periodic,3
0.4730444086815936,0.4653722430744921,synthetic_periodic,,,,0.23137912571870797,240.69877744748456,1.0,0.4801092516245722,-0.20570321199228514,0.21481587284897002,oracle_best_member,1000,,,0.47016096256509593,0.28553828567342276,61.48718966261767,,,36.142592345515105,,true,10,0.28553828567342276,,periodic,3
0.4730444086815936,0.4653722430744921,synthetic_periodic,,,,0.23137912571870797,240.69877744748456,1.0,0.4801092516245722,-0.20570321199228514,0.21481587284897002,validation_best_member,1000,,,0.47016096256509593,0.28553828567342276,61.48718966261767,,,36.142592345515105,,,,,10,periodic,3
0.10073177146495219,0.08060333760934237,synthetic_periodic,0.0061276,1.0e-6,cholesky,0.034406843591191,13.920520316548316,1.0,0.15962192047961377,-0.0003574940642023111,0.030705369907535446,adaptive_ridge,1000,110,quadratic,0.08472462175498492,0.04291160699647839,10.844136362591506,0.0009249,1,5.348161374041085,,,,,,periodic,4
0.10720024327863992,0.08696223401281528,synthetic_periodic,0.0001255,0.0,,0.03756300318763335,14.474165150248416,1.0,0.15808704163052223,0.0002137350297369444,0.032684273245861095,static_ridge,1000,,,0.09301466615171998,0.04677721313332747,11.240736435122486,,,5.838751299829096,,,,,,periodic,4
0.11224655440949484,0.09114083571929232,synthetic_periodic,,,,0.039127580364402295,15.033659873724286,1.0,0.1702105129764423,0.005383723527867482,0.03288672248762156,rolling_ridge,1000,,,0.09530729884637391,0.04867810396162192,12.005196285799796,,,6.0819474303118195,0.0048034,,,,,periodic,4
0.10808362459628285,0.08811611983693286,synthetic_periodic,,,,0.03788664929840086,14.884344201503813,1.0,0.16559418900773648,0.0017423075394340868,0.032783230006179415,rls,1000,,,0.09409084581890509,0.04718570621449182,11.628426775555056,,,5.889058490137846,0.0074689,,,,,periodic,4
0.2695857066857538,0.22290547062575788,synthetic_periodic,,,,0.09659787707771506,29.615630009191342,1.0,0.42140550496811,-0.04429715844362195,0.08308976654402564,hedge,1000,,,0.23181355731961045,0.11951502718186681,22.824119834936045,,,15.015066221699923,0.0022237,,,,,periodic,4
0.7688512969970133,0.5288861654356535,synthetic_periodic,,,,0.19673923831732643,86.8604863852639,1.0,1.358973773995517,-0.09497640944536889,0.15554862590035815,exp3,1000,,,0.5407419165464376,0.26826729591036663,41.860498671893346,,,30.5809276674358,0.0016368,,,,,periodic,4
0.2322456067900092,0.19223683244071507,synthetic_periodic,,,,0.08429958460624735,34.392204846971396,1.0,0.3702973992709132,-0.05986899696703004,0.07428022688610952,fixed_share,1000,,,0.19838557207982632,0.10397420447452127,22.079154758812503,,,13.103433363305339,0.0022485,,,,,periodic,4
0.10828782877323274,0.08919734505382969,synthetic_periodic,,,,0.038818146409772346,14.632171559917836,1.0,0.16580298144261518,-0.000321352270332569,0.03370152201803982,passive_aggressive,1000,,,0.09190413029131611,0.0479911676681084,12.194531128285238,,,6.033849361694087,0.000257,,,,,periodic,4
0.29920288263756084,0.2429046570377384,synthetic_periodic,,,,0.10465055139993501,45.812522254708995,1.0,0.445500755144993,-0.034986586009597274,0.09230035245849452,dma,1000,,,0.2561985789898913,0.12998233909816825,27.44656240287999,,,16.266764932559163,0.0008858,,,,,periodic,4
0.2930871218128049,0.25041323264240406,synthetic_periodic,,,,0.12412466412018691,51.24683858461356,1.0,0.4418773348677169,-0.0061541354165644,0.11952762820304144,ensemble_mean,1000,,,0.25562782111780025,0.14570811246270104,31.2447754806205,,,19.29379928309861,,,,,,periodic,4
0.4086737470563472,0.34079162386864276,synthetic_periodic,,,,0.15466583044454896,52.47444557733153,1.0,0.5716844179596615,-0.1368022561890452,0.1401664327536752,oracle_best_member,1000,,,0.34657027241519617,0.1887719585245143,33.963494554983434,,,24.04108409640059,,true,1,0.1887719585245143,,periodic,4
0.4086737470563472,0.34079162386864276,synthetic_periodic,,,,0.15466583044454896,52.47444557733153,1.0,0.5716844179596615,-0.1368022561890452,0.1401664327536752,validation_best_member,1000,,,0.34657027241519617,0.1887719585245143,33.963494554983434,,,24.04108409640059,,,,,1,periodic,4
0.05934005737215739,0.04542317212316868,synthetic_periodic,0.0066056,1.0e-6,cholesky,0.017285808625237733,5.897762815617837,1.0,0.09123009023482886,-0.0015233238284321667,0.012865818899457003,adaptive_ridge,1000,110,quadratic,0.04769431817390188,0.022805438593013923,5.93283733232539,0.0009527,1,2.7118713456910646,,,,,,periodic,5
0.07663882549315085,0.062451220315472455,synthetic_periodic,0.0001838,0.0001,,0.026094012378266185,11.77477411490961,1.0,0.10685261287963699,-0.0019909112366942663,0.021160850289856314,static_ridge,1000,,,0.06576030341472681,0.032674025236525364,10.08931659384499,,,4.09373989941155,,,,,,periodic,5
0.0722964590502434,0.05860287283735396,synthetic_periodic,,,,0.025394957858590316,12.366197732705023,1.0,0.11705186265124257,-0.00844759041057114,0.02179418326803642,rolling_ridge,1000,,,0.06105902994831903,0.03144887345834523,9.550330987382415,,,3.984069246329288,0.0108504,,,,,periodic,5
0.07033544374303827,0.055866487808220636,synthetic_periodic,,,,0.024027932514429255,11.434130410625949,1.0,0.11705038281953206,-0.00523285359809509,0.020035362442664656,rls,1000,,,0.05820189521787068,0.02994955870345309,9.218427772930367,,,3.7696044827745623,0.0203802,,,,,periodic,5
0.18030853124915658,0.1466191927774975,synthetic_periodic,,,,0.06255440009625969,37.20357142375632,1.0,0.2513769564222055,-0.018327260115569812,0.053075148397432326,hedge,1000,,,0.15096371213916668,0.07810906708860597,20.962505999055903,,,9.813800953474804,0.0010404,,,,,periodic,5
0.7071369803656347,0.453127141286641,synthetic_periodic,,,,0.17865047544970053,102.566177350542,1.0,1.7633533245585695,-0.06135286125387443,0.1510491581747484,exp3,1000,,,0.45655068149676187,0.24324434514370474,44.27477415848711,,,28.027448166860918,0.0018967,,,,,periodic,5
0.12681686834638672,0.10346003117007711,synthetic_periodic,,,,0.044173115430615126,19.557503454430194,1.0,0.20545986356789014,-0.027558578970104244,0.0373395663780863,fixed_share,1000,,,0.10531387582304974,0.05549577605550878,14.546490182727943,,,6.930066656603488,0.0015893,,,,,periodic,5
0.07070508511504926,0.055224299888445204,synthetic_periodic,,,,0.022827092052969233,10.457838918104471,1.0,0.13416963852599118,0.0006269289956164052,0.019570520853442686,passive_aggressive,1000,,,0.05642635245565111,0.029024402499411264,8.449759772656734,,,3.5812115120560706,0.0003016,,,,,periodic,5
0.21843574051864464,0.18367471641568434,synthetic_periodic,,,,0.09056187066175078,48.65726858034474,1.0,0.3030402286717766,-0.06769007057549686,0.0875309787592436,dma,1000,,,0.1907333604585847,0.10593045324428732,24.242039955800074,,,14.207732330277642,0.0016774,,,,,periodic,5
0.2833461311446934,0.23799146059360116,synthetic_periodic,,,,0.11313080761576143,84.55621001461007,1.0,0.3601831004991702,-0.041338694164588415,0.10634991250321807,ensemble_mean,1000,,,0.25086406060633654,0.13455030752995298,35.009454318776264,,,17.748443369906422,,,,,,periodic,5
0.25175336135492665,0.22114945354849685,synthetic_periodic,,,,0.12385343673156882,75.75816425534238,1.0,0.30366398314995036,-0.12278549293885525,0.12183534679660057,oracle_best_member,1000,,,0.22775592567396924,0.1381653709712658,35.26541010579785,,,19.430655135642137,,true,1,0.1381653709712658,,periodic,5
0.25175336135492665,0.22114945354849685,synthetic_periodic,,,,0.12385343673156882,75.75816425534238,1.0,0.30366398314995036,-0.12278549293885525,0.12183534679660057,validation_best_member,1000,,,0.22775592567396924,0.1381653709712658,35.26541010579785,,,19.430655135642137,,,,,1,periodic,5
0.13917969551350498,0.10302605880524791,synthetic_periodic,0.0055108,0.0,cholesky,0.03332645854257398,21.070722964269002,1.0,0.21716367357227606,-0.0076928299763554765,0.020872824178763183,adaptive_ridge,1000,110,quadratic,0.11048788996785322,0.04845984180946389,14.139875913325636,0.0009032,1,5.223694798892452,,,,,,periodic,6
0.20730357389739665,0.16441896273040973,synthetic_periodic,0.0001239,0.001,,0.06796284489982639,32.90823606045283,1.0,0.32002030015394706,-0.028981734750671197,0.05674236325079049,static_ridge,1000,,,0.1691808941000612,0.08631525387436392,21.057502954516483,,,10.652711837581817,,,,,,periodic,6
0.15731977592861676,0.11458992983100949,synthetic_periodic,,,,0.03543631000553847,18.907367297358483,1.0,0.24761633669559396,-0.014188175631992,0.019700406478702,rolling_ridge,1000,,,0.11937709280293811,0.05343418860113904,16.095275401120904,,,5.554399608089138,0.0055229,,,,,periodic,6
0.15253072164392079,0.11057831744357406,synthetic_periodic,,,,0.03673501560450216,19.90835756718253,1.0,0.25270253747058125,-0.01703908868823019,0.024104208252645032,rls,1000,,,0.11286683448113906,0.05268492322194327,15.399555088907091,,,5.757962842206338,0.0086222,,,,,periodic,6
0.3519639188085897,0.2907635268995185,synthetic_periodic,,,,0.12704915634804262,49.71990982989018,1.0,0.5585680988305097,0.031409016927339065,0.11000886336910512,hedge,1000,,,0.2981480975544869,0.1569024363055681,32.069309780151706,,,19.91408767214561,0.0012343,,,,,periodic,6
1.0424471104788544,0.7818743056784427,synthetic_periodic,,,,0.34578099190661526,121.77584213209829,1.0,1.4732674801013657,0.021533578157235635,0.30518527222800645,exp3,1000,,,0.7889481078492441,0.427634517505251,70.35479108426948,,,54.198809233540366,0.0066452,,,,,periodic,6
0.3563211431226207,0.29110409913869467,synthetic_periodic,,,,0.1263875345605097,51.644456528894665,1.0,0.501263240484249,0.02941969641698838,0.11104325801100418,fixed_share,1000,,,0.30033816586032464,0.1567177928357691,31.939012469923206,,,19.810382974991704,0.0013075,,,,,periodic,6
0.23764949688513287,0.17386408152926225,synthetic_periodic,,,,0.0635609166769025,21.084728339903496,1.0,0.45705280762685396,-0.0095328550748783,0.04586581470006902,passive_aggressive,1000,,,0.17240153280172132,0.08676994360539157,17.08072898301977,,,9.962739648253311,0.0002749,,,,,periodic,6
0.5259850236801847,0.4192957032215754,synthetic_periodic,,,,0.18995696314848293,74.44409376497741,1.0,0.7098686004088967,0.03813916660047086,0.1703966605620639,dma,1000,,,0.4364272029991299,0.2323129659081738,44.88841390595245,,,29.77445680717974,0.0016116,,,,,periodic,6
0.46116025729644555,0.38574874930701064,synthetic_periodic,,,,0.18504016533756276,75.64581446584131,1.0,0.5880171637740357,0.024615869534536795,0.17420432626012836,ensemble_mean,1000,,,0.3991262614278172,0.22024884494659958,45.64133256104678,,,29.003782325842373,,,,,,periodic,6
0.8683915943214561,0.7035644550160629,synthetic_periodic,,,,0.2917570408271088,113.46976198892962,1.0,1.4732674801013657,-0.005976488190376051,0.2502788053342488,oracle_best_member,1000,,,0.7267626617583113,0.36925719429321724,60.724046443271234,,,45.73092381723888,,true,9,0.36925719429321724,,periodic,6
0.8683915943214561,0.7035644550160629,synthetic_periodic,,,,0.2917570408271088,113.46976198892962,1.0,1.4732674801013657,-0.005976488190376051,0.2502788053342488,validation_best_member,1000,,,0.7267626617583113,0.36925719429321724,60.724046443271234,,,45.73092381723888,,,,,9,periodic,6
0.18071479556526313,0.1463137188860349,synthetic_periodic,0.0054456,0.001,cholesky,0.06171860542949106,31.023006664879688,1.0,0.3031946151357424,0.0011244292071844453,0.0521621256916997,adaptive_ridge,1000,110,quadratic,0.14798866562238588,0.07760659509255256,18.596680283522968,0.0009385,1,9.618223113717857,,,,,,periodic,7
0.181686952619097,0.14712378208818291,synthetic_periodic,0.0002193,0.001,,0.060577701530559684,32.30293804170212,1.0,0.2957013871317694,0.0006238180750436033,0.04954585948180956,static_ridge,1000,,,0.15055753334349578,0.07729734135463653,18.314172627852162,,,9.44042473063921,,,,,,periodic,7
0.1852769192057798,0.14613184568955626,synthetic_periodic,,,,0.06143039314663017,30.3171037715056,1.0,0.31152446121744837,-0.001264199407966344,0.051816721810502044,rolling_ridge,1000,,,0.15446673058982008,0.07713048234786779,18.57790483264836,,,9.57330813190031,0.0034729,,,,,periodic,7
0.18291077008284642,0.14812114037783636,synthetic_periodic,,,,0.06126479262911062,31.871232107009483,1.0,0.29434526095490254,0.0004937309327916617,0.049015681155703816,rls,1000,,,0.14982876240084272,0.07786935836628314,18.41037121356252,,,9.547500958938993,0.0078896,,,,,periodic,7
0.29736827738547755,0.25069635786594235,synthetic_periodic,,,,0.11371242107724192,57.559111123280516,1.0,0.4026111091788736,-0.03146277958663551,0.09941380684506024,hedge,1000,,,0.2557501869635433,0.13796842982870972,34.747028481502696,,,17.720935674274592,0.0010949,,,,,periodic,7
0.9757151317743095,0.6775913252773813,synthetic_periodic,,,,0.26384126724073115,137.94606861910574,1.0,1.5773519514916625,-0.16956630656120175,0.21498975394559602,exp3,1000,,,0.7031987014351241,0.34786320700888385,56.65987985761257,,,41.11700446353291,0.0013375,,,,,periodic,7
0.28429867603509207,0.23455044320121576,synthetic_periodic,,,,0.10624683487136864,55.70218796308958,1.0,0.35600893352744256,-0.0495912997223865,0.0981474615923971,fixed_share,1000,,,0.23668152116230443,0.12921862072292536,33.043894427630875,,,16.557499246910464,0.0011399,,,,,periodic,7
0.1890188867779552,0.1503038327498637,synthetic_periodic,,,,0.06157291301662903,32.308192173497595,1.0,0.30202685368226423,-0.000502997411818918,0.05006420991937882,passive_aggressive,1000,,,0.1560442235476943,0.07842321462561083,18.42544488474638,,,9.595518418381152,0.0002709,,,,,periodic,7
0.4387530396732955,0.3527871975111956,synthetic_periodic,,,,0.15117106362924243,72.74062482861629,1.0,0.6434774175989081,-0.07900838488610709,0.12674523727735665,dma,1000,,,0.36459571600064994,0.1881035856692108,39.81812094187,,,23.558487885556268,0.0015573,,,,,periodic,7
0.3091285991716839,0.25681021470379045,synthetic_periodic,,,,0.11904959311177311,49.55748586347302,1.0,0.40942632171113347,0.00998085090266372,0.10856445839753603,ensemble_mean,1000,,,0.26933823401153334,0.1437201288463183,32.43578657540683,,,18.55268018741111,,,,,,periodic,7
0.5125915414264012,0.44638933935856395,synthetic_periodic,,,,0.21100741943307913,114.71654926185664,1.0,0.6864325117996238,-0.18100604233438305,0.19381374082136416,oracle_best_member,1000,,,0.45678263854976503,0.25243153185809736,49.46211922833083,,,32.88338135047093,,true,9,0.25243153185809736,,periodic,7
0.5125915414264012,0.44638933935856395,synthetic_periodic,,,,0.21100741943307913,114.71654926185664,1.0,0.6864325117996238,-0.18100604233438305,0.19381374082136416,validation_best_member,1000,,,0.45678263854976503,0.25243153185809736,49.46211922833083,,,32.88338135047093,,,,,9,periodic,7
0.10088273391338178,0.08165981483104846,synthetic_periodic,0.0156854,0.001,cholesky,0.03374198828225138,20.637814424748175,1.0,0.14642889505268797,0.00048748222544320075,0.02773411423725028,adaptive_ridge,1000,210,quadratic,0.08305416597283742,0.0426268489577674,12.835952616054428,0.0039321,2,5.273700821778567,,,,,,periodic,8
0.10531003090121444,0.08567882287813529,synthetic_periodic,0.0001239,0.001,,0.03636572758426843,21.657053722141768,1.0,0.1433219025824879,0.0021013469682640003,0.030378122286894127,static_ridge,1000,,,0.08936581967869278,0.045453176475820804,12.934562703315427,,,5.6837779042976875,,,,,,periodic,8
0.10807012599876527,0.08967282250273269,synthetic_periodic,,,,0.03736339289447592,21.422476938439868,1.0,0.13546121873447292,0.0048315381288840985,0.030281909806856522,rolling_ridge,1000,,,0.09234993536858373,0.047194930381293236,13.297227614489618,,,5.839707908252693,0.0034653,,,,,periodic,8
0.10618093279405824,0.08724718031681472,synthetic_periodic,,,,0.03677422163020254,21.48976130494361,1.0,0.14256764052492654,0.0033129064380625016,0.030522761527517484,rls,1000,,,0.09097431897272205,0.046123277308151425,13.006162604546253,,,5.747623442021009,0.010891,,,,,periodic,8
0.19979684856551927,0.15880028922709605,synthetic_periodic,,,,0.06503236450091647,42.32837234366628,1.0,0.34572277139297725,0.0031682516974575504,0.0521687112205724,hedge,1000,,,0.16565142066610916,0.08271933461840061,20.517407819241495,,,10.164227171256751,0.001263,,,,,periodic,8
0.6890505877659799,0.523840099725355,synthetic_periodic,,,,0.21351072736805,101.18597745198204,1.0,1.1464362290536554,-0.05192712245755703,0.17602158383540634,exp3,1000,,,0.5259057399182141,0.27363329378889795,51.11750405099103,,,33.37063865236736,0.0013971,,,,,periodic,8
0.1851749533647191,0.1457889360208835,synthetic_periodic,,,,0.06018094035496799,37.29412826726243,1.0,0.3120125423865896,0.0014164382089116186,0.049441698933008565,fixed_share,1000,,,0.1543165783284557,0.07640268689208005,18.92421447342758,,,9.405974299752353,0.0063713,,,,,periodic,8
0.11821413945905448,0.09674200923768794,synthetic_periodic,,,,0.040123754141769226,21.08828834899929,1.0,0.19242889651274753,0.001323517127255304,0.03399901494361218,passive_aggressive,1000,,,0.09776925703174796,0.050811733450090685,13.173253843235173,,,6.271138304602919,0.0002306,,,,,periodic,8
0.3146388700980825,0.25162273345374364,synthetic_periodic,,,,0.10983610134507815,57.867009925417314,1.0,0.5430276391524351,-0.033809587174303476,0.09458228443304556,dma,1000,,,0.2595491664623659,0.1363868403398737,32.48735142968276,,,17.166822923389486,0.0015932,,,,,periodic,8
0.23986358759472842,0.1939066451617359,synthetic_periodic,,,,0.08440991147004522,48.92293166112546,1.0,0.3817951364810044,-0.007762551041282646,0.07559005544290048,ensemble_mean,1000,,,0.20278848514855596,0.10440508000421553,23.81425605577272,,,13.192839015950582,,,,,,periodic,8
0.500645982149488,0.41379230803867156,synthetic_periodic,,,,0.1812556277617098,94.10054677370377,1.0,0.6315762306826989,-0.09124131098584512,0.15336122944689762,oracle_best_member,1000,,,0.425056373702939,0.2241883250798005,46.994719677121175,,,28.329330953556322,,true,3,0.2241883250798005,,periodic,8
0.500645982149488,0.41379230803867156,synthetic_periodic,,,,0.1812556277617098,94.10054677370377,1.0,0.6315762306826989,-0.09124131098584512,0.15336122944689762,validation_best_member,1000,,,0.425056373702939,0.2241883250798005,46.994719677121175,,,28.329330953556322,,,,,3,periodic,8
0.12392627852200232,0.09851576857242687,synthetic_periodic,0.0211854,1.0e-6,cholesky,0.0409084972028034,20.227017727720643,1.0,0.20867834174972266,-0.0013980188887807172,0.033777271492125505,adaptive_ridge,1000,210,quadratic,0.0981245597988341,0.05195771116102225,12.802939629598121,0.0063257,2,6.421095079327229,,,,,,periodic,9
0.17409358174332742,0.14313959529486947,synthetic_periodic,0.0001593,0.0,,0.06011658081046858,32.18767963072271,1.0,0.2524129774279693,-0.0013490558443848542,0.0502210371741168,static_ridge,1000,,,0.1468567533408309,0.07535716240417291,18.134014143276808,,,9.436041595818496,,,,,,periodic,9
0.16833441593243617,0.1309125494497409,synthetic_periodic,,,,0.054917048059567854,56.08669178098652,1.0,0.2769382392333908,-0.002175905236251146,0.045656198729677466,rolling_ridge,1000,,,0.1322906631207767,0.0689344331793315,17.14316307027801,,,8.619910560838274,0.0103392,,,,,periodic,9
0.162948380377582,0.12506894335132013,synthetic_periodic,,,,0.05188394312396559,48.20004169276375,1.0,0.2347138037035752,-0.0026652074628780993,0.0430125370239266,rls,1000,,,0.1278978919585959,0.06566796614355852,15.311237406996645,,,8.14382719164171,0.0116842,,,,,periodic,9
0.3074054090589542,0.26996288750317543,synthetic_periodic,,,,0.12520332890132022,71.05376620461583,1.0,0.4002128395851434,0.09494260838201539,0.11142021321132978,hedge,1000,,,0.2789389448418011,0.1510078224523802,31.578104380924778,,,19.652212476496512,0.0011437,,,,,periodic,9
0.7921352561907203,0.5947661120127498,synthetic_periodic,,,,0.2575259587928788,158.53807450139442,1.0,1.705781709480933,0.05623399775389688,0.21688616498675514,exp3,1000,,,0.5753771040397488,0.3255553118157994,58.8146008335641,,,40.42188737968752,0.0022886,,,,,periodic,9
0.2444501594019304,0.19817816690693343,synthetic_periodic,,,,0.08410919693502707,85.44090363405104,1.0,0.37662507786045607,0.05562166257148776,0.07075713232570013,fixed_share,1000,,,0.20236073403463123,0.10553423835147868,27.80980084740633,,,13.201979722898662,0.001339,,,,,periodic,9
0.16082709855018656,0.12176594548444615,synthetic_periodic,,,,0.04849421011346088,46.40418852336147,1.0,0.3008982423575468,-0.0014623851704973045,0.03901830393525618,passive_aggressive,1000,,,0.12107171393378613,0.06307565205962673,14.665145149638075,,,7.611766631067189,0.0003108,,,,,periodic,9
0.2819669969974303,0.22733664249939578,synthetic_periodic,,,,0.1009586799979485,110.15570491449252,1.0,0.41978906320138487,-0.01842823902557792,0.08698024332670672,dma,1000,,,0.23591497222105062,0.12412223090934851,30.93774531928968,,,15.846714684639519,0.0227596,,,,,periodic,9
0.32430195168465537,0.282844403652725,synthetic_periodic,,,,0.12844004009783427,53.32065532282214,1.0,0.37656824828733665,0.08586261521680956,0.11624867465923364,ensemble_mean,1000,,,0.2938645051703973,0.15678125935917517,29.550238790230427,,,20.16025436896954,,,,,,periodic,9
0.5005558430461466,0.46381738099772396,synthetic_periodic,,,,0.23126432682209053,148.98589717820064,1.0,0.5430276211701122,0.12761800049864308,0.20567216695323337,oracle_best_member,1000,,,0.47552226526374264,0.2727633805959981,56.95797104409335,,,36.29979912533885,,true,10,0.2727633805959981,,periodic,9
0.5005558430461466,0.46381738099772396,synthetic_periodic,,,,0.23126432682209053,148.98589717820064,1.0,0.5430276211701122,0.12761800049864308,0.20567216695323337,validation_best_member,1000,,,0.47552226526374264,0.2727633805959981,56.95797104409335,,,36.29979912533885,,,,,10,periodic,9
0.15544302678287286,0.12330811988287597,synthetic_periodic,0.0078605,0.001,cholesky,0.050736481492274325,32.17796839802302,1.0,0.2164466193883524,-0.00017126018965426236,0.04223467086828001,adaptive_ridge,1000,110,quadratic,0.1262853480830498,0.06426296956337509,15.99121967400919,0.0013817,1,7.862190836656907,,,,,,periodic,10
0.1759019786509344,0.14433718158352987,synthetic_periodic,0.0002656,0.0,,0.061178922123928864,46.971663918640026,1.0,0.2424184693554184,-0.002200541167097514,0.050526211518859165,static_ridge,1000,,,0.14938344814449048,0.0765550066320935,20.093183941987693,,,9.480364951845198,,,,,,periodic,10
0.1672178855561507,0.13254775868396276,synthetic_periodic,,,,0.054388645058663816,39.77267839705592,1.0,0.22658548658219424,0.004135390797465199,0.04436861470994524,rolling_ridge,1000,,,0.13579604500238798,0.06912075740093573,17.528001641136157,,,8.428134829639786,0.008555,,,,,periodic,10
0.16838830076081807,0.13345546679113038,synthetic_periodic,,,,0.05454629301407593,44.92716299518312,1.0,0.24006158375794573,0.004796662028075565,0.045233869083461,rls,1000,,,0.14318254085558352,0.06943366443385146,17.06733480104084,,,8.452564160842966,0.0064271,,,,,periodic,10
0.2632006474001368,0.21897659677352124,synthetic_periodic,,,,0.09729850172348337,78.54604461718709,1.0,0.3628462676461255,-0.04815688753206944,0.08684892397592692,hedge,1000,,,0.22702045427778436,0.1199848018936732,31.298366584014566,,,15.077501753591273,0.0011798,,,,,periodic,10
0.8105202673190779,0.5860623160503092,synthetic_periodic,,,,0.23212993844097293,221.5708804536198,1.0,1.6296137059718538,-0.12679704429129718,0.18801833689055641,exp3,1000,,,0.5815144806000252,0.30367742487495164,56.537054015944584,,,35.97115569005806,0.0016394,,,,,periodic,10
0.26216685381392646,0.21893202232651443,synthetic_periodic,,,,0.0973409561171866,77.55077759301284,1.0,0.36217944580714523,-0.050742493340618484,0.08568605350310557,fixed_share,1000,,,0.22618070093026724,0.1200582115826668,31.2048948593486,,,15.084080541385223,0.0015041,,,,,periodic,10
0.15394174803763103,0.12596156180605106,synthetic_periodic,,,,0.05424741663180142,37.38780040569741,1.0,0.21717863612304644,0.0004458453866402784,0.04629024613260785,passive_aggressive,1000,,,0.13028390446776886,0.06737625184126002,16.679204958108773,,,8.406249889831297,0.0002782,,,,,periodic,10
0.36793722368440074,0.30503396076358147,synthetic_periodic,,,,0.13388478385104124,85.58403468056143,1.0,0.578756965352545,-0.058514669014786254,0.11548808154440487,dma,1000,,,0.32091565177784054,0.16523098732204033,37.8884469801243,,,20.746959383096588,0.0015825,,,,,periodic,10
0.2631297798249354,0.21890896794001444,synthetic_periodic,,,,0.09726741612431669,78.42444974487825,1.0,0.3627052170379898,-0.04796099073861982,0.08675895952226925,ensemble_mean,1000,,,0.22696520506053425,0.11994601785901257,31.28571138034339,,,15.072684688912528,,,,,,periodic,10
0.518520891186354,0.4339828075718024,synthetic_periodic,,,,0.19135177866312789,211.4561866098505,1.0,0.7054808994568988,-0.14456877415380145,0.16315625339317977,oracle_best_member,1000,,,0.4526872900904976,0.2360013004465268,53.49901036635934,,,29.652119274615593,,true,1,0.2360013004465268,,periodic,10
0.518520891186354,0.4339828075718024,synthetic_periodic,,,,0.19135177866312789,211.4561866098505,1.0,0.7054808994568988,-0.14456877415380145,0.16315625339317977,validation_best_member,1000,,,0.4526872900904976,0.2360013004465268,53.49901036635934,,,29.652119274615593,,,,,1,periodic,10
0.18272401487762685,0.1455937382580825,synthetic_periodic,0.020661,0.0,cholesky,0.06273166570021434,27.906794365879016,1.0,0.2477440427229748,0.016772986315803175,0.053410820638539774,adaptive_ridge,1000,110,quadratic,0.1515968868015678,0.07777728954887954,20.25163716539208,0.0010539,1,9.795110714035964,,,,,,periodic,11
0.18547380607334754,0.15133362260556063,synthetic_periodic,0.0001353,0.0,,0.06568025986238006,30.03570751814354,1.0,0.2439222844975324,0.019224725900423855,0.05706041442092619,static_ridge,1000,,,0.15832855211960026,0.08125957660140223,21.3790111965186,,,10.255513063420329,,,,,,periodic,11
0.18289331282539054,0.14504486172854597,synthetic_periodic,,,,0.06158968408330964,24.680769626868994,1.0,0.2520105003915769,0.02465857587142587,0.052904131150021474,rolling_ridge,1000,,,0.14948271552837997,0.0773053756005229,20.167529904643786,,,9.616798274120358,0.0111412,,,,,periodic,11
0.1792132443654368,0.1414149522527066,synthetic_periodic,,,,0.05964955773864719,24.67837824216997,1.0,0.27135077909940186,0.01769112511887713,0.05003716590663804,rls,1000,,,0.14641191510998638,0.0746583571441173,19.30415511343457,,,9.31386111896808,0.0089814,,,,,periodic,11
0.3001334838748495,0.24287227612435905,synthetic_periodic,,,,0.10205738666847246,52.766039963159336,1.0,0.4068335667755702,0.0520184125682475,0.08888486173676863,hedge,1000,,,0.2516396533721778,0.12823863384196849,32.19961769571961,,,15.935546911509,0.0219292,,,,,periodic,11
0.9368404206436679,0.6760516739193361,synthetic_periodic,,,,0.26220262729919397,104.71529001282909,1.0,1.8812790255210678,-0.05047653443681392,0.20915518219997498,exp3,1000,,,0.6613424221549421,0.34877065877720287,55.85417829762167,,,40.94110582333761,0.0031221,,,,,periodic,11
0.26076442028574126,0.20810693001147137,synthetic_periodic,,,,0.08675308430031847,38.163632900068976,1.0,0.4138126834456274,0.016349822352801927,0.07167520944862138,fixed_share,1000,,,0.22097383713561977,0.10930595232024791,26.269050565055323,,,13.545887169114517,0.0014085,,,,,periodic,11
0.19818336450113364,0.15707938367410834,synthetic_periodic,,,,0.06484618082954728,27.63382322551808,1.0,0.3013733191082143,0.007601581672667078,0.05516709287977288,passive_aggressive,1000,,,0.166441679826207,0.08216225246388136,20.200756349168145,,,10.125277457850794,0.0002821,,,,,periodic,11
0.3921566690000995,0.3145907087102753,synthetic_periodic,,,,0.133819060808157,50.93643166568046,1.0,0.5357033359187482,-0.021671093731163573,0.11234018368141241,dma,1000,,,0.3298688620998265,0.16643136069604816,33.48250625476384,,,20.89491011649847,0.001597,,,,,periodic,11
0.31167914770720917,0.2513922405738984,synthetic_periodic,,,,0.1074142977407347,52.64761484566273,1.0,0.432276440786707,0.043691086620292745,0.09162208158068025,ensemble_mean,1000,,,0.2602838127903289,0.13445765244418045,32.83998290165177,,,16.771991097270107,,,,,,periodic,11
0.5995672584550416,0.4922350830557021,synthetic_periodic,,,,0.2083818222774186,66.59072096000762,1.0,0.8181143062587428,-0.08827844943632965,0.17553349152779113,oracle_best_member,1000,,,0.5185703806304209,0.260876653651056,47.3266496886818,,,32.53736366182457,,true,6,0.260876653651056,,periodic,11
0.5995672584550416,0.4922350830557021,synthetic_periodic,,,,0.2083818222774186,66.59072096000762,1.0,0.8181143062587428,-0.08827844943632965,0.17553349152779113,validation_best_member,1000,,,0.5185703806304209,0.260876653651056,47.3266496886818,,,32.53736366182457,,,,,6,periodic,11
0.15417054992610985,0.1258392491953081,synthetic_periodic,0.0293357,0.0,cholesky,0.054469696635740784,34.973261225566496,1.0,0.21562032610526738,0.003920117755839944,0.04701781162787505,adaptive_ridge,1000,110,quadratic,0.13055465780046804,0.06731357418858286,19.536373317243477,0.0222878,1,8.617771837103952,,,,,,periodic,12
0.15809760814705773,0.12662982587030974,synthetic_periodic,0.000167,0.001,,0.05482777285646422,36.743599507745564,1.0,0.26764204949350134,0.006548567570007802,0.0470668481596923,static_ridge,1000,,,0.1270598140965801,0.06793886135260675,19.435306047982632,,,8.674423872291941,,,,,,periodic,12
0.16195317214284835,0.12997100212973592,synthetic_periodic,,,,0.055139363170871,33.29258993105697,1.0,0.24571507325765352,0.008800597020996738,0.046832913344885554,rolling_ridge,1000,,,0.13623703060535167,0.0689233806977717,19.36952653747796,,,8.72372126886395,0.011433,,,,,periodic,12
0.15936663878520155,0.12831203733383117,synthetic_periodic,,,,0.054664815010000735,32.0140093733938,1.0,0.25675120916482586,0.0047439102218493805,0.046796980588415193,rls,1000,,,0.12844332645003825,0.06831549755637749,19.19151573570085,,,8.64864194900936,0.0100707,,,,,periodic,12
0.21189389406145026,0.16865405790499344,synthetic_periodic,,,,0.0706433855752253,45.5622040306089,1.0,0.31861756434973065,0.012484394084866414,0.06100113762086434,hedge,1000,,,0.17531945570189858,0.08901465084830401,23.73418402600225,,,11.176647132056724,0.0034896,,,,,periodic,12
0.7076277975897736,0.49445110163499756,synthetic_periodic,,,,0.20927869891934286,171.0478028868266,1.0,1.9041551897582414,0.09210041835561895,0.18618458762897033,exp3,1000,,,0.4919204982338573,0.2684735661396837,52.65110207867783,,,33.11044836018926,0.0021482,,,,,periodic,12
0.19372659245132337,0.15494842804702327,synthetic_periodic,,,,0.06589914479372526,45.50288159585613,1.0,0.28669665751007156,0.03166292583261127,0.056861184372796136,fixed_share,1000,,,0.16009519530507232,0.08273168471615198,22.495797650551495,,,10.426050247541966,0.0017494,,,,,periodic,12
0.17304124902719725,0.13886898543918086,synthetic_periodic,,,,0.059073754309278276,37.14212111293634,1.0,0.25462248624715356,0.005034778232912438,0.0502548090093744,passive_aggressive,1000,,,0.13873686681247052,0.07355374025063882,20.441239902179966,,,9.346190040361934,0.0005407,,,,,periodic,12
0.35092457493570095,0.28332303483911186,synthetic_periodic,,,,0.12663951840687274,85.77040286484457,1.0,0.5620926599055779,0.09496796634571356,0.1147027747340847,dma,1000,,,0.28215224134524974,0.15600917007224432,36.20784933948927,,,20.0359198342782,0.0018704,,,,,periodic,12
0.2654045836916537,0.2157004937195639,synthetic_periodic,,,,0.09138301261433712,46.4598726961123,1.0,0.36314934461855414,0.05027016141596162,0.07654015795254651,ensemble_mean,1000,,,0.2178240276170557,0.1142086449759589,26.601441207274494,,,14.457909647706987,,,,,,periodic,12
0.42055737271590105,0.36034891153189175,synthetic_periodic,,,,0.18581546085518819,145.4225207602545,1.0,0.5024955379171424,0.17991900244400966,0.1817590279264129,oracle_best_member,1000,,,0.36917371456466236,0.21388389183540174,52.0619578259554,,,29.398277287368163,,true,2,0.21388389183540174,,periodic,12
0.42055737271590105,0.36034891153189175,synthetic_periodic,,,,0.18581546085518819,145.4225207602545,1.0,0.5024955379171424,0.17991900244400966,0.1817590279264129,validation_best_member,1000,,,0.36917371456466236,0.21388389183540174,52.0619578259554,,,29.398277287368163,,,,,2,periodic,12
0.06727308762272528,0.04935895711018199,synthetic_periodic,0.0078195,0.0,cholesky,0.017088538167053573,10.0998890964145,1.0,0.10858913598824121,-0.0016853171914307647,0.011974561630988773,adaptive_ridge,1000,110,quadratic,0.052098833230772114,0.023919809850816157,8.932352308650499,0.0020012,1,2.6489944082578747,,,,,,periodic,13
0.08478259694983965,0.06794780526368116,synthetic_periodic,0.0002088,0.0,,0.02820704857373367,12.039469528605082,1.0,0.11400147450504856,-0.005557072191056087,0.02360339495647023,static_ridge,1000,,,0.07151377933139208,0.03563398331751211,10.193908418041708,,,4.372539840144917,,,,,,periodic,13
0.08714597462288295,0.06893235809316273,synthetic_periodic,,,,0.026841882411676225,14.076416499352518,1.0,0.13982952911829039,-0.007160917983393328,0.020371977373144556,rolling_ridge,1000,,,0.07168308033130696,0.03503715660565078,10.727146608454936,,,4.16091743603517,0.0113455,,,,,periodic,13
0.08387692559017833,0.06700045553096313,synthetic_periodic,,,,0.027094757579677445,13.774875656794269,1.0,0.14733783697820346,-0.0072372813357653954,0.023103547316483175,rls,1000,,,0.06987673329894252,0.03478993665176377,10.373872293763354,,,4.200117097204198,0.0092514,,,,,periodic,13
0.2522262545233459,0.2056813261946216,synthetic_periodic,,,,0.08973224672340921,35.96348814115498,1.0,0.43188725064715394,0.03604713717617861,0.07883666120560565,hedge,1000,,,0.21209164848867132,0.11029905115522778,23.21917556603703,,,13.909921228312504,0.0011132,,,,,periodic,13
0.7157482068761364,0.5861707035502621,synthetic_periodic,,,,0.255772956668264,107.73147415996789,1.0,1.275317215073699,0.04409622898600477,0.22123135072819092,exp3,1000,,,0.5861371486536596,0.31602938915441614,56.50844717994826,,,39.64886436594695,0.0200486,,,,,periodic,13
0.20493973154870532,0.16046838406083092,synthetic_periodic,,,,0.06588256527400986,23.65960669958039,1.0,0.3573789304086079,0.03154097579071651,0.053619294055131606,fixed_share,1000,,,0.1684125625788947,0.08385255361957994,18.41736458875508,,,10.212842392160448,0.0020298,,,,,periodic,13
0.10267921543651636,0.08086044757591082,synthetic_periodic,,,,0.0336779742311967,13.047045853540897,1.0,0.17192559945241637,0.003336503459103087,0.02892554969530181,passive_aggressive,1000,,,0.08498754589901941,0.04236950999888775,10.692635958840727,,,5.220620075735537,0.0002168,,,,,periodic,13
0.3368428472879755,0.27074261559748325,synthetic_periodic,,,,0.12792013921042072,44.08515674982643,1.0,0.5502194470831314,-0.025084697054957625,0.12166617689201942,dma,1000,,,0.2675789443147142,0.15375983163567514,31.82680006107887,,,19.82965015259699,0.0018646,,,,,periodic,13
0.29231363459621357,0.24712757243161945,synthetic_periodic,,,,0.11239863718343962,50.358298533371816,1.0,0.47085454860338416,0.030800866464416394,0.10134909706324868,ensemble_mean,1000,,,0.2594983380686609,0.13647998113785811,28.51066219782683,,,17.423571196322783,,,,,,periodic,13
0.6153916798687846,0.5157968971642644,synthetic_periodic,,,,0.22812938040661565,115.35167586373896,1.0,0.7726791769240888,0.09484720703499863,0.20013571059849178,oracle_best_member,1000,,,0.5231297817069186,0.2794763328113951,54.852197159279775,,,35.36367166979589,,true,2,0.2794763328113951,,periodic,13
0.6153916798687846,0.5157968971642644,synthetic_periodic,,,,0.22812938040661565,115.35167586373896,1.0,0.7726791769240888,0.09484720703499863,0.20013571059849178,validation_best_member,1000,,,0.5231297817069186,0.2794763328113951,54.852197159279775,,,35.36367166979589,,,,,2,periodic,13
0.1969665903267554,0.15564687844998074,synthetic_periodic,0.0816262,0.0001,cholesky,0.06256784885117905,33.72566813441081,1.0,0.3384935946378739,0.009671552435714112,0.04996110761458866,adaptive_ridge,1000,210,quadratic,0.16159678332213515,0.08038923889351758,21.474365483744663,0.0590707,2,9.756270691041438,,,,,,periodic,14
0.27819138464775794,0.2247785898033824,synthetic_periodic,0.0001501,0.001,,0.09524560799968897,42.587929489491884,1.0,0.40262312070761686,0.038125940702746185,0.08068073781730506,static_ridge,1000,,,0.22569976736791209,0.11956585038851315,28.66265270943116,,,14.851748155638827,,,,,,periodic,14
0.22299374824669563,0.17660997305084794,synthetic_periodic,,,,0.06938147813718169,41.66255809268654,1.0,0.37499400977519515,0.0070741005910782175,0.053502447927314234,rolling_ridge,1000,,,0.1778203154504027,0.08995967138315591,23.317344506597447,,,10.818727095140689,0.0094029,,,,,periodic,14
0.2255707803868468,0.16727437241377813,synthetic_periodic,,,,0.06553355773136027,33.02558080191157,1.0,0.40389202287690706,0.015124126992656427,0.05270364013191195,rls,1000,,,0.16862839911918967,0.08638040775568251,22.597929052085025,,,10.21871680605324,0.0149327,,,,,periodic,14
0.31135089562459134,0.2536894322912591,synthetic_periodic,,,,0.10808613929266336,58.27408653289391,1.0,0.5014652601396029,0.06408305128525905,0.09269637364993494,hedge,1000,,,0.26641626743260627,0.13491935152813553,32.59355175550782,,,16.853985749087524,0.0011967,,,,,periodic,14
1.0062270725188045,0.7840254941125816,synthetic_periodic,,,,0.3217427379229899,144.24208243423556,1.0,1.7269428866450378,0.16455490306844103,0.27139054071385343,exp3,1000,,,0.820571280060237,0.4094853276417876,66.84764452390239,,,50.169684617410994,0.0020492,,,,,periodic,14
0.2767436301547432,0.21979948165731755,synthetic_periodic,,,,0.09307395814200012,48.77387622846912,1.0,0.40537960097334935,0.027079576279508345,0.07930816549851877,fixed_share,1000,,,0.2266636923065123,0.11682278787206614,26.456055587757106,,,14.513120501871013,0.0523103,,,,,periodic,14
0.26962881181659,0.20287065641104515,synthetic_periodic,,,,0.08127721160676775,37.00166183362614,1.0,0.46022128011018915,0.015056624136575207,0.06481120682039682,passive_aggressive,1000,,,0.2111567678911124,0.1048844461851914,24.88835390203405,,,12.673641367066727,0.0002779,,,,,periodic,14
0.46656818673447376,0.37054839279439244,synthetic_periodic,,,,0.16076914172871232,69.32091303346927,1.0,0.8956921190153269,-0.011388795142521883,0.1441714464076776,dma,1000,,,0.38180642039423945,0.20006629518880253,38.54349948160758,,,25.068901908430654,0.0092206,,,,,periodic,14
0.35959821339620035,0.29655551754473064,synthetic_periodic,,,,0.12784511351585875,83.82516397809442,1.0,0.540607093997,0.09282801541943514,0.11398219117350905,ensemble_mean,1000,,,0.31199060860684047,0.1581029633825542,38.76948494434692,,,19.935023448774587,,,,,,periodic,14
0.8181818686372833,0.6716700100838833,synthetic_periodic,,,,0.29000010536736454,118.27735749313123,1.0,1.23742367472913,0.19649925269816934,0.25016852892060576,oracle_best_member,1000,,,0.6844669461427321,0.36030967034781625,62.9413999673923,,,45.22002242915901,,true,1,0.36030967034781625,,periodic,14
0.8181818686372833,0.6716700100838833,synthetic_periodic,,,,0.29000010536736454,118.27735749313123,1.0,1.23742367472913,0.19649925269816934,0.25016852892060576,validation_best_member,1000,,,0.6844669461427321,0.36030967034781625,62.9413999673923,,,45.22002242915901,,,,,1,periodic,14
0.17869852165283992,0.1298916271965958,synthetic_periodic,0.0029589,0.0,cholesky,0.047080920793485075,36.73442603835883,1.0,0.26827602737466383,0.0071158745649232405,0.034042473087721487,adaptive_ridge,1000,110,quadratic,0.135319094559604,0.06428429780832573,15.075112081600393,0.000403,1,7.366568514646267,,,,,,periodic,15
0.2329229222887297,0.18743222242097918,synthetic_periodic,0.0001647,0.001,,0.07811251689456863,99.51945858206035,1.0,0.3161661033267027,0.021370084795336412,0.06673244775421824,static_ridge,1000,,,0.1971053929806038,0.09837976946713284,24.526031742331,,,12.221961632384408,,,,,,periodic,15
0.17667506681379702,0.1322170448740222,synthetic_periodic,,,,0.05005277069177397,54.02083495752096,1.0,0.2923141592424048,0.0017085768900953337,0.037496594273195516,rolling_ridge,1000,,,0.13619622640929527,0.06639544142446378,16.515696250838904,,,7.831562306654241,0.0045878,,,,,periodic,15
0.1703180256243823,0.1271692115950409,synthetic_periodic,,,,0.04814875658019,50.962896639596025,1.0,0.2902867297176825,0.0030676666159102,0.03806600190887005,rls,1000,,,0.13543629633001433,0.06357526888536914,15.93146558689181,,,7.533648625922289,0.0042319,,,,,periodic,15
0.36639089015926507,0.30970384480620045,synthetic_periodic,,,,0.14953933300952055,200.10523924981715,1.0,0.4596154356194698,0.13977775738630105,0.13687036284266435,hedge,1000,,,0.3215927330069589,0.1774846234739995,42.00588567884803,,,23.39783767359054,0.0024743,,,,,periodic,15
0.9845666948644513,0.6685899720437669,synthetic_periodic,,,,0.2918490239731715,152.32161982676843,1.0,1.9210733382019436,0.03585352282977267,0.2643959335590242,exp3,1000,,,0.6371314306918316,0.3729898423520669,63.243121887350135,,,45.66448138220163,0.0347955,,,,,periodic,15
0.3174867257243988,0.2640605948542357,synthetic_periodic,,,,0.11563423938363744,92.98183528506121,1.0,0.4534269700231813,0.07076007524438513,0.09957189539337077,fixed_share,1000,,,0.2763200308657146,0.14299012120538385,32.16472419610007,,,18.092839577097788,0.0013967,,,,,periodic,15
0.21863357545246667,0.15186753619430224,synthetic_periodic,,,,0.05494799709052731,31.306894416359636,1.0,0.3689948725667417,0.003462598863323359,0.04117074920654573,passive_aggressive,1000,,,0.15446164410200092,0.07527604057433439,17.015893378042666,,,8.59749933705556,0.0003076,,,,,periodic,15
0.44732912305540806,0.34785248089230913,synthetic_periodic,,,,0.143660005384117,97.76107396859996,1.0,0.8478993580155059,0.03387056721453416,0.11881471687884373,dma,1000,,,0.34381106056474564,0.1831619955977947,34.49454831687817,,,22.47792215276706,0.0474475,,,,,periodic,15
0.40564221903386605,0.3553672375881231,synthetic_periodic,,,,0.18327931321908678,290.80193239507884,1.0,0.5098753299248905,0.1783082106790672,0.17661606418536346,ensemble_mean,1000,,,0.36256598909849075,0.2115636037069566,51.397702538885625,,,28.677001116183455,,,,,,periodic,15
0.43933474057062966,0.4255705577394457,synthetic_periodic,,,,0.2640969944867159,116.89182797202098,1.0,0.46546433227671025,-0.01271785953975702,0.29154821472937875,oracle_best_member,1000,,,0.42892256783823945,0.29561524563203817,62.13649963759518,,,41.32222929394706,,true,2,0.29561524563203817,,periodic,15
0.43933474057062966,0.4255705577394457,synthetic_periodic,,,,0.2640969944867159,116.89182797202098,1.0,0.46546433227671025,-0.01271785953975702,0.29154821472937875,validation_best_member,1000,,,0.42892256783823945,0.29561524563203817,62.13649963759518,,,41.32222929394706,,,,,2,periodic,15
0.11602317676609038,0.09407297606945253,synthetic_periodic,0.018033700000000003,1.0e-6,cholesky,0.04033857347717247,16.77236579052373,1.0,0.18631895897048478,0.0034677123924823352,0.03349652526410355,adaptive_ridge,1000,210,quadratic,0.0978378458067767,0.05022438776008912,13.494977275842619,0.0017985,2,6.29768759512626,,,,,,periodic,16
0.14866501797748258,0.1204182125636686,synthetic_periodic,7.1e-5,0.0,,0.05136377644465969,21.069177849634755,1.0,0.19816679777628798,0.0011213210901550102,0.04346999586138715,static_ridge,1000,,,0.1243077903095048,0.06396816999125636,16.32534197021298,,,8.018950346308714,,,,,,periodic,16
0.14428268415694429,0.11637074819217333,synthetic_periodic,,,,0.048654178581989185,21.97875369599678,1.0,0.19174136633106315,-0.001395561436088216,0.041204388184696183,rolling_ridge,1000,,,0.12044079081866332,0.06113220411276719,15.638484792924553,,,7.595925946172767,0.0050058,,,,,periodic,16
0.13603485515143757,0.10896861183588175,synthetic_periodic,,,,0.047359678014048716,21.493150333231167,1.0,0.18871761744417348,-0.0010592957781704892,0.041189009499335405,rls,1000,,,0.11272252201440236,0.05879674615282302,15.376267632113906,,,7.393827570700567,0.0022426,,,,,periodic,16
0.27646675905010487,0.2295931791737226,synthetic_periodic,,,,0.1013325272567097,52.035151199659445,1.0,0.37281851451122794,-0.08243310256069351,0.08702298504286599,hedge,1000,,,0.23240377385090316,0.12454960293364437,30.2589197663593,,,15.820108270524443,0.0013237,,,,,periodic,16
0.6980405881253379,0.5189737832108662,synthetic_periodic,,,,0.20948959955323487,66.98866283137917,1.0,1.192075779119361,-0.08422599167408347,0.16960872807669894,exp3,1000,,,0.5321234420321361,0.2719797477811974,43.65950136250168,,,32.705669504177294,0.0008051,,,,,periodic,16
0.21305053220796402,0.16393505264221672,synthetic_periodic,,,,0.06592260688567729,28.542940848788046,1.0,0.4285556922230427,-0.027971194183772377,0.052475083383243526,fixed_share,1000,,,0.1661725917958607,0.08517535564591987,17.99196519745628,,,10.291885603174666,0.0050752,,,,,periodic,16
0.13459301443653005,0.10838607836327147,synthetic_periodic,,,,0.045908277146061466,17.51788714722455,1.0,0.17875382216797875,0.0012763203238900416,0.03891895233968628,passive_aggressive,1000,,,0.10921360309988386,0.05760874761726156,14.494545826547863,,,7.167233805627258,0.0001265,,,,,periodic,16
0.2911963294107013,0.2272951401451806,synthetic_periodic,,,,0.09475878089345545,40.75325338918799,1.0,0.5308837331707643,0.005113298173152279,0.08107867356771048,dma,1000,,,0.2376986882931021,0.11955756322923294,24.51373919195093,,,14.793810180216406,0.0006688,,,,,periodic,16
0.29352193726709214,0.24277762259127178,synthetic_periodic,,,,0.10741504649104414,54.40402877842258,1.0,0.42382202892187043,-0.08758846697383176,0.09308077102101375,ensemble_mean,1000,,,0.24620098659922163,0.13180118548718958,31.777167712177327,,,16.76971562217911,,,,,,periodic,16
0.45427457291481077,0.38587862156318936,synthetic_periodic,,,,0.16850926609566122,48.82012851415189,1.0,0.5547571068670596,-0.1267188916665764,0.14577199386724954,oracle_best_member,1000,,,0.39845961642783545,0.209689557953254,34.47314819013966,,,26.307789871523777,,true,5,0.209689557953254,,periodic,16
0.45427457291481077,0.38587862156318936,synthetic_periodic,,,,0.16850926609566122,48.82012851415189,1.0,0.5547571068670596,-0.1267188916665764,0.14577199386724954,validation_best_member,1000,,,0.39845961642783545,0.209689557953254,34.47314819013966,,,26.307789871523777,,,,,5,periodic,16
0.031591719600066306,0.024940490886709434,synthetic_periodic,0.010476300000000001,1.0e-6,cholesky,0.010237024200479016,4.894004357325671,1.0,0.045259376985713584,-0.00020539715374552297,0.008656710085936603,adaptive_ridge,1000,110,quadratic,0.02527117254162905,0.013007229507255427,4.3638607974029355,0.0079276,1,1.593843735994611,,,,,,periodic,17
0.12726844614999386,0.10154278539362917,synthetic_periodic,7.1e-5,0.0,,0.04242702897721947,17.28936688483347,1.0,0.17115589564888556,-0.005857986357491374,0.036504901259045056,static_ridge,1000,,,0.10632211398678038,0.05346433708037548,14.908342677739604,,,6.605635880888012,,,,,,periodic,17
0.0876235050494599,0.06659820629963538,synthetic_periodic,,,,0.025050998551781875,15.044708902526702,1.0,0.12130973940861545,-0.003691351578051969,0.01822493427970523,rolling_ridge,1000,,,0.06945482951291296,0.03341486090957035,10.461466556401671,,,3.9002913679054605,0.0158005,,,,,periodic,17
0.08268302522863515,0.06379428482019894,synthetic_periodic,,,,0.025057197480908087,14.2904378120815,1.0,0.13290274347334874,-0.0019518577753654457,0.020035456928868055,rls,1000,,,0.06564132133580948,0.032417581530721475,9.518833727712238,,,3.9012565042736282,0.0067406,,,,,periodic,17
0.25889795869525734,0.21645565041615944,synthetic_periodic,,,,0.09438685049349807,39.64087495684541,1.0,0.3853053579043457,-0.0643129130934672,0.08325185178726008,hedge,1000,,,0.22468597321987688,0.11694312698211654,26.418057770965312,,,14.695470819760532,0.0185964,,,,,periodic,17
0.6746293417891764,0.4383867933593788,synthetic_periodic,,,,0.1767689107733275,93.49963445628141,1.0,1.1670819942867177,-0.12071162011807655,0.1515802378197395,exp3,1000,,,0.4746126577802344,0.23836279762746057,45.870268771214434,,,27.52186725723232,0.0007661,,,,,periodic,17
0.23849921545608432,0.19856793161495678,synthetic_periodic,,,,0.08345179508918954,41.637774564367255,1.0,0.3409119371333175,-0.06187792815834308,0.06990174246892888,fixed_share,1000,,,0.20764454570147636,0.1049337985816793,25.189322601195162,,,12.992947780096754,0.0013872,,,,,periodic,17
0.10133806567961971,0.07784910161599107,synthetic_periodic,,,,0.03126085914567135,13.160618603709182,1.0,0.1555187504296407,0.0010681050490911647,0.02524719211329557,passive_aggressive,1000,,,0.08029794297217804,0.04022573382913334,10.288424089390473,,,4.867129700524367,0.0001507,,,,,periodic,17
0.27056153240193787,0.22861096869651262,synthetic_periodic,,,,0.10120261177309972,72.64636649936243,1.0,0.49543080091292163,-0.06872411137620094,0.07947986633106319,dma,1000,,,0.2239562445528037,0.12620212542322523,32.198479329917795,,,15.756644282749843,0.0007581,,,,,periodic,17
0.31091816197435973,0.26090165940782467,synthetic_periodic,,,,0.1148768712402913,41.17860876976202,1.0,0.3945679490899303,-0.0648029077554587,0.09600822717572113,ensemble_mean,1000,,,0.27472296030214766,0.1411298917006067,29.080662848688483,,,17.88564509092694,,,,,,periodic,17
0.30523184195211184,0.2987073922427456,synthetic_periodic,,,,0.14524407249456153,83.27482190023991,1.0,0.30721632613301464,-0.125662101559373,0.129130430895242,oracle_best_member,1000,,,0.30332585681754004,0.17880610203688657,41.326082289054604,,,22.613637576921207,,true,8,0.17880610203688657,,periodic,17
0.30523184195211184,0.2987073922427456,synthetic_periodic,,,,0.14524407249456153,83.27482190023991,1.0,0.30721632613301464,-0.125662101559373,0.129130430895242,validation_best_member,1000,,,0.30332585681754004,0.17880610203688657,41.326082289054604,,,22.613637576921207,,,,,8,periodic,17
0.07168817517681715,0.057988639418825504,synthetic_periodic,0.023291,0.0,cholesky,0.024798293594536735,11.551362320336581,1.0,0.1011835646144108,-0.0015956383805344875,0.02111083345774073,adaptive_ridge,1000,110,quadratic,0.06027653717476732,0.031091186528372845,9.418593451503583,0.0176536,1,3.903573225899711,,,,,,periodic,18
0.07045065452224508,0.05730325862664639,synthetic_periodic,0.0001411,0.0,,0.025228734876442713,12.580518596941104,1.0,0.10115511232637808,-0.002201094536638277,0.021427411274400517,static_ridge,1000,,,0.059537416722822,0.031158251175695238,9.508537493656704,,,3.971330269623893,,,,,,periodic,18
0.07623193301994759,0.06214044142711975,synthetic_periodic,,,,0.02607076638776175,13.685889206112419,1.0,0.10322645828508437,-0.005583073419502634,0.022357321095535565,rolling_ridge,1000,,,0.06373354967262802,0.03279427539503452,10.159297364739906,,,4.103876956774696,0.0043979,,,,,periodic,18
0.06978623305990453,0.057853284237605475,synthetic_periodic,,,,0.025358723997714012,12.722254950390646,1.0,0.10157403479251825,-0.0015300096139688488,0.021539764201728095,rls,1000,,,0.05966348596958038,0.03127443875031595,9.561339797304575,,,3.9917922442157523,0.0036072,,,,,periodic,18
0.28937420543995607,0.24095585500802674,synthetic_periodic,,,,0.11256893213501877,42.26776791764904,1.0,0.4199512958971694,0.094514074195058,0.10221156174457496,hedge,1000,,,0.2524544536653669,0.13519560240847894,27.300779930591133,,,17.719810755333135,0.0013319,,,,,periodic,18
0.9994288494445226,0.610621497952626,synthetic_periodic,,,,0.23354313022742557,88.62026773156188,1.0,2.0554432620268126,-0.1107290070348544,0.19350659993167307,exp3,1000,,,0.6651996992579651,0.3199369940575776,50.01531389236848,,,36.762719449754094,0.0015887,,,,,periodic,18
0.12095311826992294,0.10011924741547007,synthetic_periodic,,,,0.042145393358368755,19.515551376649718,1.0,0.1992350636751954,-0.00458008782680866,0.03523088035048044,fixed_share,1000,,,0.10123717957060845,0.05291355859627154,13.90468357930369,,,6.634231846701917,0.0017213,,,,,periodic,18
0.07898459629153905,0.0636013788916295,synthetic_periodic,,,,0.026839401373856944,11.770557804768535,1.0,0.10834728001638505,0.0023338797959754527,0.022796973016459054,passive_aggressive,1000,,,0.06385309979230755,0.03376105341080539,9.787443797408098,,,4.224870078368839,0.0002634,,,,,periodic,18
0.28099299958624774,0.2293076142502303,synthetic_periodic,,,,0.11727772592591514,56.62628797949569,1.0,0.4429916820373623,-0.08511890425779711,0.11057826100087256,dma,1000,,,0.22912123724507008,0.1345066626330247,32.49606099288627,,,18.461036005302567,0.0019117,,,,,periodic,18
0.3480071721231886,0.29334778909557113,synthetic_periodic,,,,0.1330765572048056,44.122484448355586,1.0,0.4683220484700239,0.10378178324013489,0.12307694506195671,ensemble_mean,1000,,,0.31106724649847567,0.16219759733758757,29.704068106184838,,,20.947977074278803,,,,,,periodic,18
0.3278481309661109,0.30190508011899325,synthetic_periodic,,,,0.17499851345875117,65.7936700655575,1.0,0.37102115570249206,-0.17499851345875117,0.17205116538260068,oracle_best_member,1000,,,0.30351721578619895,0.19478457519539188,41.13687597033312,,,27.54703702114117,,true,1,0.19478457519539188,,periodic,18
0.3278481309661109,0.30190508011899325,synthetic_periodic,,,,0.17499851345875117,65.7936700655575,1.0,0.37102115570249206,-0.17499851345875117,0.17205116538260068,validation_best_member,1000,,,0.30351721578619895,0.19478457519539188,41.13687597033312,,,27.54703702114117,,,,,1,periodic,18
0.17634296181554437,0.14185888940879599,synthetic_periodic,0.005934200000000001,0.001,cholesky,0.05919229974663287,35.52580818533844,1.0,0.22107483626925017,0.00014264087410167014,0.048935621797913276,adaptive_ridge,1000,110,quadratic,0.14739712985184192,0.07480867169269666,20.248037544490995,0.000938,1,9.352785654559451,,,,,,periodic,19
0.17392658343383138,0.14153507775324237,synthetic_periodic,0.0001355,0.001,,0.058411376889278166,39.2491521238568,1.0,0.24821381360869244,-0.00032137465668648945,0.04865425660420991,static_ridge,1000,,,0.1472188911449808,0.07413553645107623,20.109272846874376,,,9.2293945356327,,,,,,periodic,19
0.17821623841478218,0.14421742373849733,synthetic_periodic,,,,0.0597327077054721,47.06404757992448,1.0,0.27127434109462145,-0.001800015285179586,0.04953473628413746,rolling_ridge,1000,,,0.14895241100952133,0.07564213650575062,21.140123220787963,,,9.438173784885116,0.0046653,,,,,periodic,19
0.17733337092788667,0.14215537268834447,synthetic_periodic,,,,0.05912428128158569,41.306935966898365,1.0,0.23712805712169094,-0.0036668088075403845,0.04987949919224849,rls,1000,,,0.1497408676874366,0.07478135873911412,20.097661769532223,,,9.342038274801249,0.0032666,,,,,periodic,19
0.29137872999443437,0.24237283480194974,synthetic_periodic,,,,0.10560672998548387,43.96648778678839,1.0,0.43642126960942296,-0.003861531215113813,0.08953003877475235,hedge,1000,,,0.24534969887706767,0.13028314226208934,28.981019044664244,,,16.68658108336723,0.0020275,,,,,periodic,19
0.944178639291566,0.6188581776652483,synthetic_periodic,,,,0.24534972358932944,133.9459803389459,1.0,1.8258537578017833,-0.08263253297381454,0.19702217751011564,exp3,1000,,,0.5680117082417003,0.32748323534394697,54.59055052191046,,,38.76692382216388,0.0012279,,,,,periodic,19
0.2613413499201707,0.21429840781232387,synthetic_periodic,,,,0.08969757262853063,49.015136952313085,1.0,0.3537928640680603,-0.05268941198937436,0.07453910553623544,fixed_share,1000,,,0.218942017915164,0.11243145851493368,27.335206339428186,,,14.172826095959339,0.0010322,,,,,periodic,19
0.19390127188494105,0.15583861608298677,synthetic_periodic,,,,0.06422370883323632,39.44734334927297,1.0,0.27143138122592736,-0.006273927748153587,0.053620336284369824,passive_aggressive,1000,,,0.16737539906709842,0.0813197697256274,20.375183793439103,,,10.147782485715375,0.0002264,,,,,periodic,19
0.3874122216575431,0.3229599564955117,synthetic_periodic,,,,0.15667307739131475,95.5669333211668,1.0,0.517764578344059,-0.12149981624848932,0.14545298235621887,dma,1000,,,0.337668718757696,0.18470042189088934,40.50503430001608,,,24.75541104085124,0.0977649,,,,,periodic,19
0.3863474041803988,0.3298250734653137,synthetic_periodic,,,,0.15736457608912915,51.41227635831781,1.0,0.5701687663609475,0.005073158146126275,0.14546868366904253,ensemble_mean,1000,,,0.34046244939962633,0.187479014218604,38.76260402666386,,,24.864672534808193,,,,,,periodic,19
0.4309397631804376,0.3702850209499363,synthetic_periodic,,,,0.19508716813035387,111.34503057407098,1.0,0.5531034470558367,-0.19026893946707443,0.19174558819800647,oracle_best_member,1000,,,0.3837808292844574,0.22245772754150298,48.00461903052127,,,30.825098455175215,,true,6,0.22245772754150298,,periodic,19
0.4309397631804376,0.3702850209499363,synthetic_periodic,,,,0.19508716813035387,111.34503057407098,1.0,0.5531034470558367,-0.19026893946707443,0.19174558819800647,validation_best_member,1000,,,0.3837808292844574,0.22245772754150298,48.00461903052127,,,30.825098455175215,,,,,6,periodic,19
0.12678694104455807,0.1031443480862658,synthetic_periodic,0.0058316999999999996,0.0,cholesky,0.04374805163524397,20.873572016166374,1.0,0.1713472407229477,0.002942864084398309,0.03694951926420864,adaptive_ridge,1000,110,quadratic,0.11015404254998518,0.054643072483281464,14.886641675590953,0.0009064,1,6.836392346676667,,,,,,periodic,20
0.14942139579934563,0.12163769438566843,synthetic_periodic,0.000123,0.0,,0.051429728077387965,28.011191180624362,1.0,0.20317915542302245,0.008414182917791663,0.04410732062369571,static_ridge,1000,,,0.12633341946634946,0.0640701728999354,17.206543115850028,,,8.036787611740607,,,,,,periodic,20
0.15174148057667478,0.12026470317904862,synthetic_periodic,,,,0.04911896379101162,23.429664911480806,1.0,0.2207149589966778,0.00819226600596682,0.03974869265965514,rolling_ridge,1000,,,0.12002708961023728,0.06259845440642815,15.853188670956973,,,7.675690587030357,0.0033224,,,,,periodic,20
0.15037961726600135,0.11843033190852019,synthetic_periodic,,,,0.0481720952942486,20.10867506285639,1.0,0.2337531904416668,0.004513054126625194,0.04013268249436433,rls,1000,,,0.11919108821943133,0.06156279570413958,15.109728631089714,,,7.527725950832362,0.0096661,,,,,periodic,20
0.3487496862347985,0.29704230764109596,synthetic_periodic,,,,0.1437089209139775,76.77028229770843,1.0,0.4657442934169439,-0.00743730596387854,0.13667487293353084,hedge,1000,,,0.30588291559746245,0.17098044998006343,38.13937999290453,,,22.45701306373159,0.0022488,,,,,periodic,20
0.8808151200388721,0.6787778390176891,synthetic_periodic,,,,0.28327784649061,94.55070234401116,1.0,1.29884456291243,-0.15218421435279075,0.22239296945581616,exp3,1000,,,0.6649372393845823,0.3648116617471689,51.72934240555288,,,44.26708000342823,0.0024908,,,,,periodic,20
0.288551957303762,0.23669122288090746,synthetic_periodic,,,,0.10890099140054518,61.74122993359098,1.0,0.36568891123384073,0.008092651356985895,0.09926627692294487,fixed_share,1000,,,0.24292877167968863,0.13163993763503315,30.06727447053501,,,17.01766996079017,0.001468,,,,,periodic,20
0.1670666107494839,0.1330996692758832,synthetic_periodic,,,,0.05422414587212257,25.605941907626356,1.0,0.22697328100855785,0.0033520591904485607,0.04445458841841737,passive_aggressive,1000,,,0.1387757857328436,0.06911354509191622,16.855505621562386,,,8.473463891283776,0.0002849,,,,,periodic,20
0.36726242518411356,0.28885053311535797,synthetic_periodic,,,,0.11336058032871492,62.99112708739124,1.0,0.7391919223918204,-0.0001375197168215843,0.08849890300512703,dma,1000,,,0.29680945939196895,0.147754142549186,29.253896866095904,,,17.714558130166438,0.086254,,,,,periodic,20
0.3836091549679712,0.3315774840334073,synthetic_periodic,,,,0.1632864071872274,99.32365583852767,1.0,0.4951192957803998,0.0011403886080203103,0.15541776384706324,ensemble_mean,1000,,,0.3371644011638557,0.19238419876125346,42.45375807063666,,,25.516335075178393,,,,,,periodic,20
0.6133755073341768,0.5521069693207934,synthetic_periodic,,,,0.25037405007021907,77.17891751611229,1.0,0.7478955213249592,-0.19108151622059763,0.20980743135231072,oracle_best_member,1000,,,0.5669725530141965,0.31094570377317865,46.45799679648365,,,39.12529074386379,,true,6,0.31094570377317865,,periodic,20
0.6133755073341768,0.5521069693207934,synthetic_periodic,,,,0.25037405007021907,77.17891751611229,1.0,0.7478955213249592,-0.19108151622059763,0.20980743135231072,validation_best_member,1000,,,0.5669725530141965,0.31094570377317865,46.45799679648365,,,39.12529074386379,,,,,6,periodic,20
0.14117899439765652,0.11515304771593501,synthetic_periodic,0.0065239,0.001,cholesky,0.049018789673885524,34.477436599170446,1.0,0.1926088697128051,-0.002161392658453577,0.04207566965940379,adaptive_ridge,1000,110,quadratic,0.12181732530638202,0.06119896779287333,15.274328842197477,0.0009956,1,7.658801102107505,,,,,,periodic,21
0.15239894779001747,0.1227488449300347,synthetic_periodic,0.000107,0.0001,,0.051489484490673004,25.91739735304287,1.0,0.23458983863240493,-0.005887951154512484,0.04334490868193344,static_ridge,1000,,,0.13156227414708965,0.0646774341483312,15.973117186120179,,,8.044827772934593,,,,,,periodic,21
0.14935700801697566,0.11949313374957926,synthetic_periodic,,,,0.05135662126973842,21.465430525940715,1.0,0.25695624455794336,-0.017217650845945023,0.04457764408197684,rolling_ridge,1000,,,0.12081553477319942,0.06381707505896349,16.392510274147337,,,8.024068937604445,0.1320328,,,,,periodic,21
0.1479748346302147,0.12030586628398118,synthetic_periodic,,,,0.05151468144002076,23.993079781512964,1.0,0.24066416904422652,-0.01239378624619715,0.04347170165856176,rls,1000,,,0.12406519797996672,0.06413860695996726,16.50835233446654,,,8.048764598480844,0.0102682,,,,,periodic,21
0.3007173031073733,0.25303657705951926,synthetic_periodic,,,,0.1260095865041277,48.91531356905001,1.0,0.4149329841118158,-0.1212656364164509,0.11933957318310334,hedge,1000,,,0.2585839155081521,0.14705901117527187,30.243707309045565,,,19.68800874959314,0.0013871,,,,,periodic,21
0.7824493429300793,0.5581392669245883,synthetic_periodic,,,,0.21894798698851753,90.186286946534,1.0,1.5240542914859017,-0.031726547863510056,0.17153089811932215,exp3,1000,,,0.534275583200742,0.2914468257176304,45.66275119437127,,,34.208904283600155,0.0024915,,,,,periodic,21
0.21939836238085164,0.17370210515857085,synthetic_periodic,,,,0.07277980494009571,22.50042148419602,1.0,0.3491556390967605,-0.04004095058591662,0.06348578383649123,fixed_share,1000,,,0.18134861029131902,0.09148645219458229,19.61266274948665,,,11.371273219814507,0.0012274,,,,,periodic,21
0.1543950110519422,0.12370092254431356,synthetic_periodic,,,,0.05332734537751394,34.00392008964345,1.0,0.2865433150491028,-0.0036432288391355185,0.04707504529768611,passive_aggressive,1000,,,0.12696600862242124,0.06645221624957719,16.28027337521593,,,8.331979109785255,0.0003122,,,,,periodic,21
0.35097022549390167,0.27449435669158584,synthetic_periodic,,,,0.11398445323050282,56.735666670821125,1.0,0.5034435154250804,-0.0010154996145873897,0.09681622936034018,dma,1000,,,0.27833963833717834,0.14355041934187968,28.7561776919367,,,17.80917606968117,0.0016693,,,,,periodic,21
0.31028267289648376,0.2659559165221166,synthetic_periodic,,,,0.1341393055210072,85.12695547304854,1.0,0.4139334866551725,-0.13035674263118338,0.1288908517616145,ensemble_mean,1000,,,0.2702298402316712,0.15591145978309137,36.389231989545905,,,20.95821352985258,,,,,,periodic,21
0.5001592952744128,0.4248321447134346,synthetic_periodic,,,,0.1864984767591869,69.8911515569143,1.0,0.7346538566804844,0.14143723442357423,0.16211938873934073,oracle_best_member,1000,,,0.44233085886875423,0.22881527179250444,42.19515712048646,,,29.138923030275862,,true,5,0.22881527179250444,,periodic,21
0.48229745535141105,0.4232048047856184,synthetic_periodic,,,,0.19021404280824974,65.58745343120826,1.0,0.6153279726341779,-0.13528597387458377,0.16518236468852948,validation_best_member,1000,,,0.43872441007713514,0.2331908324463064,39.87113502397341,,,29.719451059238523,,,,,3,periodic,21
0.09652088517382508,0.0735026178552673,synthetic_periodic,0.0663904,0.0,cholesky,0.02781047102723136,10.08245707177202,1.0,0.16067535494603757,-0.001925601471092805,0.021478567994706044,adaptive_ridge,1000,110,quadratic,0.07749215822819022,0.03670943546991867,8.605026049241962,0.0009709,1,4.341654634449036,,,,,,periodic,22
0.13277174262756988,0.10549012660204746,synthetic_periodic,0.0001314,0.0,,0.04460583136341032,18.420663937452783,1.0,0.20578500927579646,-0.003790975910831102,0.03752774026050615,static_ridge,1000,,,0.11033098581168131,0.05575145435536031,15.468477697608996,,,6.9636761733655,,,,,,periodic,22
0.11695028139672313,0.08996755198843144,synthetic_periodic,,,,0.036066385404671164,11.96328181400339,1.0,0.1752690759788169,-0.00045928285659237747,0.029779350791555026,rolling_ridge,1000,,,0.08963944969609482,0.04644030750459373,10.611940614634415,,,5.630533520510621,0.003448,,,,,periodic,22
0.1104771793381316,0.08498698965195046,synthetic_periodic,,,,0.03445361126546417,13.094469355416363,1.0,0.17207795550424665,-0.0032938031409347887,0.028384476298015354,rls,1000,,,0.08874821660482718,0.04407847204345431,10.886033874806818,,,5.378753954858846,0.3073803,,,,,periodic,22
0.2403798402796388,0.2040403880653952,synthetic_periodic,,,,0.09506891804041023,37.26136256469432,1.0,0.32718329405809987,-0.01917828427777985,0.0893649142715258,hedge,1000,,,0.21062149426125684,0.11445320304392947,25.285706843796547,,,14.84176259359438,0.0021568,,,,,periodic,22
0.7658865872528148,0.5479262581744581,synthetic_periodic,,,,0.22858423949494786,91.61740721325292,1.0,1.560864578512971,-0.04628535567985282,0.2032273414330763,exp3,1000,,,0.5334265479776318,0.2927621145930637,49.995845126824356,,,35.68561718330771,0.0021232,,,,,periodic,22
0.2067433287774513,0.17061586412718976,synthetic_periodic,,,,0.07674462738358759,33.416082636433934,1.0,0.2797314593661675,-0.02365787024408473,0.06681680754861169,fixed_share,1000,,,0.17742512088761053,0.09333757590932666,21.974701419851208,,,11.981050835951578,0.0024498,,,,,periodic,22
0.1232006567527516,0.0976723666368545,synthetic_periodic,,,,0.040972244476451154,16.455949801295365,1.0,0.17663035701163987,0.0001715866019250015,0.03455952629103089,passive_aggressive,1000,,,0.10339369575796269,0.05147306488188982,13.563856691517657,,,6.396415757963249,0.0002631,,,,,periodic,22
0.25792357896373774,0.21870069356565186,synthetic_periodic,,,,0.09498076363030114,37.62401487393314,1.0,0.3459431671030292,-0.010771639926418365,0.08274674972033594,dma,1000,,,0.22613839344713446,0.11667239015280571,25.61067658020256,,,14.82800029511254,0.0080803,,,,,periodic,22
0.24846122653214858,0.20927648645198918,synthetic_periodic,,,,0.0968128979662651,39.16334695621019,1.0,0.3518383272447456,-0.025046796790807627,0.0865792006646254,ensemble_mean,1000,,,0.21989131365755793,0.11669309328392724,26.176179636287234,,,15.114025458903628,,,,,,periodic,22
0.357023435630197,0.33475829382980266,synthetic_periodic,,,,0.19723517637198548,101.90096417612655,1.0,0.40631176178628153,0.0238377642127459,0.20989647036901266,oracle_best_member,1000,,,0.34201150016379644,0.2206157006747374,49.919892178605664,,,30.79153232368155,,true,10,0.2206157006747374,,periodic,22
0.357023435630197,0.33475829382980266,synthetic_periodic,,,,0.19723517637198548,101.90096417612655,1.0,0.40631176178628153,0.0238377642127459,0.20989647036901266,validation_best_member,1000,,,0.34201150016379644,0.2206157006747374,49.919892178605664,,,30.79153232368155,,,,,10,periodic,22
0.09618282246687183,0.07809773651106383,synthetic_periodic,0.0057935,0.001,cholesky,0.033675821605378076,16.92020353377202,1.0,0.15658782709383468,0.001374274454361936,0.028142427734618475,adaptive_ridge,1000,110,quadratic,0.0809984487904984,0.041913711717894694,11.791680257418319,0.0009289,1,5.270222737708122,,,,,,periodic,23
0.10210753593511537,0.08487964397433646,synthetic_periodic,0.0001783,0.0001,,0.03630778744064597,18.319202094670658,1.0,0.1379556120133042,0.001953070753434602,0.03096384111773809,static_ridge,1000,,,0.08803116903576835,0.045402251630916685,12.554612911135186,,,5.682122003372499,,,,,,periodic,23
0.10469976038577009,0.08752142234002472,synthetic_periodic,,,,0.03766830874145793,18.6382482323079,1.0,0.13773326735006042,-0.002381294099326623,0.032135095183098705,rolling_ridge,1000,,,0.09091506950065784,0.04682173158077649,12.89642749828469,,,5.895041835847508,0.0136713,,,,,periodic,23
0.10369886149597367,0.08580679089610835,synthetic_periodic,,,,0.03663939361834191,18.265081847203962,1.0,0.14816377701895578,-0.001991949808514397,0.031116691519684936,rls,1000,,,0.08750722649325596,0.04585405155934808,12.655235836036574,,,5.734017943377673,0.0110196,,,,,periodic,23
0.2568828616042879,0.2093655247860255,synthetic_periodic,,,,0.08742834240838458,44.33785487611147,1.0,0.39027287558592455,-0.02501345515563417,0.07286359913696538,hedge,1000,,,0.21661009994904407,0.110387571995596,25.707520327853477,,,13.682423059493061,0.3097613,,,,,periodic,23
0.9588453351413537,0.7509409909037011,synthetic_periodic,,,,0.3734868449840809,204.25614567954335,1.0,1.4470143258879506,-0.2796813274148317,0.35164174388710595,exp3,1000,,,0.7696250256699133,0.4344940072843018,77.04544832271272,,,58.45021053192721,0.002549,,,,,periodic,23
0.2561969487229895,0.20824859471420604,synthetic_periodic,,,,0.08749494420516486,43.84000332178132,1.0,0.38129226169650393,-0.022928701602378084,0.07376081869448986,fixed_share,1000,,,0.21622205249156243,0.11009698906562355,25.85108062672237,,,13.692846154967219,0.0025838,,,,,periodic,23
0.12400226719550975,0.09845867166148844,synthetic_periodic,,,,0.040659144819005004,21.32898344718712,1.0,0.18877609034474296,-0.0038961696494782543,0.03369980130233942,passive_aggressive,1000,,,0.09888234268012187,0.05148986619188201,14.140295727602071,,,6.363103832533258,0.0001667,,,,,periodic,23
0.41507944400813146,0.334867412927535,synthetic_periodic,,,,0.1347875514078708,45.96379716936949,1.0,0.7984843405028231,-0.003320835531606011,0.10306497886232172,dma,1000,,,0.3488181704107128,0.1739988969854458,31.39509068996149,,,21.09407831274167,0.0015527,,,,,periodic,23
0.26574942374423377,0.21597298805699547,synthetic_periodic,,,,0.09104072639244115,42.11440525448666,1.0,0.39860558003613344,-0.042100088139102994,0.07725665669652315,ensemble_mean,1000,,,0.22509316804791243,0.11440110704979058,25.17591856939743,,,14.247756503564615,,,,,,periodic,23
0.739019279221481,0.6446065336368206,synthetic_periodic,,,,0.3556015753214876,184.02210986230716,1.0,0.9820662582749098,-0.3506028224970375,0.34589815694438497,oracle_best_member,1000,,,0.6494430903586004,0.3995747014784319,75.17957515637474,,,55.65118884953455,,true,3,0.3995747014784319,,periodic,23
0.739019279221481,0.6446065336368206,synthetic_periodic,,,,0.3556015753214876,184.02210986230716,1.0,0.9820662582749098,-0.3506028224970375,0.34589815694438497,validation_best_member,1000,,,0.6494430903586004,0.3995747014784319,75.17957515637474,,,55.65118884953455,,,,,3,periodic,23
0.07527789008314416,0.05819210728138901,synthetic_periodic,0.0168934,0.0,cholesky,0.02308928244167201,12.595516807608531,1.0,0.12009122928337246,-0.002641987395972646,0.018397654149246313,adaptive_ridge,1000,210,quadratic,0.06022748355090495,0.03000014198766014,7.4567743843646195,0.0042256,2,3.6051623738147134,,,,,,periodic,24
0.08714740196427267,0.07169554480247892,synthetic_periodic,0.000147,0.0,,0.03031019941295374,18.961240508406814,1.0,0.11908101231718662,-0.004377560695274988,0.025689527971403003,static_ridge,1000,,,0.07514043865695194,0.038087537038982454,10.603763020645017,,,4.732636916822635,,,,,,periodic,24
0.08950994873865138,0.07055247896599406,synthetic_periodic,,,,0.02820404151684788,18.84030596977247,1.0,0.13611495705643484,-0.003710113029672847,0.02284876270731022,rolling_ridge,1000,,,0.07361661414009299,0.0361584970141406,9.33914090869018,,,4.403781257512516,0.0100697,,,,,periodic,24
0.0828577723209597,0.06748583206077095,synthetic_periodic,,,,0.02801401841686745,16.461969384745753,1.0,0.12113880588587789,-0.008892951590369253,0.02324687908863665,rls,1000,,,0.07028603769785931,0.035278772074619685,9.675486662733336,,,4.374111035757652,0.0036606,,,,,periodic,24
0.36922628772726596,0.31916425972142787,synthetic_periodic,,,,0.15605854631057273,72.80230279799835,1.0,0.4392123768613807,-0.14837524937468893,0.14814544058356316,hedge,1000,,,0.3288204150867767,0.1839955436645339,38.152372440057476,,,24.36699367736418,0.0061788,,,,,periodic,24
0.9185692493014761,0.6771935540058038,synthetic_periodic,,,,0.2803595640591045,94.64611057918584,1.0,1.591502311441323,0.0702126979077384,0.22074430188622002,exp3,1000,,,0.6561523191284713,0.361856067529664,60.20075083558314,,,43.775364350897796,0.0025941,,,,,periodic,24
0.2283719207847976,0.1912239683764322,synthetic_periodic,,,,0.08331334956316125,28.390413889363398,1.0,0.3056182633447575,-0.052750875098702424,0.07155606917283949,fixed_share,1000,,,0.20138603429642002,0.10297092167923344,21.8183009445525,,,13.00855294400526,0.002373,,,,,periodic,24
0.09423917046946807,0.0764811735113659,synthetic_periodic,,,,0.031892284344708886,16.301820166570348,1.0,0.127705201094938,-0.0031765092931318414,0.02691454225961548,passive_aggressive,1000,,,0.07883215728965577,0.04035374859838936,10.919806291493924,,,4.97966378231971,0.0003849,,,,,periodic,24
0.255678185532339,0.20880639159733097,synthetic_periodic,,,,0.09631675929958407,41.41250381756148,1.0,0.3550293551618251,0.003317271813193131,0.08741863459171106,dma,1000,,,0.20989457009170276,0.11618087814013417,28.229921235751902,,,15.038906361504218,0.0016367,,,,,periodic,24
0.3692369045909152,0.3191022645315801,synthetic_periodic,,,,0.15593507657722158,72.58561836700459,1.0,0.4393680358318304,-0.14820690171408252,0.14769412903385326,ensemble_mean,1000,,,0.3287294235567731,0.18390350875070247,38.06185181531806,,,24.347715103501745,,,,,,periodic,24
0.5701869212165354,0.51308872616289,synthetic_periodic,,,,0.2375296522314408,72.78287665843357,1.0,0.6556990591054388,0.1608513762447631,0.20090006509744673,oracle_best_member,1000,,,0.529752580831135,0.2887717559368655,54.47699433402525,,,37.08789855437677,,true,4,0.2887717559368655,,periodic,24
0.5701869212165354,0.51308872616289,synthetic_periodic,,,,0.2375296522314408,72.78287665843357,1.0,0.6556990591054388,0.1608513762447631,0.20090006509744673,validation_best_member,1000,,,0.529752580831135,0.2887717559368655,54.47699433402525,,,37.08789855437677,,,,,4,periodic,24
0.019963105802680816,0.014624389091426021,synthetic_periodic,0.0070431,1.0e-6,cholesky,0.005201512136448602,1.8416475546676594,1.0,0.038753763869998514,0.00015924845844908267,0.00377969060357225,adaptive_ridge,1000,110,quadratic,0.015221429318643552,0.0071629194026161455,2.094504492798358,0.00153,1,0.8178334899742202,,,,,,periodic,25
0.02676242842311149,0.021996895402984884,synthetic_periodic,0.000129,1.0e-6,,0.009314101066368435,4.287449253100089,1.0,0.04039231886696182,0.0017450495549237324,0.007740948110256038,static_ridge,1000,,,0.022423927131644004,0.01166578058268936,3.591684554734392,,,1.464455639294455,,,,,,periodic,25
0.023798840569644538,0.017985031579514144,synthetic_periodic,,,,0.007063352569200326,3.045800958432635,1.0,0.045991066713450435,0.0005637648098613668,0.005606944277872172,rolling_ridge,1000,,,0.018544666750816854,0.009254592673098149,2.6201759876747563,,,1.1105705669912282,0.0027903,,,,,periodic,25
0.02275771466653634,0.01710058662279882,synthetic_periodic,,,,0.006842943346626697,3.138763710339179,1.0,0.04182360540440744,0.001169738041694309,0.005476613117144702,rls,1000,,,0.016917511609601057,0.008847138584033958,2.5032218164028954,,,1.0759156360805087,0.0048982,,,,,periodic,25
0.2942509948964064,0.24837164460428662,synthetic_periodic,,,,0.11818347126204716,62.28458808215356,1.0,0.38677160910005626,0.11000308271269929,0.10963647796161713,hedge,1000,,,0.25521643636235103,0.1403957285705906,29.940865299822487,,,18.581981205469226,0.002547,,,,,periodic,25
0.7589172330807992,0.482958410861245,synthetic_periodic,,,,0.22134343285761485,149.75123732132914,1.0,1.5272774284504331,0.15698333622956273,0.19873829425390752,exp3,1000,,,0.5623953785868332,0.26842010851716547,56.14788557357464,,,34.8018167463919,0.0022151,,,,,periodic,25
0.23930183849689896,0.20749816597729331,synthetic_periodic,,,,0.11075936519906925,67.41704807998838,1.0,0.34616189044081325,0.1058005493777799,0.11024109692677925,fixed_share,1000,,,0.211992569416889,0.1260566491445785,28.562249252453114,,,17.414689384908463,0.0026124,,,,,periodic,25
0.10606423787839182,0.07782438088905388,synthetic_periodic,,,,0.029407012473696162,11.193775053647462,1.0,0.1582290057239477,-0.000755946572312929,0.022738683749794555,passive_aggressive,1000,,,0.08056667311587472,0.0390818550498704,8.98567167728231,,,4.623663083000866,0.0003038,,,,,periodic,25
0.3206847280722814,0.26688345401634234,synthetic_periodic,,,,0.15060140272578706,95.39266232678341,1.0,0.5010050207212676,0.14252034644130762,0.1375776977274574,dma,1000,,,0.2609076932379841,0.16441130982264127,39.78834943988031,,,23.679050928897233,0.0015407,,,,,periodic,25
0.3311041413962254,0.2822949391504666,synthetic_periodic,,,,0.14104891594802763,67.69689565954606,1.0,0.48695002909226237,0.13504008206948795,0.13474799919248523,ensemble_mean,1000,,,0.2860540520829168,0.1646643434180984,32.545550998142566,,,22.17711391626506,,,,,,periodic,25
0.2546064110387405,0.25186849292337654,synthetic_periodic,,,,0.18232715777281355,135.67027618911766,1.0,0.2571660519504654,0.18232715777281355,0.1862353332460262,oracle_best_member,1000,,,0.2533554356024178,0.18971956922417887,50.698594302528804,,,28.667289789355248,,true,10,0.18971956922417887,,periodic,25
0.2546064110387405,0.25186849292337654,synthetic_periodic,,,,0.18232715777281355,135.67027618911766,1.0,0.2571660519504654,0.18232715777281355,0.1862353332460262,validation_best_member,1000,,,0.2533554356024178,0.18971956922417887,50.698594302528804,,,28.667289789355248,,,,,10,periodic,25
0.18405259077997677,0.14841100531573248,synthetic_periodic,0.1364082,0.001,cholesky,0.06162459693914863,30.019422670664643,1.0,0.288996759526264,-0.0036438347912142403,0.05111566163200171,adaptive_ridge,1000,110,quadratic,0.154081208375865,0.07769926286918383,18.51431868625698,0.0010736,1,9.606774402588275,,,,,,periodic,26
0.1910309417286973,0.15640906276351213,synthetic_periodic,0.0001421,0.0,,0.06588356330428258,41.78717627658572,1.0,0.284914946688096,-0.006143999058246436,0.05441854281007441,static_ridge,1000,,,0.16266857611087251,0.08250227435256506,19.233856710927327,,,10.27071268519408,,,,,,periodic,26
0.19250223334875727,0.15678193960735878,synthetic_periodic,,,,0.06538112788195363,37.51750495083532,1.0,0.2883279701704704,0.006115992786089729,0.05517072594654286,rolling_ridge,1000,,,0.16118283258505942,0.08220424665006572,19.303752770514702,,,10.192387081556468,0.009069,,,,,periodic,26
0.18997926722701156,0.15488863743483858,synthetic_periodic,,,,0.06625214149027223,42.00702350523747,1.0,0.29855429807235756,0.0029424211072528986,0.055912664081294916,rls,1000,,,0.15955685630912553,0.0826944332690807,19.638218959158763,,,10.328171032321512,0.3007403,,,,,periodic,26
0.329858473584775,0.2830970870990759,synthetic_periodic,,,,0.1410886612305982,84.08084523065202,1.0,0.4639833456859589,0.023184965827673026,0.13365601432460567,hedge,1000,,,0.28846080548349207,0.1653045209623632,34.41502642570379,,,21.99457694699342,0.0012981,,,,,periodic,26
0.8974126221811435,0.6033657320535166,synthetic_periodic,,,,0.2142910681336791,150.41979152597597,1.0,1.787115167266429,-0.10224569924062084,0.15898480861750433,exp3,1000,,,0.6065379997001097,0.30209888711241173,50.1677618535748,,,33.406237935847976,0.001791,,,,,periodic,26
0.25552407596036675,0.2134267756944807,synthetic_periodic,,,,0.09571247187869794,39.539793062531885,1.0,0.3377278504488054,-0.021546349582806403,0.08205578892198304,fixed_share,1000,,,0.22244413177147804,0.11637457292239048,24.82545485010553,,,14.920797384860407,0.0026107,,,,,periodic,26
0.19409975093397455,0.15416791904427524,synthetic_periodic,,,,0.06486616786251512,36.17486501340168,1.0,0.32636471971018727,-0.0001676261449350919,0.05462115220500813,passive_aggressive,1000,,,0.1598829730039821,0.08153973427115523,19.02801990404332,,,10.112108994902476,0.0002771,,,,,periodic,26
0.37453701920294885,0.30593478507882127,synthetic_periodic,,,,0.13273195082750078,71.53960977792329,1.0,0.5184857864909546,-0.08833190986499964,0.11432508046446199,dma,1000,,,0.32114882644334974,0.16445670551123936,37.02411403657766,,,20.69183363380643,0.0023314,,,,,periodic,26
0.33192668737797304,0.2830436872259397,synthetic_periodic,,,,0.14137877391618667,89.13246868058437,1.0,0.42513635804754824,0.010187280333566556,0.13153249657225766,ensemble_mean,1000,,,0.2922970791529073,0.16526014904608674,35.15908013051163,,,22.03980315958073,,,,,,periodic,26
0.4233127889987152,0.3444565234990806,synthetic_periodic,,,,0.15107618207628154,125.94811777988075,1.0,0.5704402841303782,-0.11792999844838412,0.13077395941382952,oracle_best_member,1000,,,0.3604493778329093,0.18596947508015146,40.50904200058177,,,23.551550369478782,,true,10,0.18596947508015146,,periodic,26
0.4233127889987152,0.3444565234990806,synthetic_periodic,,,,0.15107618207628154,125.94811777988075,1.0,0.5704402841303782,-0.11792999844838412,0.13077395941382952,validation_best_member,1000,,,0.3604493778329093,0.18596947508015146,40.50904200058177,,,23.551550369478782,,,,,10,periodic,26
0.09021312132489388,0.0717993035884419,synthetic_periodic,0.025800899999999998,0.0,cholesky,0.02962927093860724,10.384687040118896,1.0,0.13733711304233154,-0.0007256438010198144,0.023994510287813187,adaptive_ridge,1000,210,quadratic,0.07555190338871982,0.03735140725719105,10.236215731863755,0.0039311,2,4.639089488578321,,,,,,periodic,27
0.09973179056353856,0.07913580937376685,synthetic_periodic,0.0001306,0.001,,0.032838618030292456,11.043421999037015,1.0,0.13570034048419433,-0.00044153237050801746,0.026539548805923796,static_ridge,1000,,,0.08285522357657152,0.04158729384186355,11.237794553010113,,,5.141580703738007,,,,,,periodic,27
0.10061434268190819,0.0812987448871381,synthetic_periodic,,,,0.034870726494431785,13.64573475803039,1.0,0.15498664395251294,-0.004632463130731023,0.02922203651302531,rolling_ridge,1000,,,0.08278638605167596,0.043379778849901005,11.884617812915073,,,5.459750294720286,0.0102105,,,,,periodic,27
0.10072562106438106,0.07900560822044903,synthetic_periodic,,,,0.033104548077913985,11.3884052794911,1.0,0.138740108557572,0.00067691032109922,0.027484578204396592,rls,1000,,,0.08047186998251415,0.041652547759320264,11.866715389719513,,,5.183217681278708,0.3328366,,,,,periodic,27
0.31021680312382344,0.2654017284007367,synthetic_periodic,,,,0.13114022394632005,38.65511914267565,1.0,0.37477200127438604,-0.0640632125151542,0.1248545971620394,hedge,1000,,,0.2730951934838437,0.15406665642481893,30.51264474214144,,,20.5327777284748,0.0014062,,,,,periodic,27
1.018800858820117,0.6219881889892924,synthetic_periodic,,,,0.17559309582963967,99.66781744662595,1.0,2.0023496586989635,0.031337667328937564,0.10218621282952077,exp3,1000,,,0.731848448094537,0.2950282808567232,42.146825372562525,,,27.49281569627775,0.0014359,,,,,periodic,27
0.18457103201377398,0.1503873396498217,synthetic_periodic,,,,0.06549773198718663,21.971951355861375,1.0,0.2608982801875793,0.011085797861443014,0.05535867561242047,fixed_share,1000,,,0.1555932047187158,0.08110748480225573,18.998535100422043,,,10.255056245462933,0.0031166,,,,,periodic,27
0.10721085428990307,0.08394465762576615,synthetic_periodic,,,,0.03554685385278139,12.628778614901057,1.0,0.15658566039907984,0.0037319302111797504,0.031006128063491692,passive_aggressive,1000,,,0.08847500750179746,0.04444721970065627,11.81542265296022,,,5.565612343353174,0.0002773,,,,,periodic,27
0.23287270269183122,0.19697938240081125,synthetic_periodic,,,,0.08762534749370307,33.09519187335677,1.0,0.32553454515617275,0.049098290045060694,0.07681950326347917,dma,1000,,,0.20237454689532172,0.10716566477376807,26.823400613428582,,,13.719602798642764,0.0025916,,,,,periodic,27
0.4251157458923292,0.37333466473408033,synthetic_periodic,,,,0.18081744970136399,60.72066078527604,1.0,0.5092166778067571,-0.061976284576023666,0.16535848204415343,ensemble_mean,1000,,,0.38395314545715903,0.2143359676651925,41.61855030902104,,,28.310798871805353,,,,,,periodic,27
0.25820358072531957,0.21670648936982673,synthetic_periodic,,,,0.0973217410774516,44.53820899781734,1.0,0.3191566294319812,0.06974306754507326,0.08391029176942344,oracle_best_member,1000,,,0.22408397002061933,0.11851706278912684,31.210399976705002,,,15.237778444769567,,true,7,0.11851706278912684,,periodic,27
0.25820358072531957,0.21670648936982673,synthetic_periodic,,,,0.0973217410774516,44.53820899781734,1.0,0.3191566294319812,0.06974306754507326,0.08391029176942344,validation_best_member,1000,,,0.22408397002061933,0.11851706278912684,31.210399976705002,,,15.237778444769567,,,,,7,periodic,27
0.1629817148847617,0.13080851062788687,synthetic_periodic,0.1399417,0.001,cholesky,0.0554810080585415,232.1197898042824,1.0,0.24996744785533787,-0.006696967335953522,0.04696603489824337,adaptive_ridge,1000,110,quadratic,0.1334822118048716,0.06982186940593203,18.27386183265913,0.0009251,1,8.644263560234194,,,,,,periodic,28
0.16594295135302317,0.13460086898473161,synthetic_periodic,0.0001746,0.001,,0.05643991856058323,154.48667441603482,1.0,0.2558842745896457,-0.012480658452518882,0.04563987129102287,static_ridge,1000,,,0.14108759805504806,0.0710199736862037,18.501852503102903,,,8.793667390488663,,,,,,periodic,28
0.17004669105126483,0.13931070200456974,synthetic_periodic,,,,0.057810413108373704,144.5079014523895,1.0,0.27153034748113875,-0.011226269084200853,0.04865043831604679,rolling_ridge,1000,,,0.1444770288448754,0.07313113809451657,18.96483394536221,,,9.007198407561468,0.0027781,,,,,periodic,28
0.16396201850586717,0.13600312012690646,synthetic_periodic,,,,0.05687861712723964,136.5216519606921,1.0,0.2654219531889773,-0.009128327256250091,0.04741407062244063,rls,1000,,,0.1427081031602368,0.07166883144649745,18.49246264697329,,,8.862019177278002,0.0114666,,,,,periodic,28
0.2546050919756337,0.20766477062539254,synthetic_periodic,,,,0.08610198039811061,160.6620057366046,1.0,0.3768941359537148,-0.04177528195292884,0.0695654469254055,hedge,1000,,,0.21514467026192097,0.10877338527696286,24.95293592397765,,,13.415189046926493,0.0026192,,,,,periodic,28
0.6606318524547686,0.45680061341948053,synthetic_periodic,,,,0.1742513374436694,531.1074156936155,1.0,1.2233553270598658,-0.08760646079291058,0.1394728454378399,exp3,1000,,,0.4436931105871759,0.23614750183618077,44.9736457297843,,,27.14937127669019,0.0021032,,,,,periodic,28
0.21667636394293935,0.17563847400840657,synthetic_periodic,,,,0.07333612878060349,73.80572632835398,1.0,0.30702145200677633,-0.04039235539239115,0.060951821085592134,fixed_share,1000,,,0.18454472077853618,0.09231091670057708,23.154771673434876,,,11.426195158492906,0.0020248,,,,,periodic,28
0.18237227230429418,0.14523368107387116,synthetic_periodic,,,,0.06099446470453858,152.58268496940968,1.0,0.2678623166755528,-0.007866218555242221,0.05042155110660873,passive_aggressive,1000,,,0.1517009304522174,0.07706944099551619,18.6599037966783,,,9.503292154769367,0.0003702,,,,,periodic,28
0.3065285466576142,0.2517990063753439,synthetic_periodic,,,,0.10719807433919708,428.4850348240381,1.0,0.45697354463511203,-0.03710856041106057,0.09161073532986946,dma,1000,,,0.25547952545836095,0.1342748236233986,31.70719424377593,,,16.702083112113474,0.0015303,,,,,periodic,28
0.2729042399272838,0.2238233432094975,synthetic_periodic,,,,0.09472626245842314,155.77348400317985,1.0,0.4166291992836446,-0.03891332660826235,0.0782169485648081,ensemble_mean,1000,,,0.23100578536840524,0.11865533398237127,27.306849435295586,,,14.75890232388206,,,,,,periodic,28
0.3539212137330995,0.29838852406435407,synthetic_periodic,,,,0.13721798622831322,391.8631542673517,1.0,0.5128372420909059,-0.07647551372820123,0.12646155044278198,oracle_best_member,1000,,,0.3015792835928568,0.16714820546519557,42.70568070520303,,,21.379359886729986,,true,5,0.16714820546519557,,periodic,28
0.3539212137330995,0.29838852406435407,synthetic_periodic,,,,0.13721798622831322,391.8631542673517,1.0,0.5128372420909059,-0.07647551372820123,0.12646155044278198,validation_best_member,1000,,,0.3015792835928568,0.16714820546519557,42.70568070520303,,,21.379359886729986,,,,,5,periodic,28
0.09541395907353356,0.07368033785950306,synthetic_periodic,0.008628,0.0001,cholesky,0.0315438291597489,27.79190478743232,1.0,0.147894969395866,0.0033418361719942725,0.02743255273191364,adaptive_ridge,1000,110,quadratic,0.07717266798683159,0.03938341921516797,12.155928286541965,0.0018473,1,4.9574063459553885,,,,,,periodic,29
0.09624710335542706,0.07677553709484655,synthetic_periodic,0.0002546,0.0001,,0.03232999821750788,28.365232910186805,1.0,0.12169923449363762,0.00410386942306807,0.026330427236044493,static_ridge,1000,,,0.07803149680204918,0.04057117922772431,12.71700125293837,,,5.080960130633544,,,,,,periodic,29
0.09268159802006942,0.07505728011697502,synthetic_periodic,,,,0.03246095750179436,32.32985642518011,1.0,0.1304918533603714,0.01387041845283899,0.028572020979937236,rolling_ridge,1000,,,0.07741304646821509,0.040393747473324436,12.975370916878276,,,5.101541601059842,0.0078379,,,,,periodic,29
0.09679155849407232,0.07705217053254264,synthetic_periodic,,,,0.03274884642078963,29.518428002012925,1.0,0.12162344940735004,0.004484402442064781,0.027669812117864123,rls,1000,,,0.07923300871116708,0.04096629016849328,12.982924272555366,,,5.146786024199774,0.0099183,,,,,periodic,29
0.16904391161313062,0.13654275439954627,synthetic_periodic,,,,0.05895908189470708,51.526866087296675,1.0,0.2892988554465742,0.009008132577627252,0.05065114353197209,hedge,1000,,,0.14281092354801078,0.07319730183178443,18.94563149764465,,,9.26596848012003,0.0023334,,,,,periodic,29
0.7832536087235169,0.5924061805649684,synthetic_periodic,,,,0.24915657478210912,162.5805509824418,1.0,1.3291148143380316,-0.07660853017704368,0.21529040770406535,exp3,1000,,,0.6109253486952467,0.3143626978993783,58.67107925997075,,,39.15727474638557,0.0020455,,,,,periodic,29
0.16932977001033422,0.1365933802654787,synthetic_periodic,,,,0.05863308324884447,49.69691089527259,1.0,0.29052564890633725,0.007613736327023352,0.05163407473744208,fixed_share,1000,,,0.1409782698027604,0.07324633655898616,18.815706307663014,,,9.214734758697444,0.0022456,,,,,periodic,29
0.11065701608037633,0.08702460664536953,synthetic_periodic,,,,0.03637716904998743,31.264518894755405,1.0,0.15377523240653024,0.0021669768441659586,0.03057013046031104,passive_aggressive,1000,,,0.09058652606655533,0.04571851544074272,13.469943248059229,,,5.717010695911821,0.0002344,,,,,periodic,29
0.373842639495016,0.2840094411367195,synthetic_periodic,,,,0.12774454647563868,78.52968269727319,1.0,0.6143950674888559,0.031904614318133115,0.11841097226102623,dma,1000,,,0.27968791586959646,0.15760439262194237,32.0721214013209,,,20.07624445822244,0.0018807,,,,,periodic,29
0.1784215641078704,0.14590741252471984,synthetic_periodic,,,,0.06286923197880602,52.290997734000676,1.0,0.30739737888919794,0.019914445513241587,0.054435304838837004,ensemble_mean,1000,,,0.15073441947715463,0.07803789662519539,20.127080870073247,,,9.880484959472668,,,,,,periodic,29
0.5770114454625432,0.4704425028049249,synthetic_periodic,,,,0.20708255962506444,155.8823210833161,1.0,0.7940453568463026,-0.11817164864196239,0.17890644388344484,oracle_best_member,1000,,,0.4938822502968624,0.2549839909167405,52.345182889797556,,,32.544951661479004,,true,3,0.2549839909167405,,periodic,29
0.5770114454625432,0.4704425028049249,synthetic_periodic,,,,0.20708255962506444,155.8823210833161,1.0,0.7940453568463026,-0.11817164864196239,0.17890644388344484,validation_best_member,1000,,,0.4938822502968624,0.2549839909167405,52.345182889797556,,,32.544951661479004,,,,,3,periodic,29
0.19847269238695348,0.16029334941880494,synthetic_periodic,0.3708556,0.0,cholesky,0.06778668848581304,37.91533624186957,1.0,0.28047676750694694,-0.0040564612452133565,0.059602055389882835,adaptive_ridge,1000,110,quadratic,0.1627788834672965,0.08485762057209231,20.965237068736094,0.0009846,1,10.670950524711415,,,,,,periodic,30
0.21831965061806932,0.17924333890280858,synthetic_periodic,0.0001894,0.0,,0.07590738624445471,48.668598112251885,1.0,0.27858309820955546,-0.010347594380465374,0.06352776005861491,static_ridge,1000,,,0.18411764714608253,0.09506372558230007,23.20837900922389,,,11.949307174730336,,,,,,periodic,30
0.20224108598045112,0.16245707553156996,synthetic_periodic,,,,0.06807538724586397,52.9015614396005,1.0,0.2965003564726877,-0.005235729801507836,0.05787427468927209,rolling_ridge,1000,,,0.16971089305890263,0.08566496731739554,21.339022843702423,,,10.716397355849857,0.0108788,,,,,periodic,30
0.20480738919909988,0.16151411452617132,synthetic_periodic,,,,0.06673450071610686,57.546285107371865,1.0,0.3112317867211133,-0.00678738968897416,0.056787627002610225,rls,1000,,,0.1675210592457382,0.08437836014097132,20.948556068825408,,,10.50531559130423,0.0033497,,,,,periodic,30
0.27662699054676,0.23002887824470036,synthetic_periodic,,,,0.09969268366511282,73.47913878407827,1.0,0.3525776097139506,0.02190271278210741,0.08761608370678825,hedge,1000,,,0.2368924095021362,0.12317126029903824,29.823626324884703,,,15.693578176322463,0.0099885,,,,,periodic,30
0.9594657339243264,0.7464173351277746,synthetic_periodic,,,,0.3159347627023272,225.91796954446136,1.0,1.4781875829548117,-0.0279271571471948,0.27781999817599423,exp3,1000,,,0.7798983843325205,0.39559709130157755,64.57132807368659,,,49.73431063148266,0.0070554,,,,,periodic,30
0.26983112063607273,0.2242613946174773,synthetic_periodic,,,,0.09720026638209381,70.31796256640978,1.0,0.34422794837620185,0.013243319446651977,0.08376098523566247,fixed_share,1000,,,0.2347751558248144,0.12027923387103279,28.937658955620183,,,15.301222949829908,0.0064788,,,,,periodic,30
0.20316681223596558,0.15818692777083143,synthetic_periodic,,,,0.06565936585967162,42.114235963499965,1.0,0.2990095438231398,-0.0015045686477157196,0.05530845556762218,passive_aggressive,1000,,,0.16040064018528577,0.08289033885582117,19.844694416051606,,,10.336068337651854,0.0052985,,,,,periodic,30
0.5447559702532279,0.4298485454273187,synthetic_periodic,,,,0.17676295471859632,121.98378277887932,1.0,0.8876954097215717,-0.04309058056361405,0.1463917851083972,dma,1000,,,0.44718294475885373,0.22394633259580482,41.89041504783625,,,27.825946163437543,0.0016787,,,,,periodic,30
0.2836113243390711,0.23314119688390916,synthetic_periodic,,,,0.10194768417398427,73.19563319416602,1.0,0.3800634453450528,0.0315651504440127,0.0900821652316455,ensemble_mean,1000,,,0.24875499651761218,0.12576293465772095,30.137861034361276,,,16.048559359219492,,,,,,periodic,30
0.8667130021085676,0.6936815184651627,synthetic_periodic,,,,0.2923728387681625,179.7091761831221,1.0,1.2343174929152443,0.02889921277591895,0.24694778538424028,oracle_best_member,1000,,,0.702924120941189,0.3669239707622526,63.42090034328523,,,46.025202985353786,,true,8,0.3669239707622526,,periodic,30
0.8667130021085676,0.6936815184651627,synthetic_periodic,,,,0.2923728387681625,179.7091761831221,1.0,1.2343174929152443,0.02889921277591895,0.24694778538424028,validation_best_member,1000,,,0.702924120941189,0.3669239707622526,63.42090034328523,,,46.025202985353786,,,,,8,periodic,30
0.469909285428393,0.45367353589183673,synthetic_persistent_bias,0.0063376000000000005,1.0e-6,cholesky,0.40709711343337873,464.25937772776365,1.0,0.5071921970004796,0.40709711343337873,0.40749890410154793,adaptive_ridge,1000,110,quadratic,0.4562784902703914,0.40820323993140634,84.6343559715301,0.0009465,1,63.226528616478056,,,,,,persistent_bias,1
0.2990498753927997,0.29144904745954664,synthetic_persistent_bias,0.0001344,0.0,,0.2670070816392249,290.12167033783504,1.0,0.32477100541798104,0.2670070816392249,0.2670190418283759,static_ridge,1000,,,0.29261765536165346,0.2674836245000753,63.51694572445538,,,41.469050825946134,,,,,,persistent_bias,1
0.048443267518026384,0.031924242412662486,synthetic_persistent_bias,,,,0.011074248804694372,10.483383623209873,1.0,0.2864992003591029,0.0011928558890461666,0.008075887480834154,rolling_ridge,1000,,,0.030652999560139598,0.017803518825829933,5.12089201655248,,,1.7199490879480084,0.0118693,,,,,persistent_bias,1
0.05240625875064428,0.038680983898646625,synthetic_persistent_bias,,,,0.015437973086993486,22.1228518193264,1.0,0.27012609373788476,0.0017250966140734882,0.012298785094807169,rls,1000,,,0.037704319855904285,0.02120589217209647,6.774982201601738,,,2.3976820639504446,0.0259942,,,,,persistent_bias,1
0.4026714453815714,0.3572358828661288,synthetic_persistent_bias,,,,0.22522562283923753,208.17843955454066,1.0,0.47810037064079236,0.2250703930781432,0.22689838606503193,hedge,1000,,,0.3641087334274493,0.24089363372998335,54.204755049253116,,,34.97994414037906,0.0011824,,,,,persistent_bias,1
0.97287271305529,0.8764366345674972,synthetic_persistent_bias,,,,0.6012764296998645,600.9495915491154,1.0,1.4349721916036906,0.315025580595009,0.6017430403814215,exp3,1000,,,0.8736586066850579,0.6297691263270558,114.31558020994251,,,93.38464983995432,0.0064012,,,,,persistent_bias,1
0.38459169879383137,0.3196581520551321,synthetic_persistent_bias,,,,0.15207392467113376,137.66924502614978,1.0,0.5246745661587293,0.13609477081251814,0.13814472556092744,fixed_share,1000,,,0.332077012604099,0.1817693995512256,38.179558017414074,,,23.618704315900477,0.0012241,,,,,persistent_bias,1
0.05211404693800228,0.04000642747598969,synthetic_persistent_bias,,,,0.016597306115480458,19.75425947701606,1.0,0.18962257804923036,0.0003176751477551485,0.014174023785536172,passive_aggressive,1000,,,0.040240531759026144,0.02147913870918268,6.886798651822843,,,2.5777388623970277,0.0002828,,,,,persistent_bias,1
0.4916459426696575,0.36361747936986666,synthetic_persistent_bias,,,,0.1316442290149187,150.58001540926432,1.0,0.8559944358622181,0.006458400797328915,0.09966999287594766,dma,1000,,,0.37747311267388944,0.17907105701795178,36.43285213025132,,,20.445754436350406,0.0016538,,,,,persistent_bias,1
0.4171337167557682,0.3746857812316518,synthetic_persistent_bias,,,,0.25266775707598865,238.29168289216142,1.0,0.48848359630643234,0.25266775707598865,0.25481699223411236,ensemble_mean,1000,,,0.38446800432090955,0.2648160102641573,59.52938788713279,,,39.24200060888094,,,,,,persistent_bias,1
0.41618687005807314,0.4152240654404023,synthetic_persistent_bias,,,,0.4127743166184444,445.3153060715608,1.0,0.4177826830943987,-0.4127743166184444,0.4127531228675092,oracle_best_member,1000,,,0.41547150349985745,0.41277726212224636,86.4862425458891,,,64.10825889114103,,true,6,0.41277726212224636,,persistent_bias,1
0.8985692542061957,0.8770121213098592,synthetic_persistent_bias,,,,0.7999326880503362,897.20141810509,1.0,0.9351662563784038,-0.7999326880503362,0.8007422879090016,validation_best_member,1000,,,0.8787277302749923,0.8015276364511102,132.69198294573272,,,124.23808797295166,,,,,10,persistent_bias,1
0.7474566015300218,0.7156078164376738,synthetic_persistent_bias,0.0061726,0.0,cholesky,0.5997886782540917,1081.8744692180649,1.0,0.8500028727049828,0.5997886782540917,0.5998129940844645,adaptive_ridge,1000,110,quadratic,0.724209668542811,0.6045504295775982,116.28482878365884,0.0009288,1,94.51306268390644,,,,,,persistent_bias,2
0.6641885545082945,0.6539247350284846,synthetic_persistent_bias,0.0001321,0.0,,0.6268450816729907,1159.300866023573,1.0,0.6857512754047387,0.6268450816729907,0.6270137295953693,static_ridge,1000,,,0.6556376140703503,0.6270807297877125,115.9858624728711,,,98.77653687914317,,,,,,persistent_bias,2
0.23473401979208483,0.15014947548811283,synthetic_persistent_bias,,,,0.04777374112492976,170.65205621606745,1.0,0.6226963893460773,0.020246649341283843,0.03189125547098218,rolling_ridge,1000,,,0.14523462591278105,0.07501414752645753,17.732564259304624,,,7.5280557191051045,0.0212227,,,,,persistent_bias,2
0.2213512634231041,0.1607820082105868,synthetic_persistent_bias,,,,0.06106640877650542,160.3460300257343,1.0,0.6223761550640456,0.024845018825028695,0.047286628540430864,rls,1000,,,0.15276536535193153,0.08351454474123754,20.75013269187489,,,9.622678002817969,0.0114407,,,,,persistent_bias,2
0.2921051181269245,0.24967045781146757,synthetic_persistent_bias,,,,0.12874642280751067,255.03989892206022,1.0,0.3884965893970921,0.12447752798152113,0.12614962249292655,hedge,1000,,,0.2579107627247964,0.14821956701893663,35.45677994729186,,,20.28750986856756,0.0011805,,,,,persistent_bias,2
0.8890194578586795,0.7261701787283442,synthetic_persistent_bias,,,,0.4226961066043937,1014.6587512343829,1.0,1.208097253757355,0.3734179401052724,0.41390070396226,exp3,1000,,,0.7262486893203456,0.4613416624769061,83.97575445946006,,,66.60729865064226,0.0023842,,,,,persistent_bias,2
0.28832155604915266,0.2457994156547652,synthetic_persistent_bias,,,,0.12565714033102462,248.51832848073866,1.0,0.38348891429148646,0.12102188187284392,0.12239362829691491,fixed_share,1000,,,0.2546556231781328,0.14518888741579483,34.831138234364104,,,19.800709168697185,0.0013694,,,,,persistent_bias,2
0.17542119573023052,0.1305917630752563,synthetic_persistent_bias,,,,0.051501249504401915,105.39409176534964,1.0,0.6042913572301921,-0.0006994031118546704,0.04088705798052805,passive_aggressive,1000,,,0.1311407134976339,0.06858408750149907,17.504915971062726,,,8.115426314611064,0.0002843,,,,,persistent_bias,2
0.3985978648517166,0.3506110901335202,synthetic_persistent_bias,,,,0.23739568448683346,305.36581227861,1.0,0.5217744707168812,0.2368439231495782,0.23813588845267952,dma,1000,,,0.3549991393476782,0.24871080927276967,56.945827184517135,,,37.40816394551526,0.0017457,,,,,persistent_bias,2
0.29287280798778037,0.2504613982609477,synthetic_persistent_bias,,,,0.12942787349051896,256.48549593422257,1.0,0.3895300018700787,0.12524748354585227,0.12687813772293288,ensemble_mean,1000,,,0.2586801173635649,0.14887471150305673,35.60291177469346,,,20.39489100704892,,,,,,persistent_bias,2
0.5055386235210881,0.4348402764402168,synthetic_persistent_bias,,,,0.24339996706036587,284.76482684886486,1.0,0.6724875284359739,0.24066912218039496,0.24027353446177926,oracle_best_member,1000,,,0.44055283810909873,0.27137530083006245,57.58793512164185,,,38.35430240364026,,true,1,0.27137530083006245,,persistent_bias,2
0.7516218646387073,0.6708190505147523,synthetic_persistent_bias,,,,0.4384952885529005,1021.9621142969238,1.0,0.8928790636758557,0.4384952885529005,0.437809274828344,validation_best_member,1000,,,0.6884251166849555,0.46331967540729774,88.46616444566139,,,69.09689061526598,,,,,6,persistent_bias,2
4.130816007978371,3.9019223262008618,synthetic_persistent_bias,0.0054885,0.0,cholesky,3.114605129533845,1819.2406032384536,1.0,4.5920015307356365,-3.114605129533845,3.1187767568944347,adaptive_ridge,1000,110,quadratic,3.9435271124961186,3.156768705119933,173.7143460601648,0.0008704,1,486.5171098055121,,,,,,persistent_bias,3
0.2763789479466218,0.2557063081193957,synthetic_persistent_bias,0.0001291,0.0,,0.19218181391481645,116.81791113668542,1.0,0.32448542065505703,-0.19218181391481645,0.1923222854230155,static_ridge,1000,,,0.2568294598984253,0.1965683937346028,49.42285388636123,,,30.019773542532853,,,,,,persistent_bias,3
0.1084958901533206,0.08588811458015533,synthetic_persistent_bias,,,,0.036600604725239946,30.213180476318957,1.0,0.2809689666075734,-0.0051372718973010595,0.03199767355457517,rolling_ridge,1000,,,0.08709664188592975,0.04586765498585543,12.945839622273747,,,5.717199994056006,0.0153931,,,,,persistent_bias,3
0.11437379838370167,0.08835082664715348,synthetic_persistent_bias,,,,0.03701167485166655,28.836726441678945,1.0,0.3381978175165883,-0.0038490750905746736,0.031620875311733965,rls,1000,,,0.088707127077065,0.047051383113033245,12.83619606117706,,,5.781411231602639,0.0122281,,,,,persistent_bias,3
0.23383209707570227,0.196643345892001,synthetic_persistent_bias,,,,0.08878759401077413,53.006644224126035,1.0,0.3148536381944743,0.06981619011610998,0.07959485034375124,hedge,1000,,,0.20360340745767075,0.10820071299151131,25.03219301285903,,,13.869072267010669,0.0026344,,,,,persistent_bias,3
0.9777584045675664,0.857529908921335,synthetic_persistent_bias,,,,0.5834004953787302,328.77051897738505,1.0,1.3914553494958537,0.40863599595609296,0.5742423066912821,exp3,1000,,,0.8473841257134631,0.605544155505111,109.61683214207292,,,91.13011475494633,0.0018821,,,,,persistent_bias,3
0.41339651752687145,0.35677781026821703,synthetic_persistent_bias,,,,0.17647758347417838,101.4470523124511,1.0,0.5762603777463347,0.16456648567695584,0.16267685447769323,fixed_share,1000,,,0.3636302640049857,0.2066944467071189,43.871655232836694,,,27.566693139739552,0.0016193,,,,,persistent_bias,3
0.13275165276102446,0.10491646355685359,synthetic_persistent_bias,,,,0.04419708817033731,26.362514331179565,1.0,0.17602266195754812,-0.00017185040391937947,0.03833010307260572,passive_aggressive,1000,,,0.1121337589259057,0.055223653618307736,14.928354071172942,,,6.9038092163131255,0.0003299,,,,,persistent_bias,3
0.7827984332075463,0.643197516972245,synthetic_persistent_bias,,,,0.2986816518443666,169.65719899341042,1.0,1.1506575561394201,0.2587797931203941,0.2760323611209383,dma,1000,,,0.6640392881025662,0.36169029761217564,63.12349564437112,,,46.65558809665422,0.0025744,,,,,persistent_bias,3
0.2372707812616542,0.19867546908597328,synthetic_persistent_bias,,,,0.08828773811384455,53.860958533888734,1.0,0.34415879189470044,0.06129794299454086,0.07553033992291763,ensemble_mean,1000,,,0.20530510557709555,0.10836517748695935,24.763590813304013,,,13.790992242038188,,,,,,persistent_bias,3
0.8514982919355212,0.688962892511109,synthetic_persistent_bias,,,,0.30241627511619074,193.31004674486167,1.0,1.1867855106259033,0.2351682635266082,0.26287780354814877,oracle_best_member,1000,,,0.7102037424426187,0.3754810635608483,63.180175507944256,,,47.238955183284624,,true,1,0.3754810635608483,,persistent_bias,3
0.7336196626559129,0.6890286829627328,synthetic_persistent_bias,,,,0.5574668012883987,307.4100908769987,1.0,0.7933730440514057,0.5574668012883987,0.5609778688738474,validation_best_member,1000,,,0.6982744996277058,0.5641225251422566,105.98597651927619,,,87.07914027482121,,,,,4,persistent_bias,3
0.6983288162246069,0.6676866390226734,synthetic_persistent_bias,0.0059019,0.0001,cholesky,0.5670788520634233,235.6978611271744,1.0,0.7699315870662398,-0.5670788520634233,0.5682247087468845,adaptive_ridge,1000,110,quadratic,0.6715480608300156,0.5708305597603481,105.36569268265579,0.0009067,1,88.14610397501383,,,,,,persistent_bias,4
0.531740639536091,0.5168992921374491,synthetic_persistent_bias,0.0001237,0.0001,,0.47348328938818685,200.41559530284232,1.0,0.5623767885788558,-0.47348328938818685,0.47276123396326225,static_ridge,1000,,,0.5200205111059771,0.47427863648444035,94.82533708430427,,,73.59771415382434,,,,,,persistent_bias,4
0.10692239243548844,0.08164881089155641,synthetic_persistent_bias,,,,0.03331620129666959,15.899020419298724,1.0,0.40085510937103014,-0.006274735350893315,0.0278454697393567,rolling_ridge,1000,,,0.082305559788493,0.043452892901462016,12.231453484985657,,,5.178633152802322,0.0043513,,,,,persistent_bias,4
0.10482213948247242,0.07926256154304083,synthetic_persistent_bias,,,,0.03282679200673817,14.150397981387517,1.0,0.4399458739724357,-0.004330765330787831,0.027574797978028198,rls,1000,,,0.07804174372031042,0.042900916339382124,12.061840315024938,,,5.102559918895501,0.0032903,,,,,persistent_bias,4
0.20151025136109244,0.16423292523784683,synthetic_persistent_bias,,,,0.07163699422413813,30.302202637709648,1.0,0.3157796740070655,-0.05197827577483145,0.06116775727951057,hedge,1000,,,0.17094972982166956,0.08848279022536448,21.073587661936127,,,11.135174444191959,0.0024932,,,,,persistent_bias,4
0.9288003300648193,0.8062825539778207,synthetic_persistent_bias,,,,0.5193149537192334,210.0056466413709,1.0,1.1151536913279068,-0.2539848968006351,0.49020584477164736,exp3,1000,,,0.8384450446689584,0.5401152521023094,98.82237961487407,,,80.72173691498445,0.0018337,,,,,persistent_bias,4
0.5142736691668737,0.41974968473606844,synthetic_persistent_bias,,,,0.20009799731094965,80.26794517459453,1.0,0.7700677897844389,-0.17458717359186648,0.1909390047016016,fixed_share,1000,,,0.43763824324753786,0.23824238802321282,47.55728018495756,,,31.10300941744579,0.0403108,,,,,persistent_bias,4
0.12456001389624761,0.09504481477093499,synthetic_persistent_bias,,,,0.03780216722817941,15.117611712326074,1.0,0.3880705101618343,0.00046519142850758846,0.03132445413047413,passive_aggressive,1000,,,0.09741385914962795,0.04952293456731937,11.925263098496208,,,5.875926691414145,0.0002883,,,,,persistent_bias,4
0.5739733143544735,0.4511489987643566,synthetic_persistent_bias,,,,0.193768214259266,75.88384198591787,1.0,0.7830467077602272,-0.12692189708682086,0.17148889352730884,dma,1000,,,0.4742432731523068,0.24113473287668996,46.83719417136941,,,30.11911500314556,0.0015579,,,,,persistent_bias,4
0.21578503479662303,0.18119652123117966,synthetic_persistent_bias,,,,0.0844374740575255,35.242045842474646,1.0,0.3227180593263843,-0.07564085558416565,0.07867193877484002,ensemble_mean,1000,,,0.18553452234054255,0.10146100045314473,23.729928169569934,,,13.124866745744471,,,,,,persistent_bias,4
0.6915964901641228,0.5799337714033027,synthetic_persistent_bias,,,,0.27434306509519446,109.25134454060574,1.0,0.9087497329556692,-0.24303375963534019,0.26012123260955416,oracle_best_member,1000,,,0.5986620351980261,0.3281912003636873,59.66691023233008,,,42.643579905533834,,true,10,0.3281912003636873,,persistent_bias,4
0.5113534446612747,0.505324522331359,synthetic_persistent_bias,,,,0.48893419890599576,205.7647522619787,1.0,0.5303179173776135,-0.48893419890599576,0.48847903802692166,validation_best_member,1000,,,0.5060338886744914,0.48904204591062883,96.98935867985006,,,75.99938628797226,,,,,4,persistent_bias,4
1.0514447507343674,1.0118863082018652,synthetic_persistent_bias,0.0063334,1.0e-6,cholesky,0.8959332259863798,468.50258791700765,1.0,1.1828191584429728,0.8959332259863798,0.8956065190003962,adaptive_ridge,1000,110,quadratic,1.0150896343616753,0.8992441267508079,140.9014481696747,0.0007968,1,140.55782381263091,,,,,,persistent_bias,5
0.7265244406930776,0.7227252511374104,synthetic_persistent_bias,0.0001325,1.0e-6,,0.7108870552467064,369.57644263800694,1.0,0.7351908438827306,0.7108870552467064,0.7108730293166364,static_ridge,1000,,,0.7233534149231919,0.7109294978622682,124.84450041154041,,,111.52699170414023,,,,,,persistent_bias,5
0.08807507228764179,0.059027578706957455,synthetic_persistent_bias,,,,0.021693574192135166,12.202565768250565,1.0,0.7155596491260466,0.004421791551006475,0.016743635775677196,rolling_ridge,1000,,,0.054434302961747796,0.03694074864629825,8.897470748441453,,,3.4033803979167594,0.0135327,,,,,persistent_bias,5
0.08644012567283955,0.0608720775149869,synthetic_persistent_bias,,,,0.023444873418915678,10.99405870565118,1.0,0.7158042040369068,0.004231185089775661,0.01865981953437912,rls,1000,,,0.05638587575898277,0.03736249823720098,9.000590719421849,,,3.678131686317748,0.0112491,,,,,persistent_bias,5
0.3079459719387278,0.2771913016196047,synthetic_persistent_bias,,,,0.1730420898274878,89.26460699982974,1.0,0.36375177616625753,0.17265495092833794,0.1754771389909611,hedge,1000,,,0.2814435413008234,0.18563489813423742,45.77883093230043,,,27.147580722172297,0.0009168,,,,,persistent_bias,5
0.9220997358177485,0.8141582569292605,synthetic_persistent_bias,,,,0.5994925352227731,305.7289516643837,1.0,1.3517924367673526,0.41438307447257794,0.6038448051458374,exp3,1000,,,0.8229282751526562,0.6148914594519107,111.98391659591846,,,94.05094453334958,0.0020135,,,,,persistent_bias,5
0.6546763260795646,0.5542868873143234,synthetic_persistent_bias,,,,0.26873934074289796,130.55844921412256,1.0,0.9995656386519364,0.21805116660589519,0.2519384634530816,fixed_share,1000,,,0.5680664592077687,0.31813809638259083,58.68357464477941,,,42.160973398520966,0.0022376,,,,,persistent_bias,5
0.10687259242684011,0.08058127006622996,synthetic_persistent_bias,,,,0.032726861461366274,16.4530973114794,1.0,0.5091924578306487,-0.00011647734759936463,0.026414355818227805,passive_aggressive,1000,,,0.08196487828723793,0.04402473115225402,11.951987518956397,,,5.134329539082226,0.0003021,,,,,persistent_bias,5
0.6790294145452722,0.5660156275364892,synthetic_persistent_bias,,,,0.31092214696768017,163.77720205392092,1.0,1.0483161326005144,0.041222637356797175,0.31766232488969187,dma,1000,,,0.5787953674903994,0.3503361756821217,66.52649330603447,,,48.77879186232178,0.0021345,,,,,persistent_bias,5
0.3027331333601555,0.2699014921922753,synthetic_persistent_bias,,,,0.160222736384213,81.87789132683092,1.0,0.363131659933471,0.1592861344098359,0.16239022049650467,ensemble_mean,1000,,,0.2776629175591897,0.17489477242108323,43.2425173189626,,,25.13642590570938,,,,,,persistent_bias,5
0.7763482182511051,0.6697974650543155,synthetic_persistent_bias,,,,0.3660511716332639,189.34531273839997,1.0,1.048330673568258,0.3627482816308811,0.3574606622226664,oracle_best_member,1000,,,0.7020565367119403,0.41096277586715585,76.59817112998218,,,57.42766826421682,,true,8,0.41096277586715585,,persistent_bias,5
0.6120375947966596,0.609917616870522,synthetic_persistent_bias,,,,0.6038972818579444,313.9815672522471,1.0,0.6161575836288129,0.6038972818579444,0.6039815000925908,validation_best_member,1000,,,0.6100955571064279,0.6039102429750308,112.63478899837635,,,94.74197996269653,,,,,2,persistent_bias,5
0.7969460135613414,0.7750825691248343,synthetic_persistent_bias,0.0069913,0.0,cholesky,0.7064461841771964,283.2406965806307,1.0,0.8310354913469312,-0.7064461841771964,0.7072991274717535,adaptive_ridge,1000,110,quadratic,0.7796773283740333,0.707894658686705,124.68739536585248,0.0009445,1,110.7306152338268,,,,,,persistent_bias,6
0.7305964740952462,0.7282659179099181,synthetic_persistent_bias,0.0001423,0.0,,0.7208587003089976,292.038785268017,1.0,0.7355475412501473,-0.7208587003089976,0.7208741706099582,static_ridge,1000,,,0.7286878384998423,0.7208743060531558,125.1645217549638,,,112.9896787181891,,,,,,persistent_bias,6
0.32065241630631675,0.2103306229635499,synthetic_persistent_bias,,,,0.06611275371969731,35.976908271731666,1.0,0.7258472528964994,-0.02494459888425598,0.04385854036799811,rolling_ridge,1000,,,0.20815235190214404,0.10220937015199096,20.26376298797193,,,10.362722678884648,0.0050588,,,,,persistent_bias,6
0.31446596141623506,0.22826406932862758,synthetic_persistent_bias,,,,0.08838651204736385,48.74136891647541,1.0,0.7255199499843,-0.022969773158998102,0.0722759620102833,rls,1000,,,0.22957314682882837,0.11775224313594401,26.075946146362575,,,13.853982195085036,0.008736,,,,,persistent_bias,6
0.3956800390570841,0.3397259587892684,synthetic_persistent_bias,,,,0.18267740517885023,68.30280413392136,1.0,0.5224398298065427,-0.1775857991660984,0.1790820319306959,hedge,1000,,,0.3452048900493333,0.20746249880795448,46.45615893215984,,,28.63343580563442,0.0009304,,,,,persistent_bias,6
0.897105637268759,0.7699108029592562,synthetic_persistent_bias,,,,0.6453468586221818,262.9710127598103,1.0,1.2526583723166511,-0.5981206620596689,0.698346985929152,exp3,1000,,,0.7146401662877703,0.6659873373904973,115.45543492331271,,,101.15371318436843,0.0016903,,,,,persistent_bias,6
0.6066337384648203,0.49453680522863475,synthetic_persistent_bias,,,,0.20731312258805473,91.15841220606188,1.0,0.8828365965497584,0.049972223025512456,0.17519871821450506,fixed_share,1000,,,0.530276314426278,0.25897472684123574,51.44219899325636,,,32.494916278666,0.0015239,,,,,persistent_bias,6
0.43676235059018326,0.31908348139524445,synthetic_persistent_bias,,,,0.11585999624507008,61.40550040829738,1.0,0.9076247056607742,0.0044101194777311494,0.08450746232475263,passive_aggressive,1000,,,0.3270706125917364,0.15915107518377017,30.592112957108135,,,18.160263233848166,0.0002772,,,,,persistent_bias,6
0.6770454451794237,0.5394370817059214,synthetic_persistent_bias,,,,0.22481861726800842,93.250163168382,1.0,0.9168465722240503,0.08186763237849128,0.1887005446562593,dma,1000,,,0.5732273493977161,0.28290507991250324,51.656100858964344,,,35.238783029310866,0.0017632,,,,,persistent_bias,6
0.38275965735291306,0.3266465650318632,synthetic_persistent_bias,,,,0.16885570369150316,62.30334407277941,1.0,0.5209186658058633,-0.16030875531130157,0.16396505987803697,ensemble_mean,1000,,,0.3344486250007219,0.19454930188218866,43.08620344375032,,,26.466978482271834,,,,,,persistent_bias,6
0.9450345173915895,0.7629348933102729,synthetic_persistent_bias,,,,0.329186781145576,128.2349395418115,1.0,1.381833699128511,0.11105294763750427,0.282389158027846,oracle_best_member,1000,,,0.7895997139706638,0.40793790219188286,66.42903950324923,,,51.59778001426615,,true,1,0.40793790219188286,,persistent_bias,6
0.7075621763663216,0.705542022628156,synthetic_persistent_bias,,,,0.6994094013929966,283.38873448312427,1.0,0.7104568842804629,-0.6994094013929966,0.6994046977182506,validation_best_member,1000,,,0.7059706863238671,0.6994203814477229,122.78972947631006,,,109.62764758474992,,,,,8,persistent_bias,6
0.27280241823973894,0.22790485025092097,synthetic_persistent_bias,0.0069759,0.01,cholesky,0.10661769430202192,42.1255960812437,1.0,0.379611542132512,-0.0962849434428605,0.10004870950049102,adaptive_ridge,1000,110,quadratic,0.23197123936283004,0.12784471884901294,30.535389725577755,0.0013592,1,16.61529395440632,,,,,,persistent_bias,7
0.2799333915694243,0.239905941929731,synthetic_persistent_bias,0.0002426,0.001,,0.12674562143065662,56.38406089033368,1.0,0.3787002266473043,-0.12435729535645869,0.12394566900735388,static_ridge,1000,,,0.2501501058776887,0.1442299234906758,36.31594989225264,,,19.752028697400974,,,,,,persistent_bias,7
0.17895048434139063,0.142542185815574,synthetic_persistent_bias,,,,0.06083817924490502,27.843548821455748,1.0,0.26980055089727195,0.003337170299527144,0.05168204434189283,rolling_ridge,1000,,,0.14614008114924995,0.07621424122563783,17.96670645436622,,,9.48101755925694,0.0158154,,,,,persistent_bias,7
0.17551916476091492,0.14027331327610387,synthetic_persistent_bias,,,,0.05966088237452086,24.720833253791326,1.0,0.2946641728142768,0.0019131354473919963,0.05021524180286979,rls,1000,,,0.14276622808950823,0.07485317112805695,17.562563571352825,,,9.297547698075892,0.0037407,,,,,persistent_bias,7
0.24864538803964456,0.20286667843499379,synthetic_persistent_bias,,,,0.08764479247416648,34.8461392340501,1.0,0.3479995358840866,-0.05895581079484428,0.0753646959106031,hedge,1000,,,0.20887973719004838,0.1093681848234326,26.250260596224262,,,13.65855827275753,0.0027702,,,,,persistent_bias,7
0.9752980333477583,0.824219802682683,synthetic_persistent_bias,,,,0.4677583325054288,250.88270093910882,1.0,1.253727252933945,0.14945919942471117,0.45496745190791055,exp3,1000,,,0.8576767974133508,0.5122811496840031,92.33603553470977,,,72.89542552087664,0.0029937,,,,,persistent_bias,7
0.24014832115633972,0.1943642396370684,synthetic_persistent_bias,,,,0.08263515222078409,39.7095253237946,1.0,0.32499097664074506,0.015708797776554984,0.06996495689507842,fixed_share,1000,,,0.20395321955263657,0.10309337555137683,24.626697463961694,,,12.877856289276385,0.0021631,,,,,persistent_bias,7
0.1900610210597635,0.14812759779156667,synthetic_persistent_bias,,,,0.061710408518089364,28.836046357351293,1.0,0.29624043517211673,-0.007519204411979236,0.05401406098087114,passive_aggressive,1000,,,0.15238640518333785,0.07798884948148604,19.641300828575364,,,9.616945707623598,0.0003259,,,,,persistent_bias,7
0.5815004636871194,0.4376200984339634,synthetic_persistent_bias,,,,0.1680065739576056,99.03889655054607,1.0,1.0066515867164834,-0.016676158184549032,0.13431622465763726,dma,1000,,,0.46127043520327493,0.22132405997063537,40.21881302639114,,,26.182132626792182,0.0028053,,,,,persistent_bias,7
0.24937870668173828,0.20354173634404765,synthetic_persistent_bias,,,,0.08763217507753097,36.867004938605206,1.0,0.37322105313705023,-0.05103585602319883,0.07327146263106088,ensemble_mean,1000,,,0.2099655078108139,0.10949734160134088,25.90842296406779,,,13.656591978556452,,,,,,persistent_bias,7
0.9468139483844924,0.7509803301938079,synthetic_persistent_bias,,,,0.3169238206938281,142.6023253437807,1.0,1.7361963564233405,-0.16077555573163865,0.2648468447387854,oracle_best_member,1000,,,0.7790513996266667,0.39890390464586983,66.58578780764637,,,49.389385846826116,,true,5,0.39890390464586983,,persistent_bias,7
0.7776141374842672,0.702967559387943,synthetic_persistent_bias,,,,0.46795111068591744,225.13520075505448,1.0,0.9586478561311328,0.4678757253720094,0.4654835133060412,validation_best_member,1000,,,0.7177490201260849,0.49124001313457927,93.65102285992566,,,72.92546805891672,,,,,9,persistent_bias,7
0.21040090831765149,0.175430233620203,synthetic_persistent_bias,0.014636900000000001,0.0001,cholesky,0.08344969091720275,40.337943638257016,1.0,0.2796427562431427,-0.07677379134978969,0.07545228807026136,adaptive_ridge,1000,110,quadratic,0.18075324413188412,0.09921124185582887,25.576544344796414,0.0117411,1,13.042761436755951,,,,,,persistent_bias,8
0.21798450081011644,0.19856108294560443,synthetic_persistent_bias,7.55e-5,0.0001,,0.13958277787290016,72.1195609708302,1.0,0.27133843725299767,-0.13958277787290016,0.13939875154713427,static_ridge,1000,,,0.20078520098341623,0.14474627517681274,38.70361895831093,,,21.816076877771124,,,,,,persistent_bias,8
0.0887805448886148,0.07175152429758327,synthetic_persistent_bias,,,,0.029545174737088495,17.944834367605132,1.0,0.17243691751505735,0.0003316040214464856,0.023801691347529463,rolling_ridge,1000,,,0.07244660462185465,0.03750004686036862,11.065846597586726,,,4.617760251328574,0.0111873,,,,,persistent_bias,8
0.09036529913101564,0.0737279708786973,synthetic_persistent_bias,,,,0.03071536766026253,17.776426524234363,1.0,0.17226040254518443,-0.001184717517682632,0.02524308732572094,rls,1000,,,0.07512862357272557,0.03864069415672767,11.843806128932954,,,4.800655442001984,0.0036843,,,,,persistent_bias,8
0.23833319371583456,0.20121246024200115,synthetic_persistent_bias,,,,0.09721731296424546,49.61606355495905,1.0,0.308082234582972,-0.08649800799619234,0.09175630463653872,hedge,1000,,,0.21338577372820525,0.1149327321127373,28.582186017474214,,,15.194570603900303,0.0009775,,,,,persistent_bias,8
0.9776052947730135,0.9007691565510383,synthetic_persistent_bias,,,,0.592147176628757,319.230080975342,1.0,1.215276661394733,0.15770320672450927,0.6658572843491343,exp3,1000,,,0.9053250029250154,0.6422188546083253,102.06089925467587,,,92.54958616779442,0.0106681,,,,,persistent_bias,8
0.40362152233194026,0.3397788449678542,synthetic_persistent_bias,,,,0.16540518574714233,80.49941983453884,1.0,0.5497972355159966,-0.1510421900018566,0.15711101072074013,fixed_share,1000,,,0.3493033114627608,0.19456697604399975,40.889369629414766,,,25.851987639388096,0.0017335,,,,,persistent_bias,8
0.0957655886955611,0.07754458980605455,synthetic_persistent_bias,,,,0.032803095539485544,19.930813420461032,1.0,0.14217587065003867,-0.0011562751230170631,0.027503461567193216,passive_aggressive,1000,,,0.08130367320559245,0.04110162641431587,12.826529218760061,,,5.126956670613929,0.0003062,,,,,persistent_bias,8
0.5529037256176282,0.4623617804858798,synthetic_persistent_bias,,,,0.24837334871116434,133.39431245701218,1.0,0.7335823822044494,-0.2187232133148666,0.2531878233904405,dma,1000,,,0.47404401184351896,0.28207092079431256,60.522640686245154,,,38.8194887108936,0.001634,,,,,persistent_bias,8
0.23114542990107848,0.1933760821179276,synthetic_persistent_bias,,,,0.09027781172074474,46.62056595938564,1.0,0.29527975861867384,-0.07561142815386154,0.08440119440535732,ensemble_mean,1000,,,0.20571212233936662,0.10821524093185397,27.093507874171213,,,14.109961922738693,,,,,,persistent_bias,8
0.5652499888880219,0.5218738884267732,synthetic_persistent_bias,,,,0.35546099473719434,174.75902950141523,1.0,0.6936668264397956,-0.35546099473719434,0.35567073575358626,oracle_best_member,1000,,,0.5309571057138588,0.37098169492603206,76.93195509217128,,,55.556742073845825,,true,9,0.37098169492603206,,persistent_bias,8
0.9281453317339714,0.8867500700503981,synthetic_persistent_bias,,,,0.7491515044285297,402.73208817388183,1.0,1.0141159456061035,0.7491515044285297,0.7489354506464417,validation_best_member,1000,,,0.8944755386950429,0.7545421955646442,127.33743706937017,,,117.08856252017449,,,,,7,persistent_bias,8
0.19840751894425457,0.16771268286808547,synthetic_persistent_bias,0.0068842999999999994,0.0001,cholesky,0.08475274715283705,68.7206068297914,1.0,0.28198393991998,-0.07973707704895205,0.08201770424475746,adaptive_ridge,1000,110,quadratic,0.17189105896182696,0.09830508689125479,25.2911959343591,0.0009273,1,13.302992896675097,,,,,,persistent_bias,9
0.2907271606796622,0.2735761420156165,synthetic_persistent_bias,0.0001539,0.0001,,0.22048703199203182,168.25691851661898,1.0,0.32038447179559837,-0.22048703199203182,0.22036446541755506,static_ridge,1000,,,0.2754394749169938,0.22309811552640138,54.98288780444875,,,34.608169279864924,,,,,,persistent_bias,9
0.10221747879505683,0.07839242759845914,synthetic_persistent_bias,,,,0.03183994471038714,18.559316845163607,1.0,0.2811614777738439,-0.002884785781521929,0.02648612814183121,rolling_ridge,1000,,,0.07913514765714098,0.04138926858945803,11.140865163604806,,,4.997673497815691,0.0139995,,,,,persistent_bias,9
0.09970407062572254,0.07727708991229958,synthetic_persistent_bias,,,,0.03163012083446363,19.385201596037923,1.0,0.28272471715922,-0.002171813996947686,0.02581881186728613,rls,1000,,,0.07856961050365484,0.040846508636780667,11.038091923238671,,,4.964739042889649,0.0094126,,,,,persistent_bias,9
0.30625378730084774,0.26645557037314505,synthetic_persistent_bias,,,,0.14804016599923164,119.25325746148039,1.0,0.3917729839942462,0.14547428348089,0.1487176921820716,hedge,1000,,,0.2708939307272444,0.1660491148004413,38.94203759536617,,,23.236736776908796,0.0079213,,,,,persistent_bias,9
0.9428261131301813,0.7550141981510241,synthetic_persistent_bias,,,,0.518720256870386,378.5516503464161,1.0,1.385071383598757,-0.31634762543381334,0.521595602607997,exp3,1000,,,0.8059921035486876,0.5406049211456929,99.55478529074753,,,81.41956602379274,0.0026008,,,,,persistent_bias,9
0.4466069015350486,0.3851149938200059,synthetic_persistent_bias,,,,0.1984624378311134,153.40469588701052,1.0,0.5927136678392484,0.1772789843144027,0.19413611057002095,fixed_share,1000,,,0.3884576462370589,0.22915821046599993,52.41584422880765,,,31.151136563904846,0.0016377,,,,,persistent_bias,9
0.10709977533534089,0.08474775940759989,synthetic_persistent_bias,,,,0.03533228049652979,25.080969532786852,1.0,0.19271779041077414,0.0018550371575100303,0.030653673354896604,passive_aggressive,1000,,,0.08813775235387684,0.044903661370424834,11.2691926327448,,,5.5458388342393,0.0004207,,,,,persistent_bias,9
0.6243290697629377,0.5221634859957255,synthetic_persistent_bias,,,,0.28731643929258577,220.2893193536683,1.0,0.9647519970322962,0.2746396997016245,0.2822096475159517,dma,1000,,,0.5225279216336104,0.32235748633701305,62.70356094543085,,,45.097872097462805,0.0024813,,,,,persistent_bias,9
0.3212741644834322,0.2794945491534236,synthetic_persistent_bias,,,,0.15621538597117463,126.70056888963224,1.0,0.4043718461741921,0.15384800757111855,0.15921630962687214,ensemble_mean,1000,,,0.28549457950812646,0.17507023541276504,40.853562803383326,,,24.51993875995948,,,,,,persistent_bias,9
0.81492954361272,0.6752584011465887,synthetic_persistent_bias,,,,0.2989415032145857,228.15464079022502,1.0,1.0792813485768682,0.2296846770864423,0.2616088365357961,oracle_best_member,1000,,,0.6958067141658741,0.36791023775010767,62.823850694361,,,46.922569797218515,,true,6,0.36791023775010767,,persistent_bias,9
0.6075991100631477,0.5872542672412318,synthetic_persistent_bias,,,,0.5260918307118773,384.288753325486,1.0,0.6503066990872647,-0.5260918307118773,0.5256370735747596,validation_best_member,1000,,,0.5907888989068499,0.5275391076661317,101.88859423658207,,,82.57662579760552,,,,,10,persistent_bias,9
0.48722746845898135,0.45782308993557774,synthetic_persistent_bias,0.006110900000000001,0.0001,cholesky,0.3567432546361936,243.75798097926432,1.0,0.564400538753964,-0.3567432546361936,0.3559521980632009,adaptive_ridge,1000,110,quadratic,0.46600042675894165,0.36273193529250136,78.4737800935316,0.0008958,1,55.28139644580851,,,,,,persistent_bias,10
0.3257407860952024,0.2989711912079796,synthetic_persistent_bias,0.0001317,0.0,,0.2154431034975686,147.6685325093835,1.0,0.36319133124286584,-0.2154431034975686,0.2149491540546757,static_ridge,1000,,,0.30478737728669947,0.22181287636819938,54.52091354389021,,,33.38534215064625,,,,,,persistent_bias,10
0.1286022287243909,0.10309351385713515,synthetic_persistent_bias,,,,0.04303468865920581,30.500506621723407,1.0,0.23554901058549735,-0.004705734123628929,0.03578012949228976,rolling_ridge,1000,,,0.10681655785211686,0.054670342658640486,15.40164628187999,,,6.668711051362739,0.0099225,,,,,persistent_bias,10
0.13220672219311116,0.10636902601513472,synthetic_persistent_bias,,,,0.04424009969314453,28.514362427683636,1.0,0.23453323348229274,-0.004855162674271491,0.03622923247696319,rls,1000,,,0.10867426213573762,0.05617846106495385,15.703963191183641,,,6.855503105259525,0.0033528,,,,,persistent_bias,10
0.28673281289476305,0.24347469307672512,synthetic_persistent_bias,,,,0.11862960409165696,70.50778730397087,1.0,0.36423455250784714,-0.10890309428006932,0.1143798543359027,hedge,1000,,,0.2580042700285844,0.13953960503399848,33.19676148519873,,,18.38299698388985,0.0023443,,,,,persistent_bias,10
0.9680147777321605,0.8045705866747546,synthetic_persistent_bias,,,,0.4992593783569393,330.4954897345089,1.0,1.3432379018293792,0.2732646176484862,0.4883876833573819,exp3,1000,,,0.8037250870819951,0.5326822274019523,95.3221102429504,,,77.3658794260429,0.0215466,,,,,persistent_bias,10
0.28290166254619925,0.23962643948401668,synthetic_persistent_bias,,,,0.11542014210620331,68.27727133728762,1.0,0.35956166558286196,-0.10459126618169672,0.11123664837463945,fixed_share,1000,,,0.25603890242033583,0.13641767984204897,32.532856502464284,,,17.885654600845914,0.0013993,,,,,persistent_bias,10
0.13422842098968363,0.10849880203179446,synthetic_persistent_bias,,,,0.04468337423505408,30.406506095683028,1.0,0.21325122313191616,-0.0011575531933543898,0.03666557491144479,passive_aggressive,1000,,,0.11291688155742981,0.056851434021521374,14.868079613718763,,,6.924193501972494,0.0004478,,,,,persistent_bias,10
0.5813337850429842,0.4692211798430466,synthetic_persistent_bias,,,,0.26827190070378093,204.70111817240388,1.0,0.845281970539661,-0.2613994464256679,0.2641921004414576,dma,1000,,,0.46653776527378094,0.2953190555720324,62.21338072456671,,,41.571760938270195,0.0017348,,,,,persistent_bias,10
0.2873259682620482,0.24406761681763026,synthetic_persistent_bias,,,,0.11910895031506238,70.87503246153186,1.0,0.36495955115181944,-0.10953184318265123,0.11505390821020484,ensemble_mean,1000,,,0.2587795312682906,0.14001416505101846,33.29055822729811,,,18.45727709505243,,,,,,persistent_bias,10
0.4809149690649299,0.450488870525883,synthetic_persistent_bias,,,,0.3547133785272824,237.18342170648384,1.0,0.5367349979195153,-0.3547133785272824,0.3562657573987197,oracle_best_member,1000,,,0.45692538837138674,0.3599733062243779,78.06470195932367,,,54.96684421684757,,true,9,0.3599733062243779,,persistent_bias,10
0.7895053070945408,0.7156923396621799,synthetic_persistent_bias,,,,0.5122776910626093,336.3119702555344,1.0,0.9067652582937891,0.5122776910626093,0.5157486255155521,validation_best_member,1000,,,0.733363734653973,0.5289149962640796,98.23941102817534,,,79.38321401158838,,,,,1,persistent_bias,10
0.3544273010102607,0.3077753631309698,synthetic_persistent_bias,0.0067204,0.001,cholesky,0.15126789911951125,81.928952849941,1.0,0.43990636006532546,-0.14133793263720917,0.1415052904631546,adaptive_ridge,1000,110,quadratic,0.32025205724059,0.1775716864419862,40.57831916660609,0.0010288,1,23.6194241427607,,,,,,persistent_bias,11
0.19942457464894153,0.1659971292575131,synthetic_persistent_bias,0.0001475,0.0,,0.07216715709538288,36.751869419941,1.0,0.254485249255969,-0.045460676154325065,0.06200748758983021,static_ridge,1000,,,0.17157243551513682,0.08931913937501194,22.818538051915656,,,11.268396682539963,,,,,,persistent_bias,11
0.12937216672739907,0.0993269906362206,synthetic_persistent_bias,,,,0.04152328745073986,23.62815165063251,1.0,0.19635734714350045,-0.0011730737674473907,0.03567555135759537,rolling_ridge,1000,,,0.10103178843539662,0.05255315946971716,14.40826297071086,,,6.483570829035826,0.0101288,,,,,persistent_bias,11
0.12615763722093784,0.09856249801100439,synthetic_persistent_bias,,,,0.040366095983959085,23.369976310968745,1.0,0.2005436515886988,-0.0009018676315733081,0.03337259888704236,rls,1000,,,0.10124942852441875,0.05144202509800229,14.178066423663147,,,6.302883477473654,0.0034593,,,,,persistent_bias,11
0.2341946377243557,0.18705564860273077,synthetic_persistent_bias,,,,0.0796241790021511,37.07327305149965,1.0,0.3456916688359768,-0.0189811167813257,0.0679657613513817,hedge,1000,,,0.19769513042348866,0.09970540220056714,23.550277305529793,,,12.432758482254405,0.0204407,,,,,persistent_bias,11
1.0801625340831364,0.9741333646281481,synthetic_persistent_bias,,,,0.5758324096650933,272.21787638295734,1.0,1.2747527237266136,0.07793315254464121,0.6184675558091235,exp3,1000,,,1.000344913522736,0.6380557429437334,99.04500562742432,,,89.91220211422555,0.0017542,,,,,persistent_bias,11
0.22680829199060593,0.18908177955607525,synthetic_persistent_bias,,,,0.08658796318079662,42.59553873664478,1.0,0.2960571695641949,-0.0676126533431209,0.07792061787599114,fixed_share,1000,,,0.1970055142643004,0.10546379268946321,25.229085406905156,,,13.52010466152622,0.002946,,,,,persistent_bias,11
0.14582911991737058,0.11645755396102977,synthetic_persistent_bias,,,,0.04973330844328882,20.767452945016505,1.0,0.22590837422848375,-4.8517647550074105e-5,0.041571579550880644,passive_aggressive,1000,,,0.12231150180226383,0.062041316131846706,15.552666568869133,,,7.765508167841447,0.0003014,,,,,persistent_bias,11
0.33884507470114916,0.3062501793767808,synthetic_persistent_bias,,,,0.21378995358265343,89.03656726100685,1.0,0.4063601918285616,-0.2125281022686141,0.21713922425607513,dma,1000,,,0.3090416212295828,0.22307153202832078,52.176220811266695,,,33.38180552861591,0.001664,,,,,persistent_bias,11
0.23517688791921298,0.1885659603083479,synthetic_persistent_bias,,,,0.08029063829051535,38.37183958300516,1.0,0.34592129839069863,-0.02550194417992653,0.06952477637320462,ensemble_mean,1000,,,0.19515248423316836,0.10041009828835527,23.830990021899492,,,12.536821437431174,,,,,,persistent_bias,11
0.37337839341387663,0.34321177391846774,synthetic_persistent_bias,,,,0.25885612660011237,114.44387945202182,1.0,0.43021305910653507,-0.25885612660011237,0.2586861364111926,oracle_best_member,1000,,,0.34833229740062205,0.2644477476639877,61.663124273734645,,,40.418573152058784,,true,2,0.2644477476639877,,persistent_bias,11
1.0672691808854837,0.9915449751501377,synthetic_persistent_bias,,,,0.7674436001890632,357.019708463167,1.0,1.2151958997244052,0.7674436001890632,0.7635415866585984,validation_best_member,1000,,,1.0068639830472148,0.7799574262739019,129.18372601730425,,,119.83094895891693,,,,,1,persistent_bias,11
0.23334623479295657,0.19532471690906078,synthetic_persistent_bias,0.0179309,0.001,cholesky,0.09034645382988506,62.051376571810636,1.0,0.3626548188908689,0.07440576200654102,0.08017369563039611,adaptive_ridge,1000,110,quadratic,0.19757224638439128,0.10901516189200854,28.917249346143127,0.0130109,1,14.293913377268932,,,,,,persistent_bias,12
0.2385888960771083,0.21020214237635423,synthetic_persistent_bias,0.0001285,0.001,,0.11264647915515215,80.94902514627609,1.0,0.3150711798009376,0.11037641258148295,0.1118468499416731,static_ridge,1000,,,0.21686816678359006,0.12781389728635034,33.85598091205796,,,17.822049975861503,,,,,,persistent_bias,12
0.1582270583383859,0.12669923224960986,synthetic_persistent_bias,,,,0.05483336651066858,37.64773138754389,1.0,0.25206380594577404,0.00662564067018238,0.04703897575782684,rolling_ridge,1000,,,0.1265589318747473,0.0682016157853037,18.82235011957656,,,8.675308856763051,0.0100191,,,,,persistent_bias,12
0.1563665143333449,0.12505480510029512,synthetic_persistent_bias,,,,0.05409576797409087,38.337167319237466,1.0,0.24758978131665976,0.005489587349542554,0.046507669779665695,rls,1000,,,0.12713878331204548,0.06728560736656268,18.634241834096905,,,8.558611751983555,0.0082865,,,,,persistent_bias,12
0.23689684790642723,0.19102529889832612,synthetic_persistent_bias,,,,0.07991253447247258,50.90128174289082,1.0,0.3884530379521758,-0.02987142040201103,0.06521956735590079,hedge,1000,,,0.19715574211157727,0.10068042501544647,25.658748978170266,,,12.643139792274834,0.00113,,,,,persistent_bias,12
1.0613718605736737,0.958113890618653,synthetic_persistent_bias,,,,0.6233893559837494,475.4743002037623,1.0,1.3854027513923484,-0.11864265151473345,0.6434225046223032,exp3,1000,,,0.9724900506492925,0.6639252663659038,110.21719184364474,,,98.62781633379045,0.006776,,,,,persistent_bias,12
0.440605100224944,0.35448713720188313,synthetic_persistent_bias,,,,0.14922495688807122,83.64750485358543,1.0,0.6370363788189272,-0.025146482946606732,0.12443245046679444,fixed_share,1000,,,0.364059254947393,0.18755579051155744,39.6382521007364,,,23.60921228298635,0.0014683,,,,,persistent_bias,12
0.16068382820622445,0.12675613125869625,synthetic_persistent_bias,,,,0.05395184242002855,34.135188879447966,1.0,0.2191199673381331,0.0023382521523059733,0.04509163968332264,passive_aggressive,1000,,,0.1312027063287074,0.06759096736933874,18.569878703476355,,,8.535840970006701,0.000258,,,,,persistent_bias,12
0.5917665461390811,0.4807318376699898,synthetic_persistent_bias,,,,0.20426718042263958,139.69653105053646,1.0,0.8716366287381454,-0.037822466311935025,0.17298821751624466,dma,1000,,,0.49593254491931643,0.25594293670363455,48.62600150971711,,,32.317564873967,0.0015035,,,,,persistent_bias,12
0.21892286109162845,0.17725810809166545,synthetic_persistent_bias,,,,0.07413827963603618,46.617200146908885,1.0,0.3487948137531376,-0.01254823375768018,0.06279243932703232,ensemble_mean,1000,,,0.18439167499010328,0.09374483931858725,24.499063695542766,,,11.729582093533187,,,,,,persistent_bias,12
1.0370334430084736,0.8292285982333503,synthetic_persistent_bias,,,,0.3596155622935212,202.8401124983116,1.0,1.5411905433221955,0.12478340933895256,0.3243786641458801,oracle_best_member,1000,,,0.8368583034644149,0.44661466030043984,72.23076898498958,,,56.8955778410544,,true,10,0.44661466030043984,,persistent_bias,12
1.0439772951851503,0.9549480865545693,synthetic_persistent_bias,,,,0.6765656310457318,512.3944645099368,1.0,1.2466425766446658,-0.6765656310457318,0.6709672540408652,validation_best_member,1000,,,0.9676894000302754,0.6997650196420182,118.81591400790312,,,107.04095306733619,,,,,1,persistent_bias,12
0.39361490199009225,0.3734389045287444,synthetic_persistent_bias,0.0091808,0.0,cholesky,0.3127026191948582,133.43480723723837,1.0,0.44388787491465775,0.3127026191948582,0.31335969507119815,adaptive_ridge,1000,110,quadratic,0.37555367588010247,0.3152410281826288,69.94586327679687,0.0015021,1,48.47386485590742,,,,,,persistent_bias,13
0.4373330218705415,0.4337217725977492,synthetic_persistent_bias,0.0001944,0.0,,0.42207467090935474,181.12552511895217,1.0,0.4416688796220616,0.42207467090935474,0.4220099646845274,static_ridge,1000,,,0.43376321712801047,0.4221426776381156,87.4759924457318,,,65.42826730853965,,,,,,persistent_bias,13
0.05338319779246415,0.033012120691522505,synthetic_persistent_bias,,,,0.009436370341966031,5.999601942309941,1.0,0.4247680729924246,0.0017505350442346568,0.00548026869687418,rolling_ridge,1000,,,0.03228063397807117,0.01995217344603238,4.556081072996634,,,1.4627870462502208,0.0152663,,,,,persistent_bias,13
0.05227238859646882,0.036687414809859015,synthetic_persistent_bias,,,,0.013724595129247934,6.876119755948746,1.0,0.42590564793426755,0.0024928146517896616,0.010188399475704886,rls,1000,,,0.03494895373299728,0.022139553677836214,5.595281617774632,,,2.1275298915313625,0.0086646,,,,,persistent_bias,13
0.4480386948491213,0.40471745196442194,synthetic_persistent_bias,,,,0.28451199057432597,120.41664294081285,1.0,0.5898880061432403,0.28451199057432597,0.28441649180298995,hedge,1000,,,0.4128829574555068,0.2948585540336995,65.84001750246402,,,44.10387036889858,0.0009157,,,,,persistent_bias,13
1.0320300893450303,0.8693918460859239,synthetic_persistent_bias,,,,0.5920779559402893,264.9118281029268,1.0,1.4205707795295113,0.5463167853845298,0.5342456626585501,exp3,1000,,,0.872538553004996,0.6143551528040259,106.87626998344899,,,91.78147242357163,0.0016239,,,,,persistent_bias,13
0.5103550291584438,0.4527115064310113,synthetic_persistent_bias,,,,0.30331189739380615,132.79891410328878,1.0,0.5978970656782745,0.30328663659897154,0.3091119458134971,fixed_share,1000,,,0.46178657941700285,0.3187264811685343,68.83362959959416,,,47.01815405739964,0.0013058,,,,,persistent_bias,13
0.07049266515539473,0.04341624658238848,synthetic_persistent_bias,,,,0.014173129984920005,8.636616278759082,1.0,0.44367531329419796,0.0003871394792300834,0.00961760563963611,passive_aggressive,1000,,,0.03947800480710754,0.024869251321970074,6.134634872000705,,,2.197059907087335,0.0002485,,,,,persistent_bias,13
0.5736341103821767,0.5122679182276223,synthetic_persistent_bias,,,,0.32243379086311713,133.7861314749313,1.0,0.7273043050168049,0.315972242467952,0.3295154054873178,dma,1000,,,0.528928051501437,0.34680333722193646,71.16427190957687,,,49.9823507827326,0.0409499,,,,,persistent_bias,13
0.40712628204761503,0.36149988527173904,synthetic_persistent_bias,,,,0.2312790912245082,98.03525361783764,1.0,0.5461317182467066,0.2312420605156977,0.22916118860507426,ensemble_mean,1000,,,0.3664587076094082,0.24592685946018822,55.903619341644365,,,35.85192679511218,,,,,,persistent_bias,13
0.5865210969834546,0.5371469917975246,synthetic_persistent_bias,,,,0.3920542280963725,164.45087212974832,1.0,0.6779454933040847,0.3920542280963725,0.393371877483931,oracle_best_member,1000,,,0.541233426265727,0.40342220917934635,82.73037662088353,,,60.77462260425849,,true,3,0.40342220917934635,,persistent_bias,13
0.7690303699310538,0.7646143654035881,synthetic_persistent_bias,,,,0.7500814530516889,322.0957908042205,1.0,0.7754131395558732,0.7500814530516889,0.7500483262078872,validation_best_member,1000,,,0.764885421470197,0.750140980601236,128.23545881427742,,,116.27452011680528,,,,,6,persistent_bias,13
0.7469392630131559,0.6015989420164249,synthetic_persistent_bias,0.0059446,0.0001,cholesky,0.2508505038405464,115.82022471435367,1.0,1.017584565027442,0.05473109105140529,0.21184595107419985,adaptive_ridge,1000,110,quadratic,0.6322905069724042,0.3150099561994225,62.07587859227141,0.0008989,1,39.11538375362223,,,,,,persistent_bias,14
1.2133125271413314,1.1697306929004279,synthetic_persistent_bias,0.0001331,0.0001,,1.0319565456736937,511.1015273811391,1.0,1.2938889720308298,1.0319565456736937,1.0365081022729692,static_ridge,1000,,,1.1849327157041383,1.035821528668743,147.48739744922608,,,160.91407305582788,,,,,,persistent_bias,14
0.2141585300405066,0.16073892016849803,synthetic_persistent_bias,,,,0.06350868866040785,37.5848499054215,1.0,0.4045530225731663,0.0035364693956108036,0.04992640653201766,rolling_ridge,1000,,,0.16289081423971927,0.08319746449957494,21.036881481095726,,,9.902976835239826,0.0110264,,,,,persistent_bias,14
0.20201676787637557,0.15080121915488717,synthetic_persistent_bias,,,,0.05962290353011682,34.49738615281726,1.0,0.5166886220099922,0.004640762039578917,0.047125122409445,rls,1000,,,0.15693905055539722,0.07876432655068574,20.931825696832032,,,9.297062259712131,0.0085543,,,,,persistent_bias,14
0.3730647585873399,0.3209210834611585,synthetic_persistent_bias,,,,0.16225529817154385,79.82571156741218,1.0,0.5166871003626402,0.1541554123476651,0.1513521423265107,hedge,1000,,,0.32903218501254594,0.1885695467345266,42.045004990527715,,,25.300639850708116,0.0014945,,,,,persistent_bias,14
1.124126860029917,0.9802762750351942,synthetic_persistent_bias,,,,0.4964124299658476,266.129572584549,1.0,1.5838325337182886,0.09991988264410817,0.41302316455294025,exp3,1000,,,0.9488569881937381,0.5941704175277961,82.84317753875351,,,77.40611400376112,0.00163,,,,,persistent_bias,14
0.36722281687368763,0.31497443815874654,synthetic_persistent_bias,,,,0.15697955325439236,77.07898249745965,1.0,0.5140985696400423,0.1475686565165424,0.1445801919733587,fixed_share,1000,,,0.32440257949633516,0.18350600905732176,41.04730143417009,,,24.47798737897229,0.0012658,,,,,persistent_bias,14
0.32343576252892237,0.2344375575309612,synthetic_persistent_bias,,,,0.0890619175742758,46.225374379255015,1.0,0.4954578837991884,-0.00015335693998407387,0.06962737574593884,passive_aggressive,1000,,,0.23793926901598006,0.11847912972458621,27.762481614825102,,,13.887518782763477,0.0002993,,,,,persistent_bias,14
0.4356508400244359,0.36830440294912337,synthetic_persistent_bias,,,,0.19621117005214278,118.30508763890666,1.0,0.6911039884957507,-0.18533553271942443,0.19774803004803265,dma,1000,,,0.3757593687713012,0.2236791415975968,48.607046538613176,,,30.595414782245545,0.0015667,,,,,persistent_bias,14
0.37304978037803255,0.32086617320870375,synthetic_persistent_bias,,,,0.16217303556223164,79.80350741631035,1.0,0.5163814519633904,0.15404276048189292,0.15122486098153862,ensemble_mean,1000,,,0.3288842711163977,0.1885030466033343,42.03277750123552,,,25.28781255523708,,,,,,persistent_bias,14
0.4759509009725892,0.4311247291109039,synthetic_persistent_bias,,,,0.2836813688871158,146.74245831679283,1.0,0.5729164924543435,-0.2836422888050041,0.28635834198040333,oracle_best_member,1000,,,0.44075933360690983,0.29917666383857744,65.38776966702311,,,44.234735182456696,,true,4,0.29917666383857744,,persistent_bias,14
0.9205511685232914,0.9145907774712054,synthetic_persistent_bias,,,,0.8981333370955515,442.0285343886726,1.0,0.9451301680290124,0.8981333370955515,0.8979419353176901,validation_best_member,1000,,,0.9149710599637725,0.8981952010430823,141.7169572618139,,,140.04687893608872,,,,,8,persistent_bias,14
0.722572358276687,0.6971054870976322,synthetic_persistent_bias,0.00592,0.0001,cholesky,0.6142637819107978,613.3740832559255,1.0,0.7936665997828163,-0.6142637819107978,0.6132944120805826,adaptive_ridge,1000,110,quadratic,0.7043423829747895,0.6164330315848726,116.04426936725207,0.0008827,1,96.11146424599629,,,,,,persistent_bias,15
0.6444100727978946,0.6376910627128624,synthetic_persistent_bias,0.3845355,1.0e-6,,0.6179894381170646,598.6739413219321,1.0,0.6618717852639433,-0.6179894381170646,0.6184208870644352,static_ridge,1000,,,0.6389800966681511,0.6181267768231598,114.38775822547913,,,96.69440317843281,,,,,,persistent_bias,15
0.20928324602727952,0.11899813958320794,synthetic_persistent_bias,,,,0.0363062274015749,48.83609426072423,1.0,0.6221420637947828,-0.013960848405691523,0.02368518442322931,rolling_ridge,1000,,,0.10051593123875058,0.06400177927538074,14.480936349023597,,,5.680694157091306,0.0040209,,,,,persistent_bias,15
0.19303052154571942,0.1169343222090159,synthetic_persistent_bias,,,,0.037928345271330995,56.90218827970909,1.0,0.622109851070413,-0.017463290891650184,0.026237365275183014,rls,1000,,,0.10686843396978728,0.06135544828564156,14.725849998245668,,,5.934500629543388,0.0084399,,,,,persistent_bias,15
0.26964317259881765,0.22786106548461438,synthetic_persistent_bias,,,,0.1009217064265664,118.23153280801702,1.0,0.36492049390534975,0.080848850585129,0.08807342582548389,hedge,1000,,,0.23866142568503498,0.1242937571975029,29.590212125157063,,,15.790826782410631,0.006327,,,,,persistent_bias,15
1.0197875334535202,0.796339396087884,synthetic_persistent_bias,,,,0.6518434264846985,641.742954150591,1.0,1.708062400264928,-0.5602097852967429,0.6625055396005657,exp3,1000,,,0.6987015286240428,0.6679104004684426,117.07775755637958,,,101.99140503398534,0.0068881,,,,,persistent_bias,15
0.7181860795647407,0.6187372490314844,synthetic_persistent_bias,,,,0.36385274708467097,467.0541510442387,1.0,1.011909570755833,0.3477409468701328,0.36307112715379064,fixed_share,1000,,,0.6300616503857572,0.3982146293862947,77.97172350374944,,,56.93062381677946,0.0013902,,,,,persistent_bias,15
0.20003997124765646,0.12245473264183554,synthetic_persistent_bias,,,,0.04225541262969191,47.392691767680844,1.0,0.6366349182353147,-0.005103628572548513,0.03041463736880398,passive_aggressive,1000,,,0.1049492916241425,0.06852223901453007,15.2722809118546,,,6.61154002523987,0.0002719,,,,,persistent_bias,15
0.8056899924524095,0.6908893069251762,synthetic_persistent_bias,,,,0.3991739855136882,283.3082894464179,1.0,1.0655224926514553,0.3948040384652171,0.3894880055252487,dma,1000,,,0.715170870192186,0.4374151047136066,83.03019256250198,,,62.457200581300114,0.0065686,,,,,persistent_bias,15
0.30037582881943864,0.25502302018787854,synthetic_persistent_bias,,,,0.11947024998050902,152.00662304367373,1.0,0.3977637758775038,0.1098521201233015,0.11145235962988068,ensemble_mean,1000,,,0.27049253616646174,0.1437590140623935,34.083490939198605,,,18.693045231713487,,,,,,persistent_bias,15
0.798642059328041,0.6924519817850744,synthetic_persistent_bias,,,,0.4012056216622886,281.959516370349,1.0,0.9777146333640228,0.39955385592879566,0.3946735428626512,oracle_best_member,1000,,,0.7139407344770436,0.4402805011732262,82.84975489319983,,,62.77508278566788,,true,4,0.4402805011732262,,persistent_bias,15
0.690139436332264,0.6829853049227228,synthetic_persistent_bias,,,,0.6626983674359558,642.1230806139012,1.0,0.7102980184276566,-0.6626983674359558,0.6631535586298852,validation_best_member,1000,,,0.6842574740272768,0.6628329201275003,119.57230599376845,,,103.68983541495913,,,,,2,persistent_bias,15
0.27404985816086425,0.23749926813097966,synthetic_persistent_bias,0.0088333,0.0,cholesky,0.13171802883605122,62.64539519057944,1.0,0.34929356169162834,-0.13014859573839888,0.12811365537716318,adaptive_ridge,1000,110,quadratic,0.25109473042462793,0.14689626294262137,35.056040307540854,0.0012333,1,20.56391500122596,,,,,,persistent_bias,16
0.2097572370012225,0.18795633197307166,synthetic_persistent_bias,0.0003782,0.0,,0.11800058719259665,54.702158586952756,1.0,0.2578946364028854,0.11790289061625193,0.11749448551108477,static_ridge,1000,,,0.1917759369026533,0.1262923664934175,33.55883949824449,,,18.422337978832267,,,,,,persistent_bias,16
0.11222875906772645,0.0913804235908978,synthetic_persistent_bias,,,,0.03864049479965254,17.0605308851118,1.0,0.1601962141456197,0.005356388143172555,0.032801851018818516,rolling_ridge,1000,,,0.09588748077139349,0.04833033806503874,13.075237443754515,,,6.032582310007108,0.002728,,,,,persistent_bias,16
0.11107735355845128,0.09033380959745607,synthetic_persistent_bias,,,,0.03837901165119136,17.00219764023945,1.0,0.1608661632942835,0.003758805574419467,0.03232670012653194,rls,1000,,,0.0952054337946581,0.047897567960274175,13.096698174335279,,,5.991759369619034,0.0081389,,,,,persistent_bias,16
0.24578426106719456,0.19978395231681265,synthetic_persistent_bias,,,,0.08388202386544048,40.75655102812309,1.0,0.34399098203415046,-0.030933558665004638,0.06977718782928416,hedge,1000,,,0.20533294040211,0.10577555473942914,24.771832440306877,,,13.095722917678595,0.0011062,,,,,persistent_bias,16
1.083752903685165,0.9727833395696448,synthetic_persistent_bias,,,,0.6367255669728217,310.70619200344277,1.0,2.0566497285960255,-0.3381235499821553,0.7015753575454446,exp3,1000,,,0.967341708766497,0.6895478778355866,114.66744459952484,,,99.40606122062465,0.00155,,,,,persistent_bias,16
0.3158379033042391,0.2564835729081705,synthetic_persistent_bias,,,,0.10802660309404968,55.2839265247705,1.0,0.4227416049948276,0.038896390379020034,0.08591625825882726,fixed_share,1000,,,0.2734449191500259,0.13552866282826428,30.871085032874497,,,16.865192286336438,0.0018707,,,,,persistent_bias,16
0.12144359575824815,0.09582967495575448,synthetic_persistent_bias,,,,0.04141327831053354,16.643251152488975,1.0,0.17706352996543373,-0.0013006129644751638,0.03631603144026363,passive_aggressive,1000,,,0.09650791084803287,0.05171234665369068,13.346387834552855,,,6.465471299756031,0.0002532,,,,,persistent_bias,16
0.6580009476268515,0.5213724713349878,synthetic_persistent_bias,,,,0.21442535688787376,83.557543643131,1.0,0.931384337063312,0.1322235853273152,0.17759613426888388,dma,1000,,,0.53635656097445,0.27141702915083166,50.624446369109336,,,33.476243549303085,0.0014947,,,,,persistent_bias,16
0.22959163361825283,0.18478559265665975,synthetic_persistent_bias,,,,0.07738786790715983,38.188658016693694,1.0,0.3283715927610214,-0.021734831774839578,0.064743989335248,ensemble_mean,1000,,,0.1928895784544694,0.09784736336986342,23.26704567457511,,,12.081850539607922,,,,,,persistent_bias,16
0.9165186486952576,0.7618205093237914,synthetic_persistent_bias,,,,0.3508178409075777,144.22659109451382,1.0,1.2301270719759625,0.29701170344744404,0.31132413487287447,oracle_best_member,1000,,,0.7901846211108513,0.42404888638546556,71.26138494723749,,,54.76993791272495,,true,9,0.42404888638546556,,persistent_bias,16
0.9793286511340357,0.9320152432700209,synthetic_persistent_bias,,,,0.7831166115783855,360.0932248861071,1.0,1.1189187349444674,-0.7831166115783855,0.7884547396448052,validation_best_member,1000,,,0.9393777248776327,0.7889820388693852,131.2745239390514,,,122.26073817571707,,,,,5,persistent_bias,16
0.8773265766755872,0.8192184274542963,synthetic_persistent_bias,0.0082071,0.0,cholesky,0.6241583688953996,308.0629381040795,1.0,1.0033706651175835,-0.6241583688953996,0.6236004108094717,adaptive_ridge,1000,110,quadratic,0.8381989780775259,0.6364790385917141,113.77225355102202,0.0012035,1,97.17774297007098,,,,,,persistent_bias,17
0.6518855258922166,0.6513176598556757,synthetic_persistent_bias,0.000131,0.0,,0.6494154352910743,313.8095213146963,1.0,0.6532442044373443,-0.6494154352910743,0.6493971881497855,static_ridge,1000,,,0.651406662134069,0.6494166199137537,117.91293293775728,,,101.11011787472954,,,,,,persistent_bias,17
0.146128444555367,0.0890281947058627,synthetic_persistent_bias,,,,0.02073739239133119,15.705879853284133,1.0,0.6500210536474139,-0.007380079412749022,0.006652295904064159,rolling_ridge,1000,,,0.08832645393973448,0.045323159366665415,8.785055665466398,,,3.2286885638346865,0.216385,,,,,persistent_bias,17
0.14358869892493134,0.09970298631847574,synthetic_persistent_bias,,,,0.03862119581605322,20.253637363801815,1.0,0.6505373542561927,-0.006977887321675895,0.030258222463287632,rls,1000,,,0.09708515027469133,0.05442913300636347,14.316367465196649,,,6.013090310478834,0.0200832,,,,,persistent_bias,17
0.20408064490966754,0.16553195729576922,synthetic_persistent_bias,,,,0.06927920390156089,31.574491317309693,1.0,0.2998789191366134,-0.026524700711066877,0.056632102404523856,hedge,1000,,,0.1705488793343544,0.0872035601905876,22.27949013631714,,,10.78635968917895,0.0103713,,,,,persistent_bias,17
1.0790044344346632,0.9086856220021525,synthetic_persistent_bias,,,,0.6795914945837909,311.98796225666433,1.0,1.849904848523615,0.04701304749823562,0.7721236298050216,exp3,1000,,,0.9157755046952671,0.7054354867076632,122.2704033702058,,,105.80835069501026,0.0080468,,,,,persistent_bias,17
0.21517959625557745,0.17428496593247136,synthetic_persistent_bias,,,,0.07571443608006387,34.265486129521975,1.0,0.31828637728283704,-0.0021554119545206846,0.06663925034003979,fixed_share,1000,,,0.17879596454999264,0.09402700786170179,24.47476728179011,,,11.788287036082943,0.0016043,,,,,persistent_bias,17
0.15256953818502156,0.11514688056269165,synthetic_persistent_bias,,,,0.04594577602205869,21.71068557643557,1.0,0.47308552281350913,0.0007240885175343696,0.037260832230847474,passive_aggressive,1000,,,0.11542787422603684,0.06019282758740464,16.50743353676329,,,7.153483851756744,0.0063834,,,,,persistent_bias,17
0.3869877538970022,0.3180985909136336,synthetic_persistent_bias,,,,0.13710663552294067,65.5836707750844,1.0,0.521467611813684,-0.000213439859669446,0.11249212597057856,dma,1000,,,0.33481179726200744,0.17008304441983624,37.34181086047977,,,21.346687075459858,0.0014918,,,,,persistent_bias,17
0.29553119193896654,0.2571705444038776,synthetic_persistent_bias,,,,0.13370730039422224,63.23125339562995,1.0,0.39381797055942713,-0.13044804296151294,0.13047058349195984,ensemble_mean,1000,,,0.26290396271784616,0.15292651711902291,36.537635869203555,,,20.817430829176804,,,,,,persistent_bias,17
0.7802155221402094,0.6684673097141836,synthetic_persistent_bias,,,,0.37251098670666805,177.7633216645756,1.0,0.997997191225363,-0.36862091226166926,0.36218729512138087,oracle_best_member,1000,,,0.6885850857459259,0.415492997930323,77.34392968343927,,,57.99774339927933,,true,2,0.415492997930323,,persistent_bias,17
0.7747957407762044,0.7745001822685301,synthetic_persistent_bias,,,,0.7735690996565288,373.7734336594496,1.0,0.7757758191369254,-0.7735690996565288,0.7735627911084428,validation_best_member,1000,,,0.774566402470348,0.7735693199560442,131.03309457276166,,,120.44010443863722,,,,,8,persistent_bias,17
0.5499371475621624,0.524192075164115,synthetic_persistent_bias,0.0065543,0.0,cholesky,0.4504576962780521,217.51116544394534,1.0,0.6554070410125401,-0.4504576962780521,0.4514779668604486,adaptive_ridge,1000,110,quadratic,0.5253192994783407,0.45300270972127343,92.62254910236716,0.0009618,1,70.90788710473436,,,,,,persistent_bias,18
0.45566571004036777,0.43999613282670924,synthetic_persistent_bias,0.0001684,0.0,,0.3925859473926437,188.08799972168606,1.0,0.4877937377622827,-0.3925859473926437,0.39270880573101213,static_ridge,1000,,,0.44275835761775373,0.3937793005259955,84.47534972340858,,,61.79812281293483,,,,,,persistent_bias,18
0.13465844465308227,0.09895795561206946,synthetic_persistent_bias,,,,0.039482081696385264,23.493835646036718,1.0,0.4116979992788714,-0.007457031272396593,0.032490183453915134,rolling_ridge,1000,,,0.09605364434484195,0.052425041392108705,15.469797313771661,,,6.214992028594609,0.0062654,,,,,persistent_bias,18
0.12833287447721883,0.0979079481148129,synthetic_persistent_bias,,,,0.03991465730642406,23.570670745720495,1.0,0.4228248031242276,-0.007046920597358667,0.03237003520965681,rls,1000,,,0.098783848776772,0.05184276903467305,15.624686987467426,,,6.283085043264646,0.010267,,,,,persistent_bias,18
0.31886440125786364,0.2821605338215703,synthetic_persistent_bias,,,,0.1526056073078925,76.56378696485109,1.0,0.3946624749472287,0.14932965810930718,0.15013167659023036,hedge,1000,,,0.29251912842809097,0.17208361907616077,39.372746909846875,,,24.0221029942356,0.0008902,,,,,persistent_bias,18
1.1262505467856356,0.9737409315120364,synthetic_persistent_bias,,,,0.6376454684132106,318.4799388674083,1.0,1.5959550004150183,-0.2734884333918863,0.7841353071269438,exp3,1000,,,1.0041182175145942,0.6961770004811573,112.89307289254093,,,100.3736716248273,0.0017344,,,,,persistent_bias,18
0.32621390169200387,0.2773151198597665,synthetic_persistent_bias,,,,0.13788709569450538,70.4830497534666,1.0,0.4410423356783122,-0.12972752824734912,0.13505698404850439,fixed_share,1000,,,0.28489495149205507,0.16120932888506115,36.651796703392044,,,21.705218260208188,0.0015191,,,,,persistent_bias,18
0.13320584589814533,0.1014853335803727,synthetic_persistent_bias,,,,0.04176364998504599,19.539975087879473,1.0,0.34817748400671916,0.0008261854966054295,0.03607809229571424,passive_aggressive,1000,,,0.10161947840008659,0.053444113147488065,15.07019440375011,,,6.574140485754578,0.0002435,,,,,persistent_bias,18
0.49704409091315044,0.4203868381901402,synthetic_persistent_bias,,,,0.22851449645384245,99.59160022449396,1.0,0.7943086557181702,-0.21318596119947222,0.22612655224619926,dma,1000,,,0.4244942319696546,0.2577367235808896,54.89864951391122,,,35.971147235860364,0.0068,,,,,persistent_bias,18
0.3442520228319988,0.3084558748705155,synthetic_persistent_bias,,,,0.17488774726803213,88.71361671548435,1.0,0.41381998757165434,0.1730094208289394,0.1734214968081082,ensemble_mean,1000,,,0.31835358052560725,0.193876093734801,44.4571585648952,,,27.52960098527937,,,,,,persistent_bias,18
0.5542272417948206,0.4948032088020749,synthetic_persistent_bias,,,,0.31402738380682654,141.41649861010984,1.0,0.6885379036205511,-0.3137039288567982,0.3129488540561382,oracle_best_member,1000,,,0.5048062033819688,0.3352023324579785,70.59364222726764,,,49.431985428937764,,true,3,0.3352023324579785,,persistent_bias,18
0.8866941046584279,0.8728470012070257,synthetic_persistent_bias,,,,0.8276145193775741,400.110168901806,1.0,0.9135378781480925,-0.8276145193775741,0.8270464699431359,validation_best_member,1000,,,0.8753010801827481,0.8281267520420903,136.58405942559418,,,130.27726552603986,,,,,1,persistent_bias,18
0.6333996134428178,0.5939267739285715,synthetic_persistent_bias,0.029273,0.001,cholesky,0.474468243542885,278.4315819458129,1.0,0.6931460605788347,0.474468243542885,0.47603431244653127,adaptive_ridge,1000,110,quadratic,0.6020509892207219,0.48051467591712366,98.19233630254868,0.0016262,1,74.96920715611064,,,,,,persistent_bias,19
0.6379780143823786,0.6053216553105506,synthetic_persistent_bias,0.0002181,0.001,,0.5032030532654623,295.1541965823885,1.0,0.7117167314897077,0.5032030532654623,0.5015188602838148,static_ridge,1000,,,0.6104642401704874,0.5072509216033261,101.38537283539769,,,79.50950238556071,,,,,,persistent_bias,19
0.2867213435374046,0.21963205835705318,synthetic_persistent_bias,,,,0.08741689333936703,55.833283455527486,1.0,0.47312524264341066,0.03337485154792026,0.06912998298358303,rolling_ridge,1000,,,0.22406239973706565,0.11328661975181678,27.13192252211976,,,13.812463267861018,0.0088357,,,,,persistent_bias,19
0.27461579805484043,0.21365798731547903,synthetic_persistent_bias,,,,0.0856564188146743,53.740119622988225,1.0,0.4699801385624969,0.030301599581530055,0.06626824329503322,rls,1000,,,0.21701126934697754,0.1104871179379089,26.714495056432387,,,13.534296328069154,0.0034931,,,,,persistent_bias,19
0.43074158861988593,0.37275317483271464,synthetic_persistent_bias,,,,0.21456403082178524,124.34941252741578,1.0,0.5303817097248335,0.21326965620647637,0.2139096359823613,hedge,1000,,,0.38583693344426306,0.23586634203961976,54.07551967495604,,,33.90257513298593,0.0009588,,,,,persistent_bias,19
1.056077444178756,0.9201798255750123,synthetic_persistent_bias,,,,0.5233215550495907,300.7569580357898,1.0,1.3821360358220636,0.3899478996526971,0.4943577175866075,exp3,1000,,,0.9587449242496954,0.5690415424314708,99.00340499167415,,,82.68836240085398,0.0016179,,,,,persistent_bias,19
0.4744666617132857,0.3847823629835865,synthetic_persistent_bias,,,,0.16487237573232283,102.1623122784336,1.0,0.7299892031467938,0.05041304078939543,0.1418971494577999,fixed_share,1000,,,0.402854745817683,0.20550072531084504,39.99102960951412,,,26.050955904448056,0.0015035,,,,,persistent_bias,19
0.2737009823576367,0.20429890308121737,synthetic_persistent_bias,,,,0.08229512236645503,54.23227273117558,1.0,0.4599924528840336,0.009799479575571667,0.06803268011118749,passive_aggressive,1000,,,0.20746512364021366,0.10656224883485536,25.217334478146803,,,13.003188644532749,0.0002577,,,,,persistent_bias,19
0.7215004865883572,0.5634595866856678,synthetic_persistent_bias,,,,0.2275985279174317,143.8964386498372,1.0,1.0844938728486901,-0.03001005612262521,0.19032223590066855,dma,1000,,,0.586687560210019,0.2907027541854636,52.664133724086895,,,35.96211426176414,0.1364544,,,,,persistent_bias,19
0.4277668939629427,0.3681933037511268,synthetic_persistent_bias,,,,0.20394576149664817,119.69547758948099,1.0,0.5508359969869517,0.20193438180238454,0.20088922596316114,ensemble_mean,1000,,,0.38076480568515847,0.2274864185120732,51.90652379230973,,,32.22481641360048,,,,,,persistent_bias,19
0.899240349284048,0.7133091211757201,synthetic_persistent_bias,,,,0.29663752791458375,186.2158663527146,1.0,1.3074065242483042,-0.056697115748167784,0.24720866495999463,oracle_best_member,1000,,,0.7221355010334862,0.37528217707105166,63.61174761200872,,,46.87074547802677,,true,3,0.37528217707105166,,persistent_bias,19
1.1645522825043033,1.0615917437899007,synthetic_persistent_bias,,,,0.7107084093660365,420.93158128094404,1.0,1.4040922598994965,0.7106968013556307,0.7048917410037479,validation_best_member,1000,,,1.081004109841056,0.7444739368448791,121.78328741160969,,,112.296758939013,,,,,10,persistent_bias,19
0.4826854777691697,0.45070349019820244,synthetic_persistent_bias,0.0091619,0.001,cholesky,0.34808129051362047,201.92324785034424,1.0,0.5846869782468914,0.34808129051362047,0.3503149481516384,adaptive_ridge,1000,110,quadratic,0.4556455434816199,0.3545260963960034,75.21096238514593,0.0015791,1,54.393742842060675,,,,,,persistent_bias,20
0.534621106659321,0.5133231494736983,synthetic_persistent_bias,0.0001916,0.0001,,0.4474825688730848,268.5498746343394,1.0,0.6029322693384914,0.4474825688730848,0.4488507167687146,static_ridge,1000,,,0.5173743979999638,0.4495349162827935,91.98813573812654,,,69.92691776587986,,,,,,persistent_bias,20
0.2182309861936037,0.16658472733511714,synthetic_persistent_bias,,,,0.0686449146035828,39.78853628044894,1.0,0.5060755497283111,0.025263190603177457,0.057041403233449944,rolling_ridge,1000,,,0.17030437896704675,0.0878329745337186,20.841618575289722,,,10.726959288311393,0.0084281,,,,,persistent_bias,20
0.20634067742605375,0.16099327704002622,synthetic_persistent_bias,,,,0.06675329674084358,38.43218722608632,1.0,0.5065215259874816,0.020132467398840583,0.05611602982681724,rls,1000,,,0.16685487154241985,0.08493890851672907,20.18721932537892,,,10.431361166879874,0.0442221,,,,,persistent_bias,20
0.3919073726023173,0.340088151029358,synthetic_persistent_bias,,,,0.18378831702064455,99.62820446107524,1.0,0.5088260281639839,0.1802259091985264,0.18045855384208215,hedge,1000,,,0.34963698838909774,0.20689952228316824,45.94827524313186,,,28.7201143119322,0.0012259,,,,,persistent_bias,20
1.0024321267371168,0.8104481254870499,synthetic_persistent_bias,,,,0.48863036542269617,313.83362407411187,1.0,1.3312360299320471,0.3938004064212543,0.45947303600848455,exp3,1000,,,0.8767450979029896,0.5185884605129308,94.42501209228429,,,76.356975126143,0.0023969,,,,,persistent_bias,20
0.4537811757317698,0.36614167716215057,synthetic_persistent_bias,,,,0.15856217160455024,79.04530139259994,1.0,0.7083131522525019,0.05986663064810149,0.1346056319947439,fixed_share,1000,,,0.378100148744456,0.1967451796963665,40.86965486450713,,,24.778091272903715,0.0037645,,,,,persistent_bias,20
0.22097923386369733,0.17110093085464698,synthetic_persistent_bias,,,,0.06663793538289753,29.36941832396385,1.0,0.4899763264954415,0.008887552601539856,0.051941354468549,passive_aggressive,1000,,,0.17439044182267452,0.08746172917933391,19.841459119654672,,,10.413333952522073,0.0003263,,,,,persistent_bias,20
0.6340373162529164,0.4918675722580089,synthetic_persistent_bias,,,,0.20193657081947816,89.845858160995,1.0,0.9708131940371032,0.030972128193133143,0.1694905840653407,dma,1000,,,0.5068165502091465,0.2576914269953759,49.53723271916359,,,31.55609394390147,0.0016875,,,,,persistent_bias,20
0.391260004360506,0.342112052178172,synthetic_persistent_bias,,,,0.19026102090945515,105.41813370062276,1.0,0.5124542674930693,0.18816078048583618,0.1849024617470617,ensemble_mean,1000,,,0.3496153234457971,0.21170297639826136,47.456362502547,,,29.731586632956,,,,,,persistent_bias,20
0.9087119957809605,0.7502186901763103,synthetic_persistent_bias,,,,0.31236805322844263,178.32593461272248,1.0,1.2073948627467486,-0.12466831872458256,0.2542373956280193,oracle_best_member,1000,,,0.7789239376418159,0.39491143311578575,65.2821278189395,,,48.8129296875213,,true,8,0.39491143311578575,,persistent_bias,20
0.6256613418634677,0.5859847329230419,synthetic_persistent_bias,,,,0.45997845907042945,290.1087314094066,1.0,0.6890594587000141,0.45997845907042945,0.4599006399653461,validation_best_member,1000,,,0.5940954697552238,0.46707774060333357,93.32573676588201,,,71.87961748431071,,,,,10,persistent_bias,20
0.49404931558496984,0.45643858044578667,synthetic_persistent_bias,0.0063895,0.001,cholesky,0.33598648952017784,189.2879139001189,1.0,0.5959599377805179,-0.33598648952017784,0.33764795944077497,adaptive_ridge,1000,110,quadratic,0.46109347287430896,0.34542431294052023,72.77235801287284,0.0009699,1,52.495251583113976,,,,,,persistent_bias,21
0.4947670399229529,0.4602639377494998,synthetic_persistent_bias,0.0001406,0.001,,0.36101639865404905,219.61659621732576,1.0,0.5943528900197955,-0.36101639865404905,0.3623954837865151,static_ridge,1000,,,0.46551125628481343,0.3666215219592776,77.83844704727012,,,56.40597840716426,,,,,,persistent_bias,21
0.21294303131308628,0.16359181629886954,synthetic_persistent_bias,,,,0.06831188733751338,58.51804955660823,1.0,0.4186332591418778,-0.010346292569492802,0.057660372714868846,rolling_ridge,1000,,,0.16593744596343496,0.0867666865705861,21.836664120555376,,,10.67319616637365,0.0035322,,,,,persistent_bias,21
0.20223444261952012,0.15680967391041256,synthetic_persistent_bias,,,,0.06602139747103843,56.97760568635529,1.0,0.4004460533220858,-0.00830813962986081,0.05742834111398243,rls,1000,,,0.15971339041988167,0.08328507955371502,20.837777411675138,,,10.315325104472052,0.0128674,,,,,persistent_bias,21
0.48219513525035246,0.44239979667663043,synthetic_persistent_bias,,,,0.3283361417642659,205.2280306030931,1.0,0.5707718736930626,-0.3283361417642659,0.3270586718878179,hedge,1000,,,0.4491434571818879,0.33615533762496347,72.33589620926857,,,51.29994479944406,0.0008952,,,,,persistent_bias,21
1.0354678084845728,0.9241035308432962,synthetic_persistent_bias,,,,0.5996134860987679,384.5769105881076,1.0,1.3250109745797978,-0.4019580793192062,0.6165245629023985,exp3,1000,,,0.9094465707504674,0.6411927981163855,108.7448903621901,,,93.6849003968431,0.002211,,,,,persistent_bias,21
0.6396105870294012,0.5401853799976601,synthetic_persistent_bias,,,,0.27415310388756364,189.41594546963762,1.0,0.7515504957447018,-0.24800626810647886,0.27240327067203324,fixed_share,1000,,,0.56119309920878,0.3175463750156132,61.56766159362766,,,42.834270453618736,0.0014187,,,,,persistent_bias,21
0.19839178808511895,0.15787664343854177,synthetic_persistent_bias,,,,0.06600586265346214,74.44750526899665,1.0,0.33742310731695074,-0.004006780341914515,0.05688598238640513,passive_aggressive,1000,,,0.16291608177845596,0.08310099336830154,20.185456277068493,,,10.312897911169937,0.0002346,,,,,persistent_bias,21
0.7116323175439437,0.5922197204038959,synthetic_persistent_bias,,,,0.29253154863227826,177.50566009001884,1.0,0.9578028994983829,-0.24386035171480197,0.2804417335297661,dma,1000,,,0.6095667668971426,0.3425398414754578,62.67446982085475,,,45.705758179086374,0.0024058,,,,,persistent_bias,21
0.480916927310419,0.44042653573280355,synthetic_persistent_bias,,,,0.3249619790059479,203.90278625211718,1.0,0.5683478252669737,-0.3249619790059479,0.32174896592059965,ensemble_mean,1000,,,0.4462235304049709,0.3330140017783262,71.57077020534227,,,50.77275835473542,,,,,,persistent_bias,21
0.8815851554949259,0.7369311406524317,synthetic_persistent_bias,,,,0.320271442058992,180.8367863892204,1.0,1.0848038370410324,-0.1582271089240489,0.2770329468864193,oracle_best_member,1000,,,0.7587869278325369,0.3958058409258533,66.2583802290944,,,50.039898776238736,,true,1,0.3958058409258533,,persistent_bias,21
0.9750417142566451,0.9302230975059299,synthetic_persistent_bias,,,,0.7895553512268123,517.9075633357718,1.0,1.1087720850591063,-0.7895553512268123,0.7914188418533179,validation_best_member,1000,,,0.9421227126261373,0.7947878977306579,131.27918399211606,,,123.3618258300718,,,,,3,persistent_bias,21
0.6826946024001476,0.6602248595847314,synthetic_persistent_bias,0.0139697,0.0001,cholesky,0.5856805704157423,257.0370481352162,1.0,0.7280736369020009,0.5856805704157423,0.5868843587402681,adaptive_ridge,1000,110,quadratic,0.6648602633727384,0.5877624569570236,111.8679215889853,0.008898,1,91.43400557158452,,,,,,persistent_bias,22
0.5821632503070714,0.5690587321454387,synthetic_persistent_bias,0.0001363,1.0e-6,,0.5318230267072682,234.33934479691408,1.0,0.610811772362099,0.5318230267072682,0.5328444941067443,static_ridge,1000,,,0.5704454731588422,0.5323757208651372,102.31107034420556,,,83.02599069067955,,,,,,persistent_bias,22
0.13207062812640696,0.09425972090789214,synthetic_persistent_bias,,,,0.03643408730431273,21.516607109549312,1.0,0.5036915871421067,0.011084338914759623,0.028787827383264436,rolling_ridge,1000,,,0.09028761691953709,0.05058041406378098,12.309703289462464,,,5.687937606011775,0.0180603,,,,,persistent_bias,22
0.12835239023956432,0.09765918329756705,synthetic_persistent_bias,,,,0.03910367088496453,20.54589638167625,1.0,0.5057943875560493,0.009167138291986997,0.031174933607626215,rls,1000,,,0.09633035498880181,0.05218673599796668,13.371319536263394,,,6.104701849725478,0.0033632,,,,,persistent_bias,22
0.18057156616063216,0.14874812859955847,synthetic_persistent_bias,,,,0.06524568827256916,26.57334538850723,1.0,0.23178979442591674,0.04391098351069625,0.05453922763661398,hedge,1000,,,0.1535320226417689,0.0801194832213773,19.587182991337784,,,10.18588446736632,0.0009617,,,,,persistent_bias,22
0.870200378883927,0.7811478186107496,synthetic_persistent_bias,,,,0.5758483198885104,258.26262594319826,1.0,1.1479794072053906,0.47242077044785613,0.6327380873702518,exp3,1000,,,0.7786220655824767,0.6012087343556988,106.9327844863997,,,89.89903566665838,0.0014791,,,,,persistent_bias,22
0.5173322866076058,0.43555497214751276,synthetic_persistent_bias,,,,0.19136579407651713,99.43163497453928,1.0,0.7195569996544392,-0.10472859973895982,0.168188262827568,fixed_share,1000,,,0.45444449664509734,0.2352765687962068,45.404528504141716,,,29.87522886303462,0.0013733,,,,,persistent_bias,22
0.1705750671808631,0.11646516883784637,synthetic_persistent_bias,,,,0.04399559004043963,26.54691469877054,1.0,0.4506707471325881,0.004359407910779714,0.03443782135986778,passive_aggressive,1000,,,0.11004826103834084,0.061634697800306656,14.491214292364653,,,6.868407845640531,0.0002852,,,,,persistent_bias,22
0.560257999051221,0.4509356654802471,synthetic_persistent_bias,,,,0.18702168272303127,90.44695249973597,1.0,0.7507385218729212,-0.09219709108362442,0.15797428532402563,dma,1000,,,0.47924380294633157,0.2355277290107237,45.31218194439681,,,29.197044334194505,0.0016399,,,,,persistent_bias,22
0.17577916513004582,0.14287338319579954,synthetic_persistent_bias,,,,0.06205807368618531,25.582649215929482,1.0,0.22050549992060495,0.035046742059854405,0.05237194139224663,ensemble_mean,1000,,,0.1504123578907399,0.07665648857392512,18.817951931192333,,,9.688247385698071,,,,,,persistent_bias,22
0.6356721375724556,0.5302637658562839,synthetic_persistent_bias,,,,0.23711168571848407,109.39370826781021,1.0,0.8605277140987786,-0.1737735473284455,0.20603596519733364,oracle_best_member,1000,,,0.5410604825337038,0.28968840547333496,54.991127720426746,,,37.016886487598846,,true,7,0.28968840547333496,,persistent_bias,22
0.7504855347002234,0.7284222252982328,synthetic_persistent_bias,,,,0.6649599827344527,293.5245976655277,1.0,0.8343654493427148,0.6649599827344527,0.6661933018577579,validation_best_member,1000,,,0.7303654332221807,0.6662570338201395,119.10697274886265,,,103.81077644946318,,,,,10,persistent_bias,22
0.7859951554802018,0.7564599594977984,synthetic_persistent_bias,0.0077333,0.001,cholesky,0.6662730819478588,339.91680987173504,1.0,0.9073849451480127,0.6662730819478588,0.6659923727821643,adaptive_ridge,1000,110,quadratic,0.7626368704733403,0.6688385220838406,118.45309218204673,0.0008901,1,104.27087977695236,,,,,,persistent_bias,23
0.6387614933628432,0.6220458815071698,synthetic_persistent_bias,0.0001328,0.0,,0.5676348015282242,289.8740021199338,1.0,0.6735426610386639,0.5676348015282242,0.5677168239798073,static_ridge,1000,,,0.6252167668382014,0.5687510504407575,107.77840108396741,,,88.83411584680468,,,,,,persistent_bias,23
0.22683698980271985,0.1536158380818632,synthetic_persistent_bias,,,,0.056484420643040656,62.06239186355137,1.0,0.580633950374949,0.021099000974239446,0.04389891358263853,rolling_ridge,1000,,,0.14420487949833066,0.07952261632749934,18.988810639029314,,,8.839739130572008,0.0107642,,,,,persistent_bias,23
0.22003364639291811,0.16159663667391744,synthetic_persistent_bias,,,,0.06443095443875883,57.099496653312386,1.0,0.588878028010209,0.02506151583083015,0.053111656873980534,rls,1000,,,0.15880293974924606,0.08471224578857044,21.05905048674805,,,10.083361441763717,0.0121982,,,,,persistent_bias,23
0.3448829194822675,0.2997427792626609,synthetic_persistent_bias,,,,0.1571020788729868,74.23312559925212,1.0,0.4719092959457003,0.1513281922398749,0.15742749515120452,hedge,1000,,,0.3094349291426342,0.1805571023780506,41.58410837995442,,,24.58627314041249,0.0011261,,,,,persistent_bias,23
0.903218846520931,0.6127724480798015,synthetic_persistent_bias,,,,0.32890750458528745,162.1832888420846,1.0,1.2806455916718678,0.26112445013439856,0.30495681325127055,exp3,1000,,,0.6103861396851699,0.36931113595260856,71.08135786972292,,,51.473601136769034,0.0014658,,,,,persistent_bias,23
0.34200381618828735,0.2968533431661489,synthetic_persistent_bias,,,,0.1548352723293304,72.95681203788924,1.0,0.4683717341735212,0.1487083891858689,0.15515625951963408,fixed_share,1000,,,0.3060381594266281,0.17824421235728916,41.117648119324414,,,24.231520833895473,0.0013987,,,,,persistent_bias,23
0.2199792652937105,0.1516852358002653,synthetic_persistent_bias,,,,0.05729549764553366,58.529035772254254,1.0,0.5331590476568431,0.008039572922372742,0.04531799193215541,passive_aggressive,1000,,,0.14477978939102143,0.07944858572859174,17.980815164987302,,,8.966671637539802,0.0002668,,,,,persistent_bias,23
0.3889681645815277,0.35462371183999314,synthetic_persistent_bias,,,,0.2599416289659335,120.50774099247991,1.0,0.465575524278095,0.2598133265815986,0.2636160735354214,dma,1000,,,0.3584170170327691,0.2673632706188616,60.4071963110045,,,40.680530367056214,0.0015378,,,,,persistent_bias,23
0.3454698870509088,0.30027463731502463,synthetic_persistent_bias,,,,0.15756973284046452,74.4475716082196,1.0,0.47250094007701393,0.15187029090585746,0.15790135533309385,ensemble_mean,1000,,,0.3096539156190697,0.18101824223497803,41.677952495556816,,,24.659460384413897,,,,,,persistent_bias,23
0.412021795856184,0.3773775474384472,synthetic_persistent_bias,,,,0.2712358920063535,134.6455400261147,1.0,0.5379162594954179,0.2712358920063535,0.2706008651617937,oracle_best_member,1000,,,0.37883266951093164,0.27988940909025956,63.00412070288292,,,42.448067996242735,,true,10,0.27988940909025956,,persistent_bias,23
0.4579049841895697,0.4205992065588902,synthetic_persistent_bias,,,,0.3085333109025748,160.73472350972708,1.0,0.5257152019654818,0.3085333109025748,0.3092233377167578,validation_best_member,1000,,,0.4254860866020248,0.31719881558823926,69.27910614534642,,,48.285066048676235,,,,,7,persistent_bias,23
1.119940978671073,1.0713654019396432,synthetic_persistent_bias,0.0073998,1.0e-6,cholesky,0.9254820467690613,560.3998276786435,1.0,1.1947054380696356,-0.9253768114434558,0.925259720012172,adaptive_ridge,1000,110,quadratic,1.0749344173692368,0.9304901435930464,142.64782348501836,0.0013976,1,144.5048394674683,,,,,,persistent_bias,24
0.11286699413263421,0.09754919149895674,synthetic_persistent_bias,0.0001978,0.0,,0.04988634434020726,25.921053460972665,1.0,0.16088691473572414,0.04707392073819198,0.048495805686458324,static_ridge,1000,,,0.10148541849238811,0.05768160946550097,17.3404372957738,,,7.789257723223384,,,,,,persistent_bias,24
0.06167211522387102,0.04900765902965056,synthetic_persistent_bias,,,,0.020857200158939816,11.40716721834204,1.0,0.08684931259439432,-0.001877795420888593,0.017710418265287575,rolling_ridge,1000,,,0.048775009996599755,0.02615564905164481,7.744391174161641,,,3.256644870886985,0.0033152,,,,,persistent_bias,24
0.07079518946006748,0.05621407294099356,synthetic_persistent_bias,,,,0.0231621025417294,13.190290164222992,1.0,0.10097493093965393,0.0006573945696471563,0.019433514969054377,rls,1000,,,0.05820194461684729,0.029289940360085566,8.421318277239498,,,3.6165325099567744,0.0043957,,,,,persistent_bias,24
0.24380106351529685,0.2025004894499469,synthetic_persistent_bias,,,,0.08966186775016921,73.55159316413207,1.0,0.320321387700376,0.06630923221539387,0.07649187828895504,hedge,1000,,,0.20984598252544762,0.10974026927244114,25.965213378837877,,,13.99981107232075,0.0012084,,,,,persistent_bias,24
0.9174933243585567,0.8698479519948438,synthetic_persistent_bias,,,,0.5447467427380265,344.5029090205393,1.0,1.6458239424467433,0.35598355635352413,0.508827255042428,exp3,1000,,,0.8677314115861756,0.5805065141694088,103.30606493632288,,,85.05679919410437,0.0015824,,,,,persistent_bias,24
0.4493682373386828,0.40723649389749783,synthetic_persistent_bias,,,,0.26813193892052634,173.99389746620986,1.0,0.557306792705689,0.26790909654761774,0.26758128529552194,fixed_share,1000,,,0.4146394662748324,0.2823947946171377,62.45850721055237,,,41.8661420014344,0.0013554,,,,,persistent_bias,24
0.10332209297003106,0.07441393674964661,synthetic_persistent_bias,,,,0.02970116935510814,26.09076136786022,1.0,0.31195591929460365,0.002900077818180658,0.02429534971890529,passive_aggressive,1000,,,0.07227827781722462,0.039966380561658306,11.083192304018883,,,4.63754291575899,0.0002398,,,,,persistent_bias,24
0.44756533055086634,0.40068496749797555,synthetic_persistent_bias,,,,0.2444759119436891,158.15471080875477,1.0,0.5552974761967266,0.2375927620725498,0.24526817827383826,dma,1000,,,0.4138450905758875,0.264571380618684,58.87027539000035,,,38.17248809138835,0.0082767,,,,,persistent_bias,24
0.21828294200810666,0.17902284884002864,synthetic_persistent_bias,,,,0.07752188702998017,63.61050339794508,1.0,0.2800338020427182,0.04530001245370897,0.06592236652625352,ensemble_mean,1000,,,0.18855570671255134,0.09611128556554309,23.015781808434753,,,12.104273529227997,,,,,,persistent_bias,24
0.4844691453707445,0.4386206258359105,synthetic_persistent_bias,,,,0.2943387429389361,177.88597282118732,1.0,0.6222392032301425,0.2941561251725402,0.2945292185508246,oracle_best_member,1000,,,0.44342277144543146,0.3088482622642157,66.81592963051179,,,45.95807443908296,,true,6,0.3088482622642157,,persistent_bias,24
0.5846675444925112,0.5610646204672854,synthetic_persistent_bias,,,,0.48706285814725186,278.0926366639972,1.0,0.6277815610667327,0.48706285814725186,0.48569359611365126,validation_best_member,1000,,,0.5657759192968379,0.4892990659431827,96.79196970413703,,,76.05003292375892,,,,,8,persistent_bias,24
1.9452210228927262,1.8592439129292877,synthetic_persistent_bias,0.0074099000000000005,0.0,cholesky,1.5890936356521004,948.0830789990528,1.0,2.200364106015197,1.5890936356521004,1.586816580892807,adaptive_ridge,1000,110,quadratic,1.8757124484684389,1.5988640074933487,159.33389318008886,0.0009938,1,249.8531119122808,,,,,,persistent_bias,25
1.0284895789023347,1.0267239461490663,synthetic_persistent_bias,0.000149,0.0,,1.020849008021445,625.7953544958569,1.0,1.0305181120387576,1.020849008021445,1.0208564773246704,static_ridge,1000,,,1.0272627082294206,1.0208559880131676,148.229241603506,,,160.50803786779727,,,,,,persistent_bias,25
0.20759420347588153,0.13183540692548376,synthetic_persistent_bias,,,,0.03387517160756306,50.084017670109105,1.0,1.022174907293424,0.015126705422597586,0.015645217148384266,rolling_ridge,1000,,,0.12622532137541204,0.0676676104387998,11.115379417299364,,,5.326191517492901,0.0097891,,,,,persistent_bias,25
0.2005433089283135,0.1467083036881798,synthetic_persistent_bias,,,,0.056667629615818754,54.05185626830844,1.0,1.0212446646699858,0.014526527762069988,0.04620788777058872,rls,1000,,,0.146187525410184,0.07973530579415056,17.426600802978896,,,8.909848536643798,0.0122,,,,,persistent_bias,25
0.3484416739210337,0.30667954445393086,synthetic_persistent_bias,,,,0.19485256613991164,126.2590353433761,1.0,0.4526333768448729,0.19462864938443764,0.1977854943642282,hedge,1000,,,0.3073601486608799,0.20781806546703105,49.1748583961883,,,30.636659113024674,0.001025,,,,,persistent_bias,25
0.920895893807498,0.8571066435832388,synthetic_persistent_bias,,,,0.5682228726915721,326.8604899106463,1.0,1.3003519331123305,0.4611847987163571,0.5468640295209555,exp3,1000,,,0.8313200026106504,0.5911994834127814,106.17319993023277,,,89.34165351651247,0.0017456,,,,,persistent_bias,25
0.42655829117856287,0.3484531612440844,synthetic_persistent_bias,,,,0.15109799565822268,111.22750980442977,1.0,0.5774451905974445,0.0849738293264397,0.13429094771231398,fixed_share,1000,,,0.36244795413201963,0.18727232482314832,36.46622706949167,,,23.757130210532367,0.0021405,,,,,persistent_bias,25
0.3122236206056682,0.23875929035334623,synthetic_persistent_bias,,,,0.09577396951946479,59.080493050453356,1.0,0.8494366338608323,-0.00339756633703736,0.07634868638703207,passive_aggressive,1000,,,0.2514068165057389,0.124094831112182,27.650511538821068,,,15.058536380589386,0.000276,,,,,persistent_bias,25
0.5515315492763543,0.45432756538406266,synthetic_persistent_bias,,,,0.196976485571813,80.48464364389538,1.0,0.7858328603546689,0.10768389898699629,0.16722609354565188,dma,1000,,,0.4689737921653533,0.24330802461727846,44.55763105450982,,,30.970602857814615,0.0015222,,,,,persistent_bias,25
0.35946596667466585,0.3167865138252315,synthetic_persistent_bias,,,,0.20289899476690332,130.8176817858741,1.0,0.47029101754218094,0.2026663761932763,0.20421164226072952,ensemble_mean,1000,,,0.3163476646510462,0.2158674660438725,50.93194552679666,,,31.901798678830648,,,,,,persistent_bias,25
0.7365172692797654,0.6389801142691034,synthetic_persistent_bias,,,,0.3183943874995527,222.8667727441809,1.0,0.9012974196543759,0.3044643025517613,0.30474952189276006,oracle_best_member,1000,,,0.6693627662165528,0.3720447833952647,68.46075888133278,,,50.0611334331617,,true,7,0.3720447833952647,,persistent_bias,25
0.729462016618269,0.6795551790554918,synthetic_persistent_bias,,,,0.5292002765256207,317.71916459176896,1.0,0.9132199138592645,0.5292002765256207,0.5295362294913879,validation_best_member,1000,,,0.6822244498605079,0.53807401789143,102.22507434537296,,,83.2061326962065,,,,,9,persistent_bias,25
0.4134995345081255,0.3830964492466299,synthetic_persistent_bias,0.0253801,0.01,cholesky,0.2772313201243166,220.11326425085764,1.0,0.4813054635884668,-0.2772313201243166,0.2756892571800147,adaptive_ridge,1000,110,quadratic,0.3876167409546172,0.2853553384616776,66.27154977791399,0.0004971,1,43.21811228065186,,,,,,persistent_bias,26
0.4133239549213924,0.38521759168177866,synthetic_persistent_bias,0.000139,0.001,,0.30038077150204884,227.60097591639496,1.0,0.4536021795130025,-0.30038077150204884,0.30092661369294116,static_ridge,1000,,,0.39449797499528894,0.305356871066892,69.56078147715574,,,46.82692382629428,,,,,,persistent_bias,26
0.1698910638680038,0.13097290329458136,synthetic_persistent_bias,,,,0.05402002833087129,44.15784630551467,1.0,0.39232064062396454,-0.008417292072101646,0.045028827511106095,rolling_ridge,1000,,,0.13394371203877314,0.0693019165410635,17.99693509993445,,,8.421283889427373,0.0267087,,,,,persistent_bias,26
0.16495462400088912,0.1276595024952486,synthetic_persistent_bias,,,,0.05305838974154653,39.64363847617546,1.0,0.3840567690397989,-0.006478040583704634,0.044400369864900716,rls,1000,,,0.13345560031443124,0.06770353659582073,17.469903973010947,,,8.271372239804924,0.0034028,,,,,persistent_bias,26
0.34246189903826263,0.31128969262767225,synthetic_persistent_bias,,,,0.20043432816816384,158.86818816469778,1.0,0.3920507943650565,-0.20035912765508826,0.2031411996703134,hedge,1000,,,0.3164207621938408,0.21324805333463484,50.78930137454604,,,31.246084662383456,0.0010427,,,,,persistent_bias,26
0.9498353622616855,0.83927692299429,synthetic_persistent_bias,,,,0.5192541034033372,386.4867193400669,1.0,1.3608129902796144,-0.025967689193375332,0.5335266826231541,exp3,1000,,,0.8574469635985197,0.5620651520867445,100.66997801383125,,,80.94749948530895,0.0015385,,,,,persistent_bias,26
0.2968387144257518,0.2580762475528465,synthetic_persistent_bias,,,,0.12865514257478644,103.2088468315399,1.0,0.37026146141646676,-0.11962949315929246,0.12471363435873911,fixed_share,1000,,,0.2699459026676104,0.15055245471756684,36.22641503387604,,,20.05629232219168,0.0013411,,,,,persistent_bias,26
0.24917127871422387,0.17988675923846784,synthetic_persistent_bias,,,,0.06834135354185074,86.73340806854827,1.0,0.41191566903580834,-0.024540234704119895,0.05316759972909604,passive_aggressive,1000,,,0.18360876450056055,0.0911366846753147,23.065248384695575,,,10.653862231218962,0.0002951,,,,,persistent_bias,26
0.501454550977677,0.410413225256241,synthetic_persistent_bias,,,,0.18054664041234803,102.75633539155552,1.0,0.719186910365211,-0.13188070246539982,0.15760763740412687,dma,1000,,,0.42834676902519514,0.22187106673662363,45.40691799003533,,,28.145755586837552,0.0017066,,,,,persistent_bias,26
0.3371910936696602,0.3040971223647529,synthetic_persistent_bias,,,,0.18858593551453215,152.26579363238605,1.0,0.3976027701902758,-0.18829615096335353,0.1913680012896396,ensemble_mean,1000,,,0.31086920383399164,0.20319773180205764,48.324136559727,,,29.399016431347064,,,,,,persistent_bias,26
0.6053208249670745,0.5143549129899836,synthetic_persistent_bias,,,,0.2480336093326801,187.82645198106022,1.0,0.8563228956523644,-0.23107259938102923,0.22971772436460303,oracle_best_member,1000,,,0.5267205217421854,0.2932329784340383,57.63116101300255,,,38.66642619134169,,true,8,0.2932329784340383,,persistent_bias,26
0.9504174436484075,0.8926618472555261,synthetic_persistent_bias,,,,0.7026791451430794,534.9644124885302,1.0,1.082404875512267,-0.7026791451430794,0.7032274894968937,validation_best_member,1000,,,0.9053849491876507,0.7133563463622382,122.48976095427415,,,109.54197447261076,,,,,6,persistent_bias,26
0.3800728236876323,0.3459566489205239,synthetic_persistent_bias,0.0062775,0.0,cholesky,0.23953683087234665,91.56309927337435,1.0,0.43778339631800267,0.2390507527314076,0.2395610611123657,adaptive_ridge,1000,110,quadratic,0.35118708828356676,0.2489741630430932,57.77820674989699,0.0009124,1,37.50456082870804,,,,,,persistent_bias,27
0.2620413457166488,0.24523796091583572,synthetic_persistent_bias,0.0001282,0.0,,0.19275215901570136,74.48009243137582,1.0,0.3216235356786186,-0.19275215901570136,0.19344283036574839,static_ridge,1000,,,0.24820108844863853,0.1956303768663913,49.58216909217917,,,30.179430220990444,,,,,,persistent_bias,27
0.08875577485143506,0.06946462666850933,synthetic_persistent_bias,,,,0.028066629857208078,11.254148103528824,1.0,0.2481285742373416,-0.003347707792716835,0.022567325326943707,rolling_ridge,1000,,,0.0711350050094324,0.03638479248272676,10.317516431650175,,,4.394424952952043,0.0038268,,,,,persistent_bias,27
0.0869139888537398,0.06855698684220228,synthetic_persistent_bias,,,,0.027745334836075733,10.83329487570152,1.0,0.23389149902165235,-0.001824508420603359,0.022832222031425403,rls,1000,,,0.06850779826960904,0.03597824580667537,9.888593546398758,,,4.344119416971897,0.0032489,,,,,persistent_bias,27
0.24592906486845556,0.2059673863626324,synthetic_persistent_bias,,,,0.0916525958915451,34.679817556603524,1.0,0.3091567980129029,-0.06889860940173104,0.07890743909019848,hedge,1000,,,0.21426721773013335,0.11205665545191382,26.193834142276742,,,14.350153774704044,0.0011084,,,,,persistent_bias,27
0.9652501445535249,0.8526368642415479,synthetic_persistent_bias,,,,0.5543255317668635,198.4247147101061,1.0,1.5452199245575542,0.09966423109424184,0.508267368217526,exp3,1000,,,0.8347825526747503,0.5896709899414956,99.32423271945355,,,86.7913946650462,0.0016026,,,,,persistent_bias,27
0.3800235124748756,0.3433002863019558,synthetic_persistent_bias,,,,0.21040614249648787,78.43552514963365,1.0,0.4350475035057233,-0.20443550519830658,0.2112379967084564,fixed_share,1000,,,0.3501160799116433,0.22821017975049632,49.65560151260167,,,32.943534993158075,0.001362,,,,,persistent_bias,27
0.0943312101224543,0.07632967328500091,synthetic_persistent_bias,,,,0.03239477791673485,11.360879700058877,1.0,0.15871285898672724,0.0011755612896335234,0.02719863776099935,passive_aggressive,1000,,,0.07966124187345333,0.040557020647909225,10.677499349035998,,,5.072088139790656,0.0002425,,,,,persistent_bias,27
0.5832864605804191,0.5227277829818479,synthetic_persistent_bias,,,,0.35362909578731294,134.4904407612247,1.0,0.8201760648367441,-0.351996549091612,0.35893034236023263,dma,1000,,,0.5297684410144864,0.37180083036647726,75.89010069292065,,,55.36811973948268,0.0149539,,,,,persistent_bias,27
0.1878235316771713,0.15490528461324723,synthetic_persistent_bias,,,,0.06782356245147303,29.519406806303948,1.0,0.26944014736015703,-0.0053140852520852325,0.058291100042734814,ensemble_mean,1000,,,0.15894884796554853,0.08368494698761507,21.373043156542895,,,10.619214232388867,,,,,,persistent_bias,27
0.5390600482521812,0.5022676932239669,synthetic_persistent_bias,,,,0.3956212339017945,153.6500928236611,1.0,0.6245121827143015,-0.3956212339017945,0.39827912163047496,oracle_best_member,1000,,,0.5091690922975312,0.40171201630893366,84.30972761127303,,,61.942877752714345,,true,5,0.40171201630893366,,persistent_bias,27
0.8644957475595398,0.8281383143565965,synthetic_persistent_bias,,,,0.7174721352691606,277.11441414998654,1.0,0.9393312580402382,0.7174721352691606,0.7199351944866617,validation_best_member,1000,,,0.8314352503865555,0.7212435090058573,124.67329841238498,,,112.33544854922653,,,,,7,persistent_bias,27
0.5665224345275172,0.5252759906942266,synthetic_persistent_bias,0.0057940000000000005,0.001,cholesky,0.40262017810749046,726.6814810603128,1.0,0.7000745811554545,-0.40262017810749046,0.4047887168642119,adaptive_ridge,1000,110,quadratic,0.5333626794801613,0.41039033040283557,83.88249670070806,0.0008901,1,62.730564133896756,,,,,,persistent_bias,28
0.4640086207262965,0.4303674073484484,synthetic_persistent_bias,0.0001476,0.001,,0.3313877662909475,475.0271233583725,1.0,0.5261092884875026,-0.3313877662909475,0.33209052266729255,static_ridge,1000,,,0.43867972992078375,0.3375670261549804,73.20428854431862,,,51.63214030706905,,,,,,persistent_bias,28
0.19882449920397746,0.1540202806649087,synthetic_persistent_bias,,,,0.06450653654924289,224.8511837202264,1.0,0.31031440543666644,-0.013106818309681165,0.055439334265574264,rolling_ridge,1000,,,0.15916570926431156,0.0812665149649576,19.977062661393145,,,10.050493363443659,0.0101209,,,,,persistent_bias,28
0.19842930496226088,0.15141511368992444,synthetic_persistent_bias,,,,0.06228074309754373,212.94331590119126,1.0,0.3451526938009942,-0.005978805438010653,0.051252718160693767,rls,1000,,,0.1535129540876709,0.07941681704044007,19.43412884704464,,,9.703701805387805,0.0058276,,,,,persistent_bias,28
0.2310523316422436,0.18453974876059207,synthetic_persistent_bias,,,,0.07862728186410385,222.53201747208257,1.0,0.35743290478592704,0.025585206789902566,0.06774730795111503,hedge,1000,,,0.190643381505344,0.09834919130772823,23.38301735387606,,,12.250587565766073,0.0009191,,,,,persistent_bias,28
1.0164660693825704,0.9041981678719213,synthetic_persistent_bias,,,,0.6148360354422028,1511.5369173475037,1.0,1.2568401372485964,-0.3061204805032911,0.6786804827218327,exp3,1000,,,0.912562727916955,0.659291041411766,112.83692731627548,,,95.79502829299547,0.0017251,,,,,persistent_bias,28
0.5014024923455725,0.42111898736492503,synthetic_persistent_bias,,,,0.18528071814884928,604.9892722314473,1.0,0.6807615426490161,0.13162479339092303,0.16304286166113918,fixed_share,1000,,,0.44191468743850576,0.22811896219701178,46.010971532812555,,,28.86781290307766,0.0014708,,,,,persistent_bias,28
0.2082362098051904,0.15853692196099062,synthetic_persistent_bias,,,,0.06327056892382575,206.79638720772567,1.0,0.39310028264122343,-0.005869343992469819,0.052461748968358146,passive_aggressive,1000,,,0.16034646608721245,0.08224588337786283,19.012170376684026,,,9.857922422866134,0.000297,,,,,persistent_bias,28
0.8252786037184799,0.6634211564885233,synthetic_persistent_bias,,,,0.28751831450538373,792.0454127688208,1.0,1.1558619154870615,0.20656458726979154,0.250509883357393,dma,1000,,,0.6865846238865921,0.3566248612259027,62.25239937405936,,,44.797024710804784,0.0235711,,,,,persistent_bias,28
0.2411640871553982,0.1919844471641913,synthetic_persistent_bias,,,,0.08184274982703409,228.09580962622385,1.0,0.3573990104743744,0.028084167606521597,0.06906833333995815,ensemble_mean,1000,,,0.19602226963397779,0.10221381836632502,23.9594528097914,,,12.75157616553574,,,,,,persistent_bias,28
0.825278603788636,0.6634211569716587,synthetic_persistent_bias,,,,0.28730754655559254,791.840033922014,1.0,1.1558619154870617,0.20672879597885757,0.250509883357393,oracle_best_member,1000,,,0.6865846238894219,0.35659482312343793,62.09705044236621,,,44.76418583905748,,true,9,0.35659482312343793,,persistent_bias,28
0.8909280889493247,0.846811481559813,synthetic_persistent_bias,,,,0.7201672244015707,1223.9051109737295,1.0,0.9926932229601966,-0.7201672244015707,0.7214412578450773,validation_best_member,1000,,,0.8538368724202979,0.724686643758514,124.46790746841805,,,112.20623981094175,,,,,5,persistent_bias,28
0.749816440144532,0.7007763255914209,synthetic_persistent_bias,0.0090273,0.001,cholesky,0.5690935442220816,425.0123398236835,1.0,0.8683475998745341,0.5690935442220816,0.5662014873243771,adaptive_ridge,1000,110,quadratic,0.7071977771240366,0.575296036788292,110.35001019976745,0.0015461,1,89.43834730023148,,,,,,persistent_bias,29
0.1706860282211395,0.15073129934908866,synthetic_persistent_bias,0.000132,1.0e-6,,0.09238964091191526,78.87509554620804,1.0,0.19851148609275404,0.09223540381785761,0.09221685281070686,static_ridge,1000,,,0.1536846461631527,0.09977412773727035,27.973468932710993,,,14.519891983872078,,,,,,persistent_bias,29
0.08634486121519931,0.07044265399149839,synthetic_persistent_bias,,,,0.030354106989781124,33.01350682169019,1.0,0.11201071750564295,0.002307976021464401,0.0261741516776125,rolling_ridge,1000,,,0.07560515328898154,0.037683664703943694,11.77645974837757,,,4.770430433631844,0.0098388,,,,,persistent_bias,29
0.08739766367443388,0.07052740973157516,synthetic_persistent_bias,,,,0.03052946118056884,32.14786848606829,1.0,0.12453261397215165,0.001032158208351566,0.026257496484346207,rls,1000,,,0.07442384262880646,0.03789604627512282,11.64422415549865,,,4.797988976819434,0.0311112,,,,,persistent_bias,29
0.2048781048364066,0.16743300757963578,synthetic_persistent_bias,,,,0.07520904120458974,59.8279202169831,1.0,0.30058347113577444,-0.05681417872442327,0.06761638402148155,hedge,1000,,,0.17037581388612136,0.09203572990296818,24.67624598800912,,,11.819800831809395,0.0020251,,,,,persistent_bias,29
0.9180922346786677,0.7626532812898605,synthetic_persistent_bias,,,,0.5631082711115735,390.19672825639617,1.0,1.366655165033915,-0.46732474211279346,0.5657903034439815,exp3,1000,,,0.7511210991165758,0.5794969473974831,107.92449212676969,,,88.4977059231164,0.0188586,,,,,persistent_bias,29
0.3044760525605375,0.24920158534850748,synthetic_persistent_bias,,,,0.1074847615921165,84.34198527372904,1.0,0.43020414809795715,0.05329832511967535,0.09203211302879119,fixed_share,1000,,,0.25839392511079257,0.13358231690456832,33.281497937667595,,,16.892230696271692,0.0022262,,,,,persistent_bias,29
0.098918488577254,0.07911274099541063,synthetic_persistent_bias,,,,0.03463133748984723,34.01346540246488,1.0,0.15006593649776256,0.0013865247255028684,0.02989236257815288,passive_aggressive,1000,,,0.08044893174894256,0.0426844908326076,13.180621450239236,,,5.442637016946679,0.0002305,,,,,persistent_bias,29
0.5464404442847431,0.4525538909023723,synthetic_persistent_bias,,,,0.22831863046893097,152.22694454632875,1.0,0.9289248604201908,0.16560666735492086,0.2226925480238123,dma,1000,,,0.4494503132546071,0.2667658570376093,54.50084743784495,,,35.88239784885811,0.0069582,,,,,persistent_bias,29
0.19818353383580395,0.16024094538714312,synthetic_persistent_bias,,,,0.07089250920975666,58.39324031561504,1.0,0.28761334397693017,-0.04584167380442858,0.06166565674123093,ensemble_mean,1000,,,0.16290778270633602,0.08736002115102254,22.979743644017724,,,11.141417652794127,,,,,,persistent_bias,29
0.6181610787026446,0.5530477537561184,synthetic_persistent_bias,,,,0.3782439222557933,294.9754830066186,1.0,0.8135329854609362,0.3782439222557933,0.37942075375565043,oracle_best_member,1000,,,0.5638425476443981,0.39454476434308794,81.3202615319926,,,59.44455287954181,,true,8,0.39454476434308794,,persistent_bias,29
0.7036502644538112,0.671443401056599,synthetic_persistent_bias,,,,0.5687485293407503,391.7835216735953,1.0,0.7821697908588513,-0.5687485293407503,0.567357401153759,validation_best_member,1000,,,0.6765938289954656,0.5724994185379781,108.11852709012767,,,89.38412500041179,,,,,6,persistent_bias,29
0.5851505728608022,0.5563254300230156,synthetic_persistent_bias,0.0069457,0.0,cholesky,0.4621452021143355,307.77438932219246,1.0,0.6415577765195495,0.4621452021143355,0.4634261823683273,adaptive_ridge,1000,110,quadratic,0.5606785869079798,0.4661912178910204,94.42449853553204,0.0008675,1,72.75069334633366,,,,,,persistent_bias,30
0.5439609613331267,0.5142802112711151,synthetic_persistent_bias,0.0001192,0.0,,0.42754931676379626,278.4158684947455,1.0,0.58863217182566,0.42754931676379626,0.42725363778084213,static_ridge,1000,,,0.5211222696823643,0.43112392221156787,89.77486890498443,,,67.30462437349313,,,,,,persistent_bias,30
0.24244779624606744,0.18034578012228783,synthetic_persistent_bias,,,,0.07423662003093125,47.614884541575684,1.0,0.4401096664613942,0.025148326101166976,0.06281939449782781,rolling_ridge,1000,,,0.18394773737666517,0.09507371929541948,25.117649812261472,,,11.68629589624607,0.0030094,,,,,persistent_bias,30
0.2339176080028385,0.17830018858630947,synthetic_persistent_bias,,,,0.07423059355683752,46.46213812111097,1.0,0.42995205340762643,0.027658195413442856,0.06173853242736345,rls,1000,,,0.18413128678775603,0.0941773861280809,24.570225976947217,,,11.685347211359272,0.0033123,,,,,persistent_bias,30
0.4795616366713364,0.43368634683614343,synthetic_persistent_bias,,,,0.27275299063477443,182.45459899065833,1.0,0.5721979943513302,0.2726665179014769,0.27031725754103875,hedge,1000,,,0.44476310325209234,0.29173120116684215,64.0634593448209,,,42.93665516851283,0.001168,,,,,persistent_bias,30
1.064018156573724,0.9582065498928337,synthetic_persistent_bias,,,,0.5688117986088925,345.7697511598077,1.0,1.5866558462347216,0.4875317808896741,0.5725787735830528,exp3,1000,,,0.9609413109068302,0.6232738195338681,102.45115428487928,,,89.54210179625363,0.0077511,,,,,persistent_bias,30
0.41766315377381774,0.3377310884008881,synthetic_persistent_bias,,,,0.13815750414689726,84.78301895626026,1.0,0.6505848513088311,0.08965470882468941,0.11356898389147793,fixed_share,1000,,,0.3487058230857625,0.17562264508317518,35.34595230695497,,,21.74869320659764,0.001643,,,,,persistent_bias,30
0.223334665148506,0.16919211197038045,synthetic_persistent_bias,,,,0.06896035741930699,48.37989299040318,1.0,0.3724971429167319,0.008837311461959261,0.05681763127650197,passive_aggressive,1000,,,0.16959887473602495,0.08850246440413621,21.34821553289668,,,10.855708969200494,0.000425,,,,,persistent_bias,30
0.6643271038066897,0.5174527527006021,synthetic_persistent_bias,,,,0.22042821019044384,152.59790424026883,1.0,1.096191064791412,-0.1216073644947117,0.1897911728505348,dma,1000,,,0.535498035300886,0.2758984467225032,50.148978209462385,,,34.699711370104744,0.00226,,,,,persistent_bias,30
0.547503028336905,0.5038141918439518,synthetic_persistent_bias,,,,0.3544577675533375,234.0756969062159,1.0,0.6082450037556841,0.3544577675533375,0.35634330133788106,ensemble_mean,1000,,,0.5157412168522764,0.36749087005365955,78.0387561782789,,,55.79858501943101,,,,,,persistent_bias,30
0.8694405942517319,0.6946001313777782,synthetic_persistent_bias,,,,0.30816602842904395,191.02416972264493,1.0,1.2951764801008903,-0.2280222871507775,0.2747088675230033,oracle_best_member,1000,,,0.7174059022131666,0.37792644021752547,66.21047382316776,,,48.511359917683066,,true,9,0.37792644021752547,,persistent_bias,30
0.9686715399002123,0.8812075179997305,synthetic_persistent_bias,,,,0.5961892454660859,365.5799410340988,1.0,1.1172565281628226,0.5961892454660859,0.5942036797981695,validation_best_member,1000,,,0.8920081398996259,0.6239364900801767,109.90931029883862,,,93.85184737361972,,,,,5,persistent_bias,30
0.2816326440912218,0.1853587151936219,synthetic_member_degradation,0.1175594,1.0e-6,cholesky,0.053161649441369294,83.249010592486,1.0,0.7199394183407104,0.040885326011934314,0.02767195616809673,adaptive_ridge,1000,110,quadratic,0.1870882807316947,0.08837664175685252,16.67441910669166,0.0009901,1,8.25657180753745,,,,,,member_degradation,1
0.1625756902291461,0.12246171017536685,synthetic_member_degradation,0.0001333,0.0,,0.04196062187792708,73.435662601775,1.0,0.25822520533354093,0.032529758067315145,0.026796016675403947,static_ridge,1000,,,0.12781581142898005,0.05917235391622933,14.068368834829272,,,6.516932624638072,,,,,,member_degradation,1
0.04045932755696287,0.03201547586394339,synthetic_member_degradation,,,,0.013462219203396674,14.4029354183868,1.0,0.06293721230742987,-0.0003628718147025817,0.011501434648708606,rolling_ridge,1000,,,0.03304831288247451,0.016875323275879404,5.9093417627917315,,,2.09082638912927,0.0229748,,,,,member_degradation,1
0.040282321149431116,0.03170083298601037,synthetic_member_degradation,,,,0.013384018051483997,13.972359644267604,1.0,0.06449389182183791,8.36004524655197e-5,0.011232545457234538,rls,1000,,,0.03244163399858743,0.016783096299826238,5.855493687952994,,,2.0786809152212182,0.0034968,,,,,member_degradation,1
0.4258835492868465,0.3579670101576411,synthetic_member_degradation,,,,0.15490441443675831,205.65480597483483,1.0,0.5723120540015624,0.14457533456763605,0.13569697033811384,hedge,1000,,,0.3713859360998334,0.19187574407319055,39.788677262938265,,,24.05830959989666,0.0011989,,,,,member_degradation,1
1.7237240054923806,1.2331397556746446,synthetic_member_degradation,,,,0.3992770067692145,383.94162841277,1.0,3.5674604173327764,0.18570493393164392,0.23958374274073377,exp3,1000,,,1.2746570486797733,0.5858413598592271,71.14698732767664,,,62.01198255002306,0.0015267,,,,,member_degradation,1
0.3325870203899763,0.2727227060809015,synthetic_member_degradation,,,,0.11304040885298072,196.08089502038865,1.0,0.49331132880625306,0.08415855579507511,0.09255922012614842,fixed_share,1000,,,0.28594315837558404,0.1432204185114524,32.171839506960616,,,17.556382517389167,0.0012597,,,,,member_degradation,1
0.05776583419345301,0.04530922526012996,synthetic_member_degradation,,,,0.018498205412016775,16.115673041834814,1.0,0.08448828598495595,0.0002897929943090358,0.014823454933395597,passive_aggressive,1000,,,0.04731521885214446,0.02354126778093985,7.196336654058387,,,2.8729688205656334,0.0001449,,,,,member_degradation,1
0.48153700732881866,0.3596949197865703,synthetic_member_degradation,,,,0.1471540376753908,110.61679814070034,1.0,0.7592383675711909,-0.021135188804870617,0.12452593351325664,dma,1000,,,0.38366112206703507,0.1871905933092095,38.023580026223904,,,22.854593331907736,0.001709,,,,,member_degradation,1
0.5472790507001686,0.43994203885374605,synthetic_member_degradation,,,,0.181741709041143,219.86335642407875,1.0,0.6783481493021145,0.17233454521196462,0.14939880380627907,ensemble_mean,1000,,,0.4606540582883487,0.22950713114070045,45.36698009322155,,,28.22642801513732,,,,,,member_degradation,1
0.6350887723639339,0.5154836159158332,synthetic_member_degradation,,,,0.21900964193249114,202.5305125222288,1.0,0.8343345345268885,-0.09919554749182805,0.18529354897372674,oracle_best_member,1000,,,0.5368276652569567,0.27396300659056794,50.39357215219165,,,34.01453593258002,,true,9,0.27396300659056794,,member_degradation,1
1.8053131013093888,1.3325667613348449,synthetic_member_degradation,,,,0.42805012377365576,700.4181628700186,1.0,3.5674604173327764,0.18511453425353738,0.23524709496421892,validation_best_member,1000,,,1.398198250501018,0.6286159042368615,75.44759425375948,,,66.48075485431082,,,,,10,member_degradation,1
1.2105366684551642,0.855304326752123,synthetic_member_degradation,0.0075055,0.0,cholesky,0.24802710513786697,753.1060161392082,1.0,2.2376619112756404,0.20072275139616066,0.12970599856763,adaptive_ridge,1000,110,quadratic,0.8789282603435702,0.40075766395773554,51.991537306849004,0.0012251,1,39.083434191254106,,,,,,member_degradation,2
0.93474005901753,0.69101606011729,synthetic_member_degradation,0.0002544,0.0,,0.2117474187201386,878.3753013194907,1.0,1.3936095296369935,0.17198518151509543,0.1201172477315085,static_ridge,1000,,,0.7428467696145172,0.32414948351384903,48.55120605257924,,,33.36658023773779,,,,,,member_degradation,2
0.11809795463757389,0.09395454822657884,synthetic_member_degradation,,,,0.0352576596726064,101.92386572183784,1.0,0.16096231107447562,0.01068611557560016,0.02620660652401248,rolling_ridge,1000,,,0.10075608631820224,0.04690595215941113,13.300404583140239,,,5.555805768833144,0.0262003,,,,,member_degradation,2
0.11304532037238094,0.08980177763285006,synthetic_member_degradation,,,,0.0339982563446317,93.82177542662455,1.0,0.1635649562250519,0.008397987153293318,0.02662594513681002,rls,1000,,,0.09332837484704469,0.045013949671174926,12.82097930793051,,,5.357352430187817,0.0077932,,,,,member_degradation,2
0.4217183966898711,0.31406512088701,synthetic_member_degradation,,,,0.12166362167136009,543.3447108962326,1.0,0.6978868368703752,0.05002670994155776,0.09429487489624172,hedge,1000,,,0.3207874031443097,0.15977415492150493,36.04790431563846,,,19.17142139936332,0.0012113,,,,,member_degradation,2
1.904623952435123,1.3838619575856053,synthetic_member_degradation,,,,0.47559596417145245,2289.3328320210408,1.0,3.5133987524682464,0.19494697116985096,0.34039848538508666,exp3,1000,,,1.469458148433681,0.6659131925724532,86.39459645067681,,,74.9431138060045,0.006249,,,,,member_degradation,2
0.4158532279177982,0.31025622399196817,synthetic_member_degradation,,,,0.12059857223003266,534.150168308561,1.0,0.6878375829493407,0.04783643635468433,0.09339290893322238,fixed_share,1000,,,0.31575154091874175,0.15809484571014207,35.86689276581613,,,19.00359381565059,0.0022814,,,,,member_degradation,2
0.161563962621005,0.12246696247540584,synthetic_member_degradation,,,,0.04478379121230037,84.15783080773174,1.0,0.22211050406413468,-0.0005947123080842581,0.03129428389257319,passive_aggressive,1000,,,0.1254603213698584,0.060788182907291786,14.644080730433455,,,7.056907573500449,0.0003152,,,,,member_degradation,2
0.5330827328204585,0.4455557688295274,synthetic_member_degradation,,,,0.21726007667569278,449.41613478414195,1.0,0.8768693485361739,-0.1859271926312164,0.2036237502739422,dma,1000,,,0.4527747384638669,0.25660105041012427,52.426803958902795,,,34.23524983054312,0.0014742,,,,,member_degradation,2
0.4244276474057759,0.3156773082875238,synthetic_member_degradation,,,,0.12208319236960297,548.7115837560924,1.0,0.7033094564555339,0.050580561827851374,0.09398534752544047,ensemble_mean,1000,,,0.3235934187819128,0.16047768100073345,36.12364016444669,,,19.237536204695743,,,,,,member_degradation,2
0.8984279234363768,0.7466595611996564,synthetic_member_degradation,,,,0.34170784680793165,908.9181651812138,1.0,1.1993208882867687,-0.2842703967950182,0.30493441635298524,oracle_best_member,1000,,,0.7648986745070491,0.4118175797147077,72.25255909184055,,,53.84538974451779,,true,9,0.4118175797147077,,member_degradation,2
1.9491082595551803,1.4441996706820874,synthetic_member_degradation,,,,0.48418258984624807,2298.161360049951,1.0,3.5133987524682464,0.23908367329697133,0.3330446606252231,validation_best_member,1000,,,1.5262815143726716,0.6855513630732517,85.6219211391747,,,76.2961708410381,,,,,6,member_degradation,2
10.106964733831134,6.314027588117588,synthetic_member_degradation,0.0061500999999999995,0.0,cholesky,1.3862706262100741,659.6707414707345,1.0,21.643252567300074,-0.7838755917166751,0.2883991502306405,adaptive_ridge,1000,110,quadratic,6.877476312364594,2.897463221239347,85.76824026682647,0.0009628,1,216.5424991041946,,,,,,member_degradation,3
1.3770334849154773,1.0447364111916686,synthetic_member_degradation,0.0001223,0.0,,0.33566099104690217,175.16004568859756,1.0,2.06118087749667,0.30135883586849904,0.20163967723278875,static_ridge,1000,,,1.1118317142934855,0.49699929061175135,65.87244574812945,,,52.43194833594655,,,,,,member_degradation,3
0.24168339030840622,0.19180902998920327,synthetic_member_degradation,,,,0.07485250592418638,39.72284758840658,1.0,0.3239715491755819,0.007261889761459063,0.060188127277031156,rolling_ridge,1000,,,0.19615611573468153,0.09738400594510749,22.789863958542252,,,11.692340868065534,0.0281318,,,,,member_degradation,3
0.24197853318880264,0.1900042261325691,synthetic_member_degradation,,,,0.07493720004916557,40.18133355767963,1.0,0.35896208935629803,0.003709647900531842,0.06107285341722246,rls,1000,,,0.1992471475944013,0.09740256864900107,23.38190888513386,,,11.705570519719178,0.0086499,,,,,member_degradation,3
0.5286968496060163,0.4198862225003461,synthetic_member_degradation,,,,0.1582696967819564,93.09515182381176,1.0,0.7846502968393254,0.13329252416534193,0.11410384375915311,hedge,1000,,,0.44389381266342876,0.2103942079111998,41.421845248068934,,,24.722528938901707,0.0060215,,,,,member_degradation,3
1.8789376604490007,1.3564365584533946,synthetic_member_degradation,,,,0.43402395951102657,233.35551353083468,1.0,3.0875426454161645,0.2511616956020254,0.25166254429624235,exp3,1000,,,1.4443369373709842,0.6387763007444291,74.52713010253613,,,67.79674263210792,0.001934,,,,,member_degradation,3
0.41032587378751645,0.3504587793803859,synthetic_member_degradation,,,,0.14829890739749996,87.3729773024554,1.0,0.505660839174102,0.12619075520992443,0.11926728466174416,fixed_share,1000,,,0.3608627985901123,0.18765418722552332,39.54712563795483,,,23.16504109307283,0.007789,,,,,member_degradation,3
0.30044455284004473,0.2294593776083443,synthetic_member_degradation,,,,0.09084769436960313,48.970505474060616,1.0,0.4306288847233175,0.008915700834653028,0.07356207623913208,passive_aggressive,1000,,,0.23627442919199118,0.11770449255871653,25.843682334928207,,,14.190870386131083,0.0002873,,,,,member_degradation,3
0.6471754111627591,0.5180003225069503,synthetic_member_degradation,,,,0.2029331966179161,96.36218424675803,1.0,0.8985122913556464,0.06646596498595175,0.15944219766972234,dma,1000,,,0.5379895653554759,0.26335803194265534,48.91428153101685,,,31.699194021721453,0.0016577,,,,,member_degradation,3
0.4843417217174559,0.3829665060899612,synthetic_member_degradation,,,,0.14482624888577889,87.3936748574229,1.0,0.7339177086367985,0.1106539930440794,0.10632740834638721,ensemble_mean,1000,,,0.3973862065469838,0.19199433757909973,38.822149149228515,,,22.622594229923628,,,,,,member_degradation,3
0.7013901322402117,0.5832570601350534,synthetic_member_degradation,,,,0.25956557441736494,102.03242278666707,1.0,1.0233193505626106,0.16302871127599688,0.22611095779251744,oracle_best_member,1000,,,0.6079111623140475,0.3175591519154427,58.261884108158704,,,40.545458515135884,,true,2,0.3175591519154427,,member_degradation,3
1.8927778842489333,1.4177813093261487,synthetic_member_degradation,,,,0.4542868357959755,260.0589074720666,1.0,2.74213470106388,0.31421411789865483,0.26709410253948823,validation_best_member,1000,,,1.5475058806906625,0.6692405481138828,77.07092315531978,,,70.96190662449351,,,,,4,member_degradation,3
1.3123999084304143,0.9953294556391287,synthetic_member_degradation,0.007607,0.0001,cholesky,0.3261074808657805,124.0393269189831,1.0,1.9340086810190886,0.2748831131219977,0.1958055447688598,adaptive_ridge,1000,110,quadratic,1.0378579899547182,0.4809068646413237,63.610251994060064,0.0010047,1,50.68978293024055,,,,,,member_degradation,4
1.4165568118972525,1.0877069458838078,synthetic_member_degradation,0.0001356,0.0001,,0.3503926954915903,128.46659545141816,1.0,2.464029617947901,0.29399148803376923,0.20356372158277575,static_ridge,1000,,,1.1229438758638837,0.5217983316596102,65.04658519562264,,,54.46464959238639,,,,,,member_degradation,4
0.1603951060336588,0.12879910478485532,synthetic_member_degradation,,,,0.05125582502760684,22.155723098091844,1.0,0.21443897739305728,0.005576278110174186,0.03980607029081604,rolling_ridge,1000,,,0.13405105460912786,0.06633488541308051,16.752915264727385,,,7.96714824714226,0.0085109,,,,,member_degradation,4
0.16123243943269486,0.13019412189324892,synthetic_member_degradation,,,,0.05231629619444351,23.10340279874633,1.0,0.22794669752757213,0.003973186722051496,0.044698375583304306,rls,1000,,,0.13898764375912814,0.06732844897796389,16.582987748915713,,,8.131986701960948,0.0119944,,,,,member_degradation,4
0.2756901866855728,0.2204840259263441,synthetic_member_degradation,,,,0.08945628490362728,38.82646529377165,1.0,0.5167094482424897,0.0530561452267258,0.06923484983164327,hedge,1000,,,0.230205739892005,0.11491170817877372,24.930821213457925,,,13.904985103291576,0.002427,,,,,member_degradation,4
1.5828188551295255,1.1216096893856078,synthetic_member_degradation,,,,0.3643909176257116,135.71976802682653,1.0,2.793630054176171,0.17506057730347435,0.2277704346423919,exp3,1000,,,1.18122054657736,0.5288458656421277,68.26197762192669,,,56.640517620633,0.0213844,,,,,member_degradation,4
0.2517202468198456,0.20296739177301734,synthetic_member_degradation,,,,0.08159067142126741,32.428845140277076,1.0,0.35524751928607745,-0.01236632478607607,0.06417140431015,fixed_share,1000,,,0.21079848708201443,0.1047098570151002,22.73812380413776,,,12.682362920643474,0.0026379,,,,,member_degradation,4
0.2276947452217595,0.17412497780270011,synthetic_member_degradation,,,,0.06883560080856202,28.330877531737382,1.0,0.39581615133276626,-0.00123981186187844,0.05350003113777743,passive_aggressive,1000,,,0.18127822265016322,0.08991782029738753,20.404218162274844,,,10.699728977682703,0.0002751,,,,,member_degradation,4
0.36260013618447134,0.3006930687226153,synthetic_member_degradation,,,,0.12482814621031896,56.24824797096849,1.0,0.5030620867702733,-0.052670717489387495,0.10488488491849784,dma,1000,,,0.30428475475084,0.15806222022454997,31.00957755987041,,,19.403147754189906,0.0068454,,,,,member_degradation,4
0.401146511670418,0.3169418978848284,synthetic_member_degradation,,,,0.11988120383365837,50.82234372049362,1.0,0.5847601140279142,0.08719157280167071,0.08626640056843013,ensemble_mean,1000,,,0.31884255365107556,0.15923541954992323,32.01930982473991,,,18.634200551336438,,,,,,member_degradation,4
0.4416590936643809,0.37794055815589367,synthetic_member_degradation,,,,0.19768198842880527,80.26853556691532,1.0,0.6186774062626587,-0.1869643825954632,0.19252719094371168,oracle_best_member,1000,,,0.38549668940691995,0.22740133316321928,47.499902631468906,,,30.72746769277178,,true,3,0.22740133316321928,,member_degradation,4
1.9589640773208759,1.5032756934736675,synthetic_member_degradation,,,,0.5405505547570771,207.05735598688312,1.0,3.2760615304080654,0.48863550263650557,0.35128014352610615,validation_best_member,1000,,,1.5858346491377666,0.7388955564917326,87.65688750755471,,,84.0225750440077,,,,,4,member_degradation,4
2.4139281224102334,1.8112236091853018,synthetic_member_degradation,0.0296469,1.0e-6,cholesky,0.5448267348739657,232.51889464849867,1.0,4.119172156866187,0.4271282777567339,0.3014940807119405,adaptive_ridge,1000,110,quadratic,1.895808447547947,0.8468591925251633,79.19567794181036,0.0008815,1,85.47474073697322,,,,,,member_degradation,5
2.0121656711156293,1.541607845287978,synthetic_member_degradation,0.000128,1.0e-6,,0.4771293611301466,213.2348056685393,1.0,2.9046600296923972,0.3769814605505902,0.2900891079383304,static_ridge,1000,,,1.6251080610723305,0.7237389113999004,76.03927436752241,,,74.85408815342205,,,,,,member_degradation,5
0.15897730119655273,0.12312334225003584,synthetic_member_degradation,,,,0.046324164662437654,24.009189100506436,1.0,0.2882963346438663,0.0029093267039855516,0.03404697198818396,rolling_ridge,1000,,,0.12618519982872045,0.06282091187228526,16.371948684239037,,,7.26753242991035,0.0241207,,,,,member_degradation,5
0.15044376416921598,0.11722795128219048,synthetic_member_degradation,,,,0.0443599389703523,23.063013631286854,1.0,0.2863245243732167,0.006055576234306155,0.03291581247780459,rls,1000,,,0.12137350479549641,0.06012994498619757,15.790984610590531,,,6.959376329937145,0.0084976,,,,,member_degradation,5
0.4332571197268751,0.3405670125532438,synthetic_member_degradation,,,,0.12416132624421322,60.524967625401885,1.0,0.6472579350989627,0.08035249246991778,0.08929613121632758,hedge,1000,,,0.3641724980407851,0.16696673972692055,34.98724781237436,,,19.47895815490385,0.0016306,,,,,member_degradation,5
1.7325715719160555,1.2403169728102812,synthetic_member_degradation,,,,0.38486069414027174,192.43091068355,1.0,2.6547771585429243,0.21826934167833625,0.23768040901851106,exp3,1000,,,1.311510171069814,0.5788048272351014,68.40039836548158,,,60.37858633919835,0.0062254,,,,,member_degradation,5
0.44570103699759,0.3539420685304954,synthetic_member_degradation,,,,0.13363716240855578,62.99412757856694,1.0,0.7848980697911478,-0.07437861743056637,0.09299047983649111,fixed_share,1000,,,0.35489581872807135,0.17812279518250515,34.23622320852776,,,20.96556772739588,0.0012777,,,,,member_degradation,5
0.22128344101589612,0.1668679433980801,synthetic_member_degradation,,,,0.06036280448023035,29.580483412834486,1.0,0.32822113849770385,0.0003936816459466315,0.042071845669071926,passive_aggressive,1000,,,0.17093699423744083,0.08303689677737039,19.682877760340084,,,9.469974090566305,0.0002557,,,,,member_degradation,5
0.4792003583888067,0.3816632678795679,synthetic_member_degradation,,,,0.14429324059223583,66.1811577651953,1.0,0.8032518814486473,-0.07835329977567235,0.10257751409151053,dma,1000,,,0.38453729773332906,0.192195198748885,35.83305226800975,,,22.63733869919606,0.0020482,,,,,member_degradation,5
0.4162638597354754,0.3218782550439627,synthetic_member_degradation,,,,0.11880878137760671,59.40042923776671,1.0,0.6365525192318927,0.06941712428179839,0.08797567257065445,ensemble_mean,1000,,,0.33965026735618475,0.15888616421948337,34.16705080577477,,,18.639228098591463,,,,,,member_degradation,5
0.48192615223062174,0.3920881753980476,synthetic_member_degradation,,,,0.1709333060084742,83.31234031785011,1.0,0.8032518814486473,-0.12011693631155107,0.14563691228482095,oracle_best_member,1000,,,0.3926738043033347,0.21274891448988967,41.86346691532095,,,26.816745727002303,,true,6,0.21274891448988967,,member_degradation,5
1.829841647077696,1.395888693769935,synthetic_member_degradation,,,,0.4350376518949565,195.71186498273906,1.0,2.6547771585429243,0.3091010389579277,0.247755746956991,validation_best_member,1000,,,1.4696913475678746,0.6528105339664235,73.70189648181996,,,68.25056137369052,,,,,2,member_degradation,5
2.2739766107494863,1.717571572009285,synthetic_member_degradation,0.0069984,0.0,cholesky,0.5272716869866569,173.85835791716482,1.0,3.779298129215961,0.40553695851692784,0.29912883065389434,adaptive_ridge,1000,110,quadratic,1.7878510539936192,0.8097957618926298,77.74604454245663,0.0010634,1,82.64623633491897,,,,,,member_degradation,6
1.9422002567815344,1.4792654436561992,synthetic_member_degradation,0.0001399,0.0,,0.46784132865700007,154.47733754726113,1.0,3.1051890461044986,0.35245619558656255,0.2874689082636569,static_ridge,1000,,,1.5245558925039482,0.7063377664644964,75.10185682003466,,,73.33093350109539,,,,,,member_degradation,6
0.2521755783714827,0.19770241564734672,synthetic_member_degradation,,,,0.0693486061865081,31.974335193306835,1.0,0.4244142298168655,0.00444800065023827,0.050660533220486526,rolling_ridge,1000,,,0.2038216897747337,0.09762103978050338,20.85021052205964,,,10.869920456268327,0.004425,,,,,member_degradation,6
0.23952827227151174,0.18754083075666048,synthetic_member_degradation,,,,0.06726556450976678,32.05104138134141,1.0,0.3860786007364556,0.011683277225214565,0.05007989098653104,rls,1000,,,0.19202084155843524,0.09337724876616378,20.30392082373511,,,10.543417897985115,0.0083999,,,,,member_degradation,6
0.5290326319151015,0.42888682870512,synthetic_member_degradation,,,,0.17358898251161323,77.54575815169237,1.0,0.7915181983949979,0.1466620445752303,0.1400350698127158,hedge,1000,,,0.4578401061834349,0.2234620259716521,43.52544050340799,,,27.20888761500284,0.0008715,,,,,member_degradation,6
1.686275944799471,1.2762328076565113,synthetic_member_degradation,,,,0.41545248615236574,140.11842052982533,1.0,2.754023164006753,0.2610939665536048,0.2605876788755584,exp3,1000,,,1.3239273714538498,0.6088544130154865,73.44510011534751,,,65.11934018817696,0.006853,,,,,member_degradation,6
0.5460019995028683,0.41751090814345454,synthetic_member_degradation,,,,0.1526195286034824,72.60086410553971,1.0,0.8142980027377157,0.08542070239033185,0.10536902755183196,fixed_share,1000,,,0.4283789734654605,0.20861676123283748,39.62864624721351,,,23.922068909811433,0.0014004,,,,,member_degradation,6
0.2933272089328403,0.22480341184500077,synthetic_member_degradation,,,,0.07571188719968983,31.03982739042194,1.0,0.5229417879969702,0.0012696506561255313,0.051816545589611324,passive_aggressive,1000,,,0.23523294316996252,0.1091822328325591,21.733059561315212,,,11.867321301905289,0.0002688,,,,,member_degradation,6
0.6041509575086457,0.4619782778494524,synthetic_member_degradation,,,,0.1684100499539326,74.38276360747363,1.0,1.0068517843710434,0.054879439745641564,0.11292457444461429,dma,1000,,,0.4840769482452797,0.22871858900728775,40.772796953911055,,,26.397125302160294,0.0016578,,,,,member_degradation,6
0.5164340478666412,0.41760061417328703,synthetic_member_degradation,,,,0.16968580613900044,76.52632979246332,1.0,0.7783620126616936,0.14101417581364653,0.13932461724362372,ensemble_mean,1000,,,0.44556577084123233,0.21789439064718474,42.86466224269522,,,26.597091372364854,,,,,,member_degradation,6
0.8295418653964006,0.6627626339029449,synthetic_member_degradation,,,,0.28089812593145524,129.9400964935267,1.0,1.1170941017279068,0.13557062581059173,0.23791593272139896,oracle_best_member,1000,,,0.7089700517250326,0.3509682445711187,60.970797595273766,,,44.02886306003069,,true,3,0.3509682445711187,,member_degradation,6
1.7088506072982963,1.291654386543095,synthetic_member_degradation,,,,0.4130750369412723,137.28336580685112,1.0,2.754023164006753,0.2690092147590922,0.2391017029223213,validation_best_member,1000,,,1.3314647542314515,0.6146222400934694,72.27264056322852,,,64.74669125931598,,,,,8,member_degradation,6
0.8316724774073989,0.6338564892059896,synthetic_member_degradation,0.0129131,0.01,cholesky,0.22498607609336094,108.28740775305926,1.0,1.3126232684528285,0.19684063580529887,0.1562495512257892,adaptive_ridge,1000,110,quadratic,0.6533003672394253,0.31109366776466485,53.01644934755659,0.0009362,1,35.06181421772435,,,,,,member_degradation,7
0.8932025828844646,0.6877481496864268,synthetic_member_degradation,0.0001593,0.001,,0.2506952003282595,117.5245335585927,1.0,1.2412433386807384,0.22672136080321043,0.17652916748761455,static_ridge,1000,,,0.7151303406582105,0.34185171081346466,57.34967996046153,,,39.068322323809795,,,,,,member_degradation,7
0.25021007190801836,0.200095718422149,synthetic_member_degradation,,,,0.08277326777255606,37.37590124338539,1.0,0.40423269714235094,0.023878538313068107,0.06696762150212526,rolling_ridge,1000,,,0.2055768500597642,0.10512497838230811,23.875491736341623,,,12.899380207115625,0.0040668,,,,,member_degradation,7
0.2447784120392528,0.19621233877065244,synthetic_member_degradation,,,,0.08065268765708754,37.25037925471605,1.0,0.3992415911999274,0.023416574876608823,0.06625641242845762,rls,1000,,,0.19643106128154653,0.10267718331535344,23.24867553975622,,,12.568909151602377,0.0032992,,,,,member_degradation,7
0.5157008613346118,0.4086926792913473,synthetic_member_degradation,,,,0.15922979422811823,77.29602957610649,1.0,0.662834126096546,0.1264397983470807,0.12898124926177057,hedge,1000,,,0.4276180849691791,0.20727983087170723,41.920066139634955,,,24.814359893258757,0.0009065,,,,,member_degradation,7
1.628474969430417,1.14335603761698,synthetic_member_degradation,,,,0.40966020794654656,185.79678845622715,1.0,2.749924469257352,0.10739233222190246,0.3001729745896996,exp3,1000,,,1.1824386197921808,0.5618975432382382,75.28047944368294,,,63.841417890482454,0.0023932,,,,,member_degradation,7
0.37653070981931974,0.3022374549020702,synthetic_member_degradation,,,,0.12398856942400098,57.168197466953664,1.0,0.4881076484402171,0.08084654202280489,0.10324197238225895,fixed_share,1000,,,0.3176526757789443,0.15713273521180282,34.155112777752905,,,19.322369907290554,0.0286489,,,,,member_degradation,7
0.31885020731755953,0.25160339369893847,synthetic_member_degradation,,,,0.10265529067775053,48.05487541080888,1.0,0.5126895114631508,0.036470949929395396,0.08277240324843674,passive_aggressive,1000,,,0.26711529219406577,0.1309113927271248,29.212084207253817,,,15.99779325328653,0.0002951,,,,,member_degradation,7
0.5327969223963817,0.4452434951599564,synthetic_member_degradation,,,,0.209273828028392,100.58074626057135,1.0,0.6846681790838799,-0.17762489602375553,0.1958643966202102,dma,1000,,,0.46011441664177655,0.2507884161979552,50.57675460262036,,,32.61321858833021,0.0021405,,,,,member_degradation,7
0.5139625256647707,0.40918399637559155,synthetic_member_degradation,,,,0.16317927208413435,80.97584563648044,1.0,0.672628608788288,0.13429835213005697,0.13039313022734145,ensemble_mean,1000,,,0.42860930315369516,0.2099345505427688,42.77469418927712,,,25.429846243566008,,,,,,member_degradation,7
0.7322730565911205,0.6079384375394454,synthetic_member_degradation,,,,0.27824195976468485,120.71198911337551,1.0,1.095828393836606,-0.24051645631809956,0.24916116907028407,oracle_best_member,1000,,,0.610268404623101,0.3362118566855498,61.74973926498845,,,43.36120736999151,,true,7,0.3362118566855498,,member_degradation,7
1.8600569343386937,1.3736281086706594,synthetic_member_degradation,,,,0.4595158070715249,258.3322342060842,1.0,3.2137572653737347,0.21999865857696818,0.30968433604674767,validation_best_member,1000,,,1.4808139399943117,0.6504645425023344,82.60857088217706,,,71.61091093905655,,,,,9,member_degradation,7
0.3436621463814565,0.24389125119125016,synthetic_member_degradation,0.0065573,0.0001,cholesky,0.082973050641476,42.03755212079635,1.0,0.6494095812897087,0.05398327671594529,0.05750017166471033,adaptive_ridge,1000,110,quadratic,0.25107932063263766,0.11850280624823643,24.923121965865388,0.0009042,1,12.968264990584307,,,,,,member_degradation,8
0.37617079202132403,0.2941082786833511,synthetic_member_degradation,0.0001365,0.0001,,0.10337740865820375,54.82278267187994,1.0,0.6015428726269111,0.0888059667785899,0.07055491445806297,static_ridge,1000,,,0.3093136803447839,0.14329506210385418,29.756176814060137,,,16.157362169462864,,,,,,member_degradation,8
0.1026887624133436,0.08358928344883591,synthetic_member_degradation,,,,0.03531418682963735,20.250121544842166,1.0,0.1523012166576021,0.007541453078344133,0.029014937151956355,rolling_ridge,1000,,,0.08555633975045478,0.044362108825175425,12.64505302012484,,,5.519427442924652,0.0096161,,,,,member_degradation,8
0.10167690120020506,0.08198655928542069,synthetic_member_degradation,,,,0.034858057130902786,20.235113910418736,1.0,0.1526272971911915,0.0063570937120622836,0.0286471344314754,rls,1000,,,0.08463968777274242,0.04370633848929962,12.557795785128071,,,5.448136695416467,0.0032442,,,,,member_degradation,8
0.4844883462671835,0.38021232355539936,synthetic_member_degradation,,,,0.14432749022994776,80.30022626939997,1.0,0.6950223270844298,0.11308812094228972,0.10864674469340663,hedge,1000,,,0.3923063327441325,0.19086634588437343,38.599913678498574,,,22.55765124046589,0.0009123,,,,,member_degradation,8
1.9004352190573497,1.4287007984853397,synthetic_member_degradation,,,,0.4838725869216675,221.24744374130108,1.0,3.2757612312209066,0.3909631346081251,0.3049416139415332,exp3,1000,,,1.4928228365473177,0.6849823857706339,81.95377967159017,,,75.62681955607192,0.0129094,,,,,member_degradation,8
0.31666394426924965,0.25796045515197313,synthetic_member_degradation,,,,0.11079646706596517,65.69440989826396,1.0,0.42736322625955797,0.09250617985925334,0.09417456812227604,fixed_share,1000,,,0.27153771551041467,0.13761234678498327,31.365765953780482,,,17.316923191609717,0.0016506,,,,,member_degradation,8
0.1528114645644495,0.11925063697648457,synthetic_member_degradation,,,,0.048038379032451804,27.01578596393756,1.0,0.2604233035330594,0.009651838926620504,0.038466563563011535,passive_aggressive,1000,,,0.12364120834115343,0.06163874309541098,15.96911531062548,,,7.508153842659315,0.0082668,,,,,member_degradation,8
0.35080847063725984,0.3034291345221132,synthetic_member_degradation,,,,0.1628759597678188,95.28698165543746,1.0,0.4920103859444742,0.14493992094643723,0.16499668507008652,dma,1000,,,0.3088364818810171,0.18590646329390131,42.85238308366536,,,25.4566825075729,0.0015532,,,,,member_degradation,8
0.47429264924735937,0.3699762765110746,synthetic_member_degradation,,,,0.13992821343180292,78.18545475700974,1.0,0.6872451689664394,0.10750929225328318,0.10462135317424319,ensemble_mean,1000,,,0.38269765160245856,0.18534703438287967,37.79960904930308,,,21.870066695312946,,,,,,member_degradation,8
0.3874861892240554,0.3553359965428793,synthetic_member_degradation,,,,0.2634321310278274,132.27982144591493,1.0,0.49288883672721595,0.2634321310278274,0.26194714027752436,oracle_best_member,1000,,,0.35881439305216134,0.26975222043949204,62.30671915011138,,,41.173099648520065,,true,10,0.26975222043949204,,member_degradation,8
2.054160756598524,1.5723777046330385,synthetic_member_degradation,,,,0.5433711710723521,294.77928722151546,1.0,3.2757612312209066,0.48689032335187626,0.34349699934659195,validation_best_member,1000,,,1.6647282999131994,0.763545332381923,86.29608745726084,,,84.92614505833276,,,,,7,member_degradation,8
1.159717979517152,0.8897168370007167,synthetic_member_degradation,0.0064808999999999995,0.0001,cholesky,0.2920518168652339,143.6128778848357,1.0,1.6319198462840963,0.23559673371875925,0.17610419748060793,adaptive_ridge,1000,110,quadratic,0.9254743867544728,0.4267276804320246,60.364073516755106,0.0009536,1,45.841148231018835,,,,,,member_degradation,9
1.177970069622963,0.9125893153887552,synthetic_member_degradation,0.0001845,0.0001,,0.2975699014233921,147.841326901252,1.0,1.8320458818111232,0.23682911513171384,0.17509108385909092,static_ridge,1000,,,0.954355521386933,0.43615467989927187,61.563999743570136,,,46.707279915789535,,,,,,member_degradation,9
0.1662647431633485,0.12873783386274446,synthetic_member_degradation,,,,0.05137603189547214,45.5672372636487,1.0,0.2333229642026335,0.007522136902144065,0.04275355618045329,rolling_ridge,1000,,,0.135118702866361,0.0663482885736713,15.510206123274234,,,8.064104236436433,0.0053716,,,,,member_degradation,9
0.1617691863504613,0.12517896544701965,synthetic_member_degradation,,,,0.050274053627110946,45.577546608705354,1.0,0.22143876414883867,0.008055674573308861,0.04173553619299056,rls,1000,,,0.1302470838593331,0.06472338132633312,15.487292621420625,,,7.891135104829841,0.0033756,,,,,member_degradation,9
0.5637020613344149,0.4732442419308895,synthetic_member_degradation,,,,0.2147643128143895,145.55669092873654,1.0,0.7376845351546923,0.2093203111248763,0.18672369668176514,hedge,1000,,,0.48028133415957586,0.25911797431245814,52.36253180507615,,,33.709917658208866,0.000905,,,,,member_degradation,9
1.941791863960097,1.4636626823299073,synthetic_member_degradation,,,,0.4993193193623667,294.90251073904136,1.0,2.9925715424741144,0.3852996735728912,0.3244412634205015,exp3,1000,,,1.5583057711435717,0.7036015376951783,81.63907724407592,,,78.37434870012773,0.0084583,,,,,member_degradation,9
0.33656054397908547,0.2670237221401447,synthetic_member_degradation,,,,0.1104504971026684,105.66409228644113,1.0,0.502438029732599,0.09240484226447637,0.09404727888431606,fixed_share,1000,,,0.284643961358545,0.13911996687366363,28.96890588933092,,,17.3365728870282,0.0015374,,,,,member_degradation,9
0.19152315121630908,0.1491819626342025,synthetic_member_degradation,,,,0.059453124921255096,34.68171426793189,1.0,0.4003684473944477,-0.0003699795312831176,0.0464416212196373,passive_aggressive,1000,,,0.15168122448794705,0.07697729954993776,17.11410609957456,,,9.33190398048494,0.0002418,,,,,member_degradation,9
0.3626494964616208,0.2955928324063815,synthetic_member_degradation,,,,0.13246382529163023,151.3755894729335,1.0,0.5141077124513673,-0.014943916116754084,0.11608899202682077,dma,1000,,,0.30674172955825296,0.1606124884074841,34.73974795025031,,,20.791837269218014,0.0014964,,,,,member_degradation,9
0.5446768054864418,0.4538119039937267,synthetic_member_degradation,,,,0.20570184626555332,141.45996176173662,1.0,0.7231927474976252,0.19932273947440607,0.1838376428999722,ensemble_mean,1000,,,0.46135431210861383,0.248427799719255,50.61941065306608,,,32.287451340885625,,,,,,member_degradation,9
0.4548739068915596,0.4139164648344655,synthetic_member_degradation,,,,0.2881707265098186,234.1689804369305,1.0,0.5586493737753122,-0.2881707265098186,0.2884369787138342,oracle_best_member,1000,,,0.4219296037261892,0.29934885748812445,66.31834782007714,,,45.23196305220289,,true,2,0.29934885748812445,,member_degradation,9
1.978732066932422,1.5420362457571386,synthetic_member_degradation,,,,0.5364811553254223,309.1191069139953,1.0,2.9925715424741144,0.4766344209545402,0.3337249144382531,validation_best_member,1000,,,1.6246558059776877,0.749629816128035,86.94293581174051,,,84.20735891456283,,,,,10,member_degradation,9
1.095583294487676,0.8518558740429366,synthetic_member_degradation,0.12266650000000001,0.0001,cholesky,0.2889471653734664,150.28822671736557,1.0,1.476705692255777,0.2689697779676485,0.18518101909252074,adaptive_ridge,1000,110,quadratic,0.8988690381978233,0.41087877529551464,62.51481934622117,0.0009123,1,44.775626710007025,,,,,,member_degradation,10
1.0783845708202804,0.8415889014262649,synthetic_member_degradation,0.0001308,0.0,,0.2899576937382024,158.78516643270356,1.0,1.5799830285327499,0.2699031253202976,0.18630205514170556,static_ridge,1000,,,0.8733259034742623,0.41012514825801377,63.03425849385663,,,44.93221949326141,,,,,,member_degradation,10
0.2161090555471152,0.17172208674085887,synthetic_member_degradation,,,,0.06950870690355797,42.614803047383475,1.0,0.29902008039082995,0.022674255830551417,0.054545984836888384,rolling_ridge,1000,,,0.18190169076655188,0.08874532984859945,22.6588161454386,,,10.771159181943641,0.0091892,,,,,member_degradation,10
0.20885647017936748,0.16710410383136196,synthetic_member_degradation,,,,0.06777666832429878,39.67094563132461,1.0,0.28001738187233194,0.02135093737112878,0.05432120769618429,rls,1000,,,0.17369448069813143,0.08659681951628652,22.172532696524605,,,10.502760242047476,0.0114322,,,,,member_degradation,10
0.4259761567445784,0.3253394815605848,synthetic_member_degradation,,,,0.12342781180734155,72.12117226271495,1.0,0.6368838601104236,0.06897270302934609,0.09416730159153194,hedge,1000,,,0.336032265706367,0.16373366722658136,34.92437344690107,,,19.12653346149081,0.0065402,,,,,member_degradation,10
1.6641974555724284,1.2329926178608042,synthetic_member_degradation,,,,0.41514208692362276,213.55965354461222,1.0,2.9166170053478417,0.1943587550974312,0.27325320076382625,exp3,1000,,,1.2864677539845566,0.5919384284469298,76.70852337063224,,,64.33095507851746,0.0015637,,,,,member_degradation,10
0.41806240500426656,0.31933331490445377,synthetic_member_degradation,,,,0.12162304553903261,70.9914740105466,1.0,0.6248435902050422,0.06611891295649062,0.09305596709074632,fixed_share,1000,,,0.3300261501182483,0.16104730026267408,34.54077971762361,,,18.846864544773226,0.001234,,,,,member_degradation,10
0.2404715114925917,0.18861505083207428,synthetic_member_degradation,,,,0.0735315064595402,37.24410170435192,1.0,0.35427107676146474,0.0029238978689261215,0.05825850469728616,passive_aggressive,1000,,,0.19767962258344715,0.09547758367203957,21.99560504077809,,,11.394537407561572,0.0054256,,,,,member_degradation,10
0.5688305112052088,0.4534587334454887,synthetic_member_degradation,,,,0.19245755360273734,138.6294419552275,1.0,0.9212913840039683,-0.12778642679100047,0.1619520670405428,dma,1000,,,0.4676169182972442,0.24122654734321866,47.08277819309392,,,29.82347159038321,0.0067904,,,,,member_degradation,10
0.42886717581347034,0.3273067354759296,synthetic_member_degradation,,,,0.12395384536332914,72.33858525239778,1.0,0.6416389630861861,0.06962835164884781,0.09470631850535688,ensemble_mean,1000,,,0.33834487576673367,0.16457494370243328,35.03864007481105,,,19.208048302134408,,,,,,member_degradation,10
0.7965120082253637,0.642683256301246,synthetic_member_degradation,,,,0.27365166797875157,136.3432198679577,1.0,1.1042168029569643,-0.08316592779584062,0.23182859057620864,oracle_best_member,1000,,,0.6612951376442305,0.3415542331874706,61.89173094953892,,,42.40541663784923,,true,10,0.3415542331874706,,member_degradation,10
1.742672965048381,1.2865978002998895,synthetic_member_degradation,,,,0.423686276414616,214.2846000331668,1.0,2.9166170053478417,0.2267853440541322,0.2678699295366749,validation_best_member,1000,,,1.316592308432732,0.6130552090700071,77.76605539188954,,,65.65497374017764,,,,,1,member_degradation,10
0.9378395234552646,0.7299012335729015,synthetic_member_degradation,0.0077799,0.001,cholesky,0.24995724131663297,86.67903035761128,1.0,1.235339664945108,0.22519223135078073,0.15960646150403313,adaptive_ridge,1000,110,quadratic,0.7829756232025201,0.35170451767023175,58.0474424965918,0.0011642,1,39.029074473676204,,,,,,member_degradation,11
0.8333950368768906,0.6680957704623803,synthetic_member_degradation,0.0001578,0.0,,0.23763681621307897,81.95738121906477,1.0,1.1772769047889693,0.21422087846110563,0.15650267198662726,static_ridge,1000,,,0.7048218348381279,0.32710476747839323,56.49234233844201,,,37.10532629026255,,,,,,member_degradation,11
0.24323074821540963,0.19517850736763181,synthetic_member_degradation,,,,0.07966836141838284,36.00186672129942,1.0,0.3738211957761944,0.027492704497279523,0.064168322684717,rolling_ridge,1000,,,0.1972068429421993,0.10149826680422173,27.40815360124827,,,12.439657257438721,0.0101239,,,,,member_degradation,11
0.2429759039389403,0.18861516791614036,synthetic_member_degradation,,,,0.0741921198549114,34.49037532440695,1.0,0.39781236942812,0.01977096148341471,0.05647402063553714,rls,1000,,,0.19229744007345367,0.09691887351164627,25.313907066429813,,,11.584580450338656,0.0076748,,,,,member_degradation,11
0.3921821782863802,0.3202179493814346,synthetic_member_degradation,,,,0.13599107499634253,46.93478206593577,1.0,0.5029924736052326,0.11711797536058491,0.11699267268229879,hedge,1000,,,0.33810065590001304,0.16962382833748973,36.23724978129619,,,21.23405493607659,0.0012533,,,,,member_degradation,11
1.8869797594071158,1.3625944250598818,synthetic_member_degradation,,,,0.4401138772974884,158.9185694669963,1.0,3.402006680527671,0.3028517279566729,0.27216162306089486,exp3,1000,,,1.4119324033795815,0.6451547011495299,75.75618351093095,,,68.72070280285588,0.0015584,,,,,member_degradation,11
0.3758259688316713,0.3075961200731076,synthetic_member_degradation,,,,0.12898436720327386,44.96992920579243,1.0,0.5466780449783915,0.1112812024682492,0.11206132946934821,fixed_share,1000,,,0.3203992460465927,0.16200302345133344,34.810389206139995,,,20.140006534716004,0.0014329,,,,,member_degradation,11
0.25442304022863865,0.20126143033115843,synthetic_member_degradation,,,,0.08241326381828018,32.55114171817295,1.0,0.5569945570599993,0.016007835152821413,0.0670577029288294,passive_aggressive,1000,,,0.2063890315927966,0.10534220038234728,25.160649373860682,,,12.868254563218947,0.0060679,,,,,member_degradation,11
0.5480431203824788,0.4209789819302332,synthetic_member_degradation,,,,0.17272998614040933,71.47277687497342,1.0,0.9844726206480771,0.030305744720008174,0.14536242222239507,dma,1000,,,0.4335843109247559,0.22031871816418702,41.36608797161978,,,26.97057887741415,0.0017128,,,,,member_degradation,11
0.5394928341384599,0.44575727172219853,synthetic_member_degradation,,,,0.177074509055166,61.930593051595714,1.0,0.773523144655841,0.15887370195916314,0.13506725652440654,ensemble_mean,1000,,,0.467553524264239,0.22873338136141985,45.61886479450241,,,27.64894573527941,,,,,,member_degradation,11
0.7061178623264414,0.5763712101352073,synthetic_member_degradation,,,,0.25070689126837126,131.25959233576947,1.0,1.2151768191750227,-0.1181991269469567,0.2191118866671473,oracle_best_member,1000,,,0.6036329039591366,0.31132112479043983,55.344814325138536,,,39.146127068917956,,true,5,0.31132112479043983,,member_degradation,11
2.2300813314622148,1.728517304460697,synthetic_member_degradation,,,,0.5858869875099758,217.70986645415525,1.0,3.402006680527671,0.5332747987932849,0.38256141296032864,validation_best_member,1000,,,1.8030988357456896,0.8274437687402886,89.24860250530158,,,91.48215410058225,,,,,1,member_degradation,11
0.48764361095950937,0.3764600538784189,synthetic_member_degradation,0.0061247,0.001,cholesky,0.13659681059627699,107.85963289944691,1.0,0.8768105776440696,0.11021513153211936,0.10173312221232378,adaptive_ridge,1000,110,quadratic,0.38485715492160116,0.18500232202545497,38.51698438674673,0.0009205,1,21.611285175075015,,,,,,member_degradation,12
0.5012139306063353,0.4042388253542582,synthetic_member_degradation,0.0001284,0.001,,0.1522913715794075,137.93957595176994,1.0,0.7109906653758966,0.13031400398213686,0.11376146685024066,static_ridge,1000,,,0.4230914301112669,0.2019343937096913,42.40015769961117,,,24.09435657054495,,,,,,member_degradation,12
0.18859247585014566,0.14872270143737387,synthetic_member_degradation,,,,0.06355864965019682,39.25895527135661,1.0,0.30786371043577754,0.016131922592439514,0.05361969133232916,rolling_ridge,1000,,,0.15529365362009684,0.07954376679049746,21.23525401480938,,,10.055755305977279,0.0092132,,,,,member_degradation,12
0.18591488027668834,0.14511537289035034,synthetic_member_degradation,,,,0.06167991473398043,37.56722653148872,1.0,0.27941192651440694,0.01423443923280479,0.052136715948553514,rls,1000,,,0.15057476909564535,0.07735247307967781,20.742811702330005,,,9.758516476860503,0.0035508,,,,,member_degradation,12
0.4074228986421191,0.33798198328320483,synthetic_member_degradation,,,,0.15229416005490853,110.9766204450211,1.0,0.6019588048981589,0.13666971909714917,0.13570900301567007,hedge,1000,,,0.34721119551475316,0.18647354903596539,41.736397772803166,,,24.094797741455114,0.0010682,,,,,member_degradation,12
1.374554143540623,0.9586038291309912,synthetic_member_degradation,,,,0.31978969096049037,185.80398104068567,1.0,2.831956221433873,0.23137564098248045,0.2187424962199862,exp3,1000,,,0.972017463282398,0.45616878786129245,66.74240304680725,,,50.59463817074388,0.0026676,,,,,member_degradation,12
0.3164092079850695,0.2751393914060273,synthetic_member_degradation,,,,0.1422832389680203,95.53420112964105,1.0,0.4294967419211133,0.1360676347506456,0.14096000692867214,fixed_share,1000,,,0.28094212687075953,0.16479944407616354,41.310389501512994,,,22.510947653524802,0.0014374,,,,,member_degradation,12
0.20583677019994695,0.1626254349475612,synthetic_member_degradation,,,,0.06756823392791508,39.79815708592553,1.0,0.3995381895050192,0.008902386095668473,0.0549558707043622,passive_aggressive,1000,,,0.1668255629471638,0.08577700374806878,21.844351894064875,,,10.69012055126382,0.0002317,,,,,member_degradation,12
0.3563526614886969,0.309020923185853,synthetic_member_degradation,,,,0.16392022524611044,103.18611447766821,1.0,0.45196311828867225,0.14833118994827807,0.1652230687452787,dma,1000,,,0.315812310733253,0.18732448466221938,45.933264821924375,,,25.934183369964995,0.0014586,,,,,member_degradation,12
0.5096263804547861,0.41098762096453734,synthetic_member_degradation,,,,0.17638116720299443,142.30630482973694,1.0,0.7700143110715574,0.16089869926182387,0.15222112023453366,ensemble_mean,1000,,,0.42819260618787813,0.22011953494956438,46.93856639259767,,,27.905656708213026,,,,,,member_degradation,12
0.3688805966475823,0.3228872425160195,synthetic_member_degradation,,,,0.18015322035973722,113.49518295374234,1.0,0.4668771651556546,0.17777944365972895,0.17616766593821143,oracle_best_member,1000,,,0.3335070720344308,0.20082925519392664,47.9874125350956,,,28.50244162661677,,true,2,0.20082925519392664,,member_degradation,12
1.8096633954996049,1.3743775127007016,synthetic_member_degradation,,,,0.47193394043120995,392.728470575911,1.0,2.5962621246155315,0.3304219655849244,0.292391964624546,validation_best_member,1000,,,1.4775464801692548,0.6629837101190215,83.36246760364644,,,74.665718225296,,,,,1,member_degradation,12
1.663716657227833,1.20958716883625,synthetic_member_degradation,0.0076596,0.0,cholesky,0.37525400013258975,138.14968286669318,1.0,3.5153394250653816,0.3174877881869806,0.22206525764779422,adaptive_ridge,1000,110,quadratic,1.2564741442133376,0.5796386562398592,68.16307611159921,0.0010161,1,58.17032084957003,,,,,,member_degradation,13
1.5120012658062845,1.1305852589256211,synthetic_member_degradation,0.0001499,0.0,,0.3512199537707964,124.2220239359689,1.0,2.2750094048454628,0.2886446797416622,0.21518577075319387,static_ridge,1000,,,1.2172781943213882,0.5340969871304568,66.36567755352515,,,54.44466252831304,,,,,,member_degradation,13
0.11481765345683081,0.08848031543619286,synthetic_member_degradation,,,,0.0324218099514333,13.659967561658256,1.0,0.18819670835336336,0.003279553716177949,0.022913447242007806,rolling_ridge,1000,,,0.09041389350960537,0.044338289900389,12.171597165530546,,,5.025894691948056,0.0044568,,,,,member_degradation,13
0.10899505677019727,0.08540622918904758,synthetic_member_degradation,,,,0.03145388291071528,13.27971629555495,1.0,0.16275699204369642,0.004837169698278622,0.023099806590068772,rls,1000,,,0.08617350469813816,0.04273449060047393,11.812925260309337,,,4.875850651117985,0.0036187,,,,,member_degradation,13
0.5165984635408125,0.4234516491512302,synthetic_member_degradation,,,,0.1748691509208414,67.69512376437861,1.0,0.6303992609178095,0.16287584141098424,0.13797834006373305,hedge,1000,,,0.44252600760022326,0.22220297291011695,45.258228569632585,,,27.10749149153122,0.0010952,,,,,member_degradation,13
1.6856002064738422,1.180624154128269,synthetic_member_degradation,,,,0.36168210774986653,165.1065186595337,1.0,2.7372675409458718,0.23997443431095794,0.2122619838226179,exp3,1000,,,1.2833800177972365,0.5484020688719901,65.51562535503949,,,56.06646230533095,0.0016012,,,,,member_degradation,13
0.37279405032544644,0.29572947204909755,synthetic_member_degradation,,,,0.11934898942102208,44.772818777088155,1.0,0.5659747570805852,0.0946091959302307,0.09382530407731955,fixed_share,1000,,,0.3072802420156439,0.15302405552684253,32.94755216332492,,,18.50098601278002,0.0018128,,,,,member_degradation,13
0.18704865151479805,0.14062364759745438,synthetic_member_degradation,,,,0.0504978043652006,22.058776925351626,1.0,0.4067434329231603,0.000492043612428731,0.03671394248070483,passive_aggressive,1000,,,0.1497197097957001,0.06977770724224377,16.719149762266042,,,7.827960477662144,0.0002747,,,,,member_degradation,13
0.43582189377252667,0.34216666015303604,synthetic_member_degradation,,,,0.14292746538636847,57.72354943859375,1.0,0.764297003383342,0.08520030611239504,0.10721101604185335,dma,1000,,,0.3522667045521905,0.179273782437568,36.84278625791666,,,22.156023698090383,0.0015691,,,,,member_degradation,13
0.4787327787790601,0.3896286870372389,synthetic_member_degradation,,,,0.16097734756763354,63.58776523372598,1.0,0.6028382653596097,0.14411991914109631,0.1276196181156004,ensemble_mean,1000,,,0.4107200611675914,0.2045154408897051,43.03878501842569,,,24.954041673675288,,,,,,member_degradation,13
0.4776360612273451,0.38306047563862966,synthetic_member_degradation,,,,0.1619500631305721,63.07887082985172,1.0,0.7705707795295113,0.0870649741511222,0.14171317531373295,oracle_best_member,1000,,,0.3995175363541451,0.20388753558243322,40.20282269535593,,,25.104828011386576,,true,2,0.20388753558243322,,member_degradation,13
2.0053743438736493,1.517781533112362,synthetic_member_degradation,,,,0.5096914080658583,181.4954287936388,1.0,3.064601459693813,0.4540756076620519,0.3183716518378458,validation_best_member,1000,,,1.6142257805512692,0.7291429246039495,82.5915364604989,,,79.01025100594306,,,,,6,member_degradation,13
3.1532727113235626,1.9809190061881217,synthetic_member_degradation,0.0147446,0.0001,cholesky,0.5271671511178465,313.81387770361073,1.0,9.698905504075162,0.07652023841855599,0.25642002467957625,adaptive_ridge,1000,110,quadratic,2.0046459945971415,0.9544453412511301,74.39336913283543,0.001311,1,82.20173012443178,,,,,,member_degradation,14
2.1728454731417908,1.643734713270324,synthetic_member_degradation,0.0001831,0.0001,,0.5240498781229206,264.03641998321166,1.0,4.329807519946221,0.4348260102834967,0.3241137181784618,static_ridge,1000,,,1.7765207596732802,0.7767290311800734,83.01948063168527,,,81.71565045708202,,,,,,member_degradation,14
0.3893447518290192,0.28327165805386356,synthetic_member_degradation,,,,0.09837224165511647,59.58340265180577,1.0,0.7268717815453448,0.014440001376505541,0.06649458447331097,rolling_ridge,1000,,,0.2871833768391622,0.13874165532443775,31.88343336040496,,,15.339287440657674,0.0028054,,,,,member_degradation,14
0.3621962289568281,0.26379790834136313,synthetic_member_degradation,,,,0.09364500422790414,61.70726984364789,1.0,0.6377185992690521,0.01821582020481716,0.06682598694512037,rls,1000,,,0.2761571901620066,0.1305478326688908,30.83896271968641,,,14.60216432059636,0.003443,,,,,member_degradation,14
0.57164577028419,0.4711804842353871,synthetic_member_degradation,,,,0.2120956723777185,98.21662840453624,1.0,0.9236660016674129,0.20046655375230163,0.1893208259625338,hedge,1000,,,0.4982455286776752,0.25892318407894477,53.12566515622246,,,33.07230199071273,0.0009485,,,,,member_degradation,14
1.8793089833517518,1.3829162478556722,synthetic_member_degradation,,,,0.5021765060376625,227.82699079633778,1.0,4.176425215640655,0.39893477297122726,0.35243313516933017,exp3,1000,,,1.4207041625350796,0.6787618644006526,85.069162378977,,,78.30491246771568,0.0014911,,,,,member_degradation,14
0.5630296167138412,0.4652600972826348,synthetic_member_degradation,,,,0.21062239214935677,97.43028938883634,1.0,0.9051989070599765,0.1992981495040641,0.18940814501274195,fixed_share,1000,,,0.49441641641732803,0.2564602022367121,52.858245352291114,,,32.842571850144125,0.0013414,,,,,member_degradation,14
0.45770425596864983,0.33514268091907934,synthetic_member_degradation,,,,0.1195221544395679,53.41792602005655,1.0,0.7349031832189049,0.004702667491668975,0.08490627005748996,passive_aggressive,1000,,,0.365414228373499,0.16457635102587223,33.377490767868345,,,18.637215657877142,0.0004343,,,,,member_degradation,14
0.5735150633682108,0.46616300554594164,synthetic_member_degradation,,,,0.22117590754467284,107.63540824309821,1.0,0.9539939946968996,0.19117126423621467,0.20170408611900367,dma,1000,,,0.48696905288921405,0.26103031573256835,53.0162046710491,,,34.48819264148186,0.001833,,,,,member_degradation,14
0.5714108902294095,0.47095169480464033,synthetic_member_degradation,,,,0.21192722038597533,98.14725521423271,1.0,0.9233645949260937,0.20023818736375623,0.189044291290688,ensemble_mean,1000,,,0.4980010062673936,0.2587511289110805,53.097523481756404,,,33.046035093894844,,,,,,member_degradation,14
0.8189538181217674,0.6767429150860023,synthetic_member_degradation,,,,0.2894567023698657,125.09768059219778,1.0,1.1631696043464663,0.1984810169107688,0.24018936260602902,oracle_best_member,1000,,,0.7132042465566382,0.35988986695669456,63.13363340508945,,,45.135289026376824,,true,1,0.35988986695669456,,member_degradation,14
2.187008292364264,1.6683791381054243,synthetic_member_degradation,,,,0.6153188991765622,318.1742747091987,1.0,4.176425215640655,0.5766981658788616,0.421981481393963,validation_best_member,1000,,,1.7739642199285897,0.8198278629711674,96.45339191572373,,,95.94732521425098,,,,,8,member_degradation,14
2.2261043496781743,1.6189474099452432,synthetic_member_degradation,0.027653999999999998,0.0001,cholesky,0.49752012802483003,566.8302561554439,1.0,4.3186419747666775,0.4069829525910721,0.29141322688564286,adaptive_ridge,1000,110,quadratic,1.6814660346601489,0.7732515077899846,76.23632444915161,0.0008818,1,77.84503889774491,,,,,,member_degradation,15
1.8135564439747793,1.3477776475847827,synthetic_member_degradation,0.000123,1.0e-6,,0.43043606183595484,478.4567759418664,1.0,3.130939197492395,0.3449995723301933,0.2656822353124211,static_ridge,1000,,,1.435582429331252,0.6489053184752349,72.57170829033196,,,67.34865604259487,,,,,,member_degradation,15
0.39812423706768585,0.32348060899477016,synthetic_member_degradation,,,,0.12062670489732871,192.04618159638628,1.0,0.5407180940274545,0.06468484590089109,0.09230651004848611,rolling_ridge,1000,,,0.32995159087972836,0.16424384609751988,34.38035159062399,,,18.87399123351791,0.0077484,,,,,member_degradation,15
0.3752701374510184,0.30183086806760445,synthetic_member_degradation,,,,0.11157117585641575,180.45232961967884,1.0,0.539756164829766,0.05122573520463461,0.08333973480151013,rls,1000,,,0.3083416140773742,0.15243133474675288,32.88195222187792,,,17.45710783378871,0.0033849,,,,,member_degradation,15
0.5456949562589689,0.4673356742590126,synthetic_member_degradation,,,,0.2583751202062333,281.14145993174606,1.0,0.654429503228869,0.2573204294829143,0.24669776969690785,hedge,1000,,,0.49062042259574223,0.28702481276415964,61.278450076049594,,,40.426949885452565,0.0011281,,,,,member_degradation,15
1.8088529955177262,1.3430163195033826,synthetic_member_degradation,,,,0.4399141120639037,486.3624859971245,1.0,3.1874986349269663,0.32573398290808375,0.2880439363093685,exp3,1000,,,1.432254073794432,0.649699713278107,73.92769760203845,,,68.83164968869843,0.0014023,,,,,member_degradation,15
0.710803849569361,0.5709167851904337,synthetic_member_degradation,,,,0.20527713918170712,254.50307671919546,1.0,1.033935558276442,0.14780491511585572,0.15214654293258462,fixed_share,1000,,,0.608352060250266,0.28514317314872106,50.29459201174098,,,32.11891536500866,0.0013857,,,,,member_degradation,15
0.4999668232497545,0.3795393966229143,synthetic_member_degradation,,,,0.13035131219641358,259.50559291072415,1.0,1.0084063387525433,0.02936188434380731,0.08966091704082758,passive_aggressive,1000,,,0.3908631553303268,0.18658206214922218,34.495451563096566,,,20.395562705345426,0.0002976,,,,,member_degradation,15
0.7780430700585456,0.6273313984127502,synthetic_member_degradation,,,,0.22222311183857824,254.76445756468897,1.0,1.3886174343628022,0.14016631417834283,0.1615034176598017,dma,1000,,,0.660831708800219,0.3109285742468444,51.959106453299064,,,34.77038578063055,0.0014234,,,,,member_degradation,15
0.6648902158847655,0.5568686600709011,synthetic_member_degradation,,,,0.28460443537921065,287.8666241895516,1.0,0.821314346167655,0.2835329567883087,0.26096882688520917,ensemble_mean,1000,,,0.5817299003969765,0.32387957079616186,66.43877588640267,,,44.53094878898985,,,,,,member_degradation,15
0.8325322402631705,0.7000446493115265,synthetic_member_degradation,,,,0.30578410888015045,302.0424428784696,1.0,1.3088025681791606,0.2153036014637778,0.2609399623391569,oracle_best_member,1000,,,0.7196831685721004,0.378432073754796,65.19412933476376,,,47.84484990504663,,true,5,0.378432073754796,,member_degradation,15
1.844116273207405,1.3666564990503538,synthetic_member_degradation,,,,0.4350516928464164,484.8908365630087,1.0,3.1874986349269663,0.3369009986860074,0.2592671281009819,validation_best_member,1000,,,1.4504912385919264,0.6566897154705404,72.84648076109166,,,68.07084587031795,,,,,2,member_degradation,15
1.944336587469715,1.4069473887198922,synthetic_member_degradation,0.0060609999999999995,0.0,cholesky,0.4373177659898705,184.53284814884663,1.0,3.3120308128930223,0.40981431646341054,0.255794845499523,adaptive_ridge,1000,110,quadratic,1.475026387362676,0.6664304821422552,75.29390965717272,0.0009282,1,68.27436948312689,,,,,,member_degradation,16
1.242994474081425,0.9402550101934755,synthetic_member_degradation,0.0001217,0.0,,0.3211225747874381,149.05060897466745,1.0,1.877228640232008,0.2964161031818906,0.21370728511463977,static_ridge,1000,,,0.9734293663379545,0.45863747693700185,66.77718390872371,,,50.13389124675631,,,,,,member_degradation,16
0.26574328165518446,0.21027775987678396,synthetic_member_degradation,,,,0.08448723633538288,37.83928669722704,1.0,0.4071911807209564,0.024957877280325128,0.06660751091049039,rolling_ridge,1000,,,0.21382782767277075,0.10904772019636623,26.224897589808894,,,13.19020913114196,0.0095949,,,,,member_degradation,16
0.26067227932077625,0.20582485199111314,synthetic_member_degradation,,,,0.08263321762907498,35.969912178717465,1.0,0.40667025395289497,0.028971868407202547,0.06635556732470782,rls,1000,,,0.21118492361872268,0.10649344175303282,25.04321142089893,,,12.900758374672975,0.0080228,,,,,member_degradation,16
0.3054889068031325,0.23795023571305918,synthetic_member_degradation,,,,0.09987676261277148,48.23862587920445,1.0,0.47314409150336345,0.0010694855001393462,0.08400454725597292,hedge,1000,,,0.2402496147591863,0.1260002000290675,29.539344649979103,,,15.59283322955798,0.0010968,,,,,member_degradation,16
1.8596528467738591,1.3868418702810859,synthetic_member_degradation,,,,0.4679466652968551,221.7660367528537,1.0,2.778347875202548,0.2605527291585318,0.30359402968619087,exp3,1000,,,1.4776380141718577,0.6608623364846078,80.9302313485436,,,73.05617564509056,0.0014132,,,,,member_degradation,16
0.29319771412602136,0.23489915572419434,synthetic_member_degradation,,,,0.0977993291858102,50.06739434777189,1.0,0.41553944669013054,-0.004030393226779277,0.08288633333330464,fixed_share,1000,,,0.2424629979911483,0.1233208119135677,28.612572731112966,,,15.268502803493748,0.001257,,,,,member_degradation,16
0.25818112328047643,0.20415459602700595,synthetic_member_degradation,,,,0.08012892838850683,30.422082988741682,1.0,0.33576431200492673,0.0026371463815731576,0.0632870072467579,passive_aggressive,1000,,,0.2142990859114713,0.10366780087760685,23.922066151530615,,,12.509786906783583,0.0002743,,,,,member_degradation,16
0.5867502588155193,0.4566081156459249,synthetic_member_degradation,,,,0.1843517360694979,86.03599961197112,1.0,1.0606510248042467,-0.07461137971458466,0.14966589931014565,dma,1000,,,0.4716417545178929,0.23723926220111205,46.02715748369768,,,28.78112787111495,0.0018197,,,,,member_degradation,16
0.41096115481380074,0.312033958372084,synthetic_member_degradation,,,,0.12414410271861447,60.55009039614411,1.0,0.6589206916404994,0.029103080255652065,0.1013279555948929,ensemble_mean,1000,,,0.3371664227024939,0.16046927044024553,36.78425905095555,,,19.38146811615759,,,,,,member_degradation,16
0.8628978873442438,0.7060385353153057,synthetic_member_degradation,,,,0.31050893817628605,145.98683060198232,1.0,1.200736042820475,-0.22442941444257647,0.27673429166650737,oracle_best_member,1000,,,0.7402241537704902,0.38254526333929995,65.7521073151822,,,48.47688253614696,,true,10,0.38254526333929995,,member_degradation,16
1.9035247673478615,1.4265245877363641,synthetic_member_degradation,,,,0.45187647768589606,212.86643589472925,1.0,2.741972105161521,0.2572264778428316,0.26012534694349504,validation_best_member,1000,,,1.5211281036061854,0.6632212631311456,78.82641225279306,,,70.54728620143783,,,,,5,member_degradation,16
4.212798895881601,2.682928719518918,synthetic_member_degradation,0.0092667,0.0,cholesky,0.739678886317084,297.74586906732867,1.0,10.536907760967562,0.1427147243451873,0.36563176301845834,adaptive_ridge,1000,110,quadratic,2.8123861937845724,1.2912295318258695,85.54041380329645,0.0011664,1,115.16359994038004,,,,,,member_degradation,17
2.3697944502876775,1.7189899650939906,synthetic_member_degradation,0.0001668,0.0,,0.509794912703431,199.1585378432201,1.0,5.055808570616013,0.3539109697837703,0.30542717340456116,static_ridge,1000,,,1.8025765492593846,0.8060927802551509,76.86458052558088,,,79.37203354625875,,,,,,member_degradation,17
0.18186293667322456,0.1370326660529445,synthetic_member_degradation,,,,0.048054508584484124,21.060376256809192,1.0,0.4127820599322868,0.011408969751910691,0.036453576205154326,rolling_ridge,1000,,,0.13760632759325725,0.06859301077429934,17.655216302731187,,,7.481800960292287,0.0114362,,,,,member_degradation,17
0.17241424387462373,0.13108256148648548,synthetic_member_degradation,,,,0.0457581636493705,20.15240625293241,1.0,0.3810412587183842,0.011265747696470105,0.03504149131755978,rls,1000,,,0.13279363233868896,0.06540371678310866,17.15657960940234,,,7.124273722020979,0.0051812,,,,,member_degradation,17
0.3040397162618253,0.23670598012365937,synthetic_member_degradation,,,,0.09476141246976542,38.63473137558321,1.0,0.5118859374187197,0.023342496435210434,0.07531981984216407,hedge,1000,,,0.23977526087209589,0.1213855312596674,27.495724346803044,,,14.753787890026667,0.0011605,,,,,member_degradation,17
1.773564029326307,1.309899608985768,synthetic_member_degradation,,,,0.42680753639228836,169.94195503860942,1.0,3.309634337767632,0.2461069190444035,0.25709634426615147,exp3,1000,,,1.3913754292834561,0.6208692327611163,76.83251387580093,,,66.45139300562651,0.0015852,,,,,member_degradation,17
0.30004273840357265,0.2350859645872238,synthetic_member_degradation,,,,0.09306145578650014,36.04881185414362,1.0,0.512156725568129,0.014114714400629565,0.07484905614084592,fixed_share,1000,,,0.2537334422102028,0.12032078421515431,27.009900440682564,,,14.48911475279234,0.0072647,,,,,member_degradation,17
0.24957377592219132,0.18771674516711837,synthetic_member_degradation,,,,0.07020569767168595,28.44110741923102,1.0,0.4661497756762234,0.0002826595036926085,0.05484878034010904,passive_aggressive,1000,,,0.1959135700804269,0.09446298452957055,20.756283495728624,,,10.9306092545832,0.0002608,,,,,member_degradation,17
0.48755626749513226,0.3728718571771425,synthetic_member_degradation,,,,0.15247811049440776,62.69677173508186,1.0,0.8188137681563825,-0.07867450006438927,0.12145021578801443,dma,1000,,,0.4002379681615501,0.19193088941482547,39.42094380973762,,,23.739934235618406,0.0015507,,,,,member_degradation,17
0.42727966271313106,0.3159736318278635,synthetic_member_degradation,,,,0.11900338512319376,50.691444061479906,1.0,0.6495964770980007,0.051796873410429746,0.0908673242042487,ensemble_mean,1000,,,0.3292172206893238,0.15812078119741743,32.842504551761486,,,18.52811874097957,,,,,,member_degradation,17
0.929772010669806,0.769636212368403,synthetic_member_degradation,,,,0.33085319395412377,142.80540887346712,1.0,1.2913986301422469,-0.1938289972096259,0.27024840037019165,oracle_best_member,1000,,,0.7908442358514509,0.4109330198997289,67.3991078234687,,,51.51187301998517,,true,3,0.4109330198997289,,member_degradation,17
1.8286347130074267,1.3278574698052332,synthetic_member_degradation,,,,0.4155501184555326,163.78035137990057,1.0,4.120430277946388,0.24928959634331657,0.22972549614487608,validation_best_member,1000,,,1.4088345074459914,0.6245884679344808,74.1649327879706,,,64.69868003840193,,,,,8,member_degradation,17
1.244219701993876,0.9414979391325227,synthetic_member_degradation,0.0065839,0.0,cholesky,0.3001461944146388,204.85336247008448,1.0,1.5636054852029653,0.24170304127928802,0.17186201723813804,adaptive_ridge,1000,110,quadratic,1.0357336391274874,0.44601291684890315,62.13115553833891,0.0009719,1,47.24690607868259,,,,,,member_degradation,18
1.3018139469235874,0.990653454284739,synthetic_member_degradation,0.0002566,0.0,,0.31077305757409124,220.15583874468777,1.0,1.7211833691771967,0.2437054471250226,0.17486391010747482,static_ridge,1000,,,1.0672897220389173,0.46584622691528255,62.595452017067934,,,48.919712247639225,,,,,,member_degradation,18
0.25495758319081313,0.19797986727764966,synthetic_member_degradation,,,,0.07620904765407621,46.43820320721495,1.0,0.45632878639903485,0.027664639460681956,0.05813876671461964,rolling_ridge,1000,,,0.20337877706790713,0.1006843183470663,23.444441399752133,,,11.996293086041453,0.0039519,,,,,member_degradation,18
0.24733621598425462,0.19136488781280137,synthetic_member_degradation,,,,0.07352921199045864,45.76069047041977,1.0,0.41818546608882157,0.024124319100760596,0.05449629353125525,rls,1000,,,0.1972819364840256,0.09712191520800365,22.789267816283026,,,11.574452175640532,0.0035011,,,,,member_degradation,18
0.5891441640886801,0.48125306624988173,synthetic_member_degradation,,,,0.2223302587716669,128.36643065052047,1.0,0.7551889770407998,0.21745993250184162,0.19699637935197617,hedge,1000,,,0.48995614673848914,0.2671098325897368,55.22050036345431,,,34.99766797017174,0.0009036,,,,,member_degradation,18
1.7526109757358916,1.271665808221697,synthetic_member_degradation,,,,0.4284587905160158,224.3830000746355,1.0,3.165710147303444,0.19047784555192815,0.27135053333724957,exp3,1000,,,1.3540383799697568,0.6074143603247759,76.96196871473221,,,67.44497385207835,0.0019018,,,,,member_degradation,18
0.4361314180955388,0.3637671343620353,synthetic_member_degradation,,,,0.15702387778709365,93.6883488936522,1.0,0.6777029896037534,0.12444173086384781,0.1325892646497038,fixed_share,1000,,,0.37529708999831146,0.1972167909373971,42.4439237308558,,,24.717596104745123,0.0113726,,,,,member_degradation,18
0.28890800143910716,0.22406288715835354,synthetic_member_degradation,,,,0.08354014909856948,49.39303665311572,1.0,0.4284339796830303,0.0031135034208299448,0.06227165595471296,passive_aggressive,1000,,,0.23382409108284014,0.11189464618507261,25.02571882829946,,,13.15030359107811,0.0002686,,,,,member_degradation,18
0.49795496701424796,0.4024723952577702,synthetic_member_degradation,,,,0.1909114154727577,114.00260561469334,1.0,0.8584521297816814,0.07738353361442538,0.16847727046621896,dma,1000,,,0.41622186507444575,0.22537778340400588,49.45349427536242,,,30.05193430415125,0.0016585,,,,,member_degradation,18
0.5780612171250782,0.471423878138085,synthetic_member_degradation,,,,0.2208376940456014,127.2937711580707,1.0,0.7374467585079647,0.21574497395511635,0.19829644445495317,ensemble_mean,1000,,,0.4812188103672614,0.26365260669008,54.85618378875083,,,34.762718912875506,,,,,,member_degradation,18
0.5923999539821563,0.5224021769455988,synthetic_member_degradation,,,,0.3363992345695103,171.72516380636512,1.0,0.7229126546298267,0.33629607114320187,0.33705114594386176,oracle_best_member,1000,,,0.5372564824442854,0.35643442057611596,73.14473753017728,,,52.953605064503165,,true,3,0.35643442057611596,,member_degradation,18
1.7267799085196531,1.2829403336745993,synthetic_member_degradation,,,,0.4247005443931252,286.6823858577992,1.0,2.3135818479027055,0.16609437155543721,0.24579357621225636,validation_best_member,1000,,,1.4063921963770292,0.6033775396226817,77.30461823724124,,,66.85337714056554,,,,,1,member_degradation,18
0.8461708593115551,0.6523071217530658,synthetic_member_degradation,0.0082637,0.001,cholesky,0.22412868035869404,177.02321579463248,1.0,1.2270858333057602,0.19647661030231434,0.14050951055582853,adaptive_ridge,1000,110,quadratic,0.6704502325070784,0.3169612717913962,53.6344366775966,0.0012584,1,35.41385476500898,,,,,,member_degradation,19
0.8826194731020975,0.6857588328744829,synthetic_member_degradation,0.0001666,0.001,,0.2330851288508311,179.02129343094043,1.0,1.3256096974192346,0.20266933674609852,0.13734981010577402,static_ridge,1000,,,0.7220616201623656,0.332152426384887,55.06361877900936,,,36.82903449838004,,,,,,member_degradation,19
0.2746180867658314,0.21770090133330683,synthetic_member_degradation,,,,0.08638870234339736,64.73420011246127,1.0,0.4194503784905401,0.039231008887475084,0.06895234831461972,rolling_ridge,1000,,,0.23141521584296215,0.11137944043619998,27.20418609167523,,,13.650002102499736,0.0035365,,,,,member_degradation,19
0.26395079658206394,0.20739981630868823,synthetic_member_degradation,,,,0.08226857466406388,59.48407420609429,1.0,0.381532471649052,0.03189034358105259,0.06444259906471705,rls,1000,,,0.21894494019271618,0.10651903563804661,25.94932291792355,,,12.998993927126122,0.0052156,,,,,member_degradation,19
0.5255594051693234,0.4193104578812661,synthetic_member_degradation,,,,0.1627636398128025,118.26495790749811,1.0,0.723240417104112,0.13079599726771132,0.1251099053219468,hedge,1000,,,0.44507798721433756,0.21251439973847366,43.61695659146505,,,25.71776129734942,0.0016441,,,,,member_degradation,19
1.4214419482214224,0.9185188164136434,synthetic_member_degradation,,,,0.30604086336919245,179.78061888269417,1.0,3.0031183348566035,0.16865266835392617,0.22091433909726135,exp3,1000,,,1.0138260261781755,0.45286726748095774,61.87785246072259,,,48.35653638869125,0.007104,,,,,member_degradation,19
0.3426568494706306,0.2855903400150558,synthetic_member_degradation,,,,0.1232374217254052,95.68788051900867,1.0,0.4304582546372753,0.10638883760070303,0.1050537973543392,fixed_share,1000,,,0.30597260422817446,0.15268997132064233,35.052328338869884,,,19.472350203521682,0.0016593,,,,,member_degradation,19
0.2753809481377039,0.21677605824328747,synthetic_member_degradation,,,,0.08654903430468605,63.29749154729936,1.0,0.4791548369482386,0.01635866026415849,0.06990225645018949,passive_aggressive,1000,,,0.22634571724422706,0.11164470631478929,27.11729254190646,,,13.675335642063612,0.0002416,,,,,member_degradation,19
0.43758115634598965,0.35414366700976263,synthetic_member_degradation,,,,0.15375838261824723,104.86383819487124,1.0,0.6339694197313099,0.1132869658511885,0.1350463641078034,dma,1000,,,0.36504788498713076,0.19153425336738436,40.9201761052251,,,24.294869457272775,0.0015932,,,,,member_degradation,19
0.5116642664594909,0.4057412723142819,synthetic_member_degradation,,,,0.15874617584584924,114.05619001110882,1.0,0.7087726716618057,0.12241235466591424,0.12127492051175193,ensemble_mean,1000,,,0.4263134989822518,0.20631962013339622,42.71419385766781,,,25.082974686275616,,,,,,member_degradation,19
0.4795784484611792,0.4079127651795302,synthetic_member_degradation,,,,0.18204035087866988,123.02954081575376,1.0,0.6507334561703195,0.14956670068495515,0.15978536084956457,oracle_best_member,1000,,,0.4242814977025342,0.22315901957742773,46.30233274278551,,,28.763612658010352,,true,7,0.22315901957742773,,member_degradation,19
2.0966960778070867,1.5930624093573398,synthetic_member_degradation,,,,0.535815569943115,442.54727672969756,1.0,3.390727934789469,0.42764742922589283,0.33677177920808954,validation_best_member,1000,,,1.6225901870157597,0.7622717478164557,85.75137433859317,,,84.66250166836322,,,,,10,member_degradation,19
1.2618156705575279,0.9309777254079123,synthetic_member_degradation,0.017897899999999998,0.001,cholesky,0.30089993280642513,206.47308493437387,1.0,1.9209826693665173,0.2471090009400052,0.1801945416134832,adaptive_ridge,1000,110,quadratic,0.9633697380289009,0.4454132293308924,59.611890186506805,0.0013011,1,47.02083683416354,,,,,,member_degradation,20
1.13150969468602,0.9035249811811081,synthetic_member_degradation,0.0001207,0.0001,,0.31099487485026034,228.57817314297623,1.0,1.5373502981861447,0.2979056520229753,0.21514333178234235,static_ridge,1000,,,0.9255266758321895,0.4408431200660286,64.294491653661,,,48.59834673343918,,,,,,member_degradation,20
0.27005570737730983,0.21228203055112593,synthetic_member_degradation,,,,0.08284607376042119,62.8331871270905,1.0,0.44125317577195666,0.03660191746161003,0.06347982655080406,rolling_ridge,1000,,,0.21581102478071207,0.10878968894982607,24.41577958758049,,,12.946136877823394,0.00435,,,,,member_degradation,20
0.2626235904529281,0.20423834618806463,synthetic_member_degradation,,,,0.07986598257717804,58.71074192252927,1.0,0.41577328281433557,0.031039896011826558,0.06076390324030764,rls,1000,,,0.20763141628433246,0.10467185368229148,23.71272296274688,,,12.48044590883155,0.0110701,,,,,member_degradation,20
0.39883813274561447,0.3140262600578812,synthetic_member_degradation,,,,0.1263327274940023,80.86495969369595,1.0,0.594064481214367,0.08672245459751461,0.10123077984941921,hedge,1000,,,0.32114301365384396,0.16238135146741955,35.248651610424425,,,19.741681265618034,0.0012181,,,,,member_degradation,20
1.684836439704791,1.1903646771026453,synthetic_member_degradation,,,,0.3936029506839774,179.3177187098139,1.0,2.6352684045353127,0.17399238026728311,0.25318015399681315,exp3,1000,,,1.2590761400102504,0.5665736523282376,71.50753848179097,,,61.507292304591125,0.0023688,,,,,member_degradation,20
0.313151955600851,0.24483654452169812,synthetic_member_degradation,,,,0.10217132948328567,74.676671563897,1.0,0.4447733820788409,-0.021493557830322873,0.08648367825503045,fixed_share,1000,,,0.24909070909138828,0.12808353109601395,28.815091474915203,,,15.966043488131193,0.002302,,,,,member_degradation,20
0.2985250061963004,0.2220369243587479,synthetic_member_degradation,,,,0.08492214383390942,56.53669039829203,1.0,0.46611572993555417,0.008999472783265456,0.06314613581083336,passive_aggressive,1000,,,0.22291141311101328,0.11314114029395551,24.050641715603255,,,13.270558858484254,0.0002647,,,,,member_degradation,20
0.5045712324410623,0.3952314224938087,synthetic_member_degradation,,,,0.16436609266948896,75.15599733751648,1.0,0.874546309734902,-0.09089790520592839,0.1419465684222615,dma,1000,,,0.4018407731013576,0.20701812113662593,40.70909242814642,,,25.68505467049414,0.0015272,,,,,member_degradation,20
0.5308285686759951,0.40460623738705864,synthetic_member_degradation,,,,0.1543997867395944,98.57928468664863,1.0,0.7473727554668316,0.11983272427678456,0.11380489337055179,ensemble_mean,1000,,,0.41828974510160716,0.20485972997500523,41.46012961515477,,,24.127646396593317,,,,,,member_degradation,20
0.5989441808434531,0.4964614423499941,synthetic_member_degradation,,,,0.2199029642185581,104.33411232528942,1.0,0.8334764919741247,-0.12949521928910507,0.18876823612552557,oracle_best_member,1000,,,0.5171954828173084,0.27019673922113296,49.734544220910045,,,34.36365473209215,,true,7,0.27019673922113296,,member_degradation,20
1.849210673603,1.3597968019142912,synthetic_member_degradation,,,,0.4488382164067385,391.3729687481055,1.0,3.1715045720629966,0.23350682704995177,0.2644106890389587,validation_best_member,1000,,,1.4160293789346527,0.6425775101234282,80.07699948692304,,,70.13876122124407,,,,,10,member_degradation,20
1.1063382479285317,0.8321186873869186,synthetic_member_degradation,0.006964,0.001,cholesky,0.27752482318369887,294.6810007300284,1.0,1.8841528654102502,0.24824146243497605,0.1749991239024328,adaptive_ridge,1000,110,quadratic,0.8950680079087994,0.40198852197740315,59.60433733402046,0.0009751,1,43.361075126541834,,,,,,member_degradation,21
1.0003117208168106,0.7506903147888538,synthetic_member_degradation,0.0002135,0.001,,0.2543137714825679,243.51176828983378,1.0,1.6390172569514514,0.2242087864547588,0.1655914087811313,static_ridge,1000,,,0.7902845013004262,0.3647295852429974,56.18874987540663,,,39.734530498811026,,,,,,member_degradation,21
0.22518116066942945,0.17634297967123294,synthetic_member_degradation,,,,0.07219377094424925,51.51621865667478,1.0,0.37674608754999794,0.003898994446299825,0.058142511958776955,rolling_ridge,1000,,,0.1796956456037131,0.09198293173570508,21.40546312875497,,,11.279710008174206,0.0087602,,,,,member_degradation,21
0.21942069199029882,0.17272098152561097,synthetic_member_degradation,,,,0.07048922389945625,50.771916491529154,1.0,0.3822973437723539,0.010999272018598658,0.0562440649031784,rls,1000,,,0.17500609622101496,0.08983627310570096,20.632042996779575,,,11.013387912665397,0.0213394,,,,,member_degradation,21
0.3551689955346366,0.2724826470683733,synthetic_member_degradation,,,,0.11752553056265784,76.84347752787866,1.0,0.6003662054251708,-0.01720673499374803,0.10250406510042655,hedge,1000,,,0.28070525078534464,0.14577611626875708,32.58779445032573,,,18.36244160631691,0.0009012,,,,,member_degradation,21
1.7386915687192463,1.2759590313128635,synthetic_member_degradation,,,,0.4277012463076937,196.6744844701353,1.0,2.5889980611766585,0.2106236824213128,0.2752304567708108,exp3,1000,,,1.3328317954823383,0.6090872009391906,74.42137747154595,,,66.82496239476139,0.0016569,,,,,member_degradation,21
0.36487139884244835,0.3062148042162582,synthetic_member_degradation,,,,0.1360584065698725,71.75540682730352,1.0,0.48250835695931515,-0.09929023622885429,0.12039103588569999,fixed_share,1000,,,0.3224598461185888,0.16540417313610886,34.38268082146603,,,21.258058004305923,0.0020779,,,,,member_degradation,21
0.22203518962263985,0.17638637448561756,synthetic_member_degradation,,,,0.07295480735360053,47.387899787897396,1.0,0.33079567717878566,-0.001230156141435001,0.060471182874458546,passive_aggressive,1000,,,0.18040594501047955,0.09267334765840769,20.68887701472249,,,11.39861597320232,0.0002223,,,,,member_degradation,21
0.49669578711162216,0.4287246736247731,synthetic_member_degradation,,,,0.2061182260149186,126.32808886220128,1.0,0.6474971482920475,-0.18139448107923756,0.19234338272797552,dma,1000,,,0.44801048132348126,0.24442977009456615,47.74229784886964,,,32.20435484168028,0.0016259,,,,,member_degradation,21
0.34443529061412975,0.26653466439560913,synthetic_member_degradation,,,,0.11569147847307694,69.2331573711182,1.0,0.5583411407992962,-0.02406004349582623,0.10039527928274766,ensemble_mean,1000,,,0.27444446158985525,0.14322094481973222,32.261073892216075,,,18.075885364140085,,,,,,member_degradation,21
0.5661051412267546,0.4948776706613175,synthetic_member_degradation,,,,0.25309295670861826,122.80449965735944,1.0,0.7196612748282836,-0.2444858902019872,0.24045655577315142,oracle_best_member,1000,,,0.5150580481740329,0.2907926443490324,57.45255978416792,,,39.54378777345207,,true,7,0.2907926443490324,,member_degradation,21
1.8376907958942912,1.3443541763346158,synthetic_member_degradation,,,,0.4310671395598083,454.9324798646806,1.0,3.8962311219857133,0.21264046582334575,0.2456514489487041,validation_best_member,1000,,,1.3803369460251362,0.6361399861476374,75.50974284620484,,,67.35085679403916,,,,,3,member_degradation,21
1.081570898620291,0.8430479520546118,synthetic_member_degradation,0.0157525,0.0001,cholesky,0.2647649543059753,103.15167086934463,1.0,1.5462766057235084,0.24241947034771674,0.1503241170461536,adaptive_ridge,1000,110,quadratic,0.8917064496418536,0.39792521400878744,58.055211504286916,0.0012217,1,41.3339993334397,,,,,,member_degradation,22
0.7621563172395369,0.5930833412556855,synthetic_member_degradation,0.0001636,1.0e-6,,0.19352170692595844,78.6247650789869,1.0,1.0319138325655757,0.17022530067697317,0.12127750397241882,static_ridge,1000,,,0.6408420955974738,0.2830218143906901,47.557945472375835,,,30.21180097664894,,,,,,member_degradation,22
0.08490493741375055,0.0659065094968865,synthetic_member_degradation,,,,0.026684806493506276,11.60157382560942,1.0,0.14878946107870683,-0.0008122924734375135,0.022680023894709578,rolling_ridge,1000,,,0.06803372951605204,0.03420576951058248,9.936674546607016,,,4.16592058683449,0.0133502,,,,,member_degradation,22
0.0814036957354376,0.06337642197981744,synthetic_member_degradation,,,,0.02590008520310056,10.923328144694187,1.0,0.13093765682444836,0.0008575694981773808,0.021428896026247785,rls,1000,,,0.06715137390693576,0.03298951864786164,9.60752488661242,,,4.043413175007314,0.0192034,,,,,member_degradation,22
0.435543382267699,0.3467117584873798,synthetic_member_degradation,,,,0.13209566783427104,49.45228024565247,1.0,0.5888550579535083,0.09307771948016275,0.10000869971621293,hedge,1000,,,0.36116625963133864,0.17437463339554687,37.047460808706994,,,20.622224193244772,0.0078828,,,,,member_degradation,22
1.8263985752189924,1.3683281970738128,synthetic_member_degradation,,,,0.42918394438828766,188.17361503423763,1.0,2.8994725969391424,0.2975688706813888,0.23208235974003522,exp3,1000,,,1.4439270416363632,0.6373346634125809,71.85439953323211,,,67.0024056536101,0.0020242,,,,,member_degradation,22
0.26298488828523636,0.21509079566866737,synthetic_member_degradation,,,,0.11379741758625465,48.64077938335291,1.0,0.5733409361048707,-0.06978289281562679,0.12635959523422816,fixed_share,1000,,,0.20641820180637802,0.13407366024687226,32.22278472051533,,,17.765577755512084,0.0021569,,,,,member_degradation,22
0.13461656913728498,0.10346382702255023,synthetic_member_degradation,,,,0.0407762327525552,15.093599315015643,1.0,0.21235187280403944,0.0003687017405236389,0.032625490142949506,passive_aggressive,1000,,,0.1093048415370843,0.05291350375518413,12.564564791242542,,,6.365815225932494,0.0013249,,,,,member_degradation,22
0.2760645580212544,0.24232031321237693,synthetic_member_degradation,,,,0.14790120757291536,63.708545161431175,1.0,0.4410007395156451,-0.12874125380033072,0.17275781599032702,dma,1000,,,0.2400943516802587,0.1663767639177489,38.39293524665281,,,23.08971907274754,0.039981,,,,,member_degradation,22
0.43349392285557903,0.34425658741242515,synthetic_member_degradation,,,,0.13072842008086255,48.46106243182207,1.0,0.5858452550270874,0.09188675157612423,0.0996564041125795,ensemble_mean,1000,,,0.358415819547232,0.17280375893319394,36.601649437619464,,,20.40877518192765,,,,,,member_degradation,22
0.235890991899435,0.2254104886810451,synthetic_member_degradation,,,,0.19384725590963714,85.94812138739763,1.0,0.25168972100416487,-0.19384725590963714,0.19298515549793066,oracle_best_member,1000,,,0.2273440149314028,0.19484762688125043,51.1625512628786,,,30.262624324888705,,true,3,0.19484762688125043,,member_degradation,22
2.015630149435421,1.5420690973873041,synthetic_member_degradation,,,,0.49246940691173413,197.94340678904382,1.0,2.8994725969391424,0.424990311771304,0.2907142171235416,validation_best_member,1000,,,1.6710660881644808,0.7323244082152721,78.89427768312764,,,76.8822678605152,,,,,10,member_degradation,22
0.6891191294370935,0.5321499950313116,synthetic_member_degradation,0.0031038,0.001,cholesky,0.18261025173555467,85.71274264591597,1.0,1.0410867004816486,0.16277444398680516,0.12010550327956482,adaptive_ridge,1000,110,quadratic,0.5454723882179012,0.25881839363625475,45.87290236831733,0.0004042,1,28.578269362302002,,,,,,member_degradation,23
0.7100636729667084,0.5485227985923211,synthetic_member_degradation,0.0001951,0.0,,0.18836714049695907,89.81916514810092,1.0,1.060944456542555,0.16970060710593834,0.12516772639818896,static_ridge,1000,,,0.5699751639168571,0.26698396855118034,47.00734836731898,,,29.479215043875648,,,,,,member_degradation,23
0.14057409573570329,0.11341330750055602,synthetic_member_degradation,,,,0.04789194741547061,24.500860744281308,1.0,0.19117923186694452,0.012169655888312852,0.03871211706242755,rolling_ridge,1000,,,0.11838096536854843,0.059994929222438376,16.635422533243563,,,7.495028129672301,0.0152808,,,,,member_degradation,23
0.13666248964301111,0.11105582971995565,synthetic_member_degradation,,,,0.04681698145230017,24.085720737469487,1.0,0.18128248860017648,0.011214392713418357,0.03911105987183988,rls,1000,,,0.11560921694530642,0.05866020354929954,16.26563744195541,,,7.3267973400051405,0.0110585,,,,,member_degradation,23
0.43855402822562634,0.33439273353579985,synthetic_member_degradation,,,,0.13017912794251912,64.52189160627975,1.0,0.6600284095572841,0.0655241691705959,0.10308014940334384,hedge,1000,,,0.35569982215112755,0.16999706811971724,36.88850808468739,,,20.372865971831615,0.0015969,,,,,member_degradation,23
1.4772594237543968,1.0625536094651962,synthetic_member_degradation,,,,0.41970558395967583,246.70615766611473,1.0,3.4534378935387195,-0.036052324196839694,0.3494586845497871,exp3,1000,,,1.0929281408915874,0.5434086743460843,78.91533012174975,,,65.68338369431493,0.0411147,,,,,member_degradation,23
0.4341404697398809,0.33108489972389893,synthetic_member_degradation,,,,0.12922026387742624,64.12623688288693,1.0,0.6520288950712145,0.06388307822570526,0.10302375607270035,fixed_share,1000,,,0.3509537814973309,0.16859531398550667,36.67266689734892,,,20.222804979780964,0.0013728,,,,,member_degradation,23
0.1731855596344236,0.13485261856198197,synthetic_member_degradation,,,,0.05487844366996139,28.307604465660454,1.0,0.23567416480578207,0.0058086245201311995,0.04555259324299263,passive_aggressive,1000,,,0.13959846895413536,0.07044606604753648,18.248918825691746,,,8.588405801308667,0.000243,,,,,member_degradation,23
0.5309069905325186,0.44187860885122293,synthetic_member_degradation,,,,0.22625168927214045,110.29919477818582,1.0,0.7699801079952179,-0.20092098558164656,0.2281765872035555,dma,1000,,,0.4440738584964635,0.26264688639988126,52.85857504205768,,,35.40809816668229,0.016061,,,,,member_degradation,23
0.4396404616562539,0.3351721437304236,synthetic_member_degradation,,,,0.13038813424185897,64.6085789712818,1.0,0.6617069192590331,0.06580325995706376,0.10296376563232867,ensemble_mean,1000,,,0.35636090744467686,0.17032162532079892,36.936777120018554,,,20.40557518867012,,,,,,member_degradation,23
0.7292039004527016,0.6368223299076904,synthetic_member_degradation,,,,0.3553257091620103,194.02879224529192,1.0,0.9752480980402438,-0.35171819213180455,0.35347259811011966,oracle_best_member,1000,,,0.6512298525368918,0.3971652118390339,75.36021250455558,,,55.60801615063864,,true,3,0.3971652118390339,,member_degradation,23
1.5710007716241927,1.142763076574288,synthetic_member_degradation,,,,0.4300894812399295,265.78284591592364,1.0,3.4534378935387195,-0.010469951020638087,0.34020341894577033,validation_best_member,1000,,,1.1577975286608646,0.5674326081554599,82.4657281612613,,,67.30845025375051,,,,,7,member_degradation,23
2.147751935528255,1.4886342576418172,synthetic_member_degradation,0.0030471,1.0e-6,cholesky,0.46397580800481764,198.43092840330755,1.0,4.088054149235726,0.37222445152551104,0.2754566809835648,adaptive_ridge,1000,110,quadratic,1.4603779395266674,0.719428106356162,74.75876385776073,0.0003885,1,72.44521910132252,,,,,,member_degradation,24
1.494381548671298,1.174926031881935,synthetic_member_degradation,0.0112671,0.0,,0.4150817349608424,200.0259001700521,1.0,2.180604776822841,0.39412699869069534,0.2900562589667166,static_ridge,1000,,,1.23258849293256,0.5863010819394633,76.62882163770402,,,64.8108946962232,,,,,,member_degradation,24
0.1984196067011619,0.1519355882852559,synthetic_member_degradation,,,,0.06000870020712906,35.37546081395768,1.0,0.28307540627846695,-0.008454410827012584,0.048789884134146866,rolling_ridge,1000,,,0.16305749999512287,0.07778835369691746,19.075273143274607,,,9.369763163267992,0.0156046,,,,,member_degradation,24
0.21100951028177742,0.16450740479035864,synthetic_member_degradation,,,,0.06437886181990997,39.20659731916082,1.0,0.3198046210022633,0.012106786524759518,0.05006420146921592,rls,1000,,,0.17075345314399676,0.08393267132486291,21.003951517182852,,,10.052120540708703,0.0072517,,,,,member_degradation,24
0.2852869167578637,0.2387897277598044,synthetic_member_degradation,,,,0.1116530325123544,69.00892868207553,1.0,0.37755599405960316,-0.04506629033748401,0.1010663665541369,hedge,1000,,,0.2453121575433615,0.1348694208666165,32.39523246422524,,,17.43351326541709,0.0072831,,,,,member_degradation,24
1.6263959106357342,1.1383189597598793,synthetic_member_degradation,,,,0.3503843394644496,216.08926270139875,1.0,2.678140526049595,0.12992564725316813,0.2094164370419138,exp3,1000,,,1.1858140524011056,0.5288569788224747,64.27302893637224,,,54.70903828225167,0.0128822,,,,,member_degradation,24
0.34634086295566474,0.2741833186089164,synthetic_member_degradation,,,,0.1158267512842761,69.1982279005494,1.0,0.5101341045839969,-0.08754517790204835,0.0956895012019392,fixed_share,1000,,,0.28164347208533336,0.14472200938452764,31.292592724737695,,,18.085198042257936,0.0040349,,,,,member_degradation,24
0.23167304629407756,0.18609578243947453,synthetic_member_degradation,,,,0.07264370297292261,40.164570256027396,1.0,0.32733637361556867,-0.0003081721250958271,0.056057606380180494,passive_aggressive,1000,,,0.1977826503291383,0.09433553241914346,21.15187008388818,,,11.342593487439173,0.0003459,,,,,member_degradation,24
0.37689390453161686,0.30317311844248473,synthetic_member_degradation,,,,0.1255468053953201,84.46967071465224,1.0,0.5489510746765027,-0.08872882508309356,0.10212720555922766,dma,1000,,,0.3151286400320046,0.15892216111039043,33.65845118046522,,,19.602888054544053,0.0007783,,,,,member_degradation,24
0.3565378161116685,0.2879216342034338,synthetic_member_degradation,,,,0.130395130070809,78.01793288779376,1.0,0.5314692212736536,-0.026047465610288666,0.11830734813849711,ensemble_mean,1000,,,0.29309379551828296,0.15891923220921983,36.16043561897982,,,20.35990585014967,,,,,,member_degradation,24
0.40264892024002635,0.33224531094292253,synthetic_member_degradation,,,,0.1438564402314778,76.47822299047658,1.0,0.5493412424072373,-0.09937498487173761,0.12309881980092707,oracle_best_member,1000,,,0.3538867096046996,0.17860995064359908,36.63609561529856,,,22.461755875852706,,true,10,0.17860995064359908,,member_degradation,24
1.8511910783229126,1.434677542351487,synthetic_member_degradation,,,,0.47758825999970567,233.65755994981288,1.0,2.723878975621023,0.2832380165614208,0.26213121141068146,validation_best_member,1000,,,1.5432287483489155,0.6765555510781037,82.4778451305523,,,74.57066842489083,,,,,8,member_degradation,24
3.5832950960528946,2.3973870676569264,synthetic_member_degradation,0.0032109,0.0,cholesky,0.6780567332746403,369.4455857508451,1.0,8.905254321697562,0.4028023534471507,0.35662700063836694,adaptive_ridge,1000,110,quadratic,2.465135472507347,1.135000299933185,85.19723758754107,0.0003817,1,106.61082585748528,,,,,,member_degradation,25
2.9813459716047737,2.2300497915047877,synthetic_member_degradation,7.17e-5,0.0,,0.6880997702707683,366.884797430955,1.0,4.84987588059393,0.5407433965189656,0.37699108717253565,static_ridge,1000,,,2.264218980941158,1.0550955284038965,89.14003674559243,,,108.18989205612564,,,,,,member_degradation,25
0.30857114190735724,0.24997811997639027,synthetic_member_degradation,,,,0.0920400628794662,41.486979854893654,1.0,0.41394160338163827,0.048892675691074666,0.07473575948737848,rolling_ridge,1000,,,0.2611115989045834,0.12646648129345922,27.193358739556132,,,14.471454428549007,0.0022003,,,,,member_degradation,25
0.2943493042140756,0.23707484208839896,synthetic_member_degradation,,,,0.08729448380961374,40.3045618190435,1.0,0.3990117924060673,0.04141673150038386,0.0695859101138454,rls,1000,,,0.24461354952544623,0.11987604064469429,25.98473942088505,,,13.725307271561709,0.0079139,,,,,member_degradation,25
0.6190740784932816,0.5081792009487788,synthetic_member_degradation,,,,0.2513331773110552,152.1464130429532,1.0,0.9084042391937757,0.2500520509390352,0.22971813271252334,hedge,1000,,,0.517625797583091,0.29119552985735964,61.17957342356128,,,39.51710274907688,0.0004267,,,,,member_degradation,25
1.7962592139275422,1.3113658331469877,synthetic_member_degradation,,,,0.4436180211840782,221.7987033242093,1.0,3.022510383591235,0.30142363303569053,0.290220558924316,exp3,1000,,,1.422671640189505,0.6281590173096041,78.85765037431821,,,69.75003902002666,0.0010688,,,,,member_degradation,25
0.4679005403169008,0.373302830886331,synthetic_member_degradation,,,,0.15058046746177028,92.99242190686773,1.0,0.6556286259026838,0.12137523847772226,0.12181593260186938,fixed_share,1000,,,0.3729678652613848,0.1950407125767955,39.005540333175475,,,23.675759278395372,0.0049115,,,,,member_degradation,25
0.40115357062612245,0.30474818756041905,synthetic_member_degradation,,,,0.11172212573669156,62.101198341953264,1.0,0.6094005379489857,0.0024367383905430032,0.08413376874881563,passive_aggressive,1000,,,0.30024374294666906,0.15333309924876248,30.715797565156244,,,17.566064175515162,0.0001317,,,,,member_degradation,25
0.5132816035610629,0.4117893437788525,synthetic_member_degradation,,,,0.16696183853425534,100.53683782552451,1.0,0.8737256222351902,0.086071030296521,0.1401687849858825,dma,1000,,,0.41355014319033173,0.21357966329967387,42.06604839626118,,,26.251401423089153,0.0007433,,,,,member_degradation,25
0.6105025160894846,0.5018336902955095,synthetic_member_degradation,,,,0.25192296839215167,152.83352882074047,1.0,0.9080530314704258,0.2506608160271003,0.23314343376409702,ensemble_mean,1000,,,0.5067616551709291,0.28967955935381595,61.42115553868241,,,39.60983557090936,,,,,,member_degradation,25
0.7045932990633706,0.5771359089287054,synthetic_member_degradation,,,,0.2565849621939438,147.49245343418542,1.0,1.0968983587079384,0.14060526295758202,0.223888188390472,oracle_best_member,1000,,,0.6105728126719647,0.31405539578344277,56.98656575249748,,,40.34284062042964,,true,5,0.31405539578344277,,member_degradation,25
1.82244445907373,1.3143952324516603,synthetic_member_degradation,,,,0.42201020767850395,197.56594023357513,1.0,3.022510383591235,0.24112267921579064,0.24792119805671498,validation_best_member,1000,,,1.3914939652389637,0.6217116067500519,75.847740244729,,,66.35264359607955,,,,,9,member_degradation,25
0.6815729722590527,0.5316804525431081,synthetic_member_degradation,0.0028225,0.01,cholesky,0.18867091678015516,83.6192710047626,1.0,0.9651647630372143,0.16828636491624555,0.12878927047876126,adaptive_ridge,1000,110,quadratic,0.5637623461380883,0.2609724595854091,47.51985712038695,0.0004652,1,29.41226432079116,,,,,,member_degradation,26
0.7215456771939037,0.5723286172519385,synthetic_member_degradation,8.37e-5,0.001,,0.2062065776602495,89.73977274106292,1.0,0.9640514620385308,0.18877462141418366,0.13972863560884252,static_ridge,1000,,,0.5956645128718707,0.2831051763131781,51.18411504227136,,,32.14593149985127,,,,,,member_degradation,26
0.19493157554873228,0.15503350270554683,synthetic_member_degradation,,,,0.06292144966144296,33.07826212951741,1.0,0.2749283186048109,0.02158027122538064,0.05116776477753937,rolling_ridge,1000,,,0.15765263404028695,0.08074306245732522,19.548287898301016,,,9.80894321431724,0.0058737,,,,,member_degradation,26
0.18978667846271208,0.15036842443314902,synthetic_member_degradation,,,,0.06118427288903817,31.322597950124443,1.0,0.26699043117889576,0.018630281632631,0.05010031290030595,rls,1000,,,0.1565752094375833,0.07842283856157677,19.10680994345197,,,9.538131457667724,0.0693729,,,,,member_degradation,26
0.4941621351062364,0.3928756351578406,synthetic_member_degradation,,,,0.1504921977406825,73.39787902834598,1.0,0.653354250366826,0.1263495446564708,0.11606090656862783,hedge,1000,,,0.417707159332521,0.19770551061690222,39.858195375626224,,,23.460511952265524,0.0009808,,,,,member_degradation,26
1.568720424385671,1.1399068736530873,synthetic_member_degradation,,,,0.36385749501016085,188.6113540372957,1.0,2.4642469958270463,0.18641285079774994,0.223799726234775,exp3,1000,,,1.2140546275135877,0.5342211269666963,67.1495070954745,,,56.722429725668505,0.0015648,,,,,member_degradation,26
0.29736627804495414,0.24449757692899282,synthetic_member_degradation,,,,0.10110795424790277,54.51067462776587,1.0,0.4314162152289713,0.06960178021096777,0.08493290940939863,fixed_share,1000,,,0.2540255353649521,0.12765114971620276,29.020004412211485,,,15.761909286416145,0.001404,,,,,member_degradation,26
0.2842340012267554,0.22162972420509186,synthetic_member_degradation,,,,0.08749585550941083,43.05641525148893,1.0,0.4329344834570099,0.041151967049538114,0.06727018511373306,passive_aggressive,1000,,,0.2360318156672393,0.11323203377202926,26.738747680606988,,,13.639893594279838,0.0003304,,,,,member_degradation,26
0.3727709834321659,0.29665535396024,synthetic_member_degradation,,,,0.11914064911195753,103.6249708998823,1.0,0.6375421713901737,-0.031996571276009106,0.09819093511115382,dma,1000,,,0.30733037336618296,0.15292154684696438,33.085109114906906,,,18.573060028720374,0.0021904,,,,,member_degradation,26
0.49227155904605396,0.3912619531313449,synthetic_member_degradation,,,,0.15214827861885363,76.14360202371977,1.0,0.6471356659517731,0.13064447133222337,0.11693566532278235,ensemble_mean,1000,,,0.41069483870536516,0.19814312382324573,40.22773009725256,,,23.718681517329617,,,,,,member_degradation,26
0.5623694547409049,0.46173786711607334,synthetic_member_degradation,,,,0.19465418346044108,92.25699588743849,1.0,0.8926620430742593,-0.11396855436927003,0.16171373476488285,oracle_best_member,1000,,,0.48621981967265676,0.24452799336547032,44.499184187670224,,,30.345007024890123,,true,3,0.24452799336547032,,member_degradation,26
1.989497042242726,1.47290411376069,synthetic_member_degradation,,,,0.46488559829208975,246.24963076711106,1.0,3.8637000730187228,0.32917982921773176,0.26539364341917093,validation_best_member,1000,,,1.5519143376766722,0.6936668646394641,78.58544334277735,,,72.47189089470878,,,,,6,member_degradation,26
1.4918539180462027,1.055372541097982,synthetic_member_degradation,0.0666568,0.0,cholesky,0.3313925637493958,119.15763696392587,1.0,2.5020676496441534,0.28042912986776164,0.20056766364716586,adaptive_ridge,1000,110,quadratic,1.0324341837317788,0.5077570429030911,62.07619994538615,0.0008534,1,51.88651999802155,,,,,,member_degradation,27
1.2484422767028915,1.000067339404046,synthetic_member_degradation,0.0001345,0.0,,0.3581423574736887,141.20077082414306,1.0,1.9784506550126695,0.3455895293595038,0.24881307908563283,static_ridge,1000,,,1.0302283322392012,0.5022382143871263,70.54605018026787,,,56.07476638265699,,,,,,member_degradation,27
0.19992359998043707,0.15385652732206603,synthetic_member_degradation,,,,0.059406941015753265,21.07557573776023,1.0,0.2687021726504798,0.01346149177207359,0.04591820499432156,rolling_ridge,1000,,,0.15851552290847526,0.07809495517379511,18.434870575999295,,,9.301414003260923,0.0051965,,,,,member_degradation,27
0.19205881071117456,0.14891285771819995,synthetic_member_degradation,,,,0.05812022405636076,20.867402210253687,1.0,0.26736161419894955,0.01689186748538073,0.04612383298280645,rls,1000,,,0.1530722036416781,0.0759818408721534,18.35923453308977,,,9.099951229051541,0.0102494,,,,,member_degradation,27
0.2857632602273276,0.22853853098374746,synthetic_member_degradation,,,,0.09623498542593674,39.20366418377952,1.0,0.3888708992162283,0.027272354936344625,0.08017734327514381,hedge,1000,,,0.2421463382938383,0.12063236868746317,27.840299239514547,,,15.067623845621922,0.0023757,,,,,member_degradation,27
2.0948902591647554,1.6266095134902498,synthetic_member_degradation,,,,0.5492782740701131,253.38062815567474,1.0,3.0998038463501967,0.4425288289289416,0.342073259790304,exp3,1000,,,1.6971611252443568,0.7806080425870011,87.77192849676983,,,86.00113964406856,0.0023639,,,,,member_degradation,27
0.27500651840743784,0.2198303084391391,synthetic_member_degradation,,,,0.08664691356771265,36.736791267431386,1.0,0.3946107131201174,0.048640826156526346,0.06705271607314797,fixed_share,1000,,,0.2266475129601888,0.11225183868989126,25.080968454432494,,,13.56640825832702,0.0013837,,,,,member_degradation,27
0.21461173870890027,0.16453977475728787,synthetic_member_degradation,,,,0.06280412119676118,24.197976905665616,1.0,0.4140881527306939,-0.0012948349846510702,0.04834756217327407,passive_aggressive,1000,,,0.17541468717129188,0.0831785092231929,18.502671332339588,,,9.833314464165792,0.0002404,,,,,member_degradation,27
0.4897222883945633,0.37837966045381166,synthetic_member_degradation,,,,0.15055404096535158,68.82539356688534,1.0,0.7208845990476301,0.061593639093913785,0.11791924552832089,dma,1000,,,0.40271137247493843,0.19448950319828986,37.27393969598829,,,23.57242168909686,0.0015139,,,,,member_degradation,27
0.43118028650114293,0.3272878522960281,synthetic_member_degradation,,,,0.12754514296018007,52.85634232021204,1.0,0.6512229248438761,0.058474882321735276,0.10168751065645312,ensemble_mean,1000,,,0.34952017581630646,0.16621363339567613,35.40746356902147,,,19.96989170782492,,,,,,member_degradation,27
0.6733820344811903,0.5905633620515492,synthetic_member_degradation,,,,0.33646919484332455,126.31089836957867,1.0,1.0300291346149253,0.3332477841398194,0.3295504645878565,oracle_best_member,1000,,,0.6082414213299313,0.37271018757075036,72.34200047217495,,,52.68137404603484,,true,3,0.37271018757075036,,member_degradation,27
2.1409427413619637,1.6554141911251845,synthetic_member_degradation,,,,0.5612608354123684,296.8067014194345,1.0,3.0998038463501967,0.5109426228082721,0.34121362615525935,validation_best_member,1000,,,1.7444971739624926,0.8027706360350728,87.15313679073438,,,87.87726324104406,,,,,7,member_degradation,27
1.2461159409579345,0.9689586485016732,synthetic_member_degradation,0.0087445,0.001,cholesky,0.3216200023679963,291.42658181050854,1.0,1.891360025501639,0.2877978628898987,0.18954851574181597,adaptive_ridge,1000,110,quadratic,1.0257121983798478,0.46436793434494145,65.09092435804898,0.0011794,1,50.11026590898594,,,,,,member_degradation,28
1.1934635996208565,0.9142428549759404,synthetic_member_degradation,0.000129,0.001,,0.30349966546979157,290.6062507608593,1.0,1.7349178520089827,0.26529631112566116,0.18101433791609717,static_ridge,1000,,,1.0082087795884271,0.437724853120972,63.08916502007735,,,47.28701208881307,,,,,,member_degradation,28
0.26818042643200113,0.20933364039948632,synthetic_member_degradation,,,,0.08615588741171286,138.93868482578156,1.0,0.38883988331709046,0.012643527180744202,0.07073809108641232,rolling_ridge,1000,,,0.21543967999555083,0.10983385470256705,25.751868295393493,,,13.423588073000985,0.014533,,,,,member_degradation,28
0.27304874888677383,0.21218254928455463,synthetic_member_degradation,,,,0.08720668297212872,171.73020707971637,1.0,0.39433635040246057,0.02601683679544668,0.07373337691972959,rls,1000,,,0.21434417344680504,0.11117426439162281,25.556658948573222,,,13.587308129467413,0.0031299,,,,,member_degradation,28
0.4844765528850741,0.36870462347256205,synthetic_member_degradation,,,,0.1418744350845727,228.13950311626292,1.0,0.756154767903473,0.08379064447538162,0.10759461530417386,hedge,1000,,,0.381236416621119,0.18678854641195583,38.650583765304525,,,22.104861685936413,0.0385737,,,,,member_degradation,28
1.8024394693296435,1.3563052709265129,synthetic_member_degradation,,,,0.43387031742184157,705.0432998920284,1.0,2.6775048831135324,0.25768291597603044,0.255963395443787,exp3,1000,,,1.422839325783653,0.636944284048,73.80813651716831,,,67.5995174925353,0.0018173,,,,,member_degradation,28
0.3013042708138697,0.24119658832759536,synthetic_member_degradation,,,,0.10258334869573014,94.34177308104947,1.0,0.5072465191590607,0.013769786824822532,0.08814844993436183,fixed_share,1000,,,0.25079680755157563,0.1283519222676826,28.373328051613075,,,15.98308203199236,0.0029066,,,,,member_degradation,28
0.30558883432373013,0.23786687202990844,synthetic_member_degradation,,,,0.09415398530655814,179.74781434769622,1.0,0.4500829616363845,0.00671224581156766,0.07678715812422988,passive_aggressive,1000,,,0.24739075599689858,0.12196458883122305,26.373946025827678,,,14.669738217040283,0.0003069,,,,,member_degradation,28
0.7037697883474153,0.5451387175613407,synthetic_member_degradation,,,,0.21087656993706427,188.37357299736695,1.0,0.9742839742617271,-0.08867056422132591,0.15848267129176635,dma,1000,,,0.5909334574745801,0.27646112088301594,48.65506181040885,,,32.855795397421666,0.0026089,,,,,member_degradation,28
0.455923219326136,0.34661129479781805,synthetic_member_degradation,,,,0.13577735527510218,222.37690188746478,1.0,0.7318519195192384,0.07297307221230064,0.10772081814816975,ensemble_mean,1000,,,0.3574999605686733,0.17734473014760904,37.32336151246292,,,21.154901209997806,,,,,,member_degradation,28
0.7033062416039122,0.5688930059587306,synthetic_member_degradation,,,,0.24752970722305603,558.7719679042121,1.0,0.9375523452357594,-0.16991992320356739,0.21660430885129325,oracle_best_member,1000,,,0.6068886073341208,0.3054451986659896,56.018842609621274,,,38.56656724704708,,true,3,0.3054451986659896,,member_degradation,28
1.9391377863090613,1.4601283086585157,synthetic_member_degradation,,,,0.4650594850155666,318.86810888124904,1.0,2.6286275843851614,0.33998107590078086,0.2666696810012567,validation_best_member,1000,,,1.535023515870432,0.6876073879815419,77.31895140177379,,,72.4589711026787,,,,,5,member_degradation,28
0.9841531220233367,0.6649266796208866,synthetic_member_degradation,0.009143,0.001,cholesky,0.19957062712938312,129.68859710253707,1.0,2.1486386492399827,0.1504171623625943,0.11188693343383821,adaptive_ridge,1000,110,quadratic,0.6881799232612751,0.31487799983684384,45.71905871057432,0.001532,1,31.36438155263507,,,,,,member_degradation,29
0.9306348237882088,0.7206868366139665,synthetic_member_degradation,0.0001876,1.0e-6,,0.24232730785998366,156.70382839808738,1.0,1.233448947611436,0.21547522760024163,0.1502968705334617,static_ridge,1000,,,0.7709111089410995,0.3473211538901051,54.87778176525879,,,38.083991886320845,,,,,,member_degradation,29
0.16849505007184626,0.13470297377187793,synthetic_member_degradation,,,,0.05474506835278257,54.992522002402296,1.0,0.24003233242327765,0.008449087536042304,0.044828081908003026,rolling_ridge,1000,,,0.1426193408102519,0.06961052736232883,19.521467474471542,,,8.603697030167602,0.0038879,,,,,member_degradation,29
0.16202374228908895,0.13101978109808138,synthetic_member_degradation,,,,0.05390836961657769,54.09016558940935,1.0,0.24141876563987297,0.009010712948609221,0.04460962594368317,rls,1000,,,0.1398082198326099,0.06807421387829538,19.42412033492211,,,8.472202036217794,0.0049824,,,,,member_degradation,29
0.46200633442794903,0.3650963793604705,synthetic_member_degradation,,,,0.13929818596506433,88.93282691036966,1.0,0.628073366515451,0.11773135756317711,0.10537724644873081,hedge,1000,,,0.3898061769613146,0.18363497414217236,38.09068881940348,,,21.892006439232848,0.0008174,,,,,member_degradation,29
1.8547635676275434,1.400179583645178,synthetic_member_degradation,,,,0.456382249542132,273.77810865556876,1.0,2.643229979726213,0.33870531867521386,0.2803178524351335,exp3,1000,,,1.4862855744372734,0.6607117022707284,76.66644164877215,,,71.72471828336427,0.0013592,,,,,member_degradation,29
0.22768431236104647,0.17973160693788523,synthetic_member_degradation,,,,0.07257032284321531,62.82145612799934,1.0,0.3443445484534342,0.013791406166369907,0.05906426288307101,fixed_share,1000,,,0.18865262680948372,0.09271111287610846,22.565347666772055,,,11.405101681505895,0.001055,,,,,member_degradation,29
0.19191825414248975,0.14756861118307313,synthetic_member_degradation,,,,0.05937682203895711,54.95363852627971,1.0,0.30922136211766793,-0.0004092784779880188,0.04703942308027234,passive_aggressive,1000,,,0.15016242065816282,0.0764102681982069,20.691249692956415,,,9.331620231896187,0.0002338,,,,,member_degradation,29
0.45722404199977634,0.37629065146945656,synthetic_member_degradation,,,,0.17303402788513678,141.37856245733647,1.0,0.5972910622263088,-0.11285749997117464,0.15617487229491744,dma,1000,,,0.39637515506299087,0.2096632907401372,42.69564016515896,,,27.19390799258396,0.001663,,,,,member_degradation,29
0.4609794385518272,0.3618257272283712,synthetic_member_degradation,,,,0.13881292361795605,89.68483913608938,1.0,0.6469498958564861,0.11768265062519753,0.10711514082119372,ensemble_mean,1000,,,0.38888773771677737,0.18252364480674407,38.20988092085622,,,21.815742944816083,,,,,,member_degradation,29
0.6110612577227943,0.5190120405158939,synthetic_member_degradation,,,,0.2357006616424144,200.2345303118617,1.0,0.7849370056367077,-0.1985097983340327,0.21073738194341202,oracle_best_member,1000,,,0.5368531770835125,0.2860645897755751,55.97603145578664,,,37.042552755864925,,true,5,0.2860645897755751,,member_degradation,29
1.8754148895162346,1.4483801272137764,synthetic_member_degradation,,,,0.4755363127268128,278.1491252076438,1.0,2.643229979726213,0.3978599549657733,0.2785477060033331,validation_best_member,1000,,,1.5489926700109036,0.6881882248064718,78.77157146028493,,,74.73495758886155,,,,,6,member_degradation,29
0.9736314308268758,0.7484416657250076,synthetic_member_degradation,0.008246,0.0,cholesky,0.24833059019353546,168.23105129559806,1.0,1.4067740997383211,0.20834223969929816,0.15690607711868662,adaptive_ridge,1000,110,quadratic,0.783453931789591,0.35807616319405344,55.07488807542056,0.0009766,1,39.09209169116146,,,,,,member_degradation,30
0.999496846920463,0.7650046583281359,synthetic_member_degradation,0.0001407,0.0,,0.25161162627950395,164.82984207557803,1.0,1.5241111948851693,0.21213054664970205,0.15107414791197005,static_ridge,1000,,,0.7923351610023774,0.36545312773037525,55.83960134743968,,,39.6085909408702,,,,,,member_degradation,30
0.2270229427072289,0.1821452009690565,synthetic_member_degradation,,,,0.07399562860137013,52.29484402639791,1.0,0.3576377115830624,0.01617284705658764,0.05885698624302259,rolling_ridge,1000,,,0.18792619845702416,0.09477391426345497,24.136067404725033,,,11.648359131976129,0.0040128,,,,,member_degradation,30
0.2246392620133839,0.1790624147938076,synthetic_member_degradation,,,,0.07259154241096637,50.91763461747295,1.0,0.35223898255168823,0.019070836226246245,0.05860337306683072,rls,1000,,,0.18743725569289565,0.09336331953696407,23.677541023410047,,,11.427328504799751,0.3209929,,,,,member_degradation,30
0.34535956911423893,0.27638085797736794,synthetic_member_degradation,,,,0.11615620820575343,88.95503268459842,1.0,0.5123609917490424,0.08311324482141326,0.09688302052967396,hedge,1000,,,0.290014967129768,0.14576684814169116,32.977658938602396,,,18.285258928986995,0.0010743,,,,,member_degradation,30
1.8136871149627114,1.3182003224805001,synthetic_member_degradation,,,,0.4448421280505038,332.2937679012045,1.0,2.575244193761757,0.29677012270200664,0.30050862545650153,exp3,1000,,,1.4108095208621112,0.630584429265208,78.07486977371633,,,70.02685107899516,0.0017431,,,,,member_degradation,30
0.3265186630284979,0.2642149445115897,synthetic_member_degradation,,,,0.11089795051455069,94.40058070745724,1.0,0.4628851489074799,0.07260588230779225,0.0951317734595622,fixed_share,1000,,,0.2776589326741461,0.13927860278521462,31.465078601438318,,,17.457506328552014,0.0081401,,,,,member_degradation,30
0.25222291592970775,0.19436282155382187,synthetic_member_degradation,,,,0.07778730833329038,45.6182648206478,1.0,0.42803515913466517,2.8105992062887094e-5,0.06240358428963706,passive_aggressive,1000,,,0.20254006529499946,0.10049997039823523,23.656473364482345,,,12.245243678613042,0.0002815,,,,,member_degradation,30
0.5417117306223205,0.4271955871058327,synthetic_member_degradation,,,,0.17264799758268218,138.41400584914905,1.0,0.8290890925347014,0.041426852671597604,0.14253051792640575,dma,1000,,,0.46089147594927227,0.22055840428854617,42.39931370239174,,,27.178171430824108,0.0025072,,,,,member_degradation,30
0.5068056829700515,0.3994032766152543,synthetic_member_degradation,,,,0.15978677560774526,118.96899205124744,1.0,0.6897008289914237,0.13719103337858352,0.12477647547567414,ensemble_mean,1000,,,0.40885381801592025,0.20616337865864504,42.68280246201527,,,25.153563555037312,,,,,,member_degradation,30
0.7038839055898438,0.5818836920461941,synthetic_member_degradation,,,,0.2412117479420867,226.2684356721983,1.0,0.9030181205197203,0.1356028787219197,0.19856666348051674,oracle_best_member,1000,,,0.6017395681515939,0.30412062841510507,54.260041937293686,,,37.97144669204289,,true,6,0.30412062841510507,,member_degradation,30
2.009450777089956,1.5050846672650866,synthetic_member_degradation,,,,0.5054920362619317,382.25324917534306,1.0,3.8343734452338123,0.36825432669335967,0.33129940781283773,validation_best_member,1000,,,1.5524712880408695,0.7207580982090931,84.33029206431533,,,79.57433280894995,,,,,5,member_degradation,30
0.06489070703796361,0.03867446793806657,synthetic_recurring,0.0059567,0.0,cholesky,0.013688906445099173,20.89104544010102,1.0,0.4647373630498266,0.0011317913324905501,0.01078669749830441,adaptive_ridge,1000,110,quadratic,0.029899796663022015,0.029200357298330197,5.480323154194766,0.0005254,1,2.1260333382859833,,,,,,recurring,1
0.17780972715403578,0.13096706646639028,synthetic_recurring,0.0001249,0.0,,0.04816296634286124,26.978406221649575,1.0,0.285441516039226,0.005847573630410078,0.03637153575833295,static_ridge,1000,,,0.13840764332164004,0.06506279633383777,16.136916537257036,,,7.480222947416519,,,,,,recurring,1
0.18253540397910809,0.0855738450252382,synthetic_recurring,,,,0.021323465209128426,17.679918417580236,1.0,0.6262595233697302,0.004424348725116101,0.01106245501778541,rolling_ridge,1000,,,0.06217905196521218,0.05203278286478116,6.982086853897998,,,3.3117618346072266,0.1069965,,,,,recurring,1
0.20484664698272634,0.09317030825312199,synthetic_recurring,,,,0.020516980810169633,9.885218838657789,1.0,0.6658808184779276,0.0025659749506657097,0.00807548780863504,rls,1000,,,0.07266078512522532,0.06083438151145478,7.237314287788462,,,3.186506195972354,0.0034252,,,,,recurring,1
0.2606384482682549,0.21659502589116036,synthetic_recurring,,,,0.0943361176153023,92.75330822499114,1.0,0.35946800056600986,0.04793959186666561,0.08019491849407112,hedge,1000,,,0.22623416491743284,0.11617357169105115,26.204285609789377,,,14.651406367555701,0.0010243,,,,,recurring,1
0.7403454899096427,0.4957458083218419,synthetic_recurring,,,,0.14812790540985613,108.96598537717581,1.0,1.360744348818602,-0.08075714089164127,0.0570918703379964,exp3,1000,,,0.49367043241472897,0.23742199413223908,36.25897852706548,,,23.005845389832025,0.0015776,,,,,recurring,1
0.1781159440403051,0.10191612909298398,synthetic_recurring,,,,0.03256177884953048,30.605121134766684,1.0,0.39958760582552627,0.005164563705456156,0.022315002405535384,fixed_share,1000,,,0.08914928623489898,0.05390487325055309,11.563984803428887,,,5.057191943391624,0.0012177,,,,,recurring,1
0.1886663564205225,0.1304875530782753,synthetic_recurring,,,,0.04603933072940767,28.995661495234042,1.0,0.3652573521289174,0.0018385400880980758,0.03340102389707349,passive_aggressive,1000,,,0.13922600412748742,0.06441487805365095,14.150030061445442,,,7.150399660897522,0.0002644,,,,,recurring,1
0.19100059654019902,0.11580733190780433,synthetic_recurring,,,,0.04399590314391852,52.73400286537817,1.0,1.2004171235193126,-0.004661432004166894,0.035827219158863,dma,1000,,,0.09590204947332552,0.07452268551840761,14.680344924757232,,,6.833033537566428,0.0016039,,,,,recurring,1
0.34914869478336713,0.28367124791055576,synthetic_recurring,,,,0.11616798636044122,131.59478843969023,1.0,0.4539713504086987,0.07309192374335147,0.0926976412196574,ensemble_mean,1000,,,0.29596188316116184,0.1481523257774091,29.836384392308798,,,18.04212869993503,,,,,,recurring,1
0.3859665715735321,0.33592109713691576,synthetic_recurring,,,,0.12314873334798836,95.79328766748407,1.0,0.4815351082652009,-0.1230678382590996,0.049761615651240265,oracle_best_member,1000,,,0.3529986244626372,0.17038138135321693,32.944349355011866,,,19.126313246099276,,true,10,0.17038138135321693,,recurring,1
0.3859665715735321,0.33592109713691576,synthetic_recurring,,,,0.12314873334798836,95.79328766748407,1.0,0.4815351082652009,-0.1230678382590996,0.049761615651240265,validation_best_member,1000,,,0.3529986244626372,0.17038138135321693,32.944349355011866,,,19.126313246099276,,,,,10,recurring,1
0.06484282005520159,0.04281394572385828,synthetic_recurring,0.0064454,0.0001,cholesky,0.01637767686172708,24.659438702093386,1.0,0.4148911949228834,-0.000992042895880458,0.013372276129901939,adaptive_ridge,1000,110,quadratic,0.03987328914471524,0.02640160951388724,6.3940844503803875,0.0009212,1,2.580749613938909,,,,,,recurring,2
0.20843539310982856,0.16434162435801875,synthetic_recurring,0.0002676,0.0001,,0.06693471513544559,117.06268206235961,1.0,0.3420607899175304,-0.013003231788928872,0.054910237884933974,static_ridge,1000,,,0.16847051864894672,0.08567422564135954,20.838823759116515,,,10.547389700220027,,,,,,recurring,2
0.1778946020182992,0.10147003026810009,synthetic_recurring,,,,0.03327515543129422,145.39189125340422,1.0,0.5006497171763308,-0.0025875724750960864,0.023460398134744043,rolling_ridge,1000,,,0.08871757658482925,0.05504060832416429,12.01237186217652,,,5.243408162103278,0.0203542,,,,,recurring,2
0.23124578998397502,0.10786639973161409,synthetic_recurring,,,,0.023532074938009587,55.91355961273634,1.0,0.7304221420716542,-0.0015900063515882769,0.009051988068725259,rls,1000,,,0.08801220452049324,0.06541948276877482,8.17992767210079,,,3.7081201335319,0.0099316,,,,,recurring,2
0.2923967429191567,0.24627805024089308,synthetic_recurring,,,,0.12493346479201142,236.20851838023412,1.0,0.4124434720348611,-0.10094729197210482,0.12588541858308844,hedge,1000,,,0.24839488303324045,0.14608644939749446,32.91358004504175,,,19.686674352667215,0.0089216,,,,,recurring,2
1.0951513667010369,0.8039732721979438,synthetic_recurring,,,,0.2351916021924122,224.76053825073416,1.0,1.9997612578114985,-0.15169234046600666,0.0981052740633461,exp3,1000,,,0.8191158481631137,0.37435244772127985,49.40662517730691,,,37.06085067401521,0.0016113,,,,,recurring,2
0.20884504140183605,0.14163483451247869,synthetic_recurring,,,,0.05681033833566703,100.78385757926063,1.0,0.5761233855763467,-0.04984581580384609,0.047815481724434145,fixed_share,1000,,,0.13188127523214868,0.07666395783759838,18.396240855114144,,,8.952018040490918,0.0015346,,,,,recurring,2
0.2314366822359385,0.16123418079541693,synthetic_recurring,,,,0.05746961040903997,152.0541237951672,1.0,0.6285889577331227,0.0006600109817683205,0.042726407040849276,passive_aggressive,1000,,,0.1518719556573873,0.08138203298553166,19.11808328328894,,,9.055904334206602,0.000267,,,,,recurring,2
0.23660366648698467,0.15246681055700897,synthetic_recurring,,,,0.07525358139801037,90.90751045338499,1.0,0.9290115810864946,-0.07374160324390652,0.07730126265918039,dma,1000,,,0.11847967088018384,0.10238936134248039,24.11674308354999,,,11.858253937973679,0.002309,,,,,recurring,2
0.3507274883919597,0.3015987221892234,synthetic_recurring,,,,0.14946756970661662,349.67474223519963,1.0,0.4429159978144832,-0.09101118086853535,0.1443370190508176,ensemble_mean,1000,,,0.31050664966773717,0.17563458740291335,38.73859338048327,,,23.552691634682823,,,,,,recurring,2
0.7900454345652952,0.6219378587643376,synthetic_recurring,,,,0.18745647679454155,177.27324286021476,1.0,1.083425402359893,-0.17789394100206937,0.08060360410084945,oracle_best_member,1000,,,0.6650940977986961,0.2872506081104586,43.76241839477682,,,29.538879915771233,,true,6,0.2872506081104586,,recurring,2
0.7900454345652952,0.6219378587643376,synthetic_recurring,,,,0.18745647679454155,177.27324286021476,1.0,1.083425402359893,-0.17789394100206937,0.08060360410084945,validation_best_member,1000,,,0.6650940977986961,0.2872506081104586,43.76241839477682,,,29.538879915771233,,,,,6,recurring,2
0.03930250287476688,0.030301908566227703,synthetic_recurring,0.0089938,0.0,cholesky,0.012168996135282956,7.619843841954475,1.0,0.07832964983845381,-0.0010942901261222701,0.009772607057977334,adaptive_ridge,1000,110,quadratic,0.030669070513041182,0.015683541462588275,4.6571055247985536,0.0013504,1,1.900858883468931,,,,,,recurring,3
0.11961677509798686,0.09685376506003003,synthetic_recurring,6.83e-5,0.001,,0.040599330675216164,26.301727323967487,1.0,0.19042350285019838,-0.010423379014566624,0.03530171409424526,static_ridge,1000,,,0.10167234667948707,0.05078720363822039,14.10959229404107,,,6.341821257804423,,,,,,recurring,3
0.11239082646504776,0.06286685186622576,synthetic_recurring,,,,0.017919954115623624,17.174213425828537,1.0,0.2768787854836156,-0.0019225968427515152,0.010899672872514614,rolling_ridge,1000,,,0.05332681480718895,0.03270005264608396,7.3090608410785345,,,2.799187672783886,0.0265102,,,,,recurring,3
0.11499079185330267,0.062454814232702084,synthetic_recurring,,,,0.017605427738953686,16.0632113609992,1.0,0.2717207108876174,-0.0018283614869679717,0.010248211994411806,rls,1000,,,0.052054282095893155,0.03319194964063087,6.989406192996839,,,2.7500570583493165,0.0032045,,,,,recurring,3
0.21226264702413794,0.16088251975662804,synthetic_recurring,,,,0.06338548505640398,35.44679015738537,1.0,0.40063730020664484,0.012734828382185917,0.05213818046950808,hedge,1000,,,0.1594584999154087,0.08286141653421611,19.878791576199706,,,9.901134079836824,0.0007188,,,,,recurring,3
0.8562259910637292,0.5342958982599084,synthetic_recurring,,,,0.16628034380420897,220.5814841267661,1.0,1.9425813099520024,-0.09339059280129408,0.06608468496144457,exp3,1000,,,0.5024140472318256,0.27199199985714884,36.50760287582277,,,25.9738326113906,0.0162879,,,,,recurring,3
0.13223650607142712,0.08989017581268312,synthetic_recurring,,,,0.034083444101198575,20.889697003701972,1.0,0.38453507374210577,-0.011166826038968961,0.026589116892207637,fixed_share,1000,,,0.08718959868377096,0.04718865480224474,11.737264678099692,,,5.324006744577176,0.0013755,,,,,recurring,3
0.1449722922797697,0.10692789628094343,synthetic_recurring,,,,0.040490395530883905,25.632996496507594,1.0,0.2193718200193452,-0.0030219738353208614,0.03144141769003239,passive_aggressive,1000,,,0.10810722294539699,0.05376607772568214,13.796749664785748,,,6.32480503604513,0.0004452,,,,,recurring,3
0.21451357370923518,0.10667275365627844,synthetic_recurring,,,,0.04771413571471945,29.28948497331932,1.0,1.0161172184441583,-0.04155679440876088,0.04842075695264711,dma,1000,,,0.06178332228874818,0.0786531717374576,14.634087809504669,,,7.453189871381098,0.0016258,,,,,recurring,3
0.3110289470209331,0.25026106776645995,synthetic_recurring,,,,0.1065029803608687,65.69315472806937,1.0,0.4449346989990194,0.010530286639867653,0.09199287249972664,ensemble_mean,1000,,,0.2656515289573834,0.13289904554676332,29.025376792203613,,,16.636305417822946,,,,,,recurring,3
0.456858183912076,0.35626525796786124,synthetic_recurring,,,,0.11928456240244978,102.54395022672938,1.0,0.6463686061781467,-0.10601644523875749,0.06342128992609711,oracle_best_member,1000,,,0.3724066398856229,0.17200846853944848,29.186530656166664,,,18.63285332517927,,true,4,0.17200846853944848,,recurring,3
0.456858183912076,0.35626525796786124,synthetic_recurring,,,,0.11928456240244978,102.54395022672938,1.0,0.6463686061781467,-0.10601644523875749,0.06342128992609711,validation_best_member,1000,,,0.3724066398856229,0.17200846853944848,29.186530656166664,,,18.63285332517927,,,,,4,recurring,3
0.053414677754137455,0.0399766940139191,synthetic_recurring,0.0071001,0.0001,cholesky,0.014646634151022943,5.160625442843017,1.0,0.10961298347094561,0.001703636098125513,0.011048556283610955,adaptive_ridge,1000,110,quadratic,0.04052126860135444,0.019880504480232205,5.065978446607304,0.001152,1,2.2766564686063506,,,,,,recurring,4
0.11993198051764223,0.0917697332903624,synthetic_recurring,0.0001414,0.0,,0.0324883914404819,11.335714853939516,1.0,0.21063899686971527,0.005427637741538475,0.022350116607105508,static_ridge,1000,,,0.0967250395123656,0.04496226252239603,9.750712080182408,,,5.049959312489722,,,,,,recurring,4
0.09233105257545539,0.05752186209506784,synthetic_recurring,,,,0.01941907690312479,8.076325211290047,1.0,0.3887798009881449,0.000505088343302416,0.013569462505676783,rolling_ridge,1000,,,0.053065746492813995,0.03100610792473258,6.642969689837381,,,3.0184796445383664,0.0045328,,,,,recurring,4
0.10501613123774263,0.07624623863015158,synthetic_recurring,,,,0.02540763848529021,9.575419141424518,1.0,0.19695325379126177,0.0023800610572880707,0.01643315337108888,rls,1000,,,0.07887026165865263,0.03671874290315507,8.325683160066323,,,3.949334974377555,0.0082593,,,,,recurring,4
0.16142551423321497,0.1317899014225079,synthetic_recurring,,,,0.05632000855057172,25.85756037785933,1.0,0.22852410640058451,-0.010495247816150667,0.048507651348843495,hedge,1000,,,0.13651742243516737,0.07018370653541119,17.549639735566593,,,8.754319282950679,0.0011318,,,,,recurring,4
0.7185834929121766,0.5089593648218937,synthetic_recurring,,,,0.17869877382472965,73.09007816319844,1.0,1.73000149557163,-0.01362787741997622,0.09414805618435462,exp3,1000,,,0.532410248274468,0.25797239073226225,40.12677745324532,,,27.776737997629304,0.0479253,,,,,recurring,4
0.10262435273707624,0.07176241696243711,synthetic_recurring,,,,0.02699273472320584,11.290562569548216,1.0,0.22538932375130716,-0.0096716386677766,0.02070285636796021,fixed_share,1000,,,0.06952360767354432,0.036797284294077914,9.344621304223828,,,4.195720564828189,0.0026354,,,,,recurring,4
0.1243763895474186,0.09572582832099003,synthetic_recurring,,,,0.035240720626007464,12.024909742749355,1.0,0.22392189676525742,0.0015906384999140415,0.02495534660939354,passive_aggressive,1000,,,0.0988095856003954,0.04780526925234297,10.449228183656112,,,5.477778289829523,0.0002983,,,,,recurring,4
0.14464321902158905,0.0884904846131102,synthetic_recurring,,,,0.03052603283977422,9.857671407234225,1.0,0.88432620684465,-0.001347417085655577,0.02268500072098329,dma,1000,,,0.07508148657802281,0.05395531461885504,9.637940489887107,,,4.744932481344738,0.0024841,,,,,recurring,4
0.2096783081876845,0.1738535693787524,synthetic_recurring,,,,0.07518534118799101,34.45060202554127,1.0,0.2738162260056798,-0.003363644244362121,0.06441244358475356,ensemble_mean,1000,,,0.17969881506224047,0.09334488373999489,21.860198801215663,,,11.686725536737763,,,,,,recurring,4
0.6367129939946197,0.46762693510374675,synthetic_recurring,,,,0.12480488317831719,85.23337364445881,1.0,1.0518878864605097,-0.05408064568149302,0.05409246505377535,oracle_best_member,1000,,,0.49495805582487107,0.2071510679521293,29.12329039977452,,,19.39953177445421,,true,7,0.2071510679521293,,recurring,4
0.3057337036982468,0.2962091571915378,synthetic_recurring,,,,0.18043745356199994,59.68723406667217,1.0,0.3257512421606822,0.18043745356199994,0.25695375714181223,validation_best_member,1000,,,0.2983257408212682,0.2141507819241573,41.36157339268291,,,28.04699643583947,,,,,4,recurring,4
0.036342676222566705,0.027618639664765045,synthetic_recurring,0.005517800000000001,0.0001,cholesky,0.009255409118694904,4.983437529842238,1.0,0.08217588997713877,-0.001381463284304379,0.005975483982696872,adaptive_ridge,1000,110,quadratic,0.029072456590386087,0.013224560827970336,3.745266770514328,0.0008818,1,1.4520280379010215,,,,,,recurring,5
0.05250967416205818,0.03951683549596184,synthetic_recurring,0.0001267,0.0,,0.01289452850891227,5.861576147644374,1.0,0.07434704631708045,-0.004123666640231939,0.00730992397258734,static_ridge,1000,,,0.0422245565417503,0.01872254250600278,4.399522115204611,,,2.0229486012277773,,,,,,recurring,5
0.05103753713712095,0.03376987417190729,synthetic_recurring,,,,0.009994114409150637,4.968848020246661,1.0,0.13015323008246077,-0.0024818857929292913,0.004931072760445077,rolling_ridge,1000,,,0.032253296738825016,0.016594760749576953,4.07383908842654,,,1.5679192729325413,0.0039826,,,,,recurring,5
0.046714488795772106,0.03615452987435702,synthetic_recurring,,,,0.012689552927581149,5.847550685778473,1.0,0.06905802556434293,-0.00384430943999048,0.008678800757757316,rls,1000,,,0.038167931596195366,0.01754820699946742,4.495048833224631,,,1.9907911582275895,0.0033439,,,,,recurring,5
0.18060751063331792,0.1397416634661112,synthetic_recurring,,,,0.05543063060887918,24.841436013420758,1.0,0.32542398381802606,-0.023626094419932603,0.04455498450155207,hedge,1000,,,0.14462195483403753,0.07181571533727142,17.734474547827027,,,8.696193628010741,0.0011597,,,,,recurring,5
0.715368237214568,0.38970895120742055,synthetic_recurring,,,,0.10248794421920392,47.625249803613166,1.0,1.3495712224328384,-0.0580875457943588,0.07426259997536278,exp3,1000,,,0.40097533743860647,0.19592072036263952,25.18707002620844,,,16.078745590244022,0.0103657,,,,,recurring,5
0.11732893500225564,0.08591999157097417,synthetic_recurring,,,,0.03551268843489096,20.0229569023157,1.0,0.2969981837380456,-0.03183914494516153,0.02911372769602721,fixed_share,1000,,,0.08185429976431936,0.04644018102346526,12.010850510948044,,,5.571381950534047,0.0013533,,,,,recurring,5
0.05452489058189638,0.042222264248965156,synthetic_recurring,,,,0.016170932283537817,8.954276179751506,1.0,0.08631684374348425,0.0003132470105276467,0.012623282490124746,passive_aggressive,1000,,,0.04387779703404217,0.021297596989560953,6.127344066231138,,,2.5369647925414114,0.0003246,,,,,recurring,5
0.10363580977311783,0.08600699429556209,synthetic_recurring,,,,0.031420361702036,16.78938867198074,1.0,0.22561059910595593,-0.02396047184546526,0.013570627434881521,dma,1000,,,0.08629239612498514,0.04259469855724248,10.692624412998018,,,4.929360287293386,0.0077668,,,,,recurring,5
0.22896588673419654,0.18402084217676182,synthetic_recurring,,,,0.0760806317593701,34.6269421013701,1.0,0.3325445341872151,-0.03076781123277169,0.0636372858120729,ensemble_mean,1000,,,0.18851550495423086,0.09631483284820591,22.241352680022544,,,11.935853838453093,,,,,,recurring,5
0.09114740583018589,0.08696001268006735,synthetic_recurring,,,,0.05160126132112483,27.089828496265646,1.0,0.10220496797998779,-0.05160126132112483,0.0720226146110625,oracle_best_member,1000,,,0.08782054863766298,0.061320657161681856,15.580780468489984,,,8.0954258497323,,true,2,0.061320657161681856,,recurring,5
0.09114740583018589,0.08696001268006735,synthetic_recurring,,,,0.05160126132112483,27.089828496265646,1.0,0.10220496797998779,-0.05160126132112483,0.0720226146110625,validation_best_member,1000,,,0.08782054863766298,0.061320657161681856,15.580780468489984,,,8.0954258497323,,,,,2,recurring,5
0.06176824782458519,0.04370109654836445,synthetic_recurring,0.0583042,0.0001,cholesky,0.01293040368483215,6.267784577386902,1.0,0.15113110949856334,-0.005167889183330378,0.007136746103491937,adaptive_ridge,1000,110,quadratic,0.04631695425633071,0.020248038027369904,4.739394729667437,0.0009051,1,2.0267524792576013,,,,,,recurring,6
0.10519323796963707,0.07914035281044621,synthetic_recurring,0.0001324,0.0001,,0.025961028264297067,11.51031989850613,1.0,0.16030587154454443,-0.014282882260989066,0.016545947241455694,static_ridge,1000,,,0.0853902296404359,0.03709773024203306,9.025383046674913,,,4.069213899366651,,,,,,recurring,6
0.10010511466042224,0.05093330121631568,synthetic_recurring,,,,0.010912479566087359,9.266248615140158,1.0,1.1321057289463368,-0.00020264397578043764,0.0020241478241636024,rolling_ridge,1000,,,0.036775035743798784,0.04325210593833132,4.487189014890344,,,1.7104566535195973,0.01175,,,,,recurring,6
0.11386749161854218,0.05627361907561424,synthetic_recurring,,,,0.012236018706525778,10.002188123782577,1.0,1.3883481005843938,-0.0002471471245795742,0.002774212841187576,rls,1000,,,0.03888213019128436,0.0529215083743216,5.054597486213389,,,1.9179123756812109,0.008581,,,,,recurring,6
0.26126486909638436,0.2058448457512924,synthetic_recurring,,,,0.08604848248269789,38.26204923512232,1.0,0.4756170050701194,0.027423398432274575,0.07516685250522333,hedge,1000,,,0.2094307294529508,0.10855723508176847,24.65725414947561,,,13.487512026615132,0.0011917,,,,,recurring,6
0.9272971941142365,0.42971096692330085,synthetic_recurring,,,,0.09836679087114969,37.81381206367883,1.0,2.1501837443629093,-0.018364379465462682,0.023243156957831218,exp3,1000,,,0.49555239930025985,0.23668206204387643,22.934749383439122,,,15.418322748003565,0.0129001,,,,,recurring,6
0.11682908885613606,0.0769999571682627,synthetic_recurring,,,,0.027292826441108475,12.327409490481031,1.0,0.3691891697882149,-0.005262358291734353,0.019650461035760874,fixed_share,1000,,,0.06757984555050005,0.04152047988824353,9.718682847561618,,,4.277964169080934,0.0013514,,,,,recurring,6
0.09621046198136814,0.06602590240343392,synthetic_recurring,,,,0.020302954832842876,9.444904655067912,1.0,0.18467009037950052,-0.0045719088892798975,0.012440201791132682,passive_aggressive,1000,,,0.07064409091363337,0.031034736950483234,7.481509818949941,,,3.1823495264876223,0.0002899,,,,,recurring,6
0.11443785835919837,0.08808124610056547,synthetic_recurring,,,,0.028056323948546322,13.680353169859478,1.0,0.5941279036197765,-0.018321459718353323,0.01301749425049726,dma,1000,,,0.08537561728259994,0.04348798977622301,10.259941527666918,,,4.397637189647326,0.0015346,,,,,recurring,6
0.3249783692864919,0.2607788260541042,synthetic_recurring,,,,0.11056554129231458,48.78956252718664,1.0,0.5158355587262484,0.02958581185230339,0.09429014916556089,ensemble_mean,1000,,,0.2713923954446267,0.13851780611358533,29.829534042232257,,,17.330393574449815,,,,,,recurring,6
0.09472491877674344,0.09051187741526288,synthetic_recurring,,,,0.04096487770653209,22.42177294695964,1.0,0.1027767032767869,-0.04096487770653209,0.013345199689894966,oracle_best_member,1000,,,0.09115580379556448,0.054062250929543684,13.899209843476495,,,6.420964842079184,,true,8,0.054062250929543684,,recurring,6
0.09472491877674344,0.09051187741526288,synthetic_recurring,,,,0.04096487770653209,22.42177294695964,1.0,0.1027767032767869,-0.04096487770653209,0.013345199689894966,validation_best_member,1000,,,0.09115580379556448,0.054062250929543684,13.899209843476495,,,6.420964842079184,,,,,8,recurring,6
0.138684631302414,0.0979171368156936,synthetic_recurring,0.43767670000000003,0.01,cholesky,0.03792364668270479,42.73625534220992,1.0,0.3609491372919781,0.00042649827969327373,0.030457612761042085,adaptive_ridge,1000,510,quadratic,0.09166233672397249,0.05146938806125563,12.894715198682817,0.0645027,5,5.910018422188263,,,,,,recurring,7
0.30505892281004493,0.239985899513497,synthetic_recurring,0.0001416,0.01,,0.10009571350710698,48.15874702789251,1.0,0.5586831118314692,0.00754192191062227,0.08385709586366319,static_ridge,1000,,,0.24458672011141908,0.12656100886666538,28.02239942740925,,,15.598908927681451,,,,,,recurring,7
0.20100443171468285,0.1209925791145384,synthetic_recurring,,,,0.039411924788619344,50.8876017312413,1.0,0.7225833475735752,0.0005793955959751073,0.02724774206457197,rolling_ridge,1000,,,0.10867530590204137,0.06393425002078591,13.000028450405217,,,6.141951577163726,0.009431,,,,,recurring,7
0.24299889077392442,0.13052846834073434,synthetic_recurring,,,,0.03868999320838823,65.38839212118245,1.0,0.7944637397018257,0.0016304393039817166,0.024237443708759854,rls,1000,,,0.1058547151698749,0.0722511169523252,12.02034495383914,,,6.029445810658124,0.0128001,,,,,recurring,7
0.26350466065762485,0.21283457462412697,synthetic_recurring,,,,0.09518617422549491,51.23290037705167,1.0,0.4597760175367205,0.0010998751631633868,0.08468592281161771,hedge,1000,,,0.2193409911248915,0.11677932124438357,27.15776091194472,,,14.833806672575355,0.0072006,,,,,recurring,7
0.9298152859628643,0.7051014718957427,synthetic_recurring,,,,0.20201652726293656,149.64898281024293,1.0,1.4022718541816517,-0.07696711004258602,0.08658886910387148,exp3,1000,,,0.7341658590435752,0.319564871381131,44.33567733632429,,,31.482241349298953,0.0016757,,,,,recurring,7
0.213087565773724,0.12420904592021688,synthetic_recurring,,,,0.04048989539878128,52.45183136591586,1.0,0.44227863941676204,-0.011781653378344055,0.02817742670091078,fixed_share,1000,,,0.1068486838700291,0.06465774302819974,12.925815962728244,,,6.309942440962697,0.007193,,,,,recurring,7
0.30302098967306046,0.2008878250816589,synthetic_recurring,,,,0.0652605614927868,28.311185361337987,1.0,0.703900597321977,0.00010529837483673397,0.0445138860980992,passive_aggressive,1000,,,0.2000328876916015,0.09730665879238681,17.530234646338148,,,10.170201296612538,0.0002999,,,,,recurring,7
0.2316509351591604,0.14204595873327044,synthetic_recurring,,,,0.058278541138002495,39.83259870289234,1.0,0.9469941757466465,-0.013861159765018496,0.0505863103931633,dma,1000,,,0.11267074289651477,0.08640521618770279,18.78759329455592,,,9.082123737349566,0.0016252,,,,,recurring,7
0.3466590620389821,0.27400822646060335,synthetic_recurring,,,,0.11563529977747175,59.353284877316895,1.0,0.5999376561608479,0.02965746540918406,0.09730294974672343,ensemble_mean,1000,,,0.2754109609851702,0.14541524421860696,31.278719634771626,,,18.02059695519182,,,,,,recurring,7
0.7437001384413869,0.5795561787656351,synthetic_recurring,,,,0.16698273667760913,102.46322382783941,1.0,1.1690775168218404,-0.15047708102435756,0.07351681147617667,oracle_best_member,1000,,,0.5952379621456352,0.26266084202481327,39.544339560509236,,,26.022577897345187,,true,9,0.26266084202481327,,recurring,7
0.7437001384413869,0.5795561787656351,synthetic_recurring,,,,0.16698273667760913,102.46322382783941,1.0,1.1690775168218404,-0.15047708102435756,0.07351681147617667,validation_best_member,1000,,,0.5952379621456352,0.26266084202481327,39.544339560509236,,,26.022577897345187,,,,,9,recurring,7
0.06634857118785736,0.043026775703600674,synthetic_recurring,0.0062625,0.0001,cholesky,0.015880824238167626,10.264386125645316,1.0,0.35432598648507674,0.0007320659107433125,0.01209207121904523,adaptive_ridge,1000,110,quadratic,0.038715023801079565,0.02564243744137106,6.6650099294185265,0.0008602,1,2.4820919008913083,,,,,,recurring,8
0.14572263733225568,0.10444401931298017,synthetic_recurring,0.0001962,0.0001,,0.03759012014263568,24.19337957100083,1.0,0.21444265445431632,-0.005169735300433017,0.027395394559712682,static_ridge,1000,,,0.11246197450100226,0.05160314470978368,13.089604153829473,,,5.8751442217543675,,,,,,recurring,8
0.12343827364614278,0.07858003013801496,synthetic_recurring,,,,0.027800625080547477,17.6975851923475,1.0,0.3671300765896366,0.00042292879416291613,0.02128527442659295,rolling_ridge,1000,,,0.07219616133348086,0.041798582502445725,11.100598524437993,,,4.345096030110367,0.0044508,,,,,recurring,8
0.15766135613645899,0.1035944825104392,synthetic_recurring,,,,0.0300320340275396,19.77186477287329,1.0,0.42494624725273694,-0.0006035095084092018,0.016694037749647193,rls,1000,,,0.10799729865843942,0.04915261533239381,10.65437355979651,,,4.693853877426271,0.0075119,,,,,recurring,8
0.24039960237810137,0.18333546819023888,synthetic_recurring,,,,0.0740675575916181,39.46789968026627,1.0,0.3336267436583866,-0.018259215839508982,0.06231748227886086,hedge,1000,,,0.1854388700807934,0.09502513737702767,22.738207852514233,,,11.576381808641443,0.0011238,,,,,recurring,8
0.707934496449219,0.4902309620848973,synthetic_recurring,,,,0.13554204542469248,81.46033083644696,1.0,1.1752090021166512,0.036808411869734686,0.053908523320065946,exp3,1000,,,0.513704631782244,0.2251598954496973,31.79371659523429,,,21.184530987397224,0.0066521,,,,,recurring,8
0.14086973592039734,0.09067038358274608,synthetic_recurring,,,,0.030955383314951544,16.634051965515834,1.0,0.3691552690497353,0.002237446460376176,0.02219049542109497,fixed_share,1000,,,0.08565184612136237,0.04661128739957234,11.08915045746708,,,4.838168665727421,0.0013271,,,,,recurring,8
0.1448710991967631,0.11474569233829106,synthetic_recurring,,,,0.04726413926033167,29.33523083934544,1.0,0.20608777566497893,-0.005767194390941425,0.03888112928030252,passive_aggressive,1000,,,0.11754024312085098,0.05981148167065204,16.21150385692631,,,7.387144111746944,0.0002311,,,,,recurring,8
0.140718967084543,0.08915494529348618,synthetic_recurring,,,,0.03352585655726928,18.86349182234574,1.0,0.6377965740789314,0.007696361290734682,0.02780424233818432,dma,1000,,,0.07629349134135588,0.051882714634276544,11.693748192933672,,,5.239920534555537,0.0066979,,,,,recurring,8
0.28790497781822,0.223917313664022,synthetic_recurring,,,,0.09368917907514854,52.273772431155564,1.0,0.3893422441267185,-0.02699052196465519,0.07909176532941589,ensemble_mean,1000,,,0.2276947128148838,0.11800045891990801,27.38072277878203,,,14.64314125615015,,,,,,recurring,8
0.42224275083116397,0.3272972060609874,synthetic_recurring,,,,0.09280918207536723,59.69510849712625,1.0,0.618997107530376,0.0821936920509491,0.04107373919818699,oracle_best_member,1000,,,0.34411251816871335,0.14720316785425286,25.927659212094817,,,14.505602209485534,,true,7,0.14720316785425286,,recurring,8
0.42224275083116397,0.3272972060609874,synthetic_recurring,,,,0.09280918207536723,59.69510849712625,1.0,0.618997107530376,0.0821936920509491,0.04107373919818699,validation_best_member,1000,,,0.34411251816871335,0.14720316785425286,25.927659212094817,,,14.505602209485534,,,,,7,recurring,8
0.05149596652007144,0.03879657827077742,synthetic_recurring,0.0238183,0.0001,cholesky,0.0160807178670278,10.830508806233848,1.0,0.15097662220688401,0.00014280987399351375,0.013342864989812298,adaptive_ridge,1000,210,quadratic,0.03732711715874729,0.020923527013929553,5.700862344874411,0.0044278,2,2.524067747004544,,,,,,recurring,9
0.13313062269843345,0.10687105690754028,synthetic_recurring,0.0001287,0.001,,0.04607409942666517,34.955372768662215,1.0,0.22486624313137848,0.0014714829907994456,0.039478131207599854,static_ridge,1000,,,0.11012070609866868,0.05735558939605517,14.358527409807788,,,7.2319002980319524,,,,,,recurring,9
0.12012679253944641,0.06570234705280675,synthetic_recurring,,,,0.019268959011208446,10.965490142738222,1.0,0.40853126199387957,-0.001536559086980023,0.011753350547799732,rolling_ridge,1000,,,0.05587447959961978,0.03609855235804584,6.815390105881131,,,3.0245016647091525,0.0039422,,,,,recurring,9
0.11765305167398508,0.06401850295672204,synthetic_recurring,,,,0.01873879852567711,10.652793198363632,1.0,0.448793974292675,-0.0004209228797201828,0.011750879362613195,rls,1000,,,0.05155170409053801,0.03570953401344579,6.540065179760809,,,2.94128641316807,0.0036196,,,,,recurring,9
0.24472819122442865,0.20055863330436102,synthetic_recurring,,,,0.09400157081437395,72.37816242620183,1.0,0.3345303476779562,0.0791608414718612,0.08651363826493133,hedge,1000,,,0.2062276719269352,0.11282510467940739,26.875575438785148,,,14.754710269920237,0.001189,,,,,recurring,9
0.8974437962060913,0.5329141219337492,synthetic_recurring,,,,0.15676712439630744,124.20778688606278,1.0,2.14118916192417,0.08916873936912112,0.056916020962612265,exp3,1000,,,0.5494578849315235,0.2709403933212929,35.532377978527904,,,24.606540936253882,0.0099361,,,,,recurring,9
0.1757641994192821,0.12076180917975511,synthetic_recurring,,,,0.049125213548510564,41.277175833800015,1.0,0.5030902182164104,0.04077616072671358,0.041402539463796045,fixed_share,1000,,,0.11058115380912162,0.06604394559973797,15.887637542224068,,,7.710810431961407,0.0015347,,,,,recurring,9
0.13349552305975937,0.10806572723759653,synthetic_recurring,,,,0.04409229443311192,31.851721605049754,1.0,0.20755812351714997,0.00043353351999806896,0.036496742503665136,passive_aggressive,1000,,,0.11201033323731702,0.05607707968677065,14.45616312234259,,,6.920831469734372,0.0002519,,,,,recurring,9
0.1677941345551852,0.10053249306999512,synthetic_recurring,,,,0.03905189774945291,26.258075687910313,1.0,0.6978061484606025,0.027443097835106744,0.03150065867875011,dma,1000,,,0.09112081274299018,0.05689828853600145,12.541766639137803,,,6.129678810597282,0.0015224,,,,,recurring,9
0.3045433109639395,0.2659734757763855,synthetic_recurring,,,,0.13520735382504512,84.50605209439675,1.0,0.372954535100428,0.09881241001972126,0.13151324774879508,ensemble_mean,1000,,,0.27676160415073886,0.1571457524597452,35.506356715401814,,,21.22246803716265,,,,,,recurring,9
0.31438196400994156,0.2776879899895556,synthetic_recurring,,,,0.10284434122783478,105.6886663722024,1.0,0.45824782684891696,0.10284329845093809,0.04017700222848836,oracle_best_member,1000,,,0.28056614106032635,0.14213759426461348,29.27536316395455,,,16.142692558978823,,true,10,0.14213759426461348,,recurring,9
0.31438196400994156,0.2776879899895556,synthetic_recurring,,,,0.10284434122783478,105.6886663722024,1.0,0.45824782684891696,0.10284329845093809,0.04017700222848836,validation_best_member,1000,,,0.28056614106032635,0.14213759426461348,29.27536316395455,,,16.142692558978823,,,,,10,recurring,9
0.0823453301195371,0.056987072562296404,synthetic_recurring,0.07303409999999999,0.0,cholesky,0.02140011552095478,11.574230539867731,1.0,0.409540766250616,-0.00024175284939021246,0.016514908591583166,adaptive_ridge,1000,210,quadratic,0.052779242728567634,0.0314644621771889,8.218461788361534,0.0536298,2,3.3161895977723597,,,,,,recurring,10
0.19532370368784138,0.1542963289510996,synthetic_recurring,0.0001331,0.001,,0.06305334948475463,30.085655380114645,1.0,0.26516782775766423,-0.00871856007556311,0.053055961736776694,static_ridge,1000,,,0.16222258423028504,0.0803540354318867,20.58259770295901,,,9.77082864161658,,,,,,recurring,10
0.1958127082256476,0.10210034749429339,synthetic_recurring,,,,0.029395791060735997,19.257299071861773,1.0,0.48253608973949846,-0.0006210765202914719,0.01798234172715435,rolling_ridge,1000,,,0.08253023929333399,0.056072075779985284,11.344540291647267,,,4.555209827650183,0.0290574,,,,,recurring,10
0.20373491665752166,0.10325603624554067,synthetic_recurring,,,,0.029302026151917515,16.765924800231957,1.0,0.559943633709892,0.000774169983391604,0.017291143443499468,rls,1000,,,0.07681902483757831,0.05883931159276941,10.411092540782866,,,4.540679896026428,0.0111023,,,,,recurring,10
0.2590235624830366,0.2098949772164127,synthetic_recurring,,,,0.08914991840699849,41.93635783912708,1.0,0.46326870094364875,-0.061375473604517235,0.07571584444272113,hedge,1000,,,0.2211996047112471,0.11186756176102548,25.195310608635886,,,13.814786736737803,0.0011963,,,,,recurring,10
0.9344957058860492,0.6456862063986328,synthetic_recurring,,,,0.1979962559295768,142.3210509168854,1.0,2.3288561401260774,-0.12018851739692833,0.09847503415308217,exp3,1000,,,0.6229545580600341,0.3121122755822219,43.595684866145874,,,30.681756071298164,0.0014151,,,,,recurring,10
0.183544472405895,0.11855840472290256,synthetic_recurring,,,,0.04393255590223082,30.377377032327896,1.0,0.4895353516117827,-0.03361020861710661,0.034337061016584874,fixed_share,1000,,,0.11287411013158764,0.061848502779879334,15.699224963153299,,,6.807845721387514,0.0012072,,,,,recurring,10
0.19601652161222738,0.15264875980775997,synthetic_recurring,,,,0.062112185301202744,36.26362337889319,1.0,0.4087026239288798,0.0008446446656577233,0.05231139647887692,passive_aggressive,1000,,,0.15298065007307418,0.07989500313821339,20.65163145251056,,,9.624984621651613,0.000288,,,,,recurring,10
0.16284017775656223,0.105658886394783,synthetic_recurring,,,,0.03978847887868473,32.89089372832664,1.0,0.8184092905519649,-0.0277178648682939,0.0321741372312054,dma,1000,,,0.0908864015318342,0.06151578083922299,13.592879366626976,,,6.165674182435098,0.00183,,,,,recurring,10
0.32162815208114687,0.2638296085074161,synthetic_recurring,,,,0.10677165125728201,50.13120959319488,1.0,0.4173499687163314,-0.05696518621233731,0.08459763606620918,ensemble_mean,1000,,,0.27917774818145324,0.13657152131176323,28.961130249461785,,,16.54547326577139,,,,,,recurring,10
0.6419809571367334,0.5129269750485574,synthetic_recurring,,,,0.17464629934933426,133.75340597476549,1.0,0.9474664876932389,-0.15120272546946747,0.0943673332450764,oracle_best_member,1000,,,0.5269085935094991,0.2491897097478486,40.71212126880307,,,27.063416579438176,,true,1,0.2491897097478486,,recurring,10
0.6419809571367334,0.5129269750485574,synthetic_recurring,,,,0.17464629934933426,133.75340597476549,1.0,0.9474664876932389,-0.15120272546946747,0.0943673332450764,validation_best_member,1000,,,0.5269085935094991,0.2491897097478486,40.71212126880307,,,27.063416579438176,,,,,1,recurring,10
0.09064794531111002,0.06736834080934653,synthetic_recurring,0.0089533,0.0,cholesky,0.026838449147870532,11.357890886737422,1.0,0.21055912459026271,0.0034994289002256602,0.02159712624828842,adaptive_ridge,1000,110,quadratic,0.07070015806893758,0.03494366671604546,9.646394568639234,0.0015777,1,4.190636066523542,,,,,,recurring,11
0.2391416376692347,0.19342212792995933,synthetic_recurring,0.0001251,0.0,,0.07961152266275574,31.189512774299228,1.0,0.33171134645582145,0.0255426686370112,0.06572800190845147,static_ridge,1000,,,0.20143047179695062,0.10077307180240407,23.253871001993375,,,12.43078228340446,,,,,,recurring,11
0.15109035177739055,0.10166306453061645,synthetic_recurring,,,,0.036986155570270886,15.420388779125322,1.0,0.4306014486362391,0.001064415922408606,0.027876013707971048,rolling_ridge,1000,,,0.09661888585844532,0.05285041028043522,12.315588530627592,,,5.775129428710889,0.0088518,,,,,recurring,11
0.17634224834575832,0.10328954339893359,synthetic_recurring,,,,0.03238339714643162,14.509908968411098,1.0,0.48287704589407704,0.002124189953359021,0.020418331765920977,rls,1000,,,0.09122600385091602,0.05416420243357739,11.535930013788594,,,5.056440902776956,0.0121316,,,,,recurring,11
0.23419467074642752,0.1872866612183908,synthetic_recurring,,,,0.07852102044699241,33.59232110544852,1.0,0.35576570128412155,0.043485037641704055,0.06617266498302041,hedge,1000,,,0.19832084384186247,0.09919262883066284,24.14330549156773,,,12.260507991815437,0.0024884,,,,,recurring,11
1.1151300520826906,0.7345482282223142,synthetic_recurring,,,,0.21200746959030284,104.50401441293349,1.0,2.0527526226527444,0.06418514660873943,0.10275530144497713,exp3,1000,,,0.7141683119739373,0.35112525312604964,43.45985286203627,,,33.10348312387524,0.0036073,,,,,recurring,11
0.171858207878538,0.11469851340957775,synthetic_recurring,,,,0.04173825945348246,21.19831737206514,1.0,0.44968298372984417,0.019995627473767468,0.03177790271471059,fixed_share,1000,,,0.1076826600962344,0.05925092377982415,13.528533560930823,,,6.517137203270883,0.0015405,,,,,recurring,11
0.25320146197460003,0.1942428043405427,synthetic_recurring,,,,0.07309138027025507,30.830466555971686,1.0,0.4841294470685258,0.009546511278958177,0.05539344460450846,passive_aggressive,1000,,,0.2020099323964531,0.09708194663835917,22.276264418669793,,,11.412707665219962,0.0002497,,,,,recurring,11
0.20831972929075485,0.12828849259359218,synthetic_recurring,,,,0.04587911626329306,18.702540045493357,1.0,0.8710631121131134,-1.2601949604314051e-5,0.034917876636636036,dma,1000,,,0.1052021744791669,0.0733591127137908,13.711314428228109,,,7.1637030237433645,0.0018164,,,,,recurring,11
0.2956471535430663,0.23693205049061575,synthetic_recurring,,,,0.09831489843401066,40.722021237560305,1.0,0.4150839565486587,0.042891091272077075,0.08355240893986857,ensemble_mean,1000,,,0.2504595786578368,0.12409055830937703,27.981420968149827,,,15.351183556999747,,,,,,recurring,11
0.6901139981286011,0.5019152371496448,synthetic_recurring,,,,0.13803898850679427,68.21488954039573,1.0,1.0699400132059615,-0.07440401435713626,0.05963285054152408,oracle_best_member,1000,,,0.5503655901405132,0.22563980034976508,34.14929349733729,,,21.553822303063253,,true,6,0.22563980034976508,,recurring,11
0.6635958110201059,0.5087592696240777,synthetic_recurring,,,,0.16362318839003318,64.78308835824518,1.0,0.9232507224716815,0.12949360652465927,0.08638399561012089,validation_best_member,1000,,,0.5345083714405438,0.2410496238455611,36.91695016100788,,,25.548616121928713,,,,,1,recurring,11
0.13931856024956013,0.09607839505398472,synthetic_recurring,0.5176647999999999,0.001,cholesky,0.035116508775258085,21.520054734702118,1.0,0.364547519916385,0.0038437916277189134,0.026906592540823504,adaptive_ridge,1000,310,quadratic,0.09516598161956924,0.048905477267550644,12.760587743472723,0.1160967,3,5.5558609471355505,,,,,,recurring,12
0.26207297203742536,0.20787714880604574,synthetic_recurring,0.0001338,0.0,,0.0805700266491327,50.02637702878532,1.0,0.4161026479404558,0.023176158207995803,0.062215220425895945,static_ridge,1000,,,0.21134348360580324,0.10510074675963872,25.538176247640138,,,12.747163091707344,,,,,,recurring,12
0.18413836829171992,0.11453378444305462,synthetic_recurring,,,,0.03786029678844313,21.716007455753733,1.0,0.4758287155563832,0.000875895568707429,0.026753392332120624,rolling_ridge,1000,,,0.10692099018495897,0.05825689761004212,13.598827571311531,,,5.98996175047093,0.0154172,,,,,recurring,12
0.23500050247792134,0.1303280904082928,synthetic_recurring,,,,0.03845484235479936,22.47963450084238,1.0,0.6374890650304565,-0.0008720200995934007,0.023047250443549785,rls,1000,,,0.11667056292155008,0.06872928568626231,13.754395920813785,,,6.0840261267035265,0.0118459,,,,,recurring,12
0.23475151920690696,0.192297109084086,synthetic_recurring,,,,0.08573940949397038,68.36516675458256,1.0,0.3291965024275654,0.0438047018258145,0.07448789833813713,hedge,1000,,,0.20135704595351067,0.1050432210769295,26.818336222510297,,,13.565022647514372,0.0011082,,,,,recurring,12
0.7521793488463875,0.5828703445282056,synthetic_recurring,,,,0.19560806140717002,116.18252858535469,1.0,1.6454791473433832,0.0557711980544851,0.10326960701851394,exp3,1000,,,0.6045402469365945,0.2844781282670703,42.99732362172745,,,30.947586397959103,0.0016838,,,,,recurring,12
0.16692887264346093,0.1131457390863707,synthetic_recurring,,,,0.042524285781478294,28.55833327404279,1.0,0.3454919665480267,0.02533561894609113,0.03388205870098243,fixed_share,1000,,,0.1088841849838158,0.058079934217847656,15.736958074973545,,,6.727861821064826,0.0349983,,,,,recurring,12
0.2372300606733424,0.18304719401025613,synthetic_recurring,,,,0.07017041289936989,37.6533802045207,1.0,0.37258559098223554,0.007077705394406784,0.05457287516484735,passive_aggressive,1000,,,0.19098184226638523,0.09255754768733489,22.2881215278321,,,11.101817073189974,0.0002829,,,,,recurring,12
0.26378557574923805,0.1558825573230878,synthetic_recurring,,,,0.048260068103727315,26.615148478025368,1.0,0.9544859350222407,-0.0013552336556707865,0.029583570920695024,dma,1000,,,0.13483371565745073,0.08378294782784688,15.565177593741357,,,7.635332697779837,0.0337129,,,,,recurring,12
0.2832384442960781,0.24109402795736315,synthetic_recurring,,,,0.11252258545565057,70.3443116521775,1.0,0.37597528384364143,0.062425809341391025,0.10637746164152093,ensemble_mean,1000,,,0.25300979885709396,0.1350879896955602,32.743311202905694,,,17.80244847814252,,,,,,recurring,12
0.6454628987116843,0.5039816072347837,synthetic_recurring,,,,0.1620180795334439,74.35827712554473,1.0,1.0142923802959318,-0.028412717286016277,0.08358631210550863,oracle_best_member,1000,,,0.5305115226417088,0.2393759801297926,38.65833453011585,,,25.63324066667977,,true,1,0.2393759801297926,,recurring,12
0.6454628987116843,0.5039816072347837,synthetic_recurring,,,,0.1620180795334439,74.35827712554473,1.0,1.0142923802959318,-0.028412717286016277,0.08358631210550863,validation_best_member,1000,,,0.5305115226417088,0.2393759801297926,38.65833453011585,,,25.63324066667977,,,,,1,recurring,12
0.016959609467614253,0.011539855562937356,synthetic_recurring,0.006384,0.0,cholesky,0.003677915002536032,1.5681212400793645,1.0,0.08296544817384599,-0.0003389422610956353,0.002455067292655544,adaptive_ridge,1000,110,quadratic,0.011294932772748234,0.0059128940932202,1.6072435419660287,0.0009626,1,0.5701351502698815,,,,,,recurring,13
0.024019746688917848,0.01793125167100233,synthetic_recurring,0.0001532,0.0001,,0.006686964896453023,3.0098882819576875,1.0,0.03543654486849593,-0.0008104912370045923,0.005094974274163971,static_ridge,1000,,,0.019437592094156436,0.008941975729303789,3.14488794738919,,,1.0365856017498642,,,,,,recurring,13
0.03385784600910899,0.020115191218731125,synthetic_recurring,,,,0.005406802637623013,2.8244895407439703,1.0,0.15742591389618954,-0.00026221628244552255,0.002645609584539965,rolling_ridge,1000,,,0.01844379648827911,0.01080093950967604,2.4973374664673647,,,0.8381401506438397,0.006465,,,,,recurring,13
0.02693688676260775,0.018440749669428283,synthetic_recurring,,,,0.005398399196668439,2.8048661840276097,1.0,0.09315320734705193,-0.00032042618146146614,0.0027705618754955558,rls,1000,,,0.017773845030620242,0.008915513517794162,2.552749303935764,,,0.8368374840329702,0.0108642,,,,,recurring,13
0.18781206218729732,0.1490020142603639,synthetic_recurring,,,,0.06238719308360521,26.60804646739997,1.0,0.3292297581244985,0.039254850080954244,0.052549660113801855,hedge,1000,,,0.1536210423083335,0.07859475214557776,19.84742484262914,,,9.671004272559696,0.0011643,,,,,recurring,13
0.724804524898527,0.45526983819503775,synthetic_recurring,,,,0.14567799388582836,54.41362948493954,1.0,1.8883709347196889,0.023336310975295878,0.09449957831837791,exp3,1000,,,0.4270723727324186,0.23136777195391922,33.9412423806249,,,22.58239923376205,0.0014898,,,,,recurring,13
0.10599405821723996,0.08226952779352507,synthetic_recurring,,,,0.034733433047398295,15.001035373108254,1.0,0.1880952026359454,0.022954208452173226,0.028664569875989088,fixed_share,1000,,,0.08324341209946004,0.0436382096354812,12.073016137464549,,,5.384232929856374,0.0015097,,,,,recurring,13
0.040367862475042385,0.031883636388483044,synthetic_recurring,,,,0.012907035195373066,5.395819255742597,1.0,0.06024080061092907,-2.6488447196571743e-5,0.011101612675802758,passive_aggressive,1000,,,0.03262801851214553,0.01651331876818761,4.965534517904377,,,2.0007951368040295,0.0003074,,,,,recurring,13
0.08752159588345094,0.049079045433164714,synthetic_recurring,,,,0.02481138856115103,9.618361498494787,1.0,0.6909134634433326,0.010875989278010145,0.024152905774202732,dma,1000,,,0.03427698119461745,0.038494486666285,8.58093371312477,,,3.8461586893558652,0.0028699,,,,,recurring,13
0.2612337321679572,0.20506053089319806,synthetic_recurring,,,,0.08418819959891967,35.83839706081981,1.0,0.49299238612279456,0.030385392518152653,0.06963143670906521,ensemble_mean,1000,,,0.2117790787728909,0.10715451412484626,24.480796817657723,,,13.050506005762598,,,,,,recurring,13
0.19549117619633663,0.1855833131534771,synthetic_recurring,,,,0.08264704038345785,42.03116931938267,1.0,0.21179982059317315,0.08264704038345785,0.02754156605443428,oracle_best_member,1000,,,0.18678846067452962,0.1090808235079436,25.729702200174295,,,12.811601887453373,,true,6,0.1090808235079436,,recurring,13
0.19549117619633663,0.1855833131534771,synthetic_recurring,,,,0.08264704038345785,42.03116931938267,1.0,0.21179982059317315,0.08264704038345785,0.02754156605443428,validation_best_member,1000,,,0.18678846067452962,0.1090808235079436,25.729702200174295,,,12.811601887453373,,,,,6,recurring,13
0.09170456598547962,0.06132718524381358,synthetic_recurring,0.0067119,0.0001,cholesky,0.0223801441638389,10.246792181510184,1.0,0.5547109900299639,0.003906277253667007,0.016542023608969836,adaptive_ridge,1000,110,quadratic,0.055797431245556105,0.0357686138503647,8.617044674612265,0.0009774,1,3.489759494309815,,,,,,recurring,14
0.2870149052181401,0.2319408570883852,synthetic_recurring,0.0001415,0.01,,0.09854453779903513,43.90895638757272,1.0,0.3935247903318677,0.05057316375281376,0.0827371795557374,static_ridge,1000,,,0.24105424553142976,0.12293258021952388,29.05528410729254,,,15.366153760180524,,,,,,recurring,14
0.21597854459679344,0.11504856520415527,synthetic_recurring,,,,0.033683187759120894,17.852043242345726,1.0,0.723566596943185,0.009517063948849476,0.020484050800586018,rolling_ridge,1000,,,0.08440337753090574,0.06911341111228875,12.39678289351334,,,5.252255008747424,0.003713,,,,,recurring,14
0.23763097980929582,0.11646576987938952,synthetic_recurring,,,,0.029209636297490914,15.356092683914694,1.0,0.9090716469079173,0.011024510599028597,0.013742118523837332,rls,1000,,,0.07855357147774082,0.074926476086631,10.734450792815771,,,4.554689408981024,0.032126,,,,,recurring,14
0.32439502547445087,0.2716319402445996,synthetic_recurring,,,,0.12148718509476374,59.57423598606623,1.0,0.4476078030255243,0.10372349643107194,0.10812901395758834,hedge,1000,,,0.2813761129410625,0.14850279809155176,32.85608829898221,,,18.94362496138197,0.0272299,,,,,recurring,14
1.012623514421292,0.6603817612819287,synthetic_recurring,,,,0.23269494136667354,138.2036745080018,1.0,1.8671631501840384,0.15441084042297687,0.06759156002283517,exp3,1000,,,0.6623708379219818,0.34655088462988687,50.013342954254774,,,36.284367739877986,0.002025,,,,,recurring,14
0.2355079608168262,0.154856249110551,synthetic_recurring,,,,0.06019828993630589,25.941000630932358,1.0,0.5422931164989018,0.05173356679560177,0.04856467979387824,fixed_share,1000,,,0.13663918790990542,0.0828626745256885,19.569410438773666,,,9.386782869159301,0.0011933,,,,,recurring,14
0.2986241824958954,0.21325497947774555,synthetic_recurring,,,,0.06957249298871641,33.97306957317971,1.0,0.5510261236912414,0.023089443665642546,0.043650360650661635,passive_aggressive,1000,,,0.22142417810740675,0.10195800872555412,23.83293318714114,,,10.84851224249352,0.0002658,,,,,recurring,14
0.2789889638541847,0.157534473228258,synthetic_recurring,,,,0.06254064539702836,27.503098134477128,1.0,1.3615955842224492,0.05241514486221969,0.05290089351702432,dma,1000,,,0.11920076648805385,0.106855699385745,20.371955763784523,,,9.75202882773147,0.0016481,,,,,recurring,14
0.40285394947016534,0.341504182543963,synthetic_recurring,,,,0.1509540689041217,76.73387499172341,1.0,0.5116095185538259,0.10300751158754533,0.13495900759584223,ensemble_mean,1000,,,0.35291201002962386,0.18531330934721685,38.049859465494926,,,23.53842724632812,,,,,,recurring,14
0.4496656979294289,0.43958767863336845,synthetic_recurring,,,,0.20604116920907325,121.67634681273695,1.0,0.46957712083701547,0.20604116920907325,0.06460098251637063,oracle_best_member,1000,,,0.44083389370396436,0.2714736803445113,49.32841095559877,,,32.128216923099636,,true,8,0.2714736803445113,,recurring,14
0.4496656979294289,0.43958767863336845,synthetic_recurring,,,,0.20604116920907325,121.67634681273695,1.0,0.46957712083701547,0.20604116920907325,0.06460098251637063,validation_best_member,1000,,,0.44083389370396436,0.2714736803445113,49.32841095559877,,,32.128216923099636,,,,,8,recurring,14
0.0431872241026398,0.03284163944053944,synthetic_recurring,0.0068518,1.0e-6,cholesky,0.011450754669855082,19.193489948891642,1.0,0.0950318680611627,-0.0005883090984718991,0.007670941451518226,adaptive_ridge,1000,110,quadratic,0.03332071181613656,0.016067267087706665,5.177586150875335,0.0014487,1,1.791655035590673,,,,,,recurring,15
0.048910437310750045,0.03805032177596461,synthetic_recurring,0.0001435,0.0,,0.012221487012455077,18.293980001068004,1.0,0.08046086064615432,-0.0017195469574429736,0.006456594658095088,static_ridge,1000,,,0.03878891500989797,0.018057266109220985,5.184135309978531,,,1.9122485268080824,,,,,,recurring,15
0.04941745596032826,0.03854540165996049,synthetic_recurring,,,,0.012914427112813988,16.968724006509124,1.0,0.07888008507258704,-0.0014710657840870246,0.007924759513408819,rolling_ridge,1000,,,0.03956112104957987,0.01851024549078102,5.491285759440086,,,2.0206701685221526,0.013027,,,,,recurring,15
0.049230312827706485,0.038088035839011415,synthetic_recurring,,,,0.012602286474531044,17.04611831951573,1.0,0.0793111101359234,-0.0008951116281793151,0.007420104730548785,rls,1000,,,0.03875878860141672,0.018256366802735333,5.308600352585428,,,1.971830737190663,0.0183107,,,,,recurring,15
0.33200353513381353,0.2802623733522581,synthetic_recurring,,,,0.14345844443804381,156.41006884473617,1.0,0.42467231615796086,0.13667439762189088,0.1421535972723186,hedge,1000,,,0.28933632166821494,0.1662488567480215,38.89573986552989,,,22.4463846956804,0.0063162,,,,,recurring,15
1.01928664270461,0.47753170998492,synthetic_recurring,,,,0.08749068363111849,39.04541379216144,1.0,2.7542982496114115,0.008827644181423037,0.01630881092614478,exp3,1000,,,0.5461539394677155,0.261751417826566,18.391430711997817,,,13.689326897171899,0.001571,,,,,recurring,15
0.05615233482275503,0.04018283256720369,synthetic_recurring,,,,0.013874600396312298,21.955311667398433,1.0,0.11585853528864176,-0.0015036921141163798,0.009252330666014663,fixed_share,1000,,,0.03918648351867263,0.01981314193590902,6.116981840284535,,,2.170904746767741,0.0016195,,,,,recurring,15
0.05541573833869266,0.04413503035840919,synthetic_recurring,,,,0.016425212853938543,16.645784898769517,1.0,0.0762499207724241,0.0005994796729745406,0.011864553985755921,passive_aggressive,1000,,,0.04643026297484663,0.022060223762441124,7.00621924928047,,,2.569989155202124,0.0003291,,,,,recurring,15
0.062013278358292186,0.049974298219792865,synthetic_recurring,,,,0.01705824203778305,16.655856677680454,1.0,0.10250663132701643,-0.014451615044174498,0.00901909491046382,dma,1000,,,0.050657832478470916,0.02442284903543529,6.506792120267995,,,2.6690367688844474,0.0025379,,,,,recurring,15
0.4056779486434451,0.3491169623607846,synthetic_recurring,,,,0.1693354744232639,190.56660052985174,1.0,0.5714903012451135,0.15895414249749423,0.15952110021700788,ensemble_mean,1000,,,0.35485796607694636,0.20102034394141147,44.36399348855258,,,26.495262906406854,,,,,,recurring,15
0.062013278358292186,0.04997429822744579,synthetic_recurring,,,,0.017055422542655047,16.59787590342322,1.0,0.10250663132701643,-0.014448800540185023,0.009041987511658689,oracle_best_member,1000,,,0.050657832478470916,0.024414808258849258,6.506821226665562,,,2.668595613450631,,true,2,0.024414808258849258,,recurring,15
0.062013278358292186,0.04997429822744579,synthetic_recurring,,,,0.017055422542655047,16.59787590342322,1.0,0.10250663132701643,-0.014448800540185023,0.009041987511658689,validation_best_member,1000,,,0.050657832478470916,0.024414808258849258,6.506821226665562,,,2.668595613450631,,,,,2,recurring,15
0.0729290062471849,0.050601724011205024,synthetic_recurring,0.3439838,0.0001,cholesky,0.01973409418128747,8.899665582798681,1.0,0.22894387466273947,0.0008212614299285978,0.01578383899874808,adaptive_ridge,1000,310,quadratic,0.04719243961481023,0.027362635647211093,7.428638576845025,0.0050138,3,3.0809012172152475,,,,,,recurring,16
0.18138955114541408,0.14691701415406985,synthetic_recurring,7.24e-5,0.001,,0.06222497796488058,29.854811069808868,1.0,0.3377880228249074,0.001033529805000784,0.0528405846403866,static_ridge,1000,,,0.15238005476992264,0.07804930657385227,19.366748640579587,,,9.714609071592324,,,,,,recurring,16
0.17782726416821382,0.0953651595124082,synthetic_recurring,,,,0.02883294371869275,15.33819185633333,1.0,0.5838742261505869,-0.0014871467557379544,0.01843274056329617,rolling_ridge,1000,,,0.08100618483633028,0.053199438373980584,10.022450903738857,,,4.5014202619470725,0.0113781,,,,,recurring,16
0.1797929687613286,0.09130355943362355,synthetic_recurring,,,,0.025747889739485854,13.99255685738701,1.0,0.595331262386086,0.00017834889149022126,0.015132563447663006,rls,1000,,,0.07197747125495224,0.05214540883694804,8.89054677086105,,,4.019779378286651,0.0078815,,,,,recurring,16
0.24076944056870808,0.1936773343444697,synthetic_recurring,,,,0.08423893564674453,42.12975304896191,1.0,0.3396958663490923,-0.05593241720605023,0.07349580071459196,hedge,1000,,,0.20238927577488816,0.10373482245754845,24.87333403271252,,,13.151444246023159,0.0013776,,,,,recurring,16
0.9832866067336797,0.6442405341761351,synthetic_recurring,,,,0.1987786545440762,88.14994051210266,1.0,1.9984597894711604,-0.11951546666590442,0.1009511042683331,exp3,1000,,,0.6004590375568577,0.31354631747010603,42.601695339522415,,,31.03346893529921,0.0078242,,,,,recurring,16
0.18648471333747815,0.12684975292980727,synthetic_recurring,,,,0.047203160508321684,26.54274045622812,1.0,0.421854456602955,-0.03425601272710226,0.03581904459961588,fixed_share,1000,,,0.12162827655289922,0.06557934744904616,14.74144331546555,,,7.369391943228638,0.0014919,,,,,recurring,16
0.185402654518874,0.14498938535613326,synthetic_recurring,,,,0.05940323632237288,30.39792216770975,1.0,0.26958369745835586,0.002113390102748104,0.04982005916341897,passive_aggressive,1000,,,0.14935179677662216,0.07565445246315419,19.77150299606304,,,9.274076702525575,0.0003018,,,,,recurring,16
0.171995991207827,0.10916447381669377,synthetic_recurring,,,,0.051574681684264954,22.42401477641937,1.0,1.3054818438916809,0.017064247387422776,0.04920358894445975,dma,1000,,,0.08486445249815595,0.07688990345050023,15.32744667541215,,,8.051877026573221,0.0015512,,,,,recurring,16
0.3035761197463248,0.25632802014889017,synthetic_recurring,,,,0.11367495429993169,57.85305183588708,1.0,0.42299403804118946,-0.08226433444256524,0.09787628342398044,ensemble_mean,1000,,,0.261776594405623,0.13951843199666134,31.7494210979208,,,17.747017007836053,,,,,,recurring,16
0.531340400052644,0.4315319995056318,synthetic_recurring,,,,0.1570722698404357,60.35057047058044,1.0,0.7971618494055944,-0.14840355456425583,0.0890930905533735,oracle_best_member,1000,,,0.45082994197309467,0.21737208693016197,36.670105397919,,,24.52223765107158,,true,5,0.21737208693016197,,recurring,16
0.531340400052644,0.4315319995056318,synthetic_recurring,,,,0.1570722698404357,60.35057047058044,1.0,0.7971618494055944,-0.14840355456425583,0.0890930905533735,validation_best_member,1000,,,0.45082994197309467,0.21737208693016197,36.670105397919,,,24.52223765107158,,,,,5,recurring,16
0.07390089163221557,0.05060078725135948,synthetic_recurring,0.0064777,0.0001,cholesky,0.014570137952015186,7.140292655227151,1.0,0.3290627728362914,-0.003354397649460003,0.00801908963731135,adaptive_ridge,1000,110,quadratic,0.051834335221840895,0.02490528844682735,6.591861767682535,0.0009005,1,2.268483755885828,,,,,,recurring,17
0.08526216670378467,0.06231573403512157,synthetic_recurring,0.0001907,0.0,,0.017672056572020266,9.574058938590172,1.0,0.13520168760896878,-0.005700808775738191,0.008746474949797162,static_ridge,1000,,,0.06768468231262942,0.028165994935154454,7.508065613978331,,,2.7514340220216456,,,,,,recurring,17
0.08790681102122473,0.06385409160393869,synthetic_recurring,,,,0.021418475197195915,10.456560448445641,1.0,0.14026634135591626,-0.00790298668356878,0.014638010737747106,rolling_ridge,1000,,,0.0683153996767037,0.030419765796072147,8.550022438337317,,,3.3347291028196704,0.0192301,,,,,recurring,17
0.0917588179365996,0.06505809217882509,synthetic_recurring,,,,0.01895192742631983,10.806280775697049,1.0,0.17254693662529622,-0.003905989849492462,0.010054321804641442,rls,1000,,,0.06645208549257371,0.03006050845674734,8.949505231612678,,,2.9507022960882416,0.0110804,,,,,recurring,17
0.3060472329964854,0.25699436377171464,synthetic_recurring,,,,0.1133475795694782,47.846945988252045,1.0,0.4894118509583638,-0.0791968481724146,0.09949502862451082,hedge,1000,,,0.26176115539489087,0.13943530940300983,30.946826057598038,,,17.647543480312386,0.0019482,,,,,recurring,17
0.8431115162216891,0.456353267009321,synthetic_recurring,,,,0.13671588651364897,67.71968138519917,1.0,2.039838242490145,-0.08023560466930867,0.0345428442041322,exp3,1000,,,0.44137842681584627,0.24539395752964394,33.63193386748158,,,21.285849780499028,0.0024544,,,,,recurring,17
0.17320005736808514,0.1185636194033772,synthetic_recurring,,,,0.04633767323963419,21.242771351264604,1.0,0.6530161920065776,-0.03561587052050003,0.03697906124556388,fixed_share,1000,,,0.10754905306757481,0.06566928903573471,15.504353391484706,,,7.214499915913085,0.0015092,,,,,recurring,17
0.09060353697565476,0.06533332471123533,synthetic_recurring,,,,0.020759320129468663,10.09337061871686,1.0,0.14276236443735502,-0.001153628072459026,0.012589320770203999,passive_aggressive,1000,,,0.07069045379254527,0.030703452042493633,9.211727857658262,,,3.2321025821461116,0.000478,,,,,recurring,17
0.28833757567209617,0.1739159578391652,synthetic_recurring,,,,0.05743164620881503,28.744803718841457,1.0,2.141528213663114,-0.050824929366769814,0.030881083650710843,dma,1000,,,0.1457747733620293,0.11274046194330381,18.706134490223363,,,8.941765474530698,0.0018201,,,,,recurring,17
0.39114719735645637,0.34140145919046705,synthetic_recurring,,,,0.15692767475734296,65.82629622514847,1.0,0.46481550903330776,-0.09320595717165978,0.14178928383112172,ensemble_mean,1000,,,0.3597858628229738,0.18939887250585308,39.62441977264528,,,24.432704907006766,,,,,,recurring,17
0.2118165282864436,0.21111720148290194,synthetic_recurring,,,,0.1025592003422745,60.56425115720307,1.0,0.21381889253277298,-0.1025592003422745,0.031030202324410228,oracle_best_member,1000,,,0.21132889431114205,0.1349920752057074,29.928954885311782,,,15.96785704838929,,true,8,0.1349920752057074,,recurring,17
0.2118165282864436,0.21111720148290194,synthetic_recurring,,,,0.1025592003422745,60.56425115720307,1.0,0.21381889253277298,-0.1025592003422745,0.031030202324410228,validation_best_member,1000,,,0.21132889431114205,0.1349920752057074,29.928954885311782,,,15.96785704838929,,,,,8,recurring,17
0.06495052792607722,0.049355416379107085,synthetic_recurring,0.006381,0.0001,cholesky,0.01763169480804875,9.215575226428726,1.0,0.14398695309290632,-0.001524112356508054,0.012072957624302869,adaptive_ridge,1000,110,quadratic,0.05028606318690964,0.024348824799513346,6.5198203755554704,0.0009394,1,2.775457574028283,,,,,,recurring,18
0.10988850236246693,0.08591879563835915,synthetic_recurring,0.0001311,0.0,,0.029291131791160815,12.325227837971294,1.0,0.15694782903301652,-0.00434101004107279,0.01840509902452453,static_ridge,1000,,,0.0894800049657214,0.0411151914071054,9.913436508543342,,,4.610804262816908,,,,,,recurring,18
0.11031552811396299,0.08664682713417736,synthetic_recurring,,,,0.031244540477231946,11.802849610629918,1.0,0.15709984842527136,-0.0040713773614469186,0.021686776839376032,rolling_ridge,1000,,,0.08848800504880033,0.04244439905973885,10.301551452674163,,,4.918296139913932,0.0093003,,,,,recurring,18
0.1075737228558597,0.08400585309195664,synthetic_recurring,,,,0.029455204377734117,11.900752138865016,1.0,0.15122574668845412,-0.003092627080037895,0.01879746501656626,rls,1000,,,0.08651578816278759,0.04086011063331973,9.833172800039993,,,4.636631417157591,0.0078654,,,,,recurring,18
0.2704772211338827,0.22690637976677905,synthetic_recurring,,,,0.10919305872740033,53.27326207631541,1.0,0.45180195302678117,0.0887641236147919,0.09977154142844949,hedge,1000,,,0.23361640160312155,0.12886979806884696,29.92143530897743,,,17.18840447135764,0.0011915,,,,,recurring,18
0.8471025706901075,0.5379039926804525,synthetic_recurring,,,,0.21947370104961358,88.85290439809195,1.0,2.626537541487084,-0.12958974657358657,0.2334548281715193,exp3,1000,,,0.48226015484517853,0.30690197023493754,49.42811369746,,,34.54800871440339,0.0015301,,,,,recurring,18
0.15628273758812147,0.1082660242524209,synthetic_recurring,,,,0.04247090008293673,22.851195774136286,1.0,0.3691247990493185,0.029600458710133032,0.03445677281136422,fixed_share,1000,,,0.09898939565259167,0.05776939629904145,14.343893390360826,,,6.68547082933715,0.0023974,,,,,recurring,18
0.1121516851055555,0.08847671419926403,synthetic_recurring,,,,0.035349028288132786,14.234134584366176,1.0,0.1804240128620601,0.000934642829713953,0.02845422271687323,passive_aggressive,1000,,,0.08909241634057903,0.04553763691875455,11.648867333222695,,,5.56439578639098,0.0002678,,,,,recurring,18
0.24092813924047818,0.14458712069241528,synthetic_recurring,,,,0.054075169715693934,26.625654497592844,1.0,0.9993312499721361,-0.01312113617887459,0.04364139423009958,dma,1000,,,0.12509902389319777,0.08117272251284118,17.261374984672106,,,8.512133461258388,0.0022945,,,,,recurring,18
0.36266353264484424,0.31648355667705075,synthetic_recurring,,,,0.15435086828426484,75.04563717527023,1.0,0.45207840848898084,0.12452280213995323,0.1451178483273366,ensemble_mean,1000,,,0.32702906855839464,0.18263697258528522,39.47178078225797,,,24.296829720637273,,,,,,recurring,18
0.3985513213536226,0.36846252876813146,synthetic_recurring,,,,0.19945727529699228,90.88976126853383,1.0,0.4480143928517572,-0.19945727529699228,0.25328929183385895,oracle_best_member,1000,,,0.3762227659886061,0.23967716118158477,47.01081631326004,,,31.39716354240511,,true,1,0.23967716118158477,,recurring,18
0.3985513213536226,0.36846252876813146,synthetic_recurring,,,,0.19945727529699228,90.88976126853383,1.0,0.4480143928517572,-0.19945727529699228,0.25328929183385895,validation_best_member,1000,,,0.3762227659886061,0.23967716118158477,47.01081631326004,,,31.39716354240511,,,,,1,recurring,18
0.10767943398507014,0.07772188078477271,synthetic_recurring,0.6369467,0.001,cholesky,0.028808840717652263,13.433601358434052,1.0,0.20662481462072485,0.0035782885933417176,0.02123201124765617,adaptive_ridge,1000,510,quadratic,0.07709982717187178,0.03912523437856404,10.91780969192178,0.0527761,5,4.551992629816236,,,,,,recurring,19
0.20815810311884114,0.16334120286464354,synthetic_recurring,0.0001341,0.01,,0.06685144163194356,29.51434021467753,1.0,0.32826096434854823,0.007646800112193994,0.05460979901078792,static_ridge,1000,,,0.16922918536851775,0.08521113371229709,21.608574752144577,,,10.562982127036332,,,,,,recurring,19
0.19083007510123604,0.10905059693407712,synthetic_recurring,,,,0.03371510280416865,19.413135333089045,1.0,0.555182483447834,0.0008184434582938397,0.021576866004619527,rolling_ridge,1000,,,0.10287942866742694,0.05813803608490962,12.480789815688981,,,5.327215384409238,0.0089373,,,,,recurring,19
0.1801086248786198,0.10134214832961896,synthetic_recurring,,,,0.03172479848819825,20.522077989226936,1.0,0.709985253918588,0.0009028577950805686,0.021224687310659074,rls,1000,,,0.08653500293415746,0.056990268861971144,11.9280627086045,,,5.0127337755801324,0.0277882,,,,,recurring,19
0.2531645929555913,0.19473442722679318,synthetic_recurring,,,,0.07968500769198361,37.260596291276634,1.0,0.39622753370389574,0.004994238791065702,0.06723240294356074,hedge,1000,,,0.19548413867040124,0.10145969880701833,23.207253456014918,,,12.590772786580885,0.0112436,,,,,recurring,19
0.944156530012238,0.6628439182311597,synthetic_recurring,,,,0.1872034486836136,86.06486413344537,1.0,1.8394697584744213,0.017946672761849896,0.07657949315834367,exp3,1000,,,0.6732597016095925,0.3091119669758228,42.27821574677208,,,29.579417201673355,0.0110289,,,,,recurring,19
0.18215360417440368,0.11272200733529608,synthetic_recurring,,,,0.039596128662467145,19.632478728779056,1.0,0.4663267264847561,0.007485822695314693,0.0294923115802287,fixed_share,1000,,,0.09888927654192187,0.05953160560780429,13.084284669775696,,,6.2564574398290596,0.0012563,,,,,recurring,19
0.21096848938828444,0.16250189047544056,synthetic_recurring,,,,0.06635245329541853,29.489931164384508,1.0,0.3190682497801387,0.006929132729697589,0.05533709826187047,passive_aggressive,1000,,,0.16612255580633695,0.08460485387310905,21.694074564016617,,,10.484138578540662,0.0002582,,,,,recurring,19
0.19020152287137065,0.11408156656793277,synthetic_recurring,,,,0.03985857787081068,27.93086734605717,1.0,0.9439244656651122,0.015241182113198424,0.02957182857116196,dma,1000,,,0.09082742115579913,0.07152381508746865,14.332324652383813,,,6.297926198457339,0.0018185,,,,,recurring,19
0.33186461481675705,0.27042041033434944,synthetic_recurring,,,,0.11220193777830442,66.91372104763505,1.0,0.4468382245620332,-0.00817750063896283,0.09533439185643999,ensemble_mean,1000,,,0.2835342528151641,0.1408718125192438,31.067053443446557,,,17.728668738308183,,,,,,recurring,19
0.7208720000790092,0.530165302494499,synthetic_recurring,,,,0.14668497451670048,81.77750419219161,1.0,1.1469544314686513,0.0364231605459091,0.06738170373159552,oracle_best_member,1000,,,0.5507405787601626,0.23786737629901902,35.842517855418215,,,23.177222903512135,,true,10,0.23786737629901902,,recurring,19
0.7208720000790092,0.530165302494499,synthetic_recurring,,,,0.14668497451670048,81.77750419219161,1.0,1.1469544314686513,0.0364231605459091,0.06738170373159552,validation_best_member,1000,,,0.5507405787601626,0.23786737629901902,35.842517855418215,,,23.177222903512135,,,,,10,recurring,19
0.10503377040397971,0.07256770729694081,synthetic_recurring,0.0226949,0.001,cholesky,0.027076034534405775,15.813145802324366,1.0,0.3442189236499215,-0.0006348627047660896,0.02100220846287895,adaptive_ridge,1000,210,quadratic,0.07071136716097025,0.038161169530781344,9.11923366888713,0.0041109,2,4.231100319911024,,,,,,recurring,20
0.3032630163305379,0.24021894196230414,synthetic_recurring,0.000216,0.0,,0.10369390554546129,48.8881657796352,1.0,0.44084775651188535,-0.0009119662378734429,0.09132087851378556,static_ridge,1000,,,0.24815679426960108,0.12830942753539196,29.02860800834802,,,16.203972423240728,,,,,,recurring,20
0.19590655850561536,0.11257674376020566,synthetic_recurring,,,,0.03631422886166034,13.881056198151024,1.0,0.4367514873191269,-0.0031859374033701457,0.025315934185849515,rolling_ridge,1000,,,0.09699580260407598,0.05907935208885934,11.674254189480717,,,5.674728519002654,0.0102467,,,,,recurring,20
0.24544729960047285,0.12138233889639229,synthetic_recurring,,,,0.03128424376813444,16.409828271548,1.0,0.635203673734179,-0.0040023980442839046,0.016028241962619094,rls,1000,,,0.09412675521755344,0.06775256181963683,10.512136526961047,,,4.888706049156807,0.0084132,,,,,recurring,20
0.27705841544142473,0.22285279357268664,synthetic_recurring,,,,0.098133697761867,50.9102956885843,1.0,0.4436467770975787,-0.0019343788195737078,0.08671563305396335,hedge,1000,,,0.22630595206608,0.12126853594224676,27.91448739490783,,,15.33509345567836,0.0011022,,,,,recurring,20
0.8225259414777328,0.6120327367694249,synthetic_recurring,,,,0.2039797643077555,87.94292844526157,1.0,1.6980230247115042,-0.03720536705512897,0.08555199929524293,exp3,1000,,,0.6128004735547196,0.30091207918419954,45.0100345779536,,,31.875378387526524,0.0016913,,,,,recurring,20
0.18539067529922512,0.11147548101147776,synthetic_recurring,,,,0.03800527122241261,17.376949366698177,1.0,0.4443762865478194,-0.01265805156129479,0.02764028697614157,fixed_share,1000,,,0.09728688232959205,0.058799839842327596,12.085069247894278,,,5.938983237117678,0.0014452,,,,,recurring,20
0.26991908140902543,0.18622959342106024,synthetic_recurring,,,,0.06287980692013166,22.74289994971082,1.0,0.5371702788366847,-0.002577690300946627,0.042790613119112364,passive_aggressive,1000,,,0.19427130699873968,0.09039216952326433,17.925954279924948,,,9.826061155212342,0.0003416,,,,,recurring,20
0.20555832952142217,0.11882208482826316,synthetic_recurring,,,,0.05343121990068943,25.768566313106582,1.0,0.8351397883597685,-0.010663766231477212,0.047076089787493225,dma,1000,,,0.08771457300554526,0.07732628216167765,16.72344647574809,,,8.349555446451008,0.0015637,,,,,recurring,20
0.3556120820054423,0.28246605583790796,synthetic_recurring,,,,0.1248215234737237,61.89058338943203,1.0,0.4963372171291561,0.009922041387724847,0.10948183921150018,ensemble_mean,1000,,,0.2864488011391375,0.15361197338594618,33.635761023091185,,,19.505529409424813,,,,,,recurring,20
0.5533992134566141,0.46911252577346346,synthetic_recurring,,,,0.15881658410514018,66.9106400604384,1.0,0.6973347454908602,-0.15858207315601613,0.06531376313004855,oracle_best_member,1000,,,0.5003195222486432,0.22769743855811592,40.2052992778285,,,24.817847641631474,,true,10,0.22769743855811592,,recurring,20
0.7134371064026831,0.5850722626154885,synthetic_recurring,,,,0.21760262952688503,168.32678235555989,1.0,0.9160684159470728,0.20940031811441714,0.12907583050542648,validation_best_member,1000,,,0.612567513370687,0.29731292902461415,46.65756773532582,,,34.004187512567356,,,,,1,recurring,20
0.09238050953912748,0.06677813707944902,synthetic_recurring,0.05121,0.001,cholesky,0.02567922073679121,21.44029168338687,1.0,0.2707930522284083,-0.003305372197203174,0.020431174729548335,adaptive_ridge,1000,310,quadratic,0.06776163574378383,0.03499114430415144,8.633409464862192,0.0166407,3,4.012176665083478,,,,,,recurring,21
0.1993593548886233,0.1551534973772883,synthetic_recurring,0.0001929,0.0,,0.061033492793219374,31.006267444130486,1.0,0.27302421140553823,-0.010895193223195201,0.049993519881606496,static_ridge,1000,,,0.1601006729086272,0.07876658667176441,17.97728331870314,,,9.536004152285441,,,,,,recurring,21
0.17001638244154507,0.09463440473419794,synthetic_recurring,,,,0.02946126573593648,30.39938352215946,1.0,0.5285242145230942,-0.0023980324877756905,0.019678773228096635,rolling_ridge,1000,,,0.07640126524918466,0.05194912758016884,9.844530334235184,,,4.603091508154468,0.0039773,,,,,recurring,21
0.1874697684599478,0.1016108754104279,synthetic_recurring,,,,0.030993573432290117,29.809347729450664,1.0,0.8283454533982411,-0.0020312893944600652,0.0205582844068381,rls,1000,,,0.07752512305936678,0.06149440073406964,9.593049102807553,,,4.842502557502615,0.0035922,,,,,recurring,21
0.26140109798595995,0.22613252179840296,synthetic_recurring,,,,0.10944250401387647,86.28047932846582,1.0,0.34685219077876883,-0.10208388051401679,0.10418226155555912,hedge,1000,,,0.2322654531401741,0.1296253332295971,29.941126366894082,,,17.099532157674375,0.0011409,,,,,recurring,21
0.8041295645290762,0.5801855114462917,synthetic_recurring,,,,0.1941493926085436,74.55402631091994,1.0,1.4859966322099327,-0.05077877510214275,0.11433882992826074,exp3,1000,,,0.5776741002936251,0.2844575944727023,42.6858900528535,,,30.334318574087145,0.001588,,,,,recurring,21
0.17721529399696884,0.1252489095186345,synthetic_recurring,,,,0.05605860037849874,29.432179769922733,1.0,0.4584158093012992,-0.052875983523396876,0.05067626435438821,fixed_share,1000,,,0.11871646222089172,0.07017630203923288,17.066312644217554,,,8.758716264065159,0.0013461,,,,,recurring,21
0.1881783058495149,0.15339966087162057,synthetic_recurring,,,,0.06226001729274901,30.023980286820535,1.0,0.2621810528468267,-0.0014139332991372842,0.05114992178500252,passive_aggressive,1000,,,0.16233249167404415,0.0793610545474932,18.753827467233567,,,9.727638977446453,0.0002332,,,,,recurring,21
0.19328540219550433,0.13208482663956933,synthetic_recurring,,,,0.053436045397377965,22.46659868470904,1.0,1.1122726006224992,-0.04765657575548244,0.04392874001275224,dma,1000,,,0.1164207546458379,0.08167370404714867,15.741688492914191,,,8.348962634622819,0.0015579,,,,,recurring,21
0.315317597085733,0.26541640220463814,synthetic_recurring,,,,0.1287764673462944,99.240834477618,1.0,0.4129656575255295,-0.12123381932921855,0.12261851521248332,ensemble_mean,1000,,,0.2703139968521572,0.15207851663898603,33.95289677508137,,,20.12031216190436,,,,,,recurring,21
0.5128825857840047,0.42993090067865725,synthetic_recurring,,,,0.16113116355761695,67.02085250936862,1.0,0.6649795984380222,-0.15525512476405515,0.0993564204695862,oracle_best_member,1000,,,0.4474325543884563,0.2193441824055434,37.77940318662054,,,25.17547946917967,,true,3,0.2193441824055434,,recurring,21
0.5128825857840047,0.42993090067865725,synthetic_recurring,,,,0.16113116355761695,67.02085250936862,1.0,0.6649795984380222,-0.15525512476405515,0.0993564204695862,validation_best_member,1000,,,0.4474325543884563,0.2193441824055434,37.77940318662054,,,25.17547946917967,,,,,3,recurring,21
0.029823312412754422,0.02101457890202376,synthetic_recurring,0.0057817,0.0,cholesky,0.008108123684429798,3.580166782332174,1.0,0.11941503774029982,-0.000313447486917751,0.006174773116482735,adaptive_ridge,1000,110,quadratic,0.019846090887625466,0.011421696365640664,3.4602781122234236,0.000903,1,1.2658064200610264,,,,,,recurring,22
0.07288665712793825,0.05981386940436192,synthetic_recurring,0.0001259,0.0,,0.02496311712129201,9.637237850918998,1.0,0.10564823031450454,-0.0018341593000015327,0.020833892789027614,static_ridge,1000,,,0.06251566468197749,0.0313705896390247,9.152070341913525,,,3.897137629701675,,,,,,recurring,22
0.08882948239927074,0.04596972012308793,synthetic_recurring,,,,0.013483844240590112,6.381750482058813,1.0,0.3700448012060753,-0.0007571238922097588,0.008623428433658653,rolling_ridge,1000,,,0.03269270269331319,0.0266840347018884,5.521481258927426,,,2.1050414708914444,0.0105587,,,,,recurring,22
0.07869578948711797,0.04079719851576379,synthetic_recurring,,,,0.012133787544036954,5.904689821480726,1.0,0.21372644079258718,-0.0002605675901751199,0.007633405673024007,rls,1000,,,0.027647550021997334,0.023494163956175495,4.9763150744391185,,,1.8942762556018669,0.0041649,,,,,recurring,22
0.1766061151024769,0.14250364164114607,synthetic_recurring,,,,0.060986018943458925,29.658600487838903,1.0,0.30585731066627464,-0.029345672033195103,0.05044781574970439,hedge,1000,,,0.14307232900984235,0.07619038573664917,19.42088539381767,,,9.52088267484569,0.0022454,,,,,recurring,22
0.7821366566608421,0.4145994494280716,synthetic_recurring,,,,0.08596031350901567,32.388683779187346,1.0,1.366896652618149,0.010873235883765611,0.01904722630744425,exp3,1000,,,0.4769558382253002,0.2016114521134172,21.086195713952712,,,13.419765280482718,0.0016024,,,,,recurring,22
0.10039133404795716,0.06737568013347178,synthetic_recurring,,,,0.02306261911183503,10.229696874931163,1.0,0.2823598967772059,-0.00572358295323746,0.01650914485610755,fixed_share,1000,,,0.06457350039601999,0.03442636985718054,9.05353625545463,,,3.600439814607476,0.0067675,,,,,recurring,22
0.08719075626414466,0.06954647524959935,synthetic_recurring,,,,0.029616450849054003,11.752413811421611,1.0,0.12962115368364424,-0.0006081325906681995,0.025188088261238084,passive_aggressive,1000,,,0.074344993183635,0.03703640124415269,10.252481990946597,,,4.623596664681464,0.0002696,,,,,recurring,22
0.12670537721072728,0.07754890478757828,synthetic_recurring,,,,0.02718598268316165,11.05241563798026,1.0,0.4623295190553893,-0.010057315631868326,0.014042918338175697,dma,1000,,,0.05786499199430864,0.04501148670285832,9.888654658204512,,,4.244162121268126,0.0072303,,,,,recurring,22
0.20954303468440472,0.16827796701465533,synthetic_recurring,,,,0.07236007484517436,35.03011332722211,1.0,0.3342303309751061,-0.024904566163511537,0.06151380330899376,ensemble_mean,1000,,,0.17116052630121273,0.09037607834969515,22.210714360629837,,,11.29655279815325,,,,,,recurring,22
0.15142189599379288,0.11046869747608457,synthetic_recurring,,,,0.030093903462600116,12.511124954307554,1.0,0.2313738209624634,0.013373643531211985,0.01255288475459912,oracle_best_member,1000,,,0.11557936228381521,0.04946577375795049,11.236518017958161,,,4.698134573453398,,true,10,0.04946577375795049,,recurring,22
0.15142189599379288,0.11046869747608457,synthetic_recurring,,,,0.030093903462600116,12.511124954307554,1.0,0.2313738209624634,0.013373643531211985,0.01255288475459912,validation_best_member,1000,,,0.11557936228381521,0.04946577375795049,11.236518017958161,,,4.698134573453398,,,,,10,recurring,22
0.06909863147355905,0.04463565573159098,synthetic_recurring,0.005780700000000001,0.0001,cholesky,0.014863859917733287,9.228168269299431,1.0,0.49961207399553026,-0.0013666888673551272,0.010437114031883687,adaptive_ridge,1000,110,quadratic,0.04187888837989375,0.026481635168486523,6.347818201630312,0.0009011,1,2.326174946123244,,,,,,recurring,23
0.12163557615933014,0.08988635860895591,synthetic_recurring,0.0001231,0.001,,0.029986811134899136,14.653379252421322,1.0,0.20584435205009088,-0.003492317460705404,0.020793000613590462,static_ridge,1000,,,0.09883150468558054,0.04266183779742106,11.624137743393625,,,4.692897347136015,,,,,,recurring,23
0.15622771638771124,0.08140545762549846,synthetic_recurring,,,,0.02306505575839,28.34781548427989,1.0,0.5153904563868051,-0.00220422125067017,0.013689105954948266,rolling_ridge,1000,,,0.0615693611641345,0.047321382889887846,8.520268160292355,,,3.609651539576978,0.0099287,,,,,recurring,23
0.1721099858128455,0.0890038135836756,synthetic_recurring,,,,0.022974418640557707,24.79233138674169,1.0,0.6079378675554721,-0.003026619465738373,0.01166963064216775,rls,1000,,,0.06922082750735176,0.05195747633402493,8.087135228958454,,,3.595466947293599,0.0090566,,,,,recurring,23
0.29439393638706296,0.23534831001309287,synthetic_recurring,,,,0.0944469574633305,62.81538796458903,1.0,0.6027065707976873,-0.07053310279509473,0.07418824212261615,hedge,1000,,,0.23868834839131325,0.1217147447742665,26.35644291672157,,,14.780827282061136,0.0011596,,,,,recurring,23
1.3841310923222898,1.049220552109617,synthetic_recurring,,,,0.3763357699759442,152.05770270387114,1.0,1.854226640519118,-0.22464343388375896,0.20443946774181704,exp3,1000,,,1.0850265695756256,0.5257893220703893,70.2101935941536,,,58.89606362635461,0.0015661,,,,,recurring,23
0.2271342176856732,0.13435335647708388,synthetic_recurring,,,,0.04457693172860429,36.10435272822599,1.0,0.678543913436024,-0.032563435680211465,0.03155629414764205,fixed_share,1000,,,0.112390245279792,0.07315301284185438,13.87521685146317,,,6.97623244137373,0.0013619,,,,,recurring,23
0.12376779798452262,0.09951698343919749,synthetic_recurring,,,,0.04232542638683715,24.48896060063914,1.0,0.20606697996198609,-0.003786605348857638,0.036419068788060595,passive_aggressive,1000,,,0.10243510272889897,0.05325281403031807,14.77525582530155,,,6.623874753258485,0.000191,,,,,recurring,23
0.27396946385005366,0.16403677833369593,synthetic_recurring,,,,0.07943508220888973,36.52517706907539,1.0,1.4992383723235676,-0.07524647780356718,0.07216463381365268,dma,1000,,,0.12763115353263263,0.11297414876636667,21.786644302443097,,,12.431488126251,0.001579,,,,,recurring,23
0.34361828512324927,0.2809728949625157,synthetic_recurring,,,,0.11717322615006245,66.71812776675202,1.0,0.5539441535802809,-0.0523977606879521,0.09604225586069731,ensemble_mean,1000,,,0.2901040726185644,0.1482601797592155,32.29213445538244,,,18.33745908097027,,,,,,recurring,23
0.7935288889701653,0.7121767292950976,synthetic_recurring,,,,0.28494357210768506,130.20311474558252,1.0,0.9425236227028391,-0.28494357210768506,0.10293626442925796,oracle_best_member,1000,,,0.7360192658205889,0.38439963725957477,60.1436154079713,,,44.59330228919698,,true,7,0.38439963725957477,,recurring,23
1.1249487497884756,0.9738084056890235,synthetic_recurring,,,,0.39303043693145906,233.6617332236775,1.0,1.5291034402038124,-0.3882401608390569,0.28073154169953746,validation_best_member,1000,,,0.9885978488574694,0.5174646456761406,74.55433680136544,,,61.50875751749244,,,,,3,recurring,23
0.04171025051038994,0.031190083121349552,synthetic_recurring,0.0071048000000000005,0.0,cholesky,0.011969876494609394,5.967625237631766,1.0,0.1311043185271623,-0.0013446373561586678,0.00907265247417166,adaptive_ridge,1000,110,quadratic,0.031626129161943926,0.016059692884918274,4.621445624570687,0.0008999,1,1.8689774559512031,,,,,,recurring,24
0.11699540625385026,0.09047842612950593,synthetic_recurring,0.0001343,0.0,,0.032677490129274345,18.926948559573315,1.0,0.22424784065885184,-0.007678591186827579,0.022955363975083742,static_ridge,1000,,,0.0931239744673222,0.044396978124050024,10.760672412143892,,,5.102265875189776,,,,,,recurring,24
0.10766389724841574,0.055791412398988695,synthetic_recurring,,,,0.01593352989045157,10.317006105563586,1.0,0.393555242121996,-0.0036741731297280492,0.009564082726555144,rolling_ridge,1000,,,0.04278727675636299,0.03253188664924782,6.108729345930545,,,2.4878626084730042,0.2170287,,,,,recurring,24
0.11057212312052273,0.05778181921852661,synthetic_recurring,,,,0.016420189436130137,11.232264963826557,1.0,0.3390695748335729,-0.0033900279229518784,0.009874355598490037,rls,1000,,,0.04419857086828701,0.033202658871562776,6.3459211003892015,,,2.563849668156228,0.020254,,,,,recurring,24
0.2785186526882192,0.23227185382016846,synthetic_recurring,,,,0.1101632028318074,58.57118946798517,1.0,0.5132419317139952,-0.10352111147982733,0.10083535326040802,hedge,1000,,,0.23706508690888867,0.13114174604443962,31.54273431619942,,,17.20089114208914,0.0119674,,,,,recurring,24
0.7316950693626062,0.49825001038986283,synthetic_recurring,,,,0.17784975279846965,118.17661376647348,1.0,1.9551521722701444,-0.07518822404429787,0.07372793839243852,exp3,1000,,,0.43848083327550297,0.26522644476740725,40.17158123746491,,,27.76947436980895,0.0096567,,,,,recurring,24
0.2147889959985113,0.13387200066302476,synthetic_recurring,,,,0.053982697088656426,30.777247484483834,1.0,0.43841726980200296,-0.052133335094538186,0.046231590409416545,fixed_share,1000,,,0.1338334293326349,0.07167328414642256,17.07420385153723,,,8.4288625630831,0.0152695,,,,,recurring,24
0.12128439735230062,0.09369688151082937,synthetic_recurring,,,,0.03649239803327411,30.389907915900853,1.0,0.22450292806045524,-0.004401618233132035,0.029042888836205538,passive_aggressive,1000,,,0.09729354626686716,0.04776177922564928,12.405789751972199,,,5.697925894933219,0.0087962,,,,,recurring,24
0.14582042841682102,0.08531300253927449,synthetic_recurring,,,,0.03442531483525384,16.48116037012289,1.0,0.5128739150087094,-0.01624374343689425,0.029061708925125385,dma,1000,,,0.06314977720466124,0.05091371772939199,11.622093741556206,,,5.375171362051009,0.001522,,,,,recurring,24
0.38400387050564744,0.32156406674422544,synthetic_recurring,,,,0.14840366112226686,75.25420441350444,1.0,0.4857569426536341,-0.13339751846045234,0.1361858737158459,ensemble_mean,1000,,,0.33167849673870436,0.17873940424532772,38.73191241896715,,,23.171759302867383,,,,,,recurring,24
0.4113917448129088,0.35618967173732624,synthetic_recurring,,,,0.13499875980503007,127.01470801861039,1.0,0.559664684993131,-0.13499875980503007,0.051430999990752624,oracle_best_member,1000,,,0.3650345226836757,0.18512716788516215,35.70403112243453,,,21.078716958408023,,true,8,0.18512716788516215,,recurring,24
0.5091896692128678,0.4335498958671054,synthetic_recurring,,,,0.18329099892174128,78.79979938148703,1.0,0.5799437187136195,0.18222044118734212,0.160575950094658,validation_best_member,1000,,,0.45035829956819695,0.236236787567039,43.2749445442152,,,28.619070966837867,,,,,4,recurring,24
0.06938799895312348,0.04741453266016516,synthetic_recurring,0.0240195,0.0001,cholesky,0.015339318073682818,10.37886326875961,1.0,0.19274013017203018,0.0021931197737231453,0.01011230953909072,adaptive_ridge,1000,110,quadratic,0.04674652124017683,0.02347760304552891,5.72327745376851,0.0182097,1,2.411800204428614,,,,,,recurring,25
0.1404757354826032,0.10689894407544434,synthetic_recurring,0.0001269,0.001,,0.0422719203960092,24.364100354867848,1.0,0.2368472129485856,0.010548910013398206,0.03358159241600675,static_ridge,1000,,,0.10881612011597586,0.054691880963129304,15.294711546875893,,,6.646411904555256,,,,,,recurring,25
0.12987423313563937,0.0722620962090165,synthetic_recurring,,,,0.02194410802713906,28.09263757578903,1.0,0.47935942183098057,0.0039056695095698313,0.013317199506343429,rolling_ridge,1000,,,0.057800560858118806,0.041302624287525194,8.166967746309226,,,3.4502709945534655,0.0088365,,,,,recurring,25
0.15407588440534908,0.10287969102192858,synthetic_recurring,,,,0.030918517262570163,26.435800577188257,1.0,0.4127500903459117,0.012395191218590545,0.018094935987490436,rls,1000,,,0.1005126232928564,0.049639443728435456,11.748309662773783,,,4.861316904460864,0.0032877,,,,,recurring,25
0.27441693008923823,0.22409958958919812,synthetic_recurring,,,,0.11118345533799974,74.46837900197085,1.0,0.37443406010435387,0.10469359852599366,0.10542667896975211,hedge,1000,,,0.2319334409936213,0.12990735410004361,30.771220373640823,,,17.481369055990033,0.0011041,,,,,recurring,25
0.7935167466213789,0.5211750505618021,synthetic_recurring,,,,0.152479881605596,96.06804682119014,1.0,1.387000845189331,-0.02532452944189174,0.0518797897308072,exp3,1000,,,0.49775061562641154,0.25111969530654904,37.11742174085926,,,23.974404068103002,0.0014388,,,,,recurring,25
0.17856690092886193,0.10675344649215723,synthetic_recurring,,,,0.03733706583521319,39.88373728862822,1.0,0.5013038964125196,0.02944015776359614,0.02780870348378134,fixed_share,1000,,,0.09450868711448593,0.05724898654804891,12.783496434733978,,,5.870504971705812,0.0013691,,,,,recurring,25
0.14493313384983886,0.11254860255932594,synthetic_recurring,,,,0.044369305710054895,26.665709353896993,1.0,0.23000430089657506,0.007656813248475157,0.03481634081136886,passive_aggressive,1000,,,0.11592778498492572,0.057566980689816555,15.772464190499658,,,6.976183691337593,0.0002539,,,,,recurring,25
0.21294504189280325,0.12359476639140429,synthetic_recurring,,,,0.03870731335749243,22.017418377113383,1.0,1.1362964946547403,0.0057546904393109295,0.025967427230012108,dma,1000,,,0.10116979511808423,0.07760326003587026,13.110906130685585,,,6.085948920287903,0.0018435,,,,,recurring,25
0.3375859407621596,0.2805501988222761,synthetic_recurring,,,,0.14225164263909806,91.59812435266691,1.0,0.4576568458917919,0.13459162752687207,0.13460021213084386,ensemble_mean,1000,,,0.2856378129007913,0.1644254792165104,37.92441504106149,,,22.366218573034132,,,,,,recurring,25
0.47777181528661683,0.3762393091528337,synthetic_recurring,,,,0.10886493667991987,82.48546824287205,1.0,0.6395215661079263,-0.10108660977538948,0.04469262911547317,oracle_best_member,1000,,,0.3995164855072789,0.17059465965059753,29.356904335374363,,,17.11682848471638,,true,9,0.17059465965059753,,recurring,25
0.47777181528661683,0.3762393091528337,synthetic_recurring,,,,0.10886493667991987,82.48546824287205,1.0,0.6395215661079263,-0.10108660977538948,0.04469262911547317,validation_best_member,1000,,,0.3995164855072789,0.17059465965059753,29.356904335374363,,,17.11682848471638,,,,,9,recurring,25
0.10181643178615114,0.07053692277825586,synthetic_recurring,0.0822994,0.0001,cholesky,0.026341627886985207,13.997972013166438,1.0,0.33920284116560817,0.002047005788409359,0.020271850829265015,adaptive_ridge,1000,310,quadratic,0.06774730784003262,0.0369213832076557,9.43761233887138,0.0269343,3,4.106445949773559,,,,,,recurring,26
0.22475540706854788,0.17222104990836262,synthetic_recurring,0.0001374,0.001,,0.06913830394241428,42.578601605815116,1.0,0.3760728096505562,-3.0008797939841637e-5,0.056454468793695874,static_ridge,1000,,,0.1723986774372726,0.08895882049033821,21.076809990884243,,,10.778100329130197,,,,,,recurring,26
0.1401116823077721,0.08995097681034254,synthetic_recurring,,,,0.031673924446617194,16.9125277506928,1.0,0.3446111731021744,-0.0020684152547669464,0.023515952027912596,rolling_ridge,1000,,,0.08668405392523726,0.04583763791392027,10.598641405627344,,,4.937707696550833,0.0075866,,,,,recurring,26
0.16800518275516374,0.09067661648516495,synthetic_recurring,,,,0.027730338682549104,18.440135720597564,1.0,0.40647454672529015,-0.001411650990224497,0.018055692361190673,rls,1000,,,0.07070730232040746,0.049734373856393566,10.217402460317242,,,4.322934689433713,0.0097532,,,,,recurring,26
0.22880590983727686,0.18666816489573979,synthetic_recurring,,,,0.08036168634872523,60.80763705152369,1.0,0.3223343286844492,0.0020424757098985234,0.06976636641686544,hedge,1000,,,0.193143380604086,0.09983367477600825,24.16682169163278,,,12.527734536358768,0.0012882,,,,,recurring,26
0.8172346985349506,0.5391331871280092,synthetic_recurring,,,,0.13916088835065413,125.41985337818934,1.0,1.7847994593271659,-0.04676691168752602,0.05249455717049195,exp3,1000,,,0.5440222710255501,0.2500888004906571,34.07174142990964,,,21.694052804412202,0.0018001,,,,,recurring,26
0.137360554025227,0.08968170329216237,synthetic_recurring,,,,0.03265485779746858,21.53366101512497,1.0,0.3483376027191808,-0.015355898054005635,0.025409771644339288,fixed_share,1000,,,0.08275966755626248,0.04667284249233093,11.109813730887335,,,5.090627242862991,0.0017163,,,,,recurring,26
0.21207177823538598,0.1527791225581824,synthetic_recurring,,,,0.056192813985007445,26.547523889264426,1.0,0.4000517562358578,-0.0009207831985802479,0.04168087884707325,passive_aggressive,1000,,,0.15537461229077076,0.07646075418620518,15.780694900900173,,,8.760003534524246,0.0003124,,,,,recurring,26
0.14772001120199799,0.09214088323214774,synthetic_recurring,,,,0.03249595014735727,19.503366150242304,1.0,0.5608118039187374,-0.018659765090150705,0.024111712240795197,dma,1000,,,0.07947034727886408,0.0520317533314098,11.808757519080924,,,5.06585483020166,0.00246,,,,,recurring,26
0.2960649831638202,0.2531438527525151,synthetic_recurring,,,,0.11980090635064407,81.42607001815763,1.0,0.36213645314782894,0.028594154837073255,0.11033367864555368,ensemble_mean,1000,,,0.2564754636403982,0.1430568438905057,32.76056357268587,,,18.67598877235176,,,,,,recurring,26
0.4301638738237564,0.32150452799709034,synthetic_recurring,,,,0.08819146851183683,89.12171033535422,1.0,0.5964719040584547,-0.041845530133258604,0.03843099884086104,oracle_best_member,1000,,,0.3398153672101619,0.1433546048970097,26.48254440379197,,,13.748334014464856,,true,6,0.1433546048970097,,recurring,26
0.4301638738237564,0.32150452799709034,synthetic_recurring,,,,0.08819146851183683,89.12171033535422,1.0,0.5964719040584547,-0.041845530133258604,0.03843099884086104,validation_best_member,1000,,,0.3398153672101619,0.1433546048970097,26.48254440379197,,,13.748334014464856,,,,,6,recurring,26
0.044619593856464836,0.03431447224137274,synthetic_recurring,0.0350001,0.0,cholesky,0.013699587007122831,5.08876738261176,1.0,0.08277787448934293,0.00021978567147500847,0.010886725506047433,adaptive_ridge,1000,210,quadratic,0.034386202803013646,0.01775801590406711,5.168529064360481,0.0045149,2,2.144960306795692,,,,,,recurring,27
0.12851444634688447,0.1028685708688784,synthetic_recurring,0.0001424,0.001,,0.0426890801851341,16.84147400413918,1.0,0.23472918582721597,0.005006980276326031,0.03428943727821601,static_ridge,1000,,,0.10774323653468831,0.05408628278373959,13.881241354603576,,,6.683879045632762,,,,,,recurring,27
0.11369954274630295,0.06353808111456083,synthetic_recurring,,,,0.019630522921597407,7.696661384357957,1.0,0.3172621191352458,0.0003767251688833598,0.01254657201225129,rolling_ridge,1000,,,0.051049612929317055,0.035302331595387454,6.881195394098137,,,3.0735738563926702,0.0038413,,,,,recurring,27
0.11421457210743419,0.06118204703105832,synthetic_recurring,,,,0.018219681821535307,7.10241910606795,1.0,0.35499180297071264,0.0013731550806178488,0.01171331018726468,rls,1000,,,0.04710238193340605,0.03454900480390273,6.507738356871606,,,2.8526768207918334,0.0289885,,,,,recurring,27
0.1996443552471026,0.1550754269180085,synthetic_recurring,,,,0.0643554336491286,26.584835466211903,1.0,0.31062071642496014,-0.038461286841833135,0.053466355597894366,hedge,1000,,,0.1556242542921262,0.0820917624984582,20.509674602032096,,,10.076205263139215,0.0011935,,,,,recurring,27
0.8712552180319499,0.5072181515651633,synthetic_recurring,,,,0.12269152882355859,50.979941828063566,1.0,2.1616867545699083,0.03952612834792425,0.037840877006587365,exp3,1000,,,0.5255010287382226,0.2466598277450537,28.930808019788614,,,19.209955684779654,0.0538055,,,,,recurring,27
0.12505744638692232,0.08102152846892201,synthetic_recurring,,,,0.029603297729144086,12.181262168665816,1.0,0.30737764460430717,-0.0062098425068682125,0.022869785843739887,fixed_share,1000,,,0.07110281567431459,0.04243472040988392,10.659494830642085,,,4.635022832896687,0.0026127,,,,,recurring,27
0.1326453066704868,0.1060629109236442,synthetic_recurring,,,,0.043971489172809075,16.261713546628656,1.0,0.2572272480558393,-0.0013925064186618367,0.036609304849163304,passive_aggressive,1000,,,0.1075914646097621,0.0560022627234709,14.008354526352887,,,6.88466731568869,0.0002529,,,,,recurring,27
0.1497066350572613,0.09755950907819542,synthetic_recurring,,,,0.038784370493183964,14.192287938545938,1.0,0.7350393553431889,0.03623086139100195,0.03130568508555931,dma,1000,,,0.0797206265681,0.060340686600485374,12.901633661468027,,,6.072514097591713,0.00326,,,,,recurring,27
0.2862250984219264,0.24401158436295026,synthetic_recurring,,,,0.10451624698455454,38.85557705698172,1.0,0.3805150331190914,-0.07502965072064018,0.08763642531268345,ensemble_mean,1000,,,0.2562018118046022,0.1301396928980292,29.557974070898553,,,16.364230621008122,,,,,,recurring,27
0.3103543643404793,0.24622790157590382,synthetic_recurring,,,,0.06953520094045004,24.891062676808293,1.0,0.46272824570117255,0.05770713177445416,0.029463158247876597,oracle_best_member,1000,,,0.26135043215571035,0.11043875915878383,20.95701751872541,,,10.887207465800252,,true,7,0.11043875915878383,,recurring,27
0.3103543643404793,0.24622790157590382,synthetic_recurring,,,,0.06953520094045004,24.891062676808293,1.0,0.46272824570117255,0.05770713177445416,0.029463158247876597,validation_best_member,1000,,,0.26135043215571035,0.11043875915878383,20.95701751872541,,,10.887207465800252,,,,,7,recurring,27
0.1164961478799983,0.08408272273010425,synthetic_recurring,0.0742927,0.0,cholesky,0.031151240071325265,56.67023202922308,1.0,0.21886743875955095,-0.004932973252090226,0.022803458510540497,adaptive_ridge,1000,310,quadratic,0.08504189685497131,0.04232273451685918,10.8820796434071,0.045187,3,4.853544281685193,,,,,,recurring,28
0.20514214043477597,0.1635433951345986,synthetic_recurring,0.0001466,0.0,,0.06853921276764435,133.3436146464757,1.0,0.2819778085594602,-0.020993339941305082,0.05841332760965169,static_ridge,1000,,,0.1677048082352017,0.08630674838924038,21.084192422675475,,,10.678807759753264,,,,,,recurring,28
0.21842887805896083,0.1162677671554197,synthetic_recurring,,,,0.03422554974694311,43.97513914720908,1.0,0.9159129617726811,-0.004754194425180221,0.020512001339680536,rolling_ridge,1000,,,0.089877342155114,0.06675313514571388,11.967816480119422,,,5.332539599754714,0.0029238,,,,,recurring,28
0.22545958261036753,0.11730450130778328,synthetic_recurring,,,,0.033949775143317186,40.174618588952335,1.0,1.1949774941978157,-0.0031759994883572857,0.021102542054864663,rls,1000,,,0.0878349499247842,0.07118951213899208,11.446392287179735,,,5.289572313463768,0.0098003,,,,,recurring,28
0.280573933275449,0.2212257816334013,synthetic_recurring,,,,0.0913430232578634,212.69740849703993,1.0,0.39103231341338685,-0.044949060350967754,0.07661397935873365,hedge,1000,,,0.23007964974314857,0.11573171278893808,25.703271702988804,,,14.231773990054826,0.001954,,,,,recurring,28
0.8829956746814227,0.5207228566154399,synthetic_recurring,,,,0.1390182087176382,763.8852838265885,1.0,1.474055717690271,-0.06807673907486572,0.062413905993249114,exp3,1000,,,0.5198141181455619,0.24995409808344698,30.504150198868082,,,21.65984501505293,0.0014411,,,,,recurring,28
0.18485830327607636,0.12107263022390245,synthetic_recurring,,,,0.04522983018862926,45.7410463798702,1.0,0.47344417412495043,-0.029974391699173177,0.03540546837961957,fixed_share,1000,,,0.11037726556963867,0.06375000500678381,15.21239077952747,,,7.047070459184921,0.0090035,,,,,recurring,28
0.22776359797159923,0.1678978683106883,synthetic_recurring,,,,0.06278278038011063,180.35182969619956,1.0,0.3760613488557053,-0.0014608449894208304,0.046578505518794625,passive_aggressive,1000,,,0.1756327103624006,0.08457907025247219,19.45092253950502,,,9.781922132296662,0.0002879,,,,,recurring,28
0.19501669979821273,0.12597143075111794,synthetic_recurring,,,,0.0436257944777576,43.99620647465811,1.0,0.5349825518889926,-0.037473854967697735,0.03187419561635596,dma,1000,,,0.12006695394908208,0.06496219896998198,13.995754057097107,,,6.79715237135617,0.0018631,,,,,recurring,28
0.3938027180502741,0.3172997332246103,synthetic_recurring,,,,0.13137785653716227,346.3272149842881,1.0,0.5548973691186503,-0.05832430562851675,0.10728880413141817,ensemble_mean,1000,,,0.3402141605289572,0.16579775594033916,33.88782717632554,,,20.469433732847037,,,,,,recurring,28
0.3612498749263995,0.2891573839691297,synthetic_recurring,,,,0.09535048809701734,60.792858044450284,1.0,0.5823257139457675,-0.07751805861975061,0.05014585430263102,oracle_best_member,1000,,,0.29828182693703326,0.13845501520826628,24.765790262404053,,,14.856160306926819,,true,5,0.13845501520826628,,recurring,28
0.3612498749263995,0.2891573839691297,synthetic_recurring,,,,0.09535048809701734,60.792858044450284,1.0,0.5823257139457675,-0.07751805861975061,0.05014585430263102,validation_best_member,1000,,,0.29828182693703326,0.13845501520826628,24.765790262404053,,,14.856160306926819,,,,,5,recurring,28
0.06010940024331349,0.04183366968600668,synthetic_recurring,0.013718900000000001,0.001,cholesky,0.015350220217709813,15.822825481085617,1.0,0.2467680404146002,0.00024034011742175742,0.011382596057407879,adaptive_ridge,1000,110,quadratic,0.03951398422421448,0.02250974530661975,6.75170726281883,0.0009446,1,2.4124299790524577,,,,,,recurring,29
0.1343500658588812,0.10125656840279175,synthetic_recurring,0.0001869,0.001,,0.03936955619161819,48.30054256251285,1.0,0.2239703108099267,0.0006679346281264705,0.03183702902413882,static_ridge,1000,,,0.10484545324769998,0.05146723711847848,14.996315610601991,,,6.187292186797048,,,,,,recurring,29
0.15128382964516507,0.07911371782796726,synthetic_recurring,,,,0.02280834894099303,16.795242352605804,1.0,0.47842526950523095,0.000953359415120946,0.013996256426768827,rolling_ridge,1000,,,0.05907997807596805,0.04589309969329859,8.859941525518968,,,3.5845443242865884,0.0036134,,,,,recurring,29
0.16143362915358764,0.08208046435342496,synthetic_recurring,,,,0.022831526093995313,20.304786069852717,1.0,0.5220685182196507,0.0014360628758781054,0.013201556681062404,rls,1000,,,0.06084799390050452,0.04853085920220278,8.875177438380256,,,3.5881868296017427,0.0116135,,,,,recurring,29
0.18510842480184705,0.1493529221312088,synthetic_recurring,,,,0.06463704508432003,51.11135163146854,1.0,0.3190505446019348,0.0032130117072359833,0.05681946332471418,hedge,1000,,,0.15405230679792115,0.08016837673770816,21.329218127132783,,,10.158313242886058,0.0011666,,,,,recurring,29
0.6943692131637096,0.4287254805716632,synthetic_recurring,,,,0.11187928442463131,114.8205924880848,1.0,1.5554859459019856,0.05801872074704155,0.040603770903834324,exp3,1000,,,0.4373256611096138,0.20496949878079934,28.258655052449377,,,17.58287086132666,0.0013693,,,,,recurring,29
0.130229968810363,0.08084133893107687,synthetic_recurring,,,,0.028206917948353488,27.75067876051932,1.0,0.37402247002167555,0.007701302872200733,0.021444007532875786,fixed_share,1000,,,0.07041194163677528,0.043232763764027564,10.622706101225976,,,4.432979690856393,0.0012037,,,,,recurring,29
0.15154205285828257,0.11310637819613246,synthetic_recurring,,,,0.04484624832722156,53.831021345975316,1.0,0.22624066343327692,0.0014137818981046762,0.03714239859981194,passive_aggressive,1000,,,0.11419110843964454,0.05812275029510136,16.78850793946707,,,7.048005330099535,0.0002594,,,,,recurring,29
0.20014293664234128,0.12122797541435941,synthetic_recurring,,,,0.0385099725577187,22.970161337650975,1.0,0.6789691582729181,0.01785566979983474,0.026549396708673623,dma,1000,,,0.11561167493023113,0.062216160108151355,13.190036036124326,,,6.052200618173849,0.002358,,,,,recurring,29
0.235115385545969,0.1894291328804597,synthetic_recurring,,,,0.08285371294194604,63.59925626032954,1.0,0.3845608170685296,0.011919254754297236,0.07350405815598815,ensemble_mean,1000,,,0.19673307807189788,0.1026464130676804,25.841858385193518,,,13.021232147950142,,,,,,recurring,29
0.30784298554764733,0.24837624845476242,synthetic_recurring,,,,0.07338444326853848,105.4532981501669,1.0,0.4439139302516225,0.06764863121849335,0.03210323843135898,oracle_best_member,1000,,,0.26625380453879705,0.11307888082617311,22.58191185267356,,,11.533048283753507,,true,6,0.11307888082617311,,recurring,29
0.30784298554764733,0.24837624845476242,synthetic_recurring,,,,0.07338444326853848,105.4532981501669,1.0,0.4439139302516225,0.06764863121849335,0.03210323843135898,validation_best_member,1000,,,0.26625380453879705,0.11307888082617311,22.58191185267356,,,11.533048283753507,,,,,6,recurring,29
0.08542909091530616,0.05948245529074061,synthetic_recurring,0.0061857,0.0,cholesky,0.021442920218755986,17.427260192916837,1.0,0.22345173028248555,0.0020418225501607234,0.01603327287801748,adaptive_ridge,1000,110,quadratic,0.05810739816984638,0.03017119268564886,8.776208034167173,0.0009889,1,3.3755350183180544,,,,,,recurring,30
0.16267558626458356,0.12197399916781108,synthetic_recurring,0.0001585,0.001,,0.04768838789721338,31.945157516852845,1.0,0.28140596055091927,0.005851806345315826,0.03839537664786272,static_ridge,1000,,,0.1257618376799232,0.0623759481838329,16.95501885074223,,,7.5070849339529735,,,,,,recurring,30
0.18268541931353838,0.10306693037177406,synthetic_recurring,,,,0.03182430359896348,24.50557703471307,1.0,0.90889656055183,0.003301244335765823,0.020378101441798885,rolling_ridge,1000,,,0.08519754144247489,0.0591326675474167,11.914534353875062,,,5.009767799160274,0.010286,,,,,recurring,30
0.18828893239705977,0.10395644949374963,synthetic_recurring,,,,0.029893009351237794,21.607532575882573,1.0,0.8727119560571189,0.0027822873261122167,0.017240594445225077,rls,1000,,,0.0822606145180541,0.06088598911555517,10.523675841237134,,,4.705744312742971,0.0082166,,,,,recurring,30
0.25085670424035045,0.19631106156035436,synthetic_recurring,,,,0.0816715821150752,50.920682843904395,1.0,0.4678789972271673,0.02346814400297033,0.07006608458466779,hedge,1000,,,0.20282502882705145,0.1032936553572199,24.264849471836055,,,12.856704339632563,0.0010951,,,,,recurring,30
0.9489835233163874,0.6617465455226987,synthetic_recurring,,,,0.20301752684822144,101.20302791498897,1.0,2.1412122802268168,-0.019249622286379445,0.10292059275707513,exp3,1000,,,0.6469140949967405,0.3182954052559333,44.04105525401456,,,31.95892929774911,0.0015247,,,,,recurring,30
0.16592730818706908,0.1075808994147018,synthetic_recurring,,,,0.03909018824049961,25.913294923452707,1.0,0.6645118251479505,0.01045615006659912,0.029825773413476198,fixed_share,1000,,,0.09798613055900389,0.058114546826208986,13.2661435991592,,,6.153560146301108,0.0013491,,,,,recurring,30
0.17560377854810214,0.13808527745634558,synthetic_recurring,,,,0.056773666992274124,41.08921994378101,1.0,0.30842667706157756,-9.566938148848778e-5,0.04645519814406163,passive_aggressive,1000,,,0.14124859960169767,0.0725017957328854,18.691825438546218,,,8.937285551392462,0.0002332,,,,,recurring,30
0.22683876124141844,0.13105882306842484,synthetic_recurring,,,,0.05403922061094746,26.642545130955934,1.0,0.5714377937806372,0.02268065558279724,0.047339662670094096,dma,1000,,,0.10211483350445665,0.07703328066590161,16.27063076236258,,,8.506830211274766,0.0015582,,,,,recurring,30
0.3372750667331696,0.2661243480431064,synthetic_recurring,,,,0.11054989871310279,58.64799098269425,1.0,0.5085396406093772,0.03981284131601187,0.09197502912935918,ensemble_mean,1000,,,0.2748490943850034,0.13996373536526646,29.795997589562624,,,17.402716167884048,,,,,,recurring,30
0.6962771889788969,0.535097146891329,synthetic_recurring,,,,0.173406041749422,70.68688543571933,1.0,0.8974851936634685,-0.055309614939540196,0.09197602654471504,oracle_best_member,1000,,,0.5753409448833704,0.2539599963839522,40.61817399904231,,,27.297502408328924,,true,5,0.2539599963839522,,recurring,30
0.6962771889788969,0.535097146891329,synthetic_recurring,,,,0.173406041749422,70.68688543571933,1.0,0.8974851936634685,-0.055309614939540196,0.09197602654471504,validation_best_member,1000,,,0.5753409448833704,0.2539599963839522,40.61817399904231,,,27.297502408328924,,,,,5,recurring,30
0.9942145403872834,0.6188928296829622,synthetic_variance_burst,0.0060732,1.0e-6,cholesky,0.10928830601110491,158.17350675304266,1.0,1.8600139656158623,-0.02187049425075469,0.01443320109629287,adaptive_ridge,1000,110,quadratic,0.7034449816381593,0.27362915398245014,24.073769535734442,0.0009304,1,16.973640881853957,,,,,,variance_burst,1
0.968061207411899,0.6163126385416768,synthetic_variance_burst,0.000148,0.0,,0.10885556884624682,169.507668031,1.0,1.7720160884711278,-0.021162577399105726,0.014476036408734239,static_ridge,1000,,,0.7281421782650146,0.2677486035311286,24.586303738423602,,,16.906432179471963,,,,,,variance_burst,1
0.1680728814210888,0.119797296996131,synthetic_variance_burst,,,,0.04317628489512195,69.63300349728725,1.0,0.8215313101988709,-0.006769325745151161,0.03152451163658787,rolling_ridge,1000,,,0.11429702264886876,0.06382534527983932,14.606723240537367,,,6.705738071811168,0.0041704,,,,,variance_burst,1
0.15930890824984079,0.11563527618725604,synthetic_variance_burst,,,,0.04187107982825815,68.16410164393945,1.0,0.820332128819645,-0.00615678215367272,0.03068881221707176,rls,1000,,,0.11278436676075626,0.06128712817925532,14.407378354407975,,,6.50302578821267,0.0120356,,,,,variance_burst,1
0.4003964038315155,0.26407400854259694,synthetic_variance_burst,,,,0.08971175908480757,108.34243224657155,1.0,0.8006887811635819,0.023271008292886617,0.06466244395796616,hedge,1000,,,0.2886295328441146,0.12953826945899044,26.477748797724274,,,13.93319410980893,0.0058928,,,,,variance_burst,1
0.8816183582378606,0.5014039125729394,synthetic_variance_burst,,,,0.18266318651813343,205.68753513170267,1.0,2.3479844091178257,-0.09851768842413777,0.14639933029579677,exp3,1000,,,0.4132444180888149,0.28366211430210997,42.01673261429854,,,28.369543306663232,0.0015723,,,,,variance_burst,1
0.259148472161938,0.1804421826784109,synthetic_variance_burst,,,,0.06657209619117711,40.0987084885158,1.0,0.5234500934471553,-0.033402219584784176,0.04942403315387178,fixed_share,1000,,,0.1764812939504076,0.09095890152913633,20.975661576865296,,,10.339357381808629,0.0078523,,,,,variance_burst,1
0.30023091557375947,0.18195627152445754,synthetic_variance_burst,,,,0.05446761965913796,90.57750793315925,1.0,0.8989112425259356,-0.0023791484409601982,0.03328234699803345,passive_aggressive,1000,,,0.1620147570688723,0.09394646726433556,17.462864253830187,,,8.459402927241598,0.0003929,,,,,variance_burst,1
0.27306445467088897,0.23265000009555586,synthetic_variance_burst,,,,0.1279306150725858,176.31349420036787,1.0,0.36911804021987693,-0.1215885169299438,0.12831388498008478,dma,1000,,,0.23390696769427613,0.14394473192250798,35.265323111212744,,,19.86899053789086,0.00196,,,,,variance_burst,1
0.4782987393837518,0.31975811561023715,synthetic_variance_burst,,,,0.11164881139362492,156.6167638245772,1.0,0.9903387707210937,0.04816623227744629,0.08346417735242435,ensemble_mean,1000,,,0.34883491819071927,0.15787457661045992,31.387594027476993,,,17.34025257275625,,,,,,variance_burst,1
0.2485692542061958,0.2270121213098591,synthetic_variance_burst,,,,0.14998027339674116,196.81463061973216,1.0,0.28516625637840376,-0.14993268805033602,0.15074228790900146,oracle_best_member,1000,,,0.22872773027499227,0.15822154571823094,39.1512280563281,,,23.293537917404326,,true,10,0.15822154571823094,,variance_burst,1
0.2485692542061958,0.2270121213098591,synthetic_variance_burst,,,,0.14998027339674116,196.81463061973216,1.0,0.28516625637840376,-0.14993268805033602,0.15074228790900146,validation_best_member,1000,,,0.22872773027499227,0.15822154571823094,39.1512280563281,,,23.293537917404326,,,,,10,variance_burst,1
1.1838949820817541,0.7003420628638747,synthetic_variance_burst,0.006950700000000001,0.0,cholesky,0.12184729131839356,104.0212943280491,1.0,2.419295452115888,0.002253169031148097,0.014807304654658737,adaptive_ridge,1000,110,quadratic,0.7968554209155542,0.31929839147949324,26.003030796157375,0.0010356,1,19.200363560982204,,,,,,variance_burst,2
0.9690938098273005,0.6060706484308037,synthetic_variance_burst,0.0001653,0.0,,0.10750536391188113,85.94542075612159,1.0,1.5975098147464188,0.00680333603419443,0.014501235070061763,static_ridge,1000,,,0.694670444497661,0.2653809871937681,24.929741506864822,,,16.940401789237146,,,,,,variance_burst,2
0.2329400544280537,0.16418197807700166,synthetic_variance_burst,,,,0.05817115641608089,94.72105523234734,1.0,0.9432039823507496,0.019363957336756884,0.04027277478545943,rolling_ridge,1000,,,0.15647015043397272,0.08693883702371313,18.87361104892879,,,9.166452038995075,0.0095716,,,,,variance_burst,2
0.23257951567400986,0.1607307191515676,synthetic_variance_burst,,,,0.05635941214156431,90.87763609785218,1.0,0.9322586390505989,0.012736770090597187,0.04037513349950471,rls,1000,,,0.1571007934762583,0.08424458757756263,18.457701051559535,,,8.880962321711594,0.0123394,,,,,variance_burst,2
0.5017041674356227,0.3296112013560577,synthetic_variance_burst,,,,0.11670621564746456,144.69948135485868,1.0,0.8953422260431114,-0.06467486324884418,0.08769151117594702,hedge,1000,,,0.3481367358659908,0.1646839296230276,33.46419141190247,,,18.39024689028477,0.0011487,,,,,variance_burst,2
0.8483727966327363,0.587227419154183,synthetic_variance_burst,,,,0.2560849094189526,209.59558770465253,1.0,3.9378663639591927,-0.2054673797765697,0.22660102218075173,exp3,1000,,,0.5177649906685743,0.3401199795323312,57.86402124149548,,,40.35316099458378,0.0015923,,,,,variance_burst,2
0.4960295386973148,0.32748538240292063,synthetic_variance_burst,,,,0.11698180889977895,144.9878288682373,1.0,0.8830462206026699,-0.0659052594517912,0.08795634319962659,fixed_share,1000,,,0.34576217239395274,0.16399833591596072,33.550494203757374,,,18.433674122701145,0.0014868,,,,,variance_burst,2
0.3406691484218722,0.2115323561341792,synthetic_variance_burst,,,,0.06256121963351148,43.56011116710746,1.0,0.8934701042599116,0.0027063392567255526,0.03772362978546917,passive_aggressive,1000,,,0.20284602697312065,0.1029537641918883,20.201292764581,,,9.858226217299181,0.0002963,,,,,variance_burst,2
0.4984921950620274,0.4279879273288834,synthetic_variance_burst,,,,0.2156361865843285,197.90541640851242,1.0,0.8454561377811095,-0.20802599840889055,0.20688385675246163,dma,1000,,,0.45084136824219306,0.2506092575342057,52.21827151197748,,,33.97936166265765,0.0018476,,,,,variance_burst,2
0.5033564632246325,0.3303982172964989,synthetic_variance_burst,,,,0.11684271775346228,144.1190979078008,1.0,0.8976000518429641,-0.06475420862017857,0.08749464642705418,ensemble_mean,1000,,,0.3492996396613431,0.1650196947299916,33.49483520093255,,,18.411756519539864,,,,,,variance_burst,2
0.520734810975677,0.4463469797860043,synthetic_variance_burst,,,,0.22249769966593852,189.46593405248794,1.0,0.6417335520487482,-0.21150471144709945,0.21294345444857987,oracle_best_member,1000,,,0.46587739132311556,0.25907768429711014,53.513613581257985,,,35.06058016427452,,true,6,0.25907768429711014,,variance_burst,2
0.520734810975677,0.4463469797860043,synthetic_variance_burst,,,,0.22249769966593852,189.46593405248794,1.0,0.6417335520487482,-0.21150471144709945,0.21294345444857987,validation_best_member,1000,,,0.46587739132311556,0.25907768429711014,53.513613581257985,,,35.06058016427452,,,,,6,variance_burst,2
0.560335671908662,0.2967415679623656,synthetic_variance_burst,0.0087792,0.0,cholesky,0.07326113686349765,38.87916195754465,1.0,1.5586010781207644,-0.01673386094427198,0.036579363258603885,adaptive_ridge,1000,110,quadratic,0.2720651363502094,0.15621646758132052,21.537137017276496,0.001565,1,11.443760953809736,,,,,,variance_burst,3
0.3165902779037511,0.19708362119585307,synthetic_variance_burst,0.000195,0.0,,0.05758178514160129,29.303690010428628,1.0,0.752304247197711,-0.009240540821394774,0.03521484119222784,static_ridge,1000,,,0.20952653510882024,0.09395629383513987,19.83355002264224,,,8.994566732999216,,,,,,variance_burst,3
0.11839403285964403,0.0920537859185389,synthetic_variance_burst,,,,0.035855159850996784,26.69337027031021,1.0,0.18738320095738753,-0.012241284991502191,0.028211647185139826,rolling_ridge,1000,,,0.09547850208828697,0.0467310819429072,14.018950217517565,,,5.600757725886238,0.0116527,,,,,variance_burst,3
0.11684242025330277,0.08659620639005168,synthetic_variance_burst,,,,0.03236597959203319,21.739178721201018,1.0,0.2183988921507034,-0.009121381482582734,0.024771443833968176,rls,1000,,,0.08791560003847204,0.04363756523014299,13.552260632679108,,,5.055730082065629,0.0047733,,,,,variance_burst,3
0.4506192999585432,0.29893640012241024,synthetic_variance_burst,,,,0.09659513411625728,56.767759991764066,1.0,0.9391541216465508,0.00028924073795103656,0.0638959789218454,hedge,1000,,,0.32121018432784854,0.14409126756296842,28.09298793366825,,,15.088649609509554,0.0009555,,,,,variance_burst,3
1.5836841785310594,0.8709873055736,synthetic_variance_burst,,,,0.2511968859198862,151.3729835634528,1.0,3.3487891889594623,-0.09203865397969695,0.1923116286807745,exp3,1000,,,0.9062545571637783,0.4372900286952848,50.64142228568652,,,39.23822694923098,0.0083152,,,,,variance_burst,3
0.3745350467330749,0.23587490090725746,synthetic_variance_burst,,,,0.07544210376361447,42.69078189879354,1.0,0.8926531127649624,-0.025033987239984765,0.05074903848004286,fixed_share,1000,,,0.24329761882801926,0.11612468499656123,23.209287951892613,,,11.784439039376599,0.0015341,,,,,variance_burst,3
0.18333328139097005,0.12540560579958915,synthetic_variance_burst,,,,0.046280600898461005,25.0133617556432,1.0,0.46908950342710753,-0.005739694935457224,0.03585882081937056,passive_aggressive,1000,,,0.1273405192004259,0.06450910132396437,15.751876504908974,,,7.229264466199473,0.0002911,,,,,variance_burst,3
0.27069665045593116,0.22388622731511337,synthetic_variance_burst,,,,0.18272298013936142,113.77312820916103,1.0,2.6831050769915077,-0.1797354764316117,0.19488687862736967,dma,1000,,,0.20183671559126862,0.20428826540621536,46.290566572770324,,,28.542255758038007,0.0016724,,,,,variance_burst,3
0.4533900371045421,0.30353204223179814,synthetic_variance_burst,,,,0.10238999561291462,59.00665657213219,1.0,0.9063651638473313,-0.006554632852779881,0.07382973608283327,ensemble_mean,1000,,,0.31944101344349474,0.14800494176250703,29.186698647089223,,,15.9938363506291,,,,,,variance_burst,3
0.2028282328077752,0.20124199656106237,synthetic_variance_burst,,,,0.19577170687767065,117.92924084592057,1.0,0.20743312430386074,-0.19577170687767065,0.19577362600828407,oracle_best_member,1000,,,0.20158186241867154,0.19580365163128413,49.78068587386579,,,30.580533021234533,,true,10,0.19580365163128413,,variance_burst,3
1.9627063808167031,1.2087121727535033,synthetic_variance_burst,,,,0.27766231706425537,164.49849189342555,1.0,3.3487891889594623,-0.08170136790494963,0.11728409009447799,validation_best_member,1000,,,1.3640049080244385,0.5449347268137582,49.432093070581026,,,43.37226145268097,,,,,4,variance_burst,3
1.755446677940684,1.030014309122536,synthetic_variance_burst,0.0084879,0.0001,cholesky,0.1808965065916356,62.127995760814315,1.0,3.4433668002627438,0.015364714155617968,0.024541698728535344,adaptive_ridge,1000,110,quadratic,1.0788746973615255,0.47377770802094454,31.179340829641824,0.0009276,1,28.118351126519745,,,,,,variance_burst,4
1.3510692884126727,0.8574105149401038,synthetic_variance_burst,0.0001204,0.0001,,0.152319997648128,60.55195153296531,1.0,2.35408519699276,0.01165863689388266,0.023895197575400713,static_ridge,1000,,,0.9449146005880252,0.37446777202844744,29.61625998230085,,,23.676450464183617,,,,,,variance_burst,4
0.3210685406213124,0.2007452422905728,synthetic_variance_burst,,,,0.055825551820425014,23.44637825963274,1.0,0.778495377854745,0.004891815471360769,0.029132582642987626,rolling_ridge,1000,,,0.19145670042098925,0.09884582042449945,17.273074194139582,,,8.67746148056911,0.0028426,,,,,variance_burst,4
0.28324361598595266,0.17981182449466415,synthetic_variance_burst,,,,0.05207804995096424,22.94106720371171,1.0,0.8425155461721127,0.001118482773213404,0.027772479712603715,rls,1000,,,0.16857867371724874,0.09099263879724995,16.110209477391596,,,8.094953971727813,0.0031807,,,,,variance_burst,4
0.3515841346397845,0.2379369402553289,synthetic_variance_burst,,,,0.0805169682820407,34.846645195410105,1.0,0.7480500316476995,-0.014248249295113476,0.05680866338031368,hedge,1000,,,0.2484028405871315,0.11625128735731007,24.33490595328243,,,12.515467702801722,0.0011327,,,,,variance_burst,4
1.621770142907191,0.9076940819599667,synthetic_variance_burst,,,,0.27135736699349683,119.51195251149937,1.0,3.0046558464649076,-0.018387701780852594,0.1656003350330098,exp3,1000,,,0.9387302635884266,0.4532792090456684,52.5629358057201,,,42.17948632427504,0.0069642,,,,,variance_burst,4
0.3598810059151464,0.2627229876370798,synthetic_variance_burst,,,,0.09760874753791228,42.18523506782762,1.0,0.7941012725776218,-0.021943421982912124,0.0740408463677106,fixed_share,1000,,,0.2646013028547057,0.1324178976005631,26.59475489398912,,,15.172194798026815,0.0015079,,,,,variance_burst,4
0.39440807461260546,0.24414044436521698,synthetic_variance_burst,,,,0.07916643601543638,25.9659080058919,1.0,1.0462339412828001,-0.003400174951778376,0.05218838279242666,passive_aggressive,1000,,,0.22050923074299916,0.12466089711387748,22.343849654512663,,,12.30554247430739,0.0002944,,,,,variance_burst,4
0.38858323372204284,0.3055113319437236,synthetic_variance_burst,,,,0.12270777819002304,55.36246990337265,1.0,0.5671505626689873,-0.026509798688067986,0.0989018116510007,dma,1000,,,0.3174459193201371,0.15686384271260542,31.545804484040374,,,19.073560115183056,0.0014975,,,,,variance_burst,4
0.4688237795440282,0.30650858931264935,synthetic_variance_burst,,,,0.09129654630893683,37.83561904393723,1.0,0.8580320599599336,-0.0042809700652135345,0.05809076144474146,ensemble_mean,1000,,,0.3290683062102649,0.1437763246862499,26.311962519872356,,,14.191033282629215,,,,,,variance_burst,4
0.4397380319394537,0.35181389148581593,synthetic_variance_burst,,,,0.15022542688050536,70.74348653899969,1.0,0.6187575802708881,-0.059782098983178655,0.12462512582695082,oracle_best_member,1000,,,0.3626364805632703,0.18760610676475525,36.34431047793138,,,23.35087272134576,,true,7,0.18760610676475525,,variance_burst,4
1.8092254821608196,1.1402319017461748,synthetic_variance_burst,,,,0.30963725303390804,128.32909749828752,1.0,3.1858332900434094,0.16265384260014396,0.16423623756050465,validation_best_member,1000,,,1.3382661336945016,0.5171770885767702,56.490675591484155,,,48.1296690947875,,,,,4,variance_burst,4
2.536899814167765,1.5335850667672482,synthetic_variance_burst,0.0080686,1.0e-6,cholesky,0.24913204727163665,104.63269618313784,1.0,4.866298733545792,0.0037200181516262743,0.006877658602915782,adaptive_ridge,1000,110,quadratic,1.7913377958063776,0.6865863071077505,30.47589082704625,0.001044,1,39.08489761380842,,,,,,variance_burst,5
2.175588128478366,1.3282526481179964,synthetic_variance_burst,0.0001667,1.0e-6,,0.2160518862014075,91.14342926095541,1.0,4.725060758495248,-0.0023164299414853056,0.006922407172533396,static_ridge,1000,,,1.4399276849352305,0.5934382179783625,29.15892728208498,,,33.89514092598869,,,,,,variance_burst,5
0.2990195552737305,0.1884172817407256,synthetic_variance_burst,,,,0.06159373592794307,21.931216944346517,1.0,3.3113420118546117,-0.009202729362990205,0.042563479576159385,rolling_ridge,1000,,,0.16212195745421268,0.13481954891832748,17.60826644939228,,,9.663087863484536,0.009484,,,,,variance_burst,5
0.2847768808314288,0.18155602197705134,synthetic_variance_burst,,,,0.060010387444847664,21.873071134028617,1.0,3.323256717452401,-0.005735462250043002,0.042492591740552976,rls,1000,,,0.15834401461307743,0.13286914854993662,17.071526974358036,,,9.414685403718742,0.0288196,,,,,variance_burst,5
0.4947230194041087,0.32266721786917374,synthetic_variance_burst,,,,0.0954105431643779,45.56422400041736,1.0,0.944919220864668,-0.03197074660772266,0.05879230484457895,hedge,1000,,,0.3525919231670841,0.1511296675714697,28.803038383902305,,,14.968412742145492,0.023838,,,,,variance_burst,5
1.933240788673488,1.1886147242047937,synthetic_variance_burst,,,,0.2640107091751003,147.994570478564,1.0,4.431050455246325,-0.07346089688061894,0.05236255643431742,exp3,1000,,,1.2865705330788213,0.5429954799895377,45.35776305099312,,,41.41912552023784,0.0018829,,,,,variance_burst,5
0.6285970565503536,0.355644992554694,synthetic_variance_burst,,,,0.09979216866589902,45.484816610696875,1.0,2.8740052036086103,-0.0552372968170155,0.049587970018053984,fixed_share,1000,,,0.313539986802006,0.19947204112369224,28.271708954351343,,,15.655820829481117,0.0016003,,,,,variance_burst,5
0.4618628642741564,0.26116677538519967,synthetic_variance_burst,,,,0.07877382521637112,30.740362586455895,1.0,2.634548516447116,-0.00016065818168616212,0.04976993620001907,passive_aggressive,1000,,,0.20382411393340533,0.16227662797700435,23.02146531928832,,,12.358373508940494,0.0002705,,,,,variance_burst,5
0.5529410273303775,0.40871338617281133,synthetic_variance_burst,,,,0.15598275627383057,71.18233700298173,1.0,2.9770034034554675,-0.10514954894237129,0.11291535306222442,dma,1000,,,0.3840745676541476,0.22361461797293203,37.71885004804313,,,24.47123975116303,0.0015374,,,,,variance_burst,5
0.5001474524638408,0.32676892786265876,synthetic_variance_burst,,,,0.09973957967729442,47.18069146980705,1.0,0.9667503886860862,-0.03520079401379974,0.06239128376297903,ensemble_mean,1000,,,0.364075438387695,0.15430698919148866,29.755784699081804,,,15.647570444764522,,,,,,variance_burst,5
0.48192615223062174,0.3920881753980476,synthetic_variance_burst,,,,0.1709333060084742,83.31234031785011,1.0,0.8032518814486473,-0.12011693631155107,0.14563691228482095,oracle_best_member,1000,,,0.3926738043033347,0.21274891448988967,41.86346691532095,,,26.816745727002303,,true,6,0.21274891448988967,,variance_burst,5
2.0213794198198785,1.2312281704498083,synthetic_variance_burst,,,,0.23222326231606366,101.9045303063766,1.0,4.431050455246325,-0.047101581325656026,0.047075905520505223,validation_best_member,1000,,,1.3563765620821675,0.5522143255120345,38.332203140495544,,,36.43217534864798,,,,,2,variance_burst,5
0.22433924748375758,0.1347989843562224,synthetic_variance_burst,0.021726799999999998,0.0,cholesky,0.024571337425533465,9.855913594381342,1.0,0.44735383834931364,0.001807134042900551,0.0044269457346127195,adaptive_ridge,1000,110,quadratic,0.14905999084956995,0.06081776270680254,8.686929671204844,0.0008707,1,3.851389350225186,,,,,,variance_burst,6
0.2058172273182673,0.12367659965341422,synthetic_variance_burst,0.0001257,0.0,,0.022566396053846322,9.172885129776581,1.0,0.41498837799787197,0.002211875818032072,0.004407366447933509,static_ridge,1000,,,0.13968648379777798,0.05578785373681781,8.175369539945718,,,3.5371284814326893,,,,,,variance_burst,6
0.0832052720455761,0.06036105664688012,synthetic_variance_burst,,,,0.02290688682603011,8.095472249065239,1.0,0.18632806061471263,-0.017548682964615616,0.01809013216019386,rolling_ridge,1000,,,0.06014935920751848,0.03126722388756041,7.169130082533367,,,3.590498084850201,0.0081741,,,,,variance_burst,6
0.07717614307369587,0.055453109124300716,synthetic_variance_burst,,,,0.01919326693773191,7.2242859561507595,1.0,0.16643226173192954,-0.01211665595090511,0.0130031634312609,rls,1000,,,0.05689445395412257,0.027433345888180586,6.59065209587547,,,3.0084135266969483,0.0107279,,,,,variance_burst,6
0.45803122210910047,0.3233524376535188,synthetic_variance_burst,,,,0.11560022997095382,48.841419415769096,1.0,0.6938084457373702,0.02334385341300358,0.08329105228576217,hedge,1000,,,0.35247344702024874,0.15914902202238576,31.98504846208663,,,18.11954664425629,0.0022811,,,,,variance_burst,6
0.6599407567767482,0.30173550159556367,synthetic_variance_burst,,,,0.08641707272890564,34.692191653320236,1.0,2.429709945314249,-0.030414000908007083,0.04978942214783427,exp3,1000,,,0.3561495192195743,0.18832263218083517,21.802451567165566,,,13.545286030701952,0.0015474,,,,,variance_burst,6
0.09137207992238135,0.07296422600117851,synthetic_variance_burst,,,,0.033987061229532926,12.521741613912146,1.0,0.13903574520143014,-0.030970802278129036,0.03162007589054397,fixed_share,1000,,,0.0744903645663711,0.04074015404204193,11.56524103993206,,,5.327239758990552,0.0069553,,,,,variance_burst,6
0.099237981454608,0.057792527569258956,synthetic_variance_burst,,,,0.016079321354975487,8.10416194414164,1.0,0.19662903766102272,-0.0022540729160826062,0.008987779984043862,passive_aggressive,1000,,,0.05988628261979071,0.028286598834086796,6.328216453519119,,,2.520323820918612,0.0002712,,,,,variance_burst,6
0.05756198179569747,0.05554188633527204,synthetic_variance_burst,,,,0.049375654115148396,20.630288928736505,1.0,0.060456804064669384,-0.04931476711806994,0.049404644656797836,dma,1000,,,0.055970700125276274,0.04953624285986089,15.890200721989515,,,7.739296609140772,0.0015054,,,,,variance_burst,6
0.4811174520352051,0.3391897781875644,synthetic_variance_burst,,,,0.1207110197609666,51.48330803756416,1.0,0.7254045012324236,0.023892480525484105,0.0875962226050312,ensemble_mean,1000,,,0.37548005407585416,0.166216314968184,33.003737717427256,,,18.92062804359601,,,,,,variance_burst,6
0.05756217636632151,0.055542022628156,synthetic_variance_burst,,,,0.04940940139299644,20.692208399530223,1.0,0.060456884280462884,-0.04940940139299644,0.049404697718250734,oracle_best_member,1000,,,0.05597068632386709,0.049564585881279835,15.89453167813669,,,7.744586264492131,,true,8,0.049564585881279835,,variance_burst,6
0.05756217636632151,0.055542022628156,synthetic_variance_burst,,,,0.04940940139299644,20.692208399530223,1.0,0.060456884280462884,-0.04940940139299644,0.049404697718250734,validation_best_member,1000,,,0.05597068632386709,0.049564585881279835,15.89453167813669,,,7.744586264492131,,,,,8,variance_burst,6
0.5339528160413962,0.31636748333410336,synthetic_variance_burst,0.0278259,0.01,cholesky,0.0959773491415493,48.91678527032855,1.0,0.9444357031675031,0.0003562116400180974,0.061545624054665904,adaptive_ridge,1000,110,quadratic,0.31832106791513265,0.15558869774113343,27.26172200499241,0.0013197,1,14.957103315648109,,,,,,variance_burst,7
0.5195566170389097,0.31825469325847305,synthetic_variance_burst,0.0001816,0.001,,0.0952523597985159,48.01925022299836,1.0,1.0113240049168282,0.0036508201969626653,0.06118310797279308,static_ridge,1000,,,0.36798032338523956,0.15319862265185796,27.426022675941645,,,14.844121027603231,,,,,,variance_burst,7
0.2896469953970675,0.21342032502200084,synthetic_variance_burst,,,,0.08421029816980151,40.669339377441915,1.0,0.7767766739783084,-0.024033097126901756,0.06801443208405311,rolling_ridge,1000,,,0.21496470282664462,0.11095501804577486,25.912518938131292,,,13.12332692278942,0.007712,,,,,variance_burst,7
0.2832484184639523,0.2073012475990354,synthetic_variance_burst,,,,0.08216778863242115,41.71815303081234,1.0,0.6755001509338732,-0.017655088184787237,0.06536946075035198,rls,1000,,,0.20243095927277116,0.10766685849641919,25.680425106485174,,,12.805022380654808,0.0033319,,,,,variance_burst,7
0.4344118245199347,0.2867684763107995,synthetic_variance_burst,,,,0.10158956478845911,50.80545204282546,1.0,0.9081526464648946,-0.0036856792482220877,0.0765673423200163,hedge,1000,,,0.29975393281972695,0.14340778625746461,28.89357767992769,,,15.831710605923726,0.0012926,,,,,variance_burst,7
0.8113856625017819,0.5578131937039337,synthetic_variance_burst,,,,0.24048576793974638,113.07504703683516,1.0,2.9085575958425336,-0.13717425257839086,0.20963950663563513,exp3,1000,,,0.4997221090353674,0.3168326271743269,54.40130517078029,,,37.47728510101773,0.0025368,,,,,variance_burst,7
0.38857179355528215,0.2645746547917626,synthetic_variance_burst,,,,0.09731261961639698,43.888793961069815,1.0,0.8392484771051165,-0.028092398789263832,0.07321749833201208,fixed_share,1000,,,0.27627896623135306,0.13333132645634443,28.226310977992966,,,15.165191772198169,0.0015707,,,,,variance_burst,7
0.36548816465081946,0.24245996330623357,synthetic_variance_burst,,,,0.08429078067990453,38.736030804558105,1.0,0.8565359477948165,-0.008018662088586577,0.06103573300016618,passive_aggressive,1000,,,0.24359219579423752,0.12058057650127131,26.142405032505344,,,13.13586931148301,0.0003044,,,,,variance_burst,7
0.43236523747008704,0.3727454433618075,synthetic_variance_burst,,,,0.19003120412029567,91.52950846492132,1.0,0.55488388659934,-0.18136698733219506,0.18124497137398415,dma,1000,,,0.3796530097917092,0.22003933347216556,47.02625674984405,,,29.614449436735047,0.000975,,,,,variance_burst,7
0.45995050690749034,0.30463086333113965,synthetic_variance_burst,,,,0.10815064591259084,56.904668530919565,1.0,0.9181388382507873,0.01578736245483047,0.08075770924420983,ensemble_mean,1000,,,0.30844779075610934,0.15237978825398996,30.856947880341355,,,16.854189025193836,,,,,,variance_burst,7
0.48476785336102013,0.40902627059946944,synthetic_variance_burst,,,,0.19860766383209846,123.91965430971112,1.0,0.6876926569540238,-0.18212427462799063,0.18693693390529245,oracle_best_member,1000,,,0.4222622655632804,0.2357505196618863,48.432855358563344,,,30.951004312852113,,true,9,0.2357505196618863,,variance_burst,7
0.48476785336102013,0.40902627059946944,synthetic_variance_burst,,,,0.19860766383209846,123.91965430971112,1.0,0.6876926569540238,-0.18212427462799063,0.18693693390529245,validation_best_member,1000,,,0.4222622655632804,0.2357505196618863,48.432855358563344,,,30.951004312852113,,,,,9,variance_burst,7
0.4246682891426871,0.2548032651349777,synthetic_variance_burst,0.0060436,0.0001,cholesky,0.06609903101416918,59.093760840639675,1.0,0.8671914365793267,0.005732237965906765,0.03320829210658227,adaptive_ridge,1000,110,quadratic,0.2761765244910416,0.12012526362856228,20.851536726160166,0.0008892,1,10.330941711622575,,,,,,variance_burst,8
0.37232894357858876,0.23833676829406264,synthetic_variance_burst,0.0001307,0.0001,,0.06264200397273123,53.494103828031946,1.0,0.7357103255342166,0.004357740413878086,0.031658029401548396,static_ridge,1000,,,0.26655325318610334,0.10881575055141857,20.358087098984434,,,9.790626001806153,,,,,,variance_burst,8
0.12660320758443128,0.09647059095451689,synthetic_variance_burst,,,,0.03895579301370188,21.769159476598578,1.0,0.3298689568169346,0.006166705559108376,0.03130331401810654,rolling_ridge,1000,,,0.09615687884820796,0.05061541427513584,13.793691237666206,,,6.088591932131618,0.0065855,,,,,variance_burst,8
0.12689890123824873,0.09533966052608032,synthetic_variance_burst,,,,0.03834460304053896,21.899659288699493,1.0,0.30839789840430876,0.003267895138221037,0.03110160870733372,rls,1000,,,0.09380062653705959,0.04989410911569643,13.911240158430799,,,5.993066053906249,0.0032451,,,,,variance_burst,8
0.4667307093882731,0.30289332585369677,synthetic_variance_burst,,,,0.09385718986099291,61.19287754756181,1.0,0.8807491864951176,-0.008384825925950301,0.05949822285797823,hedge,1000,,,0.3343130339826313,0.14424570510786358,27.75906445019767,,,14.669400485806783,0.0009602,,,,,variance_burst,8
0.7926263180465063,0.45162904102862794,synthetic_variance_burst,,,,0.15502481553917538,124.74959148576572,1.0,2.804354466551324,0.07281963747941872,0.12012740623326151,exp3,1000,,,0.39903838436386085,0.2548834513238849,36.56563153791419,,,24.22958867350036,0.0019109,,,,,variance_burst,8
0.28957871392841406,0.19997375314365087,synthetic_variance_burst,,,,0.07334193232211672,44.54779053582148,1.0,0.4687805580065097,0.03277933321360449,0.05515290403677042,fixed_share,1000,,,0.19686224137019312,0.1004254468403767,22.14209768589421,,,11.462970276752387,0.0027562,,,,,variance_burst,8
0.2692121503264741,0.17547985051485332,synthetic_variance_burst,,,,0.054646997125723636,44.04475494046136,1.0,0.47035459671924096,0.010614923940629298,0.03582360371745369,passive_aggressive,1000,,,0.18698719990604182,0.08379567917265758,19.530923635154426,,,8.541047173596805,0.0003179,,,,,variance_burst,8
0.27795898885825165,0.2348329614686988,synthetic_variance_burst,,,,0.10879423370338696,67.04859974820161,1.0,0.5139102727392443,0.09569558642015508,0.09893071418244476,dma,1000,,,0.24045831507294735,0.13186388836387408,30.182548708051183,,,17.00398432027547,0.0042128,,,,,variance_burst,8
0.47742666528136646,0.309489129309606,synthetic_variance_burst,,,,0.09648176409418777,63.28282638342018,1.0,0.8815873070484836,-0.009613820247430092,0.06128564370555328,ensemble_mean,1000,,,0.34194235707401716,0.14762971145785253,28.417565915092304,,,15.079608063814247,,,,,,variance_burst,8
0.27814533173397143,0.2367500700503981,synthetic_variance_burst,,,,0.11127482328367815,67.86889647834516,1.0,0.36411594560610355,0.09915150442852973,0.10356974315498596,oracle_best_member,1000,,,0.24447553869504288,0.13392897046727867,30.5870232546394,,,17.39168783076949,,true,7,0.13392897046727867,,variance_burst,8
0.27814533173397143,0.2367500700503981,synthetic_variance_burst,,,,0.11127482328367815,67.86889647834516,1.0,0.36411594560610355,0.09915150442852973,0.10356974315498596,validation_best_member,1000,,,0.24447553869504288,0.13392897046727867,30.5870232546394,,,17.39168783076949,,,,,7,variance_burst,8
0.6202061671250846,0.37608156017485955,synthetic_variance_burst,0.0068308,0.0001,cholesky,0.0820376658069136,74.52233196413009,1.0,1.2786274587557123,-0.009352658450984984,0.030781440070626886,adaptive_ridge,1000,110,quadratic,0.42887791649782425,0.17181802259965384,23.587090995727525,0.0010008,1,12.876827266980747,,,,,,variance_burst,9
0.5542381553638738,0.3422338807981489,synthetic_variance_burst,0.0001525,0.0001,,0.07619744736716366,56.51733701154661,1.0,0.948855433211185,-0.005391542457352175,0.02943592146364922,static_ridge,1000,,,0.3862763194853961,0.1542143929824386,22.483301702465965,,,11.960132681507083,,,,,,variance_burst,9
0.17659366822504438,0.13237153526348455,synthetic_variance_burst,,,,0.05332923942488215,41.45021369661978,1.0,0.38509244659103936,0.027058915364170242,0.04465854389353788,rolling_ridge,1000,,,0.13026505132359198,0.0700548964654048,16.96389007173674,,,8.370684338702818,0.0033791,,,,,variance_burst,9
0.16357322128573157,0.12268129113612194,synthetic_variance_burst,,,,0.04895463596712175,42.034096693084685,1.0,0.35159145571813744,0.018095426558551984,0.039930303225651886,rls,1000,,,0.12321838717079663,0.06418076953174445,16.387117942708546,,,7.68403616882802,0.0032038,,,,,variance_burst,9
0.4364864852501946,0.31030387445471147,synthetic_variance_burst,,,,0.12519974906428358,96.02577161732805,1.0,0.6800049549361806,0.08176361168671663,0.107437627407584,hedge,1000,,,0.32474119307657606,0.16147311307729278,34.21322750338531,,,19.651650576755568,0.0008937,,,,,variance_burst,9
1.1143993980168636,0.5688716423645042,synthetic_variance_burst,,,,0.18680454205976876,120.87271642964481,1.0,3.120677518631501,0.08845818743048883,0.1321484656545241,exp3,1000,,,0.4602376930568519,0.32666921750946876,41.47624413467989,,,29.32128549893928,0.001672,,,,,variance_burst,9
0.23732774944580887,0.19138070144640915,synthetic_variance_burst,,,,0.09913436196037802,73.02690426548246,1.0,0.3973422256436956,0.0906645883526815,0.09610312498647289,fixed_share,1000,,,0.19512076450984092,0.11354809476292717,28.552449052369344,,,15.560365383757135,0.0014712,,,,,variance_burst,9
0.21185349649252372,0.14299499398465856,synthetic_variance_burst,,,,0.052512610882630706,27.290470472041616,1.0,0.5739639821661774,0.0054991300932649735,0.039347594454837126,passive_aggressive,1000,,,0.13274268988019133,0.07374848709949408,17.012218726213852,,,8.242504379211917,0.0002768,,,,,variance_burst,9
0.20305189967863424,0.18195225126070738,synthetic_variance_burst,,,,0.122387281624454,87.03833998158667,1.0,0.2680877271266875,0.12233435805247717,0.12274364836059304,dma,1000,,,0.18444196508622546,0.12862886634041718,34.2550083920962,,,19.210198993991973,0.0015528,,,,,variance_burst,9
0.44405982628200946,0.31611959956924424,synthetic_variance_burst,,,,0.1272583751972457,99.65676983584407,1.0,0.6775762772662624,0.08134480379633331,0.10931940113838995,ensemble_mean,1000,,,0.3313823058772584,0.1642892335642517,34.501134648546525,,,19.974777433921854,,,,,,variance_burst,9
0.20417373425052054,0.18300667719046704,synthetic_variance_burst,,,,0.12390878268629726,87.38901008013686,1.0,0.2695575452052452,0.12390816928812273,0.12436292642524027,oracle_best_member,1000,,,0.18600082208886315,0.1299158581226245,34.69038531962409,,,19.449017421688293,,true,10,0.1299158581226245,,variance_burst,9
0.20417373425052054,0.18300667719046704,synthetic_variance_burst,,,,0.12390878268629726,87.38901008013686,1.0,0.2695575452052452,0.12390816928812273,0.12436292642524027,validation_best_member,1000,,,0.18600082208886315,0.1299158581226245,34.69038531962409,,,19.449017421688293,,,,,10,variance_burst,9
0.5333446403345563,0.3087117938552506,synthetic_variance_burst,0.0092832,0.0001,cholesky,0.0819786384951134,64.57669459388981,1.0,0.9444163529882504,0.003810381025831608,0.043772262602642,adaptive_ridge,1000,110,quadratic,0.3483347733111989,0.14821348166840537,25.1732887046414,0.0015744,1,12.703515920315308,,,,,,variance_burst,10
0.4392415412771494,0.28043993897295766,synthetic_variance_burst,0.0001905,0.0,,0.07717888659634478,47.73692909295474,1.0,0.8072182542423751,0.001956318122617072,0.04302427112869486,static_ridge,1000,,,0.3024616364651549,0.1300555742937862,24.653914262412925,,,11.959740154105122,,,,,,variance_burst,10
0.19310237295256427,0.1466158376180375,synthetic_variance_burst,,,,0.05959062851060435,26.79099217270054,1.0,0.35347601234291104,0.016872156976861525,0.05018055878529812,rolling_ridge,1000,,,0.14775193214970195,0.07685379028782856,19.71147590789764,,,9.23424091790914,0.0030273,,,,,variance_burst,10
0.19026990148302517,0.14311552865366342,synthetic_variance_burst,,,,0.05727618815688965,26.041724702937906,1.0,0.34540364215350855,0.011434282714785596,0.046896229089391506,rls,1000,,,0.1462187055107395,0.07458295950589003,18.961301094106446,,,8.875592245282217,0.0033627,,,,,variance_burst,10
0.45075926528753313,0.3028300536906057,synthetic_variance_burst,,,,0.1062956988389345,102.85042850974648,1.0,0.7205292005452881,-0.03946323548592922,0.08041371096202934,hedge,1000,,,0.3041031595282349,0.14932364248516594,31.029746427820793,,,16.471719063032943,0.00115,,,,,variance_burst,10
1.768696536370889,1.1135429827486933,synthetic_variance_burst,,,,0.3182426011339905,226.7456907224883,1.0,3.0917224525804805,-0.128095872449501,0.1989850374557705,exp3,1000,,,1.255991776967408,0.5191458432522706,60.07662174912945,,,49.315285350453664,0.0015797,,,,,variance_burst,10
0.44331804735530894,0.2991723025873917,synthetic_variance_burst,,,,0.10576080149420085,101.65293638237291,1.0,0.7163298948898422,-0.040168747134557176,0.08006904658093367,fixed_share,1000,,,0.30159635800655704,0.14781228848750796,30.93426079037898,,,16.388830678213484,0.0088448,,,,,variance_burst,10
0.21594535584298596,0.1599101385868866,synthetic_variance_burst,,,,0.06102687802746722,34.28379174747384,1.0,0.4667144769614521,0.004802772581529913,0.04853728496867615,passive_aggressive,1000,,,0.16107560282856542,0.08108733108215802,19.59120523817189,,,9.456804001877657,0.0002912,,,,,variance_burst,10
0.4318101261417362,0.33811863230309314,synthetic_variance_burst,,,,0.14513587277839982,117.90097986673346,1.0,1.0762224947560326,-0.1123852403245727,0.1241810219431137,dma,1000,,,0.3492164389834639,0.18232407389434313,37.546559990808966,,,22.490442684763067,0.0016229,,,,,variance_burst,10
0.45166693705071315,0.3033666366437738,synthetic_variance_burst,,,,0.10644649873760363,103.06803937071054,1.0,0.722594668567357,-0.03947057452000511,0.08054385662449759,ensemble_mean,1000,,,0.30509001663180285,0.14957608521135543,31.058368750678095,,,16.49508721050028,,,,,,variance_burst,10
0.5501333362154104,0.46430773352230353,synthetic_variance_burst,,,,0.22264378048252614,181.69306943748643,1.0,0.7112401827214936,-0.19468936268429018,0.20897606928048734,oracle_best_member,1000,,,0.4853391379622486,0.2634319943404634,52.38482692062645,,,34.5011683755586,,true,8,0.2634319943404634,,variance_burst,10
1.9667050245121518,1.3004915594617712,synthetic_variance_burst,,,,0.33254653816325785,214.98578626131112,1.0,3.1574978729909278,-0.15148408186401133,0.17119200124583228,validation_best_member,1000,,,1.4889829632093403,0.5804898701816423,58.100009613221786,,,51.53184194507577,,,,,1,variance_burst,10
1.2347239211169119,0.674052097078853,synthetic_variance_burst,0.3578865,0.001,cholesky,0.1592627356309714,72.9667745695929,1.0,3.5726444397269175,0.02310353475658192,0.07347227674028955,adaptive_ridge,1000,110,quadratic,0.6919970211121366,0.33972097522836725,35.11962654443818,0.3509147,1,24.86776193032405,,,,,,variance_burst,11
0.6033820606172472,0.38785267333278256,synthetic_variance_burst,0.0001289,0.0,,0.11314795475260148,50.2154975926438,1.0,0.9474213247676436,0.01581737070886914,0.07037440247175047,static_ridge,1000,,,0.43838499414719945,0.1806440849348721,32.10044064910502,,,17.66726152569987,,,,,,variance_burst,11
0.3044139222600733,0.21505276651062188,synthetic_variance_burst,,,,0.08058804111805236,33.86491048235258,1.0,0.6929288691614857,0.015099915143591255,0.06214859760327793,rolling_ridge,1000,,,0.20693870288300847,0.11055075178483402,27.003872932307797,,,12.583258808253012,0.0050321,,,,,variance_burst,11
0.29792879403239303,0.20915825241381011,synthetic_variance_burst,,,,0.07695843838072283,33.52278411080662,1.0,0.6399035100093043,0.00907844818352327,0.056878301586591684,rls,1000,,,0.2040796111553491,0.10658677575282542,25.176651544035114,,,12.016521734348258,0.0035145,,,,,variance_burst,11
0.3059926799851945,0.23632639843938053,synthetic_variance_burst,,,,0.0962272588962974,36.13351619637808,1.0,0.5500656172196177,0.03988400772855062,0.08029654021061244,hedge,1000,,,0.2408165067338126,0.12324087730263546,28.769064077776434,,,15.025213248788557,0.0029828,,,,,variance_burst,11
1.4854852768133293,0.8315289395415297,synthetic_variance_burst,,,,0.2518511511907383,102.170379162303,1.0,2.866225168879431,0.0011533127280937239,0.16596483144624613,exp3,1000,,,0.7443347536298136,0.42808621533419655,48.563992508018906,,,39.32479525029197,0.001701,,,,,variance_burst,11
0.34286107219598655,0.24730418196639717,synthetic_variance_burst,,,,0.09314173625142451,35.98986727346396,1.0,0.620682631125056,0.024221959320373077,0.07238356500899329,fixed_share,1000,,,0.25722366673549657,0.12495094043387134,26.97111093520903,,,14.543430474812384,0.0015454,,,,,variance_burst,11
0.33243955235574246,0.23477446567550692,synthetic_variance_burst,,,,0.08887013023238305,31.620363766076352,1.0,0.8195394713555371,0.0066220559485612295,0.06797286847003854,passive_aggressive,1000,,,0.23244087168354918,0.12069848802079423,27.617527971674384,,,13.876449080069818,0.0002914,,,,,variance_burst,11
0.4622566179538646,0.36561417397397405,synthetic_variance_burst,,,,0.14976308943786915,59.45566253661134,1.0,0.8122226625710462,-0.05020526413943647,0.1268706411372151,dma,1000,,,0.37478570491345203,0.19017827471351897,37.466104529148126,,,23.38445863896431,0.0015862,,,,,variance_burst,11
0.44535461306347257,0.30593869087554854,synthetic_variance_burst,,,,0.11235647973499151,46.30103470725892,1.0,0.6867767366226378,0.03965612740715451,0.08523939052526996,ensemble_mean,1000,,,0.30905498199915277,0.15331537886468793,32.159296581616104,,,17.543678239039963,,,,,,variance_burst,11
0.4947172854012349,0.40138956412383686,synthetic_variance_burst,,,,0.16945887308698268,70.9161482739492,1.0,0.7561507218027954,-0.09234018216100902,0.14742584389798555,oracle_best_member,1000,,,0.4162104793567386,0.21195350617618985,42.24503209992354,,,26.459817459575174,,true,6,0.21195350617618985,,variance_burst,11
1.8750679216408184,1.1549642149751542,synthetic_variance_burst,,,,0.3005976186346269,141.83209820083718,1.0,2.866225168879431,0.10587684365519305,0.15950951804001118,validation_best_member,1000,,,1.294367983517616,0.5318247756354539,53.5924530997526,,,46.93621510024196,,,,,1,variance_burst,11
1.0165540159603694,0.596497218353754,synthetic_variance_burst,0.0060285,0.001,cholesky,0.13674370510300593,82.23883715345778,1.0,2.0139358377429675,0.011811129121406489,0.05468300088731834,adaptive_ridge,1000,110,quadratic,0.6871125935899683,0.2777366511446698,33.92427401341145,0.0009017,1,21.634525681655763,,,,,,variance_burst,12
0.8523104927773667,0.5092903699137231,synthetic_variance_burst,0.0001294,0.001,,0.12278999559659519,71.8874447371484,1.0,1.537071512528097,0.012696573138264255,0.05770607778999498,static_ridge,1000,,,0.5453409180972472,0.23719526622558382,32.41208464389772,,,19.426878269707938,,,,,,variance_burst,12
0.36903467172768606,0.26658014828150967,synthetic_variance_burst,,,,0.09757818152882618,55.42577723415663,1.0,0.7016020652631763,-0.010698366957107795,0.07206169513451646,rolling_ridge,1000,,,0.25748732700284327,0.13294567427424034,29.735679441545916,,,15.438061098786564,0.0097885,,,,,variance_burst,12
0.3675874062214983,0.26171010357809554,synthetic_variance_burst,,,,0.09394924965999274,53.204365650334104,1.0,0.7053882376653926,-0.007927854292068078,0.0672646714851565,rls,1000,,,0.2530233980918289,0.13037229513997092,28.94273378732865,,,14.863919717623052,0.008655,,,,,variance_burst,12
0.45668954539898815,0.3100264648768105,synthetic_variance_burst,,,,0.10760582920189406,60.04082428435904,1.0,0.7900488222898722,0.039823993799493314,0.07811952767714336,hedge,1000,,,0.32162735616141064,0.15227446739024775,31.277707810242937,,,17.024557537113754,0.0011953,,,,,variance_burst,12
1.91205057337506,1.1877976913304076,synthetic_variance_burst,,,,0.33230530346907583,198.2362015031258,1.0,4.038849564891265,0.06442028444618716,0.19944306520480337,exp3,1000,,,1.2838995436828662,0.5613739518032531,59.78419629660369,,,52.574761058555644,0.00186,,,,,variance_burst,12
0.5666020786306162,0.3536358661562777,synthetic_variance_burst,,,,0.115092875814408,79.39685850622116,1.0,1.1466969896688755,0.042631007799377355,0.08040545275323639,fixed_share,1000,,,0.37255604109549734,0.17569911475836664,33.066655973261966,,,18.209099831738374,0.0014952,,,,,variance_burst,12
0.3533258071747798,0.24753895948818577,synthetic_variance_burst,,,,0.0894982760220461,48.76779240743227,1.0,0.6844639533403925,0.001551575605102787,0.06474039213741917,passive_aggressive,1000,,,0.2503534905730708,0.12379805788326044,29.21412675064487,,,14.159721280071627,0.000298,,,,,variance_burst,12
0.5810822138488897,0.405868821889026,synthetic_variance_burst,,,,0.14722479378865377,120.83851091422318,1.0,2.0314519856644804,0.02642817116019242,0.1128684531025583,dma,1000,,,0.40963363803738184,0.20669472961305446,40.63709798339695,,,23.29276203096743,0.0015011,,,,,variance_burst,12
0.49550321172823186,0.3338065776672487,synthetic_variance_burst,,,,0.11455161194622043,65.39145700214638,1.0,0.9012076095254822,0.05356612495474643,0.08107457479540028,ensemble_mean,1000,,,0.34443043212390656,0.1633676525723565,33.35937037328242,,,18.123465271463477,,,,,,variance_burst,12
0.9727306139890175,0.7993936852836366,synthetic_variance_burst,,,,0.338337633166394,251.01152469055438,1.0,1.4203277913061831,0.08254478367378625,0.292695444224892,oracle_best_member,1000,,,0.8322298886775386,0.42197072056112017,72.39114195082392,,,53.52914935495682,,true,7,0.42197072056112017,,variance_burst,12
2.0527949244192967,1.2956841966811885,synthetic_variance_burst,,,,0.32629432175974704,186.43880999741882,1.0,3.8534149810099296,-0.029459752557234167,0.16524355410840433,validation_best_member,1000,,,1.4447743355574525,0.5923693282929027,57.637647307994946,,,51.62375027480894,,,,,1,variance_burst,12
0.17846666009204973,0.09900893700226843,synthetic_variance_burst,0.0057897,0.0,cholesky,0.02078797919569811,11.528058088026452,1.0,0.38840995448154286,-0.0006667438881409712,0.007285535932010645,adaptive_ridge,1000,110,quadratic,0.10983353499438557,0.047313663287549275,8.067357787198983,0.0008752,1,3.222466433937226,,,,,,variance_burst,13
0.06256274983575845,0.03927084930426978,synthetic_variance_burst,0.0001231,0.0,,0.011241709580220341,5.634507778142262,1.0,0.10672667695762139,-0.0007576832599573463,0.006845358119448752,static_ridge,1000,,,0.04592767406789438,0.018330232562627054,4.595264308634164,,,1.7426432574950457,,,,,,variance_burst,13
0.01890913209736976,0.015081088723355635,synthetic_variance_burst,,,,0.006557852850916585,2.7709741892896504,1.0,0.04158866868518629,-0.0004693100629722522,0.005648512078985868,rolling_ridge,1000,,,0.015855560107365448,0.008143997114341116,2.6818433464836544,,,1.016571187215322,0.0159823,,,,,variance_burst,13
0.018835334272528356,0.014945422565685505,synthetic_variance_burst,,,,0.006547755949222481,2.773592811985911,1.0,0.04872122805613821,-0.0002767491564279262,0.005770086845036104,rls,1000,,,0.015306502896950585,0.008134586473314642,2.6609619274197995,,,1.0150060073346943,0.0106991,,,,,variance_burst,13
0.4748843672428147,0.3107822463695337,synthetic_variance_burst,,,,0.101025754110047,50.84525690241577,1.0,0.7817189434940568,0.03494642945743943,0.06797061529291831,hedge,1000,,,0.3275335999759904,0.14997676242577587,29.01886194554507,,,15.660593967218919,0.0010092,,,,,variance_burst,13
1.3287890524817199,0.7001042573990093,synthetic_variance_burst,,,,0.1959703079199558,100.87019946308828,1.0,3.8061604620096885,0.04077262045041967,0.10526905338058609,exp3,1000,,,0.6968000944499717,0.36808171912324766,42.10260028138041,,,30.378505451414203,0.0015728,,,,,variance_burst,13
0.20891029418081572,0.1472496176589766,synthetic_variance_burst,,,,0.07036769048940501,31.163453723060787,1.0,0.5701523508814814,0.0640085899168449,0.06570936374943526,fixed_share,1000,,,0.1343744657990438,0.08650756353837288,22.129351329873252,,,10.908107926272935,0.0014257,,,,,variance_burst,13
0.10409302144012644,0.057139016871621054,synthetic_variance_burst,,,,0.017478221185958907,7.190788856524177,1.0,0.6846844850679231,0.000401247727990931,0.011566805352651033,passive_aggressive,1000,,,0.04399255181189766,0.0369154380445279,6.272900830537365,,,2.7094014558345636,0.0002802,,,,,variance_burst,13
0.11974214418629378,0.11454504510834357,synthetic_variance_burst,,,,0.09840593346060156,41.861878686102806,1.0,0.14685783469922875,0.09840593346060156,0.09849625368764753,dma,1000,,,0.11477432162399938,0.09903970246969779,29.919893231670116,,,15.254480221082373,0.0015752,,,,,variance_burst,13
0.467334012531859,0.3091929291348735,synthetic_variance_burst,,,,0.10279442553582371,51.735700353665436,1.0,0.7195534300856146,0.027859848204622888,0.07087408054156857,ensemble_mean,1000,,,0.3209964324500427,0.1501120387874442,29.580498220915004,,,15.934766086046558,,,,,,variance_burst,13
0.11903036993105376,0.11461436540358795,synthetic_variance_burst,,,,0.10008145305168903,43.149324991940816,1.0,0.12541313955587313,0.10008145305168903,0.10004832620788723,oracle_best_member,1000,,,0.11488542147019704,0.1005266223952057,30.47562366253214,,,15.5142123283187,,true,6,0.1005266223952057,,variance_burst,13
0.11903036993105376,0.11461436540358795,synthetic_variance_burst,,,,0.10008145305168903,43.149324991940816,1.0,0.12541313955587313,0.10008145305168903,0.10004832620788723,validation_best_member,1000,,,0.11488542147019704,0.1005266223952057,30.47562366253214,,,15.5142123283187,,,,,6,variance_burst,13
1.0382157490219694,0.5858004885983097,synthetic_variance_burst,0.0073325,0.0001,cholesky,0.15128104290721806,82.45015780565019,1.0,2.4137191758910155,0.02029333749489545,0.08011316648730965,adaptive_ridge,1000,110,quadratic,0.6123743694030389,0.2903330720466657,36.127048982024206,0.0012257,1,23.58941264764388,,,,,,variance_burst,14
0.9367225766008985,0.5777831480630383,synthetic_variance_burst,0.0002884,0.0001,,0.15162536725528267,112.97074775716345,1.0,1.8526870144459626,0.02348780699390811,0.07944915867605612,static_ridge,1000,,,0.6355313473545746,0.26959709198292736,36.9925644218631,,,23.6431035065581,,,,,,variance_burst,14
0.24523054505712835,0.17149106263737052,synthetic_variance_burst,,,,0.058091501009905025,53.36780158186991,1.0,0.417854641839645,0.013378812103041697,0.03858578513431682,rolling_ridge,1000,,,0.17315869704170306,0.08300834586339247,23.639267837480872,,,9.058269048846489,0.0091465,,,,,variance_burst,14
0.2373438214302131,0.16615767923259495,synthetic_variance_burst,,,,0.056565797515992854,38.17671818127258,1.0,0.39696397457688715,0.01353002427082279,0.039556173674644646,rls,1000,,,0.17254958779341376,0.08078263125140334,23.669054880209316,,,8.820364493165183,0.0250128,,,,,variance_burst,14
0.5405884119751785,0.3719997653173021,synthetic_variance_burst,,,,0.14089230832258803,80.36964678810008,1.0,0.9700587296396694,0.09334248308257342,0.11213285978463816,hedge,1000,,,0.39609324181902833,0.19015053108589314,37.48650751477261,,,21.969486301988088,0.0012482,,,,,variance_burst,14
0.9451960547059909,0.5673775662128034,synthetic_variance_burst,,,,0.27889414440779614,139.05309598251415,1.0,3.022818219554344,0.21449264591868358,0.2482169022090826,exp3,1000,,,0.5495746501547502,0.34435394348544196,62.5678282765452,,,43.488258218063784,0.0014302,,,,,variance_burst,14
0.5328351729319527,0.3685670284611174,synthetic_variance_burst,,,,0.14053455805894655,79.8054466582956,1.0,0.9511756704793717,0.09392524285675395,0.11200564065123852,fixed_share,1000,,,0.394537035000854,0.18879972037857273,37.3543818121855,,,21.913701925891356,0.001315,,,,,variance_burst,14
0.32147525433757934,0.22915197385459748,synthetic_variance_burst,,,,0.08227969539669074,41.80061228019168,1.0,0.8394612777214913,0.010965670706412496,0.05791537211669123,passive_aggressive,1000,,,0.2259804385130865,0.11520505221539196,27.12141531802042,,,12.8299597222196,0.0002801,,,,,variance_burst,14
0.3770969800215219,0.31257343961030754,synthetic_variance_burst,,,,0.1941249659024476,94.32263673211047,1.0,0.6072750057292431,0.18710889832415176,0.20562142179982384,dma,1000,,,0.3103866852394137,0.21098076455818757,48.58353689374182,,,30.27011076788487,0.0017234,,,,,variance_burst,14
0.5405639239188567,0.37197880140664946,synthetic_variance_burst,,,,0.1408387495939399,80.35629932422042,1.0,0.9701996803113349,0.09318151842369721,0.1121458517324777,ensemble_mean,1000,,,0.3961814878279008,0.1901128421662823,37.4675281185145,,,21.96113483291646,,,,,,variance_burst,14
0.2705511685232915,0.2645907774712053,synthetic_variance_burst,,,,0.24813333709555152,121.35945406811864,1.0,0.2951301680290124,0.24813333709555152,0.24794193531769004,oracle_best_member,1000,,,0.2649710599637725,0.24835716408552808,59.44995511594273,,,38.691693076004086,,true,8,0.24835716408552808,,variance_burst,14
0.2705511685232915,0.2645907774712053,synthetic_variance_burst,,,,0.24813333709555152,121.35945406811864,1.0,0.2951301680290124,0.24813333709555152,0.24794193531769004,validation_best_member,1000,,,0.2649710599637725,0.24835716408552808,59.44995511594273,,,38.691693076004086,,,,,8,variance_burst,14
1.6977803615636038,1.0225273416867913,synthetic_variance_burst,0.0058588,0.0001,cholesky,0.17115502517908493,464.75133440877727,1.0,3.6683780461792086,-0.0194441557243623,0.011646367931340058,adaptive_ridge,1000,110,quadratic,1.096387443412863,0.466170455313236,28.811862052184505,0.0008851,1,26.779960934455758,,,,,,variance_burst,15
1.6867422334311168,1.0328363125508064,synthetic_variance_burst,0.0001237,1.0e-6,,0.1707189836017711,489.26995919758,1.0,3.6094071363300846,-0.02038708885344883,0.011360025597507817,static_ridge,1000,,,1.148617822169947,0.4631416309753988,28.301218419847682,,,26.711735205213838,,,,,,variance_burst,15
0.5352522398685806,0.3810409597856624,synthetic_variance_burst,,,,0.13772891603392481,231.22707361970112,1.0,1.4920253192404909,0.07979599052546038,0.10912680409701614,rolling_ridge,1000,,,0.3715581684116661,0.19739095950445437,39.13092273340721,,,21.549907676237844,0.041905,,,,,variance_burst,15
0.49374084102539173,0.3504864927950493,synthetic_variance_burst,,,,0.12151954743851576,242.9954789788448,1.0,1.431075197079649,0.05832491984631595,0.0921666996596214,rls,1000,,,0.3478768955470849,0.17730494560788448,35.81909586307875,,,19.01369083245514,0.0096762,,,,,variance_burst,15
0.5012072761023127,0.3882705084648681,synthetic_variance_burst,,,,0.19674224024308992,357.5066552363471,1.0,0.8914918130260737,0.18103690775094017,0.18671035562521227,hedge,1000,,,0.37060274855619024,0.22663739404288,50.66174134655817,,,30.783492931945165,0.0011307,,,,,variance_burst,15
1.8077674520340474,1.1293675433932209,synthetic_variance_burst,,,,0.2125385115923333,520.4423073639114,1.0,3.704213939088179,-0.012541890115270274,0.02002269009294344,exp3,1000,,,1.2308645109563636,0.5075527100632354,34.533241604354494,,,33.255074056718904,0.0015323,,,,,variance_burst,15
0.7380113235804603,0.5066708254670775,synthetic_variance_burst,,,,0.1041201326818445,247.78931239648415,1.0,1.7506377960946988,0.07127086645668902,0.014663793767077327,fixed_share,1000,,,0.5191585233727462,0.22597566336297797,26.99585813736575,,,16.29127209553225,0.0191628,,,,,variance_burst,15
0.9427114730221651,0.5441065644329703,synthetic_variance_burst,,,,0.1314190990632738,338.2917872990976,1.0,2.604481966257107,0.014416981192560506,0.056509200421607786,passive_aggressive,1000,,,0.525291256427807,0.26383063259587236,35.033254933819336,,,20.562635162323662,0.0002967,,,,,variance_burst,15
0.7798924645415102,0.6377239482985252,synthetic_variance_burst,,,,0.36515959577676815,296.1587005267403,1.0,3.2456875548963504,0.34582991598864904,0.4105071305723012,dma,1000,,,0.6183523540104262,0.42702566810332093,79.20331803402398,,,57.13510134751504,0.0027186,,,,,variance_burst,15
0.5192190766113096,0.39455392012098756,synthetic_variance_burst,,,,0.19013948248179946,359.0422989288264,1.0,0.8897228960895746,0.1701493954010128,0.17507716850012642,ensemble_mean,1000,,,0.3814464941028729,0.22357802112850553,49.14374791244517,,,29.75038511216588,,,,,,variance_burst,15
0.6030427732226502,0.5656824750594952,synthetic_variance_burst,,,,0.4536644546498774,447.7517439919835,1.0,0.6820450432852734,0.4536644546498774,0.4554776150323166,oracle_best_member,1000,,,0.5736065284961632,0.45950128822666203,92.44654446633804,,,70.9831122992906,,true,7,0.45950128822666203,,variance_burst,15
1.7411173156298088,1.0663939558008324,synthetic_variance_burst,,,,0.17997878665264377,499.6399824200427,1.0,3.704213939088179,-0.033215629809492435,0.01739512238268004,validation_best_member,1000,,,1.1742961281673288,0.47834278352874793,29.97946610142314,,,28.16058056458122,,,,,2,variance_burst,15
0.7038918056093999,0.42833734803963314,synthetic_variance_burst,0.0056836000000000005,0.0,cholesky,0.09812750246405769,45.527211317404145,1.0,1.6420027108834259,0.00151268060764251,0.040045032790031854,adaptive_ridge,1000,110,quadratic,0.46447316605208294,0.19626393291172706,26.325118432493035,0.000911,1,15.319737455721613,,,,,,variance_burst,16
0.6221692312772631,0.39064128022836825,synthetic_variance_burst,0.0001229,0.0,,0.09217596420370291,47.74905787528976,1.0,1.3520806688335447,0.006996596007252216,0.040105922790684034,static_ridge,1000,,,0.44802590469538556,0.17659110704365263,25.852513039485913,,,14.390578949524908,,,,,,variance_burst,16
0.23926523760484034,0.17137207964891782,synthetic_variance_burst,,,,0.06513059408866827,25.710611313339726,1.0,0.5792146518765592,0.023800741186380696,0.052156062321818186,rolling_ridge,1000,,,0.16347363536106202,0.0879542597145046,20.143578488263262,,,10.168235986022793,0.0110323,,,,,variance_burst,16
0.22693540085271735,0.16297203163709073,synthetic_variance_burst,,,,0.06194441731655447,25.60085126961254,1.0,0.5474681118430248,0.016206541824062948,0.048432055012326246,rls,1000,,,0.15592495742090465,0.08320852298624468,19.702677648431077,,,9.670807737971943,0.0096316,,,,,variance_burst,16
0.4439928679383254,0.3134177682712113,synthetic_variance_burst,,,,0.12231777755608171,60.748864969533365,1.0,0.8260968438503732,-0.07064669014670238,0.09539325938656541,hedge,1000,,,0.3163343163559415,0.16202858981330628,34.180630824933445,,,19.096340895998,0.002756,,,,,variance_burst,16
1.921765798117916,1.2351591277332579,synthetic_variance_burst,,,,0.3371470715975495,163.85820086921348,1.0,4.121688108453384,-0.08120304764730871,0.17916270742337193,exp3,1000,,,1.3218837401381525,0.567911593821559,58.17712112777879,,,52.6356474091622,0.0015607,,,,,variance_burst,16
0.47033428485865597,0.3019620911163723,synthetic_variance_burst,,,,0.09970841979888513,51.76670998619007,1.0,0.9995932017573099,-0.021660843977247345,0.06995480263594872,fixed_share,1000,,,0.3247009262713139,0.14876674467914877,29.558800982799045,,,15.566551426327118,0.0282399,,,,,variance_burst,16
0.25886242390273995,0.17863780506204774,synthetic_variance_burst,,,,0.06453534721069937,25.015545256868815,1.0,0.6970813443594377,0.005072623527671036,0.049415172240563535,passive_aggressive,1000,,,0.18490615225948875,0.09081809331208493,20.665767090168853,,,10.075305608067222,0.0059654,,,,,variance_burst,16
0.38270334029708225,0.3176621084447131,synthetic_variance_burst,,,,0.16829068588855894,72.84490186124827,1.0,1.1343449928521254,0.11018141095924115,0.16987576755748357,dma,1000,,,0.3105685787224578,0.19568188564222463,45.48396718512841,,,26.27366496972012,0.0016581,,,,,variance_burst,16
0.504098472508517,0.35255076663468526,synthetic_variance_burst,,,,0.13444533616927953,66.39955374715116,1.0,0.8372292971770584,-0.0806933304273042,0.10725685495860898,ensemble_mean,1000,,,0.3690948770850626,0.17949116741638096,36.42936786973897,,,20.9897042168582,,,,,,variance_burst,16
0.39747203725243835,0.37162286404829076,synthetic_variance_burst,,,,0.2934589123595349,136.3681963365341,1.0,0.4481475187991265,0.2934589123595349,0.2942797824239942,oracle_best_member,1000,,,0.375886340466397,0.29773894818202534,68.23993585387996,,,45.815020035146524,,true,8,0.29773894818202534,,variance_burst,16
1.990932284154759,1.2494940514552122,synthetic_variance_burst,,,,0.30929317967139125,150.9258268270765,1.0,4.121688108453384,-0.12376856504622281,0.16076071509425116,validation_best_member,1000,,,1.3936471767020204,0.56763424737798,53.516581952142474,,,48.28707742914986,,,,,5,variance_burst,16
0.6517598749044151,0.4019443753225371,synthetic_variance_burst,0.006666200000000001,0.0,cholesky,0.06439522319642958,31.169491551390884,1.0,1.058116073000471,-0.014688690555314847,0.0011503139182553745,adaptive_ridge,1000,110,quadratic,0.4735293666350787,0.17658512725863662,18.11418638184883,0.0009072,1,10.025952963440446,,,,,,variance_burst,17
0.6499275634821504,0.3958110182966404,synthetic_variance_burst,0.0001449,0.0,,0.06348198842240309,30.894569731539363,1.0,1.1720893204522955,-0.014545418828979181,0.0011158971110612759,static_ridge,1000,,,0.4596196459801248,0.17508919650630936,17.638402215388215,,,9.883767744809578,,,,,,variance_burst,17
0.0817230514703031,0.05512468423145402,synthetic_variance_burst,,,,0.018125763486371602,8.901954481076768,1.0,0.4512587629298099,-0.007046622185974483,0.012912978410393933,rolling_ridge,1000,,,0.05174554914840937,0.030374025677912427,7.7977783864170815,,,2.8220734880671086,0.0094849,,,,,variance_burst,17
0.07635518511711342,0.05244500262231713,synthetic_variance_burst,,,,0.017400549949008845,8.734346692933043,1.0,0.4599901076991732,-0.005078192221830811,0.012197972301509236,rls,1000,,,0.049191150280217324,0.029008901687260787,7.713336778114632,,,2.7091620568593906,0.011778,,,,,variance_burst,17
0.32631350328409864,0.23388165810796172,synthetic_variance_burst,,,,0.09012908333262848,38.54419763869626,1.0,0.6019111099774069,-0.04361114241639534,0.06995841299176742,hedge,1000,,,0.22500174261769307,0.12000981878831168,26.283757396411875,,,14.032561815563978,0.0011312,,,,,variance_burst,17
0.6193747722356562,0.36595853365239583,synthetic_variance_burst,,,,0.15099870805360965,66.05881997442619,1.0,1.4941808836280002,-0.09593161199904318,0.12359600270732077,exp3,1000,,,0.409064130884055,0.19938721056203712,38.79434025355718,,,23.50960008117039,0.0007636,,,,,variance_burst,17
0.22672379451195254,0.17898376546072517,synthetic_variance_burst,,,,0.07944859013861416,36.72352075245753,1.0,0.3694847740917334,-0.06664618870295043,0.07122756202424552,fixed_share,1000,,,0.18386037787591858,0.09740608123170075,24.29576740381099,,,12.369672596857603,0.0012727,,,,,variance_burst,17
0.09373950940369466,0.06698971261196486,synthetic_variance_burst,,,,0.024486509455995054,12.761363113744137,1.0,0.20817465582744532,-0.001340124893276339,0.01886847087700455,passive_aggressive,1000,,,0.06688920808305361,0.033949030549583765,10.452952091911797,,,3.812403775599585,0.0002665,,,,,variance_burst,17
0.14476936906545565,0.1336873038633756,synthetic_variance_burst,,,,0.11461497738029534,57.051588404516465,1.0,0.19172862680655123,-0.11437035650730129,0.12026631092757512,dma,1000,,,0.13262085255897008,0.11632403782564264,33.681973147128346,,,17.84486977574985,0.0015852,,,,,variance_burst,17
0.448077263351168,0.2966242943348952,synthetic_variance_burst,,,,0.10744047147127682,47.50318065657059,1.0,0.8894964695963394,-0.06459772200834588,0.08085870338027072,ensemble_mean,1000,,,0.30018404501525237,0.14993490148079122,30.898902466425437,,,16.727841909252238,,,,,,variance_burst,17
0.12479574077620433,0.12450018226853002,synthetic_variance_burst,,,,0.12356909965652883,59.712417773402116,1.0,0.12577581913692526,-0.12356909965652883,0.12356279110844273,oracle_best_member,1000,,,0.12456640247034798,0.12357047877130412,35.45822329908254,,,19.238973318128576,,true,8,0.12357047877130412,,variance_burst,17
0.12479574077620433,0.12450018226853002,synthetic_variance_burst,,,,0.12356909965652883,59.712417773402116,1.0,0.12577581913692526,-0.12356909965652883,0.12356279110844273,validation_best_member,1000,,,0.12456640247034798,0.12357047877130412,35.45822329908254,,,19.238973318128576,,,,,8,variance_burst,17
1.3319034507197376,0.8152280903928955,synthetic_variance_burst,0.0076803999999999996,0.0,cholesky,0.15104029572506114,90.15633056996968,1.0,2.1452456632190304,0.0046646241560881156,0.02936020951702406,adaptive_ridge,1000,110,quadratic,0.8835086443485367,0.360486284731039,32.422692512728595,0.0010323,1,23.77570263762891,,,,,,variance_burst,18
1.2473026281222348,0.7943605163662392,synthetic_variance_burst,0.0002562,0.0,,0.14753177938057463,92.53466818463136,1.0,1.7341232960254787,0.0069279494528916245,0.027288462310078754,static_ridge,1000,,,0.9009548284942319,0.3449923523177654,32.37537795696418,,,23.223416634047346,,,,,,variance_burst,18
0.36108683206663955,0.24577563192389557,synthetic_variance_burst,,,,0.08656220077187811,44.80276928518001,1.0,0.8643145725085208,-0.0009638878512364214,0.06121197956820107,rolling_ridge,1000,,,0.23591013737288807,0.12410334661948015,25.263774938046677,,,13.62601374243352,0.0095857,,,,,variance_burst,18
0.34102154028367787,0.2375132859322665,synthetic_variance_burst,,,,0.08407622633908217,44.936843408864455,1.0,0.8616678436315389,0.00020693501360704103,0.060392781530158486,rls,1000,,,0.23156340583681928,0.11940020535462036,24.196289745952043,,,13.234689105553208,0.0122522,,,,,variance_burst,18
0.4763804540623812,0.33838384187185333,synthetic_variance_burst,,,,0.13623854721004897,71.06580028503699,1.0,0.8687910457237259,0.1023453695770489,0.11147089885922833,hedge,1000,,,0.35144552628852976,0.17586109869182792,36.90940234742437,,,21.445715335098082,0.0061244,,,,,variance_burst,18
1.740668983310161,1.0505836177915768,synthetic_variance_burst,,,,0.3159582851092203,192.13016108419936,1.0,4.014235236841963,-0.09125343244948562,0.18859983701325067,exp3,1000,,,1.1535750023492344,0.5022020043863861,61.45186890697946,,,49.7359343517596,0.0016493,,,,,variance_burst,18
0.4518120224738778,0.31606842626787807,synthetic_variance_burst,,,,0.11633551717187017,65.02419524289333,1.0,0.8958989762245237,0.04002173918893229,0.08673972732950742,fixed_share,1000,,,0.302071722976285,0.1607570132385004,32.985432932393856,,,18.312720120119703,0.0015605,,,,,variance_burst,18
0.4254646292794893,0.2746533919689664,synthetic_variance_burst,,,,0.08954933690042068,34.20941962623211,1.0,1.7473159120826802,0.0013886430598462171,0.06064886842196837,passive_aggressive,1000,,,0.2535414406150898,0.14530466862859537,25.123991994374325,,,14.096227733934345,0.0002369,,,,,variance_burst,18
0.5240388035673356,0.4028349099087486,synthetic_variance_burst,,,,0.170492951928566,93.36423912576637,1.0,0.8883061046371593,0.01963690088940963,0.14940294214725502,dma,1000,,,0.40927673863708713,0.21321156082292475,43.46301505645684,,,26.837803166407333,0.0015236,,,,,variance_burst,18
0.4841258605770625,0.34723798603069356,synthetic_variance_burst,,,,0.1433122109396355,74.13732782958864,1.0,0.9178420016967442,0.11055827420283046,0.12067605057172281,ensemble_mean,1000,,,0.35383262850467073,0.18266776025837625,38.219262637727546,,,22.559201802970012,,,,,,variance_burst,18
0.5827153953361314,0.46520710571777224,synthetic_variance_burst,,,,0.1997802039208117,107.02731645235662,1.0,0.9072273724955463,0.06753927912422088,0.1738533787284226,oracle_best_member,1000,,,0.48654952851938654,0.24897095492138482,48.42950176209559,,,31.44799669852581,,true,6,0.24897095492138482,,variance_burst,18
1.8360613450474719,1.1658040847927804,synthetic_variance_burst,,,,0.3293533913445375,192.13414917957928,1.0,2.6225399302542316,-0.16933073940221535,0.18470906143355809,validation_best_member,1000,,,1.3247662384128247,0.529697444017053,62.88171790560812,,,51.8444979050916,,,,,1,variance_burst,18
0.5033357942185385,0.31246381212816526,synthetic_variance_burst,0.0059576,0.001,cholesky,0.09017914170824447,49.05863088648424,1.0,0.9753864325771755,-0.0077398531407556976,0.05398878264736884,adaptive_ridge,1000,110,quadratic,0.31794558076715906,0.14944578262245817,27.747531003260242,0.0009385,1,14.24891728349059,,,,,,variance_burst,19
0.49225809539584836,0.3085748600587683,synthetic_variance_burst,0.0001408,0.001,,0.08870011218156888,48.623385790023335,1.0,0.9345282620153632,-0.008232750314256538,0.05244943991775419,static_ridge,1000,,,0.34422461834168466,0.14584202930429213,28.161628523441333,,,14.015220566198433,,,,,,variance_burst,19
0.21066716016794929,0.16206143371684434,synthetic_variance_burst,,,,0.06590283078037908,44.97991785736299,1.0,0.4540480864576024,-0.00711551387290799,0.053987591591664136,rolling_ridge,1000,,,0.16382337808175307,0.08494686643440301,21.631483886781115,,,10.413095165349624,0.0079758,,,,,variance_burst,19
0.20660788826295032,0.16029145097012765,synthetic_variance_burst,,,,0.06484370155837138,44.399003462249794,1.0,0.43569694315533547,-0.005088274944365905,0.05286348342500239,rls,1000,,,0.16313533680621334,0.08359634970800169,21.32928808688873,,,10.245745550005749,0.0104263,,,,,variance_burst,19
0.46116603767690895,0.3235163910707401,synthetic_variance_burst,,,,0.11033578772986248,89.58959939266047,1.0,0.8577910447905023,-0.0013989090918516058,0.07630366835699232,hedge,1000,,,0.33351623503712546,0.15622012545545721,32.144531267782256,,,17.433804347550737,0.0008945,,,,,variance_burst,19
0.9804111890036487,0.5949887117813704,synthetic_variance_burst,,,,0.2219491488064766,122.61097152123442,1.0,3.2570676590547913,-0.0006457678293793125,0.1828736514857508,exp3,1000,,,0.4826752380476258,0.33796175051829985,50.16493207043122,,,35.069473966788706,0.0138465,,,,,variance_burst,19
0.25726717910095587,0.19530629043401632,synthetic_variance_burst,,,,0.07712039230619883,54.2047520801083,1.0,0.7180256418057949,0.009836781478083166,0.061407252489600495,fixed_share,1000,,,0.2040024584538561,0.10109135254043562,23.466781781654134,,,12.185546125472912,0.001151,,,,,variance_burst,19
0.25300267714327984,0.18029290747448803,synthetic_variance_burst,,,,0.07046296488699923,45.594406065105446,1.0,0.5155607494516747,-0.003893461234432899,0.057066957449988354,passive_aggressive,1000,,,0.1791588814788361,0.09360278536855057,21.867462429898104,,,11.133627346694551,0.0002005,,,,,variance_burst,19
0.3364646132012835,0.2707104157142751,synthetic_variance_burst,,,,0.11087859347650846,78.70408955965547,1.0,0.5170632992300235,0.003417247209544699,0.08919537790760032,dma,1000,,,0.28641016630678934,0.14084314761966174,30.587912769537795,,,17.51957134464619,0.0014607,,,,,variance_burst,19
0.4765114374257745,0.33762894011097483,synthetic_variance_burst,,,,0.11607406096976453,92.17944785053261,1.0,0.8662618356950351,-0.00433133052844119,0.08356455891979027,ensemble_mean,1000,,,0.35299973917601407,0.16356561811816797,33.306212615506276,,,18.340490519059912,,,,,,variance_burst,19
0.43036253929341717,0.36816106050257136,synthetic_variance_burst,,,,0.1948627438279807,109.2795756062916,1.0,0.5494747283836614,-0.19006170384344911,0.19109166186432291,oracle_best_member,1000,,,0.37922553451962826,0.22203381826171398,47.80823633010786,,,30.789637890122755,,true,6,0.22203381826171398,,variance_burst,19
0.5291494657014059,0.43144702506457683,synthetic_variance_burst,,,,0.1844753335681133,107.28562447144195,1.0,0.7540922598994964,0.060696801355630776,0.16079715946468875,validation_best_member,1000,,,0.44420783245228074,0.22985995927736735,45.65323785579534,,,29.148356472060634,,,,,10,variance_burst,19
0.5701203410217598,0.348435393186158,synthetic_variance_burst,0.49737159999999997,0.001,cholesky,0.0827588181175012,135.5399529069373,1.0,1.0370267242431457,-0.0007850131287208222,0.037860334219236624,adaptive_ridge,1000,110,quadratic,0.3890246461381424,0.15937017884548044,22.30878275061038,0.0011094,1,12.93250166923317,,,,,,variance_burst,20
0.46840676163950284,0.30746625104198194,synthetic_variance_burst,0.0001668,0.0001,,0.07613744051082515,136.2282151298666,1.0,0.8108384374027502,-0.004296844028801913,0.036672041236658154,static_ridge,1000,,,0.3362574542371262,0.13705464950403776,21.635125162379843,,,11.897796499454376,,,,,,variance_burst,20
0.330447813799474,0.2393715373064785,synthetic_variance_burst,,,,0.08505525214389122,84.35236534988158,1.0,0.590428064732786,-0.05845419089370288,0.06135199130937319,rolling_ridge,1000,,,0.24429043883909135,0.1180849013977926,23.001527606636774,,,13.291359342108661,0.0102142,,,,,variance_burst,20
0.3268800762767357,0.23099092133277319,synthetic_variance_burst,,,,0.07583734158180186,85.06155992627534,1.0,0.5818136629601831,-0.041180256388994176,0.04862313795615607,rls,1000,,,0.23709238798927634,0.11055226090171733,21.793207060947672,,,11.850900833363323,0.0037451,,,,,variance_burst,20
0.40244842065884795,0.28132110824232825,synthetic_variance_burst,,,,0.10123267259329737,106.62053208216793,1.0,0.7158708226897114,-0.030833408363974774,0.07809331835045683,hedge,1000,,,0.29180830750625086,0.13997963782385928,27.777174494940983,,,15.819362058010046,0.0020707,,,,,variance_burst,20
0.9222652637650086,0.5623410406064188,synthetic_variance_burst,,,,0.23762535759801234,100.11065113956658,1.0,2.068550958909316,-0.08821401655887491,0.2052068825479217,exp3,1000,,,0.48389401959594597,0.3149231241934849,53.911369127507655,,,37.13308628242178,0.0019056,,,,,variance_burst,20
0.2868025790193803,0.2303639670992835,synthetic_variance_burst,,,,0.11275579419014407,81.46911696601819,1.0,0.4337020499197979,-0.10466434473825421,0.1080931923737744,fixed_share,1000,,,0.23440418344658048,0.13215592632122036,31.817967111395205,,,17.620049799519524,0.001892,,,,,variance_burst,20
0.2886608728488752,0.19067399922480702,synthetic_variance_burst,,,,0.06250646804284607,51.42075159794361,1.0,0.4980982377311154,-0.01679286932413086,0.042415604057467526,passive_aggressive,1000,,,0.20959728403634992,0.09249053996953792,20.348780972995925,,,9.767720476073709,0.0002899,,,,,variance_burst,20
0.32921482408024483,0.2879595240694465,synthetic_variance_burst,,,,0.17717056374162016,94.99982503092725,1.0,0.4202155797778946,-0.17529373301193057,0.17691543497473677,dma,1000,,,0.29048169552515585,0.19090208590243535,45.32030143375498,,,27.68597550625178,0.0016845,,,,,variance_burst,20
0.4762287854056116,0.31920196153036556,synthetic_variance_burst,,,,0.10758004271787308,120.16286697773366,1.0,0.8865256913705465,-0.009923814559332026,0.07585304202194701,ensemble_mean,1000,,,0.31817981124166145,0.1555386265343689,29.5246434536402,,,16.81124880311518,,,,,,variance_burst,20
0.3525918211671354,0.31555125398771144,synthetic_variance_burst,,,,0.19032891009072833,86.94271396787758,1.0,0.447162961942058,-0.1900215409295705,0.19009936003465394,oracle_best_member,1000,,,0.3184784492760694,0.20661466302166617,47.9575351584331,,,29.74219549579514,,true,10,0.20661466302166617,,variance_burst,20
0.3525918211671354,0.31555125398771144,synthetic_variance_burst,,,,0.19032891009072833,86.94271396787758,1.0,0.447162961942058,-0.1900215409295705,0.19009936003465394,validation_best_member,1000,,,0.3184784492760694,0.20661466302166617,47.9575351584331,,,29.74219549579514,,,,,10,variance_burst,20
0.8940937830531547,0.5516717486759487,synthetic_variance_burst,0.0064121,0.001,cholesky,0.12852757675886073,64.5155015957186,1.0,1.715282318386512,0.003957953309580255,0.05607096970360598,adaptive_ridge,1000,110,quadratic,0.6158099236098864,0.2519038685008463,31.306867479498734,0.0009983,1,20.08142496134264,,,,,,variance_burst,21
0.8210462736776626,0.5094094260077393,synthetic_variance_burst,0.0001394,0.001,,0.1209197956172036,55.945713808457086,1.0,1.7042331449095598,0.0012645439114488475,0.05474304837676741,static_ridge,1000,,,0.5800324091138058,0.2319252771442631,29.978961186413947,,,18.89276887701346,,,,,,variance_burst,21
0.2835089190037585,0.20753258582252176,synthetic_variance_burst,,,,0.08035206412698973,42.31511267320405,1.0,0.9592237326690427,-0.016168045914196485,0.06298887376006124,rolling_ridge,1000,,,0.20748304260918146,0.10852653590920217,23.949862835743907,,,12.554379277549828,0.0126654,,,,,variance_burst,21
0.2686640499279494,0.19974758161597875,synthetic_variance_burst,,,,0.07802426740402846,41.288056845206334,1.0,0.8822591758090497,-0.011022308426160556,0.06175426493822961,rls,1000,,,0.19494379329256514,0.10447471027249201,23.3915248710151,,,12.190679312171126,0.0038016,,,,,variance_burst,21
0.5082328422060197,0.3558659744970458,synthetic_variance_burst,,,,0.15341942063199088,84.17267148140851,1.0,0.8061598640439354,-0.12732576067162987,0.13315735986960073,hedge,1000,,,0.38516318162840113,0.1897932348161673,39.414475769052565,,,23.970580172177645,0.0009091,,,,,variance_burst,21
1.8450036821207356,1.1872363786392837,synthetic_variance_burst,,,,0.3207386018715239,278.8071060737387,1.0,2.8347185191882405,-0.06484283740219027,0.17805958443171455,exp3,1000,,,1.3798904534050285,0.5407319785527678,57.4597671549643,,,50.1128888298668,0.0228029,,,,,variance_burst,21
0.6489707053619027,0.421448634325662,synthetic_variance_burst,,,,0.1657630988658967,73.13006299572092,1.0,1.2423058069796633,-0.12286799081193796,0.13586879763473703,fixed_share,1000,,,0.4525039217905267,0.21900986957563487,40.6960554310173,,,25.899183001640466,0.0015202,,,,,variance_burst,21
0.3146114351208002,0.21727542128027455,synthetic_variance_burst,,,,0.08170049447007176,52.58215481638878,1.0,0.9821481313430716,-0.001973008193035572,0.062450756171016586,passive_aggressive,1000,,,0.21375118220618272,0.11288387203840614,25.067088363082675,,,12.765060933837512,0.010092,,,,,variance_burst,21
0.5032681243710936,0.4178659458515831,synthetic_variance_burst,,,,0.20010837396967218,83.57180055454916,1.0,0.8771279426525656,-0.19325869301946427,0.1855015200843488,dma,1000,,,0.4415581071140576,0.2365277685080966,48.812026987846934,,,31.265362635347657,0.0016563,,,,,variance_burst,21
0.49324337684048486,0.35156461852711723,synthetic_variance_burst,,,,0.15270761179643164,85.51590672682087,1.0,0.7690041404507512,-0.12768315960914,0.13309243364631784,ensemble_mean,1000,,,0.3737786347310399,0.18810149284761005,39.14257917513511,,,23.859365629131204,,,,,,variance_burst,21
0.5661051412267546,0.4948776706613175,synthetic_variance_burst,,,,0.25309295670861826,122.80449965735944,1.0,0.7196612748282836,-0.2444858902019872,0.24045655577315142,oracle_best_member,1000,,,0.5150580481740329,0.2907926443490324,57.45255978416792,,,39.54378777345207,,true,7,0.2907926443490324,,variance_burst,21
1.9931801010476955,1.2581893645132336,synthetic_variance_burst,,,,0.3140993221778775,171.21225573933845,1.0,3.394982437320323,-0.12365186919697135,0.16293327559413964,validation_best_member,1000,,,1.3955766458767866,0.5657419324262024,53.544790004111405,,,49.075553494311,,,,,3,variance_burst,21
0.9038066233804836,0.5504214086144762,synthetic_variance_burst,0.006057099999999999,0.0001,cholesky,0.10276558042131892,56.87587531257012,1.0,1.4551771154812325,-0.0010841170919589564,0.022317126584319336,adaptive_ridge,1000,110,quadratic,0.6362826018479245,0.245545345763788,24.587439928265724,0.000951,1,16.043333392706028,,,,,,variance_burst,22
0.9021023248261889,0.5542804766710303,synthetic_variance_burst,0.0001277,1.0e-6,,0.10383652408446604,65.89218853232069,1.0,1.3987248680287339,-0.0008406100279524357,0.02141023199345965,static_ridge,1000,,,0.6674179768719403,0.24371265612885876,25.084227532215404,,,16.210524646453,,,,,,variance_burst,22
0.10192395625456825,0.07528670536954282,synthetic_variance_burst,,,,0.029280755918285526,10.209324693104424,1.0,0.42942467396088946,0.00014131371946702134,0.023926451368703083,rolling_ridge,1000,,,0.07369246740783207,0.04064179121447925,10.447661068446866,,,4.571189373539042,0.0082756,,,,,variance_burst,22
0.09807808227984195,0.07366463149716297,synthetic_variance_burst,,,,0.029001334347014344,10.466491012246113,1.0,0.3972653498899731,0.0002676926383010967,0.02343624308333192,rls,1000,,,0.07439316059228368,0.039547457425087335,10.616392148287082,,,4.5275672443529995,0.0074907,,,,,variance_burst,22
0.42954866648456985,0.2778963028872912,synthetic_variance_burst,,,,0.08991292399989088,43.565406448563365,1.0,0.6893090270160656,-0.03157479518193419,0.06004810998213414,hedge,1000,,,0.29154459550891854,0.1346396527921471,27.81737892243139,,,14.036830329078144,0.0057635,,,,,variance_burst,22
0.7856337500459847,0.4025919228028426,synthetic_variance_burst,,,,0.09403120589974918,40.888679165251865,1.0,2.7402576999966652,0.016142644203234247,0.039787448599205744,exp3,1000,,,0.3244837452018285,0.22819734536790945,22.872250823821766,,,14.679759306403971,0.0014532,,,,,variance_burst,22
0.0902536218583542,0.07086117717841954,synthetic_variance_burst,,,,0.03026637576854742,11.350980087285066,1.0,0.1459683664337338,0.004877763983601049,0.02584374049144994,fixed_share,1000,,,0.07249571230326333,0.03782251698597575,11.203506174745986,,,4.725060229825668,0.0064831,,,,,variance_burst,22
0.28585651158639047,0.15918434101667944,synthetic_variance_burst,,,,0.04996020207231203,19.60170737562891,1.0,0.6338655440359103,-0.00347492633785008,0.03360602514259298,passive_aggressive,1000,,,0.13836599198941132,0.08522760561470742,15.25442952483037,,,7.799578175172608,0.0002901,,,,,variance_burst,22
0.10243212636197847,0.08179972336207753,synthetic_variance_burst,,,,0.03578156723347301,15.155370812577813,1.0,0.1843537600761866,0.01483350470655641,0.03202879878909942,dma,1000,,,0.08445440306108168,0.044141614470865675,13.026582994753953,,,5.586068896673544,0.0058767,,,,,variance_burst,22
0.462508011558023,0.29763339224012514,synthetic_variance_burst,,,,0.0942474436497235,45.084903285907316,1.0,0.7453891528718315,-0.028829401675689228,0.06178656827490306,ensemble_mean,1000,,,0.32288554272169717,0.14329615034929238,28.778233623985006,,,14.713517441187072,,,,,,variance_burst,22
0.10241736064186605,0.08181744442473869,synthetic_variance_burst,,,,0.035808957755364836,15.199837271779906,1.0,0.18436544934271476,0.014959982734452747,0.03204053375071253,oracle_best_member,1000,,,0.08445348210137814,0.04416398487480305,12.970528695647252,,,5.590344990602165,,true,10,0.04416398487480305,,variance_burst,22
0.10241736064186605,0.08181744442473869,synthetic_variance_burst,,,,0.035808957755364836,15.199837271779906,1.0,0.18436544934271476,0.014959982734452747,0.03204053375071253,validation_best_member,1000,,,0.08445348210137814,0.04416398487480305,12.970528695647252,,,5.590344990602165,,,,,10,variance_burst,22
0.25748843550630196,0.1473951757877983,synthetic_variance_burst,0.0085758,0.001,cholesky,0.045362077175345746,22.219339424708732,1.0,0.7689657326775061,0.0022763973315386224,0.030180448916586916,adaptive_ridge,1000,110,quadratic,0.15994071758242695,0.07583774229117374,15.731392541293722,0.0015109,1,7.099106693242437,,,,,,variance_burst,23
0.1696527258874375,0.1134962867822437,synthetic_variance_burst,0.0001162,0.0,,0.039540610062096415,20.811822948856022,1.0,0.3168337203254127,0.003786938192513225,0.029025723551952154,static_ridge,1000,,,0.11588896971250985,0.05596151812953475,14.258511197014956,,,6.188054582722674,,,,,,variance_burst,23
0.09061726260958292,0.07367639574122473,synthetic_variance_burst,,,,0.03074369455182847,16.523375376611444,1.0,0.16007900506804051,-3.306402467701992e-5,0.02631048344983519,rolling_ridge,1000,,,0.07676743689039565,0.03853009959681602,11.453827397187386,,,4.811348627714665,0.0083749,,,,,variance_burst,23
0.09071427412609923,0.07355634546794484,synthetic_variance_burst,,,,0.03054680554086811,16.544809067032876,1.0,0.1516485793740331,-0.00047338809699498554,0.025687170472247833,rls,1000,,,0.07487870718611164,0.03836748397826103,11.55234000296961,,,4.780535750911611,0.0060303,,,,,variance_burst,23
0.5077240816678309,0.3422842200676096,synthetic_variance_burst,,,,0.1173511120536678,56.198262186506874,1.0,0.727610235327965,-0.034064799856008625,0.08051765153240131,hedge,1000,,,0.3757767556703201,0.16687857996527009,32.70338016986259,,,18.365297995930817,0.0012003,,,,,variance_burst,23
1.074227424840971,0.6951242097722847,synthetic_variance_burst,,,,0.37766342481520704,185.84228296916513,1.0,2.7048962214268903,-0.3025142239197988,0.3494519779669023,exp3,1000,,,0.6119524618247436,0.4345045263423754,78.47680759553971,,,59.103839899899,0.0013976,,,,,variance_burst,23
0.5006471021311888,0.3390493848748385,synthetic_variance_burst,,,,0.11692712623131073,56.26390720900707,1.0,0.7141051540439989,-0.03544554036387052,0.08202506433487555,fixed_share,1000,,,0.36745826540544957,0.16556145976434045,32.623464881109236,,,18.298944760436324,0.0012181,,,,,variance_burst,23
0.11005699454161101,0.08514431962662782,synthetic_variance_burst,,,,0.035032220634630566,18.13580065281244,1.0,0.19745689700414581,0.00023102045522683303,0.02957612990503465,passive_aggressive,1000,,,0.08525303625712334,0.04478725036164849,13.012917955547145,,,5.482497439989775,0.00022,,,,,variance_burst,23
0.45690742039171,0.4019231400967875,synthetic_variance_burst,,,,0.28095084281090665,137.01209013281564,1.0,0.7200852419762475,-0.2789135417966536,0.2816868908286727,dma,1000,,,0.40005404168806363,0.29222221666652776,63.97748826912773,,,43.96844529321995,0.0010793,,,,,variance_burst,23
0.5085710460708418,0.342706073707211,synthetic_variance_burst,,,,0.11743102690718042,56.19905732020485,1.0,0.7295932281674951,-0.03394218410594056,0.08074145828022422,ensemble_mean,1000,,,0.3776345955496285,0.16706492889071353,32.7111543367971,,,18.377804567648596,,,,,,variance_burst,23
0.49529507816080853,0.4586126914021751,synthetic_variance_burst,,,,0.34146668909742534,173.13146256048535,1.0,0.6109444748283985,-0.34146668909742534,0.34077666228324227,oracle_best_member,1000,,,0.46659469307130597,0.3493161668706941,75.82668674512311,,,53.43909734822212,,true,7,0.3493161668706941,,variance_burst,23
0.49529507816080853,0.4586126914021751,synthetic_variance_burst,,,,0.34146668909742534,173.13146256048535,1.0,0.6109444748283985,-0.34146668909742534,0.34077666228324227,validation_best_member,1000,,,0.46659469307130597,0.3493161668706941,75.82668674512311,,,53.43909734822212,,,,,7,variance_burst,23
2.46619000267437,1.3498837891103186,synthetic_variance_burst,0.0093572,1.0e-6,cholesky,0.2318104786648206,107.15782425121559,1.0,8.967638840962984,0.0023481237655061183,0.030152561798532762,adaptive_ridge,1000,110,quadratic,1.44378760573633,0.6854268106797534,33.477673905402284,0.0014882,1,36.194906344515715,,,,,,variance_burst,24
1.2643307505795753,0.7995826209748448,synthetic_variance_burst,0.000142,0.0,,0.1473913643874789,89.76816480967119,1.0,2.274418821474212,-0.006192625533109877,0.029538652782568398,static_ridge,1000,,,0.8724477825746542,0.3499848083419368,30.881372610986077,,,23.013699211194442,,,,,,variance_burst,24
0.2518892059579105,0.16191521649394763,synthetic_variance_burst,,,,0.05123425645161845,59.85503888482199,1.0,1.023365958449292,-0.01760332020720841,0.03372650230251861,rolling_ridge,1000,,,0.15267258800688183,0.08504681066331356,18.429521378850126,,,7.99972082616063,0.0100975,,,,,variance_burst,24
0.2472997822592453,0.17298003594029654,synthetic_variance_burst,,,,0.06278715771381085,51.21950125669422,1.0,0.7833864723214371,-0.025321318330681488,0.046216415897941704,rls,1000,,,0.17105615287855858,0.08889884522100217,20.36035636744612,,,9.803591736574095,0.0339086,,,,,variance_burst,24
0.46347773678087334,0.34558178399526285,synthetic_variance_burst,,,,0.16504579774231523,89.25024603970081,1.0,0.915748293038545,-0.14885409768350655,0.1532501812919888,hedge,1000,,,0.3369203880007038,0.1962803735296748,42.64151681224416,,,25.770263821751758,0.0026754,,,,,variance_burst,24
1.3983188173229593,0.730068305587332,synthetic_variance_burst,,,,0.24193153212727345,161.88270975464144,1.0,2.976808254654292,-0.10422353263983608,0.18201197587610618,exp3,1000,,,0.6346860323931338,0.39342490462960006,50.822919811452174,,,37.77520842702425,0.00178,,,,,variance_burst,24
0.2505772458223827,0.21452792188415543,synthetic_variance_burst,,,,0.12095191069628651,78.21319201162329,1.0,0.4332083389348186,-0.11978514719659433,0.117502975185119,fixed_share,1000,,,0.21972453090506328,0.1338390611048453,33.38128591797309,,,18.8854408353659,0.0014183,,,,,variance_burst,24
0.3993404651983207,0.23408408369337808,synthetic_variance_burst,,,,0.07051929648068887,33.11258854222517,1.0,1.0575067934352935,-0.013248550209828609,0.044278953016964606,passive_aggressive,1000,,,0.22715436104575748,0.11930157397346319,22.930937507671192,,,11.010888490896452,0.0002472,,,,,variance_burst,24
0.30641895804761227,0.2537922336741282,synthetic_variance_burst,,,,0.1322677333465114,83.39277884047773,1.0,0.47804360382367167,-0.1248108986440004,0.1282745039612005,dma,1000,,,0.2586472343608088,0.15107542643501334,35.62748799776504,,,20.65229427268722,0.0016067,,,,,variance_burst,24
0.5238222015346276,0.3781655331048028,synthetic_variance_burst,,,,0.17159883411937213,95.45883475329586,1.0,1.0154771729170582,-0.14544621002675595,0.1559795127406824,ensemble_mean,1000,,,0.36079099710826246,0.20946393793360338,43.819863550960754,,,26.793455436323807,,,,,,variance_burst,24
0.2629971575019965,0.2359390129145441,synthetic_variance_burst,,,,0.16293714185274813,108.17449940277422,1.0,0.32921452058419476,-0.16293714185274813,0.16430640388634876,oracle_best_member,1000,,,0.23951915047655986,0.16950475020318345,43.02718347050076,,,25.44101812554641,,true,8,0.16950475020318345,,variance_burst,24
0.2629971575019965,0.2359390129145441,synthetic_variance_burst,,,,0.16293714185274813,108.17449940277422,1.0,0.32921452058419476,-0.16293714185274813,0.16430640388634876,validation_best_member,1000,,,0.23951915047655986,0.16950475020318345,43.02718347050076,,,25.44101812554641,,,,,8,variance_burst,24
1.3255144460465693,0.7829057572975936,synthetic_variance_burst,0.0081002,0.0,cholesky,0.12611509288068182,68.0545548280347,1.0,2.933882433455831,-0.0054576108567816976,0.0035069647670267906,adaptive_ridge,1000,110,quadratic,0.8896925172505509,0.35741570007170115,24.47140932626225,0.0013383,1,19.82906967116141,,,,,,variance_burst,25
1.2274238009032516,0.7540298027404804,synthetic_variance_burst,0.0001681,0.0,,0.12145062125393306,63.202537013135164,1.0,1.8107205034917175,-0.011158284235133832,0.0035338812462328284,static_ridge,1000,,,0.8233712702174923,0.33143857022214873,24.154245694237606,,,19.0956750333486,,,,,,variance_burst,25
0.1544044934760868,0.10887146836706568,synthetic_variance_burst,,,,0.037682150783815135,18.0673376510657,1.0,0.5459959282807286,0.018283147022312075,0.026511749599261558,rolling_ridge,1000,,,0.10573731547196395,0.057558141611892905,12.927236143458668,,,5.924762660710337,0.0029609,,,,,variance_burst,25
0.14044249965444103,0.09991848224256503,synthetic_variance_burst,,,,0.034923495541998834,17.521846463817806,1.0,0.5478322055137673,0.012113028631636647,0.02575814377772473,rls,1000,,,0.09563027226348315,0.05265795017235511,12.559770664089209,,,5.4910194366503635,0.0110697,,,,,variance_burst,25
0.47375813574803016,0.34340309990055656,synthetic_variance_burst,,,,0.15257347245750935,98.47861304673766,1.0,0.8728735541067314,0.12896145259482236,0.1366080446423285,hedge,1000,,,0.3575690689652936,0.185909188004899,39.472341070307806,,,23.989119353012867,0.0009436,,,,,variance_burst,25
0.5738089215024488,0.36676032449449286,synthetic_variance_burst,,,,0.1635190883530345,96.05376970270723,1.0,3.1958615432803423,-0.02019131527892771,0.17162105163328523,exp3,1000,,,0.3234885588406558,0.2279192552224302,41.2444766771762,,,25.71009798632747,0.0017419,,,,,variance_burst,25
0.14787299633233733,0.11693772321762634,synthetic_variance_burst,,,,0.04854157488715759,25.834212558811952,1.0,0.21530595001659728,0.010489025868894615,0.04069327572185255,fixed_share,1000,,,0.12202473722960268,0.061299546336975694,16.310770255586654,,,7.632189362902073,0.0014281,,,,,variance_burst,25
0.26730385999338324,0.16029733728619766,synthetic_variance_burst,,,,0.050635957869034035,32.84846612727274,1.0,0.48279889970429823,0.003304985792899494,0.03261684947716223,passive_aggressive,1000,,,0.15217798691980097,0.08042981465143001,18.078294517294417,,,7.961489093149384,0.0002695,,,,,variance_burst,25
0.24073148309348935,0.1923162013201193,synthetic_variance_burst,,,,0.08058723869519954,56.588147927573004,1.0,0.36551649622430005,-0.03851209488775981,0.0650476198907082,dma,1000,,,0.1920478140827463,0.10178476491239158,23.24050170272731,,,12.670727461664518,0.0010163,,,,,variance_burst,25
0.5077850164745706,0.3652358734989886,synthetic_variance_burst,,,,0.16232719074351712,104.38256225591611,1.0,0.9435141947996348,0.13748348887729497,0.14503828090917348,ensemble_mean,1000,,,0.3747758876429063,0.1977120094721899,41.332893797666124,,,25.522695985502942,,,,,,variance_burst,25
0.3224034888724776,0.2728072373342196,synthetic_variance_burst,,,,0.13050099476400662,82.70858125710596,1.0,0.4095454517340831,-0.12079972347437938,0.12357076235469777,oracle_best_member,1000,,,0.28010776984786806,0.15512346452590597,34.52409656640798,,,20.518664802313605,,true,9,0.15512346452590597,,variance_burst,25
0.3224034888724776,0.2728072373342196,synthetic_variance_burst,,,,0.13050099476400662,82.70858125710596,1.0,0.4095454517340831,-0.12079972347437938,0.12357076235469777,validation_best_member,1000,,,0.28010776984786806,0.15512346452590597,34.52409656640798,,,20.518664802313605,,,,,9,variance_burst,25
0.5363804276558879,0.33651376494652036,synthetic_variance_burst,0.0069891,0.01,cholesky,0.08895465620405674,68.96932927795525,1.0,1.2149238294300764,0.0027070643396652507,0.046352482579063076,adaptive_ridge,1000,110,quadratic,0.3693826836747819,0.15881910628941928,26.689210392877463,0.0009842,1,13.867308780226463,,,,,,variance_burst,26
0.5469344211284907,0.3278780980852839,synthetic_variance_burst,0.0001506,0.001,,0.08549264598636988,59.89347964831897,1.0,1.1483298588052537,-0.002613808843103304,0.04311682501034131,static_ridge,1000,,,0.381187678589183,0.15487160909054545,25.771264813434822,,,13.327609491424386,,,,,,variance_burst,26
0.27232266454342974,0.19166737297244485,synthetic_variance_burst,,,,0.07299610689917356,58.19220726859208,1.0,0.4907215688475562,-0.03017223892883518,0.056925702588006055,rolling_ridge,1000,,,0.19200835687255943,0.09821084528308394,22.625037760441153,,,11.379500492961213,0.0299881,,,,,variance_burst,26
0.26656828576628117,0.1860521629223499,synthetic_variance_burst,,,,0.06989382178186244,58.413211639918615,1.0,0.48950099621943355,-0.02123261647700289,0.05411240265097739,rls,1000,,,0.18186976192418047,0.09451643844202876,22.0193617687988,,,10.895879427107525,0.0035558,,,,,variance_burst,26
0.42964850902404983,0.2821252874455367,synthetic_variance_burst,,,,0.0900960277845384,65.60407180140173,1.0,0.8403677244369832,-0.009973885729312203,0.06059215884609537,hedge,1000,,,0.2855136778342175,0.13552093985810487,27.315377778457478,,,14.045239344121919,0.0026774,,,,,variance_burst,26
0.8051824709944038,0.48048271136715376,synthetic_variance_burst,,,,0.1583337776748237,105.57844209964959,1.0,2.7847385821991617,-0.06217768946254609,0.10785921285961825,exp3,1000,,,0.45522194787477793,0.2606834869566111,38.59587524490994,,,24.682950607102395,0.0014437,,,,,variance_burst,26
0.32893143655696677,0.22622249061762517,synthetic_variance_burst,,,,0.08018146561806601,62.79813188170335,1.0,0.6705765229358767,-0.032533797172327704,0.06046777392987654,fixed_share,1000,,,0.2266514526986704,0.11190097127738549,25.57739947103582,,,12.499639587456754,0.0012935,,,,,variance_burst,26
0.425730258610199,0.2645408583672002,synthetic_variance_burst,,,,0.07910739578863331,57.17168820281178,1.0,0.859074534406188,-0.008827878033911619,0.04702212165258936,passive_aggressive,1000,,,0.2837529204255227,0.12713757310571078,25.16848750380173,,,12.332200820203228,0.0059489,,,,,variance_burst,26
0.2965500936561798,0.24209259422701512,synthetic_variance_burst,,,,0.10373754983445069,76.4845574856504,1.0,0.43202626765835406,-0.06145567839016995,0.08855987312007135,dma,1000,,,0.2550619969372632,0.1288260706271086,30.180716562116903,,,16.17184189165416,0.0019341,,,,,variance_burst,26
0.44602410872855985,0.2935924706962687,synthetic_variance_burst,,,,0.09348687851676679,67.49592032134088,1.0,0.8349125646876882,0.003159594151086438,0.06295769523755079,ensemble_mean,1000,,,0.30929565170421075,0.14049204598094853,28.017308180708707,,,14.573845446804194,,,,,,variance_burst,26
0.3062185721210345,0.2513197155532266,synthetic_variance_burst,,,,0.10737869190807828,78.97977153102187,1.0,0.43240487551226703,-0.0526791451430793,0.0923323144165164,oracle_best_member,1000,,,0.2593684391422684,0.13376990771200528,31.41673241291225,,,16.73946638262898,,true,6,0.13376990771200528,,variance_burst,26
0.3062185721210345,0.2513197155532266,synthetic_variance_burst,,,,0.10737869190807828,78.97977153102187,1.0,0.43240487551226703,-0.0526791451430793,0.0923323144165164,validation_best_member,1000,,,0.2593684391422684,0.13376990771200528,31.41673241291225,,,16.73946638262898,,,,,6,variance_burst,26
0.8725008444305726,0.48901047594012415,synthetic_variance_burst,0.0159025,0.0,cholesky,0.09738567543449206,40.37838670682135,1.0,1.583143234789192,-0.001947754809087702,0.02716751046973276,adaptive_ridge,1000,110,quadratic,0.5502753210469457,0.23361283465035604,24.86357661301532,0.0009295,1,15.247788721577253,,,,,,variance_burst,27
0.6715171024368034,0.4217237474009272,synthetic_variance_burst,0.0001682,0.0,,0.08805195885022621,36.24875083065693,1.0,1.2473926140874605,0.0004032584482740863,0.02699149735335654,static_ridge,1000,,,0.47548717876877844,0.18691014030854508,25.134149872045914,,,13.786397836018319,,,,,,variance_burst,27
0.15106757431206894,0.10809529231942018,synthetic_variance_burst,,,,0.04194463875161686,13.561161090440452,1.0,0.6123522601990323,-0.005736153887879186,0.03282265187451858,rolling_ridge,1000,,,0.10391440573858834,0.05906070473030166,13.321558358955013,,,6.5673209826197425,0.0096084,,,,,variance_burst,27
0.14513758006898758,0.10473327463952696,synthetic_variance_burst,,,,0.0409696925254532,13.35606823528234,1.0,0.5735256903799921,-0.0026156391233991454,0.03267142168616499,rls,1000,,,0.10201037334708704,0.05701262513362712,13.101105829552097,,,6.414672515531355,0.0038189,,,,,variance_burst,27
0.39337914698989074,0.2693286931756614,synthetic_variance_burst,,,,0.10051585423766997,38.80466954598347,1.0,0.6362568320355826,-0.0545319241999027,0.07713185797885898,hedge,1000,,,0.2849321078891548,0.13576697043644287,30.07597597475355,,,15.73788446552187,0.001204,,,,,variance_burst,27
0.7454682028902776,0.4173038586021835,synthetic_variance_burst,,,,0.12759474286440467,53.75828933535154,1.0,4.026920369146202,0.055048670593316126,0.0856745957632058,exp3,1000,,,0.3476804972296626,0.2476371339569335,31.453454553292616,,,19.9776576226461,0.0016607,,,,,variance_burst,27
0.25842022833376255,0.174644057037495,synthetic_variance_burst,,,,0.06052893333289154,22.681737604362127,1.0,0.48807486221621743,-0.010066761664999941,0.04441449157527633,fixed_share,1000,,,0.18110622223121203,0.08595495789080067,19.92722512576531,,,9.477085648219274,0.0015533,,,,,variance_burst,27
0.22672885499949494,0.14082264270040223,synthetic_variance_burst,,,,0.04882978435876271,18.133721318593572,1.0,1.4078685370785093,-0.0015453914216648431,0.03546356128605155,passive_aggressive,1000,,,0.1283558897710743,0.08145945219132202,15.762437324430786,,,7.645336256084414,0.0002587,,,,,variance_burst,27
0.21526387008583647,0.17862032874866385,synthetic_variance_burst,,,,0.08218114515240578,30.381862866256405,1.0,0.2892308819682574,0.06713920655346042,0.07592330245627452,dma,1000,,,0.182052842773551,0.09958408978875287,23.86721578399377,,,12.867197691965073,0.0293667,,,,,variance_burst,27
0.4739585679828188,0.3187060153130448,synthetic_variance_burst,,,,0.11852268522917508,45.48028806944504,1.0,0.8316732216119719,-0.06970513426913764,0.09345166827841844,ensemble_mean,1000,,,0.32652333946631595,0.16114990789574912,34.084957611690115,,,18.55723498374371,,,,,,variance_burst,27
0.2156918277867014,0.17881998393083123,synthetic_variance_burst,,,,0.08246641261604654,30.8571087682933,1.0,0.2893312580402382,0.06747213526916047,0.07626143579594877,oracle_best_member,1000,,,0.18205373325409782,0.09989205890947289,23.93913431396877,,,12.911862351272802,,true,7,0.09989205890947289,,variance_burst,27
0.2156918277867014,0.17881998393083123,synthetic_variance_burst,,,,0.08246641261604654,30.8571087682933,1.0,0.2893312580402382,0.06747213526916047,0.07626143579594877,validation_best_member,1000,,,0.18205373325409782,0.09989205890947289,23.93913431396877,,,12.911862351272802,,,,,7,variance_burst,27
1.1643151821769795,0.7126312998466147,synthetic_variance_burst,0.0057501,0.001,cholesky,0.15404090763646544,189.49078080168263,1.0,2.4059781813000645,-0.004628384556906253,0.055725517486017506,adaptive_ridge,1000,110,quadratic,0.7835356024675031,0.3214409032391311,34.884264761826635,0.000933,1,24.000468831825767,,,,,,variance_burst,28
1.1092295497750542,0.6829178212660676,synthetic_variance_burst,0.0002326,0.001,,0.1496905646891072,182.94554613285848,1.0,1.73022035512425,-0.005941499420355262,0.05524859091692308,static_ridge,1000,,,0.8006891094089854,0.30493985717147604,35.01962022533364,,,23.322660112584565,,,,,,variance_burst,28
0.3034284168662773,0.20684146449489274,synthetic_variance_burst,,,,0.07889621333223476,177.80815752169946,1.0,1.1530830772138885,-0.012522092176254477,0.06137503404235807,rolling_ridge,1000,,,0.19845508819738858,0.11210008536613367,22.629863338898264,,,12.292488651768538,0.0030416,,,,,variance_burst,28
0.2583358970230718,0.18864537867450953,synthetic_variance_burst,,,,0.07637511074650015,163.9926114529844,1.0,1.0320319980770283,-0.00617585976085154,0.061348595344263554,rls,1000,,,0.18943499566649893,0.10184746898744519,22.95080491858196,,,11.89968621403196,0.0034216,,,,,variance_burst,28
0.4619987590418137,0.3102042242392081,synthetic_variance_burst,,,,0.10583409657799794,184.14329317513568,1.0,0.8290441246766651,-0.03504698846302427,0.07367394896967361,hedge,1000,,,0.3223264491050003,0.15204642194315737,29.56415553834976,,,16.48956744827293,0.0066216,,,,,variance_burst,28
1.933086277549945,1.090277987986533,synthetic_variance_burst,,,,0.26162506613623027,599.4553461639721,1.0,3.2186598298188125,-0.09726202344208625,0.1166572204864977,exp3,1000,,,1.1507761832277728,0.5203763886080118,45.78759016574633,,,40.76270610041848,0.013765,,,,,variance_burst,28
0.40704252855997203,0.27378641342086935,synthetic_variance_burst,,,,0.10361570201823908,91.05261601901144,1.0,0.969238719222215,-0.07432400684881058,0.08434434603573904,fixed_share,1000,,,0.2566598201043724,0.1438845446908078,28.37238579857001,,,16.14392868059028,0.0023992,,,,,variance_burst,28
0.38876021965038554,0.24552259487177325,synthetic_variance_burst,,,,0.08782190972699319,239.56236816624164,1.0,0.9956034323173185,-0.003002090582453582,0.06685627056841331,passive_aggressive,1000,,,0.21412226522440894,0.13092441903665186,25.929975057708603,,,13.683164034117608,0.0003173,,,,,variance_burst,28
0.4787402806874219,0.3715482127626064,synthetic_variance_burst,,,,0.1512756352548487,498.00164149925206,1.0,2.2220091735254557,-0.12387381277211823,0.1202128914700577,dma,1000,,,0.370667349643126,0.20063276300770252,36.54892172055116,,,23.569623320559828,0.0016159,,,,,variance_burst,28
0.4750498569022723,0.32381897175069885,synthetic_variance_burst,,,,0.11086286979348767,187.53188796058436,1.0,0.80463788752776,-0.03756419555044766,0.07700234867253991,ensemble_mean,1000,,,0.3326192869226901,0.15815748275894922,30.34862839765558,,,17.273079546926066,,,,,,variance_burst,28
0.4551538199811253,0.37400543930926095,synthetic_variance_burst,,,,0.16385927803652467,500.474784494608,1.0,0.6500908842679185,-0.13646668833782735,0.14223319898098202,oracle_best_member,1000,,,0.3912305423292151,0.20221692322693882,39.82877887496694,,,25.530228013211936,,true,7,0.20221692322693882,,variance_burst,28
2.1892851250125656,1.334503298353685,synthetic_variance_burst,,,,0.28132309790091165,269.8674762555713,1.0,3.2186598298188125,-0.06511536424296516,0.09622448348406826,validation_best_member,1000,,,1.546196378667179,0.5923211471520528,45.10339091029072,,,43.831773951747046,,,,,5,variance_burst,28
0.3232599710359239,0.18968112472774443,synthetic_variance_burst,0.0165302,0.001,cholesky,0.054781257132385165,46.03073478730131,1.0,0.6991868701883035,0.0006299250685220656,0.03307404234123651,adaptive_ridge,1000,110,quadratic,0.19598272040488213,0.0931487749281749,18.617157191587122,0.0010027,1,8.609384433708426,,,,,,variance_burst,29
0.26376138032586693,0.16526376856766373,synthetic_variance_burst,0.0001471,1.0e-6,,0.05025773881612608,44.59146086843962,1.0,0.480408462238895,0.0018203972397343832,0.03205094171410727,static_ridge,1000,,,0.17667630028375583,0.0796491849570721,17.9246408065711,,,7.898471427760395,,,,,,variance_burst,29
0.12382205166799086,0.09415706436115877,synthetic_variance_burst,,,,0.03844135952164204,40.4816142102793,1.0,0.3503296394801998,0.007254474987391945,0.03193989734085112,rolling_ridge,1000,,,0.09368279872039227,0.04961859544339233,14.287437341566955,,,6.041417440940068,0.0112622,,,,,variance_burst,29
0.11803818465520982,0.09163077586226076,synthetic_variance_burst,,,,0.03753556431812691,40.94050392945379,1.0,0.3632623996173272,0.00482380149203964,0.03074018442020099,rls,1000,,,0.09454492203280933,0.048274240991746785,14.312796305367819,,,5.899063294038593,0.0177739,,,,,variance_burst,29
0.45099450159523086,0.2931646781963008,synthetic_variance_burst,,,,0.09053404362739068,61.24296925187937,1.0,0.7652401929267217,0.011538957733976875,0.05858515259975955,hedge,1000,,,0.33407788727439375,0.13900811597950555,27.324604917357977,,,14.228267599677848,0.0010916,,,,,variance_burst,29
0.6419899850099003,0.37013405910159636,synthetic_variance_burst,,,,0.1239757170980287,98.57904649462577,1.0,1.9949117327777945,0.06926740571206771,0.09120742360902352,exp3,1000,,,0.3365971578018072,0.19845678327259414,31.887190545907405,,,19.483937843233928,0.0012798,,,,,variance_burst,29
0.23684792444582597,0.17028710699316274,synthetic_variance_burst,,,,0.06126476716041847,51.647853304817204,1.0,0.49015442869493264,0.02515210684383771,0.0444459682585277,fixed_share,1000,,,0.17722515114083898,0.0845270541765812,19.539502801293516,,,9.628328379741818,0.0012092,,,,,variance_burst,29
0.14116929897133695,0.10334614783442166,synthetic_variance_burst,,,,0.040586302707277866,43.73664567139418,1.0,0.3171202172677035,0.00394467659822249,0.03152072809673537,passive_aggressive,1000,,,0.10328119918565297,0.05367495109641126,15.513026885439581,,,6.3785152265745815,0.000263,,,,,variance_burst,29
0.22116804150986996,0.18163871305549184,synthetic_variance_burst,,,,0.08781977977938805,87.96746851287587,1.0,0.40212938883828553,0.07932001852319617,0.08261472532189476,dma,1000,,,0.18460091945828425,0.10418882591699809,26.226397911591913,,,13.801695773012762,0.0015891,,,,,variance_burst,29
0.4777181714177376,0.30754389220508893,synthetic_variance_burst,,,,0.09540156808434956,65.03342010848388,1.0,0.8108634533139655,0.012573704517110535,0.06093365230681133,ensemble_mean,1000,,,0.3485321025467063,0.146313177799217,28.46699295052636,,,14.993244372466492,,,,,,variance_burst,29
0.21906467795794626,0.181589462940663,synthetic_variance_burst,,,,0.08826613179411835,87.97135478742456,1.0,0.29647724290115424,0.0812514706592497,0.08318139216762122,oracle_best_member,1000,,,0.18586113608492533,0.10431920285042277,26.09212406238189,,,13.871844146539255,,true,6,0.10431920285042277,,variance_burst,29
0.21906467795794626,0.181589462940663,synthetic_variance_burst,,,,0.08826613179411835,87.97135478742456,1.0,0.29647724290115424,0.0812514706592497,0.08318139216762122,validation_best_member,1000,,,0.18586113608492533,0.10431920285042277,26.09212406238189,,,13.871844146539255,,,,,6,variance_burst,29
0.22246665933899748,0.15806873098023605,synthetic_variance_burst,0.009719,0.0,cholesky,0.057962138216390666,35.81076315529735,1.0,0.33752669667087787,0.0027411263202502018,0.04393043216940429,adaptive_ridge,1000,110,quadratic,0.16051655410575053,0.0790123279327051,19.403939193985362,0.0015627,1,9.124374165925463,,,,,,variance_burst,30
0.1945273358156202,0.141743489224852,synthetic_variance_burst,0.000187,0.0,,0.054018315153609046,33.54208319285167,1.0,0.3499122462778306,0.004625895392416488,0.0425035792786046,static_ridge,1000,,,0.14611953555088547,0.07230107004965455,17.86131475692516,,,8.503539283425393,,,,,,variance_burst,30
0.143224588679944,0.115109160345242,synthetic_variance_burst,,,,0.04738315864430712,28.78421702194494,1.0,0.19522950732448308,0.007516675057504784,0.03911811409044098,rolling_ridge,1000,,,0.11807130525277898,0.060220671185876866,16.437340003739784,,,7.459035879939383,0.0073821,,,,,variance_burst,30
0.14176207986576903,0.1143278198313221,synthetic_variance_burst,,,,0.04685168935915681,29.58720813491103,1.0,0.1969756651256711,0.004804683381932017,0.03833549261245511,rls,1000,,,0.1176768086314118,0.05949689847373023,16.253808842815925,,,7.375372220098119,0.011133,,,,,variance_burst,30
0.28577995953994756,0.21813650371842735,synthetic_variance_burst,,,,0.0879630807513116,57.97957649149513,1.0,0.5583782301651162,0.018148186236129092,0.07134253761014409,hedge,1000,,,0.2261424535707659,0.11344457915293565,26.242122226918646,,,13.847109272713467,0.0073418,,,,,variance_burst,30
1.6512526813688801,0.9816280270645912,synthetic_variance_burst,,,,0.30466713296490083,164.07035517848468,1.0,3.144993170198388,0.04070590537039438,0.2172548565972875,exp3,1000,,,1.0978993401915644,0.4813827530248555,58.55865060968903,,,47.960565341004155,0.0407789,,,,,variance_burst,30
0.33751712767235886,0.24066522697772755,synthetic_variance_burst,,,,0.09137247906309942,65.22180065650204,1.0,0.7794231944616106,0.045018689030855936,0.07142524874836763,fixed_share,1000,,,0.23128388992859228,0.12372443459445444,26.446188275157102,,,14.383815247246162,0.0017055,,,,,variance_burst,30
0.1650150098269281,0.13033863021447786,synthetic_variance_burst,,,,0.05236000633221196,31.97273865180234,1.0,0.2333987423672037,0.0036655279573331065,0.040753346978506744,passive_aggressive,1000,,,0.13478207659643845,0.06713756784949262,17.176857890000015,,,8.242489042100738,0.0013561,,,,,variance_burst,30
0.4057832797845123,0.32890924886120265,synthetic_variance_burst,,,,0.1512576039481971,106.619393753243,1.0,1.1839851090924653,0.0591885981534467,0.13998718471585536,dma,1000,,,0.33010455621230295,0.18611623385973208,40.05079824777084,,,23.810905124173598,0.0022788,,,,,variance_burst,30
0.4621589374742052,0.3126861014456173,synthetic_variance_burst,,,,0.11100508842003952,65.94805446231688,1.0,0.7615769356394483,0.03120690925632368,0.08204939239968101,ensemble_mean,1000,,,0.32079292823234046,0.15500751392505333,31.446884732963852,,,17.47437193025539,,,,,,variance_burst,30
0.38307687728538453,0.3489589664703395,synthetic_variance_burst,,,,0.24882470987692876,160.52192428251513,1.0,0.427386942592472,0.24882470987692876,0.2479887111187992,oracle_best_member,1000,,,0.3565012627789549,0.2569996292147792,60.21070202533577,,,39.169875793210934,,true,10,0.2569996292147792,,variance_burst,30
1.9157314858640984,1.2489435750774158,synthetic_variance_burst,,,,0.3209238001911963,174.52278855598132,1.0,3.144993170198388,-0.05707579063289869,0.1611541602580996,validation_best_member,1000,,,1.3912877042131062,0.559529224142201,55.831618731300864,,,50.51968270672123,,,,,5,variance_burst,30
0.20023957762699496,0.15257193996283136,synthetic_discrete_gaussian,0.0057951999999999995,0.001,cholesky,0.058171166257707366,44.26816771607896,1.0,0.30091209053220924,-0.005654035405044934,0.04447460928277874,adaptive_ridge,1000,110,quadratic,0.15698571435805242,0.0767922639056048,17.795980287738203,0.0004204,1,9.03460325971762,,,,,,discrete_gaussian,1
0.20478990847919487,0.15312312338230671,synthetic_discrete_gaussian,7.16e-5,0.0,,0.05774994823840531,31.007796493473915,1.0,0.30227455529568925,-0.005452024868033069,0.04522810660183135,static_ridge,1000,,,0.1613110382332789,0.0768960901846235,17.77529997944211,,,8.969183603639573,,,,,,discrete_gaussian,1
0.20995415295508552,0.15729809817688328,synthetic_discrete_gaussian,,,,0.0596557783500781,34.894200292899505,1.0,0.2991591274737537,-0.011721840816705333,0.047733452932034244,rolling_ridge,1000,,,0.16253911060217344,0.07904402722277827,18.24739975961317,,,9.265179370049115,0.0049509,,,,,discrete_gaussian,1
0.20821137692439887,0.15543260121266134,synthetic_discrete_gaussian,,,,0.05885136448386629,31.886923317371718,1.0,0.304247521393019,-0.008407016708442247,0.04563827786904398,rls,1000,,,0.16332993630720244,0.0782323143744357,18.044496570966842,,,9.140245307258576,0.0018736,,,,,discrete_gaussian,1
0.5024229341193215,0.428362214270773,synthetic_discrete_gaussian,,,,0.180408588129005,201.0254642728208,1.0,0.6088268225534943,0.16133735870292504,0.13750298391539012,hedge,1000,,,0.4486797034762791,0.23109169775736926,42.855872326607276,,,28.019380102688014,0.0049403,,,,,discrete_gaussian,1
0.8530859296704213,0.6134399091780295,synthetic_discrete_gaussian,,,,0.21728937410853527,175.5244385184588,1.0,1.4652583471539709,-0.05474278209265918,0.16070789170417982,exp3,1000,,,0.6642981454819904,0.2994367651876857,49.2882746024072,,,33.747359970849324,0.0006874,,,,,discrete_gaussian,1
0.33521590722548866,0.26491732936218504,synthetic_discrete_gaussian,,,,0.10361996174824505,100.91614738500661,1.0,0.5403055901530465,0.019835470741310778,0.0800649488998686,fixed_share,1000,,,0.2776390195166842,0.13426238459513637,28.849962622575713,,,16.093286492403323,0.0006026,,,,,discrete_gaussian,1
0.2083355526056659,0.15680238321673678,synthetic_discrete_gaussian,,,,0.05984350904590827,40.27200764759848,1.0,0.31759608452058097,-0.0011298575262412085,0.0461756838543827,passive_aggressive,1000,,,0.15799107978029103,0.07911630124166803,18.395414760888855,,,9.294335951661772,0.0001232,,,,,discrete_gaussian,1
0.5520690326474242,0.4172449865959124,synthetic_discrete_gaussian,,,,0.16514731909095412,126.58777103957712,1.0,1.0311195162398947,-0.098122098582533,0.13660750274184882,dma,1000,,,0.44166148948491907,0.2139575794193122,40.83968710226053,,,25.649142064348293,0.0007198,,,,,discrete_gaussian,1
0.5672920697296043,0.4904581565420642,synthetic_discrete_gaussian,,,,0.21347025364769337,252.61175379492374,1.0,0.7450050927057179,0.2015299213626844,0.1611530248333065,ensemble_mean,1000,,,0.49972425617232974,0.2718874763514563,48.95944633357585,,,33.154209783488156,,,,,,discrete_gaussian,1
0.5587484452939973,0.42809459327210647,synthetic_discrete_gaussian,,,,0.17178656635262862,188.68207775425518,1.0,0.9268283789804963,-0.11717146346919685,0.14530489425530485,oracle_best_member,1000,,,0.45024456309341765,0.22083746810310306,42.229962483732145,,,26.680288056619823,,true,7,0.22083746810310306,,discrete_gaussian,1
0.5587484452939973,0.42809459327210647,synthetic_discrete_gaussian,,,,0.17178656635262862,188.68207775425518,1.0,0.9268283789804963,-0.11717146346919685,0.14530489425530485,validation_best_member,1000,,,0.45024456309341765,0.22083746810310306,42.229962483732145,,,26.680288056619823,,,,,7,discrete_gaussian,1
0.24514371595132375,0.18555147578996653,synthetic_discrete_gaussian,0.0030937,0.0001,cholesky,0.06789887398439103,169.2650828708346,1.0,0.3888532687482119,0.00011563153771502263,0.0504380527969818,adaptive_ridge,1000,110,quadratic,0.18910768952901125,0.09181036543982843,21.77279531348212,0.0004085,1,10.69931921978495,,,,,,discrete_gaussian,2
0.23843353605473044,0.1797374685648694,synthetic_discrete_gaussian,7.5e-5,0.0,,0.06626708979604264,201.6419495825407,1.0,0.36364797423260464,0.00015504321119163815,0.05030328263597658,static_ridge,1000,,,0.18989155768526564,0.08926493538505348,21.272610111332224,,,10.442187121645139,,,,,,discrete_gaussian,2
0.24909220585254424,0.18528574807850415,synthetic_discrete_gaussian,,,,0.06852473734796975,189.65938500074034,1.0,0.371996630587477,0.005736586061962529,0.05037994766965842,rolling_ridge,1000,,,0.19381784690788745,0.09208565433841202,22.198185059452477,,,10.79794106020658,0.0016938,,,,,discrete_gaussian,2
0.24481630294928805,0.1816128941982535,synthetic_discrete_gaussian,,,,0.0666600088420606,196.8743016028752,1.0,0.3708475069522588,0.002639850096589308,0.050279398356373683,rls,1000,,,0.1898028872754239,0.09002511862893213,21.664892270542484,,,10.504102232370625,0.0213472,,,,,discrete_gaussian,2
0.2726242791337859,0.21782898263180642,synthetic_discrete_gaussian,,,,0.09311345670063179,289.6361982859583,1.0,0.4645575944885678,-0.02711877653213933,0.07808389619963349,hedge,1000,,,0.2304507136492816,0.11600380168997687,27.774345378935518,,,14.672564336290865,0.0004996,,,,,discrete_gaussian,2
1.2425664790095328,0.8918993404680094,synthetic_discrete_gaussian,,,,0.38527347970392556,660.2093883957616,1.0,2.4476318471964995,-0.1406919169059353,0.36297042492040965,exp3,1000,,,0.896260362106675,0.4776104426276676,75.62967611438548,,,60.71034325572562,0.0008291,,,,,discrete_gaussian,2
0.27695531415818203,0.22070042600274087,synthetic_discrete_gaussian,,,,0.09378146494040754,291.07834324943434,1.0,0.4742163419286717,-0.02857619451351507,0.07845044737615887,fixed_share,1000,,,0.2288027607389354,0.11723030982754881,28.106465821840892,,,14.777827251261304,0.0842289,,,,,discrete_gaussian,2
0.24598160759727186,0.1823856232643278,synthetic_discrete_gaussian,,,,0.06720953361047552,207.0425135396278,1.0,0.3642461955227863,0.0005700711205860661,0.05123963249820579,passive_aggressive,1000,,,0.19221386890841252,0.09028952588055496,21.214270145516014,,,10.59069484534682,0.0001304,,,,,discrete_gaussian,2
0.6431896570557883,0.4862055530901742,synthetic_discrete_gaussian,,,,0.22650528165634431,285.8151647610317,1.0,1.237491801220783,-0.14259338248949807,0.20893166121532325,dma,1000,,,0.4955320131211231,0.2735860607207206,52.68870739493276,,,35.6920839948781,0.0007299,,,,,discrete_gaussian,2
0.2764290702083526,0.22044344378830716,synthetic_discrete_gaussian,,,,0.09366438917096087,296.1704479721022,1.0,0.4575819886793785,-0.01542025244094838,0.07710298343086577,ensemble_mean,1000,,,0.2291989461908302,0.11699973376663979,27.93317161841984,,,14.759378771092106,,,,,,discrete_gaussian,2
0.8018810049322315,0.6263768921038638,synthetic_discrete_gaussian,,,,0.35140179494419216,643.8136589269161,1.0,1.3644169109542288,-0.19194608588598533,0.3689478736854264,oracle_best_member,1000,,,0.6640179010092825,0.39145133463268167,75.6833886262202,,,55.372935630385264,,true,5,0.39145133463268167,,discrete_gaussian,2
0.8018810049322315,0.6263768921038638,synthetic_discrete_gaussian,,,,0.35140179494419216,643.8136589269161,1.0,1.3644169109542288,-0.19194608588598533,0.3689478736854264,validation_best_member,1000,,,0.6640179010092825,0.39145133463268167,75.6833886262202,,,55.372935630385264,,,,,5,discrete_gaussian,2
0.21312315293387074,0.1744697830490444,synthetic_discrete_gaussian,0.0070274,0.0,cholesky,0.07236191118517453,49.279086842002116,1.0,0.30166334491889213,-0.012922206543922895,0.061040403751923655,adaptive_ridge,1000,110,quadratic,0.18640217609464332,0.09102871693680878,23.48358113075552,0.0010298,1,11.303297344496237,,,,,,discrete_gaussian,3
0.20662549801984745,0.16845309116033236,synthetic_discrete_gaussian,0.0001672,0.0,,0.07121143239418425,45.72874048716858,1.0,0.264066345415364,-0.0148745034811597,0.06016759604637252,static_ridge,1000,,,0.1759028380143603,0.0891585935992755,23.54575204037339,,,11.123586725330554,,,,,,discrete_gaussian,3
0.21223591611898038,0.17369546671758446,synthetic_discrete_gaussian,,,,0.07443857139936695,47.19465384623114,1.0,0.2609369077351106,-0.015989220133451724,0.06536328351252983,rolling_ridge,1000,,,0.18118553657975275,0.0925074840577188,24.077964869033536,,,11.627682196969719,0.0090967,,,,,discrete_gaussian,3
0.21156484264580985,0.17251559018961335,synthetic_discrete_gaussian,,,,0.07175481747570259,46.362603860343086,1.0,0.2606818797084277,-0.010349914606790358,0.061413604899150764,rls,1000,,,0.18379000064348056,0.09010926377143916,23.4420781302398,,,11.208466229594167,0.0102688,,,,,discrete_gaussian,3
0.3615872517877942,0.28692368898305376,synthetic_discrete_gaussian,,,,0.11290949603813923,59.66264594500157,1.0,0.5006870172522673,0.06538609212183441,0.09136155742473606,hedge,1000,,,0.29983087125947605,0.1459579495741163,30.724025282752045,,,17.637035642554793,0.0010838,,,,,discrete_gaussian,3
0.8421693224911544,0.5129782064443388,synthetic_discrete_gaussian,,,,0.19493750898399564,147.3287943137324,1.0,1.8637438042136227,-0.049331713302967206,0.1929158604093441,exp3,1000,,,0.524443115282383,0.2711979583067219,45.69363074320938,,,30.45022708152225,0.0020198,,,,,discrete_gaussian,3
0.27581403308410024,0.22995239318491234,synthetic_discrete_gaussian,,,,0.1253522047619552,74.24710681228501,1.0,0.36081211227677035,0.0003380950461295934,0.12190720971143476,fixed_share,1000,,,0.23705348177436833,0.13993317329971253,35.33049805064669,,,19.580649819857836,0.0026496,,,,,discrete_gaussian,3
0.2226530433394864,0.17672756802566933,synthetic_discrete_gaussian,,,,0.07436611592894457,43.51573321327702,1.0,0.35157396023815013,-0.012317777705260824,0.06195267888322206,passive_aggressive,1000,,,0.190855200267782,0.09346192676390952,23.98307095010372,,,11.6163642851981,0.0003523,,,,,discrete_gaussian,3
0.2536500232716395,0.21781942921566497,synthetic_discrete_gaussian,,,,0.14663735252776064,83.62058946120976,1.0,0.40603735373729033,-0.06947139204197438,0.19001570852756944,dma,1000,,,0.20264197523422636,0.16288914590341633,39.2262738115578,,,22.905497799657066,0.0027871,,,,,discrete_gaussian,3
0.370489626472295,0.2905063043063567,synthetic_discrete_gaussian,,,,0.11411180127344592,60.62208735840735,1.0,0.5166159989417736,0.06978993804709567,0.09102713895585868,ensemble_mean,1000,,,0.30500494012605633,0.14757096652321705,30.536683032835302,,,17.824841815041573,,,,,,discrete_gaussian,3
0.24969742872485434,0.2167166354611804,synthetic_discrete_gaussian,,,,0.14701376748743888,86.4070970765696,1.0,0.4052432005311072,-0.0723087687988268,0.19151135942312503,oracle_best_member,1000,,,0.20247719977417694,0.16334103423629986,39.26751750315559,,,22.964295724483456,,true,10,0.16334103423629986,,discrete_gaussian,3
0.24969742872485434,0.2167166354611804,synthetic_discrete_gaussian,,,,0.14701376748743888,86.4070970765696,1.0,0.4052432005311072,-0.0723087687988268,0.19151135942312503,validation_best_member,1000,,,0.20247719977417694,0.16334103423629986,39.26751750315559,,,22.964295724483456,,,,,10,discrete_gaussian,3
0.21499806403865057,0.16509431843763145,synthetic_discrete_gaussian,0.0189519,0.0,cholesky,0.06269078030572771,29.986747074023047,1.0,0.3513513762916052,-0.005192451405176423,0.04940251465590814,adaptive_ridge,1000,110,quadratic,0.17545443547412296,0.08303307232248824,18.070599534324195,0.0009004,1,9.744584935580331,,,,,,discrete_gaussian,4
0.21274758648076564,0.16269166518873665,synthetic_discrete_gaussian,0.000141,0.0,,0.06173538220373256,29.275297462326115,1.0,0.35912118018538935,-0.005436960463653031,0.04816003377211127,static_ridge,1000,,,0.1745020535737395,0.08178224842678958,17.76705247826337,,,9.596078920712092,,,,,,discrete_gaussian,4
0.2220389245433725,0.16736801710421867,synthetic_discrete_gaussian,,,,0.06286313349276865,29.698481054043878,1.0,0.40284967881562694,-0.008774592625888564,0.04732864263737406,rolling_ridge,1000,,,0.17366023247303727,0.08390863798200361,17.780692871114553,,,9.77137532264918,0.0100356,,,,,discrete_gaussian,4
0.21863452997035487,0.1651404549345444,synthetic_discrete_gaussian,,,,0.06166677742933351,29.708530005383217,1.0,0.38126121581970457,-0.006346956564393122,0.04662219323825968,rls,1000,,,0.17337358533465652,0.08223469053923348,17.540945220687433,,,9.585415071133932,0.0032625,,,,,discrete_gaussian,4
0.29561637718546957,0.2315981036469424,synthetic_discrete_gaussian,,,,0.09250154283283578,37.174293590903794,1.0,0.44240237223917256,0.01811008312610932,0.07451037681280415,hedge,1000,,,0.24766862985694924,0.1185156596997963,24.03676291038939,,,14.378336597677276,0.0008373,,,,,discrete_gaussian,4
1.0620923483580742,0.7109089694164374,synthetic_discrete_gaussian,,,,0.2582919753279943,111.71246273885558,1.0,1.8885656769559698,-0.09813940490384646,0.19572576292166682,exp3,1000,,,0.7162652674834911,0.3569682381136294,54.09898165176132,,,40.148616423147324,0.0015608,,,,,discrete_gaussian,4
0.2509462297816026,0.19717720887883122,synthetic_discrete_gaussian,,,,0.08599971633125147,39.975738462672815,1.0,0.3708952484334227,-0.02125033604727013,0.0775556702304131,fixed_share,1000,,,0.21045622022626134,0.10660155177416475,23.675250211525288,,,13.367699941503659,0.0014964,,,,,discrete_gaussian,4
0.22217834390542346,0.169540553116063,synthetic_discrete_gaussian,,,,0.0630119620669898,29.459109631481866,1.0,0.3710142285110244,-0.0030462652652880106,0.04765683820461192,passive_aggressive,1000,,,0.18010145871954794,0.0841829382981306,17.514640165016356,,,9.794509070151866,0.0003019,,,,,discrete_gaussian,4
0.4841007786894282,0.38677404076363825,synthetic_discrete_gaussian,,,,0.16850519137846962,83.92636082142164,1.0,0.7770730727593629,-0.1425317342289341,0.14778075831115278,dma,1000,,,0.4055214403179637,0.20823075848432715,40.938631966714865,,,26.19225891695743,0.0016208,,,,,discrete_gaussian,4
0.41764150338049577,0.343346019971569,synthetic_discrete_gaussian,,,,0.12878355575533493,54.72774108931652,1.0,0.5734575202249659,0.09616999033144673,0.08926624692869489,ensemble_mean,1000,,,0.3662298963391176,0.1724661765208395,30.957963495474225,,,20.0179722001203,,,,,,discrete_gaussian,4
0.5079318199798654,0.41845950191781944,synthetic_discrete_gaussian,,,,0.19200436508151203,89.60052284461311,1.0,0.6582680527113178,-0.1804540905031957,0.1733092835273688,oracle_best_member,1000,,,0.4426681072107757,0.23160534069480887,45.3234320773546,,,29.84494425519258,,true,1,0.23160534069480887,,discrete_gaussian,4
0.5079318199798654,0.41845950191781944,synthetic_discrete_gaussian,,,,0.19200436508151203,89.60052284461311,1.0,0.6582680527113178,-0.1804540905031957,0.1733092835273688,validation_best_member,1000,,,0.4426681072107757,0.23160534069480887,45.3234320773546,,,29.84494425519258,,,,,1,discrete_gaussian,4
0.15874584127473482,0.1192282270223929,synthetic_discrete_gaussian,0.0056546,0.001,cholesky,0.04376548659967095,18.010585476920372,1.0,0.2804602729940402,-0.007832734014471375,0.03205246632727876,adaptive_ridge,1000,110,quadratic,0.1219491425317254,0.05921201942339614,13.899455037688874,0.000862,1,6.8661161079030295,,,,,,discrete_gaussian,5
0.15730836909021761,0.11815291539757455,synthetic_discrete_gaussian,0.0001235,0.001,,0.0432348596136909,18.64621517981711,1.0,0.27478370027478566,-0.008336848672384501,0.03174105933834025,static_ridge,1000,,,0.1179708865642554,0.05842022964302424,14.004844396627826,,,6.782869084305374,,,,,,discrete_gaussian,5
0.1594263025272297,0.1190140220739319,synthetic_discrete_gaussian,,,,0.044054051882235934,18.800885418883876,1.0,0.3032489171536038,-0.008604347863149361,0.03246066461488867,rolling_ridge,1000,,,0.12292567966923444,0.05956361686766854,14.363817732423117,,,6.911387459571628,0.0099134,,,,,discrete_gaussian,5
0.15824906490095292,0.11736921032300271,synthetic_discrete_gaussian,,,,0.0429260211894189,18.300201530860654,1.0,0.30246478525595794,-0.0056129414782832305,0.03143907324653705,rls,1000,,,0.12200372269011807,0.05840088021101627,14.110770868562842,,,6.73441719574236,0.0030165,,,,,discrete_gaussian,5
0.24505348574049354,0.1876742408338066,synthetic_discrete_gaussian,,,,0.07307855706658044,31.234529696013148,1.0,0.35778991398077997,-0.003461959703397668,0.05585986141030497,hedge,1000,,,0.19331825777059,0.0952528016962285,22.159113733910736,,,11.464875562949443,0.0018169,,,,,discrete_gaussian,5
0.8030957237564426,0.5397132674532427,synthetic_discrete_gaussian,,,,0.20078026857572864,129.7953094197673,1.0,2.8578860858604296,-0.0811326354600395,0.15426928604590967,exp3,1000,,,0.5113350040106327,0.2887140351698793,46.105656821528484,,,31.499264450706963,0.0127261,,,,,discrete_gaussian,5
0.19736643989200559,0.15221170876507414,synthetic_discrete_gaussian,,,,0.06451855129608446,30.627880649286393,1.0,0.3282518419325776,-0.030981403937793958,0.056583676145031736,fixed_share,1000,,,0.1570380756242828,0.08128409215752411,19.957485545901992,,,10.121945366784612,0.0015656,,,,,discrete_gaussian,5
0.17617105572466257,0.13065007771983286,synthetic_discrete_gaussian,,,,0.04849774385864971,21.64524046548873,1.0,0.2774125236544833,-0.0017875322784567963,0.03656092198322353,passive_aggressive,1000,,,0.13664932483014797,0.06494609793069964,15.541881833511779,,,7.608532800074788,0.0002775,,,,,discrete_gaussian,5
0.3914949504165679,0.311384323407395,synthetic_discrete_gaussian,,,,0.1338758496580231,69.29178538598966,1.0,0.5816238342874227,-0.11700477712104236,0.11303702310311908,dma,1000,,,0.3228267656945325,0.1641554852522152,34.65688645502896,,,21.00301400060448,0.0014665,,,,,discrete_gaussian,5
0.2786785686492541,0.21179912293176262,synthetic_discrete_gaussian,,,,0.08332136860544911,38.321105947651944,1.0,0.4727892522526892,-0.04408376818188218,0.06732145353839657,ensemble_mean,1000,,,0.22489853257895887,0.10834655050934172,23.84451639678852,,,13.07181150177595,,,,,,discrete_gaussian,5
0.43012866427269175,0.3312357491474852,synthetic_discrete_gaussian,,,,0.14644750302498433,77.1638689819099,1.0,0.6526340643879294,-0.11270227787368649,0.12965201006914764,oracle_best_member,1000,,,0.35345845679942195,0.17773583433045392,36.761625475326355,,,22.975308573161904,,true,1,0.17773583433045392,,discrete_gaussian,5
0.43012866427269175,0.3312357491474852,synthetic_discrete_gaussian,,,,0.14644750302498433,77.1638689819099,1.0,0.6526340643879294,-0.11270227787368649,0.12965201006914764,validation_best_member,1000,,,0.35345845679942195,0.17773583433045392,36.761625475326355,,,22.975308573161904,,,,,1,discrete_gaussian,5
0.33772201261252194,0.26192191039460194,synthetic_discrete_gaussian,0.0063396,0.001,cholesky,0.10795859335345619,50.58246733238374,1.0,0.6654585433770464,-0.003508174674340074,0.09133491589473094,adaptive_ridge,1000,110,quadratic,0.27391678672806813,0.13705803328287855,29.65429693218216,0.0008965,1,16.921772287198383,,,,,,discrete_gaussian,6
0.33213258340123875,0.25661226125461145,synthetic_discrete_gaussian,0.000128,0.0,,0.1061986367417109,51.37022878267149,1.0,0.6763576586742273,-0.0041762681669312365,0.08924479678211653,static_ridge,1000,,,0.2674918539461598,0.13506995579548242,29.155310267703772,,,16.64591110659002,,,,,,discrete_gaussian,6
0.33593262708198735,0.26062778892240246,synthetic_discrete_gaussian,,,,0.10924849036614356,51.630873600575875,1.0,0.6768560199480196,0.0042887156555540505,0.0899916692142872,rolling_ridge,1000,,,0.2689361641255746,0.1378902429275698,30.16481001374663,,,17.1239548355683,0.0029278,,,,,discrete_gaussian,6
0.3312942975105228,0.2557029505598697,synthetic_discrete_gaussian,,,,0.1069598545583636,52.42440603644813,1.0,0.6599116472303865,0.0025476944673802466,0.08801018106335728,rls,1000,,,0.26683471386044005,0.13488600967613415,29.5395091101266,,,16.76522680119325,0.0030033,,,,,discrete_gaussian,6
0.45841598762332125,0.3815942247391138,synthetic_discrete_gaussian,,,,0.16204878351277044,73.59998373429097,1.0,0.6369190511406586,-0.08070461099090796,0.13505941414539369,hedge,1000,,,0.3983752863866031,0.20294361554795326,38.3522179444668,,,25.400040226930408,0.0012496,,,,,discrete_gaussian,6
1.0785119302332056,0.8647897014315076,synthetic_discrete_gaussian,,,,0.33886817867407104,136.25505940176964,1.0,1.805266906380319,-0.051277021087552235,0.28389015450606003,exp3,1000,,,0.8956750924890357,0.44813629570119345,63.08624589117175,,,53.11527296512992,0.0017921,,,,,discrete_gaussian,6
0.44641051977467383,0.35464869264141746,synthetic_discrete_gaussian,,,,0.14426731405530585,65.46044170952382,1.0,0.6415778476605402,-0.0683165263180211,0.12071610221785542,fixed_share,1000,,,0.36253251848906826,0.18425289359485178,35.680777748085355,,,22.612916314470176,0.0027109,,,,,discrete_gaussian,6
0.3244660760464326,0.25456357682456787,synthetic_discrete_gaussian,,,,0.10615201652459673,50.532483313673794,1.0,0.6590671446328185,-0.004077979235527418,0.08892704538534912,passive_aggressive,1000,,,0.2618248335183583,0.1346403716036688,29.922556188059012,,,16.638603705914623,0.0003127,,,,,discrete_gaussian,6
0.6904797924898929,0.5306585012178544,synthetic_discrete_gaussian,,,,0.2024302818208543,78.76921729058941,1.0,1.0216347497972778,-0.05538789865786263,0.15646569158909376,dma,1000,,,0.558261037013546,0.26817663530145674,46.80680490690819,,,31.72956433204794,0.0027223,,,,,discrete_gaussian,6
0.5583216747923367,0.49085964348992367,synthetic_discrete_gaussian,,,,0.20991558571983177,90.90963371321384,1.0,0.6804866072675879,-0.15009386627602633,0.1702379811657741,ensemble_mean,1000,,,0.5111833909709486,0.2647451299558196,46.901605530245725,,,32.90283460303299,,,,,,discrete_gaussian,6
0.9693086270268881,0.8172153662207199,synthetic_discrete_gaussian,,,,0.2947274871866471,118.2441174120126,1.0,1.311238553120182,-0.2936179991948404,0.05906719189433904,oracle_best_member,1000,,,0.8428662083257144,0.4175987478548521,56.24819466364001,,,46.196520999696396,,true,8,0.4175987478548521,,discrete_gaussian,6
0.9693086270268881,0.8172153662207199,synthetic_discrete_gaussian,,,,0.2947274871866471,118.2441174120126,1.0,1.311238553120182,-0.2936179991948404,0.05906719189433904,validation_best_member,1000,,,0.8428662083257144,0.4175987478548521,56.24819466364001,,,46.196520999696396,,,,,8,discrete_gaussian,6
0.2670965103898796,0.21156516094678654,synthetic_discrete_gaussian,0.0057732,0.001,cholesky,0.08547810719595748,47.621269087506455,1.0,0.3922007019963425,0.006640225749653813,0.06762968388935778,adaptive_ridge,1000,110,quadratic,0.21888177275731022,0.10949616648204534,25.06774160988218,0.0009499,1,13.320902191937138,,,,,,discrete_gaussian,7
0.2625334174537646,0.20675478386892548,synthetic_discrete_gaussian,0.0001366,0.0001,,0.08359166704627387,47.929164591412146,1.0,0.40818105922766623,0.007248260302300217,0.06558521910951576,static_ridge,1000,,,0.21581602848633186,0.1073987524312796,24.515806962654345,,,13.026919492165016,,,,,,discrete_gaussian,7
0.27314592364464757,0.21598541744616578,synthetic_discrete_gaussian,,,,0.08573222648688446,45.70781864332747,1.0,0.43981940134771214,0.016982742566925335,0.06910826112494345,rolling_ridge,1000,,,0.2277716890023549,0.11075445346922054,24.991520408332224,,,13.360504124298165,0.0098358,,,,,discrete_gaussian,7
0.26684137108725475,0.21066801109052508,synthetic_discrete_gaussian,,,,0.08315528963685441,45.921591636412224,1.0,0.4384492902962953,0.009972684377495378,0.06692826919517553,rls,1000,,,0.22562016218914188,0.10767320975195467,24.580976721249563,,,12.958914467482831,0.1104151,,,,,discrete_gaussian,7
0.2843550902889783,0.22614460162857652,synthetic_discrete_gaussian,,,,0.0936791077726849,48.77438474205386,1.0,0.5270624098073619,-0.0022114626522361813,0.07931974206722131,hedge,1000,,,0.2285559885485528,0.11852357767683663,27.04710751462539,,,14.59894554294588,0.002456,,,,,discrete_gaussian,7
1.1070837205868675,0.8328554010492946,synthetic_discrete_gaussian,,,,0.34749298072742146,170.31606597379516,1.0,1.6897272841355901,-0.06905077032827077,0.30587774871801315,exp3,1000,,,0.8627262675837596,0.4363786877486613,70.61815480868718,,,54.15328158873404,0.0025435,,,,,discrete_gaussian,7
0.2867568564049283,0.22636950203613973,synthetic_discrete_gaussian,,,,0.09330248508145932,46.9879954588156,1.0,0.5351942971538308,-0.009480833746166414,0.07725810579297282,fixed_share,1000,,,0.23120110251806641,0.11829664949498138,26.715354605353372,,,14.540252689329238,0.0259087,,,,,discrete_gaussian,7
0.2636117494667496,0.20859310451912677,synthetic_discrete_gaussian,,,,0.08296600026633173,45.02283891038392,1.0,0.4313568817857337,0.0069544428936661315,0.06680784415126945,passive_aggressive,1000,,,0.21915788614575152,0.1068073255288939,24.37225688156289,,,12.929415625341587,0.0003717,,,,,discrete_gaussian,7
0.6473726256162058,0.4642916737836098,synthetic_discrete_gaussian,,,,0.17720201072039998,87.12625781879372,1.0,1.3341047571218971,-0.0514238887948756,0.13808282749179662,dma,1000,,,0.4767020002357942,0.237410338663207,42.948883033844716,,,27.61514884284522,0.0018117,,,,,discrete_gaussian,7
0.2846714517313503,0.226962332641608,synthetic_discrete_gaussian,,,,0.0944319895437839,49.75588560962173,1.0,0.504638090013583,0.007592313160692983,0.0781108028212113,ensemble_mean,1000,,,0.23270780077059844,0.1190013799673798,27.535244828563307,,,14.716274585011714,,,,,,discrete_gaussian,7
0.7315115494435994,0.6210379179364361,synthetic_discrete_gaussian,,,,0.3227273956901155,168.20492797330735,1.0,0.955248149475339,-0.06260000470295086,0.32106911714400116,oracle_best_member,1000,,,0.6310420751395492,0.369843199180744,69.4890547315567,,,50.29381456460161,,true,2,0.369843199180744,,discrete_gaussian,7
0.7315115494435994,0.6210379179364361,synthetic_discrete_gaussian,,,,0.3227273956901155,168.20492797330735,1.0,0.955248149475339,-0.06260000470295086,0.32106911714400116,validation_best_member,1000,,,0.6310420751395492,0.369843199180744,69.4890547315567,,,50.29381456460161,,,,,2,discrete_gaussian,7
0.22050335475534152,0.16590841547154522,synthetic_discrete_gaussian,0.0058714,0.01,cholesky,0.0610557414447225,35.648222430703754,1.0,0.33900844054018364,-0.000311208694284933,0.04583707725253977,adaptive_ridge,1000,110,quadratic,0.1766231835555223,0.08205673942201962,19.521247912501913,0.0009739,1,9.542701252157759,,,,,,discrete_gaussian,8
0.22077884931418368,0.1632535976257631,synthetic_discrete_gaussian,0.0001385,0.001,,0.05977837417897916,33.83404898218973,1.0,0.31784950837924997,-0.000838386175610372,0.04513509504441554,static_ridge,1000,,,0.17391037737765844,0.0805968803622243,19.307952703719742,,,9.343055257893482,,,,,,discrete_gaussian,8
0.22116730148077943,0.16439145663870997,synthetic_discrete_gaussian,,,,0.06240951863609459,34.23250307863719,1.0,0.31972905991389705,0.0035113789126547776,0.048776164779891495,rolling_ridge,1000,,,0.17827583498897442,0.08234840890577536,20.135042268572267,,,9.754289728418343,0.0030869,,,,,discrete_gaussian,8
0.22074579918595028,0.1632376028765967,synthetic_discrete_gaussian,,,,0.060956492717948625,33.81425856104701,1.0,0.3201941830058479,0.0015134271634293396,0.04631846016446031,rls,1000,,,0.171466561817442,0.08128362973819299,19.69130038767237,,,9.527189181927353,0.0108362,,,,,discrete_gaussian,8
0.2970955954504031,0.22692024927123128,synthetic_discrete_gaussian,,,,0.0876758219331599,46.586182095014536,1.0,0.42892292018874234,0.021001991373651007,0.06908571519177348,hedge,1000,,,0.2358889050920649,0.11517721901812378,25.97032715538793,,,13.70328417849137,0.0008625,,,,,discrete_gaussian,8
0.9489545856892424,0.7358542793597626,synthetic_discrete_gaussian,,,,0.29751654759458085,145.73238080742183,1.0,1.5478371284085832,0.05710390997394532,0.23795442874038886,exp3,1000,,,0.7597489725122755,0.38374239811159183,60.837721958391334,,,46.500320266176466,0.001722,,,,,discrete_gaussian,8
0.29819162713429437,0.22761892077732346,synthetic_discrete_gaussian,,,,0.08788162077742936,46.75032586612822,1.0,0.4298431819886331,0.02203203266748806,0.06907695712793799,fixed_share,1000,,,0.23565469896472896,0.11546774791024275,25.9880537073173,,,13.735449489114629,0.0021291,,,,,discrete_gaussian,8
0.2249685392601286,0.16836795988523023,synthetic_discrete_gaussian,,,,0.06240365575855964,34.66660155899369,1.0,0.34804294952333914,0.0017351539918553018,0.04666857700554149,passive_aggressive,1000,,,0.17698642951179827,0.08342573043023988,19.770945570887594,,,9.753373390536431,0.0002529,,,,,discrete_gaussian,8
0.5753659526240323,0.4553462272527797,synthetic_discrete_gaussian,,,,0.17733325627295257,104.10748170236843,1.0,0.9079146425112246,0.11072542196839795,0.13840937232402917,dma,1000,,,0.4614384137534461,0.23263287096928817,42.230437847782596,,,27.71628427798562,0.0022077,,,,,discrete_gaussian,8
0.2970181860112734,0.2268751857920038,synthetic_discrete_gaussian,,,,0.08766702680619919,46.57685943548113,1.0,0.4289930338823319,0.020882421315350137,0.06911666874834899,ensemble_mean,1000,,,0.23603535579696563,0.1151609478542448,25.970888350018935,,,13.701909544966744,,,,,,discrete_gaussian,8
0.7791416043708611,0.6288244558985845,synthetic_discrete_gaussian,,,,0.26843489341160237,125.51307150532121,1.0,1.1662433058708739,0.09651978645841561,0.23292829284729993,oracle_best_member,1000,,,0.6387710151821872,0.3355530811441588,59.97955934546687,,,41.955005915388,,true,1,0.3355530811441588,,discrete_gaussian,8
0.7791416043708611,0.6288244558985845,synthetic_discrete_gaussian,,,,0.26843489341160237,125.51307150532121,1.0,1.1662433058708739,0.09651978645841561,0.23292829284729993,validation_best_member,1000,,,0.6387710151821872,0.3355530811441588,59.97955934546687,,,41.955005915388,,,,,1,discrete_gaussian,8
0.2972890438860876,0.2232378644247928,synthetic_discrete_gaussian,0.0066633,0.01,cholesky,0.08834882568657193,72.2968631031662,1.0,0.46324838202071916,0.010562971714737994,0.06886011260184075,adaptive_ridge,1000,110,quadratic,0.23336400332262172,0.11447533452019647,25.50699145586369,0.0009717,1,13.867441941658763,,,,,,discrete_gaussian,9
0.2956040696960518,0.21902608677142973,synthetic_discrete_gaussian,0.0001291,0.01,,0.08646543685912646,61.0604710862297,1.0,0.4443913663850153,0.011226404389126162,0.06856841731482988,static_ridge,1000,,,0.22324908616820022,0.11221242822667275,25.050885892890136,,,13.571820749014677,,,,,,discrete_gaussian,9
0.30060390534780684,0.22781306822613231,synthetic_discrete_gaussian,,,,0.08997500552814015,75.49575224182999,1.0,0.492523124418428,0.02028793910837887,0.0712143681318303,rolling_ridge,1000,,,0.23047253204041293,0.11698345439294461,25.96513107998429,,,14.122690999746364,0.002944,,,,,discrete_gaussian,9
0.2936504425709265,0.22305134315355843,synthetic_discrete_gaussian,,,,0.08748734679050456,70.69465063175815,1.0,0.44735862596195225,0.01372134696090045,0.0690820860935493,rls,1000,,,0.2255273631807016,0.11378064286215159,25.06132920087812,,,13.732222163893294,0.0036941,,,,,discrete_gaussian,9
0.31579638545233135,0.24714628436587446,synthetic_discrete_gaussian,,,,0.10815245085507275,74.41591497765738,1.0,0.4245141486435031,0.06201168933462914,0.09527759699863059,hedge,1000,,,0.25868984876292805,0.13364240405311975,29.33270542553857,,,16.975866078871686,0.000855,,,,,discrete_gaussian,9
1.056420734373449,0.8128256234535669,synthetic_discrete_gaussian,,,,0.3172925984110411,241.0641931805415,1.0,1.7424453422593875,0.0009245412660770464,0.2367365321596274,exp3,1000,,,0.8259445622961663,0.4153758331507326,62.148958583978015,,,49.8030013731345,0.0247914,,,,,discrete_gaussian,9
0.31579862677266607,0.2472865389176216,synthetic_discrete_gaussian,,,,0.10836488320395848,74.1900122467864,1.0,0.4245934365192665,0.062409661393647294,0.09589410808174276,fixed_share,1000,,,0.26017119717326054,0.13383512677190287,29.38428937532443,,,17.0092099659218,0.0014994,,,,,discrete_gaussian,9
0.29068349775288227,0.22056747636662213,synthetic_discrete_gaussian,,,,0.0842874767498196,70.3911489063406,1.0,0.44204745049558475,0.006374623530376639,0.0648664557379835,passive_aggressive,1000,,,0.22742962483922857,0.1114357315765031,23.92427898858001,,,13.229962946917686,0.0099494,,,,,discrete_gaussian,9
0.661641236004426,0.4973391463986524,synthetic_discrete_gaussian,,,,0.1870227454528933,129.51367425447233,1.0,1.093264611173907,-0.027581752454702672,0.14130275019629165,dma,1000,,,0.529811794280025,0.24818435059549998,43.298235996081324,,,29.355535222827655,0.0015824,,,,,discrete_gaussian,9
0.3156610620763505,0.24699813414724348,synthetic_discrete_gaussian,,,,0.10804420689292032,74.42102803813877,1.0,0.42421628881278806,0.06173008069735329,0.09543829911014101,ensemble_mean,1000,,,0.2581233096633844,0.13352605161466555,29.3039443289323,,,16.958875848961796,,,,,,discrete_gaussian,9
0.762018946715133,0.6301335841678198,synthetic_discrete_gaussian,,,,0.2704637343797844,196.51449661042085,1.0,1.253088206778569,-0.15403918610265407,0.2312026902638865,oracle_best_member,1000,,,0.6544907448144572,0.3369850225735359,58.89600638232707,,,42.4526314264971,,true,7,0.3369850225735359,,discrete_gaussian,9
0.762018946715133,0.6301335841678198,synthetic_discrete_gaussian,,,,0.2704637343797844,196.51449661042085,1.0,1.253088206778569,-0.15403918610265407,0.2312026902638865,validation_best_member,1000,,,0.6544907448144572,0.3369850225735359,58.89600638232707,,,42.4526314264971,,,,,7,discrete_gaussian,9
0.19201512416644914,0.1530791893757792,synthetic_discrete_gaussian,0.009489000000000001,0.001,cholesky,0.061619314010107125,45.38575687376023,1.0,0.27913688024596284,0.0021682663426586665,0.05105574966513873,adaptive_ridge,1000,110,quadratic,0.15829104781380282,0.07891057392037143,20.08883562473394,0.0012194,1,9.54860864849523,,,,,,discrete_gaussian,10
0.18731475240789067,0.14895104804941722,synthetic_discrete_gaussian,0.0001678,0.0,,0.06036658722401726,46.25669490285597,1.0,0.2894076924819042,0.003100613352354458,0.0497162800376762,static_ridge,1000,,,0.15179944331881182,0.07715550434383826,19.948406874984336,,,9.354484484407697,,,,,,discrete_gaussian,10
0.1879400873543939,0.1514409439520401,synthetic_discrete_gaussian,,,,0.062095868965353226,43.35654711238801,1.0,0.28621171083267954,0.001999150065071866,0.051984595538103584,rolling_ridge,1000,,,0.15705825580099947,0.0789671990791219,20.279072986152958,,,9.622456221131301,0.0185679,,,,,discrete_gaussian,10
0.18744298789310565,0.15034645862615398,synthetic_discrete_gaussian,,,,0.06086661524023464,44.406577151543694,1.0,0.2851712543010714,0.0026425072579862,0.05087373624706465,rls,1000,,,0.15291776775240878,0.07801579726465888,19.92439600757836,,,9.431969472951387,0.0405501,,,,,discrete_gaussian,10
0.39012096755683656,0.32017608277946724,synthetic_discrete_gaussian,,,,0.13338996657562033,87.39296340292277,1.0,0.5547986738417929,-0.11846061083266687,0.10599818504262609,hedge,1000,,,0.336396783235447,0.16835361897694068,35.894419989352826,,,20.670281857690608,0.0011873,,,,,discrete_gaussian,10
0.7023963040899943,0.47118989883150086,synthetic_discrete_gaussian,,,,0.17940390234475442,95.63562104163232,1.0,1.6246909216074878,-0.07058062483600085,0.14028696592754492,exp3,1000,,,0.42627001313352075,0.247380965190692,43.72245321626317,,,27.80066089703516,0.0016984,,,,,discrete_gaussian,10
0.31157020882489433,0.25579709825638003,synthetic_discrete_gaussian,,,,0.12100785155301876,76.9698729455389,1.0,0.4590595711662344,-0.10430177667505332,0.11288669484156416,fixed_share,1000,,,0.26236057500478455,0.14399853369650695,33.51118544099343,,,18.751533288498763,0.0018032,,,,,discrete_gaussian,10
0.18867897391722666,0.15138480566331525,synthetic_discrete_gaussian,,,,0.06058170099613651,41.716866356020375,1.0,0.29046661054232165,0.0023761447204119776,0.05096247370070223,passive_aggressive,1000,,,0.16028247989809216,0.07789748668947159,19.73497185585831,,,9.38781879294173,0.0004522,,,,,discrete_gaussian,10
0.40709825392236854,0.34197069126059026,synthetic_discrete_gaussian,,,,0.14981831398200485,84.41518973704554,1.0,0.5568458537997747,-0.06163727170106159,0.1328886704932174,dma,1000,,,0.3566788673086037,0.18401926165406948,39.458829906547166,,,23.216039833823825,0.0017286,,,,,discrete_gaussian,10
0.4113394390673944,0.34021500066157634,synthetic_discrete_gaussian,,,,0.13925766178661528,90.71779642786737,1.0,0.5823849147792907,-0.11967696210781137,0.1063563515962394,ensemble_mean,1000,,,0.3505345125455411,0.17756224713295066,36.888129119817684,,,21.579547501726346,,,,,,discrete_gaussian,10
0.41520948254880197,0.3483402322728471,synthetic_discrete_gaussian,,,,0.15176071767209276,88.20167571073789,1.0,0.5573332280548464,-0.05608697162086504,0.13257432040596756,oracle_best_member,1000,,,0.36412763333337494,0.1868079738897549,39.513634090283304,,,23.51703722355459,,true,1,0.1868079738897549,,discrete_gaussian,10
0.41520948254880197,0.3483402322728471,synthetic_discrete_gaussian,,,,0.15176071767209276,88.20167571073789,1.0,0.5573332280548464,-0.05608697162086504,0.13257432040596756,validation_best_member,1000,,,0.36412763333337494,0.1868079738897549,39.513634090283304,,,23.51703722355459,,,,,1,discrete_gaussian,10
0.2474655796189558,0.1961890829542584,synthetic_discrete_gaussian,0.0064800000000000005,0.001,cholesky,0.08299104733530244,34.23790127489813,1.0,0.3706051463021838,0.01653549535688124,0.06824145946118837,adaptive_ridge,1000,110,quadratic,0.19690778235337855,0.1037642301043389,24.406386478312182,0.0009845,1,12.9584714170966,,,,,,discrete_gaussian,11
0.24229578537677576,0.19150350401944793,synthetic_discrete_gaussian,0.0072357,0.0,,0.08072805031190511,33.83965809697344,1.0,0.3882295165182269,0.016308631075259827,0.06818692985265484,static_ridge,1000,,,0.19600442778602284,0.1013779768858103,23.942415679489844,,,12.60512026433684,,,,,,discrete_gaussian,11
0.251014533643361,0.19735195899049407,synthetic_discrete_gaussian,,,,0.08390202651412383,33.20090288431074,1.0,0.4132211383302069,0.02353296895934753,0.07087246138488495,rolling_ridge,1000,,,0.20051537134422548,0.10492921390761929,25.063044978569753,,,13.100714442451283,0.0032376,,,,,discrete_gaussian,11
0.24708154383917155,0.1938518455924928,synthetic_discrete_gaussian,,,,0.08171359238577869,33.62140873037191,1.0,0.3968578296611199,0.015638822042517753,0.06834253732553308,rls,1000,,,0.19626419374628484,0.10269489593738312,24.470456203393905,,,12.759005764094887,0.0051451,,,,,discrete_gaussian,11
0.35856234492634215,0.2848698590757119,synthetic_discrete_gaussian,,,,0.11704755967980478,49.437389772736644,1.0,0.4892845219049797,0.09177522398200494,0.09696644725532448,hedge,1000,,,0.3018733807032907,0.14845616534699324,31.791856176385547,,,18.276157552556466,0.0011516,,,,,discrete_gaussian,11
0.9534143963581713,0.7085019538655682,synthetic_discrete_gaussian,,,,0.2997536407259118,137.19588085361804,1.0,1.4411491279680173,-0.05529486398247552,0.2609194017362417,exp3,1000,,,0.7082464303051843,0.3787779307994158,62.922167850474146,,,46.80443385445819,0.0016748,,,,,discrete_gaussian,11
0.2580985869307593,0.2129841002622969,synthetic_discrete_gaussian,,,,0.0937370005264253,38.20040565746632,1.0,0.37697089235021636,0.04967272109343595,0.08097837263424679,fixed_share,1000,,,0.2147334712488565,0.11507962953276912,27.16502551600974,,,14.636376826749013,0.001451,,,,,discrete_gaussian,11
0.24568501682297927,0.19201712681876487,synthetic_discrete_gaussian,,,,0.0807231623356965,32.92799331285313,1.0,0.41442002774166065,0.01249088792016982,0.06888386202966612,passive_aggressive,1000,,,0.19498166555555643,0.10168193195384057,24.30854562145848,,,12.604357041049262,0.0002894,,,,,discrete_gaussian,11
0.49938017286938463,0.39349871066081826,synthetic_discrete_gaussian,,,,0.1630368445290749,79.72005241322556,1.0,0.941495856835715,-0.020879245514595954,0.13566361305739352,dma,1000,,,0.39976755949624476,0.20719678422642487,40.97932745209384,,,25.457062630235573,0.0016405,,,,,discrete_gaussian,11
0.380490621328736,0.30408798362304845,synthetic_discrete_gaussian,,,,0.1229022384157922,52.27876418754598,1.0,0.5333414446223244,0.09124150428026409,0.0995727461619049,ensemble_mean,1000,,,0.32134237380597797,0.15691079402339783,33.05562779722419,,,19.190324676512063,,,,,,discrete_gaussian,11
0.7352384293872867,0.5932192765225208,synthetic_discrete_gaussian,,,,0.25062343050946956,122.54015461359855,1.0,1.118947390237646,-0.19610102670933688,0.2120600362570989,oracle_best_member,1000,,,0.6129857039749896,0.3137826589482621,56.15230510635768,,,39.133095255325976,,true,6,0.3137826589482621,,discrete_gaussian,11
0.7352384293872867,0.5932192765225208,synthetic_discrete_gaussian,,,,0.25062343050946956,122.54015461359855,1.0,1.118947390237646,-0.19610102670933688,0.2120600362570989,validation_best_member,1000,,,0.6129857039749896,0.3137826589482621,56.15230510635768,,,39.133095255325976,,,,,6,discrete_gaussian,11
0.2335569175524612,0.18313249637710943,synthetic_discrete_gaussian,0.0067415999999999995,0.01,cholesky,0.075901288810579,49.886360144433404,1.0,0.4034520070302827,0.0028790245824887525,0.06131181196081646,adaptive_ridge,1000,110,quadratic,0.18315369465086362,0.09600352010579159,24.303939437013856,0.0009209,1,12.008511695703248,,,,,,discrete_gaussian,12
0.231644504954779,0.18092873236422027,synthetic_discrete_gaussian,0.0001431,0.001,,0.07447107297537504,50.7961897217558,1.0,0.3971279239742871,0.002634335801452246,0.061341311354666556,static_ridge,1000,,,0.18302315907120564,0.09467860152329043,23.72019489275871,,,11.782234067832018,,,,,,discrete_gaussian,12
0.23789082083994606,0.1858950815794131,synthetic_discrete_gaussian,,,,0.07691840374497454,51.652843959937215,1.0,0.37997688221341663,-0.0003167773615891198,0.0639421893683953,rolling_ridge,1000,,,0.18937594953878314,0.09746881017196785,24.357159316199713,,,12.169431711383677,0.0167752,,,,,discrete_gaussian,12
0.23394536802169635,0.18275840741832072,synthetic_discrete_gaussian,,,,0.07582382846540524,50.110055235161276,1.0,0.38315478157518656,-0.00034860947232990956,0.06342148887128914,rls,1000,,,0.18346727002486812,0.09617610098858034,23.995983033149006,,,11.99625652223322,0.0400415,,,,,discrete_gaussian,12
0.2675250997067436,0.21395720669927934,synthetic_discrete_gaussian,,,,0.09009597026951748,56.9576785130061,1.0,0.41203951712053755,0.013390222328673675,0.0729493444107052,hedge,1000,,,0.21846762187930113,0.11296282991027425,26.749513349578155,,,14.254283816145643,0.0008763,,,,,discrete_gaussian,12
0.9842921015490019,0.7100495073642445,synthetic_discrete_gaussian,,,,0.28597730617900285,191.95683298401948,1.0,2.013776139235721,0.04204024057048181,0.24014483568857192,exp3,1000,,,0.691148064808417,0.3708299539113253,61.67627265774619,,,45.245105580837205,0.001544,,,,,discrete_gaussian,12
0.2676007970728766,0.21386160418198913,synthetic_discrete_gaussian,,,,0.0902760030867628,57.17678569166205,1.0,0.4107634903090309,0.014712229000628943,0.07300064373471646,fixed_share,1000,,,0.21602628224393536,0.11307573567343498,26.73670758057259,,,14.282767208527769,0.0013865,,,,,discrete_gaussian,12
0.23356621748251843,0.18576080634276584,synthetic_discrete_gaussian,,,,0.07522740361101163,49.7667050902175,1.0,0.3704974697714716,-0.0005000449171714598,0.061348788385310535,passive_aggressive,1000,,,0.18879548747690553,0.09598980196843585,24.344913804587776,,,11.901894819660974,0.0002644,,,,,discrete_gaussian,12
0.5307907922192221,0.4109128357195045,synthetic_discrete_gaussian,,,,0.16761427486704497,105.8061083381619,1.0,1.261526484857545,0.02744040989853124,0.13725413238647216,dma,1000,,,0.4199388777530742,0.21484576084085794,44.137684883924855,,,26.518627175500445,0.001551,,,,,discrete_gaussian,12
0.26988288967576074,0.21600613451788012,synthetic_discrete_gaussian,,,,0.09220422363056889,59.12243229407272,1.0,0.43962476161571473,0.027526354222723,0.07608682950103257,ensemble_mean,1000,,,0.2185974975463842,0.11522250197224203,26.941762765583277,,,14.587835268834057,,,,,,discrete_gaussian,12
0.7343636746111747,0.5710519220560225,synthetic_discrete_gaussian,,,,0.2523052077977709,163.72236261961277,1.0,1.1432274253998962,0.22462407075670057,0.21781972825202628,oracle_best_member,1000,,,0.5776724768858046,0.3059878355872596,59.19790134627928,,,39.91776801429067,,true,2,0.3059878355872596,,discrete_gaussian,12
0.7343636746111747,0.5710519220560225,synthetic_discrete_gaussian,,,,0.2523052077977709,163.72236261961277,1.0,1.1432274253998962,0.22462407075670057,0.21781972825202628,validation_best_member,1000,,,0.5776724768858046,0.3059878355872596,59.19790134627928,,,39.91776801429067,,,,,2,discrete_gaussian,12
0.22403257878211597,0.17195673674710482,synthetic_discrete_gaussian,0.0057231,0.001,cholesky,0.06178885528234307,25.716130532165195,1.0,0.3139337130563833,0.0011383624779235243,0.043905010350622165,adaptive_ridge,1000,110,quadratic,0.17723768356386138,0.08396907040265286,19.747855339833805,0.0009004,1,9.578252424841759,,,,,,discrete_gaussian,13
0.2185790367718998,0.1674964839668469,synthetic_discrete_gaussian,0.0001402,0.0,,0.06002325004028423,25.967868567496794,1.0,0.33001381708770317,0.0012491113837657356,0.043734810202518834,static_ridge,1000,,,0.17180952413882897,0.0817426674563531,19.13334295098569,,,9.304555613114351,,,,,,discrete_gaussian,13
0.22335457708184156,0.17032564152723825,synthetic_discrete_gaussian,,,,0.06279027414851888,26.07417964307302,1.0,0.317263021213559,-0.003451713735888108,0.04834387330264611,rolling_ridge,1000,,,0.17841600419956183,0.08405957738113433,19.56927942922151,,,9.733488229735716,0.0129678,,,,,discrete_gaussian,13
0.2223010796663688,0.16913450659470064,synthetic_discrete_gaussian,,,,0.06105942338757786,26.06018546477183,1.0,0.3217847454603546,-0.0010588703615548483,0.04477874492700101,rls,1000,,,0.1785006294417481,0.08265646139740374,19.24237019614011,,,9.465178913722863,0.0036217,,,,,discrete_gaussian,13
0.3446082505784303,0.2610592695398012,synthetic_discrete_gaussian,,,,0.10361542654646058,46.52690587820975,1.0,0.4822559249019215,0.06440762468842984,0.08214062857709048,hedge,1000,,,0.27584696801221653,0.1340837594477216,29.078672969410423,,,16.062034262241063,0.0024102,,,,,discrete_gaussian,13
0.978855783367433,0.7518960157741822,synthetic_discrete_gaussian,,,,0.3133957876142665,110.43041569836998,1.0,1.819649711317857,0.10219686018568648,0.2321095247241295,exp3,1000,,,0.7556265501200639,0.3995046598345287,66.06318053362871,,,48.581316953274865,0.0023069,,,,,discrete_gaussian,13
0.3449447168168952,0.26126127814227057,synthetic_discrete_gaussian,,,,0.10347703498045777,46.41317316738007,1.0,0.484137742747187,0.06467089896753078,0.08230996061883049,fixed_share,1000,,,0.2740557672080697,0.1340256055230213,29.047801844677643,,,16.040581374878332,0.0024289,,,,,discrete_gaussian,13
0.2279528150060245,0.17198193791291613,synthetic_discrete_gaussian,,,,0.06108090615443959,24.922174090618974,1.0,0.30736523050505227,0.0033337267929150556,0.042660623261827846,passive_aggressive,1000,,,0.1838022203428205,0.08351623875997745,19.22263676674812,,,9.468509083263072,0.0003172,,,,,discrete_gaussian,13
0.658828661167706,0.512484095131197,synthetic_discrete_gaussian,,,,0.19409907801247772,78.24285890354015,1.0,1.1611644663193994,0.08771256670144384,0.13981492211326796,dma,1000,,,0.5266720787857634,0.25942542133068924,43.58967157844963,,,30.088435141536497,0.0016283,,,,,discrete_gaussian,13
0.3444308927248636,0.26093289317733676,synthetic_discrete_gaussian,,,,0.10362004982515062,46.555102627157694,1.0,0.4817900392301201,0.06423781571462525,0.08198856587782086,ensemble_mean,1000,,,0.27550321889843854,0.13406001435706028,29.083444811189754,,,16.0627509437546,,,,,,discrete_gaussian,13
0.729183775092917,0.623680124971427,synthetic_discrete_gaussian,,,,0.27770453653813126,106.54671961496369,1.0,1.07807554552869,0.2649857565893468,0.23091243352475643,oracle_best_member,1000,,,0.6396995693509399,0.3431258462105387,61.641823109565635,,,43.048607039755574,,true,1,0.3431258462105387,,discrete_gaussian,13
0.729183775092917,0.623680124971427,synthetic_discrete_gaussian,,,,0.27770453653813126,106.54671961496369,1.0,1.07807554552869,0.2649857565893468,0.23091243352475643,validation_best_member,1000,,,0.6396995693509399,0.3431258462105387,61.641823109565635,,,43.048607039755574,,,,,1,discrete_gaussian,13
0.33079618291105334,0.272585774364282,synthetic_discrete_gaussian,0.0107011,0.01,cholesky,0.11637482419176638,55.14426023025686,1.0,0.42759590343704873,0.03310223995763108,0.10010394242743495,adaptive_ridge,1000,110,quadratic,0.2837177623958171,0.14508670332827286,34.10664851261634,0.0009114,1,18.146449131371007,,,,,,discrete_gaussian,14
0.3251291684073297,0.266791676760525,synthetic_discrete_gaussian,0.000124,0.001,,0.11351444962957372,49.10722315344055,1.0,0.4394786166755279,0.03430952341377788,0.09740314817021983,static_ridge,1000,,,0.2816888847813171,0.14253140228208785,33.406433150742146,,,17.700427907708704,,,,,,discrete_gaussian,14
0.3362635773175387,0.2698470329919903,synthetic_discrete_gaussian,,,,0.11248999774834653,46.35149134002995,1.0,0.44193753582062517,0.013423643934020292,0.09650975975819776,rolling_ridge,1000,,,0.2802386779462105,0.14169286713909515,32.77539366435721,,,17.54068404489871,0.0084529,,,,,discrete_gaussian,14
0.32915269968414745,0.26605639599458625,synthetic_discrete_gaussian,,,,0.1098566439931853,57.165592530677934,1.0,0.4982675645834184,0.03486917674160023,0.08830502574369614,rls,1000,,,0.2816481575331762,0.13934249219518688,32.586454809628655,,,17.130062415222223,0.003421,,,,,discrete_gaussian,14
0.34822614558055953,0.2863150865003439,synthetic_discrete_gaussian,,,,0.12722154826921506,58.06913415643985,1.0,0.4771323557732764,0.07136967189736639,0.10995968001286158,hedge,1000,,,0.2956537231150887,0.15642267476512794,35.73759736656421,,,19.83779026189849,0.0008394,,,,,discrete_gaussian,14
1.0633944895912133,0.7842817141682357,synthetic_discrete_gaussian,,,,0.34985261089886766,165.01857802441182,1.0,1.6673097824469296,0.10526174899880872,0.3276693298820951,exp3,1000,,,0.8173308235992212,0.4278006537208845,72.57769337743342,,,54.552886771216315,0.0014976,,,,,discrete_gaussian,14
0.3452307807927315,0.28563855786029063,synthetic_discrete_gaussian,,,,0.12811245253956616,59.48249640130822,1.0,0.47464964949556776,0.07222135422130484,0.1134161325311716,fixed_share,1000,,,0.29477720191885626,0.15668602293432776,35.536371304073405,,,19.976709904829228,0.0011542,,,,,discrete_gaussian,14
0.3167195581438499,0.25871173821900484,synthetic_discrete_gaussian,,,,0.10943804521172523,49.90905677208365,1.0,0.39299056749734884,0.021731878276814002,0.09101454576493884,passive_aggressive,1000,,,0.27382829634434286,0.13708658225284684,31.76761587692813,,,17.064789865536547,0.0015015,,,,,discrete_gaussian,14
0.5877266216496924,0.47427347012530674,synthetic_discrete_gaussian,,,,0.23055918721582203,99.41217187297674,1.0,1.0167766687688058,0.09065386544918398,0.21800221208374618,dma,1000,,,0.4840710317745239,0.27410487216581214,54.78720521280429,,,35.95133734155337,0.0029488,,,,,discrete_gaussian,14
0.3777526255163001,0.3106249603969051,synthetic_discrete_gaussian,,,,0.1344468995662304,64.8437225044184,1.0,0.5092778299070116,0.09214444216883357,0.11378965606231928,ensemble_mean,1000,,,0.3158112759533331,0.1670126736168458,35.894241201770754,,,20.964446913611404,,,,,,discrete_gaussian,14
0.7279416502644912,0.5945137316494894,synthetic_discrete_gaussian,,,,0.31932850161684395,142.48411521869295,1.0,1.2023489333785427,0.06286659314467709,0.3246171308861908,oracle_best_member,1000,,,0.5961217566017871,0.36306744743219643,71.17005924248707,,,49.793230202765464,,true,4,0.36306744743219643,,discrete_gaussian,14
0.7279416502644912,0.5945137316494894,synthetic_discrete_gaussian,,,,0.31932850161684395,142.48411521869295,1.0,1.2023489333785427,0.06286659314467709,0.3246171308861908,validation_best_member,1000,,,0.5961217566017871,0.36306744743219643,71.17005924248707,,,49.793230202765464,,,,,4,discrete_gaussian,14
0.3643000846218045,0.2893349398671737,synthetic_discrete_gaussian,0.0060742999999999995,0.1,cholesky,0.11945019109850112,136.25802620536865,1.0,0.5655133654222375,0.047960880477351975,0.10090691300547072,adaptive_ridge,1000,110,quadratic,0.3075249404453305,0.15100389502927836,34.50684852305986,0.0009422,1,18.689906696482062,,,,,,discrete_gaussian,15
0.3539969427913381,0.27927288052005583,synthetic_discrete_gaussian,0.0001885,0.0,,0.11532710237217884,130.0708440448363,1.0,0.5201553789200398,0.04168764132182315,0.09608692861703028,static_ridge,1000,,,0.28578454820745663,0.14590711325575897,33.4737182720386,,,18.044783043789575,,,,,,discrete_gaussian,15
0.33328671601003435,0.26534727580045125,synthetic_discrete_gaussian,,,,0.1084891419219662,85.86457199289364,1.0,0.5421980326443521,0.019894586012937084,0.08654143454803614,rolling_ridge,1000,,,0.2722088229374963,0.13815128914182212,34.34070646429073,,,16.974873974298664,0.003021,,,,,discrete_gaussian,15
0.3574687162247022,0.27342892742233355,synthetic_discrete_gaussian,,,,0.10976242243115582,162.39411023631854,1.0,0.5639909179589893,0.03377481265790514,0.08915740360239677,rls,1000,,,0.28092683957756553,0.14185454884801985,33.7549985126307,,,17.17409922204715,0.003426,,,,,discrete_gaussian,15
0.4798665748665327,0.38503772391731317,synthetic_discrete_gaussian,,,,0.18193451115160947,210.9312642820619,1.0,0.7602374922151325,0.17310849198932454,0.16846296861336452,hedge,1000,,,0.3959297313541139,0.21706367707568278,46.57491655261171,,,28.466585168454564,0.0065291,,,,,discrete_gaussian,15
1.1897804914410537,0.878238582412337,synthetic_discrete_gaussian,,,,0.3293376069251361,297.0248105002597,1.0,1.998244894757517,0.10053435651984224,0.25907151913158993,exp3,1000,,,0.8867885752167007,0.4455429924204569,65.7661088444586,,,51.53017411246916,0.0016597,,,,,discrete_gaussian,15
0.40981803647309767,0.3299476707597483,synthetic_discrete_gaussian,,,,0.14780909087357383,162.23244729870942,1.0,0.7005854854147509,0.11370854046007109,0.13230280538409284,fixed_share,1000,,,0.3335560990990459,0.1822747822310933,39.10415877976586,,,23.127113417850346,0.0014016,,,,,discrete_gaussian,15
0.3419063392086537,0.26435275343701836,synthetic_discrete_gaussian,,,,0.10957660592819846,128.09577103458648,1.0,0.580304087012439,0.018754548422694736,0.09030993663064696,passive_aggressive,1000,,,0.27137757146487396,0.13967906063341223,33.320817726607736,,,17.145025236723214,0.0002736,,,,,discrete_gaussian,15
0.7074978355301159,0.5606428118027418,synthetic_discrete_gaussian,,,,0.21093718331355296,242.67641900504753,1.0,1.0236432251011176,0.014723620717238666,0.1590283695166377,dma,1000,,,0.5688136491613546,0.28176207947267584,49.400604515279774,,,33.00452045068773,0.0015249,,,,,discrete_gaussian,15
0.5799613544085844,0.48483450632671604,synthetic_discrete_gaussian,,,,0.24641841026152383,259.5778635598382,1.0,0.7835270306404688,0.2443694385967999,0.2347475191226311,ensemble_mean,1000,,,0.50560167544613,0.28249306694077775,58.49612638653508,,,38.556129996355516,,,,,,discrete_gaussian,15
0.8213236552816577,0.6898852877989129,synthetic_discrete_gaussian,,,,0.29386243742656304,284.55550416587306,1.0,1.3088025681791606,0.11017445593819063,0.2490302922218916,oracle_best_member,1000,,,0.714257777634547,0.36736530947923807,63.07644732477981,,,45.97951235234297,,true,5,0.36736530947923807,,discrete_gaussian,15
0.8213236552816577,0.6898852877989129,synthetic_discrete_gaussian,,,,0.29386243742656304,284.55550416587306,1.0,1.3088025681791606,0.11017445593819063,0.2490302922218916,validation_best_member,1000,,,0.714257777634547,0.36736530947923807,63.07644732477981,,,45.97951235234297,,,,,5,discrete_gaussian,15
0.2276507187828445,0.18155535282757007,synthetic_discrete_gaussian,0.0072971,0.01,cholesky,0.07368205150835717,36.354381290337024,1.0,0.32392874054101756,-0.008039804123951597,0.05994115406083958,adaptive_ridge,1000,110,quadratic,0.18573864760967143,0.09378766569221254,23.24275008848586,0.0009838,1,11.503295772970922,,,,,,discrete_gaussian,16
0.2215870249312061,0.17779817039559845,synthetic_discrete_gaussian,0.0001348,0.0,,0.0714635891725269,33.155244854195104,1.0,0.3245432652781508,-0.007990917106575679,0.057134420726808466,static_ridge,1000,,,0.18507303706822295,0.09146470866520384,22.03882047138781,,,11.15694781050469,,,,,,discrete_gaussian,16
0.2286837020119359,0.18163338261088716,synthetic_discrete_gaussian,,,,0.07184800083489438,31.997117064354757,1.0,0.3495689046852296,-0.009473706782124218,0.056803918342317156,rolling_ridge,1000,,,0.1869136652231274,0.09298907792224219,21.935904793228975,,,11.21696244039445,0.008007,,,,,discrete_gaussian,16
0.22670185724789582,0.18058488995360078,synthetic_discrete_gaussian,,,,0.07079047809957667,32.151070265761845,1.0,0.34650925228624746,-0.00560505566965959,0.054488987397977195,rls,1000,,,0.1838503287986562,0.0917964761067522,21.783087582077908,,,11.051861217478299,0.0032298,,,,,discrete_gaussian,16
0.2713484702763695,0.22733409959947123,synthetic_discrete_gaussian,,,,0.10112322027795792,45.840260222557085,1.0,0.39316327358380365,-0.049935927965685925,0.0886411175421655,hedge,1000,,,0.23112456959333091,0.12381846989278406,29.042333759121902,,,15.787431111913362,0.0075564,,,,,discrete_gaussian,16
0.8459070942809318,0.6250121329871222,synthetic_discrete_gaussian,,,,0.23355958237932287,111.58980874023179,1.0,2.138910846524098,-0.0384184911932487,0.1763325140560645,exp3,1000,,,0.6557305753065299,0.31512695777091115,53.637815245694355,,,36.463492827913285,0.0016733,,,,,discrete_gaussian,16
0.268501817319392,0.22300203340552444,synthetic_discrete_gaussian,,,,0.10002454375736551,48.44545308883856,1.0,0.35602887734304356,-0.05258254593767074,0.0867776941511827,fixed_share,1000,,,0.23048313206823434,0.12191190779735542,28.923360322645745,,,15.615904929939997,0.0101978,,,,,discrete_gaussian,16
0.2324507928735306,0.18388354886953476,synthetic_discrete_gaussian,,,,0.07250434712126785,33.2865260988179,1.0,0.33844027478057204,-0.0011333052440481847,0.056863374691935586,passive_aggressive,1000,,,0.18805170251082653,0.09385197536689394,22.507198980824324,,,11.319431702678616,0.0002804,,,,,discrete_gaussian,16
0.5730268144680847,0.4335276221675764,synthetic_discrete_gaussian,,,,0.17230821376559008,86.02534467350604,1.0,0.863383021148627,-0.042405715963763045,0.13950177245945194,dma,1000,,,0.458152652570416,0.22208705944441334,44.49132741803486,,,26.900884360325758,0.0016487,,,,,discrete_gaussian,16
0.2713949159267317,0.22734026410167482,synthetic_discrete_gaussian,,,,0.10109386286318989,45.809271383683196,1.0,0.3933715927610214,-0.049705701376326294,0.08885230265936464,ensemble_mean,1000,,,0.23107049434268728,0.12379493346861677,29.03925182580932,,,15.782847810847587,,,,,,discrete_gaussian,16
0.6415970721433923,0.4783827016648945,synthetic_discrete_gaussian,,,,0.1908048220896554,101.72465921735294,1.0,0.9095098210231202,-0.05294042127162699,0.15873908369731618,oracle_best_member,1000,,,0.49796105982976757,0.2447955583534122,47.147205789729455,,,29.78858838040704,,true,5,0.2447955583534122,,discrete_gaussian,16
0.6415970721433923,0.4783827016648945,synthetic_discrete_gaussian,,,,0.1908048220896554,101.72465921735294,1.0,0.9095098210231202,-0.05294042127162699,0.15873908369731618,validation_best_member,1000,,,0.49796105982976757,0.2447955583534122,47.147205789729455,,,29.78858838040704,,,,,5,discrete_gaussian,16
0.21673748124135236,0.16565081030773052,synthetic_discrete_gaussian,0.0069312,0.01,cholesky,0.06415812713603483,30.56536701695498,1.0,0.3532488059951261,-0.015133349242973411,0.0490680673804085,adaptive_ridge,1000,110,quadratic,0.16889403573928097,0.08438789483414327,20.599310312662308,0.0009378,1,9.989038518061731,,,,,,discrete_gaussian,17
0.21104767280830805,0.16279940510742766,synthetic_discrete_gaussian,0.0001346,0.01,,0.06334958314090633,30.73585067851444,1.0,0.3435586858785876,-0.014846848713787032,0.048814393730429506,static_ridge,1000,,,0.16933513399886685,0.08287421407985478,20.494866537045716,,,9.863153030572962,,,,,,discrete_gaussian,17
0.21366832418048254,0.1647127011553933,synthetic_discrete_gaussian,,,,0.06582526626782692,31.179954471623635,1.0,0.3540103482336535,-0.012055145133826651,0.051472446275382944,rolling_ridge,1000,,,0.16787944963594462,0.0851554027971578,20.814424541492922,,,10.248602157865765,0.0091767,,,,,discrete_gaussian,17
0.21148555130394142,0.1631124008906788,synthetic_discrete_gaussian,,,,0.06419732724272632,30.64247627650742,1.0,0.35173326431803376,-0.009531266179227914,0.04893108103344146,rls,1000,,,0.1681663621796943,0.08364780668972047,20.466539799087528,,,9.995141741349766,0.0115863,,,,,discrete_gaussian,17
0.34453101686809445,0.2783426016323853,synthetic_discrete_gaussian,,,,0.11550466288184175,57.510411606099474,1.0,0.4857270349678182,-0.0997998612737543,0.09392206623033983,hedge,1000,,,0.29117067713503597,0.146361796515348,31.488584096012925,,,17.983388512823716,0.0008724,,,,,discrete_gaussian,17
0.9669197593526525,0.7078802035302907,synthetic_discrete_gaussian,,,,0.2669421050484273,131.69099393862865,1.0,1.9757217656779251,-0.20640450312156264,0.12479962357625435,exp3,1000,,,0.7072663645148644,0.3545133116396049,57.853109327075686,,,41.561296883985364,0.0014623,,,,,discrete_gaussian,17
0.3165943335902217,0.25435483558418237,synthetic_discrete_gaussian,,,,0.10229892994052521,51.73915959143266,1.0,0.451898839790131,-0.08606836329474053,0.0813040025149574,fixed_share,1000,,,0.2591373318604569,0.13135030225374614,28.503910338279287,,,15.927334495998185,0.0013237,,,,,discrete_gaussian,17
0.2143716730318785,0.16535632130223313,synthetic_discrete_gaussian,,,,0.06468847784105138,29.33195013011564,1.0,0.3493486269312118,-0.007588432042088464,0.051875266031344874,passive_aggressive,1000,,,0.17523132076880132,0.08443266904947691,20.86046404999662,,,10.071610966120552,0.0003769,,,,,discrete_gaussian,17
0.5788790218808705,0.43786462944652,synthetic_discrete_gaussian,,,,0.16471933043960987,71.46456970391326,1.0,0.8419380878320682,-0.11004837418703785,0.12191371015402902,dma,1000,,,0.4694673681580169,0.2153828191244035,41.65313284265853,,,25.645819319848233,0.0015783,,,,,discrete_gaussian,17
0.4020405565940463,0.3327479733415703,synthetic_discrete_gaussian,,,,0.14342822339628783,71.1732356740741,1.0,0.5849288758525852,-0.13158870784093585,0.11971083019912335,ensemble_mean,1000,,,0.3434898605579417,0.1785347698715764,37.20954174061927,,,22.33092068047589,,,,,,discrete_gaussian,17
0.7144630449397544,0.5639044299891279,synthetic_discrete_gaussian,,,,0.21998270782095627,109.55436026427392,1.0,0.9928914783498314,-0.20964438133201355,0.12412777502585404,oracle_best_member,1000,,,0.5969814439565303,0.2788444342496754,51.33591381146244,,,34.24999824374329,,true,8,0.2788444342496754,,discrete_gaussian,17
0.7144630449397544,0.5639044299891279,synthetic_discrete_gaussian,,,,0.21998270782095627,109.55436026427392,1.0,0.9928914783498314,-0.20964438133201355,0.12412777502585404,validation_best_member,1000,,,0.5969814439565303,0.2788444342496754,51.33591381146244,,,34.24999824374329,,,,,8,discrete_gaussian,17
0.1870583478322954,0.1461002991720842,synthetic_discrete_gaussian,0.0304747,0.001,cholesky,0.054739026522509504,22.82201892566362,1.0,0.274336827388202,0.0067297076596088065,0.04083746748431594,adaptive_ridge,1000,110,quadratic,0.15587385150643,0.0729647126250194,17.556438340231526,0.0119931,1,8.61663313769933,,,,,,discrete_gaussian,18
0.18422525283647956,0.14358566706686135,synthetic_discrete_gaussian,0.0001299,0.001,,0.0536570853931124,23.114532862034228,1.0,0.25529127216994074,0.0066282477452729105,0.039612757083231476,static_ridge,1000,,,0.15679851987171042,0.0712497015929844,17.136409274235227,,,8.446321563291455,,,,,,discrete_gaussian,18
0.18974114964306857,0.14456101262478424,synthetic_discrete_gaussian,,,,0.05527206053473416,22.07613308434459,1.0,0.2747014397767895,0.008226341893224935,0.04369007386525414,rolling_ridge,1000,,,0.15093250807385766,0.07272452762234684,17.547539209432852,,,8.7005396085491,0.0416992,,,,,discrete_gaussian,18
0.18986188904840415,0.14431533751776746,synthetic_discrete_gaussian,,,,0.054342265886907555,21.95109711096917,1.0,0.263123890523273,0.005162888751887011,0.04093580414369824,rls,1000,,,0.1523075256541228,0.07214900658103997,17.228979159368535,,,8.5541778647862,0.0034387,,,,,discrete_gaussian,18
0.28653318634420494,0.23904277281156297,synthetic_discrete_gaussian,,,,0.10814090136450112,52.738780250826856,1.0,0.5029480725248652,0.02835529713518688,0.09666981184570811,hedge,1000,,,0.24358918655861336,0.13158900592149345,29.948159028057294,,,17.022781248308473,0.0011825,,,,,discrete_gaussian,18
1.0250353030101544,0.7003359815959502,synthetic_discrete_gaussian,,,,0.2825468243741531,145.92980901165316,1.0,2.142905504611793,-0.16259995833639787,0.20490458486074994,exp3,1000,,,0.6674476019207238,0.3650901230738141,61.94473211200883,,,44.47653684255594,0.0019457,,,,,discrete_gaussian,18
0.28288695305490313,0.2272571095675943,synthetic_discrete_gaussian,,,,0.0982647906969589,49.34333991114366,1.0,0.51409416186673,-0.007399704377399444,0.08384191102968547,fixed_share,1000,,,0.23562867266126267,0.12243290845981188,28.199022043120294,,,15.468153264295346,0.001812,,,,,discrete_gaussian,18
0.188472695191568,0.14937964104923182,synthetic_discrete_gaussian,,,,0.061118974548564395,21.49527991806408,1.0,0.2556424257805634,0.008457865569047741,0.0503880145393823,passive_aggressive,1000,,,0.1524602430103588,0.0775177617968052,18.2267127450706,,,9.620919751300285,0.000269,,,,,discrete_gaussian,18
0.5361847470650636,0.44334626565864815,synthetic_discrete_gaussian,,,,0.2093786782765832,104.73419710305056,1.0,0.8328386871016698,-0.20363902945747273,0.17509880958978893,dma,1000,,,0.4670104235134163,0.24345529743145178,50.77739749876261,,,32.9589211241052,0.0016988,,,,,discrete_gaussian,18
0.3040296083998195,0.24998873122234097,synthetic_discrete_gaussian,,,,0.11090422823675668,53.89787829767676,1.0,0.5132626830244524,0.020317347774457494,0.0961742145191303,ensemble_mean,1000,,,0.25377708689300466,0.1361787192876242,30.486522505250147,,,17.457764758436866,,,,,,discrete_gaussian,18
0.5413364628211115,0.4563126465031337,synthetic_discrete_gaussian,,,,0.22948247830037277,122.80941454443844,1.0,0.6591193938080724,-0.2276213847794085,0.19446609929873648,oracle_best_member,1000,,,0.4746208091879688,0.2584465701517829,55.512093466369365,,,36.12352014026477,,true,1,0.2584465701517829,,discrete_gaussian,18
0.5413364628211115,0.4563126465031337,synthetic_discrete_gaussian,,,,0.22948247830037277,122.80941454443844,1.0,0.6591193938080724,-0.2276213847794085,0.19446609929873648,validation_best_member,1000,,,0.4746208091879688,0.2584465701517829,55.512093466369365,,,36.12352014026477,,,,,1,discrete_gaussian,18
0.2425300291633178,0.1952574687978027,synthetic_discrete_gaussian,0.006922,0.01,cholesky,0.0801956769487343,40.67431821124804,1.0,0.35630941677171624,-0.004191761227253285,0.06408263504484274,adaptive_ridge,1000,110,quadratic,0.2036723250857688,0.10155872628282674,24.46921575125788,0.0009382,1,12.671461999860423,,,,,,discrete_gaussian,19
0.23560215901016346,0.19171067097014455,synthetic_discrete_gaussian,0.0001329,0.001,,0.07828868231830896,42.319005880316226,1.0,0.37743501211184455,-0.004422523268408345,0.06401906329119816,static_ridge,1000,,,0.19619350291674623,0.09969852386619955,24.199550710045433,,,12.370143887553448,,,,,,discrete_gaussian,19
0.24171494895295623,0.1952105315351041,synthetic_discrete_gaussian,,,,0.08063747447667927,41.71939168278858,1.0,0.3798671738824128,-0.007607425465743864,0.06423762607533706,rolling_ridge,1000,,,0.20390226655980453,0.10208130935219424,24.892144913299365,,,12.741269011908788,0.0080931,,,,,discrete_gaussian,19
0.23870101011149422,0.19316561414529113,synthetic_discrete_gaussian,,,,0.07956940832801344,41.463679074872125,1.0,0.393901859814316,-0.0057381013702239875,0.06377610472266582,rls,1000,,,0.20054815527002673,0.10091061387483219,24.387279267392618,,,12.572507301413992,0.0032381,,,,,discrete_gaussian,19
0.29831923068283683,0.23643007669097368,synthetic_discrete_gaussian,,,,0.10178127426296309,46.76884104450884,1.0,0.392651511701572,-0.04093324206549958,0.08942530351801542,hedge,1000,,,0.2420566542607561,0.12625756896398024,28.584190924156424,,,16.082133079878737,0.0009287,,,,,discrete_gaussian,19
0.926838688704442,0.6634637292681963,synthetic_discrete_gaussian,,,,0.26148802246740094,138.48580881376387,1.0,2.141761970304555,-0.08739881999712328,0.21095533875455558,exp3,1000,,,0.6597046411697672,0.3449313260576552,56.692183280831216,,,41.31688472724606,0.0013546,,,,,discrete_gaussian,19
0.3157857054181864,0.25174081053583885,synthetic_discrete_gaussian,,,,0.10711180493004552,49.93170929491345,1.0,0.4100140741128873,-0.06064657743485514,0.09195430104740782,fixed_share,1000,,,0.2718754784180795,0.13408254944303394,30.372493939472285,,,16.924393153700482,0.0020642,,,,,discrete_gaussian,19
0.23730416393440845,0.1930134323445622,synthetic_discrete_gaussian,,,,0.0795287075161087,40.98516996641994,1.0,0.3789393636432162,-0.0034207583149869917,0.06399807755039619,passive_aggressive,1000,,,0.20238279635837378,0.10105271960044676,24.247502211580446,,,12.566076296514014,0.0002745,,,,,discrete_gaussian,19
0.5311687045355339,0.42061574437057514,synthetic_discrete_gaussian,,,,0.16961271832973968,93.13531923333512,1.0,0.7081422133284332,-0.08892799564932043,0.14159167909646334,dma,1000,,,0.44014317813497333,0.21644700669139097,42.937970527288016,,,26.79996225210798,0.105601,,,,,discrete_gaussian,19
0.33673929742278264,0.2698037912745783,synthetic_discrete_gaussian,,,,0.11513691258215164,49.94626375670723,1.0,0.49125123350961264,-0.0560135331826119,0.09889878679485264,ensemble_mean,1000,,,0.28497692132734104,0.14320307191682144,31.300980732461692,,,18.192414704581054,,,,,,discrete_gaussian,19
0.7004470844176583,0.5501904247879003,synthetic_discrete_gaussian,,,,0.23598723335880917,128.15724813895645,1.0,0.9619680671522874,-0.20933888405091988,0.20707207838649122,oracle_best_member,1000,,,0.5947290553879404,0.29082216723982446,54.55904321971536,,,37.28758673450589,,true,6,0.29082216723982446,,discrete_gaussian,19
0.7004470844176583,0.5501904247879003,synthetic_discrete_gaussian,,,,0.23598723335880917,128.15724813895645,1.0,0.9619680671522874,-0.20933888405091988,0.20707207838649122,validation_best_member,1000,,,0.5947290553879404,0.29082216723982446,54.55904321971536,,,37.28758673450589,,,,,6,discrete_gaussian,19
0.1393058239032112,0.11275155276173128,synthetic_discrete_gaussian,0.0145428,0.0,cholesky,0.04809010576826834,24.632911868382386,1.0,0.21021632599838824,0.005964306922393158,0.042144043031181966,adaptive_ridge,1000,110,quadratic,0.11985901060914507,0.06010559842333328,15.702635738698355,0.0008949,1,7.514913664411187,,,,,,discrete_gaussian,20
0.13590866235052482,0.1100370205607786,synthetic_discrete_gaussian,0.0001344,0.0,,0.04700826625390278,24.91110366944475,1.0,0.2048492778620874,0.0063802008140722575,0.04122883998367416,static_ridge,1000,,,0.11677452234799468,0.05865805358218583,15.52490109550887,,,7.345857464194425,,,,,,discrete_gaussian,20
0.1410619627117271,0.1127186152588618,synthetic_discrete_gaussian,,,,0.04789277256189678,25.248370658424818,1.0,0.21842159433958908,0.007721585217369937,0.04204769649799625,rolling_ridge,1000,,,0.11979112289175535,0.05988517521641157,15.5126436614162,,,7.48407692605695,0.0111108,,,,,discrete_gaussian,20
0.13871073005230913,0.11152953007433894,synthetic_discrete_gaussian,,,,0.0471409693735868,25.03237631242032,1.0,0.2050614652390902,0.004590360803362003,0.04058931462433685,rls,1000,,,0.11671501568090537,0.05911441537223109,15.444665830725004,,,7.366594629802436,0.0033202,,,,,discrete_gaussian,20
0.34728196795134264,0.2792680726799819,synthetic_discrete_gaussian,,,,0.10954616607312376,52.13980119123774,1.0,0.511099038449845,0.053250167244565716,0.08808276379748417,hedge,1000,,,0.28753249334066316,0.14192760945045801,30.85881786969079,,,17.118489700847633,0.0013325,,,,,discrete_gaussian,20
1.0473450414571197,0.8057232678209818,synthetic_discrete_gaussian,,,,0.33783351063353334,171.35301925640582,1.0,1.885023250781757,0.05026865602958914,0.27048237557150273,exp3,1000,,,0.8400471585054938,0.42272215098730176,67.14154045228878,,,52.7923493782609,0.001801,,,,,discrete_gaussian,20
0.3369624107967066,0.2613334921722998,synthetic_discrete_gaussian,,,,0.09804582444828791,40.969257764781844,1.0,0.4242815013483857,0.03854695946523186,0.07365280247294678,fixed_share,1000,,,0.2823226494515284,0.12976545085301103,27.491236189861326,,,15.321361725327531,0.0016236,,,,,discrete_gaussian,20
0.15460246277409034,0.12370890434422543,synthetic_discrete_gaussian,,,,0.05150354898847435,24.836913766612007,1.0,0.23303722664465598,0.0030207663337136876,0.04215508813762103,passive_aggressive,1000,,,0.12710394533086114,0.06497771289674122,16.256075109117614,,,8.04832341031247,0.0003,,,,,discrete_gaussian,20
0.5510763710934482,0.411315353491894,synthetic_discrete_gaussian,,,,0.16523130193245006,95.64344168258832,1.0,0.9998836380540316,0.027198897052173227,0.1367731265449058,dma,1000,,,0.4146030791747774,0.2126070401231157,42.75312771426253,,,25.82025863415629,0.0016379,,,,,discrete_gaussian,20
0.3471394850886076,0.27915666123961513,synthetic_discrete_gaussian,,,,0.10951263330519231,52.12904484611699,1.0,0.5109010595508466,0.05316125139685205,0.08796685378113729,ensemble_mean,1000,,,0.287334809154404,0.14187476749436914,30.852190174584756,,,17.113249623873216,,,,,,discrete_gaussian,20
0.9817175875814945,0.7670641720892815,synthetic_discrete_gaussian,,,,0.2976183787384482,131.39396851392956,1.0,1.4075721998095778,0.0428663126305314,0.22816397100194585,oracle_best_member,1000,,,0.8011968174841246,0.3807290845997087,63.881583231601056,,,46.508037057328444,,true,10,0.3807290845997087,,discrete_gaussian,20
0.9817175875814945,0.7670641720892815,synthetic_discrete_gaussian,,,,0.2976183787384482,131.39396851392956,1.0,1.4075721998095778,0.0428663126305314,0.22816397100194585,validation_best_member,1000,,,0.8011968174841246,0.3807290845997087,63.881583231601056,,,46.508037057328444,,,,,10,discrete_gaussian,20
0.25624230236279993,0.19159803338721215,synthetic_discrete_gaussian,0.1735972,0.001,cholesky,0.07717751645408828,27.54309554927544,1.0,0.47293846450568455,-0.006955892020828207,0.06250054747215161,adaptive_ridge,1000,110,quadratic,0.19621194131605474,0.0996718351283253,22.641575972891683,0.115902,1,12.058381123012298,,,,,,discrete_gaussian,21
0.2557373906997152,0.18824918422458486,synthetic_discrete_gaussian,0.0001433,0.0001,,0.07513556778902966,25.744352730624374,1.0,0.45123155463634,-0.006619081959437813,0.061351596731388375,static_ridge,1000,,,0.19004235795905597,0.09740535386781335,22.190681762410986,,,11.739342672849803,,,,,,discrete_gaussian,21
0.2524927284480073,0.19456096457813168,synthetic_discrete_gaussian,,,,0.079478837480722,31.71408243456202,1.0,0.38151935949296567,-0.016506389190397385,0.06707013551163553,rolling_ridge,1000,,,0.20415191162984958,0.10099329039663392,23.967534128799603,,,12.417944468666983,0.0100612,,,,,discrete_gaussian,21
0.25416982986772896,0.18946788977520027,synthetic_discrete_gaussian,,,,0.07620366144214599,25.596121341131706,1.0,0.4384450877808158,-0.01100053005617626,0.062265020699092316,rls,1000,,,0.19295032553037633,0.09796050586064825,22.11446648291407,,,11.906223921898661,0.003524,,,,,discrete_gaussian,21
0.3064021679363742,0.2573664847253674,synthetic_discrete_gaussian,,,,0.12655755724424314,86.01636487268203,1.0,0.3886579486357903,-0.04911864849703159,0.12044565864936489,hedge,1000,,,0.26583892179198926,0.1487631485309898,33.31532802630916,,,19.77362487631189,0.0012675,,,,,discrete_gaussian,21
0.9508546500632405,0.6989343544180199,synthetic_discrete_gaussian,,,,0.28440391828769646,135.72975160891573,1.0,2.1108481662227905,-0.030899838313568524,0.23347439895291477,exp3,1000,,,0.6944490007714804,0.3708028203556614,58.59253483267731,,,44.43587973747794,0.0016827,,,,,discrete_gaussian,21
0.29909488450014066,0.23926797961132573,synthetic_discrete_gaussian,,,,0.1088182211507114,71.02904885162812,1.0,0.5688463091278003,-0.06711511735860662,0.09958733902883266,fixed_share,1000,,,0.25046633569622134,0.13210044145775793,29.332922464171745,,,17.00199286075896,0.0014224,,,,,discrete_gaussian,21
0.26157620355704697,0.20025976297744857,synthetic_discrete_gaussian,,,,0.0785446649659277,39.351468736396086,1.0,0.42676467896091796,-0.004985374702443172,0.06326534312068513,passive_aggressive,1000,,,0.21142361393364595,0.10193161806819531,21.438265443073796,,,12.271987346235688,0.0002906,,,,,discrete_gaussian,21
0.47913573003054394,0.37468632176135946,synthetic_discrete_gaussian,,,,0.1544636431395751,56.86835452286092,1.0,0.841145455284835,-0.05705285996322483,0.12650693740330932,dma,1000,,,0.3841345303667522,0.19673363255268808,38.867345820563706,,,24.133731742119245,0.0018486,,,,,discrete_gaussian,21
0.3189494097793483,0.266559646946955,synthetic_discrete_gaussian,,,,0.1324077657692682,77.68368930534422,1.0,0.4253858039212907,-0.004477618447671807,0.12511552248924618,ensemble_mean,1000,,,0.27338033672809914,0.15430573386545696,34.7437339551469,,,20.68767403576901,,,,,,discrete_gaussian,21
0.7526581788798038,0.572200252242677,synthetic_discrete_gaussian,,,,0.23463431885584085,119.47987888336431,1.0,1.2347295240794758,0.10516905156535052,0.19439112858503793,oracle_best_member,1000,,,0.5656814381322172,0.29941311685444166,52.1468404076682,,,36.659770504344145,,true,5,0.29941311685444166,,discrete_gaussian,21
0.6869507448951917,0.5732692131816828,synthetic_discrete_gaussian,,,,0.25130543286284324,140.42238491271715,1.0,0.9248221340090751,-0.24427125643969072,0.2040758168695735,validation_best_member,1000,,,0.5947220693373463,0.3077487790244971,55.72990664157144,,,39.26450120413559,,,,,3,discrete_gaussian,21
0.1785722347044301,0.13417447371085042,synthetic_discrete_gaussian,0.0148819,0.001,cholesky,0.051014852305742424,22.05475810198313,1.0,0.274339328088842,-0.004602156399450452,0.038255218589752726,adaptive_ridge,1000,110,quadratic,0.13372001129250047,0.06761697166499227,16.660095748723187,0.0009105,1,7.964225766693523,,,,,,discrete_gaussian,22
0.17274542091392894,0.12995324400359462,synthetic_discrete_gaussian,0.0001621,0.001,,0.0493598787361602,20.992072689818368,1.0,0.2647637902086049,-0.005037700897063934,0.03814420684635851,static_ridge,1000,,,0.1314899698333341,0.06549294976434775,16.16519229432882,,,7.705858202144485,,,,,,discrete_gaussian,22
0.17792730102843046,0.13149990930213495,synthetic_discrete_gaussian,,,,0.05026284462772095,20.313462491800358,1.0,0.26125695438724095,-0.003658421148258674,0.03904246894223279,rolling_ridge,1000,,,0.13265467064466568,0.06649193159317938,16.41511294457173,,,7.846825467459964,0.0030063,,,,,discrete_gaussian,22
0.17593795258119654,0.1303600705352,synthetic_discrete_gaussian,,,,0.049942808709218994,20.325559410030056,1.0,0.2630977429405118,-0.0028376729296385314,0.03823075840070769,rls,1000,,,0.13120237525352846,0.06599424693859804,16.359532394773836,,,7.796862795939815,0.0114544,,,,,discrete_gaussian,22
0.28324077936402325,0.21947269965855506,synthetic_discrete_gaussian,,,,0.08436963677033568,33.548328228366266,1.0,0.4380468753315516,0.02118729094886051,0.06620973868202484,hedge,1000,,,0.22679004547084564,0.11049340326977111,24.085758569542136,,,13.171435468749653,0.0022311,,,,,discrete_gaussian,22
0.7553709573813586,0.5524396902263113,synthetic_discrete_gaussian,,,,0.19376600936603833,94.42360903184856,1.0,1.5239188892051678,-0.07903099890920041,0.13713222877711434,exp3,1000,,,0.5347780054127075,0.27689300020525337,45.20066096213634,,,30.2499404536877,0.0022721,,,,,discrete_gaussian,22
0.21869103921541538,0.16848335818990579,synthetic_discrete_gaussian,,,,0.06707033897156453,31.836584252957422,1.0,0.356898416988637,-0.03848761561588161,0.05429637164874823,fixed_share,1000,,,0.17514720111017199,0.08639463972180327,21.848035750406307,,,10.470741316996335,0.0012313,,,,,discrete_gaussian,22
0.1770191572716262,0.13428474674246657,synthetic_discrete_gaussian,,,,0.05196154259137448,23.254068502748222,1.0,0.2671780922329635,-0.00031523408274537805,0.038979082009379024,passive_aggressive,1000,,,0.13735435870248108,0.06838544546862318,16.73296127285512,,,8.11201910187212,0.0003252,,,,,discrete_gaussian,22
0.4374370756674428,0.35564816440174796,synthetic_discrete_gaussian,,,,0.12668422450059466,58.72708115449583,1.0,0.6450281313513555,-0.100166806340929,0.0781993427619389,dma,1000,,,0.3723550223567484,0.17515477476265862,33.719844931652034,,,19.777412251522925,0.0024141,,,,,discrete_gaussian,22
0.3257958543382732,0.2551307512762728,synthetic_discrete_gaussian,,,,0.09591803417903379,38.97474936240343,1.0,0.512974641239934,0.041064046670159914,0.07066248361290067,ensemble_mean,1000,,,0.26443668421341004,0.12690783293287325,26.79206974037082,,,14.974323060291638,,,,,,discrete_gaussian,22
0.509829521115153,0.42099777502194097,synthetic_discrete_gaussian,,,,0.14862399296801057,67.6236640254933,1.0,0.6872197047669131,-0.12211911269081947,0.07296798145307659,oracle_best_member,1000,,,0.44070747588017706,0.2103769200790793,36.7782940104793,,,23.202557311166967,,true,10,0.2103769200790793,,discrete_gaussian,22
0.509829521115153,0.42099777502194097,synthetic_discrete_gaussian,,,,0.14862399296801057,67.6236640254933,1.0,0.6872197047669131,-0.12211911269081947,0.07296798145307659,validation_best_member,1000,,,0.44070747588017706,0.2103769200790793,36.7782940104793,,,23.202557311166967,,,,,10,discrete_gaussian,22
0.1437411759602197,0.1108103534270065,synthetic_discrete_gaussian,0.0157364,0.001,cholesky,0.04543145607741748,17.881060051416885,1.0,0.2386836797921098,-0.0001266459149849107,0.038301484576993255,adaptive_ridge,1000,110,quadratic,0.11402659860240692,0.05810595785545711,15.246480817804631,0.0010791,1,7.109964402120347,,,,,,discrete_gaussian,23
0.1383816133591457,0.10853276385260752,synthetic_discrete_gaussian,0.0001593,0.0001,,0.044134484439108196,18.082008849892873,1.0,0.23032504012134625,0.00020341088249167596,0.03534154432130576,static_ridge,1000,,,0.11413522351008314,0.056421075860867496,14.71043364105918,,,6.906990010033399,,,,,,discrete_gaussian,23
0.14139055061822586,0.11085701791089636,synthetic_discrete_gaussian,,,,0.04514677953867036,17.865025675191948,1.0,0.23808333820516714,-0.0016193721091012172,0.0378673747816671,rolling_ridge,1000,,,0.1133755151534674,0.05766865956719595,15.165373053938541,,,7.0654128902083855,0.0032212,,,,,discrete_gaussian,23
0.140037544021556,0.10973682590004133,synthetic_discrete_gaussian,,,,0.04473704678801582,17.238862752879168,1.0,0.2352180235588155,-0.001614758838257778,0.03688295000132155,rls,1000,,,0.11303870716285826,0.05713652720394835,14.916069560133957,,,7.001290242090473,0.0036264,,,,,discrete_gaussian,23
0.3874694765108417,0.3186598168848474,synthetic_discrete_gaussian,,,,0.1420880860601885,81.34573131749137,1.0,0.4684256144188317,0.041606852779825905,0.1250814515698152,hedge,1000,,,0.32924513554009066,0.1740863553137612,37.49845858680876,,,22.23660258944487,0.0012727,,,,,discrete_gaussian,23
0.908826629751358,0.699413215936648,synthetic_discrete_gaussian,,,,0.34294132081416123,147.26096484014815,1.0,1.2824169382921493,-0.11430567376522546,0.3338359743964978,exp3,1000,,,0.682223591233597,0.40322904999286585,71.90606928833995,,,53.6698753139198,0.0017196,,,,,discrete_gaussian,23
0.40034939006380865,0.3297339158387536,synthetic_discrete_gaussian,,,,0.1419706834586032,81.15131920358017,1.0,0.49238846139582737,0.05903386506001517,0.12388797428465655,fixed_share,1000,,,0.34136912636482775,0.1767295335761436,37.43978843401928,,,22.218229233403513,0.0015409,,,,,discrete_gaussian,23
0.15188766319896307,0.11841389931253123,synthetic_discrete_gaussian,,,,0.048352364937708794,19.17322142108296,1.0,0.1969687550071797,-0.004701507187060607,0.03834320461942109,passive_aggressive,1000,,,0.12194872897574753,0.06157965620309454,15.462744531165898,,,7.567082879307611,0.0005265,,,,,discrete_gaussian,23
0.5721664337150996,0.5060008536157633,synthetic_discrete_gaussian,,,,0.26139180917382937,124.76748589665318,1.0,0.7533224886029111,-0.14084366613095006,0.2565814727850252,dma,1000,,,0.5146153644908854,0.3026876946998151,59.570258422962034,,,40.90748170309152,0.0027056,,,,,discrete_gaussian,23
0.40319201511698893,0.33317065056462836,synthetic_discrete_gaussian,,,,0.14146718177167666,80.48768843423859,1.0,0.4926281307322795,0.06747642182883158,0.12075062604884867,ensemble_mean,1000,,,0.3438716629237764,0.17714549063021018,37.3277954383845,,,22.139431867447318,,,,,,discrete_gaussian,23
0.656318078129757,0.5845395554654507,synthetic_discrete_gaussian,,,,0.31752744926691906,124.0987487407879,1.0,0.830680247027944,-0.16031129941739572,0.32240188284703236,oracle_best_member,1000,,,0.596894592624821,0.36182764326390376,69.48446330626653,,,49.69263712650527,,true,2,0.36182764326390376,,discrete_gaussian,23
0.656318078129757,0.5845395554654507,synthetic_discrete_gaussian,,,,0.31752744926691906,124.0987487407879,1.0,0.830680247027944,-0.16031129941739572,0.32240188284703236,validation_best_member,1000,,,0.596894592624821,0.36182764326390376,69.48446330626653,,,49.69263712650527,,,,,2,discrete_gaussian,23
0.2888257833302024,0.2167797170212963,synthetic_discrete_gaussian,0.0066032,0.001,cholesky,0.08434831322179907,37.5528101553085,1.0,0.4516471186237261,-0.005108410971316398,0.0653232817389699,adaptive_ridge,1000,110,quadratic,0.22104997698288611,0.11031333529298648,24.020560846270232,0.0010117,1,13.170152250948316,,,,,,discrete_gaussian,24
0.277687542778298,0.21186421718779377,synthetic_discrete_gaussian,0.0001705,0.0,,0.08224225039165599,41.838380109960056,1.0,0.4270484396573053,-0.005483101951791981,0.06515671595673489,static_ridge,1000,,,0.2285848088415938,0.10769602645007896,23.722807203862068,,,12.84131143524509,,,,,,discrete_gaussian,24
0.27935655980395596,0.21849089514133274,synthetic_discrete_gaussian,,,,0.08643390146779296,43.50571820477473,1.0,0.4446867508186434,-0.015875348104343087,0.07052494003819204,rolling_ridge,1000,,,0.2366106530203525,0.11130951576046497,24.580707660371964,,,13.495796163474466,0.0041575,,,,,discrete_gaussian,24
0.279964740078834,0.2143141760680784,synthetic_discrete_gaussian,,,,0.08424719219004682,43.367289104373945,1.0,0.43927326768276376,-0.012175695354160361,0.06892651455633436,rls,1000,,,0.23111757216150555,0.10923775526985292,24.110108191370887,,,13.154363205108739,0.0083209,,,,,discrete_gaussian,24
0.3372584559050039,0.28524917529766197,synthetic_discrete_gaussian,,,,0.13837751881039795,88.110076961812,1.0,0.5477765990639467,-0.04022096767953099,0.13047190768707212,hedge,1000,,,0.29067141901017646,0.1636577375667843,35.39480106481968,,,21.60627665486509,0.001686,,,,,discrete_gaussian,24
0.9794619550338001,0.726316838156317,synthetic_discrete_gaussian,,,,0.30864238153153367,172.72848398275218,1.0,2.6136138165508127,0.010153796980109153,0.2361248339512585,exp3,1000,,,0.7110289299749545,0.38847233450441776,64.51355452726038,,,48.19144569230163,0.002499,,,,,discrete_gaussian,24
0.332689957666602,0.28367524596811095,synthetic_discrete_gaussian,,,,0.14058470060484243,91.26529310004105,1.0,0.531840564297289,-0.04214715884032253,0.13654425464602105,fixed_share,1000,,,0.2890506374212575,0.1647619563115155,35.7334552438082,,,21.95090619359595,0.001453,,,,,discrete_gaussian,24
0.2743689944839099,0.21687143774394982,synthetic_discrete_gaussian,,,,0.08718499821244631,42.148233222123025,1.0,0.5349693574946459,-0.012069379224408393,0.06922880873443915,passive_aggressive,1000,,,0.22427452900327585,0.11182269664486581,24.742934631262735,,,13.61307246817382,0.0002985,,,,,discrete_gaussian,24
0.5493185340050879,0.4424859413225987,synthetic_discrete_gaussian,,,,0.22475285846761617,115.53028507058052,1.0,0.8898857410144734,-0.023161791811460327,0.2114609884436816,dma,1000,,,0.4478328390011963,0.2581710316973239,52.424182913036645,,,35.092928972637125,0.0016525,,,,,discrete_gaussian,24
0.3462256726684575,0.2915301259408917,synthetic_discrete_gaussian,,,,0.13932637610454565,88.40967650562335,1.0,0.5884298100416516,-0.022218229164990264,0.13114022374835116,ensemble_mean,1000,,,0.2982394537136259,0.16550062695015763,35.619656329826775,,,21.75443130729409,,,,,,discrete_gaussian,24
0.5465494398821088,0.4830865201518455,synthetic_discrete_gaussian,,,,0.2740082954189173,141.8677000496844,1.0,0.7490221062432508,-0.13727026785460308,0.28638687212935965,oracle_best_member,1000,,,0.4846762221347836,0.3093019030053965,61.06122026114581,,,42.78367676660689,,true,6,0.3093019030053965,,discrete_gaussian,24
0.5465494398821088,0.4830865201518455,synthetic_discrete_gaussian,,,,0.2740082954189173,141.8677000496844,1.0,0.7490221062432508,-0.13727026785460308,0.28638687212935965,validation_best_member,1000,,,0.4846762221347836,0.3093019030053965,61.06122026114581,,,42.78367676660689,,,,,6,discrete_gaussian,24
0.23466331792713283,0.1905206163003992,synthetic_discrete_gaussian,0.0123311,0.01,cholesky,0.07873917920744004,46.65548557069342,1.0,0.33479571504047834,0.029342500489139868,0.06520845245543436,adaptive_ridge,1000,110,quadratic,0.19979898658946124,0.09957439998500592,22.915144885599272,0.0008983,1,12.380157161931209,,,,,,discrete_gaussian,25
0.2309996830734434,0.1866808451945606,synthetic_discrete_gaussian,0.0001423,0.01,,0.0780125008177191,47.29963419761836,1.0,0.34624705959108115,0.02938669054647423,0.06551142955657735,static_ridge,1000,,,0.1895678994359252,0.0982638751865179,22.597657504714466,,,12.265901555491329,,,,,,discrete_gaussian,25
0.23210783365431462,0.18286360079805866,synthetic_discrete_gaussian,,,,0.07560326283838939,47.704541942773965,1.0,0.3284883799873229,0.021625171414148277,0.06321151311132539,rolling_ridge,1000,,,0.19045685198745566,0.09563756828021586,24.18537725567407,,,11.887097189928712,0.012007,,,,,discrete_gaussian,25
0.23057431768252318,0.17904987020007496,synthetic_discrete_gaussian,,,,0.07138141354195561,37.554653218042354,1.0,0.3477602669078381,0.0160445172386682,0.05600729259273882,rls,1000,,,0.18875990292131356,0.09212850809911166,23.118017734054472,,,11.22329603871097,0.0606931,,,,,discrete_gaussian,25
0.3662107045187116,0.30850946171693283,synthetic_discrete_gaussian,,,,0.16076062806075264,101.23212525660917,1.0,0.47142973802980503,0.15831013011792522,0.1547628676154766,hedge,1000,,,0.32276535874800183,0.18249495647503824,41.763575426596645,,,25.27638541417293,0.0009483,,,,,discrete_gaussian,25
0.8618958626492952,0.6913079842999247,synthetic_discrete_gaussian,,,,0.2938697394715276,150.65107314471123,1.0,1.6256541055555043,0.028864894150262173,0.2199988751336406,exp3,1000,,,0.7082604320727245,0.36739436163164435,64.13122839033639,,,46.205124264865624,0.001741,,,,,discrete_gaussian,25
0.35228611036043284,0.2731997476371675,synthetic_discrete_gaussian,,,,0.11683698163687449,77.20991458393185,1.0,0.562193510726016,0.08016484216937748,0.10310514416246509,fixed_share,1000,,,0.2816283715427681,0.14532890660148706,31.29944469393245,,,18.37027270984685,0.0023497,,,,,discrete_gaussian,25
0.22843291802190616,0.1893610788245275,synthetic_discrete_gaussian,,,,0.07890224301187672,41.16636517753277,1.0,0.38381713771827863,0.016092260275128854,0.06516794482931554,passive_aggressive,1000,,,0.19789299507445546,0.09898048912484161,24.014698897257873,,,12.405795675650406,0.0002727,,,,,discrete_gaussian,25
0.5171084692822489,0.3937905730836307,synthetic_discrete_gaussian,,,,0.15739492326966845,89.34593258414853,1.0,0.9085603631930894,0.03782084322561352,0.13089304698805077,dma,1000,,,0.39432155509449174,0.20407595117904306,38.10657903324709,,,24.7471958202033,0.0022012,,,,,discrete_gaussian,25
0.38130701081183704,0.3214703161257994,synthetic_discrete_gaussian,,,,0.16627431657384412,104.03805080720892,1.0,0.48999476809407266,0.16360234950655433,0.15972138340134356,ensemble_mean,1000,,,0.3385462955325142,0.18951373648939898,42.82985196641796,,,26.143302380048,,,,,,discrete_gaussian,25
0.8067240747187668,0.6516244140435687,synthetic_discrete_gaussian,,,,0.26614727192487997,136.80621244356044,1.0,1.2128610265897248,-0.18773926572312302,0.22245698910096912,oracle_best_member,1000,,,0.6617945985774719,0.3393275096761129,57.7419764746515,,,41.84632209549267,,true,6,0.3393275096761129,,discrete_gaussian,25
0.8067240747187668,0.6516244140435687,synthetic_discrete_gaussian,,,,0.26614727192487997,136.80621244356044,1.0,1.2128610265897248,-0.18773926572312302,0.22245698910096912,validation_best_member,1000,,,0.6617945985774719,0.3393275096761129,57.7419764746515,,,41.84632209549267,,,,,6,discrete_gaussian,25
0.30092792449142974,0.23117503956476748,synthetic_discrete_gaussian,0.0057445000000000005,0.01,cholesky,0.08856711824027885,35.96085397947794,1.0,0.4672943642800108,-0.00034440752585134226,0.06957971398912494,adaptive_ridge,1000,110,quadratic,0.24253498381383526,0.11665931115179365,24.42719203014741,0.0009296,1,13.80689475765478,,,,,,discrete_gaussian,26
0.29215805985046445,0.223631246552268,synthetic_discrete_gaussian,0.0001939,0.01,,0.08580098729240755,35.14199635395443,1.0,0.4789777793791817,9.022422120482701e-5,0.06643792227123316,static_ridge,1000,,,0.23306385169356406,0.11338144321505028,24.042384908318976,,,13.37567739796223,,,,,,discrete_gaussian,26
0.3013377988699965,0.23166395627075825,synthetic_discrete_gaussian,,,,0.08870377745238454,37.26746829777173,1.0,0.5188935727850696,-0.0028591883569152768,0.06869205405371831,rolling_ridge,1000,,,0.2428571315932429,0.11708414534736204,24.959130450087287,,,13.828198819440876,0.0101603,,,,,discrete_gaussian,26
0.29799225946639213,0.22732232907094574,synthetic_discrete_gaussian,,,,0.08624846728549444,35.610654583911945,1.0,0.5078182818732637,-0.0009401663258491304,0.06666670910907431,rls,1000,,,0.23965516174896342,0.11465934245056515,23.7711785320712,,,13.44543589630182,0.0031797,,,,,discrete_gaussian,26
0.506706560818414,0.431331076932538,synthetic_discrete_gaussian,,,,0.17851977805517083,89.65838564167169,1.0,0.6528418907204161,-0.14574055348565693,0.13680129358350956,hedge,1000,,,0.45335460250008763,0.2306185769365827,43.32455933268312,,,27.8297841991508,0.0011187,,,,,discrete_gaussian,26
1.0607792340739153,0.7617244387365625,synthetic_discrete_gaussian,,,,0.27566949970203614,169.8180013910948,1.0,1.9977635685605843,-0.12852941009863528,0.21130683954697105,exp3,1000,,,0.7441615921887652,0.37987923970411197,56.827621049546714,,,42.97463715546736,0.0018173,,,,,discrete_gaussian,26
0.5221515731885694,0.41171534051560615,synthetic_discrete_gaussian,,,,0.14901659972985531,70.56964957943619,1.0,1.0259063413670226,-0.12261014077762326,0.09658091669026264,fixed_share,1000,,,0.4219928217208537,0.20418716920715813,37.45495969926579,,,23.230478201084598,0.0015454,,,,,discrete_gaussian,26
0.29015972667935286,0.222794307382623,synthetic_discrete_gaussian,,,,0.08745197276075937,36.8656109272764,1.0,0.46379900335217755,0.004725292820751211,0.07017793420982432,passive_aggressive,1000,,,0.22561230825943993,0.11420989395494573,24.123137102884108,,,13.633052629999353,0.0002531,,,,,discrete_gaussian,26
0.6769049749797105,0.5106040509425984,synthetic_discrete_gaussian,,,,0.1955639257083852,100.51002626584878,1.0,1.5052316638382424,-0.08542108726906912,0.15441608972185095,dma,1000,,,0.5235106612562225,0.2592737063956706,46.7825031626247,,,30.486828456178877,0.0018865,,,,,discrete_gaussian,26
0.567306482106725,0.4841319522907311,synthetic_discrete_gaussian,,,,0.20528230653741042,101.03708439013708,1.0,0.7060495994730975,-0.1702948923357453,0.15845391175380447,ensemble_mean,1000,,,0.5066214683840359,0.2633179227019571,48.1423253275243,,,32.00184513490985,,,,,,discrete_gaussian,26
0.8038250909280847,0.5925097851770971,synthetic_discrete_gaussian,,,,0.22494224169521798,132.29267705054318,1.0,1.5278371925771586,-0.13329821594105867,0.18126943947097934,oracle_best_member,1000,,,0.6126433519951705,0.29975005881146694,50.68419826565394,,,35.06666942929136,,true,10,0.29975005881146694,,discrete_gaussian,26
0.8038250909280847,0.5925097851770971,synthetic_discrete_gaussian,,,,0.22494224169521798,132.29267705054318,1.0,1.5278371925771586,-0.13329821594105867,0.18126943947097934,validation_best_member,1000,,,0.6126433519951705,0.29975005881146694,50.68419826565394,,,35.06666942929136,,,,,10,discrete_gaussian,26
0.1541665054665391,0.12053580125612882,synthetic_discrete_gaussian,0.0066857,0.0,cholesky,0.04944508733883413,17.884850354911503,1.0,0.25345579926803674,0.00617295988077236,0.03981426471598498,adaptive_ridge,1000,110,quadratic,0.12441596077971472,0.06293587886168878,15.996846126907625,0.0009327,1,7.741674960909611,,,,,,discrete_gaussian,27
0.15152410276025832,0.11896914136984449,synthetic_discrete_gaussian,0.0001425,0.0,,0.048252795891053135,17.173670763529827,1.0,0.2543174489091884,0.0061511395905449765,0.038307175000863725,static_ridge,1000,,,0.12363361671627529,0.06171985877714536,15.770446989059028,,,7.554996499121489,,,,,,discrete_gaussian,27
0.1542574396421665,0.12116950448065564,synthetic_discrete_gaussian,,,,0.049119815560375105,16.813307748882046,1.0,0.26172073817853647,0.009614555228214796,0.03941208268360946,rolling_ridge,1000,,,0.12333563059803782,0.06292107837062925,15.939150449819671,,,7.6907467793992685,0.0042326,,,,,discrete_gaussian,27
0.15303437294237857,0.11961376295970709,synthetic_discrete_gaussian,,,,0.04853483633569927,16.9896902625232,1.0,0.25615091631862535,0.00683229794282399,0.03794878850264957,rls,1000,,,0.12357838392305112,0.0620898956551187,15.869182215087491,,,7.599155900303616,0.0416515,,,,,discrete_gaussian,27
0.2561781210263819,0.21092379226259103,synthetic_discrete_gaussian,,,,0.09312179219524815,38.19083904820975,1.0,0.3500342655064074,-0.037738946619946465,0.08078753961430224,hedge,1000,,,0.21840282394371524,0.11427094826084365,27.377960587093355,,,14.580187552561396,0.001118,,,,,discrete_gaussian,27
0.7241303495858097,0.4417091534079977,synthetic_discrete_gaussian,,,,0.1411068258040165,77.19303300482511,1.0,1.3804069086603579,0.027869776117424448,0.09783428259715665,exp3,1000,,,0.42337545603867527,0.21856137789021662,35.716314972607854,,,22.093260199025195,0.0013206,,,,,discrete_gaussian,27
0.24166694623724339,0.18439433887211848,synthetic_discrete_gaussian,,,,0.06977494263027983,26.680277136950544,1.0,0.44174295645665995,-0.005163700649022486,0.05533907208175812,fixed_share,1000,,,0.19538201918782497,0.09237615678474285,21.536560290210105,,,10.924744101634724,0.0012186,,,,,discrete_gaussian,27
0.15312385015686997,0.12099001616105419,synthetic_discrete_gaussian,,,,0.04886149829305946,17.35379285219921,1.0,0.23621899816106062,0.006166082849741445,0.03988461461602795,passive_aggressive,1000,,,0.12189661546727665,0.06243527916276079,15.954633612568765,,,7.65030174374499,0.0003047,,,,,discrete_gaussian,27
0.3457300868202063,0.26322142985599944,synthetic_discrete_gaussian,,,,0.10608772136650962,41.50625758416525,1.0,0.6519420499940127,0.025598757569962934,0.08753967545211978,dma,1000,,,0.2799375063687538,0.13641930796803506,29.751736572700278,,,16.610278196799086,0.0018336,,,,,discrete_gaussian,27
0.2569777744701715,0.21279206919232516,synthetic_discrete_gaussian,,,,0.0935183118843153,37.997685961064384,1.0,0.3559195891460204,-0.03007030079806234,0.08302786203702442,ensemble_mean,1000,,,0.21715528119560285,0.11518034062272427,27.48642490898075,,,14.642271102486646,,,,,,discrete_gaussian,27
0.3398875327622096,0.25945698813837026,synthetic_discrete_gaussian,,,,0.1054484574021566,41.18903172490506,1.0,0.6523281890696804,0.027966777268711294,0.08882977085899146,oracle_best_member,1000,,,0.27774828265317114,0.13496437655177715,29.58588344464681,,,16.510187892734503,,true,7,0.13496437655177715,,discrete_gaussian,27
0.3398875327622096,0.25945698813837026,synthetic_discrete_gaussian,,,,0.1054484574021566,41.18903172490506,1.0,0.6523281890696804,0.027966777268711294,0.08882977085899146,validation_best_member,1000,,,0.27774828265317114,0.13496437655177715,29.58588344464681,,,16.510187892734503,,,,,7,discrete_gaussian,27
0.19456968885058537,0.1525840942169573,synthetic_discrete_gaussian,0.0063151,0.001,cholesky,0.06213123966649658,142.6200228148796,1.0,0.29259369341413244,-0.007463067513339788,0.05086949547970929,adaptive_ridge,1000,110,quadratic,0.15917671338069525,0.07953379081478956,18.836357762629586,0.0009628,1,9.680408301784425,,,,,,discrete_gaussian,28
0.19318709672050471,0.15166509996623026,synthetic_discrete_gaussian,0.0001302,0.001,,0.06166056992582054,137.40207390138636,1.0,0.2613248755045774,-0.007354106279065362,0.050464286130859876,static_ridge,1000,,,0.15970480263218542,0.07890743921078378,18.69421448976085,,,9.607075220238073,,,,,,discrete_gaussian,28
0.20064457757034274,0.155905971395069,synthetic_discrete_gaussian,,,,0.06384552077801084,133.1557856616309,1.0,0.2861729029531208,-0.011349991029259097,0.05279069142947751,rolling_ridge,1000,,,0.16011256455037876,0.0814639658523475,19.25622224367517,,,9.947503263877117,0.0144569,,,,,discrete_gaussian,28
0.19683269164344167,0.1533177511678402,synthetic_discrete_gaussian,,,,0.06252423339082318,134.53694197822628,1.0,0.2667836039776353,-0.007265990729008115,0.05024849334187048,rls,1000,,,0.15823070624297597,0.07991423561137516,18.921010531026894,,,9.74163900846179,0.0405697,,,,,discrete_gaussian,28
0.2988725607074555,0.2344952218220744,synthetic_discrete_gaussian,,,,0.09728046460639031,166.74427155475547,1.0,0.3984942993413768,-0.059795326163823416,0.08006301747662592,hedge,1000,,,0.2467332775135094,0.12309772044181957,27.460613230780822,,,15.156861865818417,0.0010807,,,,,discrete_gaussian,28
0.7683795422555272,0.48434217094960397,synthetic_discrete_gaussian,,,,0.15382640105246173,512.7952174765591,1.0,1.7259807842968298,-0.0020813404138312975,0.10445409811348949,exp3,1000,,,0.48048625639851306,0.23698923075629708,35.70080238851011,,,23.967047459135905,0.0016475,,,,,discrete_gaussian,28
0.2024413796774817,0.16237034426522187,synthetic_discrete_gaussian,,,,0.06953956034159764,59.6902028323757,1.0,0.3090889453026904,-0.02140146676826292,0.059849503185530395,fixed_share,1000,,,0.16432442738184222,0.08648247119531242,20.45496327101068,,,10.834667726680483,0.0013438,,,,,discrete_gaussian,28
0.19740187896363154,0.15867964364950532,synthetic_discrete_gaussian,,,,0.06630431917237002,146.5006581999037,1.0,0.3146635189950634,-0.005705257096550248,0.05563653191601203,passive_aggressive,1000,,,0.16020426039268973,0.08365192077805673,19.447299498538392,,,10.33059834643031,0.000231,,,,,discrete_gaussian,28
0.3177205216442861,0.24726946563422128,synthetic_discrete_gaussian,,,,0.10595549340557812,155.0886125385666,1.0,0.48363371806076183,0.006831876875162638,0.09146234799445213,dma,1000,,,0.25442484334392335,0.13228416644490035,27.789329423444247,,,16.50848177967571,0.0015152,,,,,discrete_gaussian,28
0.335922104952157,0.26344165512054235,synthetic_discrete_gaussian,,,,0.11039487295730346,168.99119541427552,1.0,0.472452485217129,-0.07498592932407465,0.09096454235102777,ensemble_mean,1000,,,0.2696222277511536,0.13929429957003264,30.386196185852636,,,17.20016291943683,,,,,,discrete_gaussian,28
0.31934690614339517,0.24990405474427177,synthetic_discrete_gaussian,,,,0.10691671452453574,155.9803454629942,1.0,0.4869312725569882,0.00814542757574192,0.09039373868279603,oracle_best_member,1000,,,0.2544106890563587,0.13366095238957934,27.946229967266166,,,16.65824561747702,,true,5,0.13366095238957934,,discrete_gaussian,28
0.31934690614339517,0.24990405474427177,synthetic_discrete_gaussian,,,,0.10691671452453574,155.9803454629942,1.0,0.4869312725569882,0.00814542757574192,0.09039373868279603,validation_best_member,1000,,,0.2544106890563587,0.13366095238957934,27.946229967266166,,,16.65824561747702,,,,,5,discrete_gaussian,28
0.21887807700378187,0.16714806494689222,synthetic_discrete_gaussian,0.0063663999999999995,0.01,cholesky,0.06609598787198681,40.14242108742184,1.0,0.315423822766786,-0.004702575235866835,0.05280364821283526,adaptive_ridge,1000,110,quadratic,0.17727172478909692,0.08569567527274591,21.146594802803612,0.0009919,1,10.38759968104602,,,,,,discrete_gaussian,29
0.2115449181432879,0.16323729126451123,synthetic_discrete_gaussian,0.0001357,0.01,,0.06466975521095843,42.21542173380017,1.0,0.3037546052544318,-0.004888147869436034,0.05221318443011,static_ridge,1000,,,0.17466623351277727,0.08361702675771428,20.68807153854637,,,10.163453943736073,,,,,,discrete_gaussian,29
0.2150402171860403,0.16724650469974747,synthetic_discrete_gaussian,,,,0.06674529557626854,45.71604724718521,1.0,0.299412851522301,-0.014543183060358119,0.053838851178291625,rolling_ridge,1000,,,0.17588785398378384,0.08598333640446489,22.05171540537038,,,10.489644430191168,0.1022516,,,,,discrete_gaussian,29
0.2125534844008594,0.1643307240807214,synthetic_discrete_gaussian,,,,0.0656187792482142,45.36780630092111,1.0,0.2966811471367309,-0.010818088897649859,0.052011427700143935,rls,1000,,,0.16933032100186293,0.0844931206177026,21.874655858141935,,,10.312601904211313,0.0138951,,,,,discrete_gaussian,29
0.2663621204640022,0.20401782260509604,synthetic_discrete_gaussian,,,,0.08366003668862035,71.58686992836127,1.0,0.3640922703431777,0.006576518004742843,0.07061370660384947,hedge,1000,,,0.2135103974096202,0.1065423090101938,24.942257078079784,,,13.147953429580665,0.0084858,,,,,discrete_gaussian,29
0.8162365526298764,0.5984520698330713,synthetic_discrete_gaussian,,,,0.2314532872279108,137.33344094322416,1.0,1.2745870134306694,-0.031903235167818005,0.1775120185910473,exp3,1000,,,0.5984189903584808,0.3040459717029716,52.987436620869985,,,36.37503833428111,0.0013627,,,,,discrete_gaussian,29
0.25921516404453576,0.20221510142007176,synthetic_discrete_gaussian,,,,0.08137070424955156,60.0634883252508,1.0,0.35652191763688434,-0.0038073078758886296,0.06518384806496019,fixed_share,1000,,,0.21002855589514613,0.10400228920378236,24.192835772575172,,,12.788163528869338,0.0012137,,,,,discrete_gaussian,29
0.21743278690607057,0.16700948575936242,synthetic_discrete_gaussian,,,,0.0661231045153347,43.00975163078186,1.0,0.318674153081955,-0.005979966936901587,0.052328251519738134,passive_aggressive,1000,,,0.17420903482806252,0.08542167166064672,21.403670987946686,,,10.391861313935705,0.0002846,,,,,discrete_gaussian,29
0.5131149729443218,0.4140553932297851,synthetic_discrete_gaussian,,,,0.17247934203450785,116.907255684801,1.0,0.7197464730081254,-0.03147391726134116,0.14619634235771595,dma,1000,,,0.436316667823331,0.21664482528148785,42.74303741219679,,,27.106733948431195,0.0017146,,,,,discrete_gaussian,29
0.28387742650197634,0.22319814704972757,synthetic_discrete_gaussian,,,,0.08878095628917262,76.78694372331772,1.0,0.4291808376450953,0.035687969247639055,0.07183377385828046,ensemble_mean,1000,,,0.22501371710577817,0.11482463414987598,25.820026496701246,,,13.952753607654776,,,,,,discrete_gaussian,29
0.544254432084276,0.4416899399516068,synthetic_discrete_gaussian,,,,0.18681241803771909,126.90630672728294,1.0,0.7507014845775165,-0.05069082671710406,0.1591248379615992,oracle_best_member,1000,,,0.46179140662318485,0.23352389011820163,45.14332145648809,,,29.359310247127638,,true,3,0.23352389011820163,,discrete_gaussian,29
0.544254432084276,0.4416899399516068,synthetic_discrete_gaussian,,,,0.18681241803771909,126.90630672728294,1.0,0.7507014845775165,-0.05069082671710406,0.1591248379615992,validation_best_member,1000,,,0.46179140662318485,0.23352389011820163,45.14332145648809,,,29.359310247127638,,,,,3,discrete_gaussian,29
0.26040706790388446,0.2091964819808383,synthetic_discrete_gaussian,0.0067317,0.01,cholesky,0.08749326105457302,60.30475500090356,1.0,0.40226091478012027,-0.00021666169652061545,0.07369672981142833,adaptive_ridge,1000,110,quadratic,0.21796716167497554,0.10978940931426376,27.25220999996524,0.0009816,1,13.77315046381721,,,,,,discrete_gaussian,30
0.2524541073013972,0.2039757746966887,synthetic_discrete_gaussian,0.0001384,0.0,,0.0855882517528344,59.14993036632925,1.0,0.39515041040656157,-0.0027269482114233097,0.07327962569468688,static_ridge,1000,,,0.21504991421447547,0.10732447041102641,26.404253163261252,,,13.473264741973427,,,,,,discrete_gaussian,30
0.2614108449649077,0.21192815558340145,synthetic_discrete_gaussian,,,,0.08946442955832637,60.434746724851706,1.0,0.38738120401564324,-0.011349041962898883,0.07696087654035122,rolling_ridge,1000,,,0.21698291403261868,0.11168084924186843,27.947210640707457,,,14.083450937985141,0.0028935,,,,,discrete_gaussian,30
0.25266151752255867,0.2063732876041304,synthetic_discrete_gaussian,,,,0.08662860854393571,59.78590067210323,1.0,0.38112706147100717,-0.008326884353273285,0.07355927011013638,rls,1000,,,0.21305044019724095,0.10858003107360792,26.972294109136396,,,13.637037247960544,0.0031867,,,,,discrete_gaussian,30
0.4248957713392047,0.35779005143760345,synthetic_discrete_gaussian,,,,0.15096978020849303,114.15955273589569,1.0,0.5300775212090743,0.11158337914088991,0.12384484669600648,hedge,1000,,,0.3671289729010267,0.18941650441111774,39.320985804218246,,,23.765596038351205,0.001167,,,,,discrete_gaussian,30
0.9869647049803832,0.7466344867298236,synthetic_discrete_gaussian,,,,0.30624289246907044,197.95254957825347,1.0,1.66236076183221,-0.01889427190189558,0.2563135446970693,exp3,1000,,,0.7565489013153794,0.3898692474938107,64.87580633370384,,,48.20862070531595,0.0015658,,,,,discrete_gaussian,30
0.293636213778511,0.2411483586856312,synthetic_discrete_gaussian,,,,0.10208529211015337,84.06432042802946,1.0,0.4325946481916649,0.018812685835821075,0.0876930036773767,fixed_share,1000,,,0.251499094782111,0.1277995471715647,30.106632382117247,,,16.070221539678055,0.0010978,,,,,discrete_gaussian,30
0.24870682751179174,0.20363281789188736,synthetic_discrete_gaussian,,,,0.08668188202255717,57.466177812146825,1.0,0.34288023882106733,-0.004551026823705801,0.0711456703106284,passive_aggressive,1000,,,0.2074107180835037,0.10829878028948565,27.428275194976063,,,13.64542353540646,0.0002799,,,,,discrete_gaussian,30
0.5587344822813209,0.44740574088927987,synthetic_discrete_gaussian,,,,0.18636872774418387,128.3934348511262,1.0,0.7836054450468329,-0.02843436662562405,0.15295033143218117,dma,1000,,,0.4630170931230033,0.23436991547115707,44.533323289284226,,,29.338082705247004,0.0068379,,,,,discrete_gaussian,30
0.5316086603241239,0.4631441041662738,synthetic_discrete_gaussian,,,,0.20338748696971665,141.66363175831137,1.0,0.6716890040214676,0.1772553205340152,0.16765722870855765,ensemble_mean,1000,,,0.48063463454289246,0.2547445387535693,48.2763597541268,,,32.01716825647059,,,,,,discrete_gaussian,30
0.742018658861445,0.6020600658973583,synthetic_discrete_gaussian,,,,0.2544896541426119,197.4550984419172,1.0,1.1630162484923594,-0.024732114080704422,0.209814974069463,oracle_best_member,1000,,,0.6069658365688706,0.3180606343199978,56.497111202213425,,,40.0616488143551,,true,6,0.3180606343199978,,discrete_gaussian,30
0.742018658861445,0.6020600658973583,synthetic_discrete_gaussian,,,,0.2544896541426119,197.4550984419172,1.0,1.1630162484923594,-0.024732114080704422,0.209814974069463,validation_best_member,1000,,,0.6069658365688706,0.3180606343199978,56.497111202213425,,,40.0616488143551,,,,,6,discrete_gaussian,30
