cvar_05,cvar_15,dataset,fit_seconds,lambda,linear_solver,mae,mape,mape_valid_fraction,max_abs_error,mean_error,median_abs_error,method,n,n_parameters,objective_variant,q95_abs_error,rmse,smape,solve_seconds,tau,wape,fit_and_test_seconds,regime,seed
0.21384469692210856,0.17127404513658,synthetic_gradual,0.33109700000000003,0.001,cholesky,0.07350744183612525,43.64838297827576,1.0,0.3081293182929734,0.0018363262479862293,0.06190405460594994,adaptive_ridge,1000,110,quadratic,0.17011028495170466,0.09167669069953746,23.019559088824455,0.0013153,1,11.416490614680935,,gradual,1
0.20974103224675147,0.16775833401658222,synthetic_gradual,,,,0.07156126490749909,37.142032689470426,1.0,0.32605223527337523,0.0046100599496074176,0.05908160645801919,rolling_ridge,1000,,,0.1720441345082694,0.08950441231868322,22.251665361803646,,,11.114228556783424,0.004407,gradual,1
0.20770485568698122,0.1657689683177157,synthetic_gradual,,,,0.07050722207687403,44.14024550126731,1.0,0.324700291792398,0.00445539831590168,0.05977206213488029,rls,1000,,,0.17009390595944132,0.08824668658960688,22.06745429197807,,,10.950524450332138,0.0040865,gradual,1
0.23000735217183166,0.1859381100733956,synthetic_gradual,3.6958879,,,0.08021931428158696,44.424118141821566,1.0,0.3313090346658941,0.03938005069598014,0.07020000900582929,neural_gate,1000,,,0.19492046494657564,0.09969770031481848,24.61203309499538,,3,12.458916073471578,,gradual,1
0.2787938512093589,0.221872185026947,synthetic_gradual,7.0021304,,,0.09359072635082706,98.54467328112139,1.0,0.5011528123858686,-0.0018703041096920893,0.07835656654420745,boosted_meta,1000,,,0.22892725239695272,0.11747197834361359,27.726184539640432,,1,14.535639145046202,,gradual,1
0.25494151940438503,0.2096689376847019,synthetic_gradual,0.0057462,0.01,cholesky,0.09022238051355302,219.92683613613028,1.0,0.426211296377751,0.006913847823601072,0.07687262827641204,adaptive_ridge,1000,110,quadratic,0.21351105512861304,0.11233428669578267,25.74674993626633,0.0009372,1,14.21699644246415,,gradual,2
0.2621293917768322,0.2075800474901501,synthetic_gradual,,,,0.08889956660351608,165.1694421491815,1.0,0.36896490895371503,0.012647748891270084,0.07572137623141056,rolling_ridge,1000,,,0.21076658356900252,0.11051246518338334,25.128843603862038,,,14.008551037388498,0.0032095,gradual,2
0.25739975321594505,0.20350359307281893,synthetic_gradual,,,,0.08674665821883304,165.55749737287158,1.0,0.358108149990361,0.009438294650828034,0.07296875749286157,rls,1000,,,0.21159337060451391,0.10816775343257079,24.672180094751788,,,13.669301610896229,0.0032955,gradual,2
0.2594167424387642,0.2103772875808662,synthetic_gradual,4.2951276,,,0.08935053925370227,216.63667484328712,1.0,0.4034031703466827,0.01328697092070628,0.07657508649209213,neural_gate,1000,,,0.21535357445838046,0.11242342824951938,25.29312318513135,,1,14.079614076590648,,gradual,2
0.33130590809679866,0.2622982103697477,synthetic_gradual,7.0947797,,,0.1071665794066447,171.1137942357646,1.0,0.5232677809209125,0.011368423009805064,0.08764174398389463,boosted_meta,1000,,,0.27369408475676926,0.13679793754497382,31.455983085548997,,1,16.887017051677656,,gradual,2
0.2188718030781419,0.16919082539623692,synthetic_gradual,0.0161852,0.001,cholesky,0.06899305000305982,41.580515737967076,1.0,0.3227723171825876,0.0041119866827781576,0.05484883900135534,adaptive_ridge,1000,210,quadratic,0.1785651926768913,0.08780900644083818,21.142150690710228,0.0040389,2,10.777064150401506,,gradual,3
0.19143436403487052,0.14916877905811898,synthetic_gradual,,,,0.060288285142440744,35.51232727435817,1.0,0.2512738795699251,0.009668305772369334,0.04869655290080871,rolling_ridge,1000,,,0.1527280510581707,0.0770156962314366,18.6963303189179,,,9.417335752934049,0.0087345,gradual,3
0.19341450760684617,0.15043379885831487,synthetic_gradual,,,,0.05985476971278887,35.05407436772057,1.0,0.29407908173567765,0.006647930069043746,0.04743033838000524,rls,1000,,,0.1585231445799703,0.07713474036051567,18.35186434141195,,,9.349618445243783,0.0031372,gradual,3
0.20218020963108124,0.1600348941118025,synthetic_gradual,2.8782517,,,0.06443717697754285,36.29815078235277,1.0,0.29066636000510504,0.02143582281687895,0.05278254388896547,neural_gate,1000,,,0.16838284329860442,0.08257679479496145,19.84921945363435,,3,10.065413689160804,,gradual,3
0.25270658654281264,0.19924141209753668,synthetic_gradual,34.3691817,,,0.08266984449448485,41.67335389650563,1.0,0.3692550888465638,0.04925233602039777,0.07017081101811384,boosted_meta,1000,,,0.2075322885113266,0.10460877727847719,24.91309091069973,,5,12.913448780439,,gradual,3
0.23924857581092696,0.19429088528273078,synthetic_gradual,0.0326641,0.01,cholesky,0.08181166173446601,34.56109905647654,1.0,0.308102646426732,0.014304461359988248,0.06859773861643692,adaptive_ridge,1000,110,quadratic,0.20358718897657227,0.1027986958486198,22.29752453991424,0.0014011,1,12.71671340832926,,gradual,4
0.23566218078756013,0.187073095554493,synthetic_gradual,,,,0.07568614694347954,28.09270297249713,1.0,0.3757576824158566,0.002327031664462592,0.06241905442188406,rolling_ridge,1000,,,0.20026309116212734,0.09676400179403777,20.964488926528972,,,11.764570224533736,0.0100287,gradual,4
0.230559582870788,0.18440291334197628,synthetic_gradual,,,,0.07484753092945538,28.273754308834132,1.0,0.3715764380040064,0.004032599838918912,0.0609698927644316,rls,1000,,,0.19346927986992887,0.0955963034865867,20.677499342853963,,,11.63421668710537,0.0278127,gradual,4
0.23205461704393102,0.1886611471576995,synthetic_gradual,3.121299,,,0.07831252649328688,29.416605786998307,1.0,0.3275012052354347,0.009887011465149118,0.06465785195672344,neural_gate,1000,,,0.1943857319787999,0.09946016074666938,21.561675832600645,,3,12.17281173104168,,gradual,4
0.2606216626209174,0.2081312835555061,synthetic_gradual,7.5435256,,,0.08739533389858783,36.233187901112814,1.0,0.4441008446504648,0.007562745933911112,0.075805636420269,boosted_meta,1000,,,0.2177448281661977,0.10991154386977772,23.947057717167603,,1,13.584633178834167,,gradual,4
0.16578159901869402,0.1332611362746913,synthetic_gradual,0.009799500000000001,0.001,cholesky,0.054952787173189584,25.196355755405087,1.0,0.2849453884120733,0.005891591561180513,0.04445616192571378,adaptive_ridge,1000,110,quadratic,0.13899980016127617,0.06981136992843887,18.126405952550712,0.0015735,1,8.621227512796368,,gradual,5
0.15539488099348797,0.12336909301079385,synthetic_gradual,,,,0.05193305964198447,25.19862911478978,1.0,0.23427333486439272,-0.005553357162259613,0.04296264604940482,rolling_ridge,1000,,,0.1297208231680004,0.06515407540542188,17.493540746390014,,,8.14747978474891,0.0227714,gradual,5
0.1532437268333988,0.12266732762442402,synthetic_gradual,,,,0.051477885959413376,25.32284878416828,1.0,0.2201181896848946,-0.002884604795598105,0.04329882183331085,rls,1000,,,0.1287254311331325,0.06453828259298587,17.281824248069377,,,8.076070197043824,0.0035695,gradual,5
0.1610263919685771,0.1288158054195459,synthetic_gradual,3.7981578,,,0.05421600608660221,24.46248925458776,1.0,0.2693666859861864,0.005566636148402801,0.04524794383166297,neural_gate,1000,,,0.13269899554489192,0.06799060757785766,17.838693745835577,,3,8.505638155070505,,gradual,5
0.18534784307937116,0.15084167887518646,synthetic_gradual,25.7298001,,,0.06366140466410573,33.50415325658118,1.0,0.24973760511683785,-0.02975254685526711,0.05319792403782527,boosted_meta,1000,,,0.15914910110508712,0.07985796301950308,19.476201213081186,,5,9.98747254918527,,gradual,5
0.3526275951323764,0.28434446131928853,synthetic_gradual,0.0141824,0.01,cholesky,0.11817634241073584,46.0336940320061,1.0,0.4904007715033164,-0.009531559575435614,0.09958806869077413,adaptive_ridge,1000,110,quadratic,0.3038806449664807,0.14918330427320708,31.312571813430772,0.0077036,1,18.52333467759504,,gradual,6
0.318093865668976,0.257315186891999,synthetic_gradual,,,,0.1123599752524351,45.4220066701602,1.0,0.5202555885572883,-0.016170935706598555,0.09639898482433734,rolling_ridge,1000,,,0.2685141110330174,0.1384808756994664,32.20801420615768,,,17.611658843979217,0.019227,gradual,6
0.310654565123833,0.24997691966052651,synthetic_gradual,,,,0.10808368092892567,44.17029404535589,1.0,0.45214010702645985,-0.015928006509346598,0.0950674178367717,rls,1000,,,0.2617843361953432,0.13401126492446233,30.473362634528357,,,16.94137891046294,0.0177055,gradual,6
0.33640745458841337,0.26964132123736767,synthetic_gradual,2.3955561,,,0.11299185084932441,44.31958838178415,1.0,0.4532945387002245,-0.032238228943646335,0.09277113445287055,neural_gate,1000,,,0.2748443579644516,0.14205771123755015,29.861398659769947,,1,17.710701028878674,,gradual,6
0.4089166460939516,0.33295020074340265,synthetic_gradual,23.4035903,,,0.1380430712471953,60.901908032671436,1.0,0.5752357433964423,-0.08654990154889343,0.11401137213133014,boosted_meta,1000,,,0.34291832604502953,0.17410569383842087,37.3788459274398,,5,21.637308758022634,,gradual,6
0.27712596381327187,0.21945511438726845,synthetic_gradual,0.0133536,0.01,cholesky,0.09330585198054546,63.50869069832308,1.0,0.42031350824510444,-0.024722119644423855,0.07798831175371274,adaptive_ridge,1000,110,quadratic,0.22217557664361443,0.1170047745212007,27.030714822804423,0.0009146,1,14.54077738664517,,gradual,7
0.26812495355568466,0.21460464406444488,synthetic_gradual,,,,0.09101000034064806,55.36886974476016,1.0,0.39962602724643087,0.00789056672682368,0.07560546818575467,rolling_ridge,1000,,,0.22405887064976046,0.11393306092652443,26.445955688446602,,,14.18299202913648,0.0034271,gradual,7
0.26207845059145163,0.2112474653621492,synthetic_gradual,,,,0.08886273472716384,56.39515079878188,1.0,0.39653368346914597,0.0018727485875654627,0.07397348951217314,rls,1000,,,0.21492869030550496,0.11159382815111088,25.951659701873865,,,13.848362307496062,0.0141803,gradual,7
0.27401623898879324,0.21843716980602693,synthetic_gradual,1.9463391,,,0.09104721326513067,60.13736061344779,1.0,0.37189852772263665,-0.01619249104360408,0.07716197613996528,neural_gate,1000,,,0.2227457184959939,0.11505010307732189,25.95176372745599,,1,14.188791288661172,,gradual,7
0.31275295658594554,0.25751908414963104,synthetic_gradual,7.5290447,,,0.11007266872082612,69.43222050854007,1.0,0.45309270572209476,-0.007397808570544516,0.09379941808434966,boosted_meta,1000,,,0.26881454832506435,0.13672036453466846,31.921611089647303,,1,17.153716923963046,,gradual,7
0.2144197166775787,0.1749512385536812,synthetic_gradual,0.026121,0.001,cholesky,0.07482428884605775,51.474975319527125,1.0,0.33776256062607735,-0.0025146430504615408,0.06448514654531429,adaptive_ridge,1000,110,quadratic,0.18240654107769866,0.0934143636633592,23.308944279177908,0.0009775,1,11.694655047462497,,gradual,8
0.2042785695150945,0.1688853191537938,synthetic_gradual,,,,0.07347217412551256,46.91385952960976,1.0,0.33548048083102944,0.006830956165212406,0.06432598056228284,rolling_ridge,1000,,,0.17466491750221733,0.09065092851932909,23.396233210202578,,,11.483326406920325,0.0177581,gradual,8
0.20118822800863828,0.1657627337038683,synthetic_gradual,,,,0.07282531649492789,47.10890674134549,1.0,0.3090860776985157,0.003891101053953053,0.06310770807609191,rls,1000,,,0.17173200007993575,0.08951505265371246,23.133983230727814,,,11.382225855599748,0.0035008,gradual,8
0.21095384698649602,0.17094012907496894,synthetic_gradual,1.9057998,,,0.07385750719153032,48.412393551056745,1.0,0.3067794197449414,0.00853064870130271,0.06328989281733044,neural_gate,1000,,,0.17184994987616575,0.09140876230780869,22.820033703681503,,1,11.543552001509402,,gradual,8
0.23624092786460993,0.19232479895108068,synthetic_gradual,7.3456407,,,0.08303082740323228,48.89112305927286,1.0,0.33664191248022446,0.007841562442910323,0.07131314371075473,boosted_meta,1000,,,0.20225260725625446,0.10326327054587826,25.2281824784784,,1,12.977295204020606,,gradual,8
0.28702795471873227,0.22890377328512793,synthetic_gradual,0.0078531,0.1,cholesky,0.09566272378169677,99.76336899462414,1.0,0.4635918168243638,-0.018499971396205246,0.07826701843428337,adaptive_ridge,1000,110,quadratic,0.2413036806228312,0.1209004180285933,26.820787054233005,0.0014588,1,15.015448793059027,,gradual,9
0.27936827113770263,0.22076405184582687,synthetic_gradual,,,,0.09377728087835177,89.76985240474427,1.0,0.4325799576410261,0.009255369934594585,0.07963955998803451,rolling_ridge,1000,,,0.22611727132462098,0.11758852836828855,27.10561519712933,,,14.719505187773246,0.0045672,gradual,9
0.27140687205314373,0.21515793699413863,synthetic_gradual,,,,0.09148220938225857,90.47637273547888,1.0,0.42207950671707406,0.0035920784308879645,0.07914479329699592,rls,1000,,,0.22078335064573246,0.11464135824784456,26.58140175593338,,,14.359265303692183,0.0034865,gradual,9
0.2974181956952687,0.2430118888232542,synthetic_gradual,1.3838081,,,0.10087073368128986,103.81027767369797,1.0,0.441997365285849,-0.01194876397456932,0.08327764834267737,neural_gate,1000,,,0.2505264051778046,0.12757508203154883,27.046142921693928,,1,15.83291042147282,,gradual,9
0.3347730958420126,0.26700405126454674,synthetic_gradual,24.7850337,,,0.11093356844520683,97.37930415962994,1.0,0.5519005439668103,-0.0024370986787267805,0.0956189510895761,boosted_meta,1000,,,0.27197358338366534,0.14013495593597458,31.97376325040193,,5,17.412396914617386,,gradual,9
0.18194490688778295,0.1481221309233212,synthetic_gradual,0.017594,0.01,cholesky,0.06400062955807909,40.857725254812024,1.0,0.23597878175128206,0.011279164506707058,0.0554547419316771,adaptive_ridge,1000,110,quadratic,0.15414840025883855,0.07940063435501162,20.50854684013697,0.0010464,1,9.91762038777606,,gradual,10
0.18195974869397688,0.14833358917538977,synthetic_gradual,,,,0.06372215280295651,41.17202825512849,1.0,0.2422759943434688,0.012218609871369858,0.05612506019875274,rolling_ridge,1000,,,0.15414621671914136,0.07939922281940791,20.720533013943324,,,9.874467269389637,0.0029456,gradual,10
0.17967049140270536,0.14600845970308837,synthetic_gradual,,,,0.06301002740292998,40.60804049375313,1.0,0.24103225673361484,0.010234779044957124,0.05433090886359321,rls,1000,,,0.14975589269870648,0.07816962808652021,20.39866544162512,,,9.764115395748346,0.004938,gradual,10
0.1801534930329881,0.14899661897314037,synthetic_gradual,1.941917,,,0.06495881609299563,45.98534597983177,1.0,0.24849039238103543,0.00672190444156944,0.0556551122057829,neural_gate,1000,,,0.1564098064501047,0.08019182708565786,20.340079304020215,,1,10.06610221333931,,gradual,10
0.22858830642369216,0.1894440195869939,synthetic_gradual,23.8046093,,,0.08264993021809147,56.869007597254,1.0,0.29925319794369676,0.04612325473591696,0.07330463663075022,boosted_meta,1000,,,0.2009730560251324,0.10234805647069313,23.43528015027141,,5,12.807540154513049,,gradual,10
0.2639390982127495,0.21653536732050493,synthetic_gradual,0.011218,0.01,cholesky,0.09153125763326889,47.90081246211676,1.0,0.36337814989751027,-0.014776957206725531,0.07723191390006906,adaptive_ridge,1000,110,quadratic,0.2269108949455476,0.11391845186167349,27.546860170543958,0.0009358,1,14.29196550586341,,gradual,11
0.2608644175264538,0.21272936366689077,synthetic_gradual,,,,0.08857615837726773,41.71603100659976,1.0,0.3412282881823618,0.012671868387526543,0.07387639818161973,rolling_ridge,1000,,,0.2210471336790459,0.11165877692541565,26.62037218407295,,,13.83054743158776,0.0028432,gradual,11
0.25731157014365336,0.20785753950779123,synthetic_gradual,,,,0.08678743121249065,42.36280772836081,1.0,0.3299231140497348,0.005131550841673644,0.07250683782098499,rls,1000,,,0.21807864080999212,0.10910531041978092,25.888481720242517,,,13.551250199151363,0.008404,gradual,11
0.26390088340696655,0.21797744500584723,synthetic_gradual,1.3679832,,,0.09175459468874504,48.3541292898143,1.0,0.36527319700740635,-0.015390018017769215,0.07686712954342587,neural_gate,1000,,,0.2221250603368792,0.11502210663900274,27.59559029965929,,1,14.32683802455899,,gradual,11
0.30116918767886264,0.24771992792961436,synthetic_gradual,23.5171895,,,0.10641143480831441,54.98389067507544,1.0,0.38722787939651127,-0.030876690265440123,0.09142639937609368,boosted_meta,1000,,,0.2649752803930266,0.13269824144831613,31.290028918638964,,5,16.615401066630668,,gradual,11
0.2598314543550107,0.21114372058948874,synthetic_gradual,0.0090518,0.01,cholesky,0.0895373168168021,52.79818592183712,1.0,0.367185753298081,-0.028409948615605102,0.07678960115293304,adaptive_ridge,1000,110,quadratic,0.21997149658793544,0.11211321653693151,27.60852047638902,0.001605,1,14.165898011030796,,gradual,12
0.26219854160772876,0.20614914570330964,synthetic_gradual,,,,0.08581493019758324,56.183570520441336,1.0,0.33780055159572586,-0.010026892168407634,0.07483670925551386,rolling_ridge,1000,,,0.22046292573623405,0.10860473566604303,27.633005767496286,,,13.576970945979578,0.0028271,gradual,12
0.25636340098334887,0.20435349235108893,synthetic_gradual,,,,0.08429455611308125,55.854823829603376,1.0,0.36015821321058006,-0.009574219470602753,0.0731508903981157,rls,1000,,,0.21610336489975557,0.10680754071807735,27.366662764019,,,13.336429180988604,0.003189,gradual,12
0.2616519849534913,0.21576042669490983,synthetic_gradual,2.4305336,,,0.09021847359863099,59.255459275666546,1.0,0.35728414439029954,-0.031000213196950108,0.07535329394813628,neural_gate,1000,,,0.223250124907264,0.11357056470324699,27.787837045462023,,1,14.273665340273556,,gradual,12
0.3195919473794244,0.25712624613888657,synthetic_gradual,7.451957,,,0.10759261997842999,81.95548289898686,1.0,0.4330076644841274,-0.0332556979208414,0.09237324767011004,boosted_meta,1000,,,0.26687149302469076,0.13544253834900483,33.70950102846501,,1,17.02246767649419,,gradual,12
0.2252248099003193,0.1815657323993972,synthetic_gradual,0.0154661,0.01,cholesky,0.07690543126380057,30.239235263047487,1.0,0.33792922906845546,0.02320223992625586,0.06585066422704877,adaptive_ridge,1000,110,quadratic,0.1872502930023251,0.0968036952031502,23.4289315647503,0.0092041,1,11.921561422687454,,gradual,13
0.21824906927930063,0.17750169555959044,synthetic_gradual,,,,0.07489314451770164,30.705896855618413,1.0,0.36992234108478117,0.010977678544149373,0.06483188618648728,rolling_ridge,1000,,,0.18583132132584967,0.0940466272049385,22.23780553608458,,,11.60962506592496,0.003778,gradual,13
0.21582590804993287,0.17499155454682358,synthetic_gradual,,,,0.0740252140268117,30.712157877850487,1.0,0.3678043794446756,0.010788881143003625,0.062314896586404434,rls,1000,,,0.1795570361982864,0.092762033133887,22.01042050155177,,,11.47508207607714,0.0133733,gradual,13
0.22762192978475176,0.1822577069389289,synthetic_gradual,1.42774,,,0.0781269944283325,32.88961018488456,1.0,0.3698463696004476,0.029860778183636884,0.06702141170997661,neural_gate,1000,,,0.18670510164501103,0.09759811050894694,23.469784432940703,,1,12.110923084904858,,gradual,13
0.2723320968518682,0.2222920761812434,synthetic_gradual,23.2927163,,,0.09569755080339214,40.11778778114049,1.0,0.49854020009325895,0.02868731914981573,0.08063575704475034,boosted_meta,1000,,,0.2308085724763477,0.11924892166902057,27.17941990910131,,5,14.834637959314033,,gradual,13
0.3544237207146528,0.2827358176666099,synthetic_gradual,0.0068999000000000005,0.1,cholesky,0.11744389560027832,54.13956545079166,1.0,0.4964221322570752,-0.014406158061277454,0.09699302907173157,adaptive_ridge,1000,110,quadratic,0.297099963519432,0.1486247909461011,32.794339229358954,0.00097,1,18.313150564151666,,gradual,14
0.3311195582737817,0.27071805039708857,synthetic_gradual,,,,0.11702580238459122,59.24256770961832,1.0,0.5070107956367087,0.008425783129825887,0.10114640600363078,rolling_ridge,1000,,,0.28347390044941534,0.14558101260077333,34.78567246526458,,,18.247956847870427,0.0087772,gradual,14
0.3275225245691209,0.26568153063293054,synthetic_gradual,,,,0.11298932846893263,56.34033393366612,1.0,0.5108251869015739,0.010237951178509612,0.0965280224697514,rls,1000,,,0.27348938418379704,0.14145552173628384,32.198446250050225,,,17.618545211038178,0.0085999,gradual,14
0.3656938093400104,0.2936528819971944,synthetic_gradual,6.9819492,,,0.12006972573501953,53.91019151504464,1.0,0.6732267078368448,-0.0265303064362431,0.09742902175019597,neural_gate,1000,,,0.30699683391864,0.15308188992582358,32.0071436604864,,1,18.72259902775737,,gradual,14
0.4195446884061127,0.3306967735373656,synthetic_gradual,7.4959803,,,0.13756744554007727,59.62458027378036,1.0,0.6308820586570921,0.004585148124039167,0.1136619658584358,boosted_meta,1000,,,0.33907201209486504,0.17380958724804987,38.59160801958841,,1,21.45103694001785,,gradual,14
0.3418235552204622,0.2789290728111644,synthetic_gradual,0.0058985,0.1,cholesky,0.11800229108343996,80.42087004517465,1.0,0.49397464695063065,-0.012253184618625805,0.10143893906380913,adaptive_ridge,1000,110,quadratic,0.28949848307251946,0.14764147171164704,35.24570475914218,0.0009242,1,18.46335941398326,,gradual,15
0.30261406553374004,0.24645319390297607,synthetic_gradual,,,,0.1019391888102113,116.68057971366927,1.0,0.45462071922181024,0.01149688302775293,0.08419902851868616,rolling_ridge,1000,,,0.2536499269174742,0.12927967595398754,32.5197741977159,,,15.950028292602912,0.0080722,gradual,15
0.32027124780021876,0.26301071455007685,synthetic_gradual,,,,0.11032123782670379,118.06230813212298,1.0,0.41700926934042337,0.019360140791584664,0.09359705674053445,rls,1000,,,0.27962157168180785,0.13790532775247372,33.418723943085105,,,17.261534892993357,0.0034314,gradual,15
0.3587054474336294,0.29265663271458336,synthetic_gradual,10.6247358,,,0.12244442191388101,82.29250073708475,1.0,0.52791196470969,0.0014299345326472316,0.10286427777019932,neural_gate,1000,,,0.3034972165919878,0.1541725037127031,35.34846161798327,,1,19.158402343517352,,gradual,15
0.3199298511388451,0.26181861849089944,synthetic_gradual,23.240562,,,0.10920116793929356,73.95760216000754,1.0,0.5359359078384944,0.05211505038251995,0.09048655550852297,boosted_meta,1000,,,0.2745077967502389,0.13749729334478414,32.087169827235115,,5,17.086281915189627,,gradual,15
0.25449123467143375,0.20575533206768326,synthetic_gradual,0.025482199999999997,0.01,cholesky,0.08608507323721995,40.31539603342924,1.0,0.3906812737484697,0.0264021637171483,0.07004782154270739,adaptive_ridge,1000,210,quadratic,0.21182960707803183,0.10805198444570792,24.3331277658759,0.0090052,2,13.43966459692408,,gradual,16
0.23134156015983648,0.18477905170277006,synthetic_gradual,,,,0.07890616269868557,32.2212333773077,1.0,0.33206073992520946,-0.0006041252714165805,0.06653897666235459,rolling_ridge,1000,,,0.1918007529456298,0.09837209846929672,23.38236154876683,,,12.318887832950667,0.0084273,gradual,16
0.22625008738089825,0.1823010444362665,synthetic_gradual,,,,0.0775229261666913,31.135947312360514,1.0,0.33933439076505534,0.0033469763631715018,0.06456461727841867,rls,1000,,,0.1926298506379102,0.09685725010597755,22.689801071715387,,,12.10293593386838,0.0076387,gradual,16
0.24278926539272894,0.19799101213409173,synthetic_gradual,3.7128132,,,0.08376775887624965,37.027200138922325,1.0,0.3818091122350671,0.014083102720646204,0.07098420245675452,neural_gate,1000,,,0.20960811756245962,0.10471114872284093,24.370038790491893,,3,13.077883783992036,,gradual,16
0.31120778216336864,0.24498185758715949,synthetic_gradual,22.9264731,,,0.10034777402710578,47.2186733652964,1.0,0.45229344758950707,0.04522152725865561,0.08432538336138803,boosted_meta,1000,,,0.2470201582730397,0.12786863987688804,29.3603105725721,,5,15.66636787606437,,gradual,16
0.23570971664094323,0.18569389118505963,synthetic_gradual,0.0075283,0.01,cholesky,0.07658474897966816,42.593396950734736,1.0,0.354116842386235,-0.03104145798981435,0.06345866276143308,adaptive_ridge,1000,110,quadratic,0.194303604851076,0.09714759469066786,23.560221001319288,0.0011335,1,11.923789574342521,,gradual,17
0.23199521638719361,0.18045405792958458,synthetic_gradual,,,,0.07474832516792068,38.53356285103775,1.0,0.3388936647951768,-0.008484541301735968,0.06444107990948844,rolling_ridge,1000,,,0.19081959696020748,0.09444206262472325,24.213199852067707,,,11.63786931747255,0.0081617,gradual,17
0.2250625695679812,0.1742858286049294,synthetic_gradual,,,,0.071819152479865,37.93776840407326,1.0,0.32767760875745056,-0.011384818400433223,0.06104213433242589,rls,1000,,,0.17935452686825812,0.09102232978686672,23.009386302695155,,,11.181814564736342,0.0080284,gradual,17
0.23377069458905883,0.18699716596063468,synthetic_gradual,2.5745407,,,0.07716089806926978,42.44590063300485,1.0,0.36266269060812995,-0.029443169715116187,0.06304998455581927,neural_gate,1000,,,0.19159586987173527,0.09741198643591237,23.886499944336222,,3,12.013492558283652,,gradual,17
0.25313157786740276,0.20517374799527666,synthetic_gradual,6.9959746,,,0.08391762637686344,43.152559197375226,1.0,0.3600496880356602,-0.02183170357967217,0.0692950721868005,boosted_meta,1000,,,0.21863069176027225,0.10639457131884625,24.748923095138903,,1,13.065474938902788,,gradual,17
0.20626349489128942,0.16520260702155518,synthetic_gradual,0.0062745,0.001,cholesky,0.0689684457449,31.33563975123841,1.0,0.3008386679229172,-0.016195091313127737,0.05558147318569895,adaptive_ridge,1000,110,quadratic,0.173068744495299,0.08675838306870294,21.470609290359608,0.0010206,1,10.85652838230049,,gradual,18
0.19556668842141256,0.1546213248636402,synthetic_gradual,,,,0.06390023313956321,28.044246047939453,1.0,0.28567889835315236,0.004220102242680191,0.05349017488902019,rolling_ridge,1000,,,0.15627962434056875,0.08078140104366581,19.240269799914675,,,10.0587259466636,0.0078734,gradual,18
0.1937854710391897,0.1528235845753136,synthetic_gradual,,,,0.06336520218219885,27.891649902791936,1.0,0.27786329005930843,7.067710591477177e-5,0.05282595120943301,rls,1000,,,0.15434878740589264,0.08006366451112691,19.307513642340375,,,9.974505130733943,0.0030384,gradual,18
0.21975025412730395,0.17292865813798913,synthetic_gradual,2.4725503,,,0.0705900401893624,35.429125797629254,1.0,0.3081784890476855,-0.012282623646833147,0.05651234388177963,neural_gate,1000,,,0.17968746539558553,0.08982101359192984,20.93376509501089,,3,11.111788391725723,,gradual,18
0.25561653989839633,0.1973439504267039,synthetic_gradual,7.7686668,,,0.08081112375818741,44.95578455663175,1.0,0.39962408175562325,-0.016528639419883008,0.06620299596049722,boosted_meta,1000,,,0.20020547028053368,0.10322179848680706,23.98368386092631,,1,12.720719587206803,,gradual,18
0.26927113305705347,0.21550531092520742,synthetic_gradual,0.029646099999999998,0.01,cholesky,0.08873189318971353,44.90664636025449,1.0,0.5100401192441125,-0.010452862709762843,0.07293025327401953,adaptive_ridge,1000,210,quadratic,0.22378041463447176,0.1125825909653651,27.2622431956751,0.0041118,2,14.020242181481759,,gradual,19
0.24869089665110586,0.198510519118231,synthetic_gradual,,,,0.08235795073250886,55.428918404286364,1.0,0.42354240558522027,-0.014455789959691467,0.06865760192425618,rolling_ridge,1000,,,0.20005359595006,0.1037438302798755,26.224077332278373,,,13.013115953376007,0.010932,gradual,19
0.24478105746890946,0.19451111924902145,synthetic_gradual,,,,0.0797816134362631,53.457800471261606,1.0,0.40299002895571123,-0.016945149548401425,0.06430829489703441,rls,1000,,,0.19967952543085282,0.10153282174333231,25.418001104192065,,,12.6060371507484,0.0082603,gradual,19
0.26880115109017905,0.21544411848799347,synthetic_gradual,2.562187,,,0.0910379193348983,45.364147726860764,1.0,0.46074735280812473,-0.04328968689597359,0.07856433539433028,neural_gate,1000,,,0.2191775039611363,0.11419361381493941,26.60912533741174,,3,14.384609985098816,,gradual,19
0.3065994205330707,0.24796162192151083,synthetic_gradual,24.6320291,,,0.1080587435341723,50.96150913243854,1.0,0.39926102369590577,-0.044617404744830697,0.09511748856941438,boosted_meta,1000,,,0.26185486296522426,0.13401389457842777,30.41092612167244,,5,17.074015888926766,,gradual,19
0.15089512544346903,0.12290485899460636,synthetic_gradual,0.0063713,0.001,cholesky,0.05155709639095009,25.396668524984122,1.0,0.2209756073033622,-0.004645665465541503,0.04239726863048161,adaptive_ridge,1000,110,quadratic,0.1301572017528189,0.06496872598075717,15.958962848456144,0.0009073,1,8.056691121302704,,gradual,20
0.14204305396602296,0.11475170748178996,synthetic_gradual,,,,0.04851052149421022,22.48116339286224,1.0,0.1867924949844879,0.00019347411614175565,0.0402009861933641,rolling_ridge,1000,,,0.12017922044835312,0.0607797916937799,16.037041519085736,,,7.580610918204684,0.0032349,gradual,20
0.14217090715225106,0.11462494047474668,synthetic_gradual,,,,0.04819915148170682,22.814094505335273,1.0,0.188724281310777,-0.002158249908208774,0.039447940847539276,rls,1000,,,0.11918864708105315,0.06052084538155034,15.862462288475882,,,7.531953949702159,0.0039896,gradual,20
0.14926404463414972,0.1199328191689005,synthetic_gradual,4.4885641,,,0.050437107738158335,29.97774283427831,1.0,0.1985262907011336,-0.002393870903150332,0.043137602638117445,neural_gate,1000,,,0.12789746955815268,0.06321754707419758,16.358738790482786,,3,7.881673456101314,,gradual,20
0.18508606097400498,0.15182514742526862,synthetic_gradual,7.3872545,,,0.06146434508236616,30.02935070152742,1.0,0.25414347121076575,-0.00300162722465858,0.049733685050353554,boosted_meta,1000,,,0.1587041649983495,0.07879686958387823,18.42247974192356,,1,9.604870676710728,,gradual,20
0.21964160014395603,0.181813576574983,synthetic_gradual,0.1677433,0.01,cholesky,0.07541957183700873,47.25571793220153,1.0,0.3243114167601533,0.014147295485964316,0.06196619856776775,adaptive_ridge,1000,210,quadratic,0.1897794448698364,0.09545727877145559,22.557147002191403,0.0063619,2,11.783716075990434,,gradual,21
0.20310858497797227,0.16397705640128787,synthetic_gradual,,,,0.0715867220680373,27.677736323603042,1.0,0.27577310622454854,0.0037548131546694757,0.06465167341894726,rolling_ridge,1000,,,0.168452109213144,0.08799943623833195,21.786544669152402,,,11.18486338643801,0.0032064,gradual,21
0.2003538258154851,0.1623984410827657,synthetic_gradual,,,,0.07020426402240922,29.90572006558275,1.0,0.271424085040643,0.007535211582900447,0.06104177337330069,rls,1000,,,0.1700804161249775,0.08674818238938403,21.260306248377994,,,10.968865168735901,0.0039165,gradual,21
0.22171916837307834,0.18008851999601586,synthetic_gradual,4.4823604,,,0.07730484480416429,50.0514480282214,1.0,0.39491543972871124,0.03060236630069681,0.06510360003994878,neural_gate,1000,,,0.18312288260111526,0.09672636244656459,23.228928891427273,,3,12.078275178218057,,gradual,21
0.2575875712369114,0.20774615654526937,synthetic_gradual,8.461949,,,0.08649661460478456,54.00284700465551,1.0,0.3625703624874034,0.0022414272173081383,0.07140243276440206,boosted_meta,1000,,,0.21676456939098476,0.10927722896875373,25.90828209513314,,1,13.514417056621332,,gradual,21
0.1751126785275708,0.14015397450032113,synthetic_gradual,0.0060753000000000005,0.01,cholesky,0.059635324470177754,27.30804607560689,1.0,0.23517169450073383,-0.0020981972477162932,0.050935460294696755,adaptive_ridge,1000,110,quadratic,0.14936408594202608,0.07475188873460012,18.385632906924506,0.0009972,1,9.310017892515908,,gradual,22
0.16767644291554704,0.13718281184172187,synthetic_gradual,,,,0.058134087086408354,27.531179187210263,1.0,0.25180760578562134,-0.005607087458335543,0.04825471035373868,rolling_ridge,1000,,,0.14396433445446008,0.07321757823678399,18.301575741276704,,,9.075650979482742,0.0053144,gradual,22
0.16669448720753124,0.13671015170179932,synthetic_gradual,,,,0.057824998409077795,27.385271409317617,1.0,0.2417972837929161,-0.005138772324436086,0.04731417445767528,rls,1000,,,0.14344531548338918,0.07283578073498122,18.091713190550518,,,9.027397345552055,0.1108552,gradual,22
0.16458249954564536,0.13778442242395317,synthetic_gradual,4.8808396,,,0.058843065455127866,27.058872254281006,1.0,0.24661590125211375,0.0014610288614362638,0.05029474161186642,neural_gate,1000,,,0.14038812135975276,0.07351929161657597,18.13299865830448,,5,9.18633372258555,,gradual,22
0.23812891799819622,0.19341865901436517,synthetic_gradual,13.1582366,,,0.08076885167945501,39.55054995685453,1.0,0.32945792156166676,-0.012438429722370224,0.06777221816344903,boosted_meta,1000,,,0.19737287053581146,0.10133876444779474,23.6293671679123,,1,12.60929593281122,,gradual,22
0.14829796504201945,0.12097900130912526,synthetic_gradual,0.0063368,0.001,cholesky,0.050558307041370834,26.876094480814466,1.0,0.2320223235663128,0.00434388684624199,0.04118664361474546,adaptive_ridge,1000,110,quadratic,0.12443775334087703,0.06347847158752176,16.16627933428596,0.000962,1,7.91230997930302,,gradual,23
0.1414336558855936,0.1155085687662273,synthetic_gradual,,,,0.04938905906453129,24.540674269380027,1.0,0.20988756740010056,0.004415211323836215,0.04158133486398319,rolling_ridge,1000,,,0.12154050105590662,0.06181866954217124,15.961962396352924,,,7.7293241758452975,0.1484052,gradual,23
0.1399097671722139,0.11435443626490238,synthetic_gradual,,,,0.049105776469486453,23.94626572313355,1.0,0.207281796981014,0.004791732235041287,0.040930155574306,rls,1000,,,0.11949905422854219,0.06133415161729328,15.779678081903937,,,7.684990814328624,0.0131295,gradual,23
0.14716837305733932,0.11942060696316287,synthetic_gradual,1.9892401,,,0.050156834993763756,23.53030072516175,1.0,0.20794295976706584,0.010277952995603168,0.04225513287268651,neural_gate,1000,,,0.12295123134080138,0.06320963579801267,16.011040954788342,,1,7.849480120579836,,gradual,23
0.20538163898645806,0.16731787002552956,synthetic_gradual,35.6369971,,,0.0705463116271035,26.393567310842837,1.0,0.30269349005838636,0.010953484564122429,0.060989719925091,boosted_meta,1000,,,0.17312283377973367,0.08841668393962995,20.233607909171564,,5,11.040406970775361,,gradual,23
0.23366745411230455,0.1879796710290072,synthetic_gradual,0.10216499999999999,0.01,cholesky,0.07978162468955254,45.23707945685504,1.0,0.333187141865828,0.02452107050032235,0.06621352209113046,adaptive_ridge,1000,310,quadratic,0.1938274105629489,0.09972769260404052,24.300312268749494,0.0113928,3,12.45710914486753,,gradual,24
0.21251868775155386,0.17317930779480348,synthetic_gradual,,,,0.07428183543560564,40.225460616229434,1.0,0.3175831359983726,0.017096583724182712,0.06443787089569863,rolling_ridge,1000,,,0.17911517582506123,0.09254992320906615,22.592421984254,,,11.598371618817154,0.0104053,gradual,24
0.21101388911798538,0.1706288566883433,synthetic_gradual,,,,0.0733202730660352,40.97273680576733,1.0,0.30820863049258806,0.011779946379851573,0.06306399262649887,rls,1000,,,0.17661990075910416,0.09124807639189603,22.584585138993653,,,11.448233194913824,0.0035713,gradual,24
0.2478830606137705,0.19991436171064672,synthetic_gradual,3.9375174,,,0.08345295575821535,46.21875715133782,1.0,0.33077828003814147,0.041968591610183154,0.0693146388254943,neural_gate,1000,,,0.2076509141183737,0.10511852364903396,24.338084003376014,,5,13.030351066265315,,gradual,24
0.31688278278679016,0.2548338675495403,synthetic_gradual,22.7951221,,,0.10625462815257052,64.90861202563369,1.0,0.46820749962123825,0.048448521188643054,0.08852641592918792,boosted_meta,1000,,,0.26401309662984945,0.1342911910840197,29.254262094452994,,5,16.59060598470383,,gradual,24
0.2603645400536964,0.21437145201615673,synthetic_gradual,0.0282979,0.1,cholesky,0.09147699438598787,45.17516003815483,1.0,0.3499647506486125,-0.02213543905112607,0.07826902742974284,adaptive_ridge,1000,110,quadratic,0.22577928285246013,0.11400742314073796,25.686187786429794,0.0012373,1,14.38292319781534,,gradual,25
0.2315265529716535,0.18368435485138018,synthetic_gradual,,,,0.07762150199838917,64.9100699379022,1.0,0.3390939244519806,0.01549522674741323,0.0668596608313114,rolling_ridge,1000,,,0.19627631706218263,0.0971395430954526,23.961958400555634,,,12.204424830915864,0.0029172,gradual,25
0.2341316929635216,0.1851800578508789,synthetic_gradual,,,,0.07670039702995825,64.28513955139417,1.0,0.3154676389362683,0.01339518108558344,0.0641808741832977,rls,1000,,,0.18960689741255404,0.09667932947038949,23.368342837280036,,,12.05959954334501,0.0230894,gradual,25
0.23311893741322856,0.1944330608884064,synthetic_gradual,1.7901184,,,0.08252334056595588,46.33802543940636,1.0,0.29726173207395834,0.0014785726301920073,0.06934253854114601,neural_gate,1000,,,0.20120978389747152,0.1033419310741155,23.234883054035823,,1,12.975140660820747,,gradual,25
0.21727262068147396,0.1760905554615956,synthetic_gradual,7.4023983,,,0.07405493088602583,37.89335620959841,1.0,0.3624588194892006,-0.009093171891421725,0.06191759153423615,boosted_meta,1000,,,0.18123024967866402,0.0931684860796228,21.894623145562985,,1,11.64365303541701,,gradual,25
0.28478808026062274,0.23607158802267245,synthetic_gradual,0.0251582,0.01,cholesky,0.09859321881797975,58.45672376417266,1.0,0.38571777144366737,-0.02451128187443166,0.08263576998151173,adaptive_ridge,1000,110,quadratic,0.24620735302177865,0.1237415873822394,26.94653367548098,0.0012754,1,15.369882447176584,,gradual,26
0.2713085594056738,0.222102139306975,synthetic_gradual,,,,0.0962347568162027,65.0313316432309,1.0,0.3548100549703217,-0.018901914994018394,0.08388251966774293,rolling_ridge,1000,,,0.2329342294297595,0.11888860791627158,28.60258157245701,,,15.002217366778222,0.0217193,gradual,26
0.26857009892552164,0.22036566915648156,synthetic_gradual,,,,0.09355699792906708,67.59375292109281,1.0,0.3570791843966014,-0.01923195329309823,0.07814466182531159,rls,1000,,,0.22897608948954554,0.11695942482283171,26.29365757619428,,,14.58477649396181,0.0034551,gradual,26
0.2885545748297783,0.23620128854248004,synthetic_gradual,2.1077823,,,0.0991708062380293,63.22500129626949,1.0,0.3740926791691762,-0.03193500553420928,0.08305054823098512,neural_gate,1000,,,0.24428109934623973,0.1243712669884429,26.30805475808549,,1,15.459923637184989,,gradual,26
0.3104221207607519,0.2596115151063396,synthetic_gradual,8.6188445,,,0.11180290952653783,94.79822953576605,1.0,0.45973443361125266,-0.04744683729328121,0.09275516976154834,boosted_meta,1000,,,0.26720970652949594,0.13842167941239983,31.205411820306207,,1,17.4291659941407,,gradual,26
0.16987150368114104,0.1395282856423445,synthetic_gradual,0.023114199999999998,0.001,cholesky,0.059640869075432264,22.07730673148016,1.0,0.2711004803790106,-0.020879440704268597,0.050551265658635436,adaptive_ridge,1000,110,quadratic,0.14320149316003158,0.07449385504139985,18.90847725805377,0.0063953,1,9.338040392245956,,gradual,27
0.15366164039968258,0.1250681474529557,synthetic_gradual,,,,0.05179400671206686,19.36832375792777,1.0,0.22241299135013903,0.00205499006268877,0.04241466636571465,rolling_ridge,1000,,,0.12675614361802026,0.0659736196399759,16.76209178671988,,,8.109448005223138,0.0060686,gradual,27
0.15210629717661953,0.12376143707887799,synthetic_gradual,,,,0.0511581733112933,19.583137047505357,1.0,0.22430736010193086,-0.0003383017269316531,0.04127565611922186,rls,1000,,,0.1273552491430946,0.06531379423366684,16.722196490210415,,,8.009894828497073,0.0102997,gradual,27
0.16690694062755973,0.13422657104012198,synthetic_gradual,3.4717141,,,0.05684706014090475,20.52716983862443,1.0,0.2550814874245416,-0.007381416174578512,0.047844203062108404,neural_gate,1000,,,0.13881091448583419,0.07129445767567374,18.251616624240427,,3,8.900610470729568,,gradual,27
0.19932053432676505,0.16266398728387763,synthetic_gradual,7.3737347,,,0.06844694855094051,27.049682287208864,1.0,0.2899604711994608,0.013967721306466827,0.058646175189949884,boosted_meta,1000,,,0.16733470071954426,0.08584962994624872,20.931335995153663,,1,10.71681852064009,,gradual,27
0.2080947417965686,0.166266267442246,synthetic_gradual,0.019836899999999998,0.001,cholesky,0.06940121476910943,105.23797589853513,1.0,0.4023287906760623,0.008390657004309594,0.05875910013471358,adaptive_ridge,1000,110,quadratic,0.17012390332443145,0.08772174770167486,20.7578958734965,0.0012977,1,10.81311268229993,,gradual,28
0.20371885239525434,0.16366688858819692,synthetic_gradual,,,,0.06838956827089031,61.85003577973938,1.0,0.4040064586321491,-0.0036947956737014074,0.05879465759030977,rolling_ridge,1000,,,0.16829760908357266,0.0863617723120993,20.639320500813703,,,10.655492277292748,0.0274627,gradual,28
0.20157276172051666,0.16150975245750926,synthetic_gradual,,,,0.06733977094254896,66.12264270176837,1.0,0.38651313596151127,-0.0016646061877815805,0.0577058572655003,rls,1000,,,0.1629843372192519,0.08516615143792354,20.20665631029944,,,10.49192775118614,0.0043544,gradual,28
0.20854370420865997,0.16469992345018564,synthetic_gradual,1.882025,,,0.06909179733174396,80.09949422221034,1.0,0.4096096737730764,0.006874431762477923,0.059189021621806226,neural_gate,1000,,,0.17003826192121568,0.08721588252078402,21.02462342500696,,3,10.764903646950446,,gradual,28
0.25110979227047053,0.19525271413408757,synthetic_gradual,8.146532,,,0.07970253938982667,82.89296146967436,1.0,0.3712011184093701,0.028174806359028085,0.06625561957908235,boosted_meta,1000,,,0.20437146906015458,0.10179114896649799,23.83127164552226,,1,12.418118938621912,,gradual,28
0.22191248615702125,0.18270120115048244,synthetic_gradual,0.0209942,0.01,cholesky,0.07852608754295114,70.21762549997725,1.0,0.3577008532967376,-0.010294998671555795,0.06521673159848167,adaptive_ridge,1000,110,quadratic,0.1934972443452884,0.09819259832928061,25.442129994194847,0.0019319,1,12.341105537219224,,gradual,29
0.22185493606996992,0.1779146906903354,synthetic_gradual,,,,0.07338918286920522,59.25641104597293,1.0,0.3687266542930683,-0.008235211336388932,0.05910469855218997,rolling_ridge,1000,,,0.18363748353162274,0.09342644219969973,23.54606098799681,,,11.533793156112013,0.0293543,gradual,29
0.21818745936567047,0.17510531925035566,synthetic_gradual,,,,0.07293455851633524,59.8696855675495,1.0,0.34714282819164,-0.005996015266301148,0.05907639292466765,rls,1000,,,0.18326069561341382,0.09226870072666973,23.531720877527274,,,11.462344707652262,0.008569,gradual,29
0.2544076023616374,0.2015223515712181,synthetic_gradual,4.1533645,,,0.08200265274535426,70.02097874969216,1.0,0.45357321092754543,0.005122889777404234,0.0668189166391841,neural_gate,1000,,,0.20698809562236098,0.10462985662632922,26.48932321344143,,3,12.887480116831552,,gradual,29
0.25253314923686543,0.20128663743667696,synthetic_gradual,4.8430545,,,0.0875044181932052,82.47827655213582,1.0,0.4009187143944072,-0.01952744824530453,0.07571283652051639,boosted_meta,1000,,,0.20511491107829488,0.10830003010941162,27.309047851860736,,1,13.752133764523052,,gradual,29
0.26380149496730604,0.21042497105053928,synthetic_gradual,0.0201428,0.01,cholesky,0.09088708657410646,76.44523950180047,1.0,0.38752504045010483,-0.0013171688246798572,0.07931575466847185,adaptive_ridge,1000,210,quadratic,0.2140139323406,0.11315494097327183,27.221107415978555,0.0058056,2,14.307404976279845,,gradual,30
0.22874610808699233,0.1879786554754543,synthetic_gradual,,,,0.08081479373664273,65.52517856427377,1.0,0.323460007136509,0.012109965189165387,0.0694844652025054,rolling_ridge,1000,,,0.1906644525652723,0.1004848228120528,25.378314439026777,,,12.721829091989889,0.0122183,gradual,30
0.2254483606204965,0.1843055391002491,synthetic_gradual,,,,0.07878066993980748,66.52886816414055,1.0,0.3247098631434735,0.012700024510134795,0.06721270383541944,rls,1000,,,0.18986680090406788,0.0984876383909745,24.78168266777197,,,12.401618223425189,0.0030237,gradual,30
0.25841046671156154,0.20584099217786722,synthetic_gradual,1.9545702,,,0.087187157380361,74.99118826130426,1.0,0.38179411817966247,0.01984244258584811,0.07120097053596622,neural_gate,1000,,,0.21108651061022723,0.10944330895952298,26.23615844849533,,5,13.724963758788356,,gradual,30
0.29490127123959,0.2319638076268354,synthetic_gradual,15.7491107,,,0.0993918350141855,95.91585956847797,1.0,0.4303849802676601,0.05210221899634424,0.08332416487654654,boosted_meta,1000,,,0.24658600290827615,0.12362480692714789,29.000335837289633,,5,15.646218714735202,,gradual,30
0.16198832192485674,0.12561317820653456,synthetic_abrupt,0.0110584,1.0e-6,cholesky,0.05307999914969316,74.74818506333509,1.0,0.29443101625426804,0.04639651236632853,0.04501075774383462,adaptive_ridge,1000,110,quadratic,0.13087161165963182,0.06670963332385031,16.630304304970995,0.0063339,1,8.24389064539492,,abrupt,1
0.03968061063963055,0.03133073265908424,synthetic_abrupt,,,,0.01319470858762904,14.038136449511354,1.0,0.07083172048570596,-0.0012713114700784733,0.01097881320459343,rolling_ridge,1000,,,0.032028096017969875,0.01661709716418961,5.7498191151036755,,,2.049279134076547,0.0074995,abrupt,1
0.03960231483702022,0.031248850111353855,synthetic_abrupt,,,,0.013146778492394125,15.090948383804253,1.0,0.06949292957756603,-0.001123392932841812,0.01097729810598123,rls,1000,,,0.03240485382232043,0.01659023892750484,5.7510668101359625,,,2.041835078498745,0.0035466,abrupt,1
0.13743373853186147,0.11308609480930895,synthetic_abrupt,2.14419,,,0.05046645495633264,69.27513726091831,1.0,0.20882698436888214,-0.0407891963310712,0.04414243684935201,neural_gate,1000,,,0.11609527398664411,0.061915671682592856,17.293353902800437,,1,7.837979325272082,,abrupt,1
0.2805015994165321,0.23212746585392344,synthetic_abrupt,7.5147205,,,0.08043665956908863,100.16415239644742,1.0,0.3926707704332738,-0.05445229174950524,0.04508775064535725,boosted_meta,1000,,,0.25233156900429526,0.11372799153984485,27.234533829187153,,1,12.492672117389414,,abrupt,1
1.0706475486498193,0.9127329514715053,synthetic_abrupt,0.0062023,0.0,cholesky,0.476222131049592,1085.6640452901968,1.0,1.388771670139708,0.4657744041987472,0.4540000910062793,adaptive_ridge,1000,110,quadratic,0.9259509026220514,0.5446432908471606,90.88238237868225,0.000901,1,75.04178347342213,,abrupt,2
0.12587644428003725,0.08962048332138571,synthetic_abrupt,,,,0.034206490389510284,84.96584195791377,1.0,0.35609591235183846,0.010395039071192656,0.02683724452736863,rolling_ridge,1000,,,0.08673948636354538,0.047296704590886036,12.84327746232999,,,5.390165382566013,0.0029848,abrupt,2
0.11636766869493426,0.08533382094559576,synthetic_abrupt,,,,0.03355933396269182,87.84575322217317,1.0,0.3550516601059189,0.007944501941095486,0.02786116194660143,rls,1000,,,0.08667786313073733,0.045152421403066564,12.692430359039328,,,5.28818823936246,0.0089259,abrupt,2
0.7761091199503555,0.6838121293417939,synthetic_abrupt,4.423432,,,0.37388281401474166,850.6700582409136,1.0,0.9906167520625764,0.3685086458189448,0.3662787395093723,neural_gate,1000,,,0.7033075162946466,0.4201442988861905,78.2397935626988,,1,58.91543324937637,,abrupt,2
0.49579649112122026,0.4158932294253867,synthetic_abrupt,9.3666626,,,0.14175135801066321,278.152817481551,1.0,0.5788815093915763,0.1365793713420207,0.08333765197265873,boosted_meta,1000,,,0.44988580142139095,0.2022720806948545,46.65922944266486,,1,22.336792058477442,,abrupt,2
10.862839160410335,8.870417204230334,synthetic_abrupt,0.012629,0.0,cholesky,3.976408933741942,2652.002501067872,1.0,15.286880243613648,-3.8685404718019756,3.599744242357341,adaptive_ridge,1000,110,quadratic,9.34614470624424,4.83350636889042,164.48672186510905,0.0013829,1,621.135232683089,,abrupt,3
0.16843151439936593,0.12777469114784784,synthetic_abrupt,,,,0.05225145734744457,46.21470446083068,1.0,0.4897461101968882,-0.005024957388126641,0.04393693134765614,rolling_ridge,1000,,,0.12946642147048215,0.06793606106117919,16.789730751407216,,,8.161942511026893,0.0048441,abrupt,3
0.1664654447014178,0.12921859914045036,synthetic_abrupt,,,,0.05271753105746854,47.68711351817581,1.0,0.4417867781663076,-0.004769688138746436,0.04414774153168238,rls,1000,,,0.13189503020070512,0.06810286236215218,17.121815613376846,,,8.234745587155885,0.0260126,abrupt,3
0.8066732415247182,0.6882343759646986,synthetic_abrupt,2.1503998,,,0.3452792222898369,218.08105701283358,1.0,1.0316685468000988,-0.32397717355787997,0.33600089296648905,neural_gate,1000,,,0.6998691151887064,0.40320230377862015,72.83418866659639,,1,53.93436481288018,,abrupt,3
1.2492876311048309,1.0652628046967347,synthetic_abrupt,12.5061056,,,0.4724828030379063,323.1290969958355,1.0,1.6890901059704386,-0.4394474227035608,0.4257781484079559,boosted_meta,1000,,,1.0908748085240036,0.5875448347690256,99.82527073221227,,1,73.80420894677374,,abrupt,3
1.6715300447466774,1.4137362431635572,synthetic_abrupt,0.0061277,0.0001,cholesky,0.7193888726959554,254.6138010479183,1.0,2.456019420262558,-0.7013167322451925,0.683151494715506,adaptive_ridge,1000,110,quadratic,1.458694064641194,0.83095225827011,108.98999569679421,0.000862,1,111.82100362302633,,abrupt,4
0.12219301713072349,0.08474320602091533,synthetic_abrupt,,,,0.032239593419566545,16.76344269310159,1.0,0.4683971978692521,-0.0007969037740312632,0.025268271973803158,rolling_ridge,1000,,,0.07850130695658009,0.04651980571751412,11.616542277343402,,,5.011286425746399,0.0099427,abrupt,4
0.11153525728065794,0.07932915835851517,synthetic_abrupt,,,,0.03163864233394519,16.380511186359424,1.0,0.5084453269800863,-1.4334805776318183e-6,0.025562676535042655,rls,1000,,,0.07235937965638434,0.04430456825944804,11.332293810081183,,,4.917875259584356,0.003433,abrupt,4
1.0738508392987436,0.9381642792751612,synthetic_abrupt,1.6095929,,,0.5153651433882239,199.45520417049244,1.0,1.2915958274935606,-0.5105716627495894,0.515167239527796,neural_gate,1000,,,0.9664466994296036,0.5764270796862854,94.98033619105777,,1,80.10778280463119,,abrupt,4
1.2942030092859824,1.1067084203593338,synthetic_abrupt,7.7479275,,,0.5274056651040652,230.1433729997688,1.0,1.5865909198674673,-0.5174655649693005,0.5027218127903923,boosted_meta,1000,,,1.135692842191612,0.6319555919614867,103.50743540643155,,1,81.97934806441141,,abrupt,4
2.6785268489120972,2.327399884592623,synthetic_abrupt,0.012541400000000001,1.0e-6,cholesky,1.344568691444984,641.4014623840945,1.0,3.415252211582901,1.337467677192799,1.3248568824632438,adaptive_ridge,1000,110,quadratic,2.407834601896944,1.4742628454138236,144.58684365362757,0.0008753,1,210.94166814500616,,abrupt,5
0.17052072771591786,0.1095483142968615,synthetic_abrupt,,,,0.04033024856379428,21.400736022597073,1.0,0.7590432440042801,-0.0008802946527322893,0.03127549111876622,rolling_ridge,1000,,,0.09754431007064966,0.060593828840038944,14.107021614498228,,,6.327181320581568,0.0086926,abrupt,5
0.1539854179578154,0.10254665161224179,synthetic_abrupt,,,,0.03913247792450008,21.00916443051996,1.0,0.7586290199931588,2.900327601944641e-5,0.03137251939983815,rls,1000,,,0.0955722365434424,0.05695876780541683,14.084332065097861,,,6.139269956650953,0.003603,abrupt,5
0.9777349648900622,0.8318938915361203,synthetic_abrupt,2.0865802,,,0.43277103527363275,218.78425589666725,1.0,1.4690032292668684,0.4252793487557608,0.4185549296074392,neural_gate,1000,,,0.8641828644172767,0.49724817245361025,84.0895467902301,,1,67.89496489566054,,abrupt,5
1.0208291280171655,0.867581735421598,synthetic_abrupt,7.4760255,,,0.39323933514462384,168.4188392227702,1.0,1.2961189210072535,0.3557688485546424,0.36161304798881466,boosted_meta,1000,,,0.8902468687422703,0.48125022563823666,92.58665808727436,,1,61.69306325770133,,abrupt,5
1.6755470750648433,1.4604725079344119,synthetic_abrupt,0.0097583,0.0,cholesky,0.7783893089539776,306.68883966706176,1.0,2.1163799771008973,-0.7664197350297114,0.7433673927717779,adaptive_ridge,1000,110,quadratic,1.4870266428784007,0.8808723495354499,116.49798604247047,0.0014837,1,122.00720876183257,,abrupt,6
0.31025715709101437,0.1979925652837758,synthetic_abrupt,,,,0.06731079486418134,38.84036233386917,1.0,1.0303938230444656,-0.03553797735952858,0.04802199869977916,rolling_ridge,1000,,,0.184534131547689,0.10517740541684585,19.871032769223252,,,10.550507447173354,0.0061008,abrupt,6
0.25701692517630215,0.16964771888643526,synthetic_abrupt,,,,0.061661849400880535,35.41071943190086,1.0,0.9177253889827952,-0.02814164660903617,0.047011016625626095,rls,1000,,,0.15351536159724005,0.09274531216634828,18.716184665372413,,,9.665073820969864,0.027141,abrupt,6
1.0504345826329249,0.8933838922879447,synthetic_abrupt,2.2685709,,,0.4760335772429905,186.10981729458612,1.0,1.3762769535495245,-0.4708088241561798,0.45490077053734573,neural_gate,1000,,,0.9004512448357774,0.5378842049137691,90.56279209890774,,1,74.61501252422964,,abrupt,6
0.9701215476313801,0.8218931096558476,synthetic_abrupt,8.056827,,,0.3993242802811375,194.311574332906,1.0,1.2054790025644062,-0.3875497446895335,0.37920958741561933,boosted_meta,1000,,,0.844701671083354,0.4724135053592739,88.14988477295668,,1,62.59135405315528,,abrupt,6
0.4564489925153521,0.3759988235257153,synthetic_abrupt,0.0065165,0.01,cholesky,0.16124334539255766,91.30665378421395,1.0,0.6824517304171084,-0.10923404044706347,0.13920422543970373,adaptive_ridge,1000,110,quadratic,0.384487669326108,0.20085355747667047,41.41167523865583,0.0010089,1,25.128151564598284,,abrupt,7
0.21626913409607723,0.16169670817327814,synthetic_abrupt,,,,0.06473030396747578,52.43568597034224,1.0,0.4304105778071373,0.001700720298331951,0.05310576876731764,rolling_ridge,1000,,,0.16246337000707137,0.08378107120080817,21.00003102812004,,,10.087566001296349,0.0032221,abrupt,7
0.21077411125558781,0.1587360071312599,synthetic_abrupt,,,,0.06413828743715004,53.57077436693004,1.0,0.38400094906034454,-0.0011775464918925291,0.05275047785200554,rls,1000,,,0.16519353185733734,0.08242563624232271,20.29770522643845,,,9.995306186997933,0.0123276,abrupt,7
0.4972988975539536,0.41641995562927187,synthetic_abrupt,1.571712,,,0.1888127043629451,96.25784735549215,1.0,0.6965313721237345,-0.15483149936129975,0.16895079117544737,neural_gate,1000,,,0.42356043758415013,0.22981692210488178,46.491873907401974,,1,29.424558520557454,,abrupt,7
0.648633956871196,0.551480293152805,synthetic_abrupt,8.0396977,,,0.2516089697464584,94.31988189774405,1.0,0.7832471601855178,-0.11541379031667082,0.22257752528161867,boosted_meta,1000,,,0.5732908843094159,0.30457576207780285,64.53640459727526,,1,39.2107240854434,,abrupt,7
0.28429090010037805,0.22881589315717557,synthetic_abrupt,0.011276,0.0001,cholesky,0.09493497400074952,57.53234993320484,1.0,0.42227207121912724,0.07243182270519193,0.0784958144963216,adaptive_ridge,1000,110,quadratic,0.23974932140793626,0.11972329951125812,26.599576745077268,0.0008594,1,14.83785265454054,,abrupt,8
0.07189089331033438,0.052996999832286104,synthetic_abrupt,,,,0.020549439396125427,12.198998266565782,1.0,0.17802878336202282,0.003126033314398292,0.01644387271268942,rolling_ridge,1000,,,0.05391757675235592,0.0273090755414848,8.466351783339293,,,3.2117726591541738,0.0097453,abrupt,8
0.06877515463023255,0.05125080875508979,synthetic_abrupt,,,,0.020384553421819735,12.203133044614667,1.0,0.18016019909130546,0.002159145593292002,0.01671818812332243,rls,1000,,,0.051355268950990546,0.02673868909203283,8.37793734605613,,,3.1860018216172206,0.0035413,abrupt,8
0.25416902277709336,0.20880697817409974,synthetic_abrupt,2.2401472,,,0.09646409897365239,53.657221691596945,1.0,0.34886091119977913,0.08585103541583891,0.08892672022986327,neural_gate,1000,,,0.2162434929237075,0.1164648209171135,26.667606194999728,,3,15.076847095494747,,abrupt,8
0.26965763451992353,0.2118927484027265,synthetic_abrupt,7.925232,,,0.08132467999364684,39.75535992821523,1.0,0.38911650493497063,0.03623231680843524,0.06285245510582865,boosted_meta,1000,,,0.22537622923877768,0.10732651957944109,22.709345629566045,,1,12.710633058306477,,abrupt,8
1.1634013300254082,0.9896887191951479,synthetic_abrupt,0.0133959,0.0001,cholesky,0.5328837338072876,333.80616759474077,1.0,1.433779670699702,-0.5254826501063278,0.5186688971252957,adaptive_ridge,1000,110,quadratic,1.044333337158391,0.6004393724250704,99.17376702122897,0.0009145,1,83.6426990715516,,abrupt,9
0.17106673756733454,0.11624973763917379,synthetic_abrupt,,,,0.043833931607726626,27.700623284252853,1.0,0.5640063663382464,-0.009960831294544253,0.03454409007739248,rolling_ridge,1000,,,0.11024594902929576,0.06232600893754217,14.530924216333007,,,6.880278225782675,0.0061177,abrupt,9
0.15834984934894025,0.11260317141750754,synthetic_abrupt,,,,0.04329732093550657,32.44803371335907,1.0,0.5470553735185104,-0.009210866152709775,0.03466695216042909,rls,1000,,,0.10787299797034569,0.05985018401691001,14.16723581623367,,,6.796050537588092,0.0034455,abrupt,9
1.0834089677613745,0.9261415983797137,synthetic_abrupt,3.2488615,,,0.4943373495180618,304.0155530853386,1.0,1.3429141034629892,-0.4877777677254173,0.48078187145045403,neural_gate,1000,,,0.9682838899987367,0.5591932949646342,91.97066382953193,,3,77.59236685674605,,abrupt,9
1.0937703480051808,0.8976230550818631,synthetic_abrupt,8.3823859,,,0.4252437849896589,332.7056790081147,1.0,1.3601177615085374,-0.4142397654063452,0.4066660388526448,boosted_meta,1000,,,0.9304606640411512,0.5104851829700013,92.19772244028522,,1,66.74727653218378,,abrupt,9
0.8617674673688103,0.7321053569775942,synthetic_abrupt,0.0069923,0.0001,cholesky,0.37202629986716707,312.88979040632074,1.0,1.0601623927186656,-0.36403442730079694,0.3583960473040758,adaptive_ridge,1000,110,quadratic,0.7482410429556877,0.4299327879006151,76.25288593388947,0.0010026,1,57.649676914557,,abrupt,10
0.18760819439767776,0.13720027513545943,synthetic_abrupt,,,,0.054518036099621976,38.03112988035124,1.0,0.38888657155066764,-0.0007111137217683395,0.04464977710946491,rolling_ridge,1000,,,0.13544852479185554,0.07165207145725142,18.623591083599397,,,8.448185432808271,0.0264054,abrupt,10
0.17831574753344398,0.13388276604937993,synthetic_abrupt,,,,0.05374564657102834,32.548479457701646,1.0,0.35747183272060973,0.00012098774407800864,0.04473601328187232,rls,1000,,,0.1332201991129176,0.06999400124845097,18.47411447927528,,,8.32849495180865,0.0037757,abrupt,10
0.602790803686649,0.49535201330515055,synthetic_abrupt,2.9004909,,,0.2190956781652814,201.59797605257873,1.0,0.994877845724299,-0.18855753940934586,0.18936137537218445,neural_gate,1000,,,0.5102198540623979,0.2696688183215528,51.5664917746617,,1,33.951349848422254,,abrupt,10
0.9128459698204873,0.7607794251962833,synthetic_abrupt,8.7614854,,,0.32376140511161083,275.61586978633,1.0,1.1536851137507917,-0.2653027793361528,0.2711616152720746,boosted_meta,1000,,,0.8002746757298853,0.4049820306278791,80.59218943222501,,1,50.1704863574206,,abrupt,10
0.4047288426276188,0.31788572253116065,synthetic_abrupt,0.0064519,0.001,cholesky,0.132327477553246,51.50622841075757,1.0,0.5691270292418454,0.054961936662452915,0.10957347865958159,adaptive_ridge,1000,110,quadratic,0.33381977504235066,0.1669104613885896,34.522696154843906,0.0010959,1,20.66200982670104,,abrupt,11
0.1467031611270256,0.11505864086219593,synthetic_abrupt,,,,0.04694577981684053,23.879571061323,1.0,0.26098358489668383,0.010316619319487396,0.03972845761500837,rolling_ridge,1000,,,0.11935096130109994,0.05992366982529383,17.15096558574977,,,7.330255075008104,0.0082817,abrupt,11
0.14375339123668923,0.1127138200316067,synthetic_abrupt,,,,0.04607847322756117,23.054679394112586,1.0,0.23196411900536887,0.007407543464013135,0.03842186618990495,rls,1000,,,0.11514368197640469,0.05871400097748304,16.752257309506696,,,7.194831218967003,0.0266777,abrupt,11
0.39279658209834445,0.32052047446517906,synthetic_abrupt,1.447368,,,0.13502725546835054,56.852749084154986,1.0,0.5143889154247981,0.06016277092967946,0.11552982886335783,neural_gate,1000,,,0.34292825402883637,0.16870443081752254,34.97422072159278,,1,21.083561259882064,,abrupt,11
0.2797143124985921,0.2245768137132796,synthetic_abrupt,8.7230879,,,0.08524511537776117,36.0414573131686,1.0,0.4098465346140804,0.048428663173071484,0.06262586819919089,boosted_meta,1000,,,0.23944447634909086,0.11240174847572747,24.179140089667577,,1,13.310428371951986,,abrupt,11
0.596412305816404,0.49989183210757765,synthetic_abrupt,0.0547248,0.001,cholesky,0.2420220359652158,220.29197118601442,1.0,0.8105160992287714,-0.23689260226443995,0.22496370629539808,adaptive_ridge,1000,110,quadratic,0.5099487733336416,0.2842340587953566,58.226498852213325,0.0008942,1,38.290844530443955,,abrupt,12
0.1601199741425523,0.12014755950687556,synthetic_abrupt,,,,0.048578698483817497,30.67404530048703,1.0,0.41153898310106307,0.0014290745706162942,0.039735006661095335,rolling_ridge,1000,,,0.1205183065354242,0.06300627737012224,17.503607974925565,,,7.685743918799656,0.0083501,abrupt,12
0.15870127125417197,0.12018961903504267,synthetic_abrupt,,,,0.048201885569246754,31.147346780527307,1.0,0.38588383142244753,0.00023037127664505126,0.03969960863552682,rls,1000,,,0.12001913381696326,0.06263324719018364,17.231050518253365,,,7.626127509610513,0.0036764,abrupt,12
0.4144401427174732,0.3448615122069921,synthetic_abrupt,3.2270068,,,0.1608184623846493,148.9172562317318,1.0,0.5692791154610773,-0.1492723866144393,0.1488996859206086,neural_gate,1000,,,0.3559268172160735,0.19237228342156387,41.955253229083276,,1,25.443446569801953,,abrupt,12
0.3511027763511321,0.2857027649613578,synthetic_abrupt,7.9890892,,,0.11847045812383776,93.91118322770014,1.0,0.5892887624443143,-0.07589027057409464,0.09870793387761836,boosted_meta,1000,,,0.30020706385191487,0.15040492763078298,31.742014572808344,,1,18.743474640145244,,abrupt,12
1.4093624593177305,1.2124259512176478,synthetic_abrupt,0.0224241,0.0,cholesky,0.7477498093617907,324.8569790322232,1.0,1.9807235229167173,0.7463659367072606,0.7456479222348815,adaptive_ridge,1000,110,quadratic,1.2201847586113115,0.8041024437369655,120.82908880837967,0.0173379,1,115.91307836934799,,abrupt,13
0.12867976391713348,0.08514526475912397,synthetic_abrupt,,,,0.0318135081406214,16.235497383752566,1.0,1.2315148094926236,-0.0008107798925221655,0.0250584471387838,rolling_ridge,1000,,,0.07565408233298666,0.05857140074239078,10.96113363170926,,,4.931598264739285,0.019805,abrupt,13
0.12325627052232736,0.08178200071644064,synthetic_abrupt,,,,0.031099945465139858,15.58395771549689,1.0,1.2237884585615892,0.0008103044565294814,0.024858078237182557,rls,1000,,,0.07162755905244554,0.057237663607683176,10.721508433777084,,,4.8209847342656,0.0147439,abrupt,13
0.8068553411441051,0.5786258412236049,synthetic_abrupt,1.6870379,,,0.2506961509546922,116.76101244192121,1.0,1.6206960732936424,0.2459650585348612,0.214270088617765,neural_gate,1000,,,0.5808170059955371,0.312096589043553,56.794959270891546,,1,38.861878971667196,,abrupt,13
0.6732326103888036,0.5687200624144807,synthetic_abrupt,14.8940919,,,0.2532646171095533,116.22876987400686,1.0,0.8455430458768448,0.24926195924469577,0.22578887235043188,boosted_meta,1000,,,0.5931977353868578,0.3155275450829841,71.25674194634716,,1,39.260031956756606,,abrupt,13
3.1484843493310963,2.418754639695628,synthetic_abrupt,0.0065318,0.0001,cholesky,0.9124794906917362,374.98200897729265,1.0,4.553710041203227,-0.6491719907348444,0.6872196028442431,adaptive_ridge,1000,110,quadratic,2.542042139005927,1.209617360053009,113.334751989593,0.0009952,1,142.2838898039635,,abrupt,14
0.2244521992151931,0.1681390773707976,synthetic_abrupt,,,,0.06698310983782198,33.35345205324619,1.0,0.6901215717419024,0.007575701880477391,0.05170970276315612,rolling_ridge,1000,,,0.16775540854003906,0.08796846382365675,21.70578322678632,,,10.444746995536782,0.0055956,abrupt,14
0.21227687303559054,0.1593492230306471,synthetic_abrupt,,,,0.06378030507922232,34.0167101139485,1.0,0.7202953534169068,0.007086044846291964,0.050960658483458515,rls,1000,,,0.15753163834823855,0.08409123857521013,20.960827070609607,,,9.94533027002689,0.0237672,abrupt,14
0.6102697971798691,0.4914624110276938,synthetic_abrupt,2.1694857,,,0.20772378124119545,110.80611187417706,1.0,0.9406990936010762,0.1681906393637399,0.17580528972332454,neural_gate,1000,,,0.5046716623010732,0.2604405013564193,49.91309105823177,,1,32.39058839270911,,abrupt,14
1.2898720223353894,1.1046333905910282,synthetic_abrupt,16.5544109,,,0.5123281765543618,294.56688386381256,1.0,1.539393634602209,0.4950842374869207,0.47250393906957067,boosted_meta,1000,,,1.1419081687890797,0.620019658354866,102.99042670920774,,1,79.8878731631163,,abrupt,14
1.562203434063765,1.3660774520394272,synthetic_abrupt,0.028777200000000003,0.0001,cholesky,0.7902598739655399,942.8784870192677,1.0,2.000941886239314,-0.7833128175273117,0.779908358604133,adaptive_ridge,1000,110,quadratic,1.3707121513741753,0.8701600380809302,122.98984563454542,0.0009614,1,123.64888808097476,,abrupt,15
0.32505972299375485,0.20367565690721004,synthetic_abrupt,,,,0.07168396422185465,60.232148675107844,1.0,1.5653507758478338,0.004601821479535762,0.05126183996695621,rolling_ridge,1000,,,0.18393802759466796,0.11331392772283104,21.39794644220304,,,11.216111005093513,0.0313045,abrupt,15
0.29188352659432204,0.19145084955802438,synthetic_abrupt,,,,0.06926238567290484,54.498179387544035,1.0,1.4550910872449179,-0.0008952791450809524,0.0525407927174755,rls,1000,,,0.1782822004326137,0.1062148161820356,20.601023565318417,,,10.837216030360883,0.0054692,abrupt,15
1.2482697939896377,0.996164668600509,synthetic_abrupt,1.5958896,,,0.4504220788509342,454.20015204376904,1.0,1.648755810958268,-0.4321033910236995,0.40570833677408247,neural_gate,1000,,,1.0307983073029383,0.5467551707991265,83.19726033570029,,1,70.4757903720514,,abrupt,15
1.1877173928942595,1.01559684595318,synthetic_abrupt,12.1788446,,,0.4401117736714838,576.4391562794626,1.0,1.5148353904096945,-0.39853035763776296,0.38328589105333183,boosted_meta,1000,,,1.0453477267601394,0.5515090648369685,96.10733870118543,,1,68.86257703146092,,abrupt,15
0.7973337937636845,0.6338528320402589,synthetic_abrupt,0.013202,0.0,cholesky,0.25586227216092133,109.15301127434299,1.0,1.1067028309922238,-0.10406321018605302,0.208002207567618,adaptive_ridge,1000,110,quadratic,0.65303537600316,0.3261172937420021,55.767117185497085,0.0009996,1,39.945405068935024,,abrupt,16
0.23647191952503208,0.16493878259209724,synthetic_abrupt,,,,0.06301576948066939,27.258759798038056,1.0,0.5908278453618637,-0.003420820143042974,0.05017908917814863,rolling_ridge,1000,,,0.16220339854759486,0.08590235133658888,19.429463187998884,,,9.838068021426842,0.0038036,abrupt,16
0.22034485482297775,0.15761563854144833,synthetic_abrupt,,,,0.0618357848524073,27.464865118977155,1.0,0.5652124920599004,0.0010315617154424866,0.05052538351434181,rls,1000,,,0.1571315876262561,0.08247841603360048,19.40714260881105,,,9.653847958214863,0.0050555,abrupt,16
0.6299909903595223,0.5236697917410071,synthetic_abrupt,1.9288533,,,0.22798131982718275,95.88379757633015,1.0,0.8666189871187887,0.14053046248646853,0.20117685201984137,neural_gate,1000,,,0.5457472834844422,0.2822836626081365,51.27157060497818,,1,35.592610398299094,,abrupt,16
1.0127840746687744,0.8397513428487595,synthetic_abrupt,12.2263644,,,0.35182843461731517,151.54396044291866,1.0,1.269655253379705,0.25006429545480946,0.2962778112606745,boosted_meta,1000,,,0.9087090862520759,0.4429074397778384,86.3050457058513,,1,54.92771254184334,,abrupt,16
2.6198701463703014,2.215674107943487,synthetic_abrupt,0.0122255,0.0,cholesky,1.2485974433203753,615.8080437892094,1.0,3.584976806163278,-1.2317402125894892,1.2347010235206122,adaptive_ridge,1000,110,quadratic,2.2730859099678606,1.3783017023161928,141.34551617067,0.0008689,1,194.39919012030333,,abrupt,17
0.1628948932369576,0.104641267947573,synthetic_abrupt,,,,0.03765990901901766,20.66895280416468,1.0,1.1362301314163525,-0.004285078507845974,0.027653035057660057,rolling_ridge,1000,,,0.09495864797926218,0.067106918870365,13.736610470331913,,,5.863423677876972,0.0028236,abrupt,17
0.1473100991455776,0.09953133835049721,synthetic_abrupt,,,,0.036580307565056966,19.102233649616018,1.0,1.100018562496163,-0.0039969962573333535,0.027596983781932538,rls,1000,,,0.09101141696112443,0.06115158427808373,13.540127825880326,,,5.695336157415176,0.0291356,abrupt,17
0.6708521701660345,0.6008505169750645,synthetic_abrupt,2.1099427,,,0.38982805934670156,180.74672906047013,1.0,0.8645462527192393,-0.3864109200161442,0.3963258576754397,neural_gate,1000,,,0.6132777926863558,0.41426796831970736,81.37435487187697,,1,60.69390853599842,,abrupt,17
1.113374638247441,0.9876143676418445,synthetic_abrupt,16.8645618,,,0.50278721314737,288.83735846143924,1.0,1.3404207510255772,-0.49699729274189963,0.5061842217519387,boosted_meta,1000,,,1.022464905089926,0.5896701495060725,105.12119687118681,,1,78.2809764360648,,abrupt,17
1.3404443796843166,1.1594982657684254,synthetic_abrupt,0.0058446,0.0,cholesky,0.6407377315060084,294.30429052928497,1.0,1.6506384036949564,-0.6326403634602161,0.634589794573778,adaptive_ridge,1000,110,quadratic,1.1960179347536615,0.7164485456849549,108.58711579924295,0.0010126,1,100.86043396476278,,abrupt,18
0.20782423989346108,0.1420774780574866,synthetic_abrupt,,,,0.053567045328744185,35.42618062474051,1.0,0.6353870270348153,0.0014125783839751013,0.0420777529935335,rolling_ridge,1000,,,0.14153948035709443,0.07431914254839676,17.62649081108015,,,8.43214808868579,0.0102939,abrupt,18
0.18771911915819317,0.13341137010800477,synthetic_abrupt,,,,0.05128070369592774,34.68061416895465,1.0,0.564084758234238,0.002341748841406098,0.04111214565758514,rls,1000,,,0.1296448256584244,0.06962521872656713,17.152962901239285,,,8.072248245210739,0.0050814,abrupt,18
0.8474361468418293,0.7275641224744195,synthetic_abrupt,1.9342777,,,0.37397515339701687,170.1157662258574,1.0,1.1711263690801235,-0.36083653025737156,0.3527800610390439,neural_gate,1000,,,0.743450359884169,0.43161756732554346,77.42091689249213,,1,58.8685423207485,,abrupt,18
1.2037670329150754,1.0312819771625492,synthetic_abrupt,12.1401115,,,0.483995722911134,250.24040583151947,1.0,1.4662905560516373,-0.47175300568057554,0.4400061843842585,boosted_meta,1000,,,1.0620376345990448,0.5825096692096524,101.42608308968828,,1,76.18720772876522,,abrupt,18
0.7082893330966523,0.6230139026710511,synthetic_abrupt,0.0069928,0.001,cholesky,0.3491092551140704,179.11309892577648,1.0,0.8738350662415153,0.3444314512743583,0.3485477163926952,adaptive_ridge,1000,110,quadratic,0.6513033591986648,0.3882641655823087,77.20752070673242,0.0009938,1,55.161634994432696,,abrupt,19
0.23250512856121974,0.1706083308794187,synthetic_abrupt,,,,0.0647259283343953,32.04447599664752,1.0,0.5454248198660256,0.02142826165268583,0.05047187171402415,rolling_ridge,1000,,,0.16929895956884253,0.08732539556764216,21.07451962538827,,,10.2271365801835,0.0037263,abrupt,19
0.21524558529703391,0.15941976093920066,synthetic_abrupt,,,,0.062279970624229256,32.082768115590554,1.0,0.5152978953703942,0.0169583363435881,0.04789032918638281,rls,1000,,,0.15993385251584094,0.08284326080178234,20.512878276099116,,,9.840658638268403,0.0071934,abrupt,19
0.6991325690212481,0.6093660840472322,synthetic_abrupt,1.4880983,,,0.333290215131833,159.2883635449381,1.0,0.8679981566365719,0.3265277008603565,0.33186969108232256,neural_gate,1000,,,0.6226187162773618,0.37514315115464647,74.74740084001336,,1,52.662119164703704,,abrupt,19
0.711762209509589,0.596201686611866,synthetic_abrupt,11.5480633,,,0.253198317875408,149.45456227718842,1.0,0.9032113124509491,0.2381854755686846,0.2272821891505123,boosted_meta,1000,,,0.62638833520633,0.31696623950194064,71.0966624569254,,1,40.00705506155652,,abrupt,19
0.9478193367041673,0.8127667171092842,synthetic_abrupt,0.0251433,0.001,cholesky,0.4045740657107018,359.7386346404859,1.0,1.4128026810547674,0.37744439966680227,0.38801027879374317,adaptive_ridge,1000,110,quadratic,0.8409347993273529,0.4726429551744857,79.64414022452337,0.0189242,1,63.22171943905087,,abrupt,20
0.23927119098926986,0.15651034240637834,synthetic_abrupt,,,,0.056379153873737084,31.592969408356797,1.0,0.6458218732573797,0.022393293055421544,0.042473306932868105,rolling_ridge,1000,,,0.14401913920903484,0.08213200051900499,16.765287811423494,,,8.810221293238465,0.0249778,abrupt,20
0.21885377153566465,0.14937710360936005,synthetic_abrupt,,,,0.05651928073600477,31.737226354581725,1.0,0.6289636952465596,0.016817384759457692,0.0450391249029089,rls,1000,,,0.13990488120591696,0.07892769077385434,16.699271325429738,,,8.832118547469529,0.0090838,abrupt,20
0.8940763365136842,0.798911296807108,synthetic_abrupt,2.5540173,,,0.5076057770006289,307.9401945929665,1.0,1.1706038622010364,0.5066766310452288,0.5097737726592129,neural_gate,1000,,,0.8099551745592848,0.5421711305185526,97.3514842773357,,1,79.3222125170103,,abrupt,20
0.9339023351659418,0.8001379970645051,synthetic_abrupt,16.8400676,,,0.37575002162878723,238.25856270337917,1.0,1.1492541235507199,0.3641826242449833,0.3549646254794794,boosted_meta,1000,,,0.8218038175826239,0.45537514968723725,90.95600462809904,,1,58.71746228938791,,abrupt,20
0.872278122172877,0.7811543220028618,synthetic_abrupt,0.011246299999999999,0.001,cholesky,0.47546524824786196,347.07039569230113,1.0,1.0652096156599056,-0.47351779235257413,0.478473020773637,adaptive_ridge,1000,110,quadratic,0.7921052037592916,0.5147083994682884,91.92992257045985,0.0015765,1,74.28771276322493,,abrupt,21
0.19238000985825113,0.13492085523638517,synthetic_abrupt,,,,0.0512622635848844,35.134039854525206,1.0,0.5631407017073286,-0.012847598163336303,0.041340938096069244,rolling_ridge,1000,,,0.12813028179892008,0.07036258304892547,16.952851354548617,,,8.009326290028689,0.008863,abrupt,21
0.17533264268606413,0.12497260231360727,synthetic_abrupt,,,,0.04900671958373468,34.532097273423474,1.0,0.5409126797613562,-0.008832847825557637,0.03904368611011916,rls,1000,,,0.1186446257298971,0.06593603881959723,16.2091236108353,,,7.656915245268428,0.0035967,abrupt,21
0.8130928691835908,0.7175897070828363,synthetic_abrupt,1.8499294,,,0.41049600330291497,323.47200826145934,1.0,0.9880067255185058,-0.4056154066430265,0.4084628561561946,neural_gate,1000,,,0.7389297701889425,0.4546589220144369,82.24604618279821,,1,64.1367782318377,,abrupt,21
0.8283034728576627,0.6983264976215002,synthetic_abrupt,14.3912632,,,0.308511312874959,229.52433964120792,1.0,1.0945448524203283,-0.28522212035030975,0.2756410515628624,boosted_meta,1000,,,0.7412346725833886,0.38053913338946027,77.50104809612583,,1,48.202470905114,,abrupt,21
0.6317545229292197,0.5357985252215305,synthetic_abrupt,0.0084681,0.0001,cholesky,0.2689877572618043,121.24595284046134,1.0,0.8306778894295336,0.26368738049028967,0.2560907056734176,adaptive_ridge,1000,110,quadratic,0.548239789318005,0.3117122868748315,59.749140815245816,0.001254,1,41.993245701672286,,abrupt,22
0.07558295949167392,0.054113691795631906,synthetic_abrupt,,,,0.02095214189803906,12.676476154204616,1.0,0.29861487699071826,-0.004062457258486554,0.0167651667859699,rolling_ridge,1000,,,0.053381026196793045,0.02881934378445761,8.2488222497238,,,3.2709609227467733,0.0059896,abrupt,22
0.07206099791053709,0.05338932141954604,synthetic_abrupt,,,,0.02139966693290321,12.290469324593653,1.0,0.3134709086969441,-0.004411611629759782,0.017558456502394543,rls,1000,,,0.052716951730940736,0.028795916708124078,8.750677065465338,,,3.3408266628756396,0.0268336,abrupt,22
0.6479544580580179,0.5620645456504291,synthetic_abrupt,2.4896082,,,0.2999003449334135,138.11181161461528,1.0,0.8435944295176853,0.29422656144403875,0.29312640787616984,neural_gate,1000,,,0.580723211180226,0.3409575925817449,65.29299770866143,,1,46.81918983601784,,abrupt,22
0.5983939519926593,0.5054715609612398,synthetic_abrupt,15.9186486,,,0.1893545012492748,83.45044242417113,1.0,0.685374595999069,0.18463356773462,0.13132051673841177,boosted_meta,1000,,,0.5360154562381544,0.2510444771276396,54.78898150279483,,1,29.561234223530665,,abrupt,22
0.6130498973057144,0.5416655966861543,synthetic_abrupt,0.0071088,0.001,cholesky,0.32100156142731157,157.51832469742925,1.0,0.849936885899079,0.3196825213108294,0.31812689755782964,adaptive_ridge,1000,110,quadratic,0.5649653259903804,0.3496904827516036,69.65366773968037,0.0009529,1,50.23633120814053,,abrupt,23
0.15040800704685353,0.11227488001232125,synthetic_abrupt,,,,0.0453516975263395,32.159929048346385,1.0,0.36564431639779665,0.0117396117615938,0.036481096055949375,rolling_ridge,1000,,,0.11201796812436772,0.059352196522213345,15.426110114705606,,,7.097482291532415,0.0134168,abrupt,23
0.14479089741001616,0.10967930715693532,synthetic_abrupt,,,,0.04498288704853629,30.713899151955417,1.0,0.3722249565765103,0.00893091185663403,0.03677170526423801,rls,1000,,,0.11221318353340715,0.05819832139794357,15.33111223364237,,,7.039763926445428,0.0037396,abrupt,23
0.619642348800202,0.5469756538420276,synthetic_abrupt,1.7837291,,,0.3373096755936967,161.57095326368355,1.0,0.7459197780670506,0.3366940340355266,0.3400892864174832,neural_gate,1000,,,0.5589504820914073,0.3635522913942969,72.52153665935435,,1,52.78853008530457,,abrupt,23
0.7349955143379916,0.6272081136785033,synthetic_abrupt,18.7234377,,,0.3021765963898138,162.92689660554683,1.0,0.9200640378655432,0.29855960711955587,0.28366892593183723,boosted_meta,1000,,,0.6472662334922504,0.35875881674614574,76.58810827722279,,1,47.29024840904003,,abrupt,23
3.8832357553547956,3.127766719026369,synthetic_abrupt,0.012014299999999999,1.0e-6,cholesky,1.373030596452969,725.4060157295692,1.0,4.9823325847146425,-1.3276241193806766,1.2219197285714698,adaptive_ridge,1000,110,quadratic,3.237691997519582,1.6913865480568084,131.79754442928177,0.0009144,1,214.38510516440988,,abrupt,24
0.17895140811708043,0.13258504333155935,synthetic_abrupt,,,,0.052620647730581144,48.38837077445479,1.0,0.5997428376785942,-0.007431269573588123,0.043289481481428,rolling_ridge,1000,,,0.13508574292911002,0.06963974265979372,16.644636672642562,,,8.216192069341421,0.0061081,abrupt,24
0.21916400210832115,0.15788683784552718,synthetic_abrupt,,,,0.06185552021245202,54.91302974994154,1.0,0.6533359820645483,0.0030737403510852444,0.04990265206982697,rls,1000,,,0.15423745045559442,0.08309082457407972,19.10792013417423,,,9.658125783943548,0.0038951,abrupt,24
0.5351196315497921,0.4209342446080851,synthetic_abrupt,2.4123107,,,0.1756319890898956,85.54285840000402,1.0,0.7591716522964731,-0.053003668175827814,0.14938893055693514,neural_gate,1000,,,0.43473491516375945,0.22133254752789372,42.85779121620938,,1,27.423192570174823,,abrupt,24
0.8545337434800209,0.6843702665277785,synthetic_abrupt,13.6538952,,,0.2960651254292753,121.85122123333055,1.0,1.0926228783892125,-0.11424099097164359,0.2575555353972576,boosted_meta,1000,,,0.7257553048242978,0.36709694507203794,73.55836930882829,,1,46.22763193671011,,abrupt,24
3.588527308410954,3.033859968290555,synthetic_abrupt,0.0137334,0.0,cholesky,1.6828548920018986,1214.1889063148394,1.0,4.8850623772062445,1.668059224445392,1.6100829917395427,adaptive_ridge,1000,110,quadratic,3.1198921349538566,1.8603813536898683,151.74173683220562,0.0014717,1,264.59518950306347,,abrupt,25
0.25487316690885675,0.16170973938974287,synthetic_abrupt,,,,0.05777612789604946,55.01478933819928,1.0,1.3723614805566462,0.018696178599319525,0.04330179347329463,rolling_ridge,1000,,,0.14006980338135452,0.09482473738288985,17.408929721670987,,,9.08413766514528,0.0101981,abrupt,25
0.22489448191721415,0.14908077523378033,synthetic_abrupt,,,,0.055150915817521816,41.019368575101026,1.0,1.3714241070530389,0.014740262617224052,0.04247275588940119,rls,1000,,,0.1339021766979157,0.08682312990816256,17.068360406358828,,,8.671375702895851,0.0270277,abrupt,25
0.6405242165146362,0.4802527648545464,synthetic_abrupt,2.2761056,,,0.3192778328448046,200.11565309057494,1.0,1.0757375015449828,0.31901337900171395,0.31053805060016076,neural_gate,1000,,,0.4350282252917866,0.3360196903629554,71.91607654246164,,1,50.20003750008601,,abrupt,25
0.8903138902481486,0.7405893525124788,synthetic_abrupt,11.8585088,,,0.3555908090622875,245.05105426039822,1.0,1.096152093202545,0.34777901361860847,0.34022552011234286,boosted_meta,1000,,,0.7591779459832187,0.4236563623262324,86.20584761293445,,1,55.9095249130235,,abrupt,25
0.33339679282289225,0.2731342880762625,synthetic_abrupt,0.0236872,0.01,cholesky,0.12006394620083681,77.33097806017106,1.0,0.467351567554366,-0.05209480137912462,0.10086576904444278,adaptive_ridge,1000,110,quadratic,0.28314233133654304,0.14802269418276606,32.44995940509455,0.0105023,1,18.716994549674535,,abrupt,26
0.1570504538840335,0.12041925652075468,synthetic_abrupt,,,,0.047896880811388515,39.929251833564464,1.0,0.36726517595123176,0.0021022489858991203,0.039164675049697374,rolling_ridge,1000,,,0.1204556530841967,0.06250014988809234,15.257597910934278,,,7.46673489803154,0.0029472,abrupt,26
0.1541916441275438,0.11985258668377596,synthetic_abrupt,,,,0.04888294462251981,41.82816132278784,1.0,0.38053851547395035,-0.0009631491515778262,0.0397642961546783,rls,1000,,,0.11900418053094185,0.06270734929489374,15.41175099017157,,,7.620454241452947,0.0076823,abrupt,26
0.3713486889374778,0.3115409212414033,synthetic_abrupt,2.5915272,,,0.1398481508053933,91.81608824142057,1.0,0.5793910875636645,-0.11307822211681204,0.12509896661775555,neural_gate,1000,,,0.32315551844087903,0.17167066204495973,36.78235924698337,,1,21.80119144200148,,abrupt,26
0.51064686051256,0.41889519733060965,synthetic_abrupt,12.7010929,,,0.18334993818526008,85.91250382864429,1.0,0.7568249683530697,-0.11186573319737496,0.16101797289036662,boosted_meta,1000,,,0.4235464244619935,0.22561918070148035,49.047419453863014,,1,28.582766952838647,,abrupt,26
1.260230628399284,1.0132427367213193,synthetic_abrupt,0.0111669,0.0,cholesky,0.4200493182387469,163.00726222322794,1.0,2.187099237424803,0.2732364371405397,0.34295782309691686,adaptive_ridge,1000,110,quadratic,1.069184291691136,0.5319162323933753,78.6172887328203,0.0008676,1,65.76761139224506,,abrupt,27
0.20306171788241678,0.14413963002588262,synthetic_abrupt,,,,0.056522306995144996,21.811282694950336,1.0,0.6472340463437779,-0.010778580412550112,0.044966011287082774,rolling_ridge,1000,,,0.14841714797803382,0.07614483337709672,18.552707000601323,,,8.849763492145502,0.0093249,abrupt,27
0.19196066486087004,0.13916589390606518,synthetic_abrupt,,,,0.05525000555912894,20.911971463667577,1.0,0.6620226349279489,-0.006996464739327097,0.04520322570748442,rls,1000,,,0.14003025601869928,0.0740970160002836,18.11934934302774,,,8.650557773234802,0.0238782,abrupt,27
0.43355660485003283,0.34213303009308593,synthetic_abrupt,1.7294011,,,0.14138452384943084,57.70495999951811,1.0,0.5884429682552988,-0.03362968830569207,0.11603691258651146,neural_gate,1000,,,0.36067439537746626,0.17901868782748745,38.23288889419105,,1,22.136739705697828,,abrupt,27
0.724746879920113,0.6063718067476117,synthetic_abrupt,8.1103755,,,0.277053478662966,102.96832509812337,1.0,1.0103615029507425,-0.2017920757270931,0.2540535086323494,boosted_meta,1000,,,0.6254645045954466,0.3359379220741147,71.46800757516172,,1,43.37858610502279,,abrupt,27
1.4511702510121702,1.2725579254054162,synthetic_abrupt,0.0057902,0.001,cholesky,0.749521604522868,1333.3846109785893,1.0,1.782826215812645,-0.7485802975713253,0.7463679066873949,adaptive_ridge,1000,110,quadratic,1.2842503707040602,0.8169884809441897,119.34135935220236,0.0008906,1,116.77982286747253,,abrupt,28
0.19290097486390262,0.14475804577331516,synthetic_abrupt,,,,0.05648683972898453,129.087810517614,1.0,0.7496328086656292,-0.00529738826707432,0.04527676194458474,rolling_ridge,1000,,,0.14736882932083992,0.07630253074386928,18.62926469685433,,,8.800977981272936,0.0027356,abrupt,28
0.2110844279249715,0.15731175946418496,synthetic_abrupt,,,,0.060145505397648125,164.14776193850403,1.0,0.7978536839613019,-0.0036834250102645134,0.04801254601956795,rls,1000,,,0.1552164335436222,0.08203129302766766,19.50023273099232,,,9.371019359853108,0.0081053,abrupt,28
1.0299761188893723,0.9057694903106553,synthetic_abrupt,2.4823835,,,0.5113621574852097,636.438396199606,1.0,1.27008557319123,-0.5038832469601006,0.5143419904571324,neural_gate,1000,,,0.9424303548229335,0.5687141466494352,95.4583157340725,,1,79.67319662555425,,abrupt,28
1.1823298502052375,0.9983201809408317,synthetic_abrupt,7.8079343,,,0.45624374137357376,872.9075697435741,1.0,1.487853149062953,-0.43759523649496124,0.4204089562722164,boosted_meta,1000,,,1.0238324102917418,0.5588464388919814,97.34037937842166,,1,71.0854269983532,,abrupt,28
1.3410389727114238,1.1075021467972839,synthetic_abrupt,0.0068778,0.001,cholesky,0.5429277855856883,366.3422574708861,1.0,2.2992716089825245,0.5361430167965142,0.5087472878008878,adaptive_ridge,1000,110,quadratic,1.1277738148381498,0.6351558095481766,97.91199938214046,0.0010259,1,85.32615479329534,,abrupt,29
0.15264245474637697,0.10895072152379294,synthetic_abrupt,,,,0.043462624062942844,31.44461113533111,1.0,0.37061199572889697,-0.0024482394455450952,0.03646904087582409,rolling_ridge,1000,,,0.10855681276809998,0.057555129775742384,15.003539857653124,,,6.830555898915519,0.0105166,abrupt,29
0.1475866364644793,0.1067159032538585,synthetic_abrupt,,,,0.04292818229269972,30.389072394675875,1.0,0.3645535076519898,-0.000623386579483337,0.03596078141340714,rls,1000,,,0.1059418026700452,0.056672354442093224,14.782536650583852,,,6.746563400416711,0.0209793,abrupt,29
0.4267311024903041,0.34594851268917665,synthetic_abrupt,3.9822833,,,0.14811548243592734,121.08348423384912,1.0,0.6312858750069067,-0.011443163071489772,0.12636170664227703,neural_gate,1000,,,0.35392208300657935,0.18474387140056026,39.68501496084664,,1,23.27772664642326,,abrupt,29
0.8551945302433889,0.720953757155507,synthetic_abrupt,11.6968298,,,0.3111175846795901,201.111027241518,1.0,1.1617334425068706,0.20962016528524913,0.26213781799307556,boosted_meta,1000,,,0.7582121984614236,0.38522876074139834,78.2726568815004,,1,48.89502415252082,,abrupt,29
0.9403223025158153,0.8301449989119234,synthetic_abrupt,0.0085685,0.0,cholesky,0.47560540370545346,339.2507538656849,1.0,1.2472628260667298,0.4725544264769177,0.47023448391886663,adaptive_ridge,1000,110,quadratic,0.8505666155127627,0.5242425640930702,91.82846673452671,0.001001,1,74.86959232841805,,abrupt,30
0.2124453629975943,0.1505239431224745,synthetic_abrupt,,,,0.05816574696476508,36.5324087308048,1.0,0.6667171426523488,0.00856177750087473,0.04806638644812933,rolling_ridge,1000,,,0.13975454024451706,0.0805127417473338,18.9013543218744,,,9.156426165054413,0.0077604,abrupt,30
0.19347574130925652,0.14183234975371245,synthetic_abrupt,,,,0.05695616311267511,36.66557493282149,1.0,0.625612302100619,0.00739027283900905,0.04667560882669157,rls,1000,,,0.13530091521336518,0.07657860768421178,19.20377637621833,,,8.966014009962292,0.0090303,abrupt,30
0.9367745210866822,0.8240101297814354,synthetic_abrupt,2.5087336,,,0.4754045104464087,330.2365771814401,1.0,1.2656292335256691,0.472428709238134,0.47173163761539183,neural_gate,1000,,,0.846749590669604,0.5235794019106691,92.44042724957785,,1,74.83796780041853,,abrupt,30
1.084962287026343,0.9315081172691159,synthetic_abrupt,6.3794092,,,0.4396999227296685,352.6591947847481,1.0,1.4769004797980299,0.4302675967044031,0.41292590333633405,boosted_meta,1000,,,0.9603493108877267,0.5286790583280159,95.1748225248863,,1,69.21736739138258,,abrupt,30
0.2816326440912218,0.1853587151936219,synthetic_member_degradation,0.0079025,1.0e-6,cholesky,0.053161649441369294,83.249010592486,1.0,0.7199394183407104,0.040885326011934314,0.02767195616809673,adaptive_ridge,1000,110,quadratic,0.1870882807316947,0.08837664175685252,16.67441910669166,0.0012893,1,8.25657180753745,,member_degradation,1
0.04045932755696287,0.03201547586394339,synthetic_member_degradation,,,,0.013462219203396674,14.4029354183868,1.0,0.06293721230742987,-0.0003628718147025817,0.011501434648708606,rolling_ridge,1000,,,0.03304831288247451,0.016875323275879404,5.9093417627917315,,,2.09082638912927,0.0062982,member_degradation,1
0.040282321149431116,0.03170083298601037,synthetic_member_degradation,,,,0.013384018051483997,13.972359644267604,1.0,0.06449389182183791,8.36004524655197e-5,0.011232545457234538,rls,1000,,,0.03244163399858743,0.016783096299826238,5.855493687952994,,,2.0786809152212182,0.0083226,member_degradation,1
0.24634523301699945,0.1673823263464184,synthetic_member_degradation,2.1002266,,,0.05099290778899671,83.47285828259668,1.0,0.6338573015168667,0.04317918288655027,0.028825278408596167,neural_gate,1000,,,0.17411938252339496,0.07956472089474297,16.470153114909763,,1,7.91974307154121,,member_degradation,1
0.2793287199931314,0.2029623577176599,synthetic_member_degradation,7.2572755,,,0.05434543809282472,111.09318775576762,1.0,0.4367324412530814,0.037926261917242236,0.02106258712113429,boosted_meta,1000,,,0.21929518676303958,0.09048232917759329,20.053155626732433,,1,8.44042682536321,,member_degradation,1
1.2105366684551642,0.855304326752123,synthetic_member_degradation,0.0060405,0.0,cholesky,0.24802710513786697,753.1060161392082,1.0,2.2376619112756404,0.20072275139616066,0.12970599856763,adaptive_ridge,1000,110,quadratic,0.8789282603435702,0.40075766395773554,51.991537306849004,0.0008905,1,39.083434191254106,,member_degradation,2
0.11809795463757389,0.09395454822657884,synthetic_member_degradation,,,,0.0352576596726064,101.92386572183784,1.0,0.16096231107447562,0.01068611557560016,0.02620660652401248,rolling_ridge,1000,,,0.10075608631820224,0.04690595215941113,13.300404583140239,,,5.555805768833144,0.0081995,member_degradation,2
0.11304532037238094,0.08980177763285006,synthetic_member_degradation,,,,0.0339982563446317,93.82177542662455,1.0,0.1635649562250519,0.008397987153293318,0.02662594513681002,rls,1000,,,0.09332837484704469,0.045013949671174926,12.82097930793051,,,5.357352430187817,0.0081321,member_degradation,2
0.8331146335564168,0.6106056570948842,synthetic_member_degradation,4.4349237,,,0.1856092196531402,573.0246681323854,1.0,1.3433966687966956,0.15012446167490276,0.10433002841838462,neural_gate,1000,,,0.6272868043279463,0.2852242689182081,44.213979023550685,,1,29.24779417786306,,member_degradation,2
0.48556832158343255,0.3351092058963958,synthetic_member_degradation,8.8872616,,,0.08411292637815537,182.4088936349997,1.0,0.5755681755700299,0.06597478354663085,0.03147756535307086,boosted_meta,1000,,,0.38606257768239605,0.14772336086365118,31.20707169156644,,1,13.254285336705879,,member_degradation,2
10.106964733831134,6.314027588117588,synthetic_member_degradation,0.0113149,0.0,cholesky,1.3862706262100741,659.6707414707345,1.0,21.643252567300074,-0.7838755917166751,0.2883991502306405,adaptive_ridge,1000,110,quadratic,6.877476312364594,2.897463221239347,85.76824026682647,0.0064281,1,216.5424991041946,,member_degradation,3
0.24168339030840622,0.19180902998920327,synthetic_member_degradation,,,,0.07485250592418638,39.72284758840658,1.0,0.3239715491755819,0.007261889761459063,0.060188127277031156,rolling_ridge,1000,,,0.19615611573468153,0.09738400594510749,22.789863958542252,,,11.692340868065534,0.0078804,member_degradation,3
0.24197853318880264,0.1900042261325691,synthetic_member_degradation,,,,0.07493720004916557,40.18133355767963,1.0,0.35896208935629803,0.003709647900531842,0.06107285341722246,rls,1000,,,0.1992471475944013,0.09740256864900107,23.38190888513386,,,11.705570519719178,0.0266842,member_degradation,3
0.9971214008252631,0.7691104774995048,synthetic_member_degradation,2.1431604,,,0.2715277967531653,152.8293112634301,1.0,1.7019478571147566,0.25053234607889086,0.19494452845336394,neural_gate,1000,,,0.7744425233278949,0.38098315345239586,60.59438934846195,,1,42.41401828294683,,member_degradation,3
1.5263373942635943,1.1957528294685604,synthetic_member_degradation,12.1179527,,,0.3611570179014511,195.2733117032294,1.0,2.01712503494773,0.32372917854667455,0.20234865034008434,boosted_meta,1000,,,1.267235160229112,0.5515893876269373,72.29808743696819,,1,56.41455697521743,,member_degradation,3
1.3123999084304143,0.9953294556391287,synthetic_member_degradation,0.0064,0.0001,cholesky,0.3261074808657805,124.0393269189831,1.0,1.9340086810190886,0.2748831131219977,0.1958055447688598,adaptive_ridge,1000,110,quadratic,1.0378579899547182,0.4809068646413237,63.610251994060064,0.0009636,1,50.68978293024055,,member_degradation,4
0.1603951060336588,0.12879910478485532,synthetic_member_degradation,,,,0.05125582502760684,22.155723098091844,1.0,0.21443897739305728,0.005576278110174186,0.03980607029081604,rolling_ridge,1000,,,0.13405105460912786,0.06633488541308051,16.752915264727385,,,7.96714824714226,0.0108267,member_degradation,4
0.16123243943269486,0.13019412189324892,synthetic_member_degradation,,,,0.05231629619444351,23.10340279874633,1.0,0.22794669752757213,0.003973186722051496,0.044698375583304306,rls,1000,,,0.13898764375912814,0.06732844897796389,16.582987748915713,,,8.131986701960948,0.3632315,member_degradation,4
1.134192832627747,0.8746729458155584,synthetic_member_degradation,1.6336054,,,0.2890125327352256,107.69136093473332,1.0,1.9261075175704123,0.24891779158540744,0.17002210315957456,neural_gate,1000,,,0.915535052295985,0.4229860031805187,58.74804007042793,,1,44.923785586192274,,member_degradation,4
1.3328524059682036,1.0160214134495482,synthetic_member_degradation,9.6735269,,,0.3146714332544011,120.74218419782741,1.0,1.7749220145723137,0.24343031696281486,0.1775992252976764,boosted_meta,1000,,,1.1030119089761805,0.4746848828413122,65.32854203597637,,1,48.91217645073967,,member_degradation,4
2.4139281224102334,1.8112236091853018,synthetic_member_degradation,0.0057497,1.0e-6,cholesky,0.5448267348739657,232.51889464849867,1.0,4.119172156866187,0.4271282777567339,0.3014940807119405,adaptive_ridge,1000,110,quadratic,1.895808447547947,0.8468591925251633,79.19567794181036,0.0008911,1,85.47474073697322,,member_degradation,5
0.15897730119655273,0.12312334225003584,synthetic_member_degradation,,,,0.046324164662437654,24.009189100506436,1.0,0.2882963346438663,0.0029093267039855516,0.03404697198818396,rolling_ridge,1000,,,0.12618519982872045,0.06282091187228526,16.371948684239037,,,7.26753242991035,0.3560405,member_degradation,5
0.15044376416921598,0.11722795128219048,synthetic_member_degradation,,,,0.0443599389703523,23.063013631286854,1.0,0.2863245243732167,0.006055576234306155,0.03291581247780459,rls,1000,,,0.12137350479549641,0.06012994498619757,15.790984610590531,,,6.959376329937145,0.0091292,member_degradation,5
0.9374004980457835,0.6895368882577858,synthetic_member_degradation,2.0606897,,,0.23328374718362466,115.54888138776951,1.0,1.39706902579859,0.19111293217764283,0.166727893663974,neural_gate,1000,,,0.7201777991902023,0.33716447865927907,52.976101445082584,,1,36.5985487354665,,member_degradation,5
1.1769796972369415,0.907667899426872,synthetic_member_degradation,6.9359111,,,0.29068070202012397,130.6893150435703,1.0,1.438049213009129,0.23349894961127232,0.1744714803130937,boosted_meta,1000,,,0.9696161555660472,0.431476281055557,65.66595767542132,,1,45.6032276906511,,member_degradation,5
2.2739766107494863,1.717571572009285,synthetic_member_degradation,0.0064658,0.0,cholesky,0.5272716869866569,173.85835791716482,1.0,3.779298129215961,0.40553695851692784,0.29912883065389434,adaptive_ridge,1000,110,quadratic,1.7878510539936192,0.8097957618926298,77.74604454245663,0.0009851,1,82.64623633491897,,member_degradation,6
0.2521755783714827,0.19770241564734672,synthetic_member_degradation,,,,0.0693486061865081,31.974335193306835,1.0,0.4244142298168655,0.00444800065023827,0.050660533220486526,rolling_ridge,1000,,,0.2038216897747337,0.09762103978050338,20.85021052205964,,,10.869920456268327,0.0286772,member_degradation,6
0.23952827227151174,0.18754083075666048,synthetic_member_degradation,,,,0.06726556450976678,32.05104138134141,1.0,0.3860786007364556,0.011683277225214565,0.05007989098653104,rls,1000,,,0.19202084155843524,0.09337724876616378,20.30392082373511,,,10.543417897985115,0.0102703,member_degradation,6
0.7657433800642259,0.5130558334683073,synthetic_member_degradation,2.3934408,,,0.15302034468422954,59.90559408117687,1.0,1.2582453242593603,0.04877028594243748,0.09059045039995198,neural_gate,1000,,,0.534791036370322,0.24133592406701207,37.209738482393945,,1,23.984894093400523,,member_degradation,6
0.8817523220311707,0.6918033654042746,synthetic_member_degradation,7.1809562,,,0.2254137271263442,80.53368853062392,1.0,1.174737317153128,0.1650893813706256,0.14321975851272695,boosted_meta,1000,,,0.7291123892569542,0.3292933447130266,55.838935703847376,,1,35.33206243575566,,member_degradation,6
0.8316724774073989,0.6338564892059896,synthetic_member_degradation,0.006135,0.01,cholesky,0.22498607609336094,108.28740775305926,1.0,1.3126232684528285,0.19684063580529887,0.1562495512257892,adaptive_ridge,1000,110,quadratic,0.6533003672394253,0.31109366776466485,53.01644934755659,0.0009839,1,35.06181421772435,,member_degradation,7
0.25021007190801836,0.200095718422149,synthetic_member_degradation,,,,0.08277326777255606,37.37590124338539,1.0,0.40423269714235094,0.023878538313068107,0.06696762150212526,rolling_ridge,1000,,,0.2055768500597642,0.10512497838230811,23.875491736341623,,,12.899380207115625,0.0227115,member_degradation,7
0.2447784120392528,0.19621233877065244,synthetic_member_degradation,,,,0.08065268765708754,37.25037925471605,1.0,0.3992415911999274,0.023416574876608823,0.06625641242845762,rls,1000,,,0.19643106128154653,0.10267718331535344,23.24867553975622,,,12.568909151602377,0.0036364,member_degradation,7
0.8998327593153695,0.6907721249417331,synthetic_member_degradation,1.6190655,,,0.2505306786187753,117.50916608332706,1.0,1.2844349904961436,0.22622745911747758,0.17213369803681605,neural_gate,1000,,,0.7176211327858508,0.3431478013354868,57.10102558039409,,1,39.042683272216564,,member_degradation,7
0.8777902665040404,0.6918970045188447,synthetic_member_degradation,7.1710043,,,0.2391248154107664,109.42803598436453,1.0,1.389232664740448,0.20583019687859475,0.15747342921585483,boosted_meta,1000,,,0.7310067645697215,0.3337619247537749,61.727790395598475,,1,37.26519435496447,,member_degradation,7
0.3436621463814565,0.24389125119125016,synthetic_member_degradation,0.1183828,0.0001,cholesky,0.082973050641476,42.03755212079635,1.0,0.6494095812897087,0.05398327671594529,0.05750017166471033,adaptive_ridge,1000,110,quadratic,0.25107932063263766,0.11850280624823643,24.923121965865388,0.002168,1,12.968264990584307,,member_degradation,8
0.1026887624133436,0.08358928344883591,synthetic_member_degradation,,,,0.03531418682963735,20.250121544842166,1.0,0.1523012166576021,0.007541453078344133,0.029014937151956355,rolling_ridge,1000,,,0.08555633975045478,0.044362108825175425,12.64505302012484,,,5.519427442924652,0.0096406,member_degradation,8
0.10167690120020506,0.08198655928542069,synthetic_member_degradation,,,,0.034858057130902786,20.235113910418736,1.0,0.1526272971911915,0.0063570937120622836,0.0286471344314754,rls,1000,,,0.08463968777274242,0.04370633848929962,12.557795785128071,,,5.448136695416467,0.003385,member_degradation,8
0.3766642771896765,0.29065314365230993,synthetic_member_degradation,2.3080512,,,0.1002389069694882,53.28501056643542,1.0,0.6279141166644373,0.08336097226338815,0.06679023916877633,neural_gate,1000,,,0.3019573540810396,0.14041676489051874,28.960959469203747,,3,15.666830349094742,,member_degradation,8
0.2753420562336783,0.2146342533055517,synthetic_member_degradation,7.2763777,,,0.07155825997282243,34.478953052427784,1.0,0.3709776019548809,0.04723009709421257,0.04762760690774648,boosted_meta,1000,,,0.23070419909554973,0.10095374868064175,22.283436925375945,,1,11.184191378023263,,member_degradation,8
1.159717979517152,0.8897168370007167,synthetic_member_degradation,0.006500499999999999,0.0001,cholesky,0.2920518168652339,143.6128778848357,1.0,1.6319198462840963,0.23559673371875925,0.17610419748060793,adaptive_ridge,1000,110,quadratic,0.9254743867544728,0.4267276804320246,60.364073516755106,0.0010052,1,45.841148231018835,,member_degradation,9
0.1662647431633485,0.12873783386274446,synthetic_member_degradation,,,,0.05137603189547214,45.5672372636487,1.0,0.2333229642026335,0.007522136902144065,0.04275355618045329,rolling_ridge,1000,,,0.135118702866361,0.0663482885736713,15.510206123274234,,,8.064104236436433,0.0028349,member_degradation,9
0.1617691863504613,0.12517896544701965,synthetic_member_degradation,,,,0.050274053627110946,45.577546608705354,1.0,0.22143876414883867,0.008055674573308861,0.04173553619299056,rls,1000,,,0.1302470838593331,0.06472338132633312,15.487292621420625,,,7.891135104829841,0.0224493,member_degradation,9
1.1985373533676416,0.9265210157746185,synthetic_member_degradation,3.2744141,,,0.30056996869119545,145.99511603973932,1.0,1.7985918696375793,0.2408812841953842,0.1757562847979432,neural_gate,1000,,,0.9722390769851286,0.4422031956123291,61.91811785277352,,3,47.178177614021834,,member_degradation,9
1.1379491794348822,0.8641438089872308,synthetic_member_degradation,9.9493573,,,0.27348236454704156,156.44582070799697,1.0,1.5488033094559834,0.2054177936847811,0.15320165973857452,boosted_meta,1000,,,0.9272398230619352,0.4072282866607789,63.05514645564106,,1,42.926442801605624,,member_degradation,9
1.095583294487676,0.8518558740429366,synthetic_member_degradation,0.1417415,0.0001,cholesky,0.2889471653734664,150.28822671736557,1.0,1.476705692255777,0.2689697779676485,0.18518101909252074,adaptive_ridge,1000,110,quadratic,0.8988690381978233,0.41087877529551464,62.51481934622117,0.0009051,1,44.775626710007025,,member_degradation,10
0.2161090555471152,0.17172208674085887,synthetic_member_degradation,,,,0.06950870690355797,42.614803047383475,1.0,0.29902008039082995,0.022674255830551417,0.054545984836888384,rolling_ridge,1000,,,0.18190169076655188,0.08874532984859945,22.6588161454386,,,10.771159181943641,0.010043,member_degradation,10
0.20885647017936748,0.16710410383136196,synthetic_member_degradation,,,,0.06777666832429878,39.67094563132461,1.0,0.28001738187233194,0.02135093737112878,0.05432120769618429,rls,1000,,,0.17369448069813143,0.08659681951628652,22.172532696524605,,,10.502760242047476,0.0034992,member_degradation,10
1.070673091352813,0.8343835645464136,synthetic_member_degradation,2.3701353,,,0.28604922771023056,156.59609818205985,1.0,1.5769018061215014,0.26519174062191136,0.18421012254826952,neural_gate,1000,,,0.8533402782719745,0.4058091943349282,62.347322217776,,1,44.32655853911771,,member_degradation,10
1.1567978653332642,0.8963900082528111,synthetic_member_degradation,7.1980313,,,0.28252782931348674,172.67005319505745,1.0,1.5099525476445295,0.24370082478374874,0.15596294357819118,boosted_meta,1000,,,0.9505266133451902,0.41962137239961816,65.45888084779165,,1,43.78087808606316,,member_degradation,10
0.9378395234552646,0.7299012335729015,synthetic_member_degradation,0.0066824,0.001,cholesky,0.24995724131663297,86.67903035761128,1.0,1.235339664945108,0.22519223135078073,0.15960646150403313,adaptive_ridge,1000,110,quadratic,0.7829756232025201,0.35170451767023175,58.0474424965918,0.000922,1,39.029074473676204,,member_degradation,11
0.24323074821540963,0.19517850736763181,synthetic_member_degradation,,,,0.07966836141838284,36.00186672129942,1.0,0.3738211957761944,0.027492704497279523,0.064168322684717,rolling_ridge,1000,,,0.1972068429421993,0.10149826680422173,27.40815360124827,,,12.439657257438721,0.0029605,member_degradation,11
0.2429759039389403,0.18861516791614036,synthetic_member_degradation,,,,0.0741921198549114,34.49037532440695,1.0,0.39781236942812,0.01977096148341471,0.05647402063553714,rls,1000,,,0.19229744007345367,0.09691887351164627,25.313907066429813,,,11.584580450338656,0.0033306,member_degradation,11
0.8374221338434771,0.6723407363860034,synthetic_member_degradation,1.8050495,,,0.23972070463093584,82.54151144415573,1.0,1.1764670163702642,0.2178986429847619,0.15831033442526976,neural_gate,1000,,,0.7082501288096179,0.3297950716033847,56.40687552712374,,1,37.43071088735186,,member_degradation,11
0.3145204789201063,0.23889128383840352,synthetic_member_degradation,7.4569985,,,0.08277174556250845,40.225868183311384,1.0,0.48140725080932745,0.05672933594970799,0.05700417297336838,boosted_meta,1000,,,0.26308887615523097,0.11450059905707861,25.375926363496564,,1,12.92422897956008,,member_degradation,11
0.48764361095950937,0.3764600538784189,synthetic_member_degradation,0.011102399999999998,0.001,cholesky,0.13659681059627699,107.85963289944691,1.0,0.8768105776440696,0.11021513153211936,0.10173312221232378,adaptive_ridge,1000,110,quadratic,0.38485715492160116,0.18500232202545497,38.51698438674673,0.0016096,1,21.611285175075015,,member_degradation,12
0.18859247585014566,0.14872270143737387,synthetic_member_degradation,,,,0.06355864965019682,39.25895527135661,1.0,0.30786371043577754,0.016131922592439514,0.05361969133232916,rolling_ridge,1000,,,0.15529365362009684,0.07954376679049746,21.23525401480938,,,10.055755305977279,0.002951,member_degradation,12
0.18591488027668834,0.14511537289035034,synthetic_member_degradation,,,,0.06167991473398043,37.56722653148872,1.0,0.27941192651440694,0.01423443923280479,0.052136715948553514,rls,1000,,,0.15057476909564535,0.07735247307967781,20.742811702330005,,,9.758516476860503,0.0035366,member_degradation,12
0.4791474755498895,0.383118998591705,synthetic_member_degradation,3.2811541,,,0.14383923947295466,126.41086374681257,1.0,0.7336647702721426,0.11945844365475637,0.10599082501359591,neural_gate,1000,,,0.3938027371354916,0.19133723192510607,40.04095883105657,,1,22.75712595372015,,member_degradation,12
0.42688923528678147,0.3173282775381447,synthetic_member_degradation,6.9977721,,,0.11572575438262014,73.8693884161028,1.0,0.6459495510948168,0.08079522479909283,0.0856625947926653,boosted_meta,1000,,,0.3310597518176091,0.15708471647701494,34.33158965434761,,1,18.30922895744139,,member_degradation,12
1.663716657227833,1.20958716883625,synthetic_member_degradation,0.0063174,0.0,cholesky,0.37525400013258975,138.14968286669318,1.0,3.5153394250653816,0.3174877881869806,0.22206525764779422,adaptive_ridge,1000,110,quadratic,1.2564741442133376,0.5796386562398592,68.16307611159921,0.0009346,1,58.17032084957003,,member_degradation,13
0.11481765345683081,0.08848031543619286,synthetic_member_degradation,,,,0.0324218099514333,13.659967561658256,1.0,0.18819670835336336,0.003279553716177949,0.022913447242007806,rolling_ridge,1000,,,0.09041389350960537,0.044338289900389,12.171597165530546,,,5.025894691948056,0.0029697,member_degradation,13
0.10899505677019727,0.08540622918904758,synthetic_member_degradation,,,,0.03145388291071528,13.27971629555495,1.0,0.16275699204369642,0.004837169698278622,0.023099806590068772,rls,1000,,,0.08617350469813816,0.04273449060047393,11.812925260309337,,,4.875850651117985,0.0101815,member_degradation,13
0.8889948484552674,0.6012684261768064,synthetic_member_degradation,1.7155128,,,0.1892694671813356,70.17691817848505,1.0,1.8850811583011589,0.15800199051374245,0.12336698993451636,neural_gate,1000,,,0.5812586964868678,0.2927614230999462,45.598411202784575,,1,29.339768874083436,,member_degradation,13
0.6398599765953327,0.4871587567523782,synthetic_member_degradation,11.0500226,,,0.14677226698222956,51.39701088625179,1.0,0.8851731166059102,0.12783868733522571,0.07672904833363375,boosted_meta,1000,,,0.5112610998963152,0.22568013478834287,42.72706435564113,,1,22.752028916835965,,member_degradation,13
3.1532727113235626,1.9809190061881217,synthetic_member_degradation,0.0062682,0.0001,cholesky,0.5271671511178465,313.81387770361073,1.0,9.698905504075162,0.07652023841855599,0.25642002467957625,adaptive_ridge,1000,110,quadratic,2.0046459945971415,0.9544453412511301,74.39336913283543,0.0008606,1,82.20173012443178,,member_degradation,14
0.3893447518290192,0.28327165805386356,synthetic_member_degradation,,,,0.09837224165511647,59.58340265180577,1.0,0.7268717815453448,0.014440001376505541,0.06649458447331097,rolling_ridge,1000,,,0.2871833768391622,0.13874165532443775,31.88343336040496,,,15.339287440657674,0.0441946,member_degradation,14
0.3621962289568281,0.26379790834136313,synthetic_member_degradation,,,,0.09364500422790414,61.70726984364789,1.0,0.6377185992690521,0.01821582020481716,0.06682598694512037,rls,1000,,,0.2761571901620066,0.1305478326688908,30.83896271968641,,,14.60216432059636,0.2846662,member_degradation,14
0.8551304613782227,0.6579855452778117,synthetic_member_degradation,2.7956849,,,0.23746159226865937,106.67971867209509,1.0,1.5027511216070906,0.20656132031213667,0.1630051950789061,neural_gate,1000,,,0.6760279646139326,0.32566519436668045,55.56636281680765,,1,37.027636644648624,,member_degradation,14
1.3847782488937679,1.0208501697983257,synthetic_member_degradation,11.9962115,,,0.31188804685378146,154.2464607631677,1.0,1.8845056801744788,0.229723647511265,0.184583727013646,boosted_meta,1000,,,1.111935833857716,0.4745809291148192,66.9969882613739,,1,48.63303224062124,,member_degradation,14
2.2261043496781743,1.6189474099452432,synthetic_member_degradation,0.0068354999999999996,0.0001,cholesky,0.49752012802483003,566.8302561554439,1.0,4.3186419747666775,0.4069829525910721,0.29141322688564286,adaptive_ridge,1000,110,quadratic,1.6814660346601489,0.7732515077899846,76.23632444915161,0.0009811,1,77.84503889774491,,member_degradation,15
0.39812423706768585,0.32348060899477016,synthetic_member_degradation,,,,0.12062670489732871,192.04618159638628,1.0,0.5407180940274545,0.06468484590089109,0.09230651004848611,rolling_ridge,1000,,,0.32995159087972836,0.16424384609751988,34.38035159062399,,,18.87399123351791,0.0089199,member_degradation,15
0.3752701374510184,0.30183086806760445,synthetic_member_degradation,,,,0.11157117585641575,180.45232961967884,1.0,0.539756164829766,0.05122573520463461,0.08333973480151013,rls,1000,,,0.3083416140773742,0.15243133474675288,32.88195222187792,,,17.45710783378871,0.0407173,member_degradation,15
1.2563132856038737,0.9320482773228266,synthetic_member_degradation,1.6970525,,,0.3313595062265646,387.2117728141244,1.0,2.1501705462394503,0.2954695538089268,0.2555570136548939,neural_gate,1000,,,0.9259846728528882,0.4690326738935555,67.33245979587828,,1,51.84653283023982,,member_degradation,15
1.406300805017144,1.0508363286335323,synthetic_member_degradation,9.0568367,,,0.3202418967833104,373.26371473136095,1.0,2.1281570022841834,0.26425283390569854,0.1755541040885607,boosted_meta,1000,,,1.1149524718482988,0.4923725211510596,66.75068483886497,,1,50.10700373219925,,member_degradation,15
1.944336587469715,1.4069473887198922,synthetic_member_degradation,0.0065952,0.0,cholesky,0.4373177659898705,184.53284814884663,1.0,3.3120308128930223,0.40981431646341054,0.255794845499523,adaptive_ridge,1000,110,quadratic,1.475026387362676,0.6664304821422552,75.29390965717272,0.0010234,1,68.27436948312689,,member_degradation,16
0.26574328165518446,0.21027775987678396,synthetic_member_degradation,,,,0.08448723633538288,37.83928669722704,1.0,0.4071911807209564,0.024957877280325128,0.06660751091049039,rolling_ridge,1000,,,0.21382782767277075,0.10904772019636623,26.224897589808894,,,13.19020913114196,0.0154403,member_degradation,16
0.26067227932077625,0.20582485199111314,synthetic_member_degradation,,,,0.08263321762907498,35.969912178717465,1.0,0.40667025395289497,0.028971868407202547,0.06635556732470782,rls,1000,,,0.21118492361872268,0.10649344175303282,25.04321142089893,,,12.900758374672975,0.0033633,member_degradation,16
1.2706694044631777,0.9589262502781641,synthetic_member_degradation,1.6824711,,,0.3280402699525031,152.08494151453786,1.0,1.9070264944586621,0.30484650976161015,0.22031064452870963,neural_gate,1000,,,0.987037332393844,0.46835494277452727,67.58258316378915,,1,51.21388687556923,,member_degradation,16
1.2533022104718419,0.9751310523699427,synthetic_member_degradation,7.544635,,,0.3158117427886681,151.89837701506823,1.0,1.7440515144123356,0.2756555150891074,0.19423195951321393,boosted_meta,1000,,,1.0664980666475672,0.46125486257529713,70.06699358794215,,1,49.304760270734555,,member_degradation,16
4.212798895881601,2.682928719518918,synthetic_member_degradation,0.0074999,0.0,cholesky,0.739678886317084,297.74586906732867,1.0,10.536907760967562,0.1427147243451873,0.36563176301845834,adaptive_ridge,1000,110,quadratic,2.8123861937845724,1.2912295318258695,85.54041380329645,0.0008999,1,115.16359994038004,,member_degradation,17
0.18186293667322456,0.1370326660529445,synthetic_member_degradation,,,,0.048054508584484124,21.060376256809192,1.0,0.4127820599322868,0.011408969751910691,0.036453576205154326,rolling_ridge,1000,,,0.13760632759325725,0.06859301077429934,17.655216302731187,,,7.481800960292287,0.0033585,member_degradation,17
0.17241424387462373,0.13108256148648548,synthetic_member_degradation,,,,0.0457581636493705,20.15240625293241,1.0,0.3810412587183842,0.011265747696470105,0.03504149131755978,rls,1000,,,0.13279363233868896,0.06540371678310866,17.15657960940234,,,7.124273722020979,0.0034766,member_degradation,17
1.1146047398180898,0.8408758588752533,synthetic_member_degradation,2.8141899,,,0.27724715677782324,115.27719157016077,1.0,2.3875989741777373,0.2228652456698075,0.1824610962542228,neural_gate,1000,,,0.866838765286537,0.40459343874636305,60.81902322508638,,1,43.16573210132417,,member_degradation,17
1.254003624140105,0.9773989034982197,synthetic_member_degradation,12.4125984,,,0.3063756841412896,116.03729257026947,1.0,1.7608272357659576,0.2845228610862042,0.1825638105675721,boosted_meta,1000,,,1.046971006294853,0.45951981266207226,69.6653534776967,,1,47.70087043525875,,member_degradation,17
1.244219701993876,0.9414979391325227,synthetic_member_degradation,0.0132449,0.0,cholesky,0.3001461944146388,204.85336247008448,1.0,1.5636054852029653,0.24170304127928802,0.17186201723813804,adaptive_ridge,1000,110,quadratic,1.0357336391274874,0.44601291684890315,62.13115553833891,0.008172,1,47.24690607868259,,member_degradation,18
0.25495758319081313,0.19797986727764966,synthetic_member_degradation,,,,0.07620904765407621,46.43820320721495,1.0,0.45632878639903485,0.027664639460681956,0.05813876671461964,rolling_ridge,1000,,,0.20337877706790713,0.1006843183470663,23.444441399752133,,,11.996293086041453,0.0229435,member_degradation,18
0.24733621598425462,0.19136488781280137,synthetic_member_degradation,,,,0.07352921199045864,45.76069047041977,1.0,0.41818546608882157,0.024124319100760596,0.05449629353125525,rls,1000,,,0.1972819364840256,0.09712191520800365,22.789267816283026,,,11.574452175640532,0.0098488,member_degradation,18
1.015996409772755,0.7976685868097317,synthetic_member_degradation,2.5285572,,,0.2827915330577399,187.47970574805535,1.0,1.3807572554446335,0.251650845883019,0.20368996863826555,neural_gate,1000,,,0.8418382373208416,0.39557328157328775,63.21811898558833,,1,44.51505716500284,,member_degradation,18
1.3375936164322844,1.01680589572483,synthetic_member_degradation,12.1874116,,,0.3103548039875359,202.87311151542374,1.0,1.6866138777827788,0.23696420439334287,0.17942984343429622,boosted_meta,1000,,,1.1077576825883109,0.4705880721878,66.24890815821219,,1,48.85387370532622,,member_degradation,18
0.8461708593115551,0.6523071217530658,synthetic_member_degradation,0.0120288,0.001,cholesky,0.22412868035869404,177.02321579463248,1.0,1.2270858333057602,0.19647661030231434,0.14050951055582853,adaptive_ridge,1000,110,quadratic,0.6704502325070784,0.3169612717913962,53.6344366775966,0.0009602,1,35.41385476500898,,member_degradation,19
0.2746180867658314,0.21770090133330683,synthetic_member_degradation,,,,0.08638870234339736,64.73420011246127,1.0,0.4194503784905401,0.039231008887475084,0.06895234831461972,rolling_ridge,1000,,,0.23141521584296215,0.11137944043619998,27.20418609167523,,,13.650002102499736,0.0030151,member_degradation,19
0.26395079658206394,0.20739981630868823,synthetic_member_degradation,,,,0.08226857466406388,59.48407420609429,1.0,0.381532471649052,0.03189034358105259,0.06444259906471705,rls,1000,,,0.21894494019271618,0.10651903563804661,25.94932291792355,,,12.998993927126122,0.0118429,member_degradation,19
0.8920720362586573,0.6914713440788488,synthetic_member_degradation,1.6464434,,,0.2357061634141851,182.62694078161402,1.0,1.2966968477500391,0.20551625727533362,0.13827226973050707,neural_gate,1000,,,0.7258680839285877,0.33557872362365054,55.19247005356933,,1,37.24317577299129,,member_degradation,19
0.7460117768761296,0.5694212488011977,synthetic_member_degradation,7.6325183,,,0.17856248820105255,136.60294678602648,1.0,1.049771732314695,0.14173966361840035,0.10648790352297446,boosted_meta,1000,,,0.6158405632005758,0.2631058366703876,51.9957361802692,,1,28.214086717998246,,member_degradation,19
1.2618156705575279,0.9309777254079123,synthetic_member_degradation,0.0159546,0.001,cholesky,0.30089993280642513,206.47308493437387,1.0,1.9209826693665173,0.2471090009400052,0.1801945416134832,adaptive_ridge,1000,110,quadratic,0.9633697380289009,0.4454132293308924,59.611890186506805,0.0008956,1,47.02083683416354,,member_degradation,20
0.27005570737730983,0.21228203055112593,synthetic_member_degradation,,,,0.08284607376042119,62.8331871270905,1.0,0.44125317577195666,0.03660191746161003,0.06347982655080406,rolling_ridge,1000,,,0.21581102478071207,0.10878968894982607,24.41577958758049,,,12.946136877823394,0.009405,member_degradation,20
0.2626235904529281,0.20423834618806463,synthetic_member_degradation,,,,0.07986598257717804,58.71074192252927,1.0,0.41577328281433557,0.031039896011826558,0.06076390324030764,rls,1000,,,0.20763141628433246,0.10467185368229148,23.71272296274688,,,12.48044590883155,0.0104637,member_degradation,20
1.1138305528473569,0.890579402100509,synthetic_member_degradation,2.4019115,,,0.3078648062037492,226.4543650170014,1.0,1.5190616939035189,0.2958436312516845,0.21280242546533962,neural_gate,1000,,,0.9141005863822336,0.43533606317858237,63.926508274935244,,1,48.10921918284576,,member_degradation,20
0.9741168714436244,0.8105144567280916,synthetic_member_degradation,13.0335351,,,0.2652173367621091,181.21945507028784,1.0,1.4177306792097826,0.24492523783270317,0.16099947408231757,boosted_meta,1000,,,0.8411083483148868,0.3823151747353447,64.44820728812986,,1,41.444811905309436,,member_degradation,20
1.1063382479285317,0.8321186873869186,synthetic_member_degradation,0.012245,0.001,cholesky,0.27752482318369887,294.6810007300284,1.0,1.8841528654102502,0.24824146243497605,0.1749991239024328,adaptive_ridge,1000,110,quadratic,0.8950680079087994,0.40198852197740315,59.60433733402046,0.0010048,1,43.361075126541834,,member_degradation,21
0.22518116066942945,0.17634297967123294,synthetic_member_degradation,,,,0.07219377094424925,51.51621865667478,1.0,0.37674608754999794,0.003898994446299825,0.058142511958776955,rolling_ridge,1000,,,0.1796956456037131,0.09198293173570508,21.40546312875497,,,11.279710008174206,0.003183,member_degradation,21
0.21942069199029882,0.17272098152561097,synthetic_member_degradation,,,,0.07048922389945625,50.771916491529154,1.0,0.3822973437723539,0.010999272018598658,0.0562440649031784,rls,1000,,,0.17500609622101496,0.08983627310570096,20.632042996779575,,,11.013387912665397,0.0123023,member_degradation,21
1.024193196785574,0.7711357037896214,synthetic_member_degradation,2.3292037,,,0.26110007442641614,251.526728335522,1.0,1.6706695523731023,0.23162603400831186,0.16605073766524553,neural_gate,1000,,,0.8116438573732708,0.37484499827376977,57.031313617032744,,1,40.79483706311752,,member_degradation,21
0.8900294250999883,0.6777435073653133,synthetic_member_degradation,9.1791227,,,0.2172305230901721,234.91325026397888,1.0,1.2264124864988437,0.17010192716214595,0.12529853165453708,boosted_meta,1000,,,0.7148843394364861,0.3176169256180622,55.54301289875165,,1,33.940564031117646,,member_degradation,21
1.081570898620291,0.8430479520546118,synthetic_member_degradation,0.0080622,0.0001,cholesky,0.2647649543059753,103.15167086934463,1.0,1.5462766057235084,0.24241947034771674,0.1503241170461536,adaptive_ridge,1000,110,quadratic,0.8917064496418536,0.39792521400878744,58.055211504286916,0.001417,1,41.3339993334397,,member_degradation,22
0.08490493741375055,0.0659065094968865,synthetic_member_degradation,,,,0.026684806493506276,11.60157382560942,1.0,0.14878946107870683,-0.0008122924734375135,0.022680023894709578,rolling_ridge,1000,,,0.06803372951605204,0.03420576951058248,9.936674546607016,,,4.16592058683449,0.0091701,member_degradation,22
0.0814036957354376,0.06337642197981744,synthetic_member_degradation,,,,0.02590008520310056,10.923328144694187,1.0,0.13093765682444836,0.0008575694981773808,0.021428896026247785,rls,1000,,,0.06715137390693576,0.03298951864786164,9.60752488661242,,,4.043413175007314,0.01026,member_degradation,22
0.792418108547729,0.6169265780119342,synthetic_member_degradation,3.2283481,,,0.2011954665448789,81.54973228540088,1.0,1.0725240445621,0.1775494912009995,0.12587020972599144,neural_gate,1000,,,0.6637991389778343,0.2943672837749095,48.78486244770682,,1,31.409796292172757,,member_degradation,22
0.6003896515884702,0.4429222712926521,synthetic_member_degradation,8.3985787,,,0.12465001893360464,53.58519336497083,1.0,0.7381165853829789,0.1040754594814245,0.06110641373480482,boosted_meta,1000,,,0.5031846310011362,0.19877398918104253,38.74270813967967,,1,19.45984057074498,,member_degradation,22
0.6891191294370935,0.5321499950313116,synthetic_member_degradation,0.0082268,0.001,cholesky,0.18261025173555467,85.71274264591597,1.0,1.0410867004816486,0.16277444398680516,0.12010550327956482,adaptive_ridge,1000,110,quadratic,0.5454723882179012,0.25881839363625475,45.87290236831733,0.0012269,1,28.578269362302002,,member_degradation,23
0.14057409573570329,0.11341330750055602,synthetic_member_degradation,,,,0.04789194741547061,24.500860744281308,1.0,0.19117923186694452,0.012169655888312852,0.03871211706242755,rolling_ridge,1000,,,0.11838096536854843,0.059994929222438376,16.635422533243563,,,7.495028129672301,0.0121067,member_degradation,23
0.13666248964301111,0.11105582971995565,synthetic_member_degradation,,,,0.04681698145230017,24.085720737469487,1.0,0.18128248860017648,0.011214392713418357,0.03911105987183988,rls,1000,,,0.11560921694530642,0.05866020354929954,16.26563744195541,,,7.3267973400051405,0.0130207,member_degradation,23
0.7039391638832007,0.5445514418341162,synthetic_member_degradation,2.2230193,,,0.18715322710174656,88.40993151982921,1.0,1.0613254633521607,0.1683412301363445,0.12332522543865782,neural_gate,1000,,,0.5694950859353579,0.2651897039151048,46.6762823157417,,1,29.2892391599306,,member_degradation,23
0.7339639465324097,0.5589836045884387,synthetic_member_degradation,12.7173142,,,0.17816278208256303,82.54824313591882,1.0,1.0562338832204055,0.15527018641547985,0.10023848850409148,boosted_meta,1000,,,0.5760716997294453,0.2631451579974088,48.46145164585278,,1,27.88224608586559,,member_degradation,23
2.147751935528255,1.4886342576418172,synthetic_member_degradation,0.0067074,1.0e-6,cholesky,0.46397580800481764,198.43092840330755,1.0,4.088054149235726,0.37222445152551104,0.2754566809835648,adaptive_ridge,1000,110,quadratic,1.4603779395266674,0.719428106356162,74.75876385776073,0.0009124,1,72.44521910132252,,member_degradation,24
0.1984196067011619,0.1519355882852559,synthetic_member_degradation,,,,0.06000870020712906,35.37546081395768,1.0,0.28307540627846695,-0.008454410827012584,0.048789884134146866,rolling_ridge,1000,,,0.16305749999512287,0.07778835369691746,19.075273143274607,,,9.369763163267992,0.3582287,member_degradation,24
0.21100951028177742,0.16450740479035864,synthetic_member_degradation,,,,0.06437886181990997,39.20659731916082,1.0,0.3198046210022633,0.012106786524759518,0.05006420146921592,rls,1000,,,0.17075345314399676,0.08393267132486291,21.003951517182852,,,10.052120540708703,0.0152262,member_degradation,24
0.9573433815143687,0.7506424832199085,synthetic_member_degradation,2.6708035,,,0.24372823717915293,120.81155206237399,1.0,1.520069837520863,0.19746337899900554,0.14401856756588022,neural_gate,1000,,,0.7836804814419039,0.35803970014236924,54.33736708971993,,1,38.05574609493325,,member_degradation,24
1.2797630564693987,1.0074573504539293,synthetic_member_degradation,8.0387612,,,0.3260511342394869,166.4082434322016,1.0,1.8147731135213747,0.2994833969288658,0.2000032104415302,boosted_meta,1000,,,1.0760577965254383,0.4789477146683216,71.33441870858897,,1,50.9096497073595,,member_degradation,24
3.5832950960528946,2.3973870676569264,synthetic_member_degradation,0.0064338,0.0,cholesky,0.6780567332746403,369.4455857508451,1.0,8.905254321697562,0.4028023534471507,0.35662700063836694,adaptive_ridge,1000,110,quadratic,2.465135472507347,1.135000299933185,85.19723758754107,0.0009103,1,106.61082585748528,,member_degradation,25
0.30857114190735724,0.24997811997639027,synthetic_member_degradation,,,,0.0920400628794662,41.486979854893654,1.0,0.41394160338163827,0.048892675691074666,0.07473575948737848,rolling_ridge,1000,,,0.2611115989045834,0.12646648129345922,27.193358739556132,,,14.471454428549007,0.0113977,member_degradation,25
0.2943493042140756,0.23707484208839896,synthetic_member_degradation,,,,0.08729448380961374,40.3045618190435,1.0,0.3990117924060673,0.04141673150038386,0.0695859101138454,rls,1000,,,0.24461354952544623,0.11987604064469429,25.98473942088505,,,13.725307271561709,0.0047123,member_degradation,25
0.8695019262758632,0.6297412818143595,synthetic_member_degradation,2.4837949,,,0.3052989735507258,176.63511339274402,1.0,1.5616540265018632,0.29682369368395084,0.32343956376368654,neural_gate,1000,,,0.5741088211726393,0.37313898230965,71.07688861738318,,1,48.00214216072405,,member_degradation,25
0.8820675617304318,0.6760536448161707,synthetic_member_degradation,6.8868944,,,0.210978235999768,103.23007310222974,1.0,1.1664910577630756,0.1689773645495115,0.11848365739355037,boosted_meta,1000,,,0.7313849522187915,0.3163427849240077,55.4907816833745,,1,33.17209736899745,,member_degradation,25
0.6815729722590527,0.5316804525431081,synthetic_member_degradation,0.012002,0.01,cholesky,0.18867091678015516,83.6192710047626,1.0,0.9651647630372143,0.16828636491624555,0.12878927047876126,adaptive_ridge,1000,110,quadratic,0.5637623461380883,0.2609724595854091,47.51985712038695,0.0009707,1,29.41226432079116,,member_degradation,26
0.19493157554873228,0.15503350270554683,synthetic_member_degradation,,,,0.06292144966144296,33.07826212951741,1.0,0.2749283186048109,0.02158027122538064,0.05116776477753937,rolling_ridge,1000,,,0.15765263404028695,0.08074306245732522,19.548287898301016,,,9.80894321431724,0.0093422,member_degradation,26
0.18978667846271208,0.15036842443314902,synthetic_member_degradation,,,,0.06118427288903817,31.322597950124443,1.0,0.26699043117889576,0.018630281632631,0.05010031290030595,rls,1000,,,0.1565752094375833,0.07842283856157677,19.10680994345197,,,9.538131457667724,0.0035413,member_degradation,26
0.7222894898113502,0.5742820527722875,synthetic_member_degradation,2.3595853,,,0.20711235871148528,90.49277789333856,1.0,0.9605875556776541,0.1908312133401834,0.14033658807181965,neural_gate,1000,,,0.6007439268068593,0.28429463603951166,51.47987575818188,,1,32.28713541272966,,member_degradation,26
0.7081236561964918,0.5377032672056075,synthetic_member_degradation,11.7465532,,,0.17964179264703445,74.23268461523043,1.0,0.9896839622339526,0.1525254067783839,0.12064140110783607,boosted_meta,1000,,,0.5934284808487381,0.25544809319880124,49.369738100822616,,1,28.004697165658147,,member_degradation,26
1.4918539180462027,1.055372541097982,synthetic_member_degradation,0.1619131,0.0,cholesky,0.3313925637493958,119.15763696392587,1.0,2.5020676496441534,0.28042912986776164,0.20056766364716586,adaptive_ridge,1000,110,quadratic,1.0324341837317788,0.5077570429030911,62.07619994538615,0.001111,1,51.88651999802155,,member_degradation,27
0.19992359998043707,0.15385652732206603,synthetic_member_degradation,,,,0.059406941015753265,21.07557573776023,1.0,0.2687021726504798,0.01346149177207359,0.04591820499432156,rolling_ridge,1000,,,0.15851552290847526,0.07809495517379511,18.434870575999295,,,9.301414003260923,0.0094369,member_degradation,27
0.19205881071117456,0.14891285771819995,synthetic_member_degradation,,,,0.05812022405636076,20.867402210253687,1.0,0.26736161419894955,0.01689186748538073,0.04612383298280645,rls,1000,,,0.1530722036416781,0.0759818408721534,18.35923453308977,,,9.099951229051541,0.0112103,member_degradation,27
0.6334918899029861,0.4675409983543402,synthetic_member_degradation,1.6768931,,,0.15540176201221206,56.061174826461844,1.0,1.0169092077637216,0.12737730362865388,0.09536236600103115,neural_gate,1000,,,0.47993121706253655,0.2251493963734487,38.14225103955629,,1,24.33143502420889,,member_degradation,27
1.0661177062567349,0.8364473164626745,synthetic_member_degradation,7.0393472,,,0.27109488772325413,96.3269845308218,1.0,1.6933064445217063,0.2546143604538583,0.16961077859328982,boosted_meta,1000,,,0.8739816510942509,0.3965274422853012,65.46022650645473,,1,42.445642575888,,member_degradation,27
1.2461159409579345,0.9689586485016732,synthetic_member_degradation,0.0057639,0.001,cholesky,0.3216200023679963,291.42658181050854,1.0,1.891360025501639,0.2877978628898987,0.18954851574181597,adaptive_ridge,1000,110,quadratic,1.0257121983798478,0.46436793434494145,65.09092435804898,0.0009133,1,50.11026590898594,,member_degradation,28
0.26818042643200113,0.20933364039948632,synthetic_member_degradation,,,,0.08615588741171286,138.93868482578156,1.0,0.38883988331709046,0.012643527180744202,0.07073809108641232,rolling_ridge,1000,,,0.21543967999555083,0.10983385470256705,25.751868295393493,,,13.423588073000985,0.0266383,member_degradation,28
0.27304874888677383,0.21218254928455463,synthetic_member_degradation,,,,0.08720668297212872,171.73020707971637,1.0,0.39433635040246057,0.02601683679544668,0.07373337691972959,rls,1000,,,0.21434417344680504,0.11117426439162281,25.556658948573222,,,13.587308129467413,0.0112965,member_degradation,28
1.2067226123863988,0.9235717490328867,synthetic_member_degradation,2.496427,,,0.30698516649823343,300.1129521398347,1.0,1.7822102169521477,0.2703876664542078,0.17898725624343,neural_gate,1000,,,1.0100774483692712,0.44273625271097217,63.52325863927985,,1,47.830073409860574,,member_degradation,28
1.2217377951503459,0.9470402437907709,synthetic_member_degradation,8.0401392,,,0.3046361600186828,264.7067948658827,1.0,1.5570377421150856,0.2643608389588017,0.18347504381668672,boosted_meta,1000,,,1.0020279313774303,0.44608168776428514,67.77527403795817,,1,47.46408454584231,,member_degradation,28
0.9841531220233367,0.6649266796208866,synthetic_member_degradation,0.007097600000000001,0.001,cholesky,0.19957062712938312,129.68859710253707,1.0,2.1486386492399827,0.1504171623625943,0.11188693343383821,adaptive_ridge,1000,110,quadratic,0.6881799232612751,0.31487799983684384,45.71905871057432,0.0010718,1,31.36438155263507,,member_degradation,29
0.16849505007184626,0.13470297377187793,synthetic_member_degradation,,,,0.05474506835278257,54.992522002402296,1.0,0.24003233242327765,0.008449087536042304,0.044828081908003026,rolling_ridge,1000,,,0.1426193408102519,0.06961052736232883,19.521467474471542,,,8.603697030167602,0.3168467,member_degradation,29
0.16202374228908895,0.13101978109808138,synthetic_member_degradation,,,,0.05390836961657769,54.09016558940935,1.0,0.24141876563987297,0.009010712948609221,0.04460962594368317,rls,1000,,,0.1398082198326099,0.06807421387829538,19.42412033492211,,,8.472202036217794,0.0044974,member_degradation,29
0.8728512415465437,0.673839413557769,synthetic_member_degradation,3.9852276,,,0.22572447083377867,145.85548019960385,1.0,1.1550526710174338,0.2002731734670894,0.14275715982738962,neural_gate,1000,,,0.7110658956537736,0.3240073645069151,52.18926051345889,,1,35.47470151710979,,member_degradation,29
1.0944380711938755,0.8592458881644314,synthetic_member_degradation,11.7489202,,,0.27199275893264274,174.91403124766134,1.0,1.4576370068952054,0.22995897908365603,0.16234556831543184,boosted_meta,1000,,,0.909396029780458,0.4025064265759111,64.26269043575884,,1,42.74619363292706,,member_degradation,29
0.9736314308268758,0.7484416657250076,synthetic_member_degradation,0.0086309,0.0,cholesky,0.24833059019353546,168.23105129559806,1.0,1.4067740997383211,0.20834223969929816,0.15690607711868662,adaptive_ridge,1000,110,quadratic,0.783453931789591,0.35807616319405344,55.07488807542056,0.0018626,1,39.09209169116146,,member_degradation,30
0.2270229427072289,0.1821452009690565,synthetic_member_degradation,,,,0.07399562860137013,52.29484402639791,1.0,0.3576377115830624,0.01617284705658764,0.05885698624302259,rolling_ridge,1000,,,0.18792619845702416,0.09477391426345497,24.136067404725033,,,11.648359131976129,0.0029259,member_degradation,30
0.2246392620133839,0.1790624147938076,synthetic_member_degradation,,,,0.07259154241096637,50.91763461747295,1.0,0.35223898255168823,0.019070836226246245,0.05860337306683072,rls,1000,,,0.18743725569289565,0.09336331953696407,23.677541023410047,,,11.427328504799751,0.011416,member_degradation,30
0.9922098385951967,0.7590606571096263,synthetic_member_degradation,2.5008539,,,0.24929460105123527,164.33652129297343,1.0,1.5339486264224949,0.21016367661659305,0.15185715330082356,neural_gate,1000,,,0.7879514835017227,0.3625116935909953,55.302924234955945,,1,39.24384585407432,,member_degradation,30
1.0751422417301115,0.8022770591921091,synthetic_member_degradation,6.613487,,,0.2541661631674456,159.62424030493727,1.0,1.4595883269784464,0.1979365416337674,0.14998142179244614,boosted_meta,1000,,,0.8544947355103735,0.37689219725789397,60.39170916956896,,1,40.01072500809906,,member_degradation,30
0.06489070703796361,0.03867446793806657,synthetic_recurring,0.33105660000000003,0.0,cholesky,0.013688906445099173,20.89104544010102,1.0,0.4647373630498266,0.0011317913324905501,0.01078669749830441,adaptive_ridge,1000,110,quadratic,0.029899796663022015,0.029200357298330197,5.480323154194766,0.0013458,1,2.1260333382859833,,recurring,1
0.18253540397910809,0.0855738450252382,synthetic_recurring,,,,0.021323465209128426,17.679918417580236,1.0,0.6262595233697302,0.004424348725116101,0.01106245501778541,rolling_ridge,1000,,,0.06217905196521218,0.05203278286478116,6.982086853897998,,,3.3117618346072266,0.0100516,recurring,1
0.20484664698272634,0.09317030825312199,synthetic_recurring,,,,0.020516980810169633,9.885218838657789,1.0,0.6658808184779276,0.0025659749506657097,0.00807548780863504,rls,1000,,,0.07266078512522532,0.06083438151145478,7.237314287788462,,,3.186506195972354,0.0103989,recurring,1
0.06743655066353435,0.03897679633221659,synthetic_recurring,2.9932166,,,0.013342367118579217,24.483965991166095,1.0,0.5106236557802409,0.0006106735121085515,0.009634629242103954,neural_gate,1000,,,0.02944754232548159,0.031001115133549518,5.718300011626118,,1,2.0722120806009054,,recurring,1
0.19441207923026446,0.13992277170705986,synthetic_recurring,25.3799073,,,0.0515496439262591,30.51358469760035,1.0,0.27093866722712434,0.005126258732858407,0.039457113626544194,boosted_meta,1000,,,0.15041167804149255,0.06954962084717976,17.255453511556976,,5,8.006210138373431,,recurring,1
0.06484282005520159,0.04281394572385828,synthetic_recurring,0.012337899999999999,0.0001,cholesky,0.01637767686172708,24.659438702093386,1.0,0.4148911949228834,-0.000992042895880458,0.013372276129901939,adaptive_ridge,1000,110,quadratic,0.03987328914471524,0.02640160951388724,6.3940844503803875,0.0008922,1,2.580749613938909,,recurring,2
0.1778946020182992,0.10147003026810009,synthetic_recurring,,,,0.03327515543129422,145.39189125340422,1.0,0.5006497171763308,-0.0025875724750960864,0.023460398134744043,rolling_ridge,1000,,,0.08871757658482925,0.05504060832416429,12.01237186217652,,,5.243408162103278,0.0089443,recurring,2
0.23124578998397502,0.10786639973161409,synthetic_recurring,,,,0.023532074938009587,55.91355961273634,1.0,0.7304221420716542,-0.0015900063515882769,0.009051988068725259,rls,1000,,,0.08801220452049324,0.06541948276877482,8.17992767210079,,,3.7081201335319,0.0032137,recurring,2
0.06685430606695747,0.04344581110302601,synthetic_recurring,1.5233741,,,0.016074743693625812,26.50717842805858,1.0,0.44664058998317197,-0.0002615903754968276,0.01266076597629795,neural_gate,1000,,,0.037642532601024674,0.027289332774367434,6.221118462536094,,1,2.5330142322222504,,recurring,2
0.21240499136764568,0.15596268499714558,synthetic_recurring,8.0821141,,,0.05695328160804183,96.32685189280281,1.0,0.32367372914558246,-0.0051659829874702475,0.04219098442083055,boosted_meta,1000,,,0.15718001916311253,0.07736990470228117,18.811181520570063,,1,8.974542651161343,,recurring,2
0.03930250287476688,0.030301908566227703,synthetic_recurring,0.0074789999999999995,0.0,cholesky,0.012168996135282956,7.619843841954475,1.0,0.07832964983845381,-0.0010942901261222701,0.009772607057977334,adaptive_ridge,1000,110,quadratic,0.030669070513041182,0.015683541462588275,4.6571055247985536,0.0012946,1,1.900858883468931,,recurring,3
0.11239082646504776,0.06286685186622576,synthetic_recurring,,,,0.017919954115623624,17.174213425828537,1.0,0.2768787854836156,-0.0019225968427515152,0.010899672872514614,rolling_ridge,1000,,,0.05332681480718895,0.03270005264608396,7.3090608410785345,,,2.799187672783886,0.0150907,recurring,3
0.11499079185330267,0.062454814232702084,synthetic_recurring,,,,0.017605427738953686,16.0632113609992,1.0,0.2717207108876174,-0.0018283614869679717,0.010248211994411806,rls,1000,,,0.052054282095893155,0.03319194964063087,6.989406192996839,,,2.7500570583493165,0.0092264,recurring,3
0.044236945129623756,0.0337794769313154,synthetic_recurring,2.9165236,,,0.013290047458346388,10.142531389741464,1.0,0.0914559745884016,-0.0024906712984247396,0.010196306413913447,neural_gate,1000,,,0.035345498867827584,0.01740636206400978,5.244204537519569,,1,2.0759727829705654,,recurring,3
0.17672624851249907,0.13155365679708925,synthetic_recurring,7.2977839,,,0.04725603180990427,37.55975369720797,1.0,0.23364013559038055,0.0016853919159549632,0.033985142192088424,boosted_meta,1000,,,0.14169187895174754,0.06432058212332557,16.625579331306255,,1,7.381631719226299,,recurring,3
0.053414677754137455,0.0399766940139191,synthetic_recurring,0.0119964,0.0001,cholesky,0.014646634151022943,5.160625442843017,1.0,0.10961298347094561,0.001703636098125513,0.011048556283610955,adaptive_ridge,1000,110,quadratic,0.04052126860135444,0.019880504480232205,5.065978446607304,0.0069555,1,2.2766564686063506,,recurring,4
0.09233105257545539,0.05752186209506784,synthetic_recurring,,,,0.01941907690312479,8.076325211290047,1.0,0.3887798009881449,0.000505088343302416,0.013569462505676783,rolling_ridge,1000,,,0.053065746492813995,0.03100610792473258,6.642969689837381,,,3.0184796445383664,0.0030261,recurring,4
0.10501613123774263,0.07624623863015158,synthetic_recurring,,,,0.02540763848529021,9.575419141424518,1.0,0.19695325379126177,0.0023800610572880707,0.01643315337108888,rls,1000,,,0.07887026165865263,0.03671874290315507,8.325683160066323,,,3.949334974377555,0.0033392,recurring,4
0.059906426201819594,0.04467107471124363,synthetic_recurring,3.4964773,,,0.0161314513541553,6.498789242203686,1.0,0.12331648018675645,0.002435372070259169,0.012038323711991261,neural_gate,1000,,,0.04571284218491605,0.022163051107947015,5.565855524162402,,3,2.5074547977892485,,recurring,4
0.14920154096657134,0.11394901411149697,synthetic_recurring,6.2917789,,,0.042748129734475816,16.607992074085775,1.0,0.2492884967702811,0.002921714866096016,0.03174373579260081,boosted_meta,1000,,,0.11727975809317871,0.05714315011940173,14.413135547651944,,1,6.64472158431162,,recurring,4
0.036342676222566705,0.027618639664765045,synthetic_recurring,0.0055178,0.0001,cholesky,0.009255409118694904,4.983437529842238,1.0,0.08217588997713877,-0.001381463284304379,0.005975483982696872,adaptive_ridge,1000,110,quadratic,0.029072456590386087,0.013224560827970336,3.745266770514328,0.0008661,1,1.4520280379010215,,recurring,5
0.05103753713712095,0.03376987417190729,synthetic_recurring,,,,0.009994114409150637,4.968848020246661,1.0,0.13015323008246077,-0.0024818857929292913,0.004931072760445077,rolling_ridge,1000,,,0.032253296738825016,0.016594760749576953,4.07383908842654,,,1.5679192729325413,0.0028128,recurring,5
0.046714488795772106,0.03615452987435702,synthetic_recurring,,,,0.012689552927581149,5.847550685778473,1.0,0.06905802556434293,-0.00384430943999048,0.008678800757757316,rls,1000,,,0.038167931596195366,0.01754820699946742,4.495048833224631,,,1.9907911582275895,0.0082804,recurring,5
0.03732130712554106,0.028442584942886644,synthetic_recurring,3.1267486,,,0.009191074464141533,4.726786426717452,1.0,0.07900911100775299,-0.00037260477550780843,0.005685140570384384,neural_gate,1000,,,0.029405540764823983,0.013420923159965544,3.7165738923650307,,1,1.4419349430391768,,recurring,5
0.08458964992018699,0.0595413531364609,synthetic_recurring,6.3948345,,,0.0214784722722272,23.006454288378748,1.0,0.24262211979222226,-0.00146803638761896,0.01577598887303394,boosted_meta,1000,,,0.061707702815143914,0.03016902841310092,10.086376525220635,,1,3.369634291752546,,recurring,5
0.06176824782458519,0.04370109654836445,synthetic_recurring,0.0119919,0.0001,cholesky,0.01293040368483215,6.267784577386902,1.0,0.15113110949856334,-0.005167889183330378,0.007136746103491937,adaptive_ridge,1000,110,quadratic,0.04631695425633071,0.020248038027369904,4.739394729667437,0.0009087,1,2.0267524792576013,,recurring,6
0.10010511466042224,0.05093330121631568,synthetic_recurring,,,,0.010912479566087359,9.266248615140158,1.0,1.1321057289463368,-0.00020264397578043764,0.0020241478241636024,rolling_ridge,1000,,,0.036775035743798784,0.04325210593833132,4.487189014890344,,,1.7104566535195973,0.0028212,recurring,6
0.11386749161854218,0.05627361907561424,synthetic_recurring,,,,0.012236018706525778,10.002188123782577,1.0,1.3883481005843938,-0.0002471471245795742,0.002774212841187576,rls,1000,,,0.03888213019128436,0.0529215083743216,5.054597486213389,,,1.9179123756812109,0.0033011,recurring,6
0.06319757341708827,0.04334069662536182,synthetic_recurring,1.6791033,,,0.013159810688376392,6.664547787083595,1.0,0.29363528086496843,-0.006329441399529811,0.007879580684899051,neural_gate,1000,,,0.04300255913025061,0.02141965224157919,5.096446070821576,,1,2.0627104605028235,,recurring,6
0.08382291750676753,0.05953654560235878,synthetic_recurring,6.4644165,,,0.020789128492248603,13.67554784108883,1.0,0.2540110618288671,0.000783238490824812,0.014857446627885795,boosted_meta,1000,,,0.0655626767430849,0.029578462977441235,9.41633844892299,,1,3.2585539276468967,,recurring,6
0.138684631302414,0.0979171368156936,synthetic_recurring,0.1300898,0.01,cholesky,0.03792364668270479,42.73625534220992,1.0,0.3609491372919781,0.00042649827969327373,0.030457612761042085,adaptive_ridge,1000,510,quadratic,0.09166233672397249,0.05146938806125563,12.894715198682817,0.0512212,5,5.910018422188263,,recurring,7
0.20100443171468285,0.1209925791145384,synthetic_recurring,,,,0.039411924788619344,50.8876017312413,1.0,0.7225833475735752,0.0005793955959751073,0.02724774206457197,rolling_ridge,1000,,,0.10867530590204137,0.06393425002078591,13.000028450405217,,,6.141951577163726,0.0077147,recurring,7
0.24299889077392442,0.13052846834073434,synthetic_recurring,,,,0.03868999320838823,65.38839212118245,1.0,0.7944637397018257,0.0016304393039817166,0.024237443708759854,rls,1000,,,0.1058547151698749,0.0722511169523252,12.02034495383914,,,6.029445810658124,0.0030683,recurring,7
0.0921776486652557,0.06462214614038335,synthetic_recurring,2.7021408,,,0.024884543165843296,45.975891369367886,1.0,0.3753348193583268,0.00020029740657595804,0.019665979302422032,neural_gate,1000,,,0.0615448202262153,0.03503400995145433,8.992852558183031,,3,3.878005450487014,,recurring,7
0.2429069698013172,0.18756040040253802,synthetic_recurring,19.8173117,,,0.07516036003293182,47.04519787634591,1.0,0.44154631865784255,0.0015752635474108516,0.06134542359500478,boosted_meta,1000,,,0.19095037055122893,0.09649493026711521,23.917447332252635,,5,11.712985202330453,,recurring,7
0.06634857118785736,0.043026775703600674,synthetic_recurring,0.0066027,0.0001,cholesky,0.015880824238167626,10.264386125645316,1.0,0.35432598648507674,0.0007320659107433125,0.01209207121904523,adaptive_ridge,1000,110,quadratic,0.038715023801079565,0.02564243744137106,6.6650099294185265,0.0009601,1,2.4820919008913083,,recurring,8
0.12343827364614278,0.07858003013801496,synthetic_recurring,,,,0.027800625080547477,17.6975851923475,1.0,0.3671300765896366,0.00042292879416291613,0.02128527442659295,rolling_ridge,1000,,,0.07219616133348086,0.041798582502445725,11.100598524437993,,,4.345096030110367,0.0090139,recurring,8
0.15766135613645899,0.1035944825104392,synthetic_recurring,,,,0.0300320340275396,19.77186477287329,1.0,0.42494624725273694,-0.0006035095084092018,0.016694037749647193,rls,1000,,,0.10799729865843942,0.04915261533239381,10.65437355979651,,,4.693853877426271,0.0034014,recurring,8
0.06762058429650787,0.041279569283858425,synthetic_recurring,4.9476293,,,0.01454638015086573,8.505658287653329,1.0,0.4329411455280591,-0.001991830782272993,0.010810128745030623,neural_gate,1000,,,0.03414067084682257,0.02740168194305733,6.059774230961344,,1,2.273525090276792,,recurring,8
0.18214865644014616,0.13570903570376838,synthetic_recurring,6.1158193,,,0.04856832852677297,34.944222433361965,1.0,0.308791043962954,-0.0033766345078700064,0.034987865462059176,boosted_meta,1000,,,0.15169197095778697,0.0663006486890182,16.955978752845333,,1,7.590982248037335,,recurring,8
0.05149596652007144,0.03879657827077742,synthetic_recurring,0.0323313,0.0001,cholesky,0.0160807178670278,10.830508806233848,1.0,0.15097662220688401,0.00014280987399351375,0.013342864989812298,adaptive_ridge,1000,210,quadratic,0.03732711715874729,0.020923527013929553,5.700862344874411,0.0039791,2,2.524067747004544,,recurring,9
0.12012679253944641,0.06570234705280675,synthetic_recurring,,,,0.019268959011208446,10.965490142738222,1.0,0.40853126199387957,-0.001536559086980023,0.011753350547799732,rolling_ridge,1000,,,0.05587447959961978,0.03609855235804584,6.815390105881131,,,3.0245016647091525,0.0040568,recurring,9
0.11765305167398508,0.06401850295672204,synthetic_recurring,,,,0.01873879852567711,10.652793198363632,1.0,0.448793974292675,-0.0004209228797201828,0.011750879362613195,rls,1000,,,0.05155170409053801,0.03570953401344579,6.540065179760809,,,2.94128641316807,0.0084933,recurring,9
0.0441583834046964,0.03123993184726676,synthetic_recurring,6.3624903,,,0.012502747858316733,7.42137518702332,1.0,0.17794596587138645,0.0006186585090566933,0.010498969986904891,neural_gate,1000,,,0.029937777378160092,0.01719002076062258,4.817729800526369,,1,1.962461059205202,,recurring,9
0.1448658142877146,0.11135041190839573,synthetic_recurring,19.4726308,,,0.04545529233057892,22.973211189167582,1.0,0.2540444858263997,-0.0019234695998397004,0.03717886877850224,boosted_meta,1000,,,0.11459799879826105,0.0580825620534681,14.997016084528786,,5,7.134770863527575,,recurring,9
0.0823453301195371,0.056987072562296404,synthetic_recurring,0.0274245,0.0,cholesky,0.02140011552095478,11.574230539867731,1.0,0.409540766250616,-0.00024175284939021246,0.016514908591583166,adaptive_ridge,1000,210,quadratic,0.052779242728567634,0.0314644621771889,8.218461788361534,0.0039721,2,3.3161895977723597,,recurring,10
0.1958127082256476,0.10210034749429339,synthetic_recurring,,,,0.029395791060735997,19.257299071861773,1.0,0.48253608973949846,-0.0006210765202914719,0.01798234172715435,rolling_ridge,1000,,,0.08253023929333399,0.056072075779985284,11.344540291647267,,,4.555209827650183,0.0027687,recurring,10
0.20373491665752166,0.10325603624554067,synthetic_recurring,,,,0.029302026151917515,16.765924800231957,1.0,0.559943633709892,0.000774169983391604,0.017291143443499468,rls,1000,,,0.07681902483757831,0.05883931159276941,10.411092540782866,,,4.540679896026428,0.0085285,recurring,10
0.06589074168463485,0.04638433823949047,synthetic_recurring,2.0814599,,,0.018238709905286015,9.89440027054607,1.0,0.40260275922705013,-2.2629198722705717e-5,0.014586967537710382,neural_gate,1000,,,0.04400792441410408,0.026551702028733054,7.216845750870259,,1,2.826294091986223,,recurring,10
0.21361814621027628,0.1679293671555185,synthetic_recurring,20.2893844,,,0.06538196362108434,47.35589905935236,1.0,0.3121006093792553,-0.00431176020858978,0.052849231640818506,boosted_meta,1000,,,0.17502032278379862,0.08505269057961234,21.90403463099853,,5,10.131673701941642,,recurring,10
0.09064794531111002,0.06736834080934653,synthetic_recurring,0.0058457000000000005,0.0,cholesky,0.026838449147870532,11.357890886737422,1.0,0.21055912459026271,0.0034994289002256602,0.02159712624828842,adaptive_ridge,1000,110,quadratic,0.07070015806893758,0.03494366671604546,9.646394568639234,0.0009202,1,4.190636066523542,,recurring,11
0.15109035177739055,0.10166306453061645,synthetic_recurring,,,,0.036986155570270886,15.420388779125322,1.0,0.4306014486362391,0.001064415922408606,0.027876013707971048,rolling_ridge,1000,,,0.09661888585844532,0.05285041028043522,12.315588530627592,,,5.775129428710889,0.1099762,recurring,11
0.17634224834575832,0.10328954339893359,synthetic_recurring,,,,0.03238339714643162,14.509908968411098,1.0,0.48287704589407704,0.002124189953359021,0.020418331765920977,rls,1000,,,0.09122600385091602,0.05416420243357739,11.535930013788594,,,5.056440902776956,0.0035173,recurring,11
0.07960734625598996,0.05925626108382545,synthetic_recurring,2.5676713,,,0.02391636612370894,10.378229357264658,1.0,0.20949632466514057,0.006168859919112656,0.01970434183762504,neural_gate,1000,,,0.05919576612386857,0.03151490059233828,8.62184843905619,,3,3.7343732458605476,,recurring,11
0.22172525819177757,0.16985212098184746,synthetic_recurring,28.8223102,,,0.06427985787298755,31.18685198708443,1.0,0.43092961750561776,0.004169521120206052,0.04883582786777679,boosted_meta,1000,,,0.17741439076074453,0.08588896775557087,20.536042246367657,,5,10.036850090308665,,recurring,11
0.13931856024956013,0.09607839505398472,synthetic_recurring,0.0550423,0.001,cholesky,0.035116508775258085,21.520054734702118,1.0,0.364547519916385,0.0038437916277189134,0.026906592540823504,adaptive_ridge,1000,310,quadratic,0.09516598161956924,0.048905477267550644,12.760587743472723,0.0109164,3,5.5558609471355505,,recurring,12
0.18413836829171992,0.11453378444305462,synthetic_recurring,,,,0.03786029678844313,21.716007455753733,1.0,0.4758287155563832,0.000875895568707429,0.026753392332120624,rolling_ridge,1000,,,0.10692099018495897,0.05825689761004212,13.598827571311531,,,5.98996175047093,0.0107002,recurring,12
0.23500050247792134,0.1303280904082928,synthetic_recurring,,,,0.03845484235479936,22.47963450084238,1.0,0.6374890650304565,-0.0008720200995934007,0.023047250443549785,rls,1000,,,0.11667056292155008,0.06872928568626231,13.754395920813785,,,6.0840261267035265,0.0034071,recurring,12
0.10868857738546044,0.0719363663778106,synthetic_recurring,1.9108436,,,0.02585340554568245,13.176255116373344,1.0,0.4900744492208644,0.0022908224787645632,0.01961054163943976,neural_gate,1000,,,0.06436602751842381,0.03982354787985808,9.910383515005922,,3,4.090324785444425,,recurring,12
0.24010968798815946,0.182522589469834,synthetic_recurring,13.7991991,,,0.06937785272360382,39.9538206839238,1.0,0.3862463539409839,-0.00034443235409834384,0.054074556013885264,boosted_meta,1000,,,0.17997125397651972,0.09211847134632918,23.551693501637203,,1,10.97642436524812,,recurring,12
0.016959609467614253,0.011539855562937356,synthetic_recurring,0.0127683,0.0,cholesky,0.003677915002536032,1.5681212400793645,1.0,0.08296544817384599,-0.0003389422610956353,0.002455067292655544,adaptive_ridge,1000,110,quadratic,0.011294932772748234,0.0059128940932202,1.6072435419660287,0.0009592,1,0.5701351502698815,,recurring,13
0.03385784600910899,0.020115191218731125,synthetic_recurring,,,,0.005406802637623013,2.8244895407439703,1.0,0.15742591389618954,-0.00026221628244552255,0.002645609584539965,rolling_ridge,1000,,,0.01844379648827911,0.01080093950967604,2.4973374664673647,,,0.8381401506438397,0.0027546,recurring,13
0.02693688676260775,0.018440749669428283,synthetic_recurring,,,,0.005398399196668439,2.8048661840276097,1.0,0.09315320734705193,-0.00032042618146146614,0.0027705618754955558,rls,1000,,,0.017773845030620242,0.008915513517794162,2.552749303935764,,,0.8368374840329702,0.0032903,recurring,13
0.018368385135232413,0.011983688225359097,synthetic_recurring,1.5799721,,,0.0036681155799638885,1.5749908296820478,1.0,0.1126873278357503,-0.0007477899712173684,0.00219303254929315,neural_gate,1000,,,0.011507504371442559,0.006688797198810537,1.5792144677281093,,1,0.568616084370622,,recurring,13
0.0987116506768863,0.07355096153005981,synthetic_recurring,7.1472388,,,0.02754605592308295,13.586557307239772,1.0,0.15536371762567036,-0.0008053898184766238,0.021277479241676805,boosted_meta,1000,,,0.07573913343886081,0.036858886922089905,12.223419184283255,,1,4.270075497182618,,recurring,13
0.09170456598547962,0.06132718524381358,synthetic_recurring,0.005722400000000001,0.0001,cholesky,0.0223801441638389,10.246792181510184,1.0,0.5547109900299639,0.003906277253667007,0.016542023608969836,adaptive_ridge,1000,110,quadratic,0.055797431245556105,0.0357686138503647,8.617044674612265,0.0008796,1,3.489759494309815,,recurring,14
0.21597854459679344,0.11504856520415527,synthetic_recurring,,,,0.033683187759120894,17.852043242345726,1.0,0.723566596943185,0.009517063948849476,0.020484050800586018,rolling_ridge,1000,,,0.08440337753090574,0.06911341111228875,12.39678289351334,,,5.252255008747424,0.0040576,recurring,14
0.23763097980929582,0.11646576987938952,synthetic_recurring,,,,0.029209636297490914,15.356092683914694,1.0,0.9090716469079173,0.011024510599028597,0.013742118523837332,rls,1000,,,0.07855357147774082,0.074926476086631,10.734450792815771,,,4.554689408981024,0.0050629,recurring,14
0.11034481600586318,0.07987555479854536,synthetic_recurring,2.4641758,,,0.03136275533802525,17.58437650820032,1.0,0.4817763612217518,0.015181179746042078,0.025538099691634897,neural_gate,1000,,,0.07755036456804403,0.04264061610320133,11.870046772712188,,1,4.890427532876786,,recurring,14
0.14707121465042397,0.11004669155851517,synthetic_recurring,7.2452943,,,0.03956472983957894,19.45497361198138,1.0,0.27180698162051303,-0.0007039640763796688,0.028471910514577675,boosted_meta,1000,,,0.11381794294113438,0.054054251417437645,13.230388192852867,,1,6.169370071376245,,recurring,14
0.0431872241026398,0.03284163944053944,synthetic_recurring,0.0074397,1.0e-6,cholesky,0.011450754669855082,19.193489948891642,1.0,0.0950318680611627,-0.0005883090984718991,0.007670941451518226,adaptive_ridge,1000,110,quadratic,0.03332071181613656,0.016067267087706665,5.177586150875335,0.0009482,1,1.791655035590673,,recurring,15
0.04941745596032826,0.03854540165996049,synthetic_recurring,,,,0.012914427112813988,16.968724006509124,1.0,0.07888008507258704,-0.0014710657840870246,0.007924759513408819,rolling_ridge,1000,,,0.03956112104957987,0.01851024549078102,5.491285759440086,,,2.0206701685221526,0.0152446,recurring,15
0.049230312827706485,0.038088035839011415,synthetic_recurring,,,,0.012602286474531044,17.04611831951573,1.0,0.0793111101359234,-0.0008951116281793151,0.007420104730548785,rls,1000,,,0.03875878860141672,0.018256366802735333,5.308600352585428,,,1.971830737190663,0.0047652,recurring,15
0.041717850438324273,0.030904385015691756,synthetic_recurring,2.5747228,,,0.010132045800926415,19.80630136700117,1.0,0.12206654404930861,0.00013551425652931574,0.005524837220510198,neural_gate,1000,,,0.03142394506332432,0.015074613040602482,4.504745342317619,,1,1.5853217891266624,,recurring,15
0.09222376460353086,0.06940578006287483,synthetic_recurring,7.0641875,,,0.025371622571717555,61.54935151846115,1.0,0.2095044742352874,-0.0012669985426415275,0.018359256503706067,boosted_meta,1000,,,0.07089148265591055,0.03447545908813387,10.875352759617043,,1,3.9697990789544213,,recurring,15
0.0729290062471849,0.050601724011205024,synthetic_recurring,0.0675758,0.0001,cholesky,0.01973409418128747,8.899665582798681,1.0,0.22894387466273947,0.0008212614299285978,0.01578383899874808,adaptive_ridge,1000,310,quadratic,0.04719243961481023,0.027362635647211093,7.428638576845025,0.0235045,3,3.0809012172152475,,recurring,16
0.17782726416821382,0.0953651595124082,synthetic_recurring,,,,0.02883294371869275,15.33819185633333,1.0,0.5838742261505869,-0.0014871467557379544,0.01843274056329617,rolling_ridge,1000,,,0.08100618483633028,0.053199438373980584,10.022450903738857,,,4.5014202619470725,0.0032794,recurring,16
0.1797929687613286,0.09130355943362355,synthetic_recurring,,,,0.025747889739485854,13.99255685738701,1.0,0.595331262386086,0.00017834889149022126,0.015132563447663006,rls,1000,,,0.07197747125495224,0.05214540883694804,8.89054677086105,,,4.019779378286651,0.0088084,recurring,16
0.06348190307324378,0.04574930644743201,synthetic_recurring,1.8005438,,,0.017838291167229913,7.48769050750393,1.0,0.2921725875622574,-3.148006916561002e-5,0.014638817503728474,neural_gate,1000,,,0.043935854705688115,0.02487577887537711,7.023853846690072,,1,2.7849270640590977,,recurring,16
0.24347428237887328,0.17970129915028532,synthetic_recurring,22.6363636,,,0.06660725258848828,33.20808999027404,1.0,0.45135230500676893,0.0009953979359093436,0.04963696622370022,boosted_meta,1000,,,0.1912504103426054,0.08975336855315784,21.416840070123364,,5,10.398772991051414,,recurring,16
0.07390089163221557,0.05060078725135948,synthetic_recurring,0.1020992,0.0001,cholesky,0.014570137952015186,7.140292655227151,1.0,0.3290627728362914,-0.003354397649460003,0.00801908963731135,adaptive_ridge,1000,110,quadratic,0.051834335221840895,0.02490528844682735,6.591861767682535,0.0019484,1,2.268483755885828,,recurring,17
0.08790681102122473,0.06385409160393869,synthetic_recurring,,,,0.021418475197195915,10.456560448445641,1.0,0.14026634135591626,-0.00790298668356878,0.014638010737747106,rolling_ridge,1000,,,0.0683153996767037,0.030419765796072147,8.550022438337317,,,3.3347291028196704,0.0098847,recurring,17
0.0917588179365996,0.06505809217882509,synthetic_recurring,,,,0.01895192742631983,10.806280775697049,1.0,0.17254693662529622,-0.003905989849492462,0.010054321804641442,rls,1000,,,0.06645208549257371,0.03006050845674734,8.949505231612678,,,2.9507022960882416,0.0143048,recurring,17
0.07902613425464794,0.05350981984257692,synthetic_recurring,4.4454503,,,0.01642276626624986,8.199537682949758,1.0,0.2540218502162679,-0.007233504258260457,0.010413933732360908,neural_gate,1000,,,0.05479742845200553,0.025972417425345642,7.374097058924922,,5,2.5569269573418745,,recurring,17
0.09007970353814293,0.06605980653597394,synthetic_recurring,6.594459,,,0.023228102513418118,12.806252623136702,1.0,0.15330475374412034,0.001129316238243513,0.01605998597057895,boosted_meta,1000,,,0.06884680530460686,0.03227393275921768,12.442484118835532,,1,3.616477304832374,,recurring,17
0.06495052792607722,0.049355416379107085,synthetic_recurring,0.007991,0.0001,cholesky,0.01763169480804875,9.215575226428726,1.0,0.14398695309290632,-0.001524112356508054,0.012072957624302869,adaptive_ridge,1000,110,quadratic,0.05028606318690964,0.024348824799513346,6.5198203755554704,0.0015074,1,2.775457574028283,,recurring,18
0.11031552811396299,0.08664682713417736,synthetic_recurring,,,,0.031244540477231946,11.802849610629918,1.0,0.15709984842527136,-0.0040713773614469186,0.021686776839376032,rolling_ridge,1000,,,0.08848800504880033,0.04244439905973885,10.301551452674163,,,4.918296139913932,0.0030502,recurring,18
0.1075737228558597,0.08400585309195664,synthetic_recurring,,,,0.029455204377734117,11.900752138865016,1.0,0.15122574668845412,-0.003092627080037895,0.01879746501656626,rls,1000,,,0.08651578816278759,0.04086011063331973,9.833172800039993,,,4.636631417157591,0.0083429,recurring,18
0.06291017410122579,0.04756380743496071,synthetic_recurring,1.6664402,,,0.016799056100802012,8.663268919602467,1.0,0.11176729006317343,-0.0024532734602482286,0.011114537048668244,neural_gate,1000,,,0.05021291209706611,0.023300052183638537,6.160231915385348,,1,2.644389436131401,,recurring,18
0.13157343334555383,0.1020279989228207,synthetic_recurring,9.7782506,,,0.03869387106793261,17.154251299818352,1.0,0.21635526058649668,-0.0020402660242799207,0.028593887308151544,boosted_meta,1000,,,0.10311856708059142,0.051429728159992034,14.649956534013773,,1,6.090917446855033,,recurring,18
0.10767943398507014,0.07772188078477271,synthetic_recurring,0.160618,0.001,cholesky,0.028808840717652263,13.433601358434052,1.0,0.20662481462072485,0.0035782885933417176,0.02123201124765617,adaptive_ridge,1000,510,quadratic,0.07709982717187178,0.03912523437856404,10.91780969192178,0.0713797,5,4.551992629816236,,recurring,19
0.19083007510123604,0.10905059693407712,synthetic_recurring,,,,0.03371510280416865,19.413135333089045,1.0,0.555182483447834,0.0008184434582938397,0.021576866004619527,rolling_ridge,1000,,,0.10287942866742694,0.05813803608490962,12.480789815688981,,,5.327215384409238,0.0078679,recurring,19
0.1801086248786198,0.10134214832961896,synthetic_recurring,,,,0.03172479848819825,20.522077989226936,1.0,0.709985253918588,0.0009028577950805686,0.021224687310659074,rls,1000,,,0.08653500293415746,0.056990268861971144,11.9280627086045,,,5.0127337755801324,0.0083726,recurring,19
0.077501593095527,0.05683329281354638,synthetic_recurring,4.3561169,,,0.02148826365018522,12.281984549249039,1.0,0.1419994612691573,0.00241353524160486,0.01597761688795929,neural_gate,1000,,,0.05706508906046775,0.028816505026429816,8.650073821929448,,5,3.3952916995808393,,recurring,19
0.23238544706860634,0.17029308674937751,synthetic_recurring,36.3332083,,,0.0634907577144669,33.17970722471659,1.0,0.4299833861968358,0.0010076112883010103,0.04903923209456257,boosted_meta,1000,,,0.17757485340552237,0.08535409837748872,22.711662148986697,,5,10.031971227520259,,recurring,19
0.10503377040397971,0.07256770729694081,synthetic_recurring,0.0287804,0.001,cholesky,0.027076034534405775,15.813145802324366,1.0,0.3442189236499215,-0.0006348627047660896,0.02100220846287895,adaptive_ridge,1000,210,quadratic,0.07071136716097025,0.038161169530781344,9.11923366888713,0.0041227,2,4.231100319911024,,recurring,20
0.19590655850561536,0.11257674376020566,synthetic_recurring,,,,0.03631422886166034,13.881056198151024,1.0,0.4367514873191269,-0.0031859374033701457,0.025315934185849515,rolling_ridge,1000,,,0.09699580260407598,0.05907935208885934,11.674254189480717,,,5.674728519002654,0.0031148,recurring,20
0.24544729960047285,0.12138233889639229,synthetic_recurring,,,,0.03128424376813444,16.409828271548,1.0,0.635203673734179,-0.0040023980442839046,0.016028241962619094,rls,1000,,,0.09412675521755344,0.06775256181963683,10.512136526961047,,,4.888706049156807,0.0293477,recurring,20
0.072885790910987,0.048018214130445006,synthetic_recurring,2.0161432,,,0.017935695280633573,11.016735599461349,1.0,0.40631302276029013,0.00019818671521562258,0.014207589948327513,neural_gate,1000,,,0.04355477581238357,0.02873616510584871,6.526269099994614,,3,2.8027636743956768,,recurring,20
0.1947067931955466,0.1532749922342429,synthetic_recurring,38.6357934,,,0.061520063265685744,29.283268891903404,1.0,0.384721768173729,0.0023991772631400303,0.04925963772806219,boosted_meta,1000,,,0.15744510833338848,0.07920301855295162,20.763763149992158,,5,9.613577609883263,,recurring,20
0.09238050953912748,0.06677813707944902,synthetic_recurring,0.0716672,0.001,cholesky,0.02567922073679121,21.44029168338687,1.0,0.2707930522284083,-0.003305372197203174,0.020431174729548335,adaptive_ridge,1000,310,quadratic,0.06776163574378383,0.03499114430415144,8.633409464862192,0.0249906,3,4.012176665083478,,recurring,21
0.17001638244154507,0.09463440473419794,synthetic_recurring,,,,0.02946126573593648,30.39938352215946,1.0,0.5285242145230942,-0.0023980324877756905,0.019678773228096635,rolling_ridge,1000,,,0.07640126524918466,0.05194912758016884,9.844530334235184,,,4.603091508154468,0.0093095,recurring,21
0.1874697684599478,0.1016108754104279,synthetic_recurring,,,,0.030993573432290117,29.809347729450664,1.0,0.8283454533982411,-0.0020312893944600652,0.0205582844068381,rls,1000,,,0.07752512305936678,0.06149440073406964,9.593049102807553,,,4.842502557502615,0.0349533,recurring,21
0.07414841161592894,0.054038363763992535,synthetic_recurring,2.3640957,,,0.02117714551259726,10.01325035084459,1.0,0.3287147109579772,-0.005634832204383853,0.017166659703427622,neural_gate,1000,,,0.05116341478817835,0.02975880008488604,7.743904473100272,,3,3.3087627513940334,,recurring,21
0.19609589066994676,0.1490240432529199,synthetic_recurring,17.1113519,,,0.055284898577437895,47.094264292542995,1.0,0.2911825232473625,-0.0014628845979211104,0.04064365808925202,boosted_meta,1000,,,0.16100712594094385,0.07388502664431434,18.29793324034415,,1,8.637831431002374,,recurring,21
0.029823312412754422,0.02101457890202376,synthetic_recurring,0.0072673,0.0,cholesky,0.008108123684429798,3.580166782332174,1.0,0.11941503774029982,-0.000313447486917751,0.006174773116482735,adaptive_ridge,1000,110,quadratic,0.019846090887625466,0.011421696365640664,3.4602781122234236,0.0010665,1,1.2658064200610264,,recurring,22
0.08882948239927074,0.04596972012308793,synthetic_recurring,,,,0.013483844240590112,6.381750482058813,1.0,0.3700448012060753,-0.0007571238922097588,0.008623428433658653,rolling_ridge,1000,,,0.03269270269331319,0.0266840347018884,5.521481258927426,,,2.1050414708914444,0.0120923,recurring,22
0.07869578948711797,0.04079719851576379,synthetic_recurring,,,,0.012133787544036954,5.904689821480726,1.0,0.21372644079258718,-0.0002605675901751199,0.007633405673024007,rls,1000,,,0.027647550021997334,0.023494163956175495,4.9763150744391185,,,1.8942762556018669,0.0387929,recurring,22
0.02894549128545715,0.01998321379072055,synthetic_recurring,2.5858093,,,0.007745665898146716,3.3823937029061195,1.0,0.13238805980431878,-0.0006779495390102575,0.006346116159887116,neural_gate,1000,,,0.018582390184763348,0.011426606645534734,3.246218835630012,,1,1.209221023644433,,recurring,22
0.13450804828326177,0.10041175594256599,synthetic_recurring,12.2389663,,,0.03444307814446615,20.38132057544005,1.0,0.22986876512767904,-0.0013788765243307303,0.023603478568191144,boosted_meta,1000,,,0.10647106666069528,0.0483345228958318,12.983997575185642,,1,5.377109567981993,,recurring,22
0.06909863147355905,0.04463565573159098,synthetic_recurring,0.0173695,0.0001,cholesky,0.014863859917733287,9.228168269299431,1.0,0.49961207399553026,-0.0013666888673551272,0.010437114031883687,adaptive_ridge,1000,110,quadratic,0.04187888837989375,0.026481635168486523,6.347818201630312,0.0013049,1,2.326174946123244,,recurring,23
0.15622771638771124,0.08140545762549846,synthetic_recurring,,,,0.02306505575839,28.34781548427989,1.0,0.5153904563868051,-0.00220422125067017,0.013689105954948266,rolling_ridge,1000,,,0.0615693611641345,0.047321382889887846,8.520268160292355,,,3.609651539576978,0.0114824,recurring,23
0.1721099858128455,0.0890038135836756,synthetic_recurring,,,,0.022974418640557707,24.79233138674169,1.0,0.6079378675554721,-0.003026619465738373,0.01166963064216775,rls,1000,,,0.06922082750735176,0.05195747633402493,8.087135228958454,,,3.595466947293599,0.0114736,recurring,23
0.06998051006702799,0.04398746872341386,synthetic_recurring,2.1897266,,,0.013971847665856973,8.485380569433703,1.0,0.5588822013337054,-0.001514454421641224,0.008801178675201887,neural_gate,1000,,,0.04014046979407916,0.027633325144948047,5.8538061353668365,,1,2.1865761767972423,,recurring,23
0.16620524959073696,0.12232360165882464,synthetic_recurring,7.057748,,,0.04262111616056513,19.18420436789486,1.0,0.2997715778023009,-0.001713279565776705,0.029500406157326985,boosted_meta,1000,,,0.12324682665087465,0.059446388445813875,17.816961353491934,,1,6.670149822270019,,recurring,23
0.04171025051038994,0.031190083121349552,synthetic_recurring,0.014119399999999999,0.0,cholesky,0.011969876494609394,5.967625237631766,1.0,0.1311043185271623,-0.0013446373561586678,0.00907265247417166,adaptive_ridge,1000,110,quadratic,0.031626129161943926,0.016059692884918274,4.621445624570687,0.0009217,1,1.8689774559512031,,recurring,24
0.10766389724841574,0.055791412398988695,synthetic_recurring,,,,0.01593352989045157,10.317006105563586,1.0,0.393555242121996,-0.0036741731297280492,0.009564082726555144,rolling_ridge,1000,,,0.04278727675636299,0.03253188664924782,6.108729345930545,,,2.4878626084730042,0.0027615,recurring,24
0.11057212312052273,0.05778181921852661,synthetic_recurring,,,,0.016420189436130137,11.232264963826557,1.0,0.3390695748335729,-0.0033900279229518784,0.009874355598490037,rls,1000,,,0.04419857086828701,0.033202658871562776,6.3459211003892015,,,2.563849668156228,0.008233,recurring,24
0.04846065460745758,0.03699673266295268,synthetic_recurring,1.4411151,,,0.013744269808185015,5.510901693846314,1.0,0.16091802956071366,-0.0047679568294401,0.010452509775803753,neural_gate,1000,,,0.03679484783456827,0.018745313435889952,5.252740884830026,,1,2.1460313672891256,,recurring,24
0.12020393823413497,0.08552192045143794,synthetic_recurring,6.9368407,,,0.031064531225742646,28.006530835662847,1.0,0.29399477773658056,-0.0024157021925384297,0.023061674459182294,boosted_meta,1000,,,0.08614094170584746,0.04300738208350621,11.329386629555408,,1,4.850418345314749,,recurring,24
0.06938799895312348,0.04741453266016516,synthetic_recurring,0.0070098,0.0001,cholesky,0.015339318073682818,10.37886326875961,1.0,0.19274013017203018,0.0021931197737231453,0.01011230953909072,adaptive_ridge,1000,110,quadratic,0.04674652124017683,0.02347760304552891,5.72327745376851,0.0010125,1,2.411800204428614,,recurring,25
0.12987423313563937,0.0722620962090165,synthetic_recurring,,,,0.02194410802713906,28.09263757578903,1.0,0.47935942183098057,0.0039056695095698313,0.013317199506343429,rolling_ridge,1000,,,0.057800560858118806,0.041302624287525194,8.166967746309226,,,3.4502709945534655,0.0031597,recurring,25
0.15407588440534908,0.10287969102192858,synthetic_recurring,,,,0.030918517262570163,26.435800577188257,1.0,0.4127500903459117,0.012395191218590545,0.018094935987490436,rls,1000,,,0.1005126232928564,0.049639443728435456,11.748309662773783,,,4.861316904460864,0.0099388,recurring,25
0.08149204737980491,0.06183448513771288,synthetic_recurring,3.3884999,,,0.026077740668375076,14.667699733014178,1.0,0.29602922574060386,0.015099799334366603,0.022198671059714042,neural_gate,1000,,,0.06200086424542976,0.03374596892242972,8.62491846742296,,3,4.100201845538958,,recurring,25
0.14077070380115356,0.0973832638699781,synthetic_recurring,6.531406,,,0.03311874261324215,31.56216785785174,1.0,0.2945474534521595,-0.003129405608374285,0.022296483134467457,boosted_meta,1000,,,0.10280460298389482,0.04762731045619679,13.865500055844866,,1,5.207258224997395,,recurring,25
0.10181643178615114,0.07053692277825586,synthetic_recurring,0.0512061,0.0001,cholesky,0.026341627886985207,13.997972013166438,1.0,0.33920284116560817,0.002047005788409359,0.020271850829265015,adaptive_ridge,1000,310,quadratic,0.06774730784003262,0.0369213832076557,9.43761233887138,0.015146,3,4.106445949773559,,recurring,26
0.1401116823077721,0.08995097681034254,synthetic_recurring,,,,0.031673924446617194,16.9125277506928,1.0,0.3446111731021744,-0.0020684152547669464,0.023515952027912596,rolling_ridge,1000,,,0.08668405392523726,0.04583763791392027,10.598641405627344,,,4.937707696550833,0.0027205,recurring,26
0.16800518275516374,0.09067661648516495,synthetic_recurring,,,,0.027730338682549104,18.440135720597564,1.0,0.40647454672529015,-0.001411650990224497,0.018055692361190673,rls,1000,,,0.07070730232040746,0.049734373856393566,10.217402460317242,,,4.322934689433713,0.0033289,recurring,26
0.07490811108744083,0.05235530590746149,synthetic_recurring,5.1622413,,,0.020048172693958196,10.749439837065413,1.0,0.35174481975428606,-0.0007722679828712288,0.01596357532846177,neural_gate,1000,,,0.04854792889586351,0.02883095750015889,8.318474948999189,,5,3.1253473746070664,,recurring,26
0.21422037743578223,0.16722567688163925,synthetic_recurring,21.0512826,,,0.0645272897228713,55.58489024299168,1.0,0.35962951744215044,0.00451584050906101,0.05039394766535005,boosted_meta,1000,,,0.17527373672876442,0.0846410134602964,21.006945961478078,,5,10.05928064389936,,recurring,26
0.044619593856464836,0.03431447224137274,synthetic_recurring,0.0291148,0.0,cholesky,0.013699587007122831,5.08876738261176,1.0,0.08277787448934293,0.00021978567147500847,0.010886725506047433,adaptive_ridge,1000,210,quadratic,0.034386202803013646,0.01775801590406711,5.168529064360481,0.0039237,2,2.144960306795692,,recurring,27
0.11369954274630295,0.06353808111456083,synthetic_recurring,,,,0.019630522921597407,7.696661384357957,1.0,0.3172621191352458,0.0003767251688833598,0.01254657201225129,rolling_ridge,1000,,,0.051049612929317055,0.035302331595387454,6.881195394098137,,,3.0735738563926702,0.0030906,recurring,27
0.11421457210743419,0.06118204703105832,synthetic_recurring,,,,0.018219681821535307,7.10241910606795,1.0,0.35499180297071264,0.0013731550806178488,0.01171331018726468,rls,1000,,,0.04710238193340605,0.03454900480390273,6.507738356871606,,,2.8526768207918334,0.0034201,recurring,27
0.048417162629252684,0.033659693354568754,synthetic_recurring,1.8617878,,,0.012929448848087133,4.98769282880918,1.0,0.20037848728760754,-0.0011354384249594109,0.010177545132344729,neural_gate,1000,,,0.032200676569164845,0.018416328350825805,4.99650620426931,,1,2.024378877514547,,recurring,27
0.16294459131680836,0.11980380715544707,synthetic_recurring,6.6034883,,,0.04326625661285473,18.12072849388457,1.0,0.3143156837311325,0.005453763033508074,0.030815420359283585,boosted_meta,1000,,,0.1220519931641999,0.059320018088571555,15.125372505305249,,1,6.774248231713714,,recurring,27
0.1164961478799983,0.08408272273010425,synthetic_recurring,0.0466061,0.0,cholesky,0.031151240071325265,56.67023202922308,1.0,0.21886743875955095,-0.004932973252090226,0.022803458510540497,adaptive_ridge,1000,310,quadratic,0.08504189685497131,0.04232273451685918,10.8820796434071,0.0150635,3,4.853544281685193,,recurring,28
0.21842887805896083,0.1162677671554197,synthetic_recurring,,,,0.03422554974694311,43.97513914720908,1.0,0.9159129617726811,-0.004754194425180221,0.020512001339680536,rolling_ridge,1000,,,0.089877342155114,0.06675313514571388,11.967816480119422,,,5.332539599754714,0.0027077,recurring,28
0.22545958261036753,0.11730450130778328,synthetic_recurring,,,,0.033949775143317186,40.174618588952335,1.0,1.1949774941978157,-0.0031759994883572857,0.021102542054864663,rls,1000,,,0.0878349499247842,0.07118951213899208,11.446392287179735,,,5.289572313463768,0.007823,recurring,28
0.09082290308225165,0.06257332556878609,synthetic_recurring,3.5559085,,,0.023627537054219244,78.15905737978048,1.0,0.23627794832622806,-0.005029056698738288,0.01843851799732238,neural_gate,1000,,,0.059007274283410634,0.03317377369233559,9.190573529545164,,3,3.6813076172004897,,recurring,28
0.2011798976357442,0.15843747757406282,synthetic_recurring,24.1057267,,,0.06319901569540695,65.39609104556037,1.0,0.2755080818198702,0.002550474221370597,0.05098293450500174,boosted_meta,1000,,,0.1640180185163507,0.08206301286752118,20.48078872868586,,5,9.846774013947806,,recurring,28
0.06010940024331349,0.04183366968600668,synthetic_recurring,0.009063600000000002,0.001,cholesky,0.015350220217709813,15.822825481085617,1.0,0.2467680404146002,0.00024034011742175742,0.011382596057407879,adaptive_ridge,1000,110,quadratic,0.03951398422421448,0.02250974530661975,6.75170726281883,0.0010304,1,2.4124299790524577,,recurring,29
0.15128382964516507,0.07911371782796726,synthetic_recurring,,,,0.02280834894099303,16.795242352605804,1.0,0.47842526950523095,0.000953359415120946,0.013996256426768827,rolling_ridge,1000,,,0.05907997807596805,0.04589309969329859,8.859941525518968,,,3.5845443242865884,0.0032736,recurring,29
0.16143362915358764,0.08208046435342496,synthetic_recurring,,,,0.022831526093995313,20.304786069852717,1.0,0.5220685182196507,0.0014360628758781054,0.013201556681062404,rls,1000,,,0.06084799390050452,0.04853085920220278,8.875177438380256,,,3.5881868296017427,0.027531,recurring,29
0.06307444752453142,0.04191655781234398,synthetic_recurring,3.8343672,,,0.015327013769060947,12.643194575101942,1.0,0.3114176671357667,-0.0011097788975292728,0.011584911058269753,neural_gate,1000,,,0.038420403371465496,0.02461403675634602,6.7607852650927445,,3,2.4087828696537743,,recurring,29
0.17386485409163835,0.12543427510764746,synthetic_recurring,6.3543323,,,0.044316229726440344,73.0366524877606,1.0,0.26744954621032335,-0.0009036160800120029,0.032192250965706645,boosted_meta,1000,,,0.13366510119800948,0.061421963515089675,17.624470592461197,,1,6.964707973850218,,recurring,29
0.08542909091530616,0.05948245529074061,synthetic_recurring,0.0063696,0.0,cholesky,0.021442920218755986,17.427260192916837,1.0,0.22345173028248555,0.0020418225501607234,0.01603327287801748,adaptive_ridge,1000,110,quadratic,0.05810739816984638,0.03017119268564886,8.776208034167173,0.0009526,1,3.3755350183180544,,recurring,30
0.18268541931353838,0.10306693037177406,synthetic_recurring,,,,0.03182430359896348,24.50557703471307,1.0,0.90889656055183,0.003301244335765823,0.020378101441798885,rolling_ridge,1000,,,0.08519754144247489,0.0591326675474167,11.914534353875062,,,5.009767799160274,0.0089186,recurring,30
0.18828893239705977,0.10395644949374963,synthetic_recurring,,,,0.029893009351237794,21.607532575882573,1.0,0.8727119560571189,0.0027822873261122167,0.017240594445225077,rls,1000,,,0.0822606145180541,0.06088598911555517,10.523675841237134,,,4.705744312742971,0.0033915,recurring,30
0.07083732052506025,0.05048488812285739,synthetic_recurring,2.3405866,,,0.01837501871250112,13.180356259351408,1.0,0.1936680230647173,0.0017957549896028243,0.013592256466917516,neural_gate,1000,,,0.0500787518181073,0.025536680936091898,7.768570318138722,,1,2.8925873198951577,,recurring,30
0.1711066604893159,0.13165012424938044,synthetic_recurring,6.5733284,,,0.05377672516289544,37.005266649926725,1.0,0.29384285413756334,-0.0007518759152115776,0.044816214324589654,boosted_meta,1000,,,0.1319017285281004,0.06861748809455288,18.826096415462786,,1,8.465508293923525,,recurring,30
